# SIAM excitation B=c_0up^dag|gs> (normalized), method=star
# L=1000 U=0.05 V=0.1 dt=0.1 tmax=500 max_bond_dim=1024 mps_cutoff=1e-08 activity_tol=1e-08
# E_gs=-317.383953805 gs_bond_dim=95 gs_wall_s=274.214153
# nrm=0.707106781786  G00(t) = -i nrm^2 exp(i E_gs t) A(t)
# t  n_active  bond_dim  renyi_half  slater_activity  n0up  n0dw  norm  wall_s  ReA  ImA
0 1000 95 1.01720259697 0 1 0.61917008414 1 0.056563 1 0
0.1 1000 25 1.01612869318 0 0.999966395554 0.619155764842 1 3.850292 0.950060436948 0.311943865483
0.2 1000 25 1.05994597575 0 0.999858943078 0.619126516936 1 3.265601 0.805243225646 0.592688138417
0.3 1000 25 1.05992421715 0 0.999675713834 0.61907762323 1 3.249361 0.580048521636 0.814159918351
0.4 1000 24 1.05983449798 0 0.999416678636 0.619009127393 1 3.248933 0.297024205626 0.954228019432
0.5 1000 24 1.05986164093 0 0.999082246831 0.618921178834 1 3.252081 -0.0154982611209 0.998920540813
0.6 1000 24 1.05990046455 0 0.998673119144 0.618813876124 1 3.251213 -0.326246376841 0.943822799051
0.7 1000 24 1.05995898348 0 0.998190238647 0.618687436397 1 3.262469 -0.604143133746 0.794515400439
0.8 1000 24 1.0600266352 0 0.997634708315 0.6185420086 1 3.266321 -0.821422409981 0.566009233779
0.9 1000 24 1.06010266811 0 0.997007743807 0.618377714925 1 3.273696 -0.956410410133 0.28123436701
1 1000 24 1.0601866241 0 0.996310820034 0.618194854124 1 3.276486 -0.995693928651 -0.0312648644767
1.1 1000 24 1.06027915851 0 0.995545556083 0.617993665838 1 3.286156 -0.935458071953 -0.340196395431
1.2 1000 24 1.06037783718 0 0.994713720231 0.617774463373 1 3.285923 -0.781859508022 -0.614660436945
1.3 1000 24 1.0604860195 0 0.993817213319 0.617537550791 1 3.282524 -0.550398853314 -0.827247295458
1.4 1000 24 1.06060212039 0 0.992858100628 0.617283284748 1 3.284879 -0.264355612748 -0.956781802308
1.5 1000 24 1.06072487179 0 0.991838546658 0.617011961907 1 3.289463 0.047555787758 -0.990439130942
1.6 1000 24 1.06085440787 0 0.990760845765 0.61672388172 1 3.294835 0.354072922086 -0.925019899717
1.7 1000 24 1.06099209141 0 0.989627479592 0.616419578209 1 3.290864 0.62452445031 -0.767257614817
1.8 1000 24 1.06113264719 0 0.988440900024 0.616099281419 1 3.29713 0.8319058267 -0.533128232062
1.9 1000 24 1.06128174627 0 0.987203704076 0.615763339939 1 3.292397 0.955582557045 -0.246233097347
2 1000 23 1.06128854667 0 0.985918617459 0.615412250728 1 3.285948 0.983349842135 0.0645816426707
2.1 1000 23 1.06144901298 0 0.984588346767 0.615046287914 1 3.287251 0.912642718912 0.368128735639
2.2 1000 23 1.06160408065 0 0.983215728426 0.614665963908 1 3.288604 0.750775893143 0.634013716716
2.3 1000 23 1.06176215782 0 0.981803668632 0.614271802256 1 3.288638 0.514191114165 0.835684232716
2.4 1000 22 1.06181704074 0 0.980355116369 0.613864272644 1 3.304474 0.226788650077 0.953087984961
2.5 1000 22 1.06200137419 0 0.978873253054 0.613443919497 1 3.28642 -0.0824872832675 0.974672911319
2.6 1000 22 1.06219446248 0 0.977360781514 0.61301109089 1 3.286281 -0.382565878636 0.89852916738
2.7 1000 22 1.06239332314 0 0.975820735988 0.612566246777 1 3.294874 -0.643374515944 0.732560314386
2.8 1000 22 1.06259803422 0 0.974256098861 0.612109814929 1 3.286763 -0.838857439831 0.49366756158
2.9 1000 22 1.06280853879 0 0.972669738449 0.611642192933 1 3.312053 -0.949584341357 0.206031272773
3 1000 22 1.06302437768 0 0.971064455296 0.611163727697 1 3.359888 -0.964687314595 -0.101335762708
3.1 1000 22 1.06324583659 0 0.969443066316 0.610674878634 1 3.310389 -0.882932765759 -0.397515497378
3.2 1000 22 1.06347120549 0 0.967808163463 0.610175824728 1 3.309087 -0.71282173864 -0.652797538154
3.3 1000 22 1.06370194 0 0.966162531512 0.60966713647 1 3.326641 -0.471711711746 -0.84166262261
3.4 1000 22 1.06393711633 0 0.964508704646 0.609149087044 1 3.284282 -0.184048171119 -0.945338849641
3.5 1000 21 0.956045639297 0 0.962849223351 0.608622002098 1 3.281253 0.121111829791 -0.953672072934
3.6 1000 21 0.95627138614 0 0.961186570958 0.608086314959 1 3.280722 0.413034651694 -0.866125207533
3.7 1000 21 0.956502094377 0 0.959523424886 0.607542419408 1 3.274723 0.662407093482 -0.691806889406
3.8 1000 21 1.02111097452 0 0.957861915248 0.606990757322 1 3.274924 0.844282531554 -0.448528751096
3.9 1000 21 1.02137483745 0 0.9562043078 0.606431639571 1 3.268863 0.940579766544 -0.160990226124
4 1000 21 1.02164272312 0 0.954552405502 0.605865151755 1 3.268533 0.941885390627 0.141728553688
4.1 1000 21 1.02191574386 0 0.952908165991 0.605291674232 1 3.269093 0.848377302694 0.429105421124
4.2 1000 21 1.02219406397 0 0.9512732903 0.604711520964 1 3.267171 0.66978053983 0.672255018373
4.3 1000 21 1.02247839559 0 0.949649455738 0.604124940754 1 3.265836 0.424360910151 0.846833999981
4.4 1000 21 1.0227679198 0 0.94803811367 0.603532175012 1 3.276295 0.137060525094 0.935480833104
4.5 1000 21 1.02306209026 0 0.946440641979 0.602933375314 1 3.2881 -0.163034612171 0.929545612574
4.6 1000 21 1.02336200588 0 0.944858198568 0.602328894724 1 3.283919 -0.445637347205 0.829937040303
4.7 1000 21 1.02364778216 0 0.943291943332 0.601718750786 1 3.271892 -0.682317282176 0.647003679869
4.8 1000 21 1.02395700638 0 0.941742797421 0.601103174648 1 3.291397 -0.849360679843 0.399463364857
4.9 1000 21 1.02427052955 0 0.940211622103 0.600482350721 1 3.309982 -0.930148874552 0.112491768257
5 1000 21 1.02458869371 0 0.938699067039 0.599856434818 1 3.271654 -0.916814079876 -0.184835627207
5.1 1000 21 1.0249109408 0 0.937205710406 0.599225545138 1 3.280609 -0.811007651167 -0.462487821867
5.2 1000 21 1.02523692069 0 0.935731936679 0.598589781397 1 3.287746 -0.623705912549 -0.692510992192
5.3 1000 21 1.02556580989 0 0.934278005497 0.597949282631 1 3.288379 -0.374075609927 -0.851843127116
5.4 1000 21 1.02589822595 0 0.932843745195 0.597304070099 1 3.295371 -0.0875155765935 -0.924627431246
5.5 1000 21 1.02623481492 0 0.931429738517 0.596654450188 1 3.319346 0.206923792184 -0.903791798879
5.6 1000 21 1.02657601763 0 0.930035685865 0.596000655427 1 3.300862 0.479484852121 -0.791738225399
5.7 1000 21 1.02691936261 0 0.928661759347 0.595342501645 1 3.321115 0.702710662974 -0.600072676065
5.8 1000 21 1.02726656359 0 0.927307646955 0.594680141343 1 3.387373 0.85420892171 -0.348405765536
5.9 1000 21 1.02761686878 0 0.925972870407 0.594013745037 1 3.370013 0.918899617747 -0.0623496661872
6 1000 21 1.02797567442 0 0.924655693333 0.593344237394 1 3.380963 0.890516256049 0.229084185527
6.1 1000 21 1.02833676754 0 0.923356998775 0.592670784634 1 3.378597 0.772218547754 0.496432327204
6.2 1000 21 1.02870538928 0 0.922074708962 0.591994459479 1 3.38346 0.576239252073 0.712748627819
6.3 1000 21 1.02907570345 0 0.92080995924 0.591314331157 1 3.405047 0.322625742972 0.856330446801
6.4 1000 21 1.0294490179 0 0.919561695423 0.590630843822 1 3.395676 0.0371896209496 0.912886456582
6.5 1000 21 1.02982512401 0 0.918329304951 0.589944083672 1 3.437949 -0.251117762858 0.876965012508
6.6 1000 21 1.03020453141 0 0.917112217549 0.589254364272 1 3.431177 -0.513140526259 0.752478496542
6.7 1000 21 1.03058709634 0 0.915909488207 0.588561654652 1 3.426621 -0.722465653963 0.552280847228
6.8 1000 21 1.03097236111 0 0.914720523738 0.587865514312 1 3.419333 -0.85808621401 0.296842927404
6.9 1000 21 1.03135966884 0 0.913544966626 0.587166131746 1 3.408497 -0.906509435062 0.0121605115285
7 1000 21 1.03175157075 0 0.912381071808 0.586464229131 1 3.423966 -0.863097477686 -0.272888606188
7.1 1000 21 1.03214616073 0 0.911228736022 0.585759689074 1 3.401814 -0.732515421383 -0.529474846941
7.2 1000 21 1.03254377905 0 0.910086778151 0.585052801349 1 3.416051 -0.528229420238 -0.731730427044
7.3 1000 21 1.03294436183 0 0.908954497746 0.584343685823 1 3.472597 -0.271121517344 -0.859358485648
7.4 1000 21 1.03334744684 0 0.90783113137 0.583632330753 1 3.44184 0.012644169195 -0.899669649909
7.5 1000 21 1.03375296694 0 0.906715739995 0.582919080558 1 3.417749 0.294282737612 -0.848843836582
7.6 1000 21 1.03416040803 0 0.905608028751 0.582203629201 1 3.410898 0.545308658344 -0.712292305247
7.7 1000 21 1.03456977086 0 0.904507115851 0.581486288244 1 3.416087 0.740415572951 -0.504082629966
7.8 1000 21 1.03498088819 0 0.903412424403 0.580767083103 1 3.402834 0.860028361093 -0.245491736009
7.9 1000 21 1.03539350333 0 0.902323490757 0.580045989441 1 3.433125 0.892267265769 0.0371677886988
8 1000 21 1.03580750557 0 0.901239796519 0.579323042914 1 3.434485 0.834127701455 0.315224471855
8.1 1000 21 1.0362226435 0 0.900160931877 0.578598341727 1 3.454911 0.691759148671 0.560555895798
8.2 1000 21 1.03663878559 0 0.899086541323 0.577871791743 1 3.465511 0.479816550925 0.748433094877
8.3 1000 21 1.03705580092 0 0.898016305392 0.577143482955 1 3.491486 0.21995295971 0.860013191918
8.4 1000 21 1.0374736281 0 0.89694990354 0.576413410057 1 3.366031 -0.0613919310069 0.884229614511
8.5 1000 21 1.03789210701 0 0.895887125738 0.575681574665 1 3.368542 -0.335681350898 0.818889843651
8.6 1000 21 1.03831090224 0 0.894827839635 0.574947920784 1 3.349152 -0.5751761777 0.670871800918
8.7 1000 21 1.03873010373 0 0.893771949296 0.574212453763 1 3.361663 -0.75573962607 0.455401509185
8.8 1000 21 1.03914957753 0 0.892719529183 0.573475316966 1 3.350062 -0.859270467244 0.194488028473
8.9 1000 21 1.03956953161 0 0.891667244093 0.572736371963 1 3.340012 -0.875551227849 -0.0853457326826
9 1000 21 1.03998948236 0 0.89061073386 0.571995524522 1 3.339219 -0.803157790165 -0.355726175682
9.1 1000 21 1.04040906259 0 0.889547867989 0.571253029509 1 3.33271 -0.649661370952 -0.589301033922
9.2 1000 21 1.04082907581 0 0.888477523879 0.570509047356 1 3.314436 -0.430838990251 -0.762526160608
9.3 1000 21 1.04124859639 0 0.887399787184 0.569763649213 1 3.320741 -0.169037487382 -0.858037059096
9.4 1000 21 1.04166786913 0 0.886314319208 0.56901680895 1 3.317099 0.109107745981 -0.866388356212
9.5 1000 21 1.04208700234 0 0.885221072819 0.568268589281 1 3.306543 0.375382747574 -0.786988909848
9.6 1000 21 1.042505622 0 0.88412036338 0.567518912516 1 3.301045 0.602857351751 -0.628136167651
9.7 1000 21 1.04292337788 0 0.883012323418 0.566767897767 1 3.302061 0.768608670398 -0.406150701055
9.8 1000 21 1.04334014725 0 0.881897111747 0.566015593994 1 3.313983 0.856031835574 -0.143700247916
9.9 1000 21 1.04375580401 0 0.880775069226 0.565262057418 1 3.29461 0.856504069763 0.132514656318
10 1000 21 1.04417062572 0 0.879646794494 0.564507459946 1 3.368093 0.770235198621 0.394476315667
10.1 1000 21 1.04458390218 0 0.878512504175 0.563751787815 1 3.373004 0.606222063189 0.615693959391
10.2 1000 21 1.0449954849 0 0.877372717028 0.562995111011 1 3.374226 0.381310330068 0.773881651407
10.3 1000 21 1.0454051841 0 0.876228002136 0.562237457733 1 3.380372 0.118465614427 0.853204546858
10.4 1000 21 1.04581284051 0 0.875079013068 0.561478908774 1 3.379233 -0.155571175605 0.845864611121
10.5 1000 21 1.04621826549 0 0.873926438956 0.560719479527 1 3.380182 -0.413004439761 0.75286746606
10.6 1000 21 1.04662126676 0 0.872771003305 0.559959224691 1 3.382703 -0.627803545959 0.583894805528
10.7 1000 21 1.04702098673 0 0.871613288259 0.559197986701 1 3.327246 -0.778336330658 0.356297576555
10.8 1000 21 1.04741762353 0 0.870454431728 0.558435873364 1 3.322452 -0.84954620144 0.093315589073
10.9 1000 21 1.04781122497 0 0.869295181859 0.557672999578 1 3.314044 -0.834460851157 -0.178295066936
11 1000 21 1.0482022064 0 0.868136362643 0.556909580146 1 3.329123 -0.734874580933 -0.430984277407
11.1 1000 21 1.04859010598 0 0.866978777973 0.556145679402 1 3.343681 -0.561140667085 -0.63920280138
11.2 1000 21 1.04897440995 0 0.865823317207 0.555381010635 1 3.327869 -0.331096418704 -0.781986438301
11.3 1000 21 1.04935520893 0 0.864670763261 0.554615786544 1 3.32521 -0.0682327234559 -0.845067078182
11.4 1000 21 1.04973246318 0 0.863521894905 0.553849997666 1 3.325394 0.2007042107 -0.822299688515
11.5 1000 21 1.05010628151 0 0.862377379463 0.553084062631 1 3.366612 0.448433790726 -0.716260743654
11.6 1000 21 1.05047628595 0 0.861238039241 0.552317859018 1 3.404933 0.649909628224 -0.537961602119
11.7 1000 21 1.05084239842 0 0.860104568727 0.551551229721 1 3.391898 0.784851632619 -0.305705854759
11.8 1000 21 1.0512046427 0 0.858977619053 0.550784331242 1 3.396275 0.839788355932 -0.0432118348497
11.9 1000 21 1.05156291497 0 0.857857933655 0.550016831061 1 3.336146 0.809402876618 0.222809225074
12 1000 21 1.05191752006 0 0.856745901628 0.549249541644 1 3.403786 0.697046706047 0.465370489236
12.1 1000 21 1.05226816447 0 0.855642193289 0.548481984113 1 3.391571 0.514374749826 0.659948395169
12.2 1000 21 1.0526149481 0 0.854547304922 0.547714360969 1 3.398169 0.280137260727 0.786961924859
12.3 1000 21 1.05295781185 0 0.853461692693 0.546946701151 1 3.403872 0.0182566631176 0.833744093554
12.4 1000 21 1.05329698997 0 0.852385770751 0.546178931343 1 3.420216 -0.244615054148 0.795805972063
12.5 1000 21 1.05363110131 0 0.851319885872 0.54541104392 1 3.403238 -0.481808395042 0.677267125513
12.6 1000 21 1.05396312375 0 0.850264295789 0.544642876873 1 3.374936 -0.669342348666 0.490411477616
12.7 1000 21 1.05429170246 0 0.849219064797 0.543874865457 1 3.409602 -0.788348826272 0.254416082802
12.8 1000 21 1.05461738099 0 0.848184107318 0.543106879896 1 3.387313 -0.826972249305 -0.00661544741719
12.9 1000 21 1.05493957126 0 0.847160183655 0.542338794986 1 3.38374 -0.781552084333 -0.266115327845
13 1000 21 1.05525808037 0 0.846148055491 0.541570337672 1 3.373862 -0.656967204112 -0.497755116857
13.1 1000 21 1.05557372218 0 0.845146470122 0.540802296641 1 3.375171 -0.466114285872 -0.678113061318
13.2 1000 21 1.05588690289 0 0.844154710785 0.540034734229 1 3.367945 -0.22857777785 -0.789046242124
13.3 1000 21 1.05619818835 0 0.843172970275 0.539267940696 1 3.376911 0.0313801586858 -0.819517158057
13.4 1000 21 1.05650634485 0 0.84220139409 0.538501951671 1 3.380244 0.287297942589 -0.766690940164
13.5 1000 21 1.05681260694 0 0.841239761937 0.537736546963 1 3.433834 0.513206826719 -0.636197349422
13.6 1000 21 1.05711597355 0 0.840288018433 0.536971923446 1 3.351744 0.686266278985 -0.44153401064
13.7 1000 21 1.05741799383 0 0.839345554294 0.53620796016 1 3.441205 0.789072387705 -0.202671664142
13.8 1000 21 1.05771923567 0 0.83841215406 0.535444525137 1 3.44227 0.811409816868 0.0559932663175
13.9 1000 21 1.0580197387 0 0.837487487213 0.534681932549 1 3.430426 0.751266135029 0.30812914903
14 1000 21 1.05831885853 0 0.836571190499 0.533920569138 1 3.419639 0.61501179243 0.528149491563
14.1 1000 21 1.05861828596 0 0.835662864567 0.533159970732 1 3.41355 0.416726996355 0.693809085258
14.2 1000 21 1.05891750269 0 0.834762084987 0.532400367013 1 3.394126 0.176748849523 0.788452839986
14.3 1000 21 1.05921543092 0 0.833868475598 0.531642159696 1 3.380825 -0.0804134834884 0.802690621026
14.4 1000 21 1.05951478434 0 0.832981514765 0.530884947976 1 3.374616 -0.32858130868 0.735328770878
14.5 1000 21 1.05981274366 0 0.832101705041 0.530129032304 1 3.352414 -0.542570930446 0.593467489109
14.6 1000 21 1.06011231086 0 0.831226753424 0.529374760009 1 3.36356 -0.700745152867 0.391751897634
14.7 1000 21 1.0604133229 0 0.830356489382 0.528622190082 1 3.375243 -0.787206233519 0.150865796271
14.8 1000 21 1.06071530682 0 0.829491588411 0.527871148504 1 3.369524 -0.793392986982 -0.104591580853
14.9 1000 21 1.06101806785 0 0.828632243686 0.527121606414 1 3.357086 -0.718925800861 -0.34861672446
15 1000 21 1.06132234442 0 0.82777712471 0.526373920834 1 3.354374 -0.571619890416 -0.55644517791
15.1 1000 21 1.06162791925 0 0.826926920219 0.525627597019 1 3.334561 -0.366669985075 -0.707068097713
15.2 1000 21 1.06193563646 0 0.826080874638 0.524882761237 1 3.336459 -0.125081578607 -0.785351256874
15.3 1000 21 1.06224568021 0 0.825238280781 0.524139260284 1 3.331405 0.128478934873 -0.783557672881
15.4 1000 21 1.06255855225 0 0.824398428862 0.523397420566 1 3.325975 0.368201501792 -0.702111819495
15.5 1000 21 1.06287428217 0 0.823561371722 0.522657331872 1 3.347316 0.56975993505 -0.549533816484
15.6 1000 21 1.06319260597 0 0.822726912372 0.521918791 1 3.34292 0.71277996545 -0.341548352364
15.7 1000 21 1.06351409326 0 0.821894827504 0.521182228599 1 3.321118 0.782898285955 -0.0994653615753
15.8 1000 21 1.06383920728 0 0.821064885474 0.520447286549 1 3.334426 0.773205021995 0.152002575444
15.9 1000 21 1.06416805324 0 0.82023673581 0.519714389635 1 3.334397 0.684924010078 0.387262005492
16 1000 21 1.06450100284 0 0.819410105926 0.518983342632 1 3.340681 0.527264749448 0.582443100584
16.1 1000 21 1.06483790332 0 0.818584590544 0.518254448441 1 3.348782 0.316462743632 0.717820959587
16.2 1000 21 1.06517904897 0 0.817759787717 0.517527511784 1 3.351331 0.0741083352256 0.779808983848
16.3 1000 21 1.06552451222 0 0.816935189066 0.51680258373 1 3.333603 -0.175064157344 0.76232229918
16.4 1000 21 1.06587449012 0 0.816110084528 0.516079756689 1 3.34764 -0.405695012769 0.66737291652
16.5 1000 21 1.06622972617 0 0.815284159998 0.515358668674 1 3.35555 -0.594393145802 0.504846997742
16.6 1000 21 1.06658966998 0 0.814457124481 0.51463935318 1 3.426246 -0.722096883469 0.2914694638
16.7 1000 21 1.0669541702 0 0.813628799935 0.513922291768 1 3.522023 -0.776001816611 0.0490861811991
16.8 1000 21 1.06732395025 0 0.812799078711 0.513206795652 1 3.479709 -0.750844910391 -0.197572225567
16.9 1000 21 1.06769844377 0 0.811967848898 0.512493513787 1 3.357937 -0.649417355101 -0.423412954764
17 1000 21 1.06807820656 0 0.811135116402 0.511782189203 1 3.362949 -0.482257475275 -0.605533776633
17.1 1000 21 1.06846269944 0 0.810300775959 0.511072894591 1 3.359123 -0.266556578624 -0.725545328133
17.2 1000 21 1.06885259763 0 0.80946453126 0.510365531707 1 3.366509 -0.0243913181487 -0.771427872
17.3 1000 21 1.06924767418 0 0.808626590166 0.509659981575 1 3.365003 0.219535635413 -0.738735124832
17.4 1000 21 1.06964794783 0 0.80778706974 0.508956338788 1 3.370472 0.440415155729 -0.631023996181
17.5 1000 21 1.07005365101 0 0.806945823743 0.508254407867 1 3.372804 0.615854801085 -0.459469622225
17.6 1000 21 1.07046466087 0 0.806103411825 0.507554350647 1 3.37522 0.728149095177 -0.24170655909
17.7 1000 21 1.07088103428 0 0.805260188798 0.506855896895 1 3.374238 0.766066434061 -1.65099484551e-05
17.8 1000 21 1.07130265992 0 0.804416411175 0.506159043214 1 3.372392 0.725972133972 0.240951366308
17.9 1000 21 1.07172935274 0 0.803572462871 0.505463993812 1 3.371355 0.612175994773 0.456694056767
18 1000 21 1.07216145209 0 0.802728625586 0.504770456125 1 3.37349 0.436470656552 0.625346704895
18.1 1000 21 1.0725989754 0 0.801885281099 0.504078526529 1 3.360924 0.216910237826 0.729898432338
18.2 1000 21 1.07304181172 0 0.801042818558 0.50338820976 1 3.368496 -0.0240445115516 0.759908328267
18.3 1000 21 1.07348986954 0 0.800201587161 0.502699428126 1 3.371669 -0.261823550134 0.712547978859
18.4 1000 21 1.07394309794 0 0.799361997932 0.502012336653 1 3.368225 -0.472252973221 0.592866880237
18.5 1000 21 1.07440132821 0 0.798524442334 0.501326874678 1 3.368324 -0.634012783726 0.413255479528
18.6 1000 21 1.07486429612 0 0.797689314355 0.500643109729 1 3.373184 -0.730797138474 0.192163204235
18.7 1000 21 1.07533239438 0 0.796856996141 0.499960964279 1 3.379572 -0.752958331664 -0.0477963699095
18.8 1000 21 1.0758051357 0 0.79602786118 0.499280557905 1 3.37541 -0.698468317852 -0.282158048664
18.9 1000 21 1.07628238278 0 0.795202278793 0.498601933932 1 3.376353 -0.573102589938 -0.487099524539
19 1000 21 1.07676393785 0 0.79438061748 0.497925102891 1 3.376907 -0.389829439829 -0.641862943469
19.1 1000 21 1.07724969755 0 0.7935632395 0.497249991055 1 3.379822 -0.167469209402 -0.730857644675
19.2 1000 21 1.07774008945 0 0.792750040326 0.496576736114 1 3.339938 0.0712373364226 -0.745230401721
19.3 1000 21 1.0782344231 0 0.791941978775 0.49590523215 1 3.339852 0.301956353622 -0.683748477503
19.4 1000 21 1.07873263248 0 0.791138926418 0.4952390498 1 3.327523 0.50124111765 -0.55289880504
19.5 1000 21 1.07923327609 0 0.790341653886 0.494573048334 1 3.333942 0.648910291619 -0.366206465478
19.6 1000 21 1.07973632678 0 0.789550532373 0.493907018669 1 3.31798 0.730098013863 -0.142838549655
19.7 1000 21 1.08024223724 0 0.788765271884 0.493242072169 1 3.323597 0.736747920056 0.0943639543277
19.8 1000 21 1.08075109651 0 0.78798635741 0.492578671633 1 3.318138 0.668413896652 0.321222521624
19.9 1000 21 1.08126262405 0 0.787214037235 0.491916698617 1 3.313104 0.53228095075 0.514684466262
20 1000 21 1.08177680966 0 0.786448408373 0.491256122426 1 3.313382 0.342411794466 0.655166063348
20.1 1000 21 1.08229352784 0 0.785689547982 0.490597065929 1 3.319256 0.118294923962 0.728535141581
20.2 1000 21 1.08281259026 0 0.784937562988 0.489939526843 1 3.306487 -0.117155128815 0.727532942497
20.3 1000 21 1.08333392679 0 0.784192586356 0.489283529522 1 3.30377 -0.339940525212 0.652492268236
20.4 1000 21 1.08385733209 0 0.783454617525 0.488629145344 1 3.300999 -0.527425952344 0.511280579418
20.5 1000 21 1.08438279635 0 0.782723549402 0.487976294648 1 3.323975 -0.660638198776 0.318476420813
20.6 1000 21 1.08491022153 0 0.781999526968 0.487325117474 1 3.326617 -0.726187063826 0.093865421059
20.7 1000 21 1.08543916437 0 0.781282732323 0.486675542072 1 3.321493 -0.71761144056 -0.139590183247
20.8 1000 21 1.08596931406 0 0.78057333664 0.486027480905 1 3.303366 -0.636015406751 -0.358098634844
20.9 1000 21 1.08650061313 0 0.779870681599 0.485381139896 1 3.38747 -0.489932606701 -0.539462194504
21 1000 21 1.08703396913 0 0.779174938908 0.484736544457 1 3.385684 -0.29443606898 -0.665333742232
21.1 1000 21 1.08756694704 0 0.778486039341 0.484093529344 1 3.377204 -0.0695829569532 -0.72307198028
21.2 1000 21 1.08810133053 0 0.77780381653 0.483452385577 1 3.397828 0.161642529456 -0.707011271486
21.3 1000 21 1.08863673631 0 0.777128130422 0.482812756688 1 3.388903 0.375678257229 -0.619017484326
21.4 1000 21 1.08917310959 0 0.776458867087 0.482175272865 1 3.384933 0.550784956079 -0.468274961111
21.5 1000 21 1.08970948319 0 0.775795819844 0.481539451764 1 3.381652 0.669254568824 -0.270329097461
21.6 1000 21 1.09024787169 0 0.775138793377 0.480905449653 1 3.388606 0.719200919671 -0.0454837665856
21.7 1000 21 1.09078521869 0 0.77448763159 0.480273385794 1 3.377624 0.69575239829 0.183280584106
21.8 1000 21 1.09132329329 0 0.77384208761 0.479642987773 1 3.372744 0.601526725043 0.392655565366
21.9 1000 21 1.09186084725 0 0.773202090713 0.479013880558 1 3.41601 0.446341419826 0.561379438277
22 1000 21 1.09239877491 0 0.772567121489 0.478387014095 1 3.421349 0.246191819032 0.672396435562
22.1 1000 21 1.09293735482 0 0.771937086097 0.477762274417 1 3.413122 0.0216034216074 0.71458071583
22.2 1000 21 1.09347221376 0 0.77131176872 0.477140387005 1 3.412914 -0.204472923358 0.683851760507
22.3 1000 21 1.09400802695 0 0.770691070219 0.476518601906 1 3.418685 -0.409005740472 0.583567707182
22.4 1000 21 1.09454572861 0 0.770074640495 0.475898554212 1 3.405401 -0.571229379806 0.424161757805
22.5 1000 21 1.0950828725 0 0.76946214996 0.47528045929 1 3.410949 -0.674752531426 0.222056747053
22.6 1000 21 1.09561795863 0 0.768853422117 0.474664783151 1 3.408992 -0.709214135772 -0.00202604245164
22.7 1000 21 1.09615388008 0 0.768248231954 0.474051734416 1 3.401572 -0.671320463613 -0.225190433515
22.8 1000 21 1.09668818837 0 0.767645681679 0.47344067257 1 3.40508 -0.565156777006 -0.424710987839
22.9 1000 21 1.09722294257 0 0.767045272425 0.472831088414 1 3.394201 -0.401751390151 -0.58032930682
23 1000 21 1.09775663683 0 0.766446444751 0.472223896488 1 3.397394 -0.197932151377 -0.676327981521
23.1 1000 21 1.09828858232 0 0.765848960666 0.471618450889 1 3.396466 0.0254080130467 -0.703112247216
23.2 1000 21 1.09882155795 0 0.765252295573 0.471014265492 1 3.387176 0.245451458304 -0.658169560934
23.3 1000 21 1.09935382382 0 0.764656199119 0.470411002019 1 3.389176 0.439786925217 -0.5463038818
23.4 1000 21 1.09988434987 0 0.764060059296 0.469810753944 1 3.390184 0.588692322315 -0.379123537531
23.5 1000 21 1.10041500607 0 0.763463838951 0.469211855582 1 3.389459 0.677135170235 -0.173837937792
23.6 1000 21 1.10094561113 0 0.762867093567 0.468615480419 1 3.358475 0.696291415208 0.0485132518499
23.7 1000 21 1.10147580563 0 0.762269540434 0.468021033277 1 3.349558 0.644425877208 0.265216329506
23.8 1000 21 1.10200555507 0 0.761670971106 0.467428591777 1 3.350103 0.527046712836 0.454203575822
23.9 1000 21 1.10253474946 0 0.761071194131 0.466837663032 1 3.351895 0.356321952481 0.596300348515
24 1000 21 1.10306339665 0 0.760469936391 0.466248831747 1 3.348604 0.149819097431 0.677170353349
24.1 1000 21 1.10359150525 0 0.759867074109 0.465661711773 1 3.350897 -0.0713018825374 0.688761895664
24.2 1000 21 1.10411904402 0 0.759262412092 0.46507646145 1 3.347425 -0.284456380989 0.630109880041
24.3 1000 21 1.10464634974 0 0.758655865833 0.464493262219 1 3.346774 -0.467941286543 0.507412221881
24.4 1000 21 1.10517325752 0 0.758047322879 0.4639121277 1 3.350944 -0.603145100898 0.333376460366
24.5 1000 21 1.10569995744 0 0.757436720139 0.463332975196 1 3.348257 -0.676435367431 0.125904421786
24.6 1000 21 1.10622609236 0 0.756823993921 0.462755869821 1 3.342595 -0.680533780661 -0.093748923297
24.7 1000 21 1.1067519715 0 0.756209194623 0.462181006497 1 3.336671 -0.615237872297 -0.303151697599
24.8 1000 21 1.10727759669 0 0.755592412334 0.461608385781 1 3.342421 -0.487421112486 -0.480986352152
24.9 1000 21 1.10780284125 0 0.754973707729 0.461038002669 1 3.343389 -0.310310140401 -0.609219781264
25 1000 21 1.10832789626 0 0.754353207411 0.46047013796 1 3.343726 -0.102117081513 -0.674931246488
25.1 1000 21 1.10885242445 0 0.753731066852 0.459904426659 1 3.338146 0.115833011701 -0.671615261153
25.2 1000 21 1.10937633459 0 0.753107457884 0.459341248663 1 3.34062 0.321285632554 -0.599824593002
25.3 1000 21 1.10989830117 0 0.752482340213 0.458781037567 1 3.395409 0.493328441569 -0.467092905601
25.4 1000 21 1.11042015815 0 0.751856252934 0.458221850731 1 3.400412 0.614521160576 -0.287145165771
25.5 1000 21 1.11094278324 0 0.751229204489 0.457666708078 1 3.399297 0.672662238164 -0.078479476306
25.6 1000 21 1.1114651535 0 0.750601584088 0.457113985548 1 3.39231 0.662018035516 0.137534242458
25.7 1000 21 1.11198653684 0 0.749973651919 0.456563524754 1 3.396159 0.583887520694 0.33884199364
25.8 1000 21 1.11250760369 0 0.749345753019 0.456013628948 1 3.399921 0.446449000005 0.50495755914
25.9 1000 21 1.11302780416 0 0.748717864326 0.455467227821 1 3.428495 0.263904713809 0.619046694229
26 1000 21 1.11354832901 0 0.748090453257 0.454923120975 1 3.426525 0.0550139608432 0.669633601891
26.1 1000 21 1.11406785173 0 0.747463611606 0.45438201361 1 3.428528 -0.158833926627 0.651755030469
26.2 1000 21 1.11458772736 0 0.746837943764 0.453842980558 1 3.424165 -0.355809397294 0.567446036668
26.3 1000 21 1.11511023383 0 0.746213696228 0.453306981427 1 3.428327 -0.515870367394 0.425512730367
26.4 1000 21 1.1156307651 0 0.745591065463 0.452772289233 1 3.426506 -0.622802428358 0.240612668191
26.5 1000 21 1.11614940848 0 0.74497041435 0.452239235175 1 3.42691 -0.66585999012 0.0317418654118
26.6 1000 21 1.11666802923 0 0.744351880053 0.451709062727 1 3.418269 -0.640847249311 -0.17971584882
26.7 1000 21 1.11718522558 0 0.743735770155 0.451181753116 1 3.405896 -0.550525708395 -0.372177891983
26.8 1000 21 1.11770204531 0 0.743122377734 0.450656857471 1 3.407284 -0.404311996373 -0.526065670117
26.9 1000 21 1.11821942268 0 0.742512005771 0.450134201189 1 3.405686 -0.217296686402 -0.625795361289
27 1000 21 1.11873602265 0 0.741904990471 0.449613940862 1 3.41439 -0.00868799588394 -0.661356992196
27.1 1000 21 1.11925324386 0 0.741301646907 0.449096398091 1 3.430126 0.200160706707 -0.629318231096
27.2 1000 21 1.11976782076 0 0.740702121032 0.448580214223 1 3.428015 0.387936623362 -0.533155576486
27.3 1000 21 1.1202814428 0 0.740106720464 0.448065985384 1 3.425033 0.535541315296 -0.382878310162
27.4 1000 21 1.12079744859 0 0.739515789923 0.447554212965 1 3.412022 0.628033638694 -0.193987977075
27.5 1000 21 1.12131035808 0 0.738929229895 0.447044625346 1 3.401868 0.656142153388 0.0141201404592
27.6 1000 21 1.12182388278 0 0.738347655806 0.446536100419 1 3.406354 0.617193617796 0.220147657226
27.7 1000 21 1.12233591274 0 0.737770927636 0.446029882153 1 3.411888 0.515367207138 0.403072961916
27.8 1000 21 1.12284760779 0 0.737199087722 0.445526717993 1 3.442498 0.361246602787 0.544295281858
27.9 1000 21 1.12335953869 0 0.736632662501 0.445025330771 1 3.521321 0.17072146933 0.629525797975
28 1000 21 1.12386811237 0 0.73607132935 0.444526388612 1 3.40483 -0.0366506312943 0.650234408208
28.1 1000 21 1.12437708032 0 0.735515535275 0.444028767717 1 3.392005 -0.239650942889 0.604501511498
28.2 1000 21 1.124883233 0 0.734965031872 0.443533705656 1 3.399989 -0.417570404275 0.497195620835
28.3 1000 21 1.12539140171 0 0.734420276367 0.443040760969 1 3.426202 -0.552321602316 0.339455586616
28.4 1000 21 1.12589867815 0 0.733881054944 0.442550037236 1 3.410927 -0.630277953686 0.147536096127
28.5 1000 21 1.12640385236 0 0.733347349813 0.442060290707 1 3.433427 -0.64365122854 -0.0588683033578
28.6 1000 21 1.12690587891 0 0.732819047581 0.44157279889 1 3.424408 -0.591269031307 -0.258641996989
28.7 1000 21 1.12741046285 0 0.73229678921 0.441087059542 1 3.367851 -0.478675400438 -0.431409454123
28.8 1000 21 1.12791754256 0 0.731780488637 0.44060138613 1 3.364065 -0.317543913021 -0.559613115453
28.9 1000 21 1.12842096617 0 0.731269374933 0.440118898434 1 3.378235 -0.12447085497 -0.630294766458
29 1000 21 1.12892376534 0 0.730763634035 0.439638375586 1 3.39432 0.0807368973069 -0.636408759907
29.1 1000 21 1.12942406359 0 0.730262987711 0.439160144821 1 3.376372 0.277090739496 -0.577522140623
29.2 1000 21 1.12992221217 0 0.729767392551 0.438684103938 1 3.396343 0.444568737973 -0.459839951017
29.3 1000 21 1.13041855675 0 0.729276641856 0.438210298851 1 3.368366 0.566155763962 -0.295551689481
29.4 1000 21 1.13091340492 0 0.72879064211 0.43773852943 1 3.365351 0.62957263108 -0.101569845728
29.5 1000 21 1.13140684331 0 0.728309192005 0.4372688198 1 3.354341 0.628515284782 0.102211135451
29.6 1000 21 1.13189851739 0 0.727832093794 0.436801182461 1 3.348857 0.563281605101 0.294954525862
29.7 1000 21 1.13238852885 0 0.727359133727 0.436335584626 1 3.345042 0.440721319698 0.457011738871
29.8 1000 21 1.13287661899 0 0.726890032335 0.435872136912 1 3.347571 0.273517732717 0.571925072407
29.9 1000 21 1.13336272948 0 0.726424624299 0.435410642462 1 3.342503 0.0788754263634 0.62809917693
30 1000 21 1.13384686971 0 0.725962610066 0.434951144288 1 3.372862 -0.123249621472 0.619970158031
30.1 1000 21 1.13432990632 0 0.725503035645 0.434494048941 1 3.494865 -0.312195654798 0.548556098405
30.2 1000 21 1.13481051452 0 0.725046011801 0.434038912257 1 3.521741 -0.468706590906 0.421335544614
30.3 1000 21 1.13529027225 0 0.724591409753 0.43358603112 1 3.515121 -0.576895097405 0.251463375529
30.4 1000 21 1.13576607188 0 0.724138814608 0.433134554152 1 3.450767 -0.625854924356 0.056411714189
30.5 1000 21 1.13624065928 0 0.723687898055 0.432685461395 1 3.440793 -0.610759937177 -0.143827059221
30.6 1000 21 1.13671494452 0 0.723238593363 0.432237960044 1 3.447629 -0.533339396111 -0.328789237999
30.7 1000 21 1.13718837105 0 0.722790627029 0.431791750398 1 3.483858 -0.401682498413 -0.47963092958
30.8 1000 21 1.13765700679 0 0.722343186779 0.43134807832 1 3.558271 -0.229393930015 -0.581047851602
30.9 1000 21 1.13812790515 0 0.721896565292 0.430906639043 1 3.477406 -0.0341876594964 -0.62282807786
31 1000 21 1.13859569805 0 0.721450289761 0.430466632164 1 3.421578 0.163933250011 -0.600879839637
31.1 1000 21 1.13906215498 0 0.721004061736 0.430028398978 1 3.46509 0.34472640645 -0.517632203967
31.2 1000 21 1.13952252979 0 0.720557248805 0.429592510856 1 3.490341 0.489778878834 -0.381767879341
31.3 1000 21 1.13998103052 0 0.720109997112 0.429158114799 1 3.510524 0.584381616879 -0.20731765866
31.4 1000 21 1.14043788452 0 0.719662139377 0.428725597049 1 3.521168 0.619021167103 -0.0122124174045
31.5 1000 21 1.14089729013 0 0.719213837522 0.428295055741 1 3.528819 0.590336509732 0.183559892019
31.6 1000 21 1.14135413881 0 0.71876442831 0.427866615941 1 3.540722 0.501444878676 0.360001508806
31.7 1000 21 1.14180868375 0 0.718313949162 0.427439747551 1 3.526564 0.361603536213 0.499148398099
31.8 1000 21 1.142265698 0 0.717862494156 0.427014618324 1 3.496733 0.185246879032 0.586898241845
31.9 1000 21 1.14271673352 0 0.717409459754 0.426591912168 1 3.478894 -0.00950314858453 0.614440335092
32 1000 21 1.14316460575 0 0.716954727649 0.426171074793 1 3.473766 -0.2026989849 0.579140103031
32.1 1000 21 1.1436154241 0 0.716499017441 0.42575178441 1 3.466472 -0.37461070669 0.484789743671
32.2 1000 21 1.14406380829 0 0.716041749176 0.42533413825 1 3.462437 -0.507740766694 0.341203233717
32.3 1000 21 1.14451030318 0 0.715582993759 0.424918877502 1 3.460487 -0.588604575328 0.163194707011
32.4 1000 21 1.1449569299 0 0.715122937983 0.424505182506 1 3.46008 -0.609097022889 -0.0309483397269
32.5 1000 21 1.14540160774 0 0.714661329931 0.424093334979 1 3.455131 -0.567304947316 -0.221344180027
32.6 1000 21 1.14584593918 0 0.714198347472 0.42368419218 1 3.452226 -0.467683554217 -0.3885527019
32.7 1000 21 1.1462901056 0 0.713734224884 0.423276853185 1 3.468439 -0.320583531914 -0.515560154734
32.8 1000 21 1.14673100635 0 0.713269032726 0.422870672428 1 3.456433 -0.141175847958 -0.589510407158
32.9 1000 21 1.14716822097 0 0.712802593787 0.422466162787 1 3.472127 0.0521121341649 -0.60300650592
33 1000 21 1.14760962876 0 0.71233565993 0.422064002352 1 3.453073 0.239489680397 -0.554850208604
33.1 1000 21 1.14804878835 0 0.711867935467 0.421663300999 1 3.391506 0.401828365888 -0.450146920832
33.2 1000 21 1.14848836151 0 0.71139974946 0.421264681692 1 3.392272 0.522614761285 -0.299764706062
33.3 1000 21 1.148928395 0 0.710931643463 0.420866638422 1 3.348696 0.589630709594 -0.119207241407
33.4 1000 21 1.14936819374 0 0.710463594302 0.420469566429 1 3.348206 0.596188440353 0.072983717672
33.5 1000 21 1.1498070276 0 0.709996134793 0.42007189695 1 3.347397 0.541798549242 0.257132518698
33.6 1000 21 1.15024551701 0 0.709529100187 0.419675766237 1 3.347372 0.432202244373 0.414442688952
33.7 1000 21 1.1506844499 0 0.709062492038 0.419281850678 1 3.352363 0.278766297133 0.528916764299
33.8 1000 21 1.15112312357 0 0.708596836409 0.418889250725 1 3.344786 0.0973042754163 0.588983129101
33.9 1000 21 1.15156250766 0 0.708132230476 0.418498834204 1 3.352507 -0.0935521489456 0.588665183258
34 1000 21 1.15200171964 0 0.707669088622 0.418109562223 1 3.345425 -0.274266444415 0.528176118887
34.1 1000 21 1.15244174881 0 0.707207463451 0.41772237802 1 3.350723 -0.426396089195 0.413879178306
34.2 1000 21 1.15288265637 0 0.706747755892 0.417337140347 1 3.350444 -0.534475260893 0.257619193162
34.3 1000 21 1.1533238825 0 0.706290171084 0.416953507225 1 3.35333 -0.587586751834 0.0754955952832
34.4 1000 21 1.1537659873 0 0.705834917082 0.416571214209 1 3.346569 -0.580464698532 -0.113795485819
34.5 1000 21 1.15420946121 0 0.705382038973 0.416191346114 1 3.354545 -0.514016792425 -0.29087992878
34.6 1000 21 1.15465398581 0 0.704931736962 0.41581363623 1 3.346592 -0.395213363429 -0.437688788548
34.7 1000 21 1.15509991956 0 0.70448418656 0.415438375094 1 3.357237 -0.236357217735 -0.539301545619
34.8 1000 21 1.1555474932 0 0.704039456251 0.415065904268 1 3.358325 -0.0538102813007 -0.585462593996
34.9 1000 21 1.15599690786 0 0.703597705503 0.414696216606 1 3.357966 0.133691291582 -0.57161624947
35 1000 21 1.15645080385 0 0.703159245515 0.414328479419 1 3.490288 0.306959579882 -0.499355854614
35.1 1000 21 1.15690482651 0 0.702723845841 0.4139637958 1 3.517601 0.448317870828 -0.376243532261
35.2 1000 21 1.15735786907 0 0.702291558996 0.413603626252 1 3.496839 0.543404346375 -0.215019264064
35.3 1000 21 1.15781582523 0 0.701863019158 0.413244396584 1 3.483135 0.582630708667 -0.0322830546724
35.4 1000 21 1.15827418008 0 0.701437990505 0.412887649396 1 3.48018 0.562149160491 0.153213039702
35.5 1000 21 1.15873115294 0 0.701016429791 0.412533765915 1 3.485282 0.484229149606 0.322489086621
35.6 1000 21 1.15919332337 0 0.700598691154 0.412181644944 1 3.470906 0.357007896228 0.458278957703
35.7 1000 21 1.1596596057 0 0.700184686286 0.411830806534 1 3.445475 0.193641642774 0.546790999603
35.8 1000 21 1.16012616355 0 0.699774225123 0.411482494726 1 3.386993 0.0109457005721 0.579108951176
35.9 1000 21 1.1605925716 0 0.699367182933 0.411136793245 1 3.382038 -0.172335836018 0.552089748532
36 1000 21 1.16105962399 0 0.698963737881 0.410793599811 1 3.38384 -0.337452848529 0.4686686934
36.1 1000 21 1.16153182 0 0.69856390606 0.410452154669 1 3.388133 -0.467566592662 0.337541906168
36.2 1000 21 1.16200497723 0 0.69816734928 0.410113131795 1 3.391513 -0.549466890532 0.172260890778
36.3 1000 21 1.16248137858 0 0.697774178804 0.409775766558 1 3.387568 -0.574913278391 -0.0101679071067
36.4 1000 21 1.16296113148 0 0.697384208745 0.409440672185 1 3.391054 -0.541463665852 -0.191031868448
36.5 1000 21 1.16344123081 0 0.69699734727 0.40910785703 1 3.385759 -0.452707835097 -0.351831478193
36.6 1000 21 1.16392407606 0 0.696613485465 0.408777336289 1 3.3849 -0.317883569918 -0.476172068989
36.7 1000 21 1.16441016072 0 0.696232482974 0.408448295929 1 3.38694 -0.150915751404 -0.551435076358
36.8 1000 21 1.16489711957 0 0.695854056039 0.408121567044 1 3.382376 0.0310213947376 -0.570058353605
36.9 1000 21 1.16538376929 0 0.695478035161 0.407797025508 1 3.384675 0.209270230726 -0.530295828835
37 1000 21 1.16587429899 0 0.695104472523 0.407474255404 1 3.454884 0.365602645423 -0.436379865862
37.1 1000 21 1.16636639077 0 0.694732977708 0.407154285745 1 3.50449 0.484083452392 -0.298071766079
37.2 1000 21 1.16685996258 0 0.694363437184 0.406836309417 1 3.437757 0.552694967667 -0.129647707045
37.3 1000 21 1.16735497241 0 0.693995735768 0.406520189171 1 3.398778 0.564555317468 0.0515743806457
37.4 1000 21 1.16785183507 0 0.693629614065 0.406206701534 1 3.40666 0.518608359717 0.227014867988
37.5 1000 21 1.16834835777 0 0.693264774262 0.405895062565 1 3.400714 0.419715905841 0.378737235676
37.6 1000 21 1.16884605275 0 0.692901273975 0.405585538376 1 3.406073 0.27814390255 0.491281193966
37.7 1000 21 1.16934620515 0 0.692538918935 0.405277805983 1 3.41542 0.108497239509 0.553237929814
37.8 1000 21 1.16984964725 0 0.692177654119 0.404971488574 1 3.395951 -0.0717864158562 0.558406350696
37.9 1000 21 1.17035205049 0 0.691816799237 0.40466766497 1 3.374083 -0.244228887825 0.506413391906
38 1000 21 1.17085737291 0 0.69145674987 0.40436598899 1 3.385664 -0.391204689925 0.402736346761
38.1 1000 21 1.17136390579 0 0.691097331099 0.404066219127 1 3.378382 -0.497742625706 0.258126377167
38.2 1000 21 1.17187067014 0 0.690738362742 0.403768135712 1 3.376915 -0.553050344544 0.0874940900168
38.3 1000 21 1.17238155874 0 0.690379823853 0.403472112131 1 3.382324 -0.551607313035 -0.0916274770265
38.4 1000 21 1.17289095903 0 0.690021324127 0.403177926131 1 3.374575 -0.493715805778 -0.260884389791
38.5 1000 21 1.17340178255 0 0.68966307126 0.402885544622 1 3.382323 -0.385453665792 -0.402981691541
38.6 1000 21 1.17391562852 0 0.689304910783 0.402595208138 1 3.384196 -0.2380372241 -0.503450926316
38.7 1000 21 1.17442853467 0 0.68894691646 0.402306717455 1 3.369622 -0.0666592390426 -0.552122937808
38.8 1000 21 1.17494357284 0 0.688589286669 0.402018909249 1 3.346807 0.11107667157 -0.544156758878
38.9 1000 21 1.17545945202 0 0.688231833139 0.401732668089 1 3.365283 0.276962989458 -0.480520732057
39 1000 21 1.17597538997 0 0.687874498836 0.401448521433 1 3.360052 0.414054276539 -0.367878154135
39.1 1000 21 1.17649149725 0 0.687517330945 0.401166431267 1 3.362223 0.508397837832 -0.217889804165
39.2 1000 21 1.17700785728 0 0.68716045899 0.400886108368 1 3.355601 0.550453553158 -0.0460070813997
39.3 1000 21 1.17752484765 0 0.686803982234 0.400607130895 1 3.370354 0.536058228105 0.130119483589
39.4 1000 21 1.17804159746 0 0.686447867495 0.400330160871 1 3.370956 0.466837452273 0.29245220024
39.5 1000 21 1.17855792095 0 0.686092260959 0.400055247811 1 3.364805 0.350023692088 0.424413813502
39.6 1000 21 1.17907432 0 0.68573741108 0.399781857427 1 3.367372 0.197700926342 0.512580098846
39.7 1000 21 1.17959008624 0 0.685383350427 0.399510463385 1 3.365937 0.0255552006202 0.548045072197
39.8 1000 21 1.18010540429 0 0.685030251645 0.399240858543 1 3.36282 -0.148740753043 0.527320778818
39.9 1000 21 1.18061995407 0 0.684678244822 0.398973296696 1 3.42973 -0.30734140376 0.452679696357
40 1000 21 1.18113463117 0 0.684327254127 0.398707223004 1 3.45999 -0.434055656269 0.331906873241
40.1 1000 21 1.18164894567 0 0.683978123369 0.398443698139 1 3.461789 -0.515999280932 0.177487906891
40.2 1000 21 1.18216182458 0 0.683630487191 0.398181079773 1 3.478277 -0.544905457896 0.00531928280748
40.3 1000 21 1.18267390819 0 0.683284706357 0.397920695767 1 3.456306 -0.517957781252 -0.166928503731
40.4 1000 21 1.18318245598 0 0.682941596786 0.397661877712 1 3.444913 -0.438064586917 -0.321624097895
40.5 1000 21 1.18369168697 0 0.682600429971 0.39740460803 1 3.436053 -0.313546259768 -0.442979610876
40.6 1000 21 1.1841972883 0 0.68226225513 0.397149016051 1 3.400541 -0.157268399236 -0.518662268309
40.7 1000 21 1.1847032803 0 0.681926533681 0.396895003124 1 3.441577 0.0146861715193 -0.541047329657
40.8 1000 21 1.1852072696 0 0.681593790529 0.396642467858 1 3.431683 0.184673011001 -0.507986430193
40.9 1000 21 1.18570865482 0 0.681264226057 0.396391030697 1 3.486961 0.335296389584 -0.423012600625
41 1000 21 1.18621216124 0 0.680937500767 0.3961422303 1 3.498603 0.45118854116 -0.294963738742
41.1 1000 21 1.18671224757 0 0.680614349206 0.395894292137 1 3.495964 0.520578764527 -0.137063690981
41.2 1000 21 1.18720944183 0 0.680294972694 0.395648492948 1 3.453689 0.536487454126 0.0344429222284
41.3 1000 21 1.18770680575 0 0.679979036114 0.39540482296 1 3.443913 0.497429034845 0.201961302276
41.4 1000 21 1.18819928119 0 0.679667384481 0.395162543819 1 3.452834 0.40754925645 0.348352339454
41.5 1000 21 1.18868857773 0 0.679359920616 0.394921179328 1 3.450864 0.276185632025 0.458684869421
41.6 1000 21 1.18917539353 0 0.679056513306 0.394680563111 1 3.423913 0.116898035971 0.52175921803
41.7 1000 21 1.18966722735 0 0.67875658238 0.394442991862 1 3.395225 -0.0539303900557 0.531243583408
41.8 1000 21 1.19015514844 0 0.67846098574 0.394207422714 1 3.378886 -0.218779027801 0.486309560309
41.9 1000 21 1.19063591506 0 0.67817017641 0.393971168121 1 3.379237 -0.360785788293 0.391702903079
42 1000 21 1.19111726375 0 0.677883331292 0.393737915889 1 3.444534 -0.465470828542 0.257242125139
42.1 1000 21 1.19159706073 0 0.677600741001 0.393507237539 1 3.436318 -0.522214660461 0.0968007856567
42.2 1000 21 1.19207458913 0 0.677322396232 0.393278084191 1 3.450251 -0.525334424164 -0.073124263352
42.3 1000 21 1.19255172783 0 0.677048289712 0.393050404882 1 3.431585 -0.474653107118 -0.235108361623
42.4 1000 21 1.19302095087 0 0.676778713984 0.392823504644 1 3.441308 -0.375502267512 -0.372586424291
42.5 1000 21 1.1934885854 0 0.676513489932 0.392597060017 1 3.421904 -0.238163246602 -0.471545578271
42.6 1000 21 1.19395319011 0 0.676252274807 0.392372930345 1 3.403448 -0.0768001663242 -0.521954130622
42.7 1000 21 1.19441434301 0 0.675995191755 0.39214912867 1 3.406672 0.0919999285835 -0.518778424136
42.8 1000 21 1.19487641978 0 0.67574143891 0.391930097856 1 3.406935 0.250931231662 -0.462484250679
42.9 1000 21 1.19533528434 0 0.675491756212 0.391710679438 1 3.407462 0.3837449837 -0.358977147964
43 1000 21 1.19578934154 0 0.675245865045 0.391491705158 1 3.408711 0.476908815076 -0.21898047438
43.1 1000 21 1.19624041299 0 0.675003133955 0.391276279655 1 3.403215 0.520985576403 -0.0569267088838
43.2 1000 21 1.19669192845 0 0.674763674498 0.391061142668 1 3.404321 0.51159089873 0.110529865946
43.3 1000 21 1.19714074444 0 0.674527774005 0.390845010637 1 3.413243 0.449827579797 0.266226521293
43.4 1000 21 1.19758445604 0 0.674294748921 0.390629389141 1 3.411621 0.342156750246 0.394249069757
43.5 1000 21 1.19802788853 0 0.674063547974 0.390420569701 1 3.450247 0.199724948351 0.481557214335
43.6 1000 21 1.19846978256 0 0.673834927902 0.3902124183 1 3.414544 0.0372111986567 0.519316670464
43.7 1000 21 1.19890753894 0 0.673608796305 0.390002429415 1 3.431495 -0.128688599264 0.503789758523
43.8 1000 21 1.1993444207 0 0.673384115446 0.389797408834 1 3.405565 -0.280974381894 0.436704445579
43.9 1000 21 1.19977859379 0 0.673161139505 0.38959383122 1 3.410804 -0.404084737132 0.325066319382
44 1000 21 1.20021033787 0 0.672940177995 0.389388867517 1 3.401082 -0.485486793148 0.180424529005
44.1 1000 21 1.2006406662 0 0.672720358552 0.389185432392 1 3.398839 -0.516950993703 0.0176797176345
44.2 1000 21 1.20106796256 0 0.672501834345 0.3889814604 1 3.374749 -0.495384202436 -0.14645276378
44.3 1000 21 1.20149356072 0 0.672283764492 0.388779488665 1 3.399604 -0.423133054233 -0.295157618011
44.4 1000 21 1.20191664278 0 0.672066180301 0.388578671938 1 3.371086 -0.307729071515 -0.413243990721
44.5 1000 21 1.20233811079 0 0.671848688159 0.388379867813 1 3.380265 -0.161104470799 -0.488695962851
44.6 1000 21 1.20275709803 0 0.671631362683 0.38818120989 1 3.365134 0.00164194643361 -0.513895556025
44.7 1000 21 1.2031742114 0 0.671413541403 0.38798484779 1 3.350371 0.163798166986 -0.486391610247
44.8 1000 21 1.20358958525 0 0.671195195734 0.38778982596 1 3.350688 0.308756489559 -0.409137622538
44.9 1000 21 1.20400305551 0 0.670976101782 0.387596399403 1 3.339339 0.421713325913 -0.290175232403
45 1000 21 1.20441499635 0 0.670756104174 0.387404295123 1 3.339573 0.491181114113 -0.141797560624
45.1 1000 21 1.20482562194 0 0.670534954857 0.387214064615 1 3.34306 0.510156465286 0.02072081972
45.2 1000 21 1.20523471241 0 0.670312453914 0.387025977782 1 3.342193 0.476826142262 0.180696202193
45.3 1000 21 1.20564265461 0 0.670088433826 0.386840150664 1 3.344532 0.394739444074 0.321748439349
45.4 1000 21 1.20604940099 0 0.669862793812 0.386656751395 1 3.341665 0.272430763655 0.429477980417
45.5 1000 21 1.20646090683 0 0.66963556443 0.386474164506 1 3.367101 0.122533098437 0.492936533084
45.6 1000 21 1.20686635725 0 0.669406490763 0.386295153216 1 3.367567 -0.0395286947478 0.505736785073
45.7 1000 21 1.20727547878 0 0.669175592129 0.386118039244 1 3.37184 -0.197121746673 0.466699677177
45.8 1000 21 1.20767577039 0 0.66894308587 0.385939041449 1 3.367918 -0.33411534524 0.379956914276
45.9 1000 21 1.20808136502 0 0.668708647115 0.385767131358 1 3.375482 -0.436527548173 0.254517350938
46 1000 21 1.20847985285 0 0.668472264332 0.385596565985 1 3.37578 -0.4939575324 0.103330856935
46.1 1000 21 1.20888165191 0 0.668234292826 0.38542460577 1 3.374768 -0.500638876312 -0.0580479683307
46.2 1000 21 1.20927823635 0 0.667994648877 0.385254972364 1 3.382196 -0.456017158498 -0.213061144245
46.3 1000 21 1.20968026167 0 0.667753220113 0.385087754679 1 3.374244 -0.364797523527 -0.345845124794
46.4 1000 21 1.21007559943 0 0.667510147692 0.384922474435 1 3.377669 -0.23644419612 -0.442854365696
46.5 1000 21 1.21046857337 0 0.667265503695 0.38476260658 1 3.37263 -0.0842033331721 -0.494242269319
46.6 1000 21 1.21086353116 0 0.667019383578 0.384601395853 1 3.374056 0.0762661180042 -0.494864208879
46.7 1000 21 1.21124326688 0 0.666772032426 0.384440495038 1 3.37331 0.228503354877 -0.44478598884
46.8 1000 21 1.21164214906 0 0.666523506802 0.384284854033 1 3.381895 0.356931556821 -0.349272451517
46.9 1000 21 1.21203591108 0 0.666274112605 0.384127950931 1 3.378594 0.448456188225 -0.218225733459
47 1000 21 1.21243271283 0 0.666023841264 0.383973076552 1 3.373785 0.493795812303 -0.0651648282896
47.1 1000 21 1.21282695375 0 0.665772952492 0.383817474438 1 3.380942 0.488424979658 0.0941715495938
47.2 1000 21 1.21322619223 0 0.66552147324 0.383667144141 1 3.381553 0.433025639257 0.24344096755
47.3 1000 21 1.21362538797 0 0.665269786308 0.383514642824 1 3.380052 0.333404426895 0.367376501529
47.4 1000 21 1.21402226561 0 0.665018077722 0.383366524763 1 3.377653 0.199883035564 0.453343728423
47.5 1000 21 1.21442078851 0 0.664766293697 0.383219267349 1 3.379666 0.0462315734503 0.492633725567
47.6 1000 21 1.2148154159 0 0.664514842901 0.383073809365 1 3.380688 -0.111753470451 0.48134100348
47.7 1000 21 1.2152025994 0 0.664263865267 0.382931303565 1 3.383209 -0.257871449225 0.420753806545
47.8 1000 21 1.21559625849 0 0.664013505477 0.382787526334 1 3.377862 -0.377180492624 0.317210244054
47.9 1000 21 1.21599135561 0 0.663764092575 0.382645852366 1 3.380009 -0.457523427271 0.181432000474
48 1000 21 1.21638704724 0 0.663515705245 0.382508643351 1 3.377058 -0.490767666516 0.0274175064015
48.1 1000 21 1.21678703068 0 0.663268672922 0.382371833004 1 3.376432 -0.473629405043 -0.129002267127
48.2 1000 21 1.21717690365 0 0.663022922522 0.382232806151 1 3.376702 -0.407994754098 -0.271791150376
48.3 1000 21 1.21756427491 0 0.66277890378 0.382097751408 1 3.386602 -0.300716140778 -0.386348701735
48.4 1000 21 1.21795307094 0 0.662536468454 0.381964735897 1 3.376713 -0.162897283813 -0.461007362232
48.5 1000 21 1.21834595985 0 0.662295885098 0.381834426918 1 3.376086 -0.00874301498994 -0.488218466008
48.6 1000 21 1.21874189188 0 0.662057478641 0.381704069559 1 3.377234 0.145904536582 -0.465315916175
48.7 1000 21 1.21913266763 0 0.661821132904 0.381577310714 1 3.379195 0.285192210583 -0.394775793204
48.8 1000 21 1.21952494072 0 0.66158710896 0.381450122741 1 3.377643 0.394882678661 -0.283951977195
48.9 1000 21 1.21991194806 0 0.66135556395 0.381322402836 1 3.375282 0.463807762478 -0.144307753063
49 1000 21 1.2203024676 0 0.661126320509 0.381197881224 1 3.374237 0.485006570519 0.00976725395129
49.1 1000 21 1.22069382302 0 0.660899668933 0.381075032352 1 3.379616 0.456428487398 0.162441682168
49.2 1000 21 1.2210867733 0 0.660675547533 0.380953084272 1 3.373277 0.381130757352 0.298068074048
49.3 1000 21 1.22147736647 0 0.660454050059 0.380832962207 1 3.379778 0.266951535902 0.40278538713
49.4 1000 21 1.22186568667 0 0.660235275485 0.380713568722 1 3.366351 0.125695827061 0.465936566146
49.5 1000 21 1.22225397059 0 0.660019174741 0.380595637885 1 3.349342 -0.0280853460623 0.481152911374
49.6 1000 21 1.22264253461 0 0.659805963629 0.380477644604 1 3.348842 -0.178593741486 0.446995709051
49.7 1000 21 1.22303077729 0 0.659595377817 0.380361071108 1 3.37013 -0.310405842556 0.367092036959
49.8 1000 21 1.22341755136 0 0.659387527982 0.380245421858 1 3.356526 -0.410053961229 0.249749919927
49.9 1000 21 1.22380419823 0 0.65918229232 0.380131142612 1 3.345026 -0.467401804053 0.107095270145
50 1000 21 1.22418999888 0 0.658979666127 0.380017862274 1 3.358187 -0.476675175306 -0.0461811693343
50.1 1000 21 1.2245747994 0 0.658779601475 0.379905418316 1 3.350656 -0.437043492574 -0.194336071108
50.2 1000 21 1.22495868856 0 0.658581904533 0.379794769536 1 3.36959 -0.352692855729 -0.322190190835
50.3 1000 21 1.22534285782 0 0.658387015154 0.379682713324 1 3.350664 -0.232383660236 -0.41668367981
50.4 1000 21 1.22572669812 0 0.658194331741 0.37957250701 1 3.385998 -0.0885426492069 -0.468209319331
50.5 1000 21 1.22610864146 0 0.658003913572 0.379462999194 1 3.373384 0.0640216445808 -0.471589518536
50.6 1000 21 1.22648891667 0 0.657815574295 0.379354646626 1 3.384107 0.209642306166 -0.426596622185
50.7 1000 21 1.22686894877 0 0.657629255897 0.379247256913 1 3.371252 0.333403120048 -0.337963780017
50.8 1000 21 1.22724737787 0 0.657444727729 0.379141373274 1 3.394761 0.422665867403 -0.214887543181
50.9 1000 21 1.22762456901 0 0.657262115285 0.379035858486 1 3.370975 0.46836089865 -0.0700739676218
51 1000 21 1.22800170083 0 0.657081028495 0.378931876223 1 3.375213 0.465908507047 0.0815726551143
51.1 1000 21 1.22837600628 0 0.656901411296 0.378829026063 1 3.381547 0.415677295944 0.224483536445
51.2 1000 21 1.2287450396 0 0.656723420621 0.378726868951 1 3.395701 0.322934788049 0.344023551468
51.3 1000 21 1.2291211249 0 0.656546113198 0.378627892233 1 3.493175 0.197295911664 0.427990117405
51.4 1000 21 1.22949571595 0 0.656370152199 0.378529328226 1 3.622677 0.0517246910609 0.467857779854
51.5 1000 21 1.22987258437 0 0.656195147658 0.378432408793 1 3.67635 -0.0988012808246 0.459644290513
51.6 1000 21 1.23024580237 0 0.65602094746 0.378337575319 1 3.471136 -0.238832683747 0.404307373195
51.7 1000 21 1.23060926882 0 0.655847552554 0.378242372669 1 3.405553 -0.354033180528 0.307634917964
51.8 1000 21 1.23097564356 0 0.655674796312 0.378148126126 1 3.393299 -0.432647593043 0.179641054302
51.9 1000 21 1.23133545223 0 0.655502652789 0.378054162525 1 3.39525 -0.466700213478 0.033527189996
52 1000 21 1.23169712048 0 0.655330930331 0.377961493279 1 3.388241 -0.4528052996 -0.115677880636
52.1 1000 21 1.23205775989 0 0.655159820476 0.377870609954 1 3.387832 -0.392502093615 -0.252664317772
52.2 1000 21 1.23241955673 0 0.654988906578 0.377779598516 1 3.39441 -0.292085403355 -0.363412472363
52.3 1000 21 1.23277753094 0 0.65481813279 0.377691005792 1 3.399636 -0.161949200955 -0.436625994713
52.4 1000 21 1.23314413309 0 0.654647549698 0.377601266365 1 3.401106 -0.0155103943714 -0.464885887375
52.5 1000 21 1.23349770169 0 0.654476983559 0.377515253622 1 3.398012 0.132173593457 -0.445399069771
52.6 1000 21 1.23385431397 0 0.654306690443 0.377429316158 1 3.39244 0.265953707648 -0.380278062545
52.7 1000 21 1.23420590033 0 0.654136280034 0.377344271249 1 3.513375 0.372142416452 -0.276308997989
52.8 1000 21 1.23455780213 0 0.653965855969 0.377257543327 1 3.648561 0.439914559815 -0.144246409485
52.9 1000 21 1.23490854342 0 0.653795622319 0.377174478651 1 3.764131 0.462409942433 0.00229853450146
53 1000 21 1.23525012021 0 0.653625166533 0.37709108078 1 3.750441 0.437428084138 0.148262805456
53.1 1000 21 1.23559359003 0 0.653454737622 0.377008334866 1 3.729523 0.367643801421 0.278677622134
53.2 1000 21 1.23593947938 0 0.653284318183 0.376924553845 1 3.756521 0.260319646904 0.380204897188
53.3 1000 21 1.23628156884 0 0.653113634327 0.37684529443 1 3.829644 0.12655151577 0.442499991925
53.4 1000 21 1.23661723255 0 0.652942862732 0.376766802542 1 3.815117 -0.019879300834 0.459266854943
53.5 1000 21 1.23695872448 0 0.652772322972 0.376687930437 1 3.785567 -0.163925141184 0.42889424418
53.6 1000 21 1.23729944925 0 0.652601754213 0.376610091071 1 3.841254 -0.290818772231 0.354608236643
53.7 1000 21 1.2376421816 0 0.652431534857 0.376531673598 1 3.808493 -0.387586806351 0.244131496596
53.8 1000 21 1.23797874402 0 0.652261536664 0.376456557409 1 3.792374 -0.444375859327 0.108880311822
53.9 1000 21 1.23831479677 0 0.65209137387 0.376381135963 1 3.878182 -0.455457077094 -0.0372155931324
54 1000 21 1.23864915816 0 0.65192155457 0.376307007541 1 3.880878 -0.41980227188 -0.179146607265
54.1 1000 21 1.23898220958 0 0.651752074579 0.376232142835 1 3.816103 -0.341179314132 -0.302366300376
54.2 1000 21 1.23931340609 0 0.651582777183 0.376160054197 1 3.884703 -0.227754469766 -0.394281486081
54.3 1000 21 1.2396432509 0 0.651413802612 0.376087162731 1 3.869623 -0.091243496528 -0.445539871787
54.4 1000 21 1.23997198714 0 0.651245172382 0.376015767405 1 3.865468 0.0542971754734 -0.450981280272
54.5 1000 21 1.24030150922 0 0.651077080824 0.375945603759 1 3.714063 0.193918705607 -0.41015737097
54.6 1000 21 1.24063162228 0 0.650909548787 0.375875714795 1 3.958897 0.313315150171 -0.32736603418
54.7 1000 21 1.24096175039 0 0.650742216702 0.375806853028 1 3.98512 0.400288796608 -0.211199241215
54.8 1000 21 1.24128443228 0 0.650575161166 0.375739203744 1 4.025662 0.445996268115 -0.0736521069413
54.9 1000 21 1.24161044722 0 0.650408966291 0.37567038685 1 3.943557 0.445848917263 0.0711155260704
55 1000 21 1.24193080094 0 0.650242817596 0.375603980454 1 3.909875 0.399971646543 0.208236932892
55.1 1000 21 1.24225219818 0 0.650077385155 0.375537925787 1 3.877266 0.313180933987 0.323665332056
55.2 1000 21 1.24257823897 0 0.649912753957 0.375471747219 1 3.686112 0.19447813232 0.405613032191
55.3 1000 21 1.2429015789 0 0.649748322799 0.375407654159 1 3.513704 0.0561164430538 0.445754584011
55.4 1000 21 1.24322250966 0 0.649584477485 0.375344255698 1 3.490178 -0.0876632830893 0.440073150298
55.5 1000 21 1.24354509899 0 0.64942100881 0.375280850046 1 3.465899 -0.222098610486 0.389262186526
55.6 1000 21 1.24386846828 0 0.64925811107 0.375218458338 1 3.847338 -0.333420721615 0.298643483955
55.7 1000 21 1.24419068568 0 0.64909566795 0.375157244942 1 3.919529 -0.410264887573 0.177609615355
55.8 1000 21 1.24451114505 0 0.648933483374 0.37509651915 1 3.856253 -0.444830915187 0.0386513477728
55.9 1000 21 1.24483257031 0 0.648771809585 0.375036585842 1 3.740994 -0.433674847081 -0.10393140744
56 1000 21 1.24515295961 0 0.648610607851 0.374976835758 1 3.698885 -0.378051663942 -0.235501215402
56.1 1000 21 1.24547313715 0 0.648449637636 0.374917912825 1 3.71565 -0.283775897545 -0.342585262626
56.2 1000 21 1.24579336562 0 0.648288903201 0.374860109927 1 3.636733 -0.160614277769 -0.414255338229
56.3 1000 21 1.2461135452 0 0.648128224581 0.374803222047 1 3.409024 -0.0212738841764 -0.443243077741
56.4 1000 21 1.24643343529 0 0.647967623239 0.374747613824 1 3.410552 0.11990830506 -0.426677011924
56.5 1000 21 1.24675400175 0 0.647807112379 0.374692894286 1 3.394991 0.248440472265 -0.366366880534
56.6 1000 21 1.24707395749 0 0.647646502524 0.374639505069 1 3.356824 0.351163334799 -0.268606930235
56.7 1000 21 1.24739542114 0 0.647486008893 0.374585837751 1 3.356922 0.417597530345 -0.143519418746
56.8 1000 21 1.247719384 0 0.647325457614 0.374532792022 1 3.361018 0.441012261314 -0.00400699087982
56.9 1000 21 1.24804148494 0 0.647164608963 0.374481719369 1 3.357216 0.419107556331 0.135577875045
57 1000 21 1.24836141418 0 0.647003306419 0.374432189755 1 3.358825 0.354239741008 0.260909213583
57.1 1000 21 1.24867812161 0 0.646841537383 0.374384265119 1 3.366681 0.253169019222 0.359157262216
57.2 1000 21 1.24899734907 0 0.646679573857 0.374336965916 1 3.366979 0.126355642123 0.420303013196
57.3 1000 21 1.24931876149 0 0.646517077181 0.374289411155 1 3.360246 -0.0131233041912 0.438158167542
57.4 1000 21 1.24963847322 0 0.646354039986 0.374243589593 1 3.364209 -0.150920805879 0.410992459278
57.5 1000 21 1.24995949375 0 0.646190501373 0.374197967724 1 3.366537 -0.272896245526 0.34170083879
57.6 1000 21 1.25027912338 0 0.646026279923 0.374153863867 1 3.3605 -0.366565725274 0.237495215394
57.7 1000 21 1.25059847046 0 0.645861448971 0.37411093176 1 3.358921 -0.42238039608 0.10915494295
57.8 1000 21 1.25091977472 0 0.645696035973 0.374068131953 1 3.36536 -0.434699113971 -0.0300886335966
57.9 1000 21 1.25123908925 0 0.645529654877 0.3740268972 1 3.361644 -0.402358182982 -0.165915210493
58 1000 21 1.25155800663 0 0.645362579882 0.373986493625 1 3.360017 -0.32878206415 -0.284388422685
58.1 1000 21 1.25187332199 0 0.645194464848 0.373948227226 1 3.3677 -0.221619738552 -0.373384926213
58.2 1000 21 1.25219318966 0 0.645025821412 0.373908804011 1 3.37079 -0.0919511387906 -0.423836150458
58.3 1000 21 1.25251452144 0 0.644856578442 0.373870617768 1 3.364938 0.0468587973343 -0.430650742673
58.4 1000 21 1.25283641715 0 0.644686626459 0.373833752881 1 3.36351 0.180537279008 -0.393228972526
58.5 1000 21 1.25315438798 0 0.644515721916 0.373798753677 1 3.361242 0.295370337782 -0.315513799185
58.6 1000 21 1.25347017699 0 0.644344032548 0.373764995303 1 3.363663 0.379610115845 -0.205576474576
58.7 1000 21 1.25379103964 0 0.644172003713 0.373731226902 1 3.365677 0.424676485509 -0.0747783969386
58.8 1000 21 1.25411123452 0 0.643999303141 0.373698786025 1 3.373294 0.426029896601 0.0634031668679
58.9 1000 21 1.2544291478 0 0.643825738852 0.373665052859 1 3.40454 0.383628941145 0.194762605934
59 1000 21 1.25474890545 0 0.643651898462 0.373631993751 1 3.360178 0.301925937824 0.305826709397
59.1 1000 21 1.2550652634 0 0.643477541003 0.373601574009 1 3.361911 0.189398098485 0.385235247255
59.2 1000 21 1.25538002951 0 0.64330285876 0.37357261326 1 3.367234 0.057669108665 0.424904312261
59.3 1000 21 1.25569816214 0 0.643128180574 0.373543547824 1 3.366428 -0.0796915720616 0.42084842328
59.4 1000 21 1.25601718027 0 0.642953443336 0.373513731605 1 3.369047 -0.208566254072 0.373579852678
59.5 1000 21 1.25633322445 0 0.642778603499 0.373487671112 1 3.370761 -0.315738822174 0.288047493403
59.6 1000 21 1.25664999465 0 0.642604079267 0.3734613956 1 3.364208 -0.39025118795 0.173118149435
59.7 1000 21 1.25696216964 0 0.642429323638 0.373435770481 1 3.374241 -0.424521433623 0.0406581308809
59.8 1000 21 1.25727568639 0 0.642255132193 0.373413696562 1 3.380907 -0.415118648628 -0.0956914601397
59.9 1000 21 1.25759058664 0 0.642081559225 0.373389449017 1 3.366035 -0.363101846237 -0.221920317448
60 1000 21 1.25790176012 0 0.641908350809 0.373365509635 1 3.369236 -0.27390426599 -0.325086823904
60.1 1000 21 1.25821251979 0 0.641735923959 0.373343757453 1 3.372449 -0.156766230737 -0.394645704629
60.2 1000 21 1.25852383345 0 0.641564482238 0.373321385213 1 3.356144 -0.0237766323932 -0.42352523863
60.3 1000 21 1.25883208488 0 0.641393899141 0.373298742478 1 3.352293 0.111373204225 -0.408845917578
60.4 1000 21 1.25914086986 0 0.641224555664 0.37327801402 1 3.349859 0.234799198251 -0.35220807876
60.5 1000 21 1.25944736392 0 0.641056467593 0.373257357011 1 3.351275 0.333850943272 -0.259516664954
60.6 1000 21 1.25975031932 0 0.640889605266 0.373240861661 1 3.345431 0.398407342144 -0.140367193653
60.7 1000 21 1.26005711003 0 0.640724753213 0.373222056769 1 3.353677 0.421911745134 -0.00705120375707
60.8 1000 21 1.26036145745 0 0.640561406903 0.373204952062 1 3.354516 0.402036343411 0.126710926027
60.9 1000 21 1.26066744394 0 0.640400051612 0.373184555426 1 3.359732 0.340912497068 0.247181235994
61 1000 21 1.26096965286 0 0.640240581498 0.373166950284 1 3.347187 0.244903971217 0.342015169835
61.1 1000 21 1.26126956726 0 0.640082903934 0.373147279054 1 3.34809 0.12394263075 0.401526995408
61.2 1000 21 1.26156943539 0 0.639927370714 0.373130207151 1 3.313073 -0.00949637207625 0.419679004343
61.3 1000 21 1.2618682363 0 0.639773879857 0.373114105102 1 3.318515 -0.141683923556 0.394692918192
61.4 1000 21 1.26216537771 0 0.639622477654 0.373099280875 1 3.336801 -0.259047408147 0.329224120433
61.5 1000 21 1.26246274167 0 0.639473213327 0.37308388572 1 3.332105 -0.349565023721 0.230079833251
61.6 1000 21 1.26275828759 0 0.639326176774 0.373069789927 1 3.316606 -0.403996398878 0.107511446367
61.7 1000 21 1.26305230506 0 0.639181330441 0.373055622232 1 3.351375 -0.416826047061 -0.0258454452791
61.8 1000 21 1.26334709724 0 0.639038955877 0.373042557485 1 3.349708 -0.386822918546 -0.156273642086
61.9 1000 21 1.26363976209 0 0.638898737783 0.373027904017 1 3.35164 -0.31715546622 -0.27038439467
62 1000 21 1.26392985718 0 0.638760379514 0.373016793308 1 3.347882 -0.215060804009 -0.356492618446
62.1 1000 21 1.26421965788 0 0.638624409191 0.373006659405 1 3.343506 -0.0910899534385 -0.405813569477
62.2 1000 21 1.26450807449 0 0.638490475061 0.372996559455 1 3.347143 0.041980981932 -0.413357212919
62.3 1000 21 1.26479254372 0 0.638358348029 0.372988647681 1 3.35495 0.170466690184 -0.378434592071
62.4 1000 21 1.26507634939 0 0.638228201064 0.372979946829 1 3.354797 0.281182108589 -0.304719425407
62.5 1000 21 1.265361246 0 0.638100429329 0.372971366546 1 3.353157 0.36279399899 -0.199861709124
62.6 1000 21 1.2656448495 0 0.637974557236 0.372963111607 1 3.349312 0.406979799679 -0.074693713288
62.7 1000 21 1.26592725185 0 0.63785054391 0.372957140207 1 3.351777 0.409278833098 0.0578886782838
62.8 1000 21 1.26620859102 0 0.63772835102 0.37295082822 1 3.348685 0.369540083561 0.184254094501
62.9 1000 21 1.26648923006 0 0.637607821483 0.372944695097 1 3.346357 0.291930682966 0.291437738401
63 1000 21 1.2667671341 0 0.637488710889 0.37293949969 1 3.350988 0.184498542878 0.368470392069
63.1 1000 21 1.26704466702 0 0.637370990902 0.372934948556 1 3.347395 0.0583379047199 0.407502631849
63.2 1000 21 1.26732482629 0 0.637254923929 0.372929070321 1 3.357102 -0.0735566682591 0.404603391984
63.3 1000 21 1.26760137227 0 0.63713985316 0.372924696996 1 3.355384 -0.197626560411 0.360155029811
63.4 1000 21 1.26787745171 0 0.637025941209 0.372921933904 1 3.351919 -0.301145979268 0.278807461035
63.5 1000 21 1.26815205621 0 0.636912985848 0.372917875357 1 3.346388 -0.373524026725 0.168989970397
63.6 1000 21 1.26842613438 0 0.63680084257 0.372916810538 1 3.351929 -0.407390607596 0.0420400572993
63.7 1000 21 1.26870072251 0 0.636689663422 0.3729126044 1 3.356682 -0.399344972568 -0.0889699851848
63.8 1000 21 1.26897369651 0 0.636578948998 0.372910097459 1 3.35391 -0.350298247675 -0.210575077351
63.9 1000 21 1.26924573995 0 0.636468702172 0.37290951474 1 3.360023 -0.265371236608 -0.310304506994
64 1000 21 1.26951765557 0 0.636358850692 0.37290848936 1 3.353654 -0.153358787777 -0.37795903146
64.1 1000 21 1.26979026226 0 0.636249463404 0.372907469054 1 3.352883 -0.0258204403182 -0.40665453023
64.2 1000 21 1.27006117506 0 0.636140103698 0.372908949971 1 3.355476 0.104112299923 -0.393521625803
64.3 1000 21 1.2703286927 0 0.636030500704 0.372907326688 1 3.356795 0.223088310964 -0.33999234571
64.4 1000 21 1.27059946071 0 0.635921242857 0.372905347613 1 3.354461 0.318909706027 -0.251646969481
64.5 1000 21 1.27086939289 0 0.635811821355 0.372901714778 1 3.356498 0.381779041292 -0.137629072249
64.6 1000 21 1.27113912775 0 0.635702176911 0.372901438959 1 3.355298 0.405305060368 -0.00970252687221
64.7 1000 21 1.27140637126 0 0.635592132521 0.372902235362 1 3.354004 0.387149153954 0.118964760229
64.8 1000 21 1.27167476289 0 0.635481926354 0.372902264983 1 3.348332 0.329259108423 0.235154720287
64.9 1000 21 1.27194083229 0 0.635371242907 0.372903149968 1 3.356592 0.237660534988 0.326956251288
65 1000 21 1.27220793806 0 0.635260261192 0.372902774895 1 3.354541 0.121829132533 0.384988021174
65.1 1000 21 1.27247550699 0 0.635148813494 0.372905967966 1 3.359493 -0.00628812308986 0.403355670651
65.2 1000 21 1.27274298131 0 0.635036978584 0.3729076875 1 3.358261 -0.13350684937 0.380249759335
65.3 1000 21 1.2730122983 0 0.63492478692 0.372909289075 1 3.356335 -0.24676017054 0.318125457093
65.4 1000 21 1.27327692605 0 0.634811802778 0.372911687927 1 3.353448 -0.334439708138 0.22344112318
65.5 1000 21 1.27354732787 0 0.634698753867 0.372914851034 1 3.357416 -0.387590656252 0.105986870085
65.6 1000 21 1.27381500893 0 0.634585140151 0.372915135117 1 3.356945 -0.400817659448 -0.022126953533
65.7 1000 21 1.27408533408 0 0.634471332804 0.372915628636 1 3.358119 -0.372840837199 -0.147718744393
65.8 1000 21 1.27435472596 0 0.634357019032 0.372919931129 1 3.361912 -0.306614308106 -0.257890890308
65.9 1000 21 1.27462224091 0 0.634242251132 0.372922698105 1 3.365417 -0.209014591768 -0.341354221544
66 1000 21 1.27489101936 0 0.634127312287 0.372925826759 1 3.35756 -0.0901291725097 -0.38958729507
66.1 1000 21 1.27515879515 0 0.634012081074 0.372928614345 1 3.359918 0.0377873369854 -0.397701704371
66.2 1000 21 1.27542982476 0 0.633896882533 0.372933061009 1 3.35549 0.16157740585 -0.364941948463
66.3 1000 21 1.27570033873 0 0.633781562466 0.372937270791 1 3.356834 0.268530768673 -0.294750465202
66.4 1000 21 1.27596904456 0 0.633666083142 0.372942036355 1 3.348962 0.347691516283 -0.194410138388
66.5 1000 21 1.2762386131 0 0.633550693202 0.372947761197 1 3.332674 0.390980931893 -0.0742866694239
66.6 1000 21 1.27650826574 0 0.633435488551 0.372953467603 1 3.335771 0.394019441558 0.0532419738895
66.7 1000 21 1.27677761637 0 0.633320579297 0.372958804629 1 3.33406 0.356570888534 0.175060181406
66.8 1000 21 1.27704695811 0 0.633206066547 0.372963693142 1 3.327485 0.282558865709 0.278663903013
66.9 1000 21 1.27731634711 0 0.633091994682 0.372968587699 1 3.326827 0.179655805653 0.353443827253
67 1000 21 1.27758553327 0 0.63297808487 0.372975301734 1 3.35636 0.0584880425606 0.391771536661
67.1 1000 21 1.27785338921 0 0.63286444242 0.372982612788 1 3.347475 -0.0684620356007 0.389777867984
67.2 1000 21 1.27812532629 0 0.632751607908 0.37299003072 1 3.351711 -0.188143595984 0.34774392032
67.3 1000 21 1.2783965872 0 0.632639376913 0.372997921554 1 3.348206 -0.288273200418 0.270061477729
67.4 1000 21 1.27866911454 0 0.632527717114 0.373008030639 1 3.368557 -0.35860221772 0.164778159298
67.5 1000 21 1.27894237191 0 0.632416923769 0.373016284949 1 3.350965 -0.391959523055 0.0427598722027
67.6 1000 21 1.27921562474 0 0.632306952269 0.373024554558 1 3.353633 -0.384986967813 -0.0834263264889
67.7 1000 21 1.27948787319 0 0.632197639638 0.373034271783 1 3.35366 -0.338475799277 -0.200808789742
67.8 1000 21 1.27975994407 0 0.632089159726 0.373043842238 1 3.353084 -0.257277370499 -0.297345256062
67.9 1000 21 1.28003403908 0 0.631981710945 0.373053630476 1 3.347205 -0.149797041045 -0.363157803477
68 1000 21 1.28030737296 0 0.63187503401 0.373064185147 1 3.346138 -0.0271251215179 -0.391541169941
68.1 1000 21 1.28058173524 0 0.631769364356 0.373074219863 1 3.353752 0.0981087114305 -0.379648656668
68.2 1000 21 1.28085340232 0 0.631664353723 0.373085498978 1 3.348961 0.213033292601 -0.328776228292
68.3 1000 21 1.28112499934 0 0.631560100718 0.373097906262 1 3.35378 0.30586155819 -0.24422231357
68.4 1000 21 1.28139801074 0 0.631456796983 0.373110719139 1 3.353446 0.367100061156 -0.134734801938
68.5 1000 21 1.28167008272 0 0.631354211699 0.37312402021 1 3.355052 0.39051463714 -0.0116066292632
68.6 1000 21 1.28194162651 0 0.631252401053 0.373137514155 1 3.357936 0.373769747775 0.112488647871
68.7 1000 21 1.28221322982 0 0.631151395676 0.373151104446 1 3.350922 0.318658538618 0.224800740051
68.8 1000 21 1.28248459866 0 0.631051060725 0.373164694105 1 3.352337 0.230913250187 0.31381382377
68.9 1000 21 1.28275396641 0 0.630951158163 0.37317932006 1 3.350909 0.119608298008 0.370425782192
69 1000 21 1.28302362232 0 0.630851894716 0.373194605634 1 3.352993 -0.00377869057387 0.388880703789
69.1 1000 21 1.28329291421 0 0.630752984111 0.373210577992 1 3.354864 -0.12655023103 0.367354135949
69.2 1000 21 1.28356104339 0 0.630654567707 0.373226677662 1 3.35559 -0.236096646328 0.308130899596
69.3 1000 21 1.28383061824 0 0.630556631493 0.37324310934 1 3.355896 -0.321188041573 0.217363290624
69.4 1000 21 1.28409842459 0 0.630458842741 0.373260139699 1 3.353715 -0.373128649945 0.10443390499
69.5 1000 21 1.28436477329 0 0.63036131297 0.373277011203 1 3.352475 -0.386642669129 -0.0190156420135
69.6 1000 21 1.28463122227 0 0.630263840623 0.373295477833 1 3.348989 -0.360412543629 -0.140283328459
69.7 1000 21 1.28489542406 0 0.63016640007 0.373314443306 1 3.346133 -0.29720681887 -0.246916228267
69.8 1000 21 1.28515812376 0 0.630068721266 0.373333365742 1 3.351603 -0.203586555465 -0.327986789354
69.9 1000 21 1.28542098561 0 0.629970867291 0.373353461424 1 3.355982 -0.0892254437868 -0.375213175634
70 1000 21 1.28568167862 0 0.629872768058 0.37337342361 1 3.360796 0.0340903698768 -0.383807052577
70.1 1000 21 1.28594299732 0 0.629774588587 0.373394163056 1 3.350096 0.153675331399 -0.352955277597
70.2 1000 21 1.28620024326 0 0.629675819419 0.373413786136 1 3.358547 0.257251996502 -0.285901585955
70.3 1000 21 1.28645731377 0 0.629576641286 0.373435260685 1 3.355998 0.334207510459 -0.18960019091
70.4 1000 21 1.28671396052 0 0.629477143724 0.373457451352 1 3.358841 0.376685186132 -0.0739988577207
70.5 1000 21 1.28696957962 0 0.629377041928 0.373480602296 1 3.355739 0.380384895312 0.0489900162222
70.6 1000 21 1.28722291395 0 0.629276395281 0.373504004732 1 3.352876 0.344997934869 0.166717629608
70.7 1000 21 1.28747484949 0 0.629175169911 0.373527609209 1 3.352576 0.274231758644 0.267098301771
70.8 1000 21 1.28772599295 0 0.629073297434 0.373552445853 1 3.334348 0.175422017445 0.339850486972
70.9 1000 21 1.2879757468 0 0.628970931497 0.373577556714 1 3.339115 0.0587721600637 0.377550601928
71 1000 21 1.28822303813 0 0.628867827667 0.373602660262 1 3.333932 -0.0636999972299 0.376389635012
71.1 1000 21 1.28846980964 0 0.628764176521 0.373629145512 1 3.33314 -0.179400211525 0.336557629156
71.2 1000 21 1.28871210573 0 0.628659800428 0.373654023747 1 3.333633 -0.276453835589 0.262219011738
71.3 1000 21 1.28895287626 0 0.628554722269 0.373679039441 1 3.337234 -0.344922720108 0.161074467049
71.4 1000 21 1.28919461751 0 0.628449273868 0.373706479229 1 3.337424 -0.377823091116 0.0435652797638
71.5 1000 21 1.2894337471 0 0.628343446048 0.373733850527 1 3.346348 -0.371839721808 -0.0782041685758
71.6 1000 21 1.28967046873 0 0.628237163904 0.373762372776 1 3.340801 -0.327658507562 -0.191714003857
71.7 1000 21 1.28990493617 0 0.628130530398 0.37379011277 1 3.337278 -0.249888679903 -0.285315506979
71.8 1000 21 1.29013965712 0 0.628023804092 0.373818811403 1 3.33628 -0.146582148689 -0.349426552897
71.9 1000 21 1.29037275762 0 0.627917298889 0.373845678944 1 3.332122 -0.0284010040468 -0.37751276127
72 1000 21 1.2906027501 0 0.627810798231 0.373873752431 1 3.332928 0.0924840233112 -0.366752853515
72.1 1000 21 1.29083097417 0 0.627704223544 0.373901392586 1 3.332298 0.203645611377 -0.318322741838
72.2 1000 21 1.29105931095 0 0.627597797075 0.373929579517 1 3.330948 0.293677862772 -0.237266867946
72.3 1000 21 1.29128591804 0 0.627491654017 0.373957075066 1 3.335871 0.353366824143 -0.131973164164
72.4 1000 21 1.29150971272 0 0.627386293827 0.373987713322 1 3.327663 0.376632170865 -0.0133049516881
72.5 1000 21 1.29173096343 0 0.627281207811 0.374016543768 1 3.333259 0.361148644714 0.106518112477
72.6 1000 21 1.29195104432 0 0.627176936337 0.374047873004 1 3.333941 0.308575556235 0.21518031512
72.7 1000 21 1.29216749614 0 0.627073321068 0.374081225824 1 3.335821 0.224381461779 0.301534275036
72.8 1000 21 1.29238335871 0 0.626970566366 0.374114293108 1 3.329337 0.117274993213 0.356744626067
72.9 1000 21 1.29259938878 0 0.626868801192 0.37414782337 1 3.336497 -0.00169606626092 0.375192104945
73 1000 21 1.29281290967 0 0.626768141571 0.374181495774 1 3.335993 -0.120284414386 0.35504535061
73.1 1000 21 1.29302509541 0 0.626668844106 0.374216223506 1 3.336041 -0.226303108312 0.298442002763
73.2 1000 21 1.29323381806 0 0.626571197735 0.374252928924 1 3.335763 -0.308878096509 0.211262336377
73.3 1000 21 1.29344175384 0 0.626475222551 0.37428924391 1 3.329685 -0.359563006244 0.102519410816
73.4 1000 21 1.29364720654 0 0.626380987635 0.374325479029 1 3.329336 -0.373203885004 -0.0165738218685
73.5 1000 21 1.29385264617 0 0.626288687892 0.374362204078 1 3.327204 -0.348462054659 -0.133759444173
73.6 1000 21 1.29405784314 0 0.626198363606 0.374398967959 1 3.335673 -0.287946319786 -0.236996888536
73.7 1000 21 1.29425946335 0 0.62611016282 0.374435796129 1 3.332155 -0.197936883835 -0.315699988565
73.8 1000 21 1.29445962921 0 0.626024174774 0.374475030456 1 3.335118 -0.0877345255723 -0.361821221295
73.9 1000 21 1.29465856628 0 0.625940417004 0.374513365662 1 3.328346 0.0313000553152 -0.370675469715
74 1000 21 1.29485788368 0 0.625858936878 0.374551405544 1 3.333402 0.14691834476 -0.341415486837
74.1 1000 21 1.29505656296 0 0.625779810403 0.374589481102 1 3.329023 0.247243269822 -0.277112569175
74.2 1000 21 1.29525069414 0 0.625703238158 0.374628269867 1 3.332587 0.321989597071 -0.184433590723
74.3 1000 21 1.29544285425 0 0.625629127269 0.374668240892 1 3.331588 0.363517555533 -0.072951155609
74.4 1000 21 1.29563855274 0 0.625557441372 0.374707728594 1 3.3301 0.367614208385 0.0458455500708
74.5 1000 21 1.29583215798 0 0.625488182059 0.374746958777 1 3.334282 0.333920761761 0.159735597369
74.6 1000 21 1.29602638592 0 0.625421384485 0.374785238813 1 3.334083 0.265962217467 0.257022139564
74.7 1000 21 1.29621750226 0 0.625356982061 0.374824257167 1 3.330385 0.170779099102 0.327734150738
74.8 1000 21 1.2964090108 0 0.625294950556 0.374864428392 1 3.329806 0.0581982523685 0.364647958927
74.9 1000 21 1.2965990462 0 0.625235205209 0.374905008854 1 3.331063 -0.0601819216853 0.364025279554
75 1000 21 1.29678813456 0 0.625177699552 0.374945649393 1 3.332817 -0.172185947877 0.325991131366
75.1 1000 21 1.29697482301 0 0.625122297606 0.37498728003 1 3.332613 -0.266313812984 0.254515312333
75.2 1000 21 1.29716259319 0 0.625068900857 0.375026985148 1 3.327911 -0.332921352655 0.156997484977
75.3 1000 21 1.29734953854 0 0.6250173826 0.37506722898 1 3.33793 -0.365208000979 0.0435013826752
75.4 1000 21 1.29753637228 0 0.624967739857 0.375107719268 1 3.33452 -0.359911468114 -0.0742835569113
75.5 1000 21 1.29772089791 0 0.624919734035 0.375147829818 1 3.335132 -0.31763690048 -0.184246486643
75.6 1000 21 1.29790641199 0 0.624873178749 0.375188179018 1 3.331824 -0.242788271448 -0.275099966776
75.7 1000 21 1.29809278228 0 0.624827989825 0.375228563105 1 3.338989 -0.143109665114 -0.337538649178
75.8 1000 21 1.29827824145 0 0.624783949728 0.375269218652 1 3.334178 -0.0288840486595 -0.365192239906
75.9 1000 21 1.29846106449 0 0.62474080178 0.375311771541 1 3.335106 0.088127529936 -0.355274927067
76 1000 21 1.29864558325 0 0.624698609843 0.37535214382 1 3.333339 0.195896496014 -0.308866555074
76.1 1000 21 1.29882869917 0 0.624656998347 0.375392192998 1 3.330562 0.283364056559 -0.23079487859
76.2 1000 21 1.29901443659 0 0.624615794358 0.375432676856 1 3.33447 0.341575325911 -0.129133301886
76.3 1000 21 1.29919953882 0 0.62457480462 0.37547313216 1 3.32837 0.364596115496 -0.0143656510631
76.4 1000 21 1.29938384543 0 0.624533906708 0.375513175381 1 3.330259 0.350117860062 0.101694223579
76.5 1000 21 1.29956838146 0 0.624492841794 0.375553386166 1 3.332934 0.299688943907 0.207118899159
76.6 1000 21 1.29974960933 0 0.624451414236 0.375594555347 1 3.332657 0.218548839681 0.291093463327
76.7 1000 21 1.29993154076 0 0.624409507337 0.375634910682 1 3.336068 0.115084625404 0.345024024157
76.8 1000 21 1.30011549226 0 0.624366914173 0.375674852147 1 3.337123 -3.68621156008e-05 0.363418393407
76.9 1000 21 1.30029883371 0 0.624323423965 0.375714742987 1 3.337064 -0.114968275763 0.344444145502
77 1000 21 1.30047960633 0 0.624278827167 0.37575436973 1 3.341367 -0.217901215162 0.290111798336
77.1 1000 21 1.30066209496 0 0.624233031618 0.375794865672 1 3.333569 -0.298279178436 0.206061367777
77.2 1000 21 1.30084653495 0 0.624185900253 0.375834487959 1 3.336514 -0.347880691764 0.100977321107
77.3 1000 21 1.30102784477 0 0.624137293304 0.375874809355 1 3.333059 -0.361659754475 -0.0143094684847
77.4 1000 21 1.30120994577 0 0.624087198108 0.375913802689 1 3.332994 -0.338259372159 -0.127936975386
77.5 1000 21 1.30139412386 0 0.624035554521 0.375951232182 1 3.328773 -0.280145080525 -0.228233143557
77.6 1000 21 1.30157606491 0 0.623981905416 0.375990142274 1 3.323976 -0.193344763774 -0.304915396573
77.7 1000 21 1.30175974864 0 0.623926328825 0.376028372785 1 3.331685 -0.0868241846306 -0.350143890509
77.8 1000 21 1.30194269372 0 0.623868549235 0.376066447736 1 3.334514 0.0284395665721 -0.359324028644
77.9 1000 21 1.30212757625 0 0.623808550779 0.376104808811 1 3.337502 0.140589659314 -0.33157229681
78 1000 21 1.30231124137 0 0.623746252215 0.376144047063 1 3.336045 0.238108538951 -0.269801282791
78.1 1000 21 1.302495683 0 0.623681736965 0.376183922654 1 3.33809 0.311000846418 -0.180414136748
78.2 1000 21 1.30268047397 0 0.623614945054 0.376222885276 1 3.331028 0.351818608832 -0.0726412728514
78.3 1000 21 1.30286462681 0 0.623545951885 0.37626250428 1 3.331129 0.356421332603 0.0424137542602
78.4 1000 21 1.30304937475 0 0.623474760946 0.376302157567 1 3.334622 0.324396873337 0.152917285427
78.5 1000 21 1.30323596012 0 0.623401415308 0.376341395376 1 3.335233 0.259096903688 0.247522944281
78.6 1000 21 1.30342194708 0 0.623325936854 0.376380488598 1 3.33493 0.167286677186 0.316537014861
78.7 1000 21 1.30360758666 0 0.623248349905 0.376419240721 1 3.336248 0.0584440632817 0.35291141566
78.8 1000 21 1.30379370867 0 0.623168732711 0.376458552291 1 3.334452 -0.0562188107776 0.352963605228
78.9 1000 21 1.30397704131 0 0.62308718222 0.376497680501 1 3.334985 -0.164910527113 0.316749198903
79 1000 21 1.30416306136 0 0.623003814548 0.376537434188 1 3.338776 -0.256472685398 0.24805054224
79.1 1000 21 1.30434826082 0 0.622918715837 0.376576744959 1 3.334789 -0.321526109431 0.153981416635
79.2 1000 21 1.30453468706 0 0.622831972815 0.376616459802 1 3.334889 -0.353430768654 0.0442505995863
79.3 1000 21 1.30471904237 0 0.622743708895 0.376656303124 1 3.337062 -0.348964396846 -0.0698401609518
79.4 1000 21 1.30490045377 0 0.622654151626 0.376695921849 1 3.328725 -0.308647411424 -0.176559866565
79.5 1000 21 1.30508510693 0 0.622563393543 0.3767353691 1 3.33689 -0.236683073218 -0.264954271744
79.6 1000 21 1.30526948929 0 0.622471523364 0.376775185378 1 3.333436 -0.140519958381 -0.325971144809
79.7 1000 21 1.30545343141 0 0.622378768314 0.376814485693 1 3.336819 -0.0300808485502 -0.353386560715
79.8 1000 21 1.30563769383 0 0.622285264852 0.376853767026 1 3.331702 0.0832609962964 -0.344439967224
79.9 1000 21 1.30582013433 0 0.622191154605 0.376893995423 1 3.329747 0.187853500005 -0.300112040362
80 1000 21 1.30600272576 0 0.622096706041 0.376934532111 1 3.330214 0.272962721111 -0.225017797258
80.1 1000 21 1.30618556205 0 0.622001910027 0.376975175555 1 3.336141 0.329874780478 -0.126926393536
80.2 1000 21 1.3063674616 0 0.621907034567 0.377015236495 1 3.33081 0.352788453659 -0.0159573453358
80.3 1000 21 1.30654739791 0 0.621812115882 0.377055868887 1 3.33443 0.339406229059 0.0964633622515
80.4 1000 21 1.30672864515 0 0.621717572356 0.377096421291 1 3.335145 0.291164194009 0.19877955883
80.5 1000 21 1.30690861756 0 0.621623342077 0.377137970261 1 3.331925 0.213078856385 0.280492726638
80.6 1000 21 1.30709054311 0 0.62152960159 0.377179528944 1 3.335722 0.113225505599 0.333239410298
80.7 1000 21 1.30726986717 0 0.621436346139 0.377221329699 1 3.332169 0.00190309069336 0.351646682903
80.8 1000 21 1.30744973674 0 0.62134389771 0.377263890213 1 3.334397 -0.109427783103 0.333880080603
80.9 1000 21 1.30762592532 0 0.621252318723 0.377307177963 1 3.330098 -0.209324615584 0.281825948965
81 1000 21 1.30780502439 0 0.621161766687 0.377350605112 1 3.328426 -0.287538651365 0.200891467333
81.1 1000 21 1.30798185792 0 0.621072271305 0.377394258004 1 3.337143 -0.336066920828 0.0994431354807
81.2 1000 21 1.30815892996 0 0.620983996832 0.377438491043 1 3.335006 -0.349970738359 -0.0120578686425
81.3 1000 21 1.30833515982 0 0.620896960793 0.377482070186 1 3.338298 -0.32787832051 -0.122134092313
81.4 1000 21 1.30851124658 0 0.620811152882 0.377526956143 1 3.336288 -0.272119699899 -0.219473938879
81.5 1000 21 1.30868634576 0 0.620726767076 0.377572162839 1 3.336116 -0.188481441527 -0.294092773693
81.6 1000 21 1.30885936516 0 0.620643777779 0.377617936586 1 3.339401 -0.0856062700042 -0.338358159824
81.7 1000 21 1.30903374715 0 0.620562151099 0.377664401822 1 3.334899 0.0258996156409 -0.347769517814
81.8 1000 21 1.30920684834 0 0.620481994754 0.377711100841 1 3.329274 0.134560530675 -0.321416633146
81.9 1000 21 1.30938033356 0 0.620403361611 0.37775843855 1 3.337313 0.229211795231 -0.262066572177
82 1000 21 1.30955451427 0 0.6203261653 0.377805924171 1 3.33733 0.300146716119 -0.175873751904
82.1 1000 21 1.30972796303 0 0.620250347948 0.377854462226 1 3.337351 0.340112229517 -0.0717414716633
82.2 1000 21 1.30989997795 0 0.620175922463 0.377902605418 1 3.335053 0.345050312268 0.0395969574514
82.3 1000 21 1.3100701408 0 0.620102855899 0.377951356694 1 3.331849 0.314509959547 0.146685157887
82.4 1000 21 1.31023945924 0 0.620031088944 0.378000195538 1 3.334484 0.251687628459 0.238521814017
82.5 1000 21 1.31040983802 0 0.619960569118 0.378050065469 1 3.337071 0.16309305116 0.305691215588
82.6 1000 21 1.31058031888 0 0.619891256574 0.378099912728 1 3.338146 0.057874627993 0.341328109631
82.7 1000 21 1.31074981251 0 0.619823421133 0.378148220815 1 3.335083 -0.0531250697313 0.341819518017
82.8 1000 21 1.3109188353 0 0.619756761712 0.378196011964 1 3.331927 -0.158486309568 0.307171360313
82.9 1000 21 1.31108916206 0 0.619690871221 0.378244771422 1 3.332265 -0.247387290039 0.241001347844
83 1000 21 1.31125704871 0 0.619625689768 0.378294196581 1 3.329029 -0.310715819198 0.150161796849
83.1 1000 21 1.31142446422 0 0.61956115629 0.378344733713 1 3.331349 -0.342002393586 0.044029640677
83.2 1000 21 1.31159232948 0 0.619497221748 0.378395420587 1 3.332677 -0.338081537746 -0.0664606432801
83.3 1000 21 1.31175910437 0 0.619433847684 0.37844586639 1 3.332438 -0.299412367066 -0.16994404659
83.4 1000 21 1.31192702484 0 0.619370570655 0.37849831694 1 3.331395 -0.23002479776 -0.255793860446
83.5 1000 21 1.31209354462 0 0.619307380269 0.378551573028 1 3.334467 -0.137100344649 -0.315212957875
83.6 1000 21 1.31226096665 0 0.619244200193 0.37860637288 1 3.337263 -0.0302282771663 -0.342134823135
83.7 1000 21 1.31242765453 0 0.619180840875 0.378662850559 1 3.342471 0.0795833113583 -0.333843230762
83.8 1000 21 1.31259419654 0 0.619117417052 0.378719266941 1 3.338461 0.181041139741 -0.291245789071
83.9 1000 21 1.31276103042 0 0.61905372672 0.37877695483 1 3.339103 0.263728899735 -0.218775438963
84 1000 21 1.3129272804 0 0.618989753505 0.378835393539 1 3.333372 0.319176066834 -0.123928723357
84.1 1000 21 1.31309356558 0 0.618925432261 0.37889334096 1 3.335853 0.341725328861 -0.0164910187834
84.2 1000 21 1.31326075861 0 0.618860670477 0.378952230006 1 3.336032 0.32911012604 0.0924737827049
84.3 1000 21 1.31342730775 0 0.618795272285 0.379012056733 1 3.339933 0.282682444309 0.191761804904
84.4 1000 21 1.31359458025 0 0.618729377834 0.379071968191 1 3.34064 0.207267934081 0.271181446351
84.5 1000 21 1.313760735 0 0.618662679366 0.379132905291 1 3.334673 0.110664333533 0.322599455292
84.6 1000 21 1.31392584035 0 0.618595398128 0.379193457596 1 3.33707 0.00283567136535 0.340774078525
84.7 1000 21 1.31409240238 0 0.618527268336 0.379255465737 1 3.334248 -0.105116045063 0.323888602303
84.8 1000 21 1.31425848829 0 0.618458356753 0.379317406793 1 3.333754 -0.202092826736 0.273733778158
84.9 1000 21 1.31442567836 0 0.618388600431 0.37938053539 1 3.332242 -0.278142621977 0.195517387082
85 1000 21 1.31459109494 0 0.618318230605 0.379443312232 1 3.327534 -0.325480441147 0.0973239371263
85.1 1000 21 1.31475706225 0 0.618247009385 0.379505900367 1 3.327239 -0.339284216258 -0.0107209680531
85.2 1000 21 1.31492357227 0 0.618174915224 0.379569900236 1 3.328869 -0.318187425693 -0.117494886602
85.3 1000 21 1.31509056601 0 0.618102110654 0.37963393764 1 3.334083 -0.264413119289 -0.212023219068
85.4 1000 21 1.31525866099 0 0.618028566244 0.379698655298 1 3.328624 -0.183540298016 -0.284607093189
85.5 1000 21 1.31542569204 0 0.617954314061 0.379763528948 1 3.330605 -0.083925278463 -0.327818851714
85.6 1000 21 1.31559315197 0 0.617879532956 0.379828497443 1 3.334057 0.0241620748683 -0.337261858927
85.7 1000 21 1.31576143847 0 0.617804246643 0.379893491123 1 3.328236 0.129596624024 -0.312017827127
85.8 1000 21 1.31592931086 0 0.617728467731 0.379958976747 1 3.329798 0.22154342479 -0.254735863651
85.9 1000 21 1.3160974808 0 0.617652173159 0.380025088947 1 3.336424 0.290570499221 -0.171354462258
86 1000 21 1.31626531555 0 0.617575511007 0.380092168012 1 3.327384 0.329617145093 -0.0704864058612
86.1 1000 21 1.31643339788 0 0.617498741423 0.380158367108 1 3.334459 0.334715055538 0.0374711234128
86.2 1000 21 1.31660243789 0 0.617421673905 0.38022543793 1 3.329784 0.305393045332 0.141408186862
86.3 1000 21 1.31677072418 0 0.617344782626 0.380292624283 1 3.33164 0.244718989343 0.230645493307
86.4 1000 21 1.31694001591 0 0.617267805926 0.380360188762 1 3.331264 0.158978911508 0.296030894527
86.5 1000 21 1.31710918771 0 0.617190977898 0.380427891621 1 3.329058 0.0570267426106 0.330878881149
86.6 1000 21 1.31727820726 0 0.617114392287 0.380495910572 1 3.325059 -0.0506306020628 0.331653826267
86.7 1000 21 1.31744867333 0 0.617038302528 0.380563761412 1 3.328594 -0.152915841826 0.298328388086
86.8 1000 21 1.31761845075 0 0.616962543023 0.380632403602 1 3.32948 -0.239320686788 0.234381217251
86.9 1000 21 1.3177880647 0 0.616887372213 0.380701057202 1 3.328754 -0.30098575677 0.146434153898
87 1000 21 1.31795889479 0 0.616812999136 0.380769169765 1 3.324787 -0.331608829004 0.0435663948753
87.1 1000 21 1.31812898243 0 0.616739373152 0.380836818635 1 3.325956 -0.328088737597 -0.0636226132259
87.2 1000 21 1.31829987707 0 0.616666377574 0.380906188984 1 3.330328 -0.290839618874 -0.164105462972
87.3 1000 21 1.31846993973 0 0.61659437555 0.380975159602 1 3.331594 -0.223742770841 -0.247560758393
87.4 1000 21 1.31864153159 0 0.616523408379 0.381043714324 1 3.339243 -0.133742509605 -0.305433489826
87.5 1000 21 1.31881317887 0 0.616453548402 0.38111215404 1 3.330158 -0.0301274394006 -0.331811896994
87.6 1000 21 1.31898448929 0 0.616384874935 0.381180301446 1 3.336923 0.0764276577049 -0.324031496868
87.7 1000 21 1.31915583979 0 0.616317291626 0.381248805748 1 3.332434 0.174962466115 -0.282944021093
87.8 1000 21 1.31932819117 0 0.616250789507 0.381318282997 1 3.333425 0.255357099185 -0.212824179297
87.9 1000 21 1.31950141415 0 0.616185613784 0.381386982708 1 3.326748 0.309372347894 -0.120926014293
88 1000 21 1.319673652 0 0.616121847953 0.381454320454 1 3.33947 0.331493611968 -0.0167316027047
88.1 1000 21 1.31984655325 0 0.616059404846 0.381522370382 1 3.328855 0.319494144126 0.0890268803448
88.2 1000 21 1.32001716318 0 0.615998496776 0.3815886569 1 3.323247 0.274658878661 0.185472101086
88.3 1000 21 1.32018952196 0 0.615938631041 0.381655906575 1 3.33239 0.201646910374 0.262700709225
88.4 1000 21 1.32036094157 0 0.615880210096 0.381722030203 1 3.331403 0.108008110795 0.312800205499
88.5 1000 21 1.32053301765 0 0.61582283411 0.381788348074 1 3.332042 0.00340164173815 0.330659030236
88.6 1000 21 1.32070484401 0 0.615766432236 0.381854793873 1 3.329267 -0.101399709819 0.314488684126
88.7 1000 21 1.32087598016 0 0.615710719216 0.381922886664 1 3.324411 -0.195618649565 0.266002122681
88.8 1000 21 1.3210484464 0 0.615655915983 0.381991469582 1 3.329029 -0.269582552075 0.190232766812
88.9 1000 21 1.32122134303 0 0.615602181273 0.382058340005 1 3.329771 -0.315715405533 0.0950122627139
89 1000 21 1.32139388481 0 0.615549083573 0.382126127206 1 3.3325 -0.329313904692 -0.00983944319609
89.1 1000 21 1.3215668515 0 0.615496746936 0.382193825581 1 3.336833 -0.309027346822 -0.11352608158
89.2 1000 21 1.32173752411 0 0.615445042946 0.382260853692 1 3.335038 -0.25699147429 -0.205386935429
89.3 1000 21 1.32191124853 0 0.615393904721 0.382328206441 1 3.332162 -0.178602913165 -0.27599342369
89.4 1000 21 1.32208223955 0 0.615342973561 0.382395646843 1 3.334953 -0.0819613159293 -0.31811529083
89.5 1000 21 1.32225340217 0 0.615292199928 0.382463972209 1 3.332591 0.0229692368652 -0.327462462351
89.6 1000 21 1.32242514748 0 0.615241867079 0.382530706149 1 3.333345 0.125386327957 -0.303121065047
89.7 1000 21 1.32259764229 0 0.615191571742 0.38259725643 1 3.333574 0.214761836265 -0.247642648658
89.8 1000 21 1.32276969214 0 0.615141252474 0.382663267189 1 3.333172 0.281923563493 -0.166777156497
89.9 1000 21 1.32294112391 0 0.615090819667 0.382729032255 1 3.332975 0.319997043509 -0.0688768185288
90 1000 21 1.32311125967 0 0.615039803688 0.382795677057 1 3.334823 0.325108707365 0.0359665576726
90.1 1000 21 1.32328144819 0 0.614988269383 0.382862041112 1 3.334349 0.2967800614 0.136961780401
90.2 1000 21 1.32345320717 0 0.614936487984 0.382926834196 1 3.337753 0.237971753586 0.223728482851
90.3 1000 21 1.32362510952 0 0.614884071099 0.382991609757 1 3.333771 0.154774968563 0.287364337852
90.4 1000 21 1.32379449886 0 0.614830691752 0.383056687708 1 3.333425 0.0557798231271 0.321358445831
90.5 1000 21 1.32396588518 0 0.614776338557 0.383122226464 1 3.336027 -0.0488112838554 0.32225694443
90.6 1000 21 1.3241344183 0 0.614720988429 0.383187843364 1 3.335437 -0.148234710811 0.290014688706
90.7 1000 21 1.32430342974 0 0.614664599051 0.383253116221 1 3.336332 -0.232273869686 0.227993938643
90.8 1000 21 1.32447102958 0 0.61460694165 0.383318876207 1 3.335474 -0.292308425334 0.142614876119
90.9 1000 21 1.32463792112 0 0.614548044191 0.383385059207 1 3.332903 -0.322198513892 0.0426902682599
91 1000 21 1.3248046173 0 0.614487811513 0.383451055483 1 3.337178 -0.318913084961 -0.0614839089072
91.1 1000 21 1.32497173793 0 0.614426204465 0.383516566978 1 3.334884 -0.282836696006 -0.159188858372
91.2 1000 21 1.32513756337 0 0.614363190384 0.383583002432 1 3.336051 -0.217725391625 -0.24038630883
91.3 1000 21 1.32530676421 0 0.614299034137 0.383647705939 1 3.339223 -0.130315054672 -0.296749539845
91.4 1000 21 1.32547258985 0 0.614233493622 0.383712584269 1 3.33041 -0.0296264575316 -0.322517329695
91.5 1000 21 1.32564112705 0 0.614166354234 0.383778218516 1 3.332895 0.0739680819324 -0.315082478328
91.6 1000 21 1.32580656538 0 0.614097965088 0.38384333131 1 3.333419 0.169810768544 -0.275256317875
91.7 1000 21 1.32597287112 0 0.614028100721 0.383909096182 1 3.332071 0.248056821432 -0.207179294182
91.8 1000 21 1.32614078781 0 0.613956810103 0.383974723367 1 3.329172 0.300684392791 -0.117891597911
91.9 1000 21 1.32630690085 0 0.613884246298 0.384040379568 1 3.328613 0.322316895398 -0.0166048869467
92 1000 21 1.32647275235 0 0.61381064286 0.384105360852 1 3.329919 0.310772863186 0.086248129639
92.1 1000 21 1.326638404 0 0.613735839963 0.384169818646 1 3.330558 0.267285803771 0.180088415251
92.2 1000 21 1.32680441189 0 0.613659916378 0.384234941795 1 3.327477 0.196371753628 0.255278075797
92.3 1000 21 1.32697014056 0 0.613582894352 0.384300768942 1 3.330396 0.105361795268 0.304110660264
92.4 1000 21 1.32713404937 0 0.613504759039 0.384367189382 1 3.327826 0.00364286833824 0.321600886037
92.5 1000 21 1.32729945631 0 0.613425886474 0.384433583012 1 3.335641 -0.0983097367552 0.305993383537
92.6 1000 21 1.32746465523 0 0.613346266089 0.384500536685 1 3.326796 -0.190010770895 0.258938815195
92.7 1000 21 1.32762948549 0 0.613266063197 0.384567636004 1 3.331712 -0.262044001903 0.185319776728
92.8 1000 21 1.32779400928 0 0.613185350466 0.384634349783 1 3.332266 -0.30702872118 0.0927437878306
92.9 1000 21 1.32795902 0 0.613104471373 0.384701264293 1 3.332791 -0.320375581408 -0.00924263760974
93 1000 21 1.32812609758 0 0.613023622954 0.384766809068 1 3.329085 -0.300755300768 -0.110138274106
93.1 1000 21 1.32829112476 0 0.612942694234 0.38483208479 1 3.336718 -0.250231084043 -0.199568118
93.2 1000 21 1.32845709717 0 0.612861631506 0.384898768638 1 3.332685 -0.174040952266 -0.268350722476
93.3 1000 21 1.32862153759 0 0.612780823298 0.384965979081 1 3.330896 -0.0800556562488 -0.30944033484
93.4 1000 21 1.32878580012 0 0.612700490929 0.385033317865 1 3.329736 0.0220347912274 -0.318648789292
93.5 1000 21 1.32895217811 0 0.612620822706 0.385099326628 1 3.331151 0.121720295189 -0.295072168366
93.6 1000 21 1.32911711406 0 0.612542438074 0.385162617233 1 3.329998 0.208751442725 -0.241179631662
93.7 1000 21 1.3292831244 0 0.612464808668 0.385225896236 1 3.326439 0.274194593041 -0.162554710107
93.8 1000 21 1.32944723765 0 0.612388172172 0.385289315318 1 3.325617 0.311348118346 -0.0673170959415
93.9 1000 21 1.32961309586 0 0.612312862492 0.385350767835 1 3.325897 0.316428797802 0.0347158935311
94 1000 21 1.32977839792 0 0.612238354896 0.385414629853 1 3.326039 0.288957256555 0.13304131487
94.1 1000 21 1.32994679496 0 0.612165066597 0.385477958565 1 3.326123 0.231801927634 0.217551567394
94.2 1000 21 1.33011502816 0 0.612093140468 0.385541755685 1 3.320053 0.150880855029 0.279572951838
94.3 1000 21 1.33028148786 0 0.612021973704 0.385609921045 1 3.332924 0.0545485021576 0.312756652157
94.4 1000 21 1.33044886471 0 0.611952153003 0.385679737435 1 3.329653 -0.0472671651068 0.313727639987
94.5 1000 21 1.33061821563 0 0.611884238527 0.385748196213 1 3.326619 -0.14408726767 0.28242815503
94.6 1000 21 1.33078554234 0 0.611817965049 0.385817686037 1 3.328537 -0.225959992304 0.222120209829
94.7 1000 21 1.33095442928 0 0.611753339972 0.38588714966 1 3.331034 -0.284484387047 0.139043774824
94.8 1000 21 1.3311237354 0 0.611690561862 0.385957460631 1 3.332003 -0.313671076553 0.0417735886505
94.9 1000 21 1.33129231633 0 0.611629586748 0.386028653493 1 3.329794 -0.310556355814 -0.0596677841514
95 1000 21 1.33146053728 0 0.611570273757 0.386100950393 1 3.331459 -0.275502189009 -0.154841366011
95.1 1000 21 1.33163108004 0 0.611512899165 0.38617255515 1 3.330506 -0.212154775883 -0.23396639226
95.2 1000 21 1.33180259331 0 0.611457479484 0.386243817134 1 3.331784 -0.127065656166 -0.288924980113
95.3 1000 21 1.33197421563 0 0.611404011089 0.386315854599 1 3.332769 -0.029014305666 -0.314094979384
95.4 1000 21 1.3321455866 0 0.611352020614 0.386389060975 1 3.332025 0.0718977900145 -0.306925671319
95.5 1000 21 1.33231814456 0 0.611302129839 0.386461635201 1 3.333764 0.16528800621 -0.268194785513
95.6 1000 21 1.33248990378 0 0.611254069605 0.386534609264 1 3.331754 0.241560035119 -0.201925903521
95.7 1000 21 1.33266275852 0 0.611207389231 0.386609019922 1 3.332531 0.292890868324 -0.114969092251
95.8 1000 21 1.33283510146 0 0.611162482728 0.38668401881 1 3.331968 0.314031674451 -0.0162941888483
95.9 1000 21 1.33300878828 0 0.611119432161 0.386757430512 1 3.329274 0.302845656944 0.08393546045
96 1000 21 1.33318108591 0 0.611077513571 0.38683275761 1 3.333394 0.260523335717 0.175409308667
96.1 1000 21 1.33335507575 0 0.611037266767 0.386906955234 1 3.332096 0.19145553514 0.248729714312
96.2 1000 21 1.33352901717 0 0.610998490969 0.386981566201 1 3.336934 0.102778823909 0.29637787504
96.3 1000 21 1.33370413328 0 0.610960755159 0.387056844612 1 3.330022 0.00363747556539 0.313484288026
96.4 1000 21 1.33387833511 0 0.610924055016 0.387133208387 1 3.332955 -0.0957591962576 0.298327032207
96.5 1000 21 1.33405312355 0 0.610888462491 0.387209901224 1 3.331497 -0.185187949419 0.252503665333
96.6 1000 21 1.33422668428 0 0.610853634659 0.387286483959 1 3.336609 -0.255463555473 0.180764120217
96.7 1000 21 1.33440154725 0 0.610819703606 0.387363281263 1 3.333127 -0.299381105576 0.0905174474421
96.8 1000 21 1.33457650395 0 0.610786321266 0.387440522287 1 3.336739 -0.312455686946 -0.00893262454292
96.9 1000 21 1.33475174303 0 0.610753511849 0.387517461167 1 3.334309 -0.293379130898 -0.107347429797
97 1000 21 1.33492673817 0 0.610721209933 0.387594373129 1 3.334272 -0.244151603437 -0.194606723086
97.1 1000 21 1.33510151269 0 0.610689092794 0.387671997952 1 3.335817 -0.169871539689 -0.261750005086
97.2 1000 21 1.33527789159 0 0.610657359864 0.387748655209 1 3.330184 -0.0782073893509 -0.301895848483
97.3 1000 21 1.335452818 0 0.610625140241 0.387827471023 1 3.334476 0.0213938223382 -0.310947687181
97.4 1000 21 1.33562740567 0 0.610592930933 0.387906984035 1 3.331198 0.118679947426 -0.288010918998
97.5 1000 21 1.33580271052 0 0.610560606768 0.387986207561 1 3.331258 0.203649267833 -0.235481721901
97.6 1000 21 1.3359778095 0 0.610528024862 0.388065895734 1 3.332347 0.267578213847 -0.158796664777
97.7 1000 21 1.33615184246 0 0.610494589641 0.3881476836 1 3.330566 0.303917716095 -0.0658697009316
97.8 1000 21 1.33632716746 0 0.61046136555 0.388226605707 1 3.334667 0.308962760745 0.0337245652232
97.9 1000 21 1.33650242639 0 0.610427372787 0.388306992528 1 3.334631 0.282231103518 0.129737314318
98 1000 21 1.33667854041 0 0.610392642419 0.388386563405 1 3.332419 0.226508115039 0.212299783785
98.1 1000 21 1.33685410193 0 0.610357581572 0.388465753193 1 3.332452 0.147557535325 0.272937758829
98.2 1000 21 1.33703025176 0 0.610321766657 0.388544351836 1 3.327696 0.053524200232 0.305441665361
98.3 1000 21 1.33720743986 0 0.610285507306 0.38862164462 1 3.330355 -0.045905362294 0.306501968867
98.4 1000 21 1.33738427125 0 0.610248155992 0.388700380556 1 3.328127 -0.140501375097 0.276046126612
98.5 1000 21 1.33756111439 0 0.610209440105 0.38877974214 1 3.33207 -0.220543495451 0.217242303526
98.6 1000 21 1.33773752452 0 0.610169678848 0.388859788654 1 3.332771 -0.277818505526 0.136169496801
98.7 1000 21 1.33791396831 0 0.610128581947 0.388941246597 1 3.33384 -0.306464280873 0.0411890339285
98.8 1000 21 1.33809147615 0 0.610087138674 0.389018926335 1 3.331375 -0.303568611661 -0.057917789276
98.9 1000 21 1.33826762608 0 0.610044014355 0.389099360978 1 3.330091 -0.269466084753 -0.150956703296
99 1000 21 1.33844510486 0 0.609999942069 0.389179050453 1 3.32618 -0.207698939285 -0.228369088885
99.1 1000 21 1.33862107282 0 0.609955176505 0.389257925709 1 3.331299 -0.124649738331 -0.282214389059
99.2 1000 21 1.33879777277 0 0.609909199968 0.389336800507 1 3.325678 -0.0288813842906 -0.306984448236
99.3 1000 21 1.33897556301 0 0.609862064185 0.389415272955 1 3.332189 0.0697456726094 -0.300166691933
99.4 1000 21 1.33915251861 0 0.609813680568 0.389494284097 1 3.328792 0.161088460122 -0.262499155394
99.5 1000 21 1.33932947606 0 0.609764190921 0.389574059959 1 3.326162 0.235765325812 -0.19788999154
99.6 1000 21 1.33950542721 0 0.609712978416 0.389655763199 1 3.329656 0.286119262229 -0.113013474043
99.7 1000 21 1.33968285077 0 0.609661173501 0.389735011814 1 3.327734 0.307002055518 -0.0166179377366
99.8 1000 21 1.33985983257 0 0.609608031288 0.389816018245 1 3.32991 0.2963019731 0.0813729722155
99.9 1000 21 1.34003718667 0 0.609553789683 0.389896506923 1 3.331823 0.255156167196 0.170884434823
100 1000 21 1.34021415583 0 0.609499144168 0.389974640991 1 3.330237 0.187830001389 0.242724746766
100.1 1000 21 1.34039107529 0 0.609443296023 0.390054455251 1 3.330032 0.101276065978 0.289530039583
100.2 1000 21 1.34056775663 0 0.609386119735 0.390135989104 1 3.327667 0.00441456450039 0.30651895077
100.3 1000 21 1.34074374634 0 0.609328851087 0.390213776115 1 3.330896 -0.0927857938826 0.291980563349
100.4 1000 21 1.34092013593 0 0.609269934542 0.390295184354 1 3.328837 -0.180332809372 0.247447547064
100.5 1000 21 1.34109749116 0 0.609210266378 0.390374948276 1 3.329687 -0.249239457931 0.177533094067
100.6 1000 21 1.34127467514 0 0.609150185272 0.39045376586 1 3.332637 -0.292444759419 0.0894542150509
100.7 1000 21 1.34145191792 0 0.609089150478 0.390533087869 1 3.32715 -0.305538832528 -0.00771318226897
100.8 1000 21 1.34162915724 0 0.609027455199 0.390611987922 1 3.328162 -0.287212186084 -0.103970548857
100.9 1000 21 1.34180861736 0 0.608965185444 0.390689671137 1 3.336095 -0.239386294303 -0.189424873846
101 1000 21 1.34198689945 0 0.608901819622 0.390770121391 1 3.332988 -0.167013703813 -0.25530519442
101.1 1000 21 1.34216437782 0 0.608838387512 0.390849078243 1 3.336228 -0.0775630736396 -0.294863796353
101.2 1000 21 1.34234191115 0 0.608774342256 0.390927815224 1 3.33101 0.0197502382043 -0.304066991776
101.3 1000 21 1.34251897887 0 0.608710199083 0.39100489253 1 3.33045 0.114914089028 -0.282005770328
101.4 1000 21 1.3426970218 0 0.608645016501 0.391083349834 1 3.331986 0.198149677239 -0.230986710132
101.5 1000 21 1.34287454209 0 0.608579775443 0.391160772358 1 3.32773 0.260915925759 -0.156289147004
101.6 1000 21 1.3430529249 0 0.608513669735 0.391239584415 1 3.328745 0.296787103282 -0.0656207426012
101.7 1000 21 1.34323113315 0 0.608447259134 0.391318020519 1 3.328325 0.302109339387 0.0316796937494
101.8 1000 21 1.3434101668 0 0.608380302145 0.391395840412 1 3.33061 0.276373750475 0.125602852143
101.9 1000 21 1.34358750517 0 0.60831305593 0.39147378967 1 3.334519 0.222264111883 0.206499026143
102 1000 21 1.34376527246 0 0.608245465035 0.391551811809 1 3.332481 0.145377662205 0.266069548848
102.1 1000 21 1.34394417825 0 0.608177530635 0.391629739525 1 3.332661 0.0536454544311 0.298218300783
102.2 1000 21 1.34412224638 0 0.60810990538 0.391705361905 1 3.330784 -0.0434850439754 0.299674966415
102.3 1000 21 1.34429973726 0 0.608041407242 0.391783023419 1 3.334703 -0.136023362641 0.270328765822
102.4 1000 21 1.34447747763 0 0.607972731797 0.391860083757 1 3.337422 -0.214463849344 0.213234819014
102.5 1000 21 1.34465672451 0 0.607903650679 0.391937109612 1 3.332641 -0.270761925261 0.134296525669
102.6 1000 21 1.34483460003 0 0.607834372015 0.39201470082 1 3.337143 -0.299158815384 0.0416556069667
102.7 1000 21 1.34501297491 0 0.607765039285 0.392091022698 1 3.328636 -0.296771289109 -0.0551489703081
102.8 1000 21 1.34519095098 0 0.607695912634 0.392165719274 1 3.330751 -0.26388356037 -0.146161613191
102.9 1000 21 1.3453693343 0 0.607626099705 0.392241148217 1 3.336089 -0.203915702448 -0.222034749509
103 1000 21 1.34554707605 0 0.607556278828 0.392315798608 1 3.326488 -0.123065414253 -0.274989243046
103.1 1000 21 1.34572553995 0 0.60748575348 0.392391953462 1 3.329762 -0.0296702209829 -0.299611507179
103.2 1000 21 1.34590371493 0 0.607415223887 0.392467156082 1 3.328217 0.0666545447112 -0.293406817765
103.3 1000 21 1.34608227546 0 0.607344296627 0.392542522715 1 3.33162 0.156004063261 -0.257052818707
103.4 1000 21 1.34626126375 0 0.607273157133 0.392617512334 1 3.333182 0.229203647044 -0.194324768029
103.5 1000 21 1.34643972215 0 0.607201835169 0.392692619548 1 3.329781 0.278749803376 -0.111704309477
103.6 1000 21 1.3466164321 0 0.607130126364 0.392767233813 1 3.3315 0.29958064284 -0.0177095326682
103.7 1000 21 1.34679385146 0 0.607058321493 0.392842244131 1 3.334659 0.289592169214 0.0779833540041
103.8 1000 21 1.34697205744 0 0.606985842592 0.392917772598 1 3.332921 0.249850989622 0.1655366485
103.9 1000 21 1.34714968559 0 0.606913688113 0.392992092 1 3.327855 0.184480422259 0.235961227518
104 1000 21 1.34732618352 0 0.60684121146 0.393066256069 1 3.333739 0.100233093261 0.28204053116
104.1 1000 21 1.34750231362 0 0.606768361355 0.393140304283 1 3.329384 0.00579311295661 0.29906985094
104.2 1000 21 1.34767731327 0 0.606695742919 0.393212882464 1 3.333676 -0.0891189056928 0.285336326258
104.3 1000 21 1.34785182536 0 0.606623038024 0.393284933152 1 3.329595 -0.174746304258 0.242292133256
104.4 1000 21 1.34802510687 0 0.606550375069 0.393354853943 1 3.324445 -0.242299680168 0.174399784366
104.5 1000 21 1.34819748157 0 0.606477785231 0.393424199847 1 3.328419 -0.284859000492 0.0886703557304
104.6 1000 21 1.34836901796 0 0.606404929516 0.393493362114 1 3.333665 -0.298082275965 -0.00606045612793
104.7 1000 21 1.34854135217 0 0.606331881565 0.393562493083 1 3.326973 -0.28064870391 -0.100043631855
104.8 1000 21 1.34871526079 0 0.606258149017 0.393633768594 1 3.332411 -0.234390886807 -0.18361977287
104.9 1000 21 1.34888779825 0 0.606184268873 0.393705356665 1 3.332176 -0.164100999946 -0.248211672929
105 1000 21 1.34906056703 0 0.606109851392 0.393777630312 1 3.327368 -0.0770360892631 -0.287204631637
105.1 1000 21 1.34923346459 0 0.606035202837 0.393850680122 1 3.333027 0.0178325797793 -0.296624215348
105.2 1000 21 1.34940479258 0 0.605960690024 0.393923205493 1 3.335733 0.110742498686 -0.275540948653
105.3 1000 21 1.34957758694 0 0.605885758902 0.393996628488 1 3.328725 0.192146163656 -0.226162602102
105.4 1000 21 1.34974938462 0 0.605811039262 0.394069246298 1 3.33033 0.253690649793 -0.153601804778
105.5 1000 21 1.34992012593 0 0.605736075816 0.394141918314 1 3.327843 0.289076051743 -0.0653485077691
105.6 1000 21 1.35008963749 0 0.605661185525 0.394214369562 1 3.32975 0.294699200965 0.0295048524159
105.7 1000 21 1.35025794967 0 0.605586398655 0.394286280731 1 3.326577 0.270021593102 0.121199137853
105.8 1000 21 1.35042660484 0 0.605511312678 0.394358932834 1 3.332271 0.217620398535 0.200312414614
105.9 1000 21 1.35059473671 0 0.605436234924 0.394431469731 1 3.3328 0.142918942272 0.258729051954
106 1000 21 1.3507599327 0 0.605361295472 0.394503561229 1 3.329791 0.0536258571779 0.290471332445
106.1 1000 21 1.35092526063 0 0.605286498631 0.394575785445 1 3.327295 -0.0410603383162 0.292311883383
106.2 1000 21 1.35108870443 0 0.605211774007 0.394647892723 1 3.328184 -0.131398742946 0.264101065625
106.3 1000 21 1.3512522357 0 0.605137214549 0.394719914844 1 3.328179 -0.208108599447 0.208778992463
106.4 1000 21 1.35141532345 0 0.605062553853 0.394792349748 1 3.330644 -0.263321924829 0.132069160991
106.5 1000 21 1.35157674025 0 0.604988024021 0.394864603565 1 3.330725 -0.29139153393 0.041885857625
106.6 1000 21 1.35173732953 0 0.604913665011 0.394937015544 1 3.329875 -0.289468528043 -0.0524819339493
106.7 1000 21 1.3518973153 0 0.604839277855 0.395009721101 1 3.325371 -0.257790347406 -0.141327601073
106.8 1000 21 1.35205420021 0 0.604765281258 0.395081377454 1 3.330687 -0.199653377124 -0.215524501632
106.9 1000 21 1.35221033348 0 0.604691491158 0.395153502099 1 3.327788 -0.121069920871 -0.267464714772
107 1000 21 1.35236595529 0 0.604617894747 0.395225469306 1 3.326752 -0.0301461312914 -0.291838254077
107.1 1000 21 1.35252046635 0 0.604544337593 0.395298084573 1 3.327062 0.0637538012217 -0.286176436166
107.2 1000 21 1.35267405933 0 0.60447086969 0.395370990493 1 3.326025 0.150972603034 -0.251101663768
107.3 1000 21 1.35282621368 0 0.604397609759 0.395443577259 1 3.328251 0.222552280709 -0.190259288051
107.4 1000 21 1.3529764808 0 0.604324767849 0.395516065929 1 3.327689 0.271154830986 -0.109939115396
107.5 1000 21 1.35312731069 0 0.604252002806 0.395588752664 1 3.332638 0.291814282709 -0.0184249638485
107.6 1000 21 1.35327571844 0 0.604179511461 0.395662027997 1 3.338931 0.282444260135 0.0748593981017
107.7 1000 21 1.35342311429 0 0.604107199705 0.395735223072 1 3.324542 0.244048359845 0.160321059564
107.8 1000 21 1.35356952596 0 0.604035177075 0.395808003876 1 3.328404 0.180613208619 0.229183895419
107.9 1000 21 1.35371530727 0 0.60396321567 0.395881176652 1 3.333834 0.0986946363131 0.274390017092
108 1000 21 1.35385948212 0 0.60389161311 0.39595506666 1 3.32681 0.00673977007379 0.291323513035
108.1 1000 21 1.35400260423 0 0.603820210684 0.396028936971 1 3.32995 -0.085783598503 0.278281347566
108.2 1000 21 1.35414516985 0 0.603749139651 0.396102379964 1 3.330515 -0.169361674768 0.236644620019
108.3 1000 21 1.35428654441 0 0.603678018316 0.396176306071 1 3.327582 -0.235413133756 0.170732736911
108.4 1000 21 1.35442600194 0 0.60360724659 0.396250129379 1 3.331369 -0.277170128467 0.087355247562
108.5 1000 21 1.35456468382 0 0.603536600112 0.396324245036 1 3.326568 -0.290371665067 -0.00489144403776
108.6 1000 21 1.3547026147 0 0.603466156374 0.396398367222 1 3.328112 -0.27369867262 -0.0965106670032
108.7 1000 21 1.35483875075 0 0.603396105803 0.39647227173 1 3.325837 -0.228905367061 -0.17808262337
108.8 1000 21 1.35497430005 0 0.603326163284 0.396546337666 1 3.325311 -0.160635623896 -0.241233315939
108.9 1000 21 1.35510978154 0 0.603256307102 0.396620634494 1 3.330984 -0.0759402497831 -0.279494045081
109 1000 21 1.35524328048 0 0.603186646692 0.396695451092 1 3.328589 0.0164499217467 -0.288963605528
109.1 1000 21 1.35537703728 0 0.603116992929 0.396770458855 1 3.326378 0.107024518078 -0.268707038688
109.2 1000 21 1.35550956084 0 0.603047547398 0.396845949846 1 3.328348 0.186472177331 -0.220846643479
109.3 1000 21 1.35564084807 0 0.602978300628 0.396921632711 1 3.33607 0.246638658307 -0.150340721278
109.4 1000 21 1.35577235553 0 0.602909042165 0.396997064905 1 3.326866 0.281362526212 -0.0644694020423
109.5 1000 21 1.35590199693 0 0.602839955046 0.397072451019 1 3.329623 0.287106560455 0.0279168078181
109.6 1000 21 1.35603240402 0 0.602770901031 0.397148429198 1 3.329148 0.263319073585 0.117309112129
109.7 1000 21 1.35616126414 0 0.602702057659 0.397224278244 1 3.330884 0.212485069426 0.194519077423
109.8 1000 21 1.35629141105 0 0.602633310839 0.397300778704 1 3.327114 0.139867694727 0.251623184387
109.9 1000 21 1.35642191336 0 0.602564587073 0.397377216149 1 3.323591 0.05296281481 0.282775840982
110 1000 21 1.35654996643 0 0.602495965606 0.397453675576 1 3.329565 -0.0392737040643 0.284807335935
110.1 1000 21 1.35667819218 0 0.602427379416 0.397530290031 1 3.331726 -0.127349494245 0.257547010461
110.2 1000 21 1.35680594762 0 0.602358997196 0.397607118009 1 3.325776 -0.20221319797 0.203836933498
110.3 1000 21 1.35693310239 0 0.602290582858 0.397684670351 1 3.325733 -0.256183008471 0.129234778816
110.4 1000 21 1.35706142057 0 0.602222206179 0.397762172294 1 3.328943 -0.283735677459 0.0414398934106
110.5 1000 21 1.35718875517 0 0.602153893007 0.397839946558 1 3.323625 -0.282072714161 -0.0505017349875
110.6 1000 21 1.35731540768 0 0.602085680459 0.397917662734 1 3.335177 -0.251403183366 -0.137129537267
110.7 1000 21 1.35744196842 0 0.602017477111 0.397994772401 1 3.333171 -0.194918829352 -0.209541926209
110.8 1000 21 1.35756887032 0 0.60194939684 0.398072694095 1 3.32714 -0.118461971921 -0.260309908733
110.9 1000 21 1.35769573562 0 0.601881265931 0.398150270882 1 3.326464 -0.0299214292616 -0.284240803077
111 1000 21 1.35782262786 0 0.60181304298 0.398228696757 1 3.325933 0.0615814588542 -0.278908356432
111.1 1000 21 1.35795071925 0 0.601744758374 0.398307146145 1 3.32418 0.146632710504 -0.244898747063
111.2 1000 21 1.35807769355 0 0.601676581191 0.3983857672 1 3.329003 0.216493542344 -0.185746424618
111.3 1000 21 1.35820536983 0 0.60160844276 0.398464478036 1 3.324125 0.263998761363 -0.107567617541
111.4 1000 21 1.35833150233 0 0.601540406447 0.398543102742 1 3.3228 0.284291891807 -0.0184269227005
111.5 1000 21 1.35845989954 0 0.601472143181 0.398622171968 1 3.324046 0.2753205209 0.0724943735065
111.6 1000 21 1.35858697955 0 0.601403833109 0.398700853944 1 3.32339 0.238045176089 0.155842818217
111.7 1000 21 1.35871564947 0 0.601335373581 0.39878041913 1 3.325238 0.176335688312 0.223056256543
111.8 1000 21 1.35884523073 0 0.601266958173 0.39886002391 1 3.323781 0.0965701894901 0.267242933138
111.9 1000 21 1.35897637218 0 0.601198498794 0.398939414197 1 3.325764 0.00697512210154 0.283887703319
112 1000 21 1.35910424918 0 0.601129996429 0.399019117388 1 3.322851 -0.0832223007764 0.271314534074
112.1 1000 21 1.35923516647 0 0.601061246961 0.399098966475 1 3.322328 -0.164745064977 0.230853128357
112.2 1000 21 1.35936795972 0 0.60099249504 0.399178578546 1 3.325258 -0.229219752247 0.166701125383
112.3 1000 21 1.35949906037 0 0.600923620683 0.399258246711 1 3.317924 -0.270037176657 0.0854864628173
112.4 1000 21 1.35963091662 0 0.600854636957 0.399337735082 1 3.324805 -0.28302973519 -0.00441624964085
112.5 1000 21 1.35976150966 0 0.600785620284 0.399417708585 1 3.323085 -0.266896653602 -0.0937494986183
112.6 1000 21 1.3598954778 0 0.600716552186 0.399497398821 1 3.322165 -0.223334329846 -0.173326451266
112.7 1000 21 1.36002822337 0 0.600647299391 0.399577280993 1 3.323861 -0.156858267129 -0.234975596197
112.8 1000 21 1.36016209821 0 0.600577885193 0.39965719029 1 3.326203 -0.0743344995323 -0.272378896173
112.9 1000 21 1.36029785291 0 0.600508273188 0.399737274054 1 3.320656 0.0157290912377 -0.281720422955
113 1000 21 1.36043384429 0 0.600438436665 0.399817628198 1 3.321387 0.104059662882 -0.262074879233
113.1 1000 21 1.36057043941 0 0.600368527963 0.399897316553 1 3.319553 0.181574679437 -0.215500381886
113.2 1000 21 1.36070876129 0 0.60029839019 0.399976557107 1 3.321338 0.240315215988 -0.146820901704
113.3 1000 21 1.36084596039 0 0.600228157742 0.400056074059 1 3.320152 0.274263934264 -0.0631294131891
113.4 1000 21 1.36098303001 0 0.600157654963 0.400135364874 1 3.317919 0.279960942214 0.0269479091758
113.5 1000 21 1.36112277069 0 0.600086962673 0.400214842789 1 3.319512 0.256856098711 0.114138037379
113.6 1000 21 1.36126294204 0 0.600015921352 0.400294214827 1 3.32634 0.207362686583 0.189477156207
113.7 1000 21 1.36140326182 0 0.599944724286 0.400373209819 1 3.322687 0.136604965578 0.24523091164
113.8 1000 21 1.36154471318 0 0.599873286949 0.400452223202 1 3.32321 0.0518882560119 0.275690401471
113.9 1000 21 1.36168472787 0 0.599801655857 0.400531020332 1 3.318889 -0.0380563786594 0.277755167351
114 1000 21 1.36182734002 0 0.599729584008 0.400610124483 1 3.322742 -0.123971487916 0.251248619742
114.1 1000 21 1.36197004917 0 0.599657385968 0.400688430647 1 3.327885 -0.19702474436 0.19893382828
114.2 1000 21 1.36211449192 0 0.599584820856 0.400766931222 1 3.320786 -0.249718460102 0.126224619853
114.3 1000 21 1.36225912075 0 0.599512034756 0.40084481009 1 3.32272 -0.276658937211 0.0406260344606
114.4 1000 21 1.36240545373 0 0.599439011061 0.400923025225 1 3.320012 -0.275107699249 -0.0490407762899
114.5 1000 21 1.36255364001 0 0.59936570033 0.40100073566 1 3.318802 -0.245261185097 -0.133547739121
114.6 1000 21 1.3626999374 0 0.599292318725 0.401077518821 1 3.320473 -0.19022586479 -0.204209049301
114.7 1000 21 1.36284666787 0 0.599218724907 0.401154498651 1 3.321252 -0.115694371356 -0.253773874439
114.8 1000 21 1.36299431724 0 0.599144981677 0.401230521065 1 3.325062 -0.0293583476617 -0.277170827538
114.9 1000 21 1.3631444135 0 0.59907095693 0.401306287524 1 3.321769 0.0598864957505 -0.27202683225
115 1000 21 1.36329457158 0 0.598996771145 0.401381929046 1 3.319259 0.142856115315 -0.238907510332
115.1 1000 21 1.36344177377 0 0.59892262119 0.401456654826 1 3.320417 0.211023776992 -0.181255458584
115.2 1000 21 1.36359080323 0 0.598848463477 0.401530651979 1 3.321172 0.257396121077 -0.105031963986
115.3 1000 21 1.3637425311 0 0.598774126956 0.401604164409 1 3.320973 0.277230698068 -0.018101532581
115.4 1000 21 1.36389529483 0 0.598699529815 0.401678552341 1 3.322736 0.268520830446 0.0705791928844
115.5 1000 21 1.36404751522 0 0.598624819207 0.401752841335 1 3.318382 0.232199043219 0.15188541777
115.6 1000 21 1.36420020466 0 0.598549965652 0.401827068457 1 3.322605 0.172036315903 0.217462490844
115.7 1000 21 1.36435425861 0 0.598475227903 0.401901102531 1 3.320044 0.0942521676916 0.260584071202
115.8 1000 21 1.36450833332 0 0.598400589975 0.4019743154 1 3.322336 0.00687094855028 0.276842322388
115.9 1000 21 1.36466305635 0 0.598325980575 0.402047580441 1 3.322223 -0.0811055175172 0.264598552055
116 1000 21 1.36481660834 0 0.598251606226 0.40211990623 1 3.325155 -0.160625850608 0.225148754718
116.1 1000 21 1.3649710601 0 0.598177462099 0.402192029555 1 3.321907 -0.223519571331 0.162585199818
116.2 1000 21 1.3651251926 0 0.598103553458 0.402263941676 1 3.327445 -0.263337119812 0.08337375637
116.3 1000 21 1.36527896392 0 0.598029957572 0.402335545708 1 3.322443 -0.276010853914 -0.00431528425267
116.4 1000 21 1.36543350531 0 0.597956805348 0.402406588452 1 3.321895 -0.260271048321 -0.091449640483
116.5 1000 21 1.36558987632 0 0.597884101955 0.402477219549 1 3.321929 -0.217772029198 -0.169065346107
116.6 1000 21 1.36574668703 0 0.597811931413 0.402547919056 1 3.331792 -0.152920030739 -0.229188274739
116.7 1000 21 1.36590251292 0 0.597740260752 0.402617799916 1 3.32381 -0.072415515705 -0.265654845429
116.8 1000 21 1.36605702952 0 0.597669218684 0.402687327432 1 3.319719 0.0154393612142 -0.274742085204
116.9 1000 21 1.36621332804 0 0.597598811184 0.402756904311 1 3.320143 0.101596626647 -0.255548611255
117 1000 21 1.36636816322 0 0.597529110163 0.402826079452 1 3.318643 0.177193091787 -0.210084622123
117.1 1000 21 1.36652162738 0 0.597460276938 0.402894692423 1 3.321417 0.234463675518 -0.143060318797
117.2 1000 21 1.36667481882 0 0.597392278861 0.402962956133 1 3.324886 0.267538374858 -0.0613980244957
117.3 1000 21 1.36682819707 0 0.597325304623 0.403030375889 1 3.323069 0.273043555294 0.0264821979459
117.4 1000 21 1.36698199011 0 0.597259299557 0.40309806566 1 3.322635 0.25044586527 0.111530067185
117.5 1000 21 1.36713508508 0 0.597194260585 0.403165612815 1 3.325553 0.202104892588 0.184998031094
117.6 1000 21 1.36728619122 0 0.597130206048 0.403232691022 1 3.326039 0.133025616349 0.239340448874
117.7 1000 21 1.36743760491 0 0.597067388092 0.403299087695 1 3.3276 0.0503410026947 0.268988967687
117.8 1000 21 1.36758862163 0 0.597005780444 0.40336517489 1 3.325783 -0.0374246824099 0.270922110374
117.9 1000 21 1.36773953789 0 0.596945453932 0.40343117669 1 3.328657 -0.121234127236 0.244973997006
118 1000 21 1.3678904624 0 0.596886367669 0.403496987118 1 3.323702 -0.19246870668 0.193847971122
118.1 1000 21 1.36804263417 0 0.59682870066 0.403562653424 1 3.323895 -0.243813023174 0.122834214861
118.2 1000 21 1.36819353236 0 0.596772404553 0.403628020753 1 3.324111 -0.270007016852 0.0392638276985
118.3 1000 21 1.36834181532 0 0.596717389626 0.403692768702 1 3.32622 -0.268384782509 -0.0482487806908
118.4 1000 21 1.36848942254 0 0.59666374272 0.403757200974 1 3.325399 -0.239146237077 -0.130694107004
118.5 1000 21 1.36863871427 0 0.59661156649 0.403821814447 1 3.328813 -0.185331385706 -0.199595017352
118.6 1000 21 1.36878698725 0 0.596560717797 0.403886214062 1 3.325343 -0.112506828206 -0.247876255424
118.7 1000 21 1.36893458561 0 0.596511321502 0.403950501129 1 3.325659 -0.028188499134 -0.270593496016
118.8 1000 21 1.36908346878 0 0.596463399674 0.404014718162 1 3.324987 0.0589349297597 -0.26543875401
118.9 1000 21 1.36923115537 0 0.596416633792 0.404079169172 1 3.323096 0.139893502002 -0.232974003286
119 1000 21 1.36937799308 0 0.596371395213 0.404143110496 1 3.324772 0.2063643395 -0.176571356815
119.1 1000 21 1.36952480902 0 0.596327460566 0.404207037151 1 3.322993 0.251523885368 -0.102061889764
119.2 1000 21 1.36967133236 0 0.596284971387 0.404270572184 1 3.322412 0.270749009778 -0.0171326075266
119.3 1000 21 1.36981744379 0 0.596243650245 0.404334152082 1 3.322178 0.262090431821 0.0694648059305
119.4 1000 21 1.36996351981 0 0.596203611359 0.404397870624 1 3.326539 0.226470108357 0.148817256453
119.5 1000 21 1.37010926869 0 0.596164655005 0.404461561828 1 3.32072 0.16758399966 0.212767342608
119.6 1000 21 1.37025530096 0 0.596126818913 0.404524916773 1 3.32235 0.0915170129075 0.254751744126
119.7 1000 21 1.37040058316 0 0.596090003225 0.404588030403 1 3.323308 0.00611581222211 0.27047457201
119.8 1000 21 1.3705449286 0 0.596054033159 0.40465119936 1 3.323378 -0.0798212898488 0.258346508762
119.9 1000 21 1.37068625371 0 0.59601894268 0.404714013088 1 3.326262 -0.157450371993 0.219646620189
120 1000 21 1.37083022883 0 0.595984647106 0.404777345392 1 3.329271 -0.218793249482 0.1583856784
120.1 1000 21 1.37097432106 0 0.595951241744 0.404840265488 1 3.319353 -0.257555015453 0.0808921116995
120.2 1000 21 1.37111649237 0 0.595918446947 0.404902837025 1 3.326835 -0.269771569629 -0.00484204647484
120.3 1000 21 1.37125853881 0 0.595885912795 0.404966100687 1 3.323485 -0.254214584998 -0.0899858283107
120.4 1000 21 1.37140178963 0 0.595853937305 0.405029240133 1 3.322055 -0.212514727681 -0.165778882697
120.5 1000 21 1.37154268938 0 0.595822136131 0.405092158338 1 3.326874 -0.148991423637 -0.224432341402
120.6 1000 21 1.37168584422 0 0.595790673418 0.405155178252 1 3.325217 -0.0702035815564 -0.259928862372
120.7 1000 21 1.37182733714 0 0.595759185206 0.40521850292 1 3.321114 0.015724457742 -0.268640613539
120.8 1000 21 1.3719689915 0 0.595727658176 0.405282071347 1 3.322924 0.0999436569665 -0.249699980744
120.9 1000 21 1.37210941002 0 0.595696041338 0.40534555714 1 3.322669 0.173789798155 -0.205085437968
121 1000 21 1.37224931349 0 0.595664274335 0.405408711793 1 3.318809 0.229675316625 -0.13941500056
121.1 1000 21 1.37239102252 0 0.595632251335 0.405472207544 1 3.32379 0.261869158851 -0.059467618384
121.2 1000 21 1.37253149372 0 0.595599786668 0.405535589173 1 3.324025 0.267083379429 0.0265149395319
121.3 1000 21 1.37267254248 0 0.595566616165 0.405599578233 1 3.322635 0.244809913969 0.109678870816
121.4 1000 21 1.37281328204 0 0.595533043542 0.405663294334 1 3.327477 0.197370040615 0.181470488868
121.5 1000 21 1.37295378504 0 0.595498731615 0.405727560415 1 3.322485 0.129671101051 0.234514579276
121.6 1000 21 1.37309464626 0 0.595463723748 0.405791817957 1 3.323798 0.0487001922216 0.263372891371
121.7 1000 21 1.37323557716 0 0.595427930496 0.405855721836 1 3.324727 -0.0371973158781 0.265101557029
121.8 1000 21 1.37337725894 0 0.595391167821 0.405920101127 1 3.329198 -0.119178049236 0.239550918096
121.9 1000 21 1.37351740687 0 0.595353383496 0.405984199105 1 3.326068 -0.188810715616 0.189378823655
122 1000 21 1.37365870017 0 0.595314596758 0.406048413312 1 3.325587 -0.238943546626 0.119772965384
122.1 1000 21 1.37379928255 0 0.595274642605 0.406112849673 1 3.321318 -0.264438822794 0.0379156223284
122.2 1000 21 1.37393937154 0 0.595233465376 0.406177758483 1 3.319153 -0.262698853159 -0.0477575436296
122.3 1000 21 1.3740798165 0 0.595191135973 0.406242645124 1 3.319322 -0.233931382622 -0.128427987107
122.4 1000 21 1.37421879742 0 0.59514770283 0.406307308832 1 3.321564 -0.181124429635 -0.19580052941
122.5 1000 21 1.37435876752 0 0.59510299201 0.406372205165 1 3.326448 -0.109736049683 -0.242957109015
122.6 1000 21 1.37449761553 0 0.595056903411 0.406437444977 1 3.325685 -0.0271312121328 -0.265066850256
122.7 1000 21 1.37463734463 0 0.595009664908 0.406502755613 1 3.325284 0.0581797181814 -0.259880940016
122.8 1000 21 1.37477702175 0 0.594961145696 0.40656806759 1 3.32851 0.137415614178 -0.227961055035
122.9 1000 21 1.37491782586 0 0.594911534829 0.406633557171 1 3.321932 0.20243060897 -0.172619597404
123 1000 21 1.37505770592 0 0.594860628568 0.406699294183 1 3.320804 0.246550227331 -0.0995749778839
123.1 1000 21 1.37519838826 0 0.594808756908 0.406764879682 1 3.322381 0.265256576703 -0.0163606897784
123.2 1000 21 1.37533674547 0 0.59475573154 0.406830453734 1 3.323481 0.25665176266 0.0684501186154
123.3 1000 21 1.37547637766 0 0.594701670164 0.406896335407 1 3.326803 0.221648855559 0.146130381953
123.4 1000 21 1.37561481235 0 0.594646745331 0.406961619642 1 3.32795 0.163877096912 0.208695174745
123.5 1000 21 1.37575584179 0 0.594590893323 0.40702748154 1 3.320252 0.0893035740024 0.249722162472
123.6 1000 21 1.37589346651 0 0.594534105691 0.40709334813 1 3.319168 0.00561943277641 0.265013005271
123.7 1000 21 1.37603340645 0 0.594476559153 0.407159214624 1 3.321977 -0.0785564483416 0.253020913153
123.8 1000 21 1.37617205497 0 0.594418373099 0.407225218312 1 3.322911 -0.154562638342 0.215008009783
123.9 1000 21 1.37631065164 0 0.594359647223 0.407291163128 1 3.322948 -0.214587416112 0.154912303252
124 1000 21 1.37644932657 0 0.594300437574 0.407357135661 1 3.322126 -0.252471231206 0.0789398365595
124.1 1000 21 1.37658820166 0 0.59424091852 0.407422986179 1 3.318366 -0.264339186239 -0.00507644804123
124.2 1000 21 1.37672896465 0 0.594181118498 0.407488776009 1 3.319818 -0.248996709263 -0.0884837372139
124.3 1000 21 1.3768670087 0 0.594121230854 0.407554264954 1 3.326518 -0.208050927455 -0.162701174051
124.4 1000 21 1.37700495148 0 0.594061296827 0.407619628681 1 3.320337 -0.145740842526 -0.220101708864
124.5 1000 21 1.37714178767 0 0.594001581015 0.407684850869 1 3.319447 -0.0684993106888 -0.254797263516
124.6 1000 21 1.37727852101 0 0.593941890179 0.407750111683 1 3.323403 0.0157109324401 -0.263240802583
124.7 1000 21 1.37741558098 0 0.593882279432 0.407815590599 1 3.322056 0.0982184050414 -0.244590542968
124.8 1000 21 1.37755328682 0 0.593822961512 0.407880907369 1 3.321552 0.170535628696 -0.200792864012
124.9 1000 21 1.377688249 0 0.593764171626 0.407945811775 1 3.327881 0.225232636107 -0.13638079136
125 1000 21 1.37782485069 0 0.593705813114 0.40801082048 1 3.330706 0.256699183817 -0.0580018570823
125.1 1000 21 1.3779611775 0 0.593648078869 0.408075707229 1 3.32655 0.261721820255 0.0262651159696
125.2 1000 21 1.37809712959 0 0.593591030039 0.408140262077 1 3.32419 0.239810545725 0.107743823398
125.3 1000 21 1.37823429966 0 0.593534690805 0.408204909862 1 3.321878 0.193246856233 0.178054028544
125.4 1000 21 1.37836826063 0 0.593479060187 0.408269288388 1 3.325631 0.126847451396 0.22997261114
125.5 1000 21 1.37850350524 0 0.593424451055 0.40833338782 1 3.320881 0.0474636837109 0.258176621639
125.6 1000 21 1.37863714471 0 0.59337081605 0.408397287015 1 3.32181 -0.0367234918673 0.259788558683
125.7 1000 21 1.37877124006 0 0.593318069835 0.408461494426 1 3.3245 -0.117047558902 0.234668640349
125.8 1000 21 1.37890328438 0 0.593266374935 0.408524918715 1 3.328164 -0.185247610054 0.185429023653
125.9 1000 21 1.37903722886 0 0.593215473231 0.408588642945 1 3.328279 -0.23431909834 0.11715958823
126 1000 21 1.37916868263 0 0.593165767741 0.408651528081 1 3.328552 -0.259232340706 0.0369040965787
126.1 1000 21 1.37930100456 0 0.593117071866 0.408714268382 1 3.322968 -0.257448121966 -0.0470683591581
126.2 1000 21 1.37943210607 0 0.593069433778 0.408776871472 1 3.318049 -0.229177054674 -0.126114224718
126.3 1000 21 1.37956333581 0 0.593022605482 0.408839627106 1 3.323712 -0.177354143005 -0.192105560111
126.4 1000 21 1.37969342288 0 0.592976841757 0.408901443996 1 3.329012 -0.107334853588 -0.23826585403
126.5 1000 21 1.37982268957 0 0.592932013518 0.408963365663 1 3.326802 -0.0263415877187 -0.259865378592
126.6 1000 21 1.37995100316 0 0.59288820702 0.409024474801 1 3.321999 0.0572817175456 -0.254706589341
126.7 1000 21 1.38008079018 0 0.592845194395 0.409085798336 1 3.323821 0.134928963631 -0.223346528547
126.8 1000 21 1.38020999303 0 0.592802882235 0.409147406535 1 3.322567 0.198617157154 -0.169037923229
126.9 1000 21 1.38033788497 0 0.592761518741 0.409207766828 1 3.322984 0.241807702669 -0.0973910501841
127 1000 21 1.38046400395 0 0.592720862202 0.409267448258 1 3.324609 0.26007705904 -0.0157943148663
127.1 1000 21 1.38058982748 0 0.592680686684 0.409327255867 1 3.326751 0.251570246218 0.067347358883
127.2 1000 21 1.38071539321 0 0.592641025136 0.40938743159 1 3.325079 0.217189083255 0.14347851334
127.3 1000 21 1.38084010635 0 0.592602006812 0.409446584411 1 3.326518 0.160496192822 0.204773923898
127.4 1000 21 1.38096654092 0 0.59256314377 0.409505939196 1 3.324818 0.0873457218153 0.244941401821
127.5 1000 21 1.38109170321 0 0.592524764311 0.409564678307 1 3.326238 0.00528011662173 0.259869329986
127.6 1000 21 1.38121632076 0 0.592486552095 0.409623464611 1 3.330405 -0.077249119444 0.248046984862
127.7 1000 21 1.38134126875 0 0.592448353238 0.40968208504 1 3.325305 -0.151750413735 0.210716026768
127.8 1000 21 1.3814653264 0 0.592410031282 0.409740680909 1 3.326123 -0.210566975854 0.151742586206
127.9 1000 21 1.38158926236 0 0.592371992732 0.409798208954 1 3.322975 -0.24766369465 0.0772147118929
128 1000 21 1.38171236 0 0.592333690918 0.40985560066 1 3.321565 -0.259244522705 -0.00518497368174
128.1 1000 21 1.3818339867 0 0.592295253349 0.409912033396 1 3.324547 -0.244143147118 -0.0869714545559
128.2 1000 21 1.38195588205 0 0.5922563481 0.409968400556 1 3.324902 -0.203939162357 -0.159731511426
128.3 1000 21 1.38207651152 0 0.592217370894 0.410023514696 1 3.323133 -0.142793183936 -0.215988735257
128.4 1000 21 1.3821985923 0 0.592177516112 0.410080068403 1 3.325598 -0.0670155533952 -0.249971016814
128.5 1000 21 1.38231952766 0 0.592136992759 0.410136630403 1 3.322216 0.0155830694058 -0.258204260644
128.6 1000 21 1.38244135562 0 0.592095831804 0.410192989826 1 3.32389 0.0964992650867 -0.239866581541
128.7 1000 21 1.38256335819 0 0.592053977259 0.410248791231 1 3.325015 0.16741020638 -0.196869845697
128.8 1000 21 1.38268412911 0 0.592011629975 0.410303107582 1 3.324558 0.221030573252 -0.133661486641
128.9 1000 21 1.38280416811 0 0.591968176617 0.41035861344 1 3.326969 0.251860679694 -0.0567637277312
129 1000 21 1.38292479115 0 0.591924190874 0.410412514579 1 3.324467 0.256751243361 0.0258997953622
129.1 1000 21 1.38304579474 0 0.591878794768 0.410468311245 1 3.322962 0.235224152175 0.105819418221
129.2 1000 21 1.38316632436 0 0.591832593182 0.410523437383 1 3.328455 0.189519588969 0.174776089184
129.3 1000 21 1.38328728503 0 0.591785775188 0.41057685167 1 3.322641 0.124362358693 0.225686957472
129.4 1000 21 1.38340711392 0 0.591737639035 0.410631414122 1 3.326162 0.0464745339577 0.253331823988
129.5 1000 21 1.38352785668 0 0.591688578781 0.410685823499 1 3.323915 -0.0361194877855 0.254889470457
129.6 1000 21 1.38364983118 0 0.591638861784 0.410738628743 1 3.326806 -0.114918594046 0.230224534453
129.7 1000 21 1.38377101185 0 0.59158812544 0.410792008413 1 3.321094 -0.181820024179 0.181899941133
129.8 1000 21 1.38389139988 0 0.591536737813 0.410844608461 1 3.325383 -0.229953272708 0.114909842243
129.9 1000 21 1.38401418466 0 0.591484101945 0.410898245158 1 3.320984 -0.254384529189 0.0361628050005
130 1000 21 1.38413412092 0 0.59143100586 0.410951353254 1 3.327685 -0.25262410382 -0.0462281559116
130.1 1000 21 1.38425565884 0 0.591377029296 0.411004106293 1 3.320923 -0.224877720586 -0.123784765806
130.2 1000 21 1.38437777116 0 0.591322409236 0.411056875437 1 3.322583 -0.174024970136 -0.188533193878
130.3 1000 21 1.38449940266 0 0.591266825921 0.411110305219 1 3.321474 -0.105319216204 -0.233825005732
130.4 1000 21 1.38462239105 0 0.591210846173 0.411163009465 1 3.32647 -0.0258452812042 -0.255019802412
130.5 1000 21 1.38474598314 0 0.591153964979 0.411217030941 1 3.327335 0.0562110953367 -0.249960590809
130.6 1000 21 1.38486952118 0 0.591097145147 0.411269918089 1 3.325652 0.132406210227 -0.219193074092
130.7 1000 21 1.38499368909 0 0.591039570717 0.411323724448 1 3.322553 0.194907601049 -0.16590686337
130.8 1000 21 1.38511660615 0 0.590982441423 0.411375486355 1 3.324598 0.237299255824 -0.0956055908829
130.9 1000 21 1.38524192056 0 0.590925007162 0.411427775914 1 3.325022 0.255239703615 -0.0155366088355
131 1000 21 1.3853685207 0 0.590867392012 0.411480135339 1 3.32451 0.246906827026 0.0660542260996
131.1 1000 21 1.38549520441 0 0.590809871998 0.411532440971 1 3.325744 0.213183053908 0.140772148628
131.2 1000 21 1.3856241247 0 0.590752545736 0.411584549289 1 3.326839 0.157561348154 0.20093777193
131.3 1000 21 1.38575130254 0 0.590695402798 0.411636582439 1 3.320592 0.0857849478262 0.240375767496
131.4 1000 21 1.3858789653 0 0.590638587475 0.411688882593 1 3.321941 0.00525223548398 0.255049093181
131.5 1000 21 1.38600711107 0 0.59058239595 0.411740013005 1 3.321209 -0.0757441146051 0.24347217934
131.6 1000 21 1.38613492207 0 0.590526313464 0.411792814969 1 3.322114 -0.148871781345 0.206860878768
131.7 1000 21 1.38626555954 0 0.590470697827 0.411844736589 1 3.324342 -0.206616078267 0.149004770314
131.8 1000 21 1.38639723698 0 0.590416031112 0.41189654131 1 3.322891 -0.243051859482 0.0758757293103
131.9 1000 21 1.38652824583 0 0.590361808359 0.41194843268 1 3.322157 -0.254450566081 -0.00498909781968
132 1000 21 1.38665954238 0 0.590308795578 0.411999331715 1 3.322773 -0.239664325266 -0.085264201499
132.1 1000 21 1.38679295507 0 0.590255981445 0.412051087787 1 3.317818 -0.20023831889 -0.156692839393
132.2 1000 21 1.38692764514 0 0.590203686777 0.412103654616 1 3.322674 -0.140251510579 -0.211935602612
132.3 1000 21 1.38706393946 0 0.590152537431 0.412155017693 1 3.330236 -0.0658940974613 -0.245325082886
132.4 1000 21 1.38720059249 0 0.590102052349 0.412206891236 1 3.319004 0.0151717179768 -0.253447758552
132.5 1000 21 1.38733672004 0 0.590052373244 0.412258794873 1 3.322575 0.0946006143258 -0.235491740474
132.6 1000 21 1.38747571427 0 0.590003675429 0.412310099253 1 3.329505 0.164223984822 -0.193328431781
132.7 1000 21 1.38761236615 0 0.589955837295 0.412361957621 1 3.320251 0.216889029542 -0.131318379235
132.8 1000 21 1.38775129156 0 0.589908639197 0.412413369978 1 3.321481 0.247194528631 -0.0558582403784
132.9 1000 21 1.3878891917 0 0.589862272323 0.412465441529 1 3.323516 0.25204464711 0.0252766942779
133 1000 21 1.38802902687 0 0.589816474053 0.412517486581 1 3.328098 0.230964220135 0.103735923812
133.1 1000 21 1.38817049193 0 0.589771167848 0.412569713162 1 3.325078 0.186145929251 0.171451166948
133.2 1000 21 1.38830839225 0 0.589726794237 0.412622079284 1 3.324462 0.122223111185 0.221467333683
133.3 1000 21 1.38844735267 0 0.589682991449 0.412674145125 1 3.322189 0.0457881481077 0.248656773193
133.4 1000 21 1.38858959842 0 0.589639492753 0.41272687725 1 3.322035 -0.035285487795 0.25024418041
133.5 1000 21 1.3887311345 0 0.58959634493 0.412778917011 1 3.323489 -0.112653326726 0.226090494483
133.6 1000 21 1.3888716215 0 0.58955384407 0.412830259798 1 3.321924 -0.178361454784 0.178704704069
133.7 1000 21 1.38901159653 0 0.58951095225 0.412883554518 1 3.325003 -0.225662624509 0.112982927571
133.8 1000 21 1.38915318707 0 0.589468797588 0.412935512729 1 3.322192 -0.24970929683 0.0357018867408
133.9 1000 21 1.3892943548 0 0.589426100064 0.412989181931 1 3.322339 -0.248049928749 -0.0451783058118
134 1000 21 1.38943602311 0 0.589383755711 0.413041576165 1 3.322938 -0.220880052974 -0.121335910586
134.1 1000 21 1.38957757973 0 0.589341178409 0.413094036147 1 3.324859 -0.171018296163 -0.184942406099
134.2 1000 21 1.38971843281 0 0.589298337541 0.413146753996 1 3.328301 -0.103614828109 -0.2294675211
134.3 1000 21 1.38986026179 0 0.589255145588 0.413199032124 1 3.322077 -0.0256185920785 -0.250350391463
134.4 1000 21 1.39000510432 0 0.589211284489 0.413251620496 1 3.323833 0.0549388219209 -0.245465869962
134.5 1000 21 1.39015087287 0 0.58916672536 0.413304456135 1 3.328533 0.129769495388 -0.215341199267
134.6 1000 21 1.39029540701 0 0.589121672651 0.41335667838 1 3.324156 0.191182601945 -0.163098693197
134.7 1000 21 1.39044210545 0 0.589075347833 0.413409658187 1 3.321178 0.232875032142 -0.094132416657
134.8 1000 21 1.39058439879 0 0.589028249154 0.413463147783 1 3.326228 0.250578435018 -0.0155522917638
134.9 1000 21 1.39072922863 0 0.588980228819 0.413515625537 1 3.320269 0.2424951618 0.0645516336201
135 1000 21 1.39087411001 0 0.588931059814 0.413568378597 1 3.320561 0.209482052111 0.13793982822
135.1 1000 21 1.39101944254 0 0.588880512132 0.413621834262 1 3.326182 0.154958419871 0.19707136271
135.2 1000 21 1.39116575939 0 0.588828949236 0.413674742088 1 3.321578 0.0845527937163 0.235878711706
135.3 1000 21 1.3913141702 0 0.588775618179 0.413728744559 1 3.32602 0.00552101724485 0.250391373964
135.4 1000 21 1.39145964931 0 0.588720835805 0.413782485787 1 3.325264 -0.0740000947372 0.239141025349
135.5 1000 21 1.39160604298 0 0.588664587645 0.41383610957 1 3.327168 -0.145832347039 0.203310303403
135.6 1000 21 1.39175292148 0 0.588606838652 0.413889555003 1 3.325334 -0.202596864036 0.146608845794
135.7 1000 21 1.39189517105 0 0.588547675119 0.413942805387 1 3.327693 -0.238471439177 0.0748891418998
135.8 1000 21 1.39203954767 0 0.588487114232 0.413995541467 1 3.328841 -0.249788220728 -0.0044592082888
135.9 1000 21 1.39218475669 0 0.588424735634 0.414049087269 1 3.327728 -0.235408312507 -0.0832687664955
136 1000 21 1.39233065438 0 0.588360905194 0.414101675754 1 3.327636 -0.196836409286 -0.153435743749
136.1 1000 21 1.39247525751 0 0.588295315433 0.414154589874 1 3.323806 -0.138064024954 -0.207753477778
136.2 1000 21 1.39261872332 0 0.588228328186 0.41420717904 1 3.322269 -0.0651558886593 -0.240652532898
136.3 1000 21 1.39276157624 0 0.588159460641 0.414260785357 1 3.333869 0.0143761641973 -0.248771960466
136.4 1000 21 1.39290592487 0 0.588088979384 0.414314712562 1 3.327437 0.0923468266709 -0.231302863075
136.5 1000 21 1.39305043441 0 0.588017061619 0.414368204344 1 3.32134 0.160739823179 -0.190068348817
136.6 1000 21 1.39319051848 0 0.587943624485 0.414422022001 1 3.326464 0.212531846064 -0.129334558381
136.7 1000 21 1.39333108202 0 0.587868822774 0.414476056572 1 3.324543 0.242415825219 -0.0553670532621
136.8 1000 21 1.39347323201 0 0.587792805264 0.414529845659 1 3.32459 0.247341560735 0.0242145367058
136.9 1000 21 1.39361646575 0 0.587715393736 0.414584272023 1 3.323639 0.226829103353 0.101220249013
137 1000 21 1.39376209674 0 0.58763706385 0.414637896024 1 3.326592 0.183014993098 0.167733988899
137.1 1000 21 1.39390367674 0 0.587557391251 0.414692559831 1 3.329631 0.120430892907 0.216927435699
137.2 1000 21 1.39404627579 0 0.587476988794 0.414746689201 1 3.3291 0.0455325188624 0.243761313716
137.3 1000 21 1.39418688135 0 0.587396057481 0.414800122151 1 3.329117 -0.0339644461015 0.245500512216
137.4 1000 21 1.39433058912 0 0.587314324274 0.414854222582 1 3.329024 -0.109880710886 0.22199381526
137.5 1000 21 1.39447284029 0 0.587231829245 0.414908981951 1 3.329539 -0.174412809693 0.175686441376
137.6 1000 21 1.39461719684 0 0.587149175606 0.414963092012 1 3.325326 -0.220937539539 0.111365584513
137.7 1000 21 1.39476194563 0 0.587066568536 0.415016291917 1 3.321327 -0.24469094173 0.0356661173306
137.8 1000 21 1.39490551222 0 0.586983520747 0.415070880217 1 3.321697 -0.243255345003 -0.0436144150759
137.9 1000 21 1.39504811402 0 0.58690052319 0.415125325733 1 3.325594 -0.216807154243 -0.118319376542
138 1000 21 1.39519183089 0 0.586817303797 0.415181086015 1 3.326271 -0.16809411708 -0.180771139793
138.1 1000 21 1.39533241345 0 0.586734986219 0.415234690969 1 3.32489 -0.102152061838 -0.224561441851
138.2 1000 21 1.39547413193 0 0.586652580391 0.415289803146 1 3.327729 -0.0257810128903 -0.245208022628
138.3 1000 21 1.39561915144 0 0.586570787664 0.415344592547 1 3.321727 0.053152563946 -0.240613488166
138.4 1000 21 1.39576314471 0 0.58648948069 0.41539992257 1 3.321353 0.126527460472 -0.211279615507
138.5 1000 21 1.39590875273 0 0.58640893403 0.415455470876 1 3.321499 0.186804298649 -0.160251583936
138.6 1000 21 1.39605295479 0 0.586329544953 0.41551026501 1 3.323855 0.227798743153 -0.0928027730846
138.7 1000 21 1.39619528316 0 0.586251115693 0.41556507592 1 3.321621 0.245316684044 -0.0158888412095
138.8 1000 21 1.39634069576 0 0.586173873938 0.41561996349 1 3.324502 0.237583404194 0.0625688169651
138.9 1000 21 1.39648670858 0 0.586097814983 0.415675047715 1 3.323188 0.205423692395 0.134498648756
139 1000 21 1.39662878879 0 0.58602282968 0.415730336576 1 3.322784 0.152173569995 0.192509787091
139.1 1000 21 1.39677318838 0 0.585949233375 0.415785706038 1 3.322679 0.0833343796538 0.230651848164
139.2 1000 21 1.39691802938 0 0.585877113715 0.415840634586 1 3.324162 0.0060049532259 0.245024459021
139.3 1000 21 1.39706177598 0 0.585806565944 0.415895292098 1 3.323424 -0.0718505641108 0.234176835285
139.4 1000 21 1.3972095385 0 0.585737336776 0.415950607748 1 3.317404 -0.142223833844 0.199253410998
139.5 1000 21 1.39735541343 0 0.585669644753 0.416005930193 1 3.323507 -0.197883633485 0.143875082496
139.6 1000 21 1.39750118176 0 0.585603704711 0.416060696724 1 3.323875 -0.233122027379 0.0737619263827
139.7 1000 21 1.39764913426 0 0.585539132743 0.416115964458 1 3.319139 -0.244337270598 -0.00385683716242
139.8 1000 21 1.39779503617 0 0.585476325255 0.416171172408 1 3.321328 -0.230403755381 -0.0809872626177
139.9 1000 21 1.39794298536 0 0.58541498099 0.416226508599 1 3.322521 -0.192783377551 -0.149695679252
140 1000 21 1.39809319043 0 0.58535510144 0.416282061216 1 3.326161 -0.135373399975 -0.202923046579
140.1 1000 21 1.39824292819 0 0.585296478541 0.416338132024 1 3.320411 -0.0641029876496 -0.235211035605
140.2 1000 21 1.39839253144 0 0.585239471009 0.416393855948 1 3.317981 0.0136791494845 -0.243262177298
140.3 1000 21 1.39854439567 0 0.585184084337 0.416449008245 1 3.32191 0.089963860714 -0.22627541536
140.4 1000 21 1.39869529242 0 0.585129884949 0.416504777867 1 3.31974 0.156903488899 -0.18602707637
140.5 1000 21 1.39884750475 0 0.585076948948 0.416560262473 1 3.327666 0.207621717074 -0.126684475518
140.6 1000 21 1.39900060249 0 0.585024872121 0.416617090084 1 3.322257 0.236918209822 -0.0543753134661
140.7 1000 21 1.39915280851 0 0.584974093885 0.41667304558 1 3.319456 0.241803442428 0.0234455986523
140.8 1000 21 1.3993066349 0 0.584924573162 0.416729020589 1 3.32353 0.2218021287 0.098765242645
140.9 1000 21 1.39945759836 0 0.584876176098 0.416784013278 1 3.320664 0.179000469908 0.163835910846
141 1000 21 1.3996133976 0 0.584828342443 0.416840037271 1 3.317422 0.117827144066 0.211973838756
141.1 1000 21 1.39976951925 0 0.58478133785 0.416895930892 1 3.318701 0.0445980622534 0.238244355361
141.2 1000 21 1.39992550763 0 0.584734875966 0.416952254724 1 3.316164 -0.0331380227422 0.239968463254
141.3 1000 21 1.40007869015 0 0.584689036465 0.41700751088 1 3.316229 -0.107376408697 0.216996020503
141.4 1000 21 1.40023403003 0 0.58464355122 0.417063544138 1 3.32085 -0.170482212375 0.171718417847
141.5 1000 21 1.40039101592 0 0.584598567519 0.417118742855 1 3.319378 -0.215973428654 0.108819293457
141.6 1000 21 1.40054791394 0 0.584553870658 0.417174000423 1 3.317593 -0.239188276722 0.0347909062116
141.7 1000 21 1.40070493526 0 0.58450912925 0.417229714611 1 3.319055 -0.237762042333 -0.0427365454633
141.8 1000 21 1.40086311059 0 0.584464317708 0.417285423697 1 3.315874 -0.211868049238 -0.11578120905
141.9 1000 21 1.40102302462 0 0.584419227028 0.417342091907 1 3.318381 -0.164197041275 -0.176830890722
142 1000 21 1.40118137076 0 0.584374097131 0.417397862807 1 3.318096 -0.0996793429354 -0.219615132756
142.1 1000 21 1.40133972008 0 0.584328580298 0.417454036703 1 3.316678 -0.0249725039893 -0.239750781471
142.2 1000 21 1.4014990038 0 0.58428283017 0.41750967048 1 3.320505 0.052224550157 -0.235190090946
142.3 1000 21 1.40166120514 0 0.584236378105 0.417566085588 1 3.321045 0.12396455342 -0.206428069506
142.4 1000 21 1.40182246401 0 0.58418910064 0.417623154562 1 3.318574 0.182869032718 -0.156450895898
142.5 1000 21 1.4019836608 0 0.58414137788 0.417679156304 1 3.317342 0.222890182594 -0.0904248044968
142.6 1000 21 1.40214473883 0 0.584092973455 0.417735743884 1 3.320657 0.239929086274 -0.0151613051592
142.7 1000 21 1.40230677722 0 0.584043708857 0.417792087644 1 3.319158 0.232255823477 0.0615836808897
142.8 1000 21 1.40247214399 0 0.583993445688 0.417849218549 1 3.318889 0.200685577348 0.131910098218
142.9 1000 21 1.40263534091 0 0.583942541087 0.417905670562 1 3.31942 0.148493266181 0.188586574932
143 1000 21 1.4027987987 0 0.583890808207 0.417961653086 1 3.317318 0.0810711866813 0.225794380774
143.1 1000 21 1.40296309853 0 0.583838199032 0.418018176765 1 3.321475 0.00537423476825 0.239724135986
143.2 1000 21 1.40312871591 0 0.583784378241 0.418074524924 1 3.322504 -0.0707980149009 0.228965189987
143.3 1000 21 1.4032927652 0 0.583729513511 0.418130435269 1 3.320099 -0.139604676611 0.194651137469
143.4 1000 21 1.40345839683 0 0.583673484168 0.41818736281 1 3.324383 -0.193972164246 0.140337581263
143.5 1000 21 1.40362317467 0 0.583616700985 0.418244149778 1 3.321487 -0.22831975345 0.0716353166904
143.6 1000 21 1.40378604562 0 0.583559267953 0.418299832731 1 3.320882 -0.239132963068 -0.00437011490354
143.7 1000 21 1.40395171283 0 0.583500477225 0.418357065589 1 3.322567 -0.225321842599 -0.0798488904053
143.8 1000 21 1.40411903724 0 0.583440963111 0.418414366251 1 3.32776 -0.188333027526 -0.147033258063
143.9 1000 21 1.40428568744 0 0.583380306851 0.418472223553 1 3.322299 -0.131997365515 -0.199015700928
144 1000 21 1.40445207276 0 0.583319193975 0.418528867449 1 3.325449 -0.0621322229095 -0.230462330224
144.1 1000 21 1.40461734883 0 0.583257379954 0.418585439079 1 3.323385 0.0140575307443 -0.2381567791
144.2 1000 21 1.40478381633 0 0.58319483465 0.418642168997 1 3.323507 0.088724409376 -0.221330915997
144.3 1000 21 1.40495134612 0 0.583131743237 0.418698890888 1 3.320536 0.154184844116 -0.181740943963
144.4 1000 21 1.40511882955 0 0.583067991424 0.418756881228 1 3.32353 0.203710212148 -0.123484224681
144.5 1000 21 1.40528333425 0 0.583004097381 0.418812945636 1 3.327262 0.232219028387 -0.0525760783876
144.6 1000 21 1.40544865925 0 0.582939610172 0.418869701811 1 3.32116 0.236797952268 0.0236731843727
144.7 1000 21 1.40561440512 0 0.582874920615 0.418926606642 1 3.319856 0.21699970726 0.097410550873
144.8 1000 21 1.40578137679 0 0.582809946857 0.418983855098 1 3.325947 0.1748856517 0.161049107394
144.9 1000 21 1.40594460868 0 0.582745121846 0.419039739892 1 3.322915 0.114813161001 0.208048386759
145 1000 21 1.40611005554 0 0.582679839789 0.419097159529 1 3.328785 0.0429822679806 0.233587380773
145.1 1000 21 1.40627654261 0 0.582614775059 0.419154025874 1 3.32113 -0.0332022794213 0.235058840031
145.2 1000 21 1.40644330367 0 0.582549870444 0.419211334753 1 3.323755 -0.105894778647 0.212334833366
145.3 1000 21 1.40660867939 0 0.582485023401 0.419269131736 1 3.32328 -0.167616256233 0.167777884289
145.4 1000 21 1.40677422786 0 0.58242065876 0.41932655046 1 3.32529 -0.212025248393 0.105995244311
145.5 1000 21 1.40693993078 0 0.582356575287 0.41938433136 1 3.323894 -0.234567358111 0.0333627395645
145.6 1000 21 1.4071065453 0 0.582292875652 0.419442297918 1 3.32007 -0.232943260682 -0.0426330788619
145.7 1000 21 1.40727186714 0 0.58222989794 0.419499536701 1 3.32819 -0.207344232906 -0.114167138239
145.8 1000 21 1.40743520364 0 0.582167561401 0.419556902302 1 3.328768 -0.160427896215 -0.173880520968
145.9 1000 21 1.40759838273 0 0.582105840737 0.419614009308 1 3.323836 -0.0970438801669 -0.215638406439
146 1000 21 1.4077645931 0 0.582044520272 0.419672007089 1 3.324496 -0.0237318004057 -0.235160086993
146.1 1000 21 1.40792898563 0 0.581984126219 0.419729704391 1 3.327775 0.0519524935794 -0.230457383778
146.2 1000 21 1.40809277359 0 0.58192450926 0.419786898077 1 3.324934 0.122216199767 -0.202037616496
146.3 1000 21 1.4082566444 0 0.58186557036 0.419845361955 1 3.322525 0.179832661464 -0.15284914393
146.4 1000 21 1.40841998766 0 0.581807546363 0.41990277168 1 3.320538 0.21888334446 -0.0879739802783
146.5 1000 21 1.40858330524 0 0.581750454712 0.419960885481 1 3.324473 0.235366617169 -0.0141051015207
146.6 1000 21 1.40874569694 0 0.581694257025 0.420019068017 1 3.320709 0.227606949888 0.0611456315776
146.7 1000 21 1.4089098696 0 0.581638685874 0.420077973644 1 3.327534 0.196425285326 0.130031185429
146.8 1000 21 1.40907370402 0 0.58158410958 0.420136492017 1 3.322144 0.145053788759 0.185466830537
146.9 1000 21 1.40923589707 0 0.58153056048 0.420194823145 1 3.325143 0.0787995869607 0.221759150498
147 1000 21 1.40939854444 0 0.581477770903 0.420253459126 1 3.319533 0.00449562235132 0.235190111084
147.1 1000 21 1.40956021074 0 0.581425978026 0.420311689332 1 3.322031 -0.0702015684936 0.224398636779
147.2 1000 21 1.40972284881 0 0.581374856559 0.420370173234 1 3.323816 -0.137603072606 0.190517549258
147.3 1000 21 1.40988533986 0 0.581324558444 0.420429375881 1 3.320675 -0.190777155792 0.137056342591
147.4 1000 21 1.41004656606 0 0.581275404005 0.420487957521 1 3.317621 -0.224264262857 0.0695361449055
147.5 1000 21 1.41020925057 0 0.581226894953 0.420547542872 1 3.32543 -0.234635060604 -0.00508051984694
147.6 1000 21 1.41037209108 0 0.581179109156 0.420606896574 1 3.326802 -0.220842729653 -0.0791065296608
147.7 1000 21 1.41053324434 0 0.581132100243 0.420665709139 1 3.320373 -0.184329192786 -0.144921817553
147.8 1000 21 1.41069450275 0 0.581085672451 0.420724714894 1 3.321498 -0.128873319813 -0.195759358172
147.9 1000 21 1.41085679537 0 0.581039859857 0.420784342862 1 3.316688 -0.0602006571648 -0.226399902187
148 1000 21 1.41101775469 0 0.580994772489 0.420843647631 1 3.319512 0.0146079138579 -0.233707075692
148.1 1000 21 1.41118105878 0 0.580949910124 0.420903299861 1 3.319688 0.0878465869097 -0.216948868143
148.2 1000 21 1.41134345352 0 0.5809055228 0.420962875971 1 3.319728 0.151977563174 -0.177872143996
148.3 1000 21 1.4115057751 0 0.580861566766 0.421022692128 1 3.316972 0.200407373724 -0.120519223079
148.4 1000 21 1.41166828137 0 0.580817985991 0.421082633927 1 3.32672 0.228164459931 -0.050809324326
148.5 1000 21 1.41182954665 0 0.580774717688 0.421143097858 1 3.320803 0.232409888612 0.024070342512
148.6 1000 21 1.4119929627 0 0.580731431477 0.421203463643 1 3.323931 0.212726108174 0.0964083167221
148.7 1000 21 1.41215628647 0 0.580688516948 0.421264440658 1 3.323037 0.171160808572 0.158760144452
148.8 1000 21 1.41231911874 0 0.580645656568 0.421325285359 1 3.319969 0.112010878399 0.204715498378
148.9 1000 21 1.41248264832 0 0.580602696625 0.421386297445 1 3.319172 0.0413797383912 0.229558257206
149 1000 21 1.41264523817 0 0.580559834326 0.421447208758 1 3.320939 -0.0334516272899 0.230748875518
149.1 1000 21 1.41280843106 0 0.580516987422 0.421507978617 1 3.31864 -0.104777309697 0.208184666085
149.2 1000 21 1.41297173967 0 0.580473927828 0.421568572264 1 3.318228 -0.165257909522 0.164208018062
149.3 1000 21 1.41313593583 0 0.580430597779 0.421630501174 1 3.322261 -0.208676878979 0.103363552484
149.4 1000 21 1.41329987027 0 0.580387339086 0.421691909324 1 3.32146 -0.230578818257 0.0319288209881
149.5 1000 21 1.41346370048 0 0.580343833826 0.421753460718 1 3.316226 -0.228727072695 -0.0427343331443
149.6 1000 21 1.41362777987 0 0.58030013535 0.421815773125 1 3.317219 -0.203332094635 -0.112938273347
149.7 1000 21 1.41379234567 0 0.580256016607 0.421878257877 1 3.315638 -0.157026478777 -0.171459784086
149.8 1000 21 1.41395695875 0 0.580211691664 0.421940660973 1 3.31779 -0.0945939836056 -0.212284748407
149.9 1000 21 1.41412141058 0 0.580167196906 0.422003122525 1 3.316505 -0.0224741655861 -0.231225203901
150 1000 21 1.41428643606 0 0.580122481037 0.422065821271 1 3.31967 0.0519019625781 -0.226349304869
150.1 1000 21 1.41445084107 0 0.580077439016 0.422128612699 1 3.324349 0.120876503985 -0.198177900696
150.2 1000 21 1.41461620303 0 0.580031843668 0.422191999614 1 3.31843 0.177354098982 -0.149629099447
150.3 1000 21 1.41478209249 0 0.579986385193 0.422255393597 1 3.315619 0.215532260622 -0.0857171026514
150.4 1000 21 1.41494771584 0 0.579940606544 0.422319416437 1 3.31668 0.231495433555 -0.0130319979446
150.5 1000 21 1.41511360103 0 0.579894506004 0.422383275905 1 3.318703 0.223618013952 0.0609377271357
150.6 1000 21 1.4152795293 0 0.579848569941 0.422447280892 1 3.323235 0.192730282331 0.128577740621
150.7 1000 21 1.41544594194 0 0.579802466985 0.422512034231 1 3.317013 0.142029244971 0.182931507584
150.8 1000 21 1.41561278641 0 0.579756189454 0.422576295304 1 3.315329 0.0767482173068 0.218414644683
150.9 1000 21 1.41578005692 0 0.579709817401 0.422640507955 1 3.316814 0.00361822629544 0.231389574978
151 1000 21 1.41594729703 0 0.579663622618 0.422704944644 1 3.321989 -0.0698278979569 0.220539400702
151.1 1000 21 1.41611489914 0 0.579617322506 0.422769859667 1 3.317831 -0.13603058711 0.186998752914
151.2 1000 21 1.41628277866 0 0.57957119738 0.422835069255 1 3.320896 -0.188182253888 0.134237984156
151.3 1000 21 1.41645129871 0 0.579525057239 0.422900210464 1 3.315194 -0.220926169816 0.06770109012
151.4 1000 21 1.41661990162 0 0.579479193974 0.42296554629 1 3.314871 -0.23090755202 -0.00575230865989
151.5 1000 21 1.41678881708 0 0.579433472826 0.423030523488 1 3.317904 -0.217116488131 -0.0785576705567
151.6 1000 21 1.41695807837 0 0.57938796608 0.42309639189 1 3.316063 -0.180991287729 -0.143222617605
151.7 1000 21 1.41712818421 0 0.579342759063 0.42316169738 1 3.31974 -0.12626657416 -0.19309811413
151.8 1000 21 1.41729851956 0 0.579297907206 0.423227392832 1 3.312831 -0.0585892817851 -0.223062961496
151.9 1000 21 1.41746891891 0 0.579253338701 0.423293554906 1 3.317582 0.015066019159 -0.230048791021
152 1000 21 1.41763956204 0 0.579209272562 0.423359532361 1 3.315311 0.0871145176405 -0.213354591326
152.1 1000 21 1.41781063372 0 0.579165440595 0.423425493344 1 3.318169 0.150142766777 -0.174716244446
152.2 1000 21 1.4179817149 0 0.579122134004 0.423491953786 1 3.314139 0.197671483259 -0.1181280041
152.3 1000 21 1.41815204038 0 0.579079301333 0.423558755186 1 3.319742 0.224822006836 -0.0494269225381
152.4 1000 21 1.41832323999 0 0.579037000477 0.423624111409 1 3.321199 0.228815535713 0.0243081009696
152.5 1000 21 1.41849461757 0 0.578995191887 0.423690144574 1 3.322157 0.209259554216 0.0954847902949
152.6 1000 21 1.41866645031 0 0.578953917127 0.423755803847 1 3.31905 0.168184678366 0.1567808872
152.7 1000 21 1.41883767235 0 0.578912946389 0.423822174548 1 3.31906 0.109834128807 0.201896090222
152.8 1000 21 1.41900899502 0 0.578872565195 0.423889169474 1 3.32046 0.0402266782394 0.226200604001
152.9 1000 21 1.41918103901 0 0.578832847401 0.423956224426 1 3.321762 -0.033466395838 0.227209836636
153 1000 21 1.41935274937 0 0.578793511819 0.424023205205 1 3.320506 -0.103658607209 0.204837620753
153.1 1000 21 1.41952509702 0 0.578754752585 0.424090011905 1 3.323776 -0.163129652757 0.161404561307
153.2 1000 21 1.41969708088 0 0.578716463916 0.424156812195 1 3.325787 -0.20576815164 0.101396807668
153.3 1000 21 1.41986870788 0 0.578678594728 0.424223354571 1 3.326272 -0.227199838794 0.031002234169
153.4 1000 21 1.42004080085 0 0.578641201337 0.424290561094 1 3.324624 -0.225236469703 -0.0425274355859
153.5 1000 21 1.42021274602 0 0.578604247519 0.424357411622 1 3.324859 -0.200097809707 -0.111623824787
153.6 1000 21 1.42038421159 0 0.578567695238 0.424423889823 1 3.319887 -0.15438937375 -0.169180242936
153.7 1000 21 1.42055567583 0 0.578531361801 0.424490858262 1 3.322315 -0.0928303508353 -0.209283228041
153.8 1000 21 1.42072624131 0 0.578495377945 0.424557589899 1 3.324275 -0.0217677665224 -0.22782000121
153.9 1000 21 1.42089676746 0 0.57845974036 0.424624346617 1 3.318233 0.051478818046 -0.222900127421
154 1000 21 1.42106739048 0 0.57842431155 0.424690132492 1 3.320957 0.119370554473 -0.195048696069
154.1 1000 21 1.42123809062 0 0.578389104498 0.424756502152 1 3.321201 0.174926017539 -0.147150032254
154.2 1000 21 1.42140858417 0 0.578354026852 0.424822064322 1 3.326709 0.212438735026 -0.0841476975484
154.3 1000 21 1.42157867076 0 0.578319021314 0.424887798121 1 3.326667 0.228063135526 -0.0125368960085
154.4 1000 21 1.42174808385 0 0.578283996355 0.424953300782 1 3.325362 0.220208212271 0.0603074384773
154.5 1000 21 1.42191678608 0 0.578248930285 0.425018529589 1 3.323057 0.189701926029 0.126888840759
154.6 1000 21 1.42208575587 0 0.578213825168 0.425083899397 1 3.328576 0.139700841201 0.180361654859
154.7 1000 21 1.42225447369 0 0.578178669938 0.425148708185 1 3.323675 0.0753647556326 0.215234776993
154.8 1000 21 1.42242216765 0 0.578143110689 0.425213978483 1 3.323743 0.00332473441154 0.227933849362
154.9 1000 21 1.42258901016 0 0.578107318971 0.425278873344 1 3.326696 -0.069000551878 0.21717034001
155 1000 21 1.42275683846 0 0.578071262139 0.425343712395 1 3.323848 -0.134169341238 0.184070519487
155.1 1000 21 1.4229235397 0 0.578034902113 0.425407989948 1 3.3208 -0.185481994307 0.132057247912
155.2 1000 21 1.42309013893 0 0.577997939642 0.425472812592 1 3.324282 -0.217670116832 0.0664978110573
155.3 1000 21 1.42325565637 0 0.577960587795 0.425536596569 1 3.328321 -0.227436826116 -0.00585253625449
155.4 1000 21 1.42341979999 0 0.577922649464 0.425600402711 1 3.325978 -0.21379453188 -0.0775439549679
155.5 1000 21 1.42358410088 0 0.577884160988 0.425663836646 1 3.32519 -0.178165857149 -0.141200655348
155.6 1000 21 1.42374848994 0 0.577845168524 0.425726708276 1 3.324976 -0.124233899519 -0.190279720724
155.7 1000 21 1.42391087314 0 0.577805349136 0.425789955688 1 3.325812 -0.0575616676451 -0.219742058351
155.8 1000 21 1.42407308563 0 0.577765002281 0.425852517023 1 3.323599 0.0149803509608 -0.226573052935
155.9 1000 21 1.42423564806 0 0.577723944073 0.425914607378 1 3.328018 0.0859242748404 -0.210086695974
156 1000 21 1.42439770458 0 0.5776821557 0.425976839865 1 3.324642 0.147972198004 -0.17199850664
156.1 1000 21 1.42455928629 0 0.577639816113 0.426037855571 1 3.324012 0.194747535772 -0.116244175814
156.2 1000 21 1.42471824588 0 0.577596501312 0.426099532265 1 3.323559 0.221449432029 -0.0485734041848
156.3 1000 21 1.42487822283 0 0.577552598749 0.42615993963 1 3.324804 0.225347014598 0.0240419241875
156.4 1000 21 1.42503765184 0 0.577507926456 0.426220643486 1 3.328372 0.206057240654 0.0941269090233
156.5 1000 21 1.4251960066 0 0.577462295656 0.426281210574 1 3.320483 0.165582550556 0.154473007861
156.6 1000 21 1.42535377268 0 0.577415943299 0.426341308651 1 3.326304 0.108104504865 0.198879299909
156.7 1000 21 1.42551046261 0 0.577368712355 0.426401810092 1 3.325013 0.0395494649808 0.222790231292
156.8 1000 21 1.42566741788 0 0.57732093441 0.426461680916 1 3.324943 -0.0330203848113 0.223761752673
156.9 1000 21 1.42582393383 0 0.577272393771 0.426521686659 1 3.330504 -0.102136233871 0.201712987318
157 1000 21 1.42597923996 0 0.577223000149 0.426581248975 1 3.322167 -0.16069039891 0.158929480613
157.1 1000 21 1.42613326372 0 0.577172843775 0.426640462557 1 3.320955 -0.202667043085 0.0998295865189
157.2 1000 21 1.42628762255 0 0.577122066228 0.426699590445 1 3.325019 -0.223762032319 0.0305068656276
157.3 1000 21 1.42644199355 0 0.577070701629 0.426758656557 1 3.325008 -0.221821319276 -0.0418999384757
157.4 1000 21 1.4265953532 0 0.577018795326 0.426817373925 1 3.326139 -0.197062273802 -0.10993908281
157.5 1000 21 1.4267484958 0 0.576966249782 0.42687579008 1 3.321784 -0.152051658475 -0.166614884554
157.6 1000 21 1.42690038771 0 0.576913198646 0.426933426022 1 3.32517 -0.0914351888683 -0.206106204511
157.7 1000 21 1.42705431355 0 0.576859812646 0.426991263167 1 3.325296 -0.0214610944035 -0.22436505482
157.8 1000 21 1.42720702686 0 0.576805832339 0.427048788404 1 3.326126 0.0506650129177 -0.219529055117
157.9 1000 21 1.42735946694 0 0.57675141302 0.427106512844 1 3.327381 0.117521907264 -0.192115371066
158 1000 21 1.42751127164 0 0.576696814388 0.427163103532 1 3.327245 0.172236260918 -0.144961379282
158.1 1000 21 1.42766278348 0 0.576641657265 0.427219652361 1 3.321791 0.209189790599 -0.0829347479719
158.2 1000 21 1.42781367634 0 0.576586200208 0.427276599852 1 3.330199 0.224596040765 -0.0124273959498
158.3 1000 21 1.4279656395 0 0.576530576257 0.427333245581 1 3.324664 0.216887325587 0.0593010898163
158.4 1000 21 1.4281180699 0 0.576474774895 0.42738989157 1 3.324058 0.186876654011 0.124871490894
158.5 1000 21 1.4282699681 0 0.576418821766 0.427445675427 1 3.325678 0.13766835713 0.177544220435
158.6 1000 21 1.42842121637 0 0.57636250579 0.427502066476 1 3.330015 0.0743408397259 0.211911700513
158.7 1000 21 1.42857264824 0 0.576306302895 0.427557191546 1 3.325052 0.00341901363212 0.224455352523
158.8 1000 21 1.42872437574 0 0.576249824855 0.427613159944 1 3.322671 -0.0677959614568 0.213901421322
158.9 1000 21 1.42887662589 0 0.576193450914 0.427668676384 1 3.32438 -0.131978191904 0.181355719731
159 1000 21 1.42902867933 0 0.57613699639 0.427723801561 1 3.325492 -0.182532169236 0.130183972444
159.1 1000 21 1.42918137479 0 0.576080459466 0.427778998019 1 3.325808 -0.214269833756 0.0656660909724
159.2 1000 21 1.42933459625 0 0.576024002721 0.427834282401 1 3.323534 -0.223941965185 -0.00555132921281
159.3 1000 21 1.42948612226 0 0.575967360925 0.427888829212 1 3.323246 -0.210573281847 -0.0761368314887
159.4 1000 21 1.42963761152 0 0.575910681793 0.427944144609 1 3.321553 -0.17555854565 -0.13883054732
159.5 1000 21 1.42979050564 0 0.575854047219 0.42799927041 1 3.321565 -0.12251762934 -0.187191702142
159.6 1000 21 1.42994407915 0 0.57579768814 0.428053896576 1 3.324755 -0.0569220771775 -0.21625755859
159.7 1000 21 1.43009749468 0 0.575741394532 0.428107939265 1 3.322617 0.0144705787882 -0.223055901953
159.8 1000 21 1.43025239212 0 0.575685094467 0.428162999323 1 3.322779 0.0843118763553 -0.20690719306
159.9 1000 21 1.43040622837 0 0.575629058832 0.428216454552 1 3.320555 0.145419049147 -0.169492247823
160 1000 21 1.43056167815 0 0.575573186292 0.428269953551 1 3.320104 0.19151531364 -0.114678340864
160.1 1000 21 1.43071774238 0 0.575517169573 0.428324547273 1 3.322062 0.217872276728 -0.0481195257398
160.2 1000 21 1.43087329385 0 0.575461212974 0.428378662879 1 3.323868 0.221797563076 0.0233274963888
160.3 1000 21 1.4310294972 0 0.575405333846 0.42843242512 1 3.323373 0.20290722059 0.092310191764
160.4 1000 21 1.43118685337 0 0.575349299309 0.428487541602 1 3.324866 0.163164803394 0.151735420201
160.5 1000 21 1.43134443261 0 0.575293475547 0.428541891468 1 3.324173 0.106677737599 0.195498908102
160.6 1000 21 1.43150287595 0 0.575237984915 0.428595281262 1 3.325484 0.0392712637861 0.219114234597
160.7 1000 21 1.43166094704 0 0.575182318937 0.42864895407 1 3.325123 -0.0321111284297 0.220170604284
160.8 1000 21 1.43182072394 0 0.575126758944 0.428703400388 1 3.322299 -0.100122642512 0.198580265794
160.9 1000 21 1.43198023238 0 0.575071444034 0.428756114188 1 3.32028 -0.157771338971 0.156586099427
161 1000 21 1.43214160121 0 0.575015998282 0.428809959181 1 3.320555 -0.199137273722 0.0985263823393
161.1 1000 21 1.43230287552 0 0.574960622321 0.428863465157 1 3.327074 -0.219981269028 0.0303885792219
161.2 1000 21 1.4324648958 0 0.574905034788 0.428917888433 1 3.324931 -0.218177653576 -0.0408089254933
161.3 1000 21 1.43262713754 0 0.57484973961 0.428971201466 1 3.318854 -0.193934947037 -0.107739416781
161.4 1000 21 1.43278995146 0 0.574794144018 0.429025615688 1 3.324158 -0.149767548765 -0.163522316901
161.5 1000 21 1.43295353221 0 0.574738684308 0.429079362749 1 3.32423 -0.0902380218855 -0.202430614723
161.6 1000 21 1.43311792128 0 0.574683433086 0.429132568799 1 3.321401 -0.0214853161548 -0.220478066101
161.7 1000 21 1.43328275462 0 0.574627887923 0.429186948752 1 3.325499 0.0494098381052 -0.215828048918
161.8 1000 21 1.43344852724 0 0.574572574413 0.429240668749 1 3.322597 0.115151564597 -0.188981362147
161.9 1000 21 1.43361513257 0 0.574517451661 0.429293651963 1 3.326403 0.168983027088 -0.142721441295
162 1000 21 1.43378189795 0 0.574462105611 0.42934725712 1 3.325021 0.205377374064 -0.0818256332098
162.1 1000 21 1.43394926785 0 0.574406817135 0.429401109947 1 3.322944 0.220608117848 -0.0125737508818
162.2 1000 21 1.4341170191 0 0.574351296444 0.429455938587 1 3.325154 0.213128939245 0.0579026795349
162.3 1000 21 1.43428616604 0 0.574296105081 0.429510067037 1 3.324551 0.183731576688 0.12235225687
162.4 1000 21 1.43445520904 0 0.574240846494 0.429564808604 1 3.32754 0.135462341742 0.174149939102
162.5 1000 21 1.43462439903 0 0.574185759521 0.429618190744 1 3.329285 0.0733048064216 0.207978991592
162.6 1000 21 1.43479570884 0 0.5741307179 0.429673140088 1 3.324087 0.00366770593729 0.220377758961
162.7 1000 21 1.43496688057 0 0.574075672871 0.429727986407 1 3.324943 -0.0662766204555 0.210090052673
162.8 1000 21 1.43513761577 0 0.574020493214 0.429782897006 1 3.325528 -0.129331556319 0.178197666192
162.9 1000 21 1.43530917247 0 0.573965485166 0.429837520916 1 3.327067 -0.179016913484 0.128003140763
163 1000 21 1.43548077724 0 0.573910789736 0.429891466535 1 3.325365 -0.210233512108 0.0646893220717
163.1 1000 21 1.43565237461 0 0.573855990166 0.42994687322 1 3.323191 -0.219788208928 -0.00521657867739
163.2 1000 21 1.4358245848 0 0.573801434004 0.430002035167 1 3.325876 -0.206719307063 -0.0745161144378
163.3 1000 21 1.43599735774 0 0.573747093406 0.430056743206 1 3.324766 -0.172393109356 -0.136079245165
163.4 1000 21 1.43616986472 0 0.573693136008 0.430110660817 1 3.328807 -0.120362963688 -0.18357901048
163.5 1000 21 1.43634245777 0 0.57363954713 0.43016386976 1 3.325778 -0.0559997247067 -0.212142717108
163.6 1000 21 1.43651452036 0 0.573586345165 0.430216108206 1 3.32695 0.0140618637808 -0.218849274372
163.7 1000 21 1.43668661917 0 0.573533414619 0.430267824707 1 3.323741 0.0826076569327 -0.203029826946
163.8 1000 21 1.43685901753 0 0.573480740066 0.430319218951 1 3.32599 0.142585684929 -0.16633370388
163.9 1000 21 1.4370309052 0 0.57342825328 0.430370617012 1 3.321793 0.187832009881 -0.112557969514
164 1000 21 1.43720227107 0 0.573376144387 0.430421846712 1 3.32518 0.213706738989 -0.047252544311
164.1 1000 21 1.43737387494 0 0.573324143717 0.430472623878 1 3.326406 0.217564266038 0.0228518299701
164.2 1000 21 1.43754554525 0 0.57327239513 0.430523738597 1 3.326736 0.199029787708 0.0905367420614
164.3 1000 21 1.43771610854 0 0.573221063432 0.430573660475 1 3.333179 0.160032032584 0.148838754593
164.4 1000 21 1.43788704074 0 0.573170267816 0.430622235746 1 3.326504 0.104603768867 0.191768715683
164.5 1000 21 1.4380578962 0 0.573119667777 0.430671186595 1 3.322986 0.0384643454085 0.214923269099
164.6 1000 21 1.43822849371 0 0.573069234316 0.430720127485 1 3.32451 -0.0315707523904 0.215937993473
164.7 1000 21 1.43839893284 0 0.573019489662 0.430766691338 1 3.32654 -0.0982902849217 0.194730076921
164.8 1000 21 1.43856796623 0 0.572969717248 0.430813662259 1 3.323603 -0.154831061363 0.153502537046
164.9 1000 21 1.43873726822 0 0.572920174516 0.430860943454 1 3.321208 -0.195385217525 0.0965169249955
165 1000 21 1.43890656791 0 0.572870936087 0.430907833816 1 3.326895 -0.215794442832 0.0296521726897
165.1 1000 21 1.43907402465 0 0.572822058345 0.430951982377 1 3.329557 -0.213976568636 -0.0402009662521
165.2 1000 21 1.43924201722 0 0.572773332824 0.430996203752 1 3.319908 -0.190140106093 -0.105852242628
165.3 1000 21 1.43940958927 0 0.57272480525 0.431039893042 1 3.328981 -0.146758439928 -0.160549476097
165.4 1000 21 1.43957557716 0 0.572676328768 0.431083227654 1 3.328176 -0.0883139650989 -0.198673446669
165.5 1000 21 1.43974128355 0 0.572628263863 0.431124861724 1 3.330277 -0.0208351052781 -0.216317092584
165.6 1000 21 1.43990652734 0 0.572580471082 0.431164922811 1 3.327325 0.0487260529144 -0.211683547462
165.7 1000 21 1.44007113124 0 0.572532369379 0.431205839085 1 3.331158 0.11320918309 -0.185269590167
165.8 1000 21 1.44023537255 0 0.572484448723 0.431245727832 1 3.328788 0.16598347462 -0.1398136761
165.9 1000 21 1.44039938668 0 0.572436646927 0.431283963157 1 3.319233 0.201628512878 -0.0800111939412
166 1000 21 1.44056267133 0 0.572388952202 0.431321410336 1 3.327947 0.216492211731 -0.0120287312372
166.1 1000 21 1.44072571266 0 0.572340833337 0.431360316532 1 3.330305 0.209063518787 0.0571305158659
166.2 1000 21 1.44088713309 0 0.572292622648 0.43139751228 1 3.326011 0.18012691348 0.120347962172
166.3 1000 21 1.44104874052 0 0.57224404008 0.431435391683 1 3.327614 0.132679517488 0.171123970953
166.4 1000 21 1.44121002483 0 0.572195360557 0.431472619693 1 3.322784 0.0716211825823 0.204244621558
166.5 1000 21 1.44137005389 0 0.572146051265 0.431510727988 1 3.326547 0.00324723095615 0.216317135501
166.6 1000 21 1.44152983663 0 0.572096705921 0.431547220244 1 3.327484 -0.0653998491105 0.206118710141
166.7 1000 21 1.44168863362 0 0.572046698447 0.431584506355 1 3.322896 -0.127255478301 0.174718543569
166.8 1000 21 1.44184629281 0 0.571996416541 0.43162085764 1 3.327913 -0.175960503254 0.125367330738
166.9 1000 21 1.44200469523 0 0.571945495214 0.431658847434 1 3.322773 -0.206515415147 0.0631582627291
167 1000 21 1.44216203432 0 0.571894013882 0.431696049867 1 3.330425 -0.215791339144 -0.00549408768874
167.1 1000 21 1.44231885141 0 0.571842038802 0.431733748235 1 3.328232 -0.202853552299 -0.0735198997995
167.2 1000 21 1.44247489063 0 0.571789502558 0.431771918896 1 3.325451 -0.169053064759 -0.133920020916
167.3 1000 21 1.44263052992 0 0.571736077604 0.431811078942 1 3.332445 -0.117886517245 -0.18048516599
167.4 1000 21 1.44278598884 0 0.571682377666 0.431849308467 1 3.328723 -0.054634802434 -0.208436749543
167.5 1000 21 1.44294109807 0 0.57162773713 0.431888821833 1 3.325095 0.0141824014132 -0.214914585386
167.6 1000 21 1.44309507743 0 0.571572736621 0.43192676366 1 3.332994 0.0814781913887 -0.199272170368
167.7 1000 21 1.44324947541 0 0.571517376806 0.431964980825 1 3.326528 0.140330271558 -0.163138967662
167.8 1000 21 1.44340381867 0 0.57146141674 0.432002849144 1 3.32512 0.184689766421 -0.110250669704
167.9 1000 21 1.44355815696 0 0.571404727337 0.432041029421 1 3.331365 0.2100048221 -0.046065074679
168 1000 21 1.44371229443 0 0.571347576813 0.432079961514 1 3.329979 0.213688158894 0.0228030615187
168.1 1000 21 1.44386595726 0 0.571289783621 0.43211900935 1 3.335424 0.195379708876 0.0892627164503
168.2 1000 21 1.44401955615 0 0.571231539969 0.43215806399 1 3.326532 0.156983438762 0.146477548461
168.3 1000 21 1.44417257903 0 0.57117273216 0.432196497878 1 3.325549 0.102468675613 0.188568027701
168.4 1000 21 1.4443259877 0 0.571113248578 0.432236731697 1 3.323482 0.03745915805 0.211217353115
168.5 1000 21 1.44447933538 0 0.571053785476 0.432273943482 1 3.324671 -0.0313452621296 0.212112165793
168.6 1000 21 1.44463183588 0 0.570993605879 0.432312338869 1 3.323294 -0.0968617175596 0.191180190335
168.7 1000 21 1.44478505399 0 0.570933050469 0.432351033939 1 3.326801 -0.15235142831 0.150595626974
168.8 1000 21 1.44493776024 0 0.570872190768 0.43238937822 1 3.326205 -0.192113564958 0.0945519336447
168.9 1000 21 1.44509164109 0 0.570811165218 0.432427581333 1 3.330947 -0.21207121008 0.028830226343
169 1000 21 1.44524534094 0 0.570749860767 0.432466261819 1 3.33057 -0.210188560896 -0.0397973276792
169.1 1000 21 1.44539832568 0 0.570688493236 0.432503733948 1 3.328142 -0.186679209371 -0.104266324289
169.2 1000 21 1.44555125706 0 0.570626895918 0.432541390096 1 3.327694 -0.143982462809 -0.157946277911
169.3 1000 21 1.44570521979 0 0.570565270549 0.43257863398 1 3.329773 -0.0865094551166 -0.195323929892
169.4 1000 21 1.44585860582 0 0.570503624003 0.432615377356 1 3.331671 -0.0201883346658 -0.212567555302
169.5 1000 21 1.44601277827 0 0.570442158114 0.43265176613 1 3.330254 0.048148357009 -0.207921727145
169.6 1000 21 1.4461669208 0 0.570380938059 0.432687655682 1 3.326975 0.111466379346 -0.181885202276
169.7 1000 21 1.44632156733 0 0.570319591956 0.432723931628 1 3.329327 0.163254903593 -0.13715630892
169.8 1000 21 1.44647589544 0 0.570258548494 0.432759366602 1 3.329169 0.198195134931 -0.0783558187148
169.9 1000 21 1.44662983738 0 0.570197497138 0.432795933067 1 3.328954 0.212707399024 -0.0115473976908
170 1000 21 1.44678465069 0 0.57013685935 0.432832139898 1 3.325804 0.205317374037 0.0563862652346
170.1 1000 21 1.44694055008 0 0.570076858828 0.432866519726 1 3.323499 0.176806175221 0.118452894328
170.2 1000 21 1.44709584371 0 0.570017041166 0.432901534059 1 3.327743 0.13012729447 0.168271048243
170.3 1000 21 1.44725151425 0 0.569957841253 0.432935615441 1 3.325905 0.0701019413753 0.200725607333
170.4 1000 21 1.44740791503 0 0.569899211573 0.432968724175 1 3.329157 0.00291947058264 0.212493123563
170.5 1000 21 1.44756442115 0 0.569841232105 0.43300122907 1 3.3298 -0.0644995125525 0.202381942639
170.6 1000 21 1.44772207846 0 0.569783467346 0.433035562479 1 3.324841 -0.125217149816 0.171452974096
170.7 1000 21 1.44787925679 0 0.56972638833 0.4330690123 1 3.328443 -0.172990183901 0.122908923952
170.8 1000 21 1.44803702481 0 0.5696699308 0.433102084481 1 3.328725 -0.202914752966 0.0617623551729
170.9 1000 21 1.44819452787 0 0.569613917064 0.433136524177 1 3.329572 -0.211928359089 -0.00568244202799
171 1000 21 1.44835345907 0 0.569559000651 0.433169042945 1 3.328928 -0.199122747215 -0.0724781183608
171.1 1000 21 1.44851227816 0 0.569504519204 0.433202259438 1 3.323796 -0.165835987062 -0.131751061612
171.2 1000 21 1.44867112728 0 0.569450744723 0.433235261891 1 3.329037 -0.115513502132 -0.177407863082
171.3 1000 21 1.44883099949 0 0.569397743746 0.433267270481 1 3.324326 -0.0533506866767 -0.204762658846
171.4 1000 21 1.44899047142 0 0.569345528724 0.433299022182 1 3.32192 0.014243700977 -0.211017248407
171.5 1000 21 1.44915044185 0 0.569294055585 0.43333058795 1 3.331262 0.0803079568049 -0.195548038272
171.6 1000 21 1.44931070639 0 0.569243171386 0.43336263761 1 3.329709 0.138044193788 -0.159967473704
171.7 1000 21 1.44947045062 0 0.569193029556 0.43339393707 1 3.326907 0.181517624293 -0.107956605022
171.8 1000 21 1.44963067642 0 0.569143385842 0.433426170622 1 3.326775 0.206267455033 -0.0448834557389
171.9 1000 21 1.44979101394 0 0.569094478267 0.433457897075 1 3.327462 0.209763882343 0.022749521394
172 1000 21 1.44995083899 0 0.56904618057 0.43348959752 1 3.326554 0.191666856249 0.0879770442872
172.1 1000 21 1.45011182729 0 0.568998613498 0.433520591618 1 3.332797 0.153859340998 0.144087906846
172.2 1000 21 1.45027260593 0 0.568951464559 0.433551804149 1 3.330713 0.100251157766 0.185314920481
172.3 1000 21 1.45043347384 0 0.56890501038 0.433582457669 1 3.327189 0.0363749512473 0.207429268818
172.4 1000 21 1.45059464455 0 0.56885909356 0.433612539626 1 3.331517 -0.0311852422565 0.208172391107
172.5 1000 21 1.45075616258 0 0.568813466272 0.433643853918 1 3.32805 -0.0954726511468 0.187487742234
172.6 1000 21 1.45091696623 0 0.568768106532 0.433675291468 1 3.330767 -0.149872575588 0.147523809289
172.7 1000 21 1.45107833377 0 0.568723086691 0.433707256727 1 3.328337 -0.188795308488 0.0924123173608
172.8 1000 21 1.45123925424 0 0.568678753131 0.433737014184 1 3.327288 -0.208248391708 0.0278401854456
172.9 1000 21 1.45140049231 0 0.568634786582 0.433766881543 1 3.327605 -0.206247785277 -0.0395376157924
173 1000 21 1.45156114037 0 0.568591334036 0.433794346305 1 3.328834 -0.183019174783 -0.102782874115
173.1 1000 21 1.45172115357 0 0.568547900484 0.433823585259 1 3.32878 -0.140973156158 -0.155390157308
173.2 1000 21 1.451881657 0 0.568504932852 0.433850718856 1 3.329576 -0.0844550717779 -0.19195346864
173.3 1000 21 1.45204146408 0 0.568462373378 0.433875733836 1 3.328187 -0.0192961336028 -0.208724126913
173.4 1000 21 1.45219999883 0 0.568420573731 0.433896894911 1 3.323639 0.0477890445625 -0.20399436674
173.5 1000 21 1.45235737048 0 0.568379535494 0.43391525944 1 3.3235 0.109893413421 -0.178271091513
173.6 1000 21 1.45251498381 0 0.568338723728 0.433930963094 1 3.323591 0.160628247221 -0.134221148566
173.7 1000 21 1.45267236812 0 0.568297693616 0.433947478414 1 3.32498 0.194782354899 -0.0763955460261
173.8 1000 21 1.45282926866 0 0.568256892704 0.433962031025 1 3.322815 0.208854977691 -0.0107594027755
173.9 1000 21 1.45298527043 0 0.568215780723 0.433976812077 1 3.326881 0.201416085212 0.0559241606634
174 1000 21 1.45314095527 0 0.568174889723 0.433989229247 1 3.32612 0.17325120876 0.116789921081
174.1 1000 21 1.45329625767 0 0.568133848609 0.434000847836 1 3.324987 0.127278301639 0.16557790055
174.2 1000 21 1.4534514823 0 0.56809242603 0.434013372969 1 3.324758 0.0682457408924 0.197277350881
174.3 1000 21 1.45360513523 0 0.568051190581 0.434022917415 1 3.323875 0.00224230921922 0.208640498669
174.4 1000 21 1.45375832471 0 0.568010010155 0.434030225011 1 3.321774 -0.0639316182402 0.198516471246
174.5 1000 21 1.45391121101 0 0.567968971997 0.434035213147 1 3.32533 -0.123463969444 0.167967001474
174.6 1000 21 1.45406348548 0 0.567928087572 0.434037196913 1 3.324088 -0.170232777697 0.120155391472
174.7 1000 21 1.45421519708 0 0.56788684924 0.434038925467 1 3.322304 -0.19943543357 0.0600188010441
174.8 1000 21 1.4543659989 0 0.567845298035 0.434040341918 1 3.323492 -0.208081716217 -0.00624156258727
174.9 1000 21 1.45451598805 0 0.567803528996 0.434040621547 1 3.321457 -0.195300352576 -0.0717985822281
175 1000 21 1.45466626232 0 0.567761417164 0.434040551941 1 3.323589 -0.162426350738 -0.129904783311
175.1 1000 21 1.45481531693 0 0.567719042828 0.434039999486 1 3.322242 -0.112862017355 -0.174585446206
175.2 1000 21 1.45496332476 0 0.567676393794 0.434038726795 1 3.320712 -0.0517246882765 -0.201253239223
175.3 1000 21 1.45511065003 0 0.567633128359 0.434038539112 1 3.315941 0.0146815373963 -0.207179229691
175.4 1000 21 1.45525753066 0 0.567589432982 0.434038956693 1 3.321748 0.0795162054439 -0.191772069957
175.5 1000 21 1.45540359982 0 0.567545596191 0.434037985357 1 3.322231 0.136105962389 -0.156637006596
175.6 1000 21 1.45554953708 0 0.567500957353 0.434040168311 1 3.324814 0.178633076006 -0.105408523134
175.7 1000 21 1.45569426714 0 0.567455883782 0.434043021748 1 3.319557 0.202731978969 -0.0433747452702
175.8 1000 21 1.45583827227 0 0.567410471986 0.434045987421 1 3.320038 0.205937897807 0.0230681769647
175.9 1000 21 1.45598222547 0 0.567364542804 0.434051156 1 3.323001 0.187939630323 0.0870766167413
176 1000 21 1.45612503881 0 0.567318025127 0.434057523517 1 3.325438 0.150609071446 0.142062754251
176.1 1000 21 1.45626680798 0 0.567270905446 0.434066385903 1 3.324104 0.0978061117214 0.182373965512
176.2 1000 21 1.45640898546 0 0.567223295159 0.434077590815 1 3.325929 0.03498088382 0.203873068952
176.3 1000 21 1.45655016588 0 0.567175373311 0.434089952035 1 3.325989 -0.0313901210157 0.204363191041
176.4 1000 21 1.45669040707 0 0.567127188478 0.43410340772 1 3.322733 -0.0944703947305 0.183811934115
176.5 1000 21 1.45682980714 0 0.567078836794 0.434117445941 1 3.326725 -0.147768149313 0.144353573776
176.6 1000 21 1.45696871001 0 0.56703014983 0.434133641587 1 3.322757 -0.185804831556 0.0900672869519
176.7 1000 21 1.45710664183 0 0.566981718933 0.434148811603 1 3.322752 -0.204677094193 0.0265553191339
176.8 1000 21 1.45724424526 0 0.566933277105 0.434164519825 1 3.322186 -0.202458647531 -0.0396351918737
176.9 1000 21 1.45738101407 0 0.566884686993 0.434181679788 1 3.324456 -0.179395756561 -0.101687130582
177 1000 21 1.45751618866 0 0.566836043547 0.434200140135 1 3.330729 -0.137881217048 -0.15321505884
177.1 1000 21 1.45765209119 0 0.5667872032 0.434221319847 1 3.322634 -0.0822048774155 -0.188922266096
177.2 1000 21 1.45778654613 0 0.566738640581 0.434242625227 1 3.324325 -0.0181117108988 -0.205145549074
177.3 1000 21 1.45792066751 0 0.566690103736 0.434265406085 1 3.325613 0.0477919547317 -0.200231022071
177.4 1000 21 1.45805481722 0 0.566641331205 0.434290871521 1 3.327162 0.108718714062 -0.174701882092
177.5 1000 21 1.45818754088 0 0.566592847339 0.434316265879 1 3.326909 0.158398826467 -0.131204400436
177.6 1000 21 1.45832049226 0 0.566544455869 0.434343020223 1 3.327851 0.191726149334 -0.074232192772
177.7 1000 21 1.45845430108 0 0.566496213695 0.434371332505 1 3.324469 0.205282309349 -0.00966300472233
177.8 1000 21 1.45858594999 0 0.566448173693 0.434400880324 1 3.325757 0.197687476251 0.0558483609087
177.9 1000 21 1.45871795346 0 0.566400534895 0.434430171833 1 3.329528 0.169740868 0.115554643309
178 1000 21 1.45884913662 0 0.566353401243 0.434458812427 1 3.328474 0.124336806238 0.163312733539
178.1 1000 21 1.45898010391 0 0.566306787729 0.434487044521 1 3.32403 0.0661646848616 0.194214153482
178.2 1000 21 1.45911042054 0 0.566260303893 0.434516718444 1 3.330146 0.00122468016942 0.205089985864
178.3 1000 21 1.4592426057 0 0.566214185284 0.434546820067 1 3.32747 -0.0637901675437 0.194835994379
178.4 1000 21 1.45937307623 0 0.566168249626 0.43457821156 1 3.328519 -0.122184803928 0.164524497842
178.5 1000 21 1.45950438017 0 0.566122775606 0.434609024443 1 3.326842 -0.167950646754 0.117292548538
178.6 1000 21 1.45963503463 0 0.566077573475 0.434640571915 1 3.325362 -0.196384550673 0.0580170390874
178.7 1000 21 1.45976518704 0 0.566032829617 0.434671702554 1 3.326565 -0.204571512899 -0.00718873745812
178.8 1000 21 1.45989597056 0 0.565988180645 0.434703672405 1 3.321761 -0.191683326144 -0.0716050417427
178.9 1000 21 1.46002827899 0 0.565943816756 0.434735618017 1 3.321069 -0.159063309512 -0.128598807558
179 1000 21 1.46016067183 0 0.565899589316 0.434769234837 1 3.316345 -0.11008519952 -0.172306357954
179.1 1000 21 1.46029245835 0 0.565855614349 0.434801962977 1 3.311561 -0.0498048196266 -0.198235779445
179.2 1000 21 1.46042437197 0 0.565811911791 0.434834670494 1 3.315961 0.0155616715849 -0.203730016532
179.3 1000 21 1.46055637655 0 0.565768302772 0.434868024351 1 3.310614 0.0792789088641 -0.18823786477
179.4 1000 21 1.46068858766 0 0.565724921496 0.434900656272 1 3.312902 0.134786084988 -0.153369612049
179.5 1000 21 1.460821732 0 0.565681712616 0.434932692787 1 3.328687 0.176372764285 -0.102729849862
179.6 1000 21 1.46095449755 0 0.565638434876 0.43496511745 1 3.329861 0.199765880924 -0.0415446457719
179.7 1000 21 1.46108747745 0 0.565595154441 0.434998218995 1 3.327274 0.202568998508 0.02387753346
179.8 1000 21 1.46122021304 0 0.565552036455 0.435030033475 1 3.326107 0.184507703359 0.0867965325156
179.9 1000 21 1.46135390854 0 0.565508839298 0.435061766511 1 3.33047 0.147456138598 0.140734378644
180 1000 21 1.46148696646 0 0.565465559849 0.435093104582 1 3.325118 0.095242426855 0.180142820172
180.1 1000 21 1.46162210591 0 0.565422174388 0.435124288672 1 3.330208 0.0332538226265 0.200972894384
180.2 1000 21 1.46175709342 0 0.565378601074 0.435155454361 1 3.33152 -0.0321195037628 0.201091907491
180.3 1000 21 1.46189185548 0 0.565335047072 0.435185227264 1 3.329733 -0.094143228327 0.180501257629
180.4 1000 21 1.46202661392 0 0.565291403547 0.435214184342 1 3.322387 -0.146432444785 0.14133472248
180.5 1000 21 1.46216188899 0 0.565247480985 0.435243200993 1 3.324742 -0.183608923597 0.0876375288792
180.6 1000 21 1.46229679744 0 0.565203558642 0.435270398017 1 3.325867 -0.201853862537 0.0249485165236
180.7 1000 21 1.46243306528 0 0.565159442686 0.43529705055 1 3.327755 -0.199300534634 -0.0402712007265
180.8 1000 21 1.4625692622 0 0.565114981319 0.43532319447 1 3.328214 -0.176225126065 -0.101303988846
180.9 1000 21 1.46270535189 0 0.565070641957 0.435346237115 1 3.326291 -0.135016566805 -0.151867945343
181 1000 21 1.46284211375 0 0.565025819013 0.435370126993 1 3.325434 -0.0799294079327 -0.18676294432
181.1 1000 21 1.46297925629 0 0.564980416612 0.435394583384 1 3.33191 -0.0166443933965 -0.20240558325
181.2 1000 21 1.4631178244 0 0.564934919031 0.435417164789 1 3.327358 0.0483168902244 -0.19719704416
181.3 1000 21 1.46325531662 0 0.564889117127 0.435438951286 1 3.326618 0.108264915179 -0.171686280204
181.4 1000 21 1.46339365662 0 0.564842987634 0.435460472185 1 3.328332 0.157030121999 -0.128512471556
181.5 1000 21 1.46353257947 0 0.56479662415 0.435481075326 1 3.319296 0.189598352159 -0.0721314822021
181.6 1000 21 1.46367143059 0 0.564749846373 0.435501641361 1 3.324311 0.202626051133 -0.00835633021638
181.7 1000 21 1.46381151548 0 0.564702662027 0.435522508145 1 3.331282 0.1947836431 0.0562424365938
181.8 1000 21 1.46395102787 0 0.564655232269 0.435542506437 1 3.322388 0.166891065076 0.115013208591
181.9 1000 21 1.4640908055 0 0.564607576931 0.43556202048 1 3.333047 0.121831980215 0.161908892433
182 1000 21 1.46423031118 0 0.564559802643 0.435580312381 1 3.325933 0.0642557346655 0.192108449359
182.1 1000 21 1.46436995005 0 0.564511971313 0.435597647116 1 3.327007 9.72499902348e-05 0.202512574601
182.2 1000 21 1.4645101966 0 0.564463963902 0.435614980647 1 3.327455 -0.0640343621424 0.192062217412
182.3 1000 21 1.46465062453 0 0.564416200297 0.435630026404 1 3.32283 -0.121537008027 0.161845480403
182.4 1000 21 1.46479046197 0 0.564368558196 0.435643573634 1 3.327124 -0.166494841943 0.114984953965
182.5 1000 21 1.46493184018 0 0.564320998908 0.435656552851 1 3.323758 -0.194287373513 0.056314553305
182.6 1000 21 1.46507079667 0 0.564274354557 0.43566458897 1 3.325957 -0.202063730521 -0.00811892566428
182.7 1000 21 1.46521072467 0 0.564228047435 0.435671075212 1 3.322923 -0.189035442105 -0.0716793349741
182.8 1000 21 1.4653492339 0 0.564181829616 0.435677346934 1 3.321938 -0.156556153929 -0.127824439902
182.9 1000 21 1.465489026 0 0.564135941224 0.435682691824 1 3.329526 -0.107980748558 -0.170779234185
183 1000 21 1.46562881064 0 0.564090209976 0.435688296972 1 3.32454 -0.0483190420871 -0.196130192298
183.1 1000 21 1.46576818187 0 0.564045083658 0.435692032903 1 3.323095 0.0162810076484 -0.201278383196
183.2 1000 21 1.46590629664 0 0.564000372963 0.435695202556 1 3.32268 0.0791671504328 -0.185706011758
183.3 1000 21 1.46604452343 0 0.563956016875 0.435698486495 1 3.320446 0.133867437782 -0.151028708738
183.4 1000 21 1.46618151075 0 0.563912319144 0.435700417104 1 3.316434 0.174756609588 -0.100827262473
183.5 1000 21 1.46632003852 0 0.563869151208 0.435702329354 1 3.306552 0.197634597391 -0.0402784752245
183.6 1000 21 1.46645831684 0 0.563826687661 0.43570342676 1 3.305841 0.200157638792 0.0243794067348
183.7 1000 21 1.466596213 0 0.563784891214 0.435703790087 1 3.311592 0.182078538614 0.0864890926517
183.8 1000 21 1.46673398102 0 0.563744171543 0.43570216397 1 3.307184 0.145270778621 0.139659314325
183.9 1000 21 1.46687067215 0 0.563704113202 0.435700640262 1 3.309732 0.09353427111 0.178423313883
184 1000 21 1.46700723048 0 0.563664857269 0.435699015886 1 3.308571 0.0322032632843 0.198800427432
184.1 1000 21 1.46714360712 0 0.563625902163 0.435699584881 1 3.310554 -0.0324042722445 0.198704890147
184.2 1000 21 1.46727959937 0 0.563587870804 0.435699556947 1 3.302359 -0.0936367683992 0.17815926703
184.3 1000 21 1.46741453198 0 0.563550438573 0.435700554341 1 3.305334 -0.145194460123 0.139290887141
184.4 1000 21 1.46754927183 0 0.563513766914 0.435701893309 1 3.303558 -0.181777126748 0.0861114178528
184.5 1000 21 1.46768347576 0 0.5634778959 0.435703515896 1 3.301853 -0.199629160996 0.0241030951801
184.6 1000 21 1.46781613065 0 0.563442723186 0.435705887963 1 3.309585 -0.196924965786 -0.0403468210994
184.7 1000 21 1.46794809991 0 0.563408195634 0.43570974822 1 3.302664 -0.17395593879 -0.100603676997
184.8 1000 21 1.46808020524 0 0.563374442389 0.435714168428 1 3.328606 -0.133098851032 -0.150469006721
184.9 1000 21 1.46821273826 0 0.563341404226 0.435719750132 1 3.322983 -0.07856982622 -0.184817250906
185 1000 21 1.46834416539 0 0.563309131761 0.435725533638 1 3.321167 -0.0159894574291 -0.200123381165
185.1 1000 21 1.46847403373 0 0.563277662633 0.435731415648 1 3.31569 0.048196729951 -0.19482413201
185.2 1000 21 1.46860440437 0 0.563246404386 0.435740500287 1 3.32289 0.107382012437 -0.169478175798
185.3 1000 21 1.46873374019 0 0.563215426191 0.435752253999 1 3.324554 0.155478601293 -0.126706629014
185.4 1000 21 1.46886359064 0 0.56318468739 0.435766620284 1 3.322032 0.187543740549 -0.070922377775
185.5 1000 21 1.46899233264 0 0.563153983116 0.435784374161 1 3.325821 0.200287709317 -0.00787463472229
185.6 1000 21 1.46912146739 0 0.563123740729 0.435803216158 1 3.322911 0.192411183612 0.0559436568158
185.7 1000 21 1.46924921901 0 0.563094212848 0.435821937745 1 3.321583 0.164737830743 0.113964118608
185.8 1000 21 1.46937624343 0 0.563064887109 0.435842531765 1 3.315813 0.120128263884 0.160219606936
185.9 1000 21 1.4695029669 0 0.563035840498 0.435864361126 1 3.329242 0.0631839059492 0.189957141008
186 1000 21 1.46962847916 0 0.56300706544 0.435887346894 1 3.320982 -0.000227102717401 0.200126659393
186.1 1000 21 1.46975413923 0 0.562978669959 0.435910680441 1 3.327832 -0.0635748859294 0.18969432931
186.2 1000 21 1.46987797587 0 0.562950399419 0.43593513758 1 3.322793 -0.120340331656 0.15974648029
186.3 1000 21 1.47000157441 0 0.562922266635 0.435960574946 1 3.326976 -0.164685787678 0.113377509405
186.4 1000 21 1.47012417201 0 0.562894128949 0.435986850291 1 3.327483 -0.192055551953 0.0553694336842
186.5 1000 21 1.47024561746 0 0.562865867506 0.436014478465 1 3.323362 -0.199643490737 -0.00830084112697
186.6 1000 21 1.47036707398 0 0.562837709276 0.436041849733 1 3.332673 -0.186681303514 -0.0710773009694
186.7 1000 21 1.47049000797 0 0.562809261885 0.436071020383 1 3.323621 -0.154515594337 -0.126500289337
186.8 1000 21 1.4706116095 0 0.562780706372 0.436100413234 1 3.328276 -0.106468569118 -0.168871225794
186.9 1000 21 1.47073296243 0 0.562751701061 0.436131854359 1 3.324766 -0.0474944388134 -0.193837928463
187 1000 21 1.47085316125 0 0.562722396217 0.436163430496 1 3.321717 0.0163314294663 -0.198841788897
187.1 1000 21 1.470972204 0 0.562692771034 0.436195819502 1 3.320242 0.0784376815521 -0.183380270708
187.2 1000 21 1.47109304701 0 0.562662608432 0.436229389504 1 3.326456 0.132434516847 -0.149057038424
187.3 1000 21 1.47121234994 0 0.56263207021 0.43626345269 1 3.32583 0.172770214508 -0.0994158874373
187.4 1000 21 1.4713315867 0 0.562601100272 0.436297535161 1 3.325462 0.195302807156 -0.0395744463761
187.5 1000 21 1.47145200053 0 0.562569576704 0.436332168207 1 3.327649 0.197724623001 0.0243031817317
187.6 1000 21 1.47157193355 0 0.562537525412 0.436367207414 1 3.326175 0.179798968107 0.085641610033
187.7 1000 21 1.47168929175 0 0.562504896589 0.436402669019 1 3.325922 0.143382665635 0.13813070216
187.8 1000 21 1.47180907019 0 0.562471645744 0.436438519679 1 3.327228 0.0922343142124 0.17637498397
187.9 1000 21 1.47192708859 0 0.562437819897 0.436474568814 1 3.325671 0.0316258976598 0.196447860873
188 1000 21 1.47204483503 0 0.562403295127 0.436510979749 1 3.323573 -0.0322004196467 0.196295141374
188.1 1000 21 1.4721637294 0 0.562368108802 0.436547789644 1 3.323665 -0.0926753470889 0.175944963283
188.2 1000 21 1.47228348379 0 0.56233222328 0.436584816182 1 3.326996 -0.14357879015 0.137503767213
188.3 1000 21 1.47240394862 0 0.562295617699 0.436622424078 1 3.324224 -0.179678920456 0.0849377647004
188.4 1000 21 1.47252326765 0 0.56225823441 0.43666077613 1 3.328928 -0.197270630013 0.0236639853808
188.5 1000 21 1.47264251192 0 0.562220024937 0.436700227297 1 3.325044 -0.194555413749 -0.0400078630864
188.6 1000 21 1.47276210573 0 0.562181283874 0.436739494064 1 3.330073 -0.171825229857 -0.0995255396744
188.7 1000 21 1.47288051328 0 0.562141847109 0.436778942681 1 3.323933 -0.131430717976 -0.148767911669
188.8 1000 21 1.47300066164 0 0.562101832132 0.436818789065 1 3.328066 -0.077538950341 -0.182675386971
188.9 1000 21 1.47312177709 0 0.562061097364 0.436859487309 1 3.328163 -0.0157027130109 -0.197769020235
189 1000 21 1.47324253235 0 0.562019942701 0.436899936726 1 3.32907 0.0477115724737 -0.192508035019
189.1 1000 21 1.47336429006 0 0.561978160339 0.436940886629 1 3.325882 0.10617890523 -0.167446023765
189.2 1000 21 1.47348535332 0 0.561935874658 0.43698232192 1 3.329059 0.153687571943 -0.125173881772
189.3 1000 21 1.4736068084 0 0.561893053417 0.437024425198 1 3.331228 0.185357327547 -0.0700510797349
189.4 1000 21 1.47372872987 0 0.561849918876 0.437066321087 1 3.329942 0.197940308369 -0.00775644611219
189.5 1000 21 1.47385022483 0 0.561806459902 0.43710829408 1 3.327374 0.190154095923 0.0552972566111
189.6 1000 21 1.47397337179 0 0.561762603765 0.437151026863 1 3.32718 0.162812784932 0.11262297723
189.7 1000 21 1.47409713636 0 0.561718443871 0.437194049145 1 3.32707 0.118741627782 0.158327922776
189.8 1000 21 1.47422024476 0 0.561674203723 0.437236849898 1 3.323708 0.0624849778889 0.187718134375
189.9 1000 21 1.47434410514 0 0.561629727815 0.437280217533 1 3.328954 -0.000162360988978 0.197781185657
190 1000 21 1.47446889141 0 0.561585169211 0.437323838294 1 3.320392 -0.0627523890694 0.187494953451
190.1 1000 21 1.47459276265 0 0.561540591009 0.437367541843 1 3.326331 -0.118846992807 0.157930595101
190.2 1000 21 1.47471789312 0 0.561495992725 0.437411784266 1 3.328961 -0.162680695004 0.112142593119
190.3 1000 21 1.47484363304 0 0.56145143135 0.437456123709 1 3.32503 -0.189753194758 0.0548511515238
190.4 1000 21 1.47497024555 0 0.561407060274 0.437500119421 1 3.326079 -0.197291329063 -0.00804289114466
190.5 1000 21 1.47509672476 0 0.561362861559 0.437544516772 1 3.328934 -0.184533423879 -0.0700663895824
190.6 1000 21 1.47522294231 0 0.561318929585 0.437588544831 1 3.324844 -0.152805859918 -0.124841077804
190.7 1000 21 1.47534963222 0 0.561275288926 0.437632807348 1 3.326923 -0.105385313279 -0.166738296198
190.8 1000 21 1.47547705497 0 0.561231921658 0.437677208382 1 3.327022 -0.0471599976816 -0.191457909567
190.9 1000 21 1.47560307756 0 0.561188950956 0.437721200946 1 3.326022 0.0158741137317 -0.196469671058
191 1000 21 1.47572950778 0 0.561146416049 0.437764988675 1 3.326139 0.077229481174 -0.181272458146
191.1 1000 21 1.47585686175 0 0.561104332703 0.437808480851 1 3.325414 0.130597663597 -0.147444136682
191.2 1000 21 1.47598407263 0 0.561062783709 0.437851817859 1 3.324593 0.170495726078 -0.0984777474867
191.3 1000 21 1.47611086086 0 0.561021578528 0.437895801489 1 3.326458 0.19283033738 -0.0394207700308
191.4 1000 21 1.47623952843 0 0.560980786749 0.437939825767 1 3.329634 0.195317345919 0.0236456241848
191.5 1000 21 1.47636783705 0 0.560940513401 0.437983609284 1 3.323865 0.177715941771 0.084232047968
191.6 1000 21 1.47649553508 0 0.560901053444 0.438026104304 1 3.323721 0.141852373359 0.136108946739
191.7 1000 21 1.47662293406 0 0.560862137671 0.438068156164 1 3.329484 0.0914288075898 0.173948016465
191.8 1000 21 1.4767522977 0 0.560823634062 0.438110716957 1 3.325779 0.031643091297 0.193868336723
191.9 1000 21 1.47688131846 0 0.560785567808 0.438153517436 1 3.331797 -0.0313489730699 0.193835541463
192 1000 21 1.47701003958 0 0.560748033313 0.438196050944 1 3.327068 -0.0910661911725 0.173868769374
192.1 1000 21 1.47713846753 0 0.560711106252 0.4382379019 1 3.325535 -0.141369161561 0.136037372958
192.2 1000 21 1.47726669607 0 0.560674838487 0.438278818744 1 3.325847 -0.177092041282 0.0842475658682
192.3 1000 21 1.47739445514 0 0.56063935061 0.43831791958 1 3.322075 -0.194572701825 0.0238367565815
192.4 1000 21 1.47752177475 0 0.56060484223 0.438354273332 1 3.321909 -0.192028313959 -0.0389744714734
192.5 1000 21 1.47764997644 0 0.560571211314 0.438388444663 1 3.322579 -0.169737819697 -0.0977233582666
192.6 1000 21 1.47777730893 0 0.560537980969 0.438422607745 1 3.321822 -0.130010100209 -0.146371875416
192.7 1000 21 1.47790370553 0 0.560505457373 0.438454684113 1 3.322865 -0.0769463263086 -0.179924730523
192.8 1000 21 1.47803046905 0 0.560473369455 0.438486186577 1 3.327417 -0.0160152759639 -0.194943960003
192.9 1000 21 1.47815788812 0 0.560441571792 0.438517840404 1 3.325914 0.0465088406942 -0.189901078825
193 1000 21 1.47828459722 0 0.560410161134 0.438548513183 1 3.321219 0.104194371704 -0.165331543229
193.1 1000 21 1.4784105969 0 0.560379296016 0.438577352904 1 3.326375 0.151111843766 -0.123780102049
193.2 1000 21 1.47853511245 0 0.56034864452 0.43860592007 1 3.327536 0.182445401231 -0.0695353164785
193.3 1000 21 1.47866147448 0 0.560318233539 0.438634335202 1 3.321836 0.194985462163 -0.008187863688
193.4 1000 21 1.4787874476 0 0.560288016764 0.438662216895 1 3.321051 0.187459397104 0.0539457186237
193.5 1000 21 1.47891261493 0 0.560258221463 0.438688232093 1 3.320662 0.160658607626 0.110473578817
193.6 1000 21 1.47903720027 0 0.560228780952 0.438712671621 1 3.316944 0.117357881642 0.15558625252
193.7 1000 21 1.47916107549 0 0.560199857405 0.438734357892 1 3.324417 0.0620260423041 0.18465324309
193.8 1000 21 1.47928630577 0 0.560171009839 0.438755534571 1 3.325753 0.000366145176007 0.194699725276
193.9 1000 21 1.47941198562 0 0.560142439632 0.438775480785 1 3.322507 -0.0612733203221 0.184709531984
194 1000 21 1.47953614759 0 0.560114334508 0.438792465837 1 3.322744 -0.116552065884 0.155728589805
194.1 1000 21 1.47965901859 0 0.560086664404 0.438806854514 1 3.32274 -0.159789081576 0.110755805963
194.2 1000 21 1.47978196126 0 0.560059023467 0.438820454041 1 3.327687 -0.186547551022 0.0544327904638
194.3 1000 21 1.47990434285 0 0.56003175267 0.438831457635 1 3.318874 -0.194090438133 -0.00743577740651
194.4 1000 21 1.48002756602 0 0.56000451849 0.438841762663 1 3.323398 -0.181659445756 -0.0684802109176
194.5 1000 21 1.48014994563 0 0.559977531434 0.438849731102 1 3.320828 -0.150552704649 -0.122420904574
194.6 1000 21 1.48027420313 0 0.559950506097 0.438857249568 1 3.32371 -0.103987767217 -0.16371549373
194.7 1000 21 1.48039760415 0 0.559923440757 0.438864123574 1 3.319561 -0.0467698856149 -0.188127729631
194.8 1000 21 1.48052090083 0 0.559896229496 0.438871010129 1 3.321369 0.015204405337 -0.193161918131
194.9 1000 21 1.48064290155 0 0.559868752131 0.438877880252 1 3.321403 0.0755545816154 -0.178318462869
195 1000 21 1.48076623021 0 0.559841093007 0.438885125855 1 3.319404 0.128072854335 -0.145143125523
195.1 1000 21 1.48088860055 0 0.559813171184 0.438892768001 1 3.315057 0.1673631784 -0.097066431155
195.2 1000 21 1.48101100658 0 0.55978516439 0.438900264658 1 3.315591 0.189395788792 -0.0390496161428
195.3 1000 21 1.48113519333 0 0.559756275445 0.438911296079 1 3.31628 0.191920249091 0.0229285033842
195.4 1000 21 1.48125845462 0 0.559727410587 0.438921848175 1 3.320707 0.174694803994 0.0824877446238
195.5 1000 21 1.48138268016 0 0.55969806148 0.43893424448 1 3.319189 0.139511038053 0.133501810091
195.6 1000 21 1.48150748893 0 0.559668089855 0.438949214332 1 3.321378 0.0900060172566 0.170729595995
195.7 1000 21 1.48163214622 0 0.559637619238 0.438966162716 1 3.320249 0.0312872754905 0.190353606936
195.8 1000 21 1.48175679243 0 0.559606727663 0.438984628173 1 3.321486 -0.030594241891 0.190371228643
195.9 1000 21 1.48188247609 0 0.55957555416 0.439004704913 1 3.321767 -0.0892678882433 0.170799312446
196 1000 21 1.48200794212 0 0.55954445149 0.439024350564 1 3.32374 -0.138699050351 0.13367002858
196.1 1000 21 1.48213375838 0 0.559513185537 0.439044620847 1 3.320169 -0.17380971381 0.0828207847279
196.2 1000 21 1.4822603803 0 0.559481950322 0.439065287875 1 3.321665 -0.191000096754 0.0234975332913
196.3 1000 21 1.48238700943 0 0.55945060854 0.439086386367 1 3.318606 -0.188518586377 -0.038186601803
196.4 1000 21 1.48251387139 0 0.559419146011 0.439108493473 1 3.320557 -0.166638370281 -0.0958818693593
196.5 1000 21 1.48264287812 0 0.559387239898 0.439133315893 1 3.319868 -0.127630225332 -0.143654636162
196.6 1000 21 1.48277181301 0 0.559355440106 0.439157785383 1 3.324454 -0.0755241330142 -0.176597450461
196.7 1000 21 1.48290080468 0 0.559323413953 0.439183973772 1 3.324279 -0.0156952940627 -0.191334323696
196.8 1000 21 1.48303011917 0 0.559291445424 0.439210508675 1 3.32113 0.045691812683 -0.186365166175
196.9 1000 21 1.48316063735 0 0.559259260961 0.439238868164 1 3.324642 0.102317803017 -0.16222041201
197 1000 21 1.48329227719 0 0.559227240312 0.439267283751 1 3.320979 0.148359388094 -0.121402781596
197.1 1000 21 1.48342488997 0 0.55919544322 0.439295761042 1 3.321285 0.179087859563 -0.0681288900086
197.2 1000 21 1.48355812691 0 0.559163645664 0.43932509358 1 3.323575 0.191354814139 -0.00789363438788
197.3 1000 21 1.4836925224 0 0.559132076982 0.439354690397 1 3.321056 0.183914808816 0.053097181214
197.4 1000 21 1.48382807376 0 0.559100478217 0.439385376546 1 3.3251 0.157552079102 0.108565200597
197.5 1000 21 1.48396455378 0 0.559069080335 0.439416396551 1 3.324171 0.11499750735 0.152806272465
197.6 1000 21 1.48410053439 0 0.559037872333 0.439447114133 1 3.328531 0.0606467028679 0.181277310771
197.7 1000 21 1.48423854451 0 0.55900670073 0.439478896411 1 3.323162 0.00010467159288 0.191062585941
197.8 1000 21 1.48437591773 0 0.55897575301 0.439510673285 1 3.32287 -0.0603915431756 0.181172000931
197.9 1000 21 1.48451409107 0 0.558944917452 0.439543135868 1 3.326066 -0.114614497794 0.152641651174
198 1000 21 1.48465425881 0 0.558913923734 0.439577428859 1 3.325263 -0.156988770316 0.108425631168
198.1 1000 21 1.48479461626 0 0.558883098356 0.43961189723 1 3.325204 -0.183163301201 0.0530898017202
198.2 1000 21 1.48493558753 0 0.558852403695 0.439646650415 1 3.323438 -0.190458451726 -0.00765931613451
198.3 1000 21 1.48507806631 0 0.558821710099 0.439682259067 1 3.324885 -0.178141050746 -0.0675635254357
198.4 1000 21 1.48522037093 0 0.558790923111 0.439718948975 1 3.32443 -0.147496491604 -0.120457120961
198.5 1000 21 1.48536279497 0 0.558760308499 0.439755785833 1 3.324589 -0.101696179204 -0.160900986077
198.6 1000 21 1.48550480009 0 0.558729774119 0.439792509652 1 3.323179 -0.0454687189036 -0.184743271514
198.7 1000 21 1.4856505274 0 0.55869923825 0.439830210261 1 3.321763 0.0153874485952 -0.189544884945
198.8 1000 21 1.48579682095 0 0.558668658094 0.439868620889 1 3.323249 0.0746040039596 -0.174828065193
198.9 1000 21 1.48594263597 0 0.55863804689 0.439907635467 1 3.325523 0.126085696666 -0.142125857877
199 1000 21 1.48608873184 0 0.558607496489 0.43994646489 1 3.325856 0.164539113001 -0.0948204567055
199.1 1000 21 1.48623555741 0 0.55857688078 0.439985893876 1 3.325109 0.186017219532 -0.0377959412568
199.2 1000 21 1.48638251968 0 0.558546230483 0.440025342232 1 3.325124 0.188324047152 0.0230681558531
199.3 1000 21 1.4865306838 0 0.558515583515 0.44006468067 1 3.327481 0.171238940681 0.0815024111223
199.4 1000 21 1.48667844599 0 0.558484824195 0.44010429091 1 3.323897 0.136537997502 0.13149243339
199.5 1000 21 1.48682593202 0 0.558453973441 0.44014412516 1 3.32184 0.0878095424653 0.167898863427
199.6 1000 21 1.48697444478 0 0.558422971257 0.440184662352 1 3.325362 0.0300830906667 0.186984946043
199.7 1000 21 1.48712419896 0 0.55839186185 0.440225226068 1 3.324641 -0.0306898310185 0.18680066281
199.8 1000 21 1.48727442786 0 0.558360449433 0.440265999119 1 3.323452 -0.0882493927436 0.167382349566
199.9 1000 21 1.48742376436 0 0.55832894414 0.440306686658 1 3.323216 -0.136671331798 0.130744632251
200 1000 21 1.48757477208 0 0.558297213554 0.440347417673 1 3.325426 -0.170977890281 0.0806758242589
200.1 1000 21 1.48772577215 0 0.558265279875 0.440388660605 1 3.327862 -0.187648257361 0.0223423858016
200.2 1000 21 1.48787561881 0 0.55823312047 0.440429896043 1 3.328692 -0.184980780398 -0.0382418131156
200.3 1000 21 1.48802481753 0 0.558200667956 0.440471308978 1 3.322186 -0.163266267481 -0.0948365027013
200.4 1000 21 1.4881745864 0 0.558168124348 0.440512144513 1 3.322313 -0.124756881555 -0.141617154873
200.5 1000 21 1.4883232235 0 0.558135511623 0.440552304682 1 3.330233 -0.0734317448207 -0.173774334675
200.6 1000 21 1.48847291389 0 0.558102596204 0.440592976244 1 3.323018 -0.0145870585229 -0.188008882647
200.7 1000 21 1.48862155309 0 0.558069397925 0.440633945237 1 3.321378 0.0457112658902 -0.182869924704
200.8 1000 21 1.48876960104 0 0.558035918534 0.440674586663 1 3.321274 0.101253125541 -0.158901609229
200.9 1000 21 1.48891855389 0 0.558002072195 0.44071606916 1 3.324982 0.146322418204 -0.118588048269
201 1000 21 1.48906650975 0 0.557968148061 0.440756592419 1 3.324657 0.176285921149 -0.0660930215554
201.1 1000 21 1.48921401893 0 0.557934117733 0.440796093822 1 3.322355 0.188069911483 -0.00683252549179
201.2 1000 21 1.48936134661 0 0.557899765251 0.440836154215 1 3.323926 0.180475087474 0.0530853210466
201.3 1000 21 1.48950847907 0 0.557865116987 0.440875995106 1 3.322708 0.154298180205 0.107489148912
201.4 1000 21 1.48965352545 0 0.557830243268 0.440915987696 1 3.31938 0.112250011899 0.150780464027
201.5 1000 21 1.4897993049 0 0.557795064045 0.440956261384 1 3.322193 0.0586723757503 0.178509606681
201.6 1000 21 1.48994436659 0 0.557759871443 0.440995660392 1 3.323565 -0.000908029605798 0.187832520805
201.7 1000 21 1.49008858726 0 0.557724350096 0.44103529109 1 3.323451 -0.0603509184309 0.177802552891
201.8 1000 21 1.4902309346 0 0.557688749448 0.441074345608 1 3.323577 -0.113534114117 0.149466549442
201.9 1000 21 1.49037429233 0 0.557652931127 0.441113259494 1 3.327962 -0.154985287875 0.105756472832
202 1000 21 1.4905156841 0 0.557617085916 0.441151201588 1 3.32532 -0.180443814596 0.0511852886703
202.1 1000 21 1.49065628725 0 0.557581179435 0.441188682226 1 3.323029 -0.187299124467 -0.00861920714358
202.2 1000 21 1.49079604904 0 0.557545084283 0.441226112561 1 3.326898 -0.174858257674 -0.067494132208
202.3 1000 21 1.49093459746 0 0.557509172024 0.441262004644 1 3.322201 -0.144416326635 -0.119376593534
202.4 1000 21 1.49107317113 0 0.557473451763 0.441296363281 1 3.321342 -0.0991208983451 -0.15892845346
202.5 1000 21 1.49121136841 0 0.557438160889 0.441328260503 1 3.321664 -0.0436471979438 -0.182084352678
202.6 1000 21 1.49134747275 0 0.557403050686 0.441358882329 1 3.32252 0.0162848318887 -0.186470855082
202.7 1000 21 1.49148198871 0 0.557368175573 0.441387752074 1 3.331565 0.0744999099558 -0.171649234351
202.8 1000 21 1.49161800954 0 0.557333376998 0.441415182902 1 3.321021 0.125004038497 -0.139158528178
202.9 1000 21 1.49175189185 0 0.557298773727 0.441442221904 1 3.323153 0.162600757955 -0.0923568086797
203 1000 21 1.49188402696 0 0.557264186829 0.441468580747 1 3.321977 0.183426846539 -0.0360731494375
203.1 1000 21 1.49201591076 0 0.55722964845 0.441494446711 1 3.328302 0.185348624451 0.0238898827679
203.2 1000 21 1.49214733627 0 0.557195235507 0.44151951193 1 3.323522 0.168180350965 0.0813548760785
203.3 1000 21 1.49227804872 0 0.557160836757 0.441544611849 1 3.321534 0.133702325023 0.130405376206
203.4 1000 21 1.49240779744 0 0.557126465094 0.441569624522 1 3.322396 0.085476063702 0.165995545302
203.5 1000 21 1.49253608655 0 0.557092080548 0.441594803626 1 3.318465 0.0284767690535 0.184468920222
203.6 1000 21 1.49266404768 0 0.557057664167 0.441619432076 1 3.319642 -0.0314207249901 0.183934139456
203.7 1000 21 1.49279063666 0 0.557023326483 0.441644345199 1 3.319889 -0.0880461972256 0.16445733943
203.8 1000 21 1.49291690836 0 0.556988966748 0.44166939311 1 3.325732 -0.135570822899 0.128056516851
203.9 1000 21 1.49304279648 0 0.556954433278 0.441695891327 1 3.32176 -0.169106221359 0.0784904216351
204 1000 21 1.49316774572 0 0.556919773151 0.441722735764 1 3.318457 -0.185208037104 0.0208706850245
204.1 1000 21 1.49329246988 0 0.556885207035 0.441749171098 1 3.322467 -0.182228187445 -0.0388644557735
204.2 1000 21 1.49341770186 0 0.556850354452 0.441777465521 1 3.321451 -0.160485433678 -0.0945626943362
204.3 1000 21 1.49354121417 0 0.556815429984 0.441806588161 1 3.319045 -0.122229918843 -0.140491323279
204.4 1000 21 1.49366386074 0 0.5567806261 0.441835914059 1 3.322241 -0.0714105975588 -0.171926907886
204.5 1000 21 1.49378648457 0 0.556745604741 0.441865942715 1 3.317314 -0.0132675479417 -0.185641501505
204.6 1000 21 1.49390836317 0 0.55671043378 0.441896863993 1 3.325195 0.0462084224498 -0.180233402549
204.7 1000 21 1.49403010949 0 0.556675098257 0.441929695811 1 3.321933 0.100892267478 -0.156270596774
204.8 1000 21 1.49415187013 0 0.556639233012 0.441965549801 1 3.325425 0.145156848341 -0.11623178703
204.9 1000 21 1.49427346441 0 0.556603485158 0.442000183869 1 3.322267 0.174450855906 -0.0642484451908
205 1000 21 1.49439472106 0 0.556567561867 0.442036227693 1 3.321834 0.185766632337 -0.00567970862574
205.1 1000 21 1.49451537778 0 0.556531299222 0.442073380745 1 3.320308 0.177950213049 0.0534404242221
205.2 1000 21 1.49463809323 0 0.556495221263 0.442110544827 1 3.322681 0.151817113869 0.107024485287
205.3 1000 21 1.49475867529 0 0.556459182403 0.44214682003 1 3.320477 0.110068933154 0.149559355964
205.4 1000 21 1.49488172645 0 0.556422939275 0.442184448268 1 3.326014 0.0570128179205 0.176672501802
205.5 1000 21 1.49500336964 0 0.556386724352 0.442222387604 1 3.326322 -0.00188174109674 0.185581770662
205.6 1000 21 1.49512550672 0 0.55635051164 0.442259941906 1 3.32599 -0.0605489292997 0.175380237784
205.7 1000 21 1.49524879883 0 0.556314260749 0.442297479031 1 3.325393 -0.112948663014 0.147130025393
205.8 1000 21 1.49537186367 0 0.556277782993 0.442336515691 1 3.326175 -0.153690612766 0.10375017061
205.9 1000 21 1.49549535421 0 0.556240986203 0.442376695631 1 3.32743 -0.178587135633 0.0497152216535
206 1000 21 1.49561834276 0 0.556204104736 0.44241624095 1 3.324437 -0.185085420352 -0.00940588627674
206.1 1000 21 1.49574309464 0 0.556167112391 0.442456870346 1 3.326312 -0.172527231391 -0.0675239117144
206.2 1000 21 1.49586765207 0 0.556130113043 0.442496499746 1 3.323846 -0.142216197307 -0.118656763909
206.3 1000 21 1.4959925021 0 0.556093092116 0.44253562428 1 3.321735 -0.0972836741592 -0.157544625433
206.4 1000 21 1.49611869797 0 0.556055999884 0.442575123962 1 3.323152 -0.0423641894902 -0.180192246798
206.5 1000 21 1.4962447354 0 0.556018511553 0.442616106073 1 3.324074 0.0168830397502 -0.184278048198
206.6 1000 21 1.49637216598 0 0.555980948682 0.44265597153 1 3.322807 0.0743565413357 -0.169392380038
206.7 1000 21 1.49649999123 0 0.555943283095 0.442696165084 1 3.327651 0.124141000346 -0.137079822396
206.8 1000 21 1.4966289223 0 0.555905215202 0.442738406698 1 3.321033 0.161116930079 -0.0906771662431
206.9 1000 21 1.49675845265 0 0.555867063321 0.442779509821 1 3.328226 0.181485831944 -0.0349689651045
207 1000 21 1.49688821449 0 0.555828830658 0.442820320712 1 3.326577 0.183161393917 0.0243039607296
207.1 1000 21 1.49701737301 0 0.555790422886 0.442861731273 1 3.323456 0.16598292759 0.0810384512682
207.2 1000 21 1.49714860876 0 0.555751527925 0.442904482628 1 3.325327 0.131730299751 0.129396046467
207.3 1000 21 1.49727931238 0 0.555712504136 0.442948114824 1 3.323337 0.0839403667894 0.164404658269
207.4 1000 21 1.49741292327 0 0.555673355721 0.442990118945 1 3.329681 0.0275397856305 0.182468902706
207.5 1000 21 1.49754744468 0 0.555633884847 0.443033812422 1 3.328134 -0.0316594413127 0.181739744994
207.6 1000 21 1.49768030078 0 0.555594263546 0.44307754501 1 3.325424 -0.0875621193768 0.162304781578
207.7 1000 21 1.49781572013 0 0.555554470712 0.44312170758 1 3.325897 -0.134416709598 0.12617600202
207.8 1000 21 1.49795196425 0 0.5555143973 0.443166336215 1 3.326835 -0.167405749576 0.0770830671686
207.9 1000 21 1.49808892166 0 0.55547417853 0.4432103954 1 3.325811 -0.183142598374 0.0200873370205
208 1000 21 1.49822633602 0 0.555433477384 0.44325628086 1 3.325892 -0.180018249874 -0.0389394068568
208.1 1000 21 1.49836487985 0 0.55539269666 0.443301322502 1 3.323741 -0.158366539433 -0.0939202800083
208.2 1000 21 1.4985029267 0 0.555351854272 0.443346575119 1 3.325046 -0.120427898036 -0.139198352832
208.3 1000 21 1.49864045964 0 0.555310851404 0.443392431504 1 3.324016 -0.0701178760056 -0.170119440936
208.4 1000 21 1.49878016311 0 0.555269692348 0.443437574676 1 3.325326 -0.0126231496834 -0.183509860771
208.5 1000 21 1.49892091633 0 0.555228093312 0.44348495387 1 3.321491 0.0461339992085 -0.178002660245
208.6 1000 21 1.49906241609 0 0.555186335954 0.443532017816 1 3.325783 0.100104244404 -0.154176784527
208.7 1000 21 1.49920257538 0 0.555144545548 0.443578249387 1 3.329389 0.143735729018 -0.114497085803
208.8 1000 21 1.49934303877 0 0.555102618155 0.443624772125 1 3.326807 0.172544061153 -0.0630572895685
208.9 1000 21 1.49948502959 0 0.555060419605 0.443671673271 1 3.329434 0.183573380983 -0.00516013080342
209 1000 21 1.49962908765 0 0.555018113983 0.443717558093 1 3.326448 0.175699404072 0.0532309918161
209.1 1000 21 1.49977130074 0 0.554975688425 0.443763764765 1 3.324933 0.149745597886 0.106105133753
209.2 1000 21 1.4999126812 0 0.554933164785 0.443809331687 1 3.328216 0.108394825051 0.148023334408
209.3 1000 21 1.50005544872 0 0.554890358886 0.443856297356 1 3.325663 0.0559128518651 0.174678030707
209.4 1000 21 1.50019903287 0 0.554847075172 0.443904677858 1 3.327021 -0.00229057031625 0.183335233143
209.5 1000 21 1.50034184332 0 0.554803866142 0.44395177627 1 3.323931 -0.0602209936998 0.17311509981
209.6 1000 21 1.50048539037 0 0.554760510751 0.443998559119 1 3.335465 -0.111915157937 0.145082255425
209.7 1000 21 1.50062788324 0 0.55471701394 0.444045251833 1 3.322537 -0.152056388436 0.102133407952
209.8 1000 21 1.50077072718 0 0.554673528448 0.444091001639 1 3.328517 -0.1765200954 0.0486990162405
209.9 1000 21 1.5009116427 0 0.554629904395 0.444136852847 1 3.324423 -0.182798588874 -0.00971388457855
210 1000 21 1.50105413851 0 0.55458609867 0.4441824426 1 3.323748 -0.17025687877 -0.06709011889
210.1 1000 21 1.50119483184 0 0.554542032261 0.444228139579 1 3.320969 -0.140198216232 -0.117524069396
210.2 1000 21 1.50133707561 0 0.554497884453 0.444272424554 1 3.328632 -0.095727207863 -0.155828881618
210.3 1000 21 1.50147785549 0 0.554453620758 0.444317458023 1 3.323956 -0.0414309597258 -0.178070037395
210.4 1000 21 1.50161854781 0 0.554409147752 0.444362084306 1 3.329536 0.0170957163235 -0.1819680777
210.5 1000 21 1.50175838104 0 0.554364498815 0.444406114099 1 3.325851 0.0738264145898 -0.167133013224
210.6 1000 21 1.50189758161 0 0.554319491084 0.444451587451 1 3.324041 0.122922697175 -0.135104414486
210.7 1000 21 1.50203619007 0 0.55427487362 0.444493055598 1 3.32505 0.159335515481 -0.0891889683513
210.8 1000 21 1.5021740696 0 0.554229994767 0.44453469633 1 3.326387 0.179325376251 -0.0341220414814
210.9 1000 21 1.50231204489 0 0.554185073344 0.444574764142 1 3.329521 0.18084499916 0.0244226716822
211 1000 21 1.5024491782 0 0.554139911815 0.444614849027 1 3.329501 0.163749664348 0.0804174994766
211.1 1000 21 1.5025852307 0 0.554094696345 0.44465290076 1 3.327699 0.129810559251 0.128100452311
211.2 1000 21 1.50272061223 0 0.554048946444 0.444692886304 1 3.323389 0.0825312888047 0.162568995433
211.3 1000 21 1.50285534727 0 0.554003004539 0.444731940177 1 3.32756 0.0267865822125 0.180283750741
211.4 1000 21 1.50298938582 0 0.553956740875 0.444770634102 1 3.325106 -0.0316804856067 0.179431890867
211.5 1000 21 1.50312244971 0 0.553910427808 0.44480800901 1 3.321803 -0.0868508736583 0.160112599071
211.6 1000 21 1.50325370016 0 0.553863834076 0.444845048323 1 3.324086 -0.133048200144 0.124326473156
211.7 1000 21 1.50338526841 0 0.553816995659 0.444881244853 1 3.323438 -0.165523525642 0.0757663074734
211.8 1000 21 1.50351480335 0 0.55377024108 0.444915910873 1 3.330057 -0.180943267378 0.0194383577911
211.9 1000 21 1.50364343115 0 0.553723516139 0.444947825441 1 3.325305 -0.177731124203 -0.0388551755282
212 1000 21 1.5037720945 0 0.553676551046 0.444979200211 1 3.318931 -0.156229184194 -0.0931138846711
212.1 1000 21 1.50389969299 0 0.553629381158 0.445010087718 1 3.323273 -0.118662011024 -0.13775607159
212.2 1000 21 1.50402644175 0 0.55358198516 0.44504092544 1 3.322307 -0.0689059157068 -0.168193307591
212.3 1000 21 1.50415159379 0 0.553534538457 0.445068853066 1 3.327175 -0.012089583961 -0.181302082199
212.4 1000 21 1.50427498365 0 0.553487289628 0.445094133842 1 3.322148 0.0459354316372 -0.175744389812
212.5 1000 21 1.5043981723 0 0.553439874606 0.445118129406 1 3.323613 0.0991965718913 -0.152103878212
212.6 1000 21 1.50452033682 0 0.553392074397 0.445142978592 1 3.324449 0.142216148817 -0.112825407293
212.7 1000 21 1.50464291262 0 0.553343717134 0.445169345602 1 3.325405 0.170573390781 -0.0619606817275
212.8 1000 21 1.50476353676 0 0.553295094197 0.445195355055 1 3.320534 0.181358969968 -0.00475144180067
212.9 1000 21 1.50488294091 0 0.553246385557 0.445219364226 1 3.321074 0.173474283423 0.0529100248185
213 1000 21 1.50500151861 0 0.553197182542 0.445244564372 1 3.322083 0.147743001651 0.105089995079
213.1 1000 21 1.5051186847 0 0.553147869299 0.445268332703 1 3.320034 0.106824481973 0.146421800055
213.2 1000 21 1.50523538279 0 0.553098295266 0.445292455986 1 3.323619 0.0549396833484 0.172659752169
213.3 1000 21 1.50535059222 0 0.553048489938 0.445316040893 1 3.321755 -0.00256517881769 0.181113197908
213.4 1000 21 1.50546505052 0 0.552998591986 0.445339085116 1 3.320472 -0.0597686830757 0.170923788787
213.5 1000 21 1.50557811737 0 0.552948470734 0.445362556373 1 3.320215 -0.110784376825 0.143152131907
213.6 1000 21 1.50569081724 0 0.552898261965 0.445384988897 1 3.322283 -0.150366525625 0.100668516428
213.7 1000 21 1.50580232216 0 0.552847982874 0.445407429655 1 3.320424 -0.174449779806 0.047853859591
213.8 1000 21 1.50591330512 0 0.552797464684 0.445430949616 1 3.316723 -0.180565384312 -0.00985036371887
213.9 1000 21 1.50602342709 0 0.552746976373 0.445454032547 1 3.319346 -0.168096602952 -0.0665022485408
214 1000 21 1.5061338215 0 0.552696271138 0.445478549031 1 3.320528 -0.138338500952 -0.116272783318
214.1 1000 21 1.50624337155 0 0.552645726836 0.445501938339 1 3.319597 -0.0943653864693 -0.154045242616
214.2 1000 21 1.50635199292 0 0.552595269862 0.445524800673 1 3.328984 -0.0407119897078 -0.175940419541
214.3 1000 21 1.50646044054 0 0.552544899891 0.445548052105 1 3.32044 0.0170940654172 -0.179716128716
214.4 1000 21 1.50656833636 0 0.552494686808 0.445571146638 1 3.320591 0.0731013571984 -0.16499633629
214.5 1000 21 1.50667472021 0 0.55244461509 0.445594179859 1 3.325314 0.121548116661 -0.133308605471
214.6 1000 21 1.50678122184 0 0.552394594396 0.4456181937 1 3.318963 0.157453532918 -0.0879248900433
214.7 1000 21 1.50688768127 0 0.552344798115 0.445643146525 1 3.320722 0.177131714365 -0.0335252376261
214.8 1000 21 1.50699389107 0 0.552295311634 0.445667502099 1 3.32006 0.178568884876 0.0242860633363
214.9 1000 21 1.50709907319 0 0.552246276455 0.445691027119 1 3.31787 0.161630109432 0.0795577089113
215 1000 21 1.50720438619 0 0.552197436968 0.445715960481 1 3.323877 0.128070785016 0.126603517071
215.1 1000 21 1.50731012563 0 0.55214917876 0.445739484574 1 3.319214 0.0813566069023 0.160587888354
215.2 1000 21 1.50741583039 0 0.552101173647 0.44576441414 1 3.318391 0.0263038024007 0.178022633827
215.3 1000 21 1.50751987179 0 0.552053756246 0.445788586721 1 3.319613 -0.0314162064228 0.177126101394
215.4 1000 21 1.50762511914 0 0.552006593688 0.445814384426 1 3.320029 -0.0858620210123 0.158002912845
215.5 1000 21 1.50773085147 0 0.551960047889 0.445839457473 1 3.323479 -0.131432730228 0.122634164084
215.6 1000 21 1.50783651536 0 0.551914040098 0.445864407898 1 3.321017 -0.163445159511 0.0746713069057
215.7 1000 21 1.50794252084 0 0.551868497196 0.445889934506 1 3.321776 -0.178614743321 0.0190589257357
215.8 1000 21 1.50804863023 0 0.551823620189 0.445915162839 1 3.327293 -0.175392525914 -0.0384741863171
215.9 1000 21 1.5081549173 0 0.551779261082 0.445940640051 1 3.303595 -0.154123327624 -0.092005876069
216 1000 21 1.50826243226 0 0.551735682982 0.445965360678 1 3.320137 -0.117009211423 -0.136030233811
216.1 1000 21 1.50836980425 0 0.551692660814 0.445990723702 1 3.316716 -0.0678807835146 -0.166023785863
216.2 1000 21 1.50847780005 0 0.551650212457 0.446016165149 1 3.324423 -0.0118027141797 -0.178909690757
216.3 1000 21 1.50858617393 0 0.551608279652 0.446042485132 1 3.323028 0.0454488472881 -0.173374176008
216.4 1000 21 1.50869429517 0 0.551566955763 0.446068291282 1 3.319329 0.0979810463148 -0.150000395873
216.5 1000 21 1.50880315717 0 0.551526306143 0.446093565706 1 3.320346 0.14039104574 -0.11120688275
216.6 1000 21 1.50891322922 0 0.55148617894 0.446119622663 1 3.320038 0.168321647844 -0.0609972106856
216.7 1000 21 1.50902358904 0 0.551446611408 0.446145372977 1 3.304334 0.178908749227 -0.00454709985362
216.8 1000 21 1.50913477646 0 0.551407661673 0.446170570848 1 3.321486 0.171075636099 0.0523290910271
216.9 1000 21 1.50924602472 0 0.551369214026 0.446196176328 1 3.31995 0.145642004231 0.103778071888
217 1000 21 1.50935790016 0 0.551331259749 0.446221690098 1 3.305526 0.105238071134 0.144508420237
217.1 1000 21 1.50947025566 0 0.551293781546 0.446247122879 1 3.304607 0.0540331428623 0.170336227509
217.2 1000 21 1.50958334151 0 0.551256754103 0.446272513584 1 3.304354 -0.00269491520608 0.17861423769
217.3 1000 21 1.5096970397 0 0.551219785651 0.446299422173 1 3.311061 -0.059103634144 0.168503408991
217.4 1000 21 1.50981139382 0 0.551183247889 0.44632614226 1 3.30369 -0.109387929816 0.141057892279
217.5 1000 21 1.50992643321 0 0.551147055319 0.44635281102 1 3.30718 -0.14837705097 0.0991149006813
217.6 1000 21 1.51004199555 0 0.55111114335 0.446379351084 1 3.30663 -0.172066355444 0.0470018653883
217.7 1000 21 1.51015824123 0 0.5510750308 0.446408025104 1 3.307171 -0.178029093334 -0.00991035281312
217.8 1000 21 1.51027509906 0 0.551038961541 0.446437338378 1 3.309868 -0.165664431895 -0.0657608206623
217.9 1000 21 1.51039249201 0 0.551002761488 0.446468049099 1 3.307566 -0.136258273654 -0.114802181796
218 1000 21 1.51051055216 0 0.55096620973 0.446500959891 1 3.305676 -0.0928495706432 -0.151991918835
218.1 1000 21 1.51062885557 0 0.550929260559 0.446535864649 1 3.322049 -0.0399162505388 -0.173511094905
218.2 1000 21 1.51074760042 0 0.550892188325 0.446571389504 1 3.311972 0.0170868411658 -0.177156143143
218.3 1000 21 1.51086576986 0 0.550854990043 0.446607032726 1 3.329125 0.072289551237 -0.162564883434
218.4 1000 21 1.51098459718 0 0.550817587847 0.446643495923 1 3.327721 0.120012054959 -0.131252396792
218.5 1000 21 1.51110357211 0 0.550779939087 0.446680553133 1 3.309262 0.155347525026 -0.0864535861317
218.6 1000 21 1.51122308563 0 0.550742243198 0.446717124667 1 3.323781 0.17466827751 -0.0327891617449
218.7 1000 21 1.511342523 0 0.550704345516 0.446753695526 1 3.323865 0.175997270912 0.0242111028914
218.8 1000 21 1.51146112668 0 0.550666178792 0.446789809476 1 3.326727 0.159210721327 0.0786779921125
218.9 1000 21 1.51157957418 0 0.550627698276 0.446826342134 1 3.312807 0.126049653725 0.125007484123
219 1000 21 1.51169897583 0 0.55058883035 0.446863361623 1 3.324986 0.0799391397169 0.158437075695
219.1 1000 21 1.51181706782 0 0.550549695481 0.446900145506 1 3.321312 0.0256341052474 0.175535426616
219.2 1000 21 1.51193417618 0 0.550510198828 0.446936526525 1 3.324502 -0.0312697635111 0.17455412987
219.3 1000 21 1.51205121381 0 0.550470451658 0.446972520459 1 3.32379 -0.0849140884728 0.155607654813
219.4 1000 21 1.51216788632 0 0.550430210289 0.447008951498 1 3.307971 -0.129779614093 0.120659035342
219.5 1000 21 1.51228323893 0 0.550389616022 0.447044944553 1 3.322859 -0.161255019686 0.0733170238087
219.6 1000 21 1.51239864993 0 0.550348712341 0.447080566015 1 3.322998 -0.176110481191 0.0184633481197
219.7 1000 21 1.51251293327 0 0.550307492325 0.447115516384 1 3.321624 -0.17282914352 -0.0382509252245
219.8 1000 21 1.51262717929 0 0.550265866521 0.44715066709 1 3.308601 -0.151761838739 -0.0909867751682
219.9 1000 21 1.5127404708 0 0.550223924018 0.447185617912 1 3.326519 -0.11508987177 -0.134319537372
220 1000 21 1.51285314625 0 0.550181646553 0.447220154624 1 3.312786 -0.06659928204 -0.163795956165
220.1 1000 21 1.51296502698 0 0.550139068128 0.447254377795 1 3.312027 -0.0112895409184 -0.176392410978
220.2 1000 21 1.51307563731 0 0.550096290375 0.447287744786 1 3.30807 0.045141617603 -0.1708247057
220.3 1000 21 1.51318565948 0 0.550053259548 0.447320794914 1 3.305401 0.0968852487674 -0.147679314103
220.4 1000 21 1.51329460109 0 0.55001014331 0.447352772506 1 3.309066 0.138619104772 -0.109351420948
220.5 1000 21 1.51340272479 0 0.549966799239 0.447384527885 1 3.311574 0.166055182977 -0.0597969378568
220.6 1000 21 1.51350992438 0 0.549923262215 0.447416075363 1 3.309083 0.176380135106 -0.00412466388596
220.7 1000 21 1.51361577762 0 0.549879694228 0.44744670733 1 3.310246 0.168543979603 0.0519308690209
220.8 1000 21 1.51372089362 0 0.549836175894 0.447476371321 1 3.31343 0.14336674219 0.102599981534
220.9 1000 21 1.51382490778 0 0.549792543712 0.447505869172 1 3.310084 0.103452599054 0.142671497652
221 1000 21 1.51392760714 0 0.549749486486 0.447532176183 1 3.312266 0.0529207661054 0.168028925985
221.1 1000 21 1.51402922818 0 0.549706746516 0.447556762801 1 3.310556 -0.00301984226298 0.176073562371
221.2 1000 21 1.5141291594 0 0.549664292439 0.447579736158 1 3.321671 -0.0586075519992 0.165990227861
221.3 1000 21 1.51422847375 0 0.54962241207 0.447600352162 1 3.308416 -0.108121183686 0.138830645198
221.4 1000 21 1.51432620157 0 0.549581341587 0.447617412511 1 3.317105 -0.146469230305 0.0974030290108
221.5 1000 21 1.5144224928 0 0.54954057087 0.447633519602 1 3.321609 -0.169713309991 0.0459819416397
221.6 1000 21 1.51451833852 0 0.549499986455 0.447649556303 1 3.308682 -0.175472598034 -0.0101322971504
221.7 1000 21 1.51461304943 0 0.549459796772 0.447664647342 1 3.321621 -0.163167607574 -0.0651608526493
221.8 1000 21 1.51470602391 0 0.549420084904 0.447678830586 1 3.322834 -0.134078451941 -0.113440560548
221.9 1000 21 1.51479793685 0 0.549380779877 0.447692113309 1 3.319798 -0.0912120416188 -0.150007740545
222 1000 21 1.51488937726 0 0.549341779512 0.447705357464 1 3.306837 -0.0389907863723 -0.171107490614
222.1 1000 21 1.51497909756 0 0.549303186542 0.44771859861 1 3.322125 0.017203236774 -0.174579894105
222.2 1000 21 1.51506855006 0 0.549265098348 0.447731016463 1 3.32161 0.0715829279775 -0.160081030959
222.3 1000 21 1.51515570725 0 0.549227625676 0.447742590166 1 3.31561 0.118552752991 -0.129117305707
222.4 1000 21 1.51524297739 0 0.549190551171 0.447754139189 1 3.305713 0.153283993488 -0.0848881657322
222.5 1000 21 1.51532896487 0 0.549153896294 0.447765765705 1 3.32008 0.172211179506 -0.0319562030602
222.6 1000 21 1.51541455653 0 0.549117792503 0.447777230154 1 3.320476 0.173398393665 0.0242235199726
222.7 1000 21 1.51550000379 0 0.549082193662 0.447788565638 1 3.319929 0.156737243068 0.0778661836288
222.8 1000 21 1.5155838644 0 0.549047022371 0.447800057739 1 3.303342 0.123956171364 0.12345222878
222.9 1000 21 1.51566727862 0 0.549012188751 0.44781257338 1 3.321386 0.0784419699528 0.156295547749
223 1000 21 1.51574965732 0 0.548977730087 0.447825602305 1 3.322134 0.0248893900227 0.173025747764
223.1 1000 21 1.51583168342 0 0.548943749188 0.447838682751 1 3.308832 -0.0311833273809 0.171932873612
223.2 1000 21 1.51591311754 0 0.548910256232 0.447851818649 1 3.30932 -0.0840023544276 0.153143233578
223.3 1000 21 1.51599390726 0 0.548877220989 0.447864982157 1 3.308254 -0.12813332754 0.118604626641
223.4 1000 21 1.51607424403 0 0.548844474783 0.447879070022 1 3.306252 -0.159040330752 0.0718844363829
223.5 1000 21 1.51615458701 0 0.548811861024 0.447894846633 1 3.3076 -0.173552221846 0.0178012766953
223.6 1000 21 1.51623455746 0 0.548779642032 0.447910699805 1 3.305654 -0.170187785184 -0.0380720743999
223.7 1000 21 1.51631434507 0 0.548747792827 0.447926668903 1 3.302318 -0.149307107181 -0.0899827657159
223.8 1000 21 1.5163937677 0 0.5487162597 0.447942814166 1 3.303399 -0.113073097058 -0.132590212728
223.9 1000 21 1.51647341949 0 0.548684886649 0.447959858736 1 3.308523 -0.0652275523314 -0.161515734136
224 1000 21 1.51655323204 0 0.548652996741 0.447981201996 1 3.312496 -0.0107045648431 -0.173792324165
224.1 1000 21 1.51663391371 0 0.548620862311 0.448005152797 1 3.308143 0.0448782970801 -0.168169006032
224.2 1000 21 1.51671486617 0 0.548588736481 0.448030156305 1 3.314538 0.0957984502885 -0.145238122411
224.3 1000 21 1.51679636995 0 0.548556609547 0.448056245767 1 3.324875 0.136817678889 -0.107373571129
224.4 1000 21 1.51687859016 0 0.548523913131 0.448085828693 1 3.307263 0.16372093329 -0.0584844363148
224.5 1000 21 1.51696153262 0 0.548491107835 0.448116602659 1 3.328667 0.173749316485 -0.00361189830314
224.6 1000 21 1.51704450854 0 0.54845826644 0.448147574342 1 3.323694 0.165883221584 0.0515906337824
224.7 1000 21 1.51712809404 0 0.548425334941 0.448178719129 1 3.31233 0.140945916143 0.101440291615
224.8 1000 21 1.51721271793 0 0.548391982939 0.448211827557 1 3.324221 0.101517598091 0.140809061339
224.9 1000 21 1.51729812185 0 0.548358454598 0.448245108143 1 3.324518 0.0516679087993 0.165652248546
225 1000 21 1.5173834256 0 0.548324721689 0.448278574621 1 3.326723 -0.00346338933813 0.173423190024
225.1 1000 21 1.51746990053 0 0.548290554262 0.448313231074 1 3.305701 -0.0581967497688 0.163334472646
225.2 1000 21 1.51755697033 0 0.548256127527 0.448348103731 1 3.326625 -0.106897816769 0.136438109959
225.3 1000 21 1.51764504923 0 0.548221348723 0.448383186455 1 3.323203 -0.144557354449 0.0955154473485
225.4 1000 21 1.517734125 0 0.548186304024 0.448418388755 1 3.333201 -0.167306734939 0.0447900330853
225.5 1000 21 1.51782387931 0 0.548150803582 0.448453977117 1 3.325917 -0.172814831592 -0.0105087163711
225.6 1000 21 1.51791454468 0 0.548114937289 0.448489644524 1 3.309031 -0.160527503561 -0.0646846002304
225.7 1000 21 1.5180061848 0 0.548078639897 0.448525609616 1 3.33013 -0.131723021947 -0.112161165763
225.8 1000 21 1.51809851138 0 0.548041772353 0.448562458233 1 3.328694 -0.0893785637271 -0.148055569331
225.9 1000 21 1.51819172977 0 0.548004498189 0.448599404325 1 3.324346 -0.0378637881576 -0.168680930283
226 1000 21 1.51828636956 0 0.547966786346 0.448636474434 1 3.30896 0.017511039277 -0.171925296268
226.1 1000 21 1.5183819426 0 0.547928680922 0.448673446279 1 3.325532 0.07104252158 -0.15746746255
226.2 1000 21 1.51847854154 0 0.547889787533 0.448712353455 1 3.322354 0.117220741466 -0.126808717685
226.3 1000 21 1.51857617712 0 0.547850492149 0.448751324397 1 3.315559 0.151296992019 -0.0831175016225
226.4 1000 21 1.51867496695 0 0.547810814905 0.448790312998 1 3.311618 0.169772146567 -0.0309013635301
226.5 1000 21 1.51877455791 0 0.547770796626 0.448829249952 1 3.3106 0.170755607332 0.0244578354133
226.6 1000 21 1.51887519929 0 0.547730418452 0.448868217497 1 3.313077 0.154159048288 0.0772584379729
226.7 1000 21 1.51897665948 0 0.547689606066 0.448907983777 1 3.311103 0.121703912084 0.122066586027
226.8 1000 21 1.51907905882 0 0.547648526047 0.448947671801 1 3.309686 0.0767431151921 0.15427505627
226.9 1000 21 1.51918218325 0 0.547607196247 0.44898737397 1 3.316356 0.0239147234663 0.170577255158
227 1000 21 1.5192862301 0 0.54756553001 0.449027735658 1 3.313726 -0.031336837529 0.169306595909
227.1 1000 21 1.5193909378 0 0.547523750477 0.449067968457 1 3.316838 -0.0833216220126 0.15060679073
227.2 1000 21 1.51949633792 0 0.547481761133 0.449108782623 1 3.311498 -0.126690178433 0.116415800584
227.3 1000 21 1.51960271886 0 0.547439752932 0.449149431636 1 3.31036 -0.156983923255 0.0702650844744
227.4 1000 21 1.51970905973 0 0.547397637535 0.449190586497 1 3.329724 -0.171093892041 0.016914619048
227.5 1000 21 1.5198163064 0 0.547355562331 0.449231726012 1 3.31287 -0.167579209946 -0.0381374127161
227.6 1000 21 1.51992400992 0 0.547313610263 0.449272642506 1 3.325137 -0.146815208174 -0.0892219474722
227.7 1000 21 1.52003142201 0 0.547271912942 0.449313438084 1 3.326383 -0.110952021148 -0.131083275884
227.8 1000 21 1.52013986795 0 0.547230501331 0.449353787939 1 3.312481 -0.0636930263575 -0.159418276845
227.9 1000 21 1.52024834899 0 0.547189117211 0.449395377055 1 3.330713 -0.00991247354983 -0.171319914347
228 1000 21 1.5203575906 0 0.547148071097 0.449436661692 1 3.325365 0.0448485414082 -0.165574929878
228.1 1000 21 1.52046682133 0 0.547107249967 0.449478612889 1 3.30859 0.0949504660434 -0.142788222941
228.2 1000 21 1.52057593646 0 0.547066928312 0.449520262756 1 3.328676 0.135238971228 -0.105318713438
228.3 1000 21 1.52068475503 0 0.547026920153 0.449562367102 1 3.328606 0.161573699239 -0.0570347560796
228.4 1000 21 1.52079404672 0 0.546987487816 0.449604229211 1 3.322537 0.171253754825 -0.00291598332302
228.5 1000 21 1.52090330345 0 0.546948681965 0.449645796135 1 3.311475 0.163295358252 0.0514612381531
228.6 1000 21 1.52101238872 0 0.546910504004 0.449687032217 1 3.32522 0.138531301916 0.100498264226
228.7 1000 21 1.52112076148 0 0.546873032688 0.449727737423 1 3.327021 0.0995240012414 0.139150542334
228.8 1000 21 1.52122976081 0 0.546836095046 0.449769100804 1 3.324679 0.0503007704416 0.163446567468
228.9 1000 21 1.52133802129 0 0.546799893035 0.449810027609 1 3.314478 -0.00406309189926 0.170895757527
229 1000 21 1.52144522103 0 0.546764480833 0.449850374227 1 3.324344 -0.0579659747201 0.160744024227
229.1 1000 21 1.52155230613 0 0.546729769099 0.449890582922 1 3.326672 -0.105858259209 0.134050283258
229.2 1000 21 1.52165934614 0 0.546695861224 0.449930408017 1 3.315458 -0.142813536581 0.0935757244641
229.3 1000 21 1.52176530709 0 0.546662679 0.449970018241 1 3.332705 -0.16503529326 0.0434985633502
229.4 1000 21 1.52187096619 0 0.546630281128 0.450009208626 1 3.312276 -0.170246637617 -0.0110176048838
229.5 1000 21 1.52197543224 0 0.546598844458 0.450047222951 1 3.322776 -0.157924395273 -0.0643558712651
229.6 1000 21 1.52207960597 0 0.546568058279 0.45008523602 1 3.311106 -0.129351098742 -0.111024835639
229.7 1000 21 1.52218321459 0 0.546538013926 0.450122787958 1 3.310229 -0.0874815519572 -0.146224357035
229.8 1000 21 1.5222857652 0 0.546508642058 0.450160051407 1 3.313768 -0.0366376929226 -0.166338790901
229.9 1000 21 1.52238761755 0 0.546479924909 0.450197027512 1 3.314199 0.0179378721773 -0.169308743488
230 1000 21 1.52248880525 0 0.546451823748 0.450233654918 1 3.312333 0.0706222691798 -0.154841813127
230.1 1000 21 1.52258897267 0 0.546424277965 0.450270083911 1 3.310315 0.115991653673 -0.124441571387
230.2 1000 21 1.52268830832 0 0.54639742595 0.450305444103 1 3.310825 0.149379718863 -0.0812510099023
230.3 1000 21 1.52278666793 0 0.546371201608 0.450339801215 1 3.309718 0.167357510672 -0.0297281248579
230.4 1000 21 1.52288404382 0 0.546345529783 0.450373241846 1 3.316177 0.168085722639 0.0248147161217
230.5 1000 21 1.52298059658 0 0.546320379661 0.450405897593 1 3.324785 0.151503076216 0.0767575934373
230.6 1000 21 1.52307596823 0 0.546295520039 0.450438156224 1 3.316089 0.119330826485 0.120753634279
230.7 1000 21 1.52317014339 0 0.546271136709 0.450469389704 1 3.333095 0.0748946717954 0.152277566462
230.8 1000 21 1.52326375004 0 0.546246837372 0.450500514378 1 3.309929 0.0227806475049 0.16809284663
230.9 1000 21 1.52335577658 0 0.54622306636 0.450529331254 1 3.321935 -0.0316377673963 0.166582705148
231 1000 21 1.52344751648 0 0.54619954857 0.450557465219 1 3.329256 -0.0827537587593 0.147916355432
231.1 1000 21 1.5235381185 0 0.546176109366 0.450584405172 1 3.313732 -0.125305619644 0.114029192468
231.2 1000 21 1.52362753418 0 0.546152877004 0.450609827117 1 3.329302 -0.154916734763 0.0684240216376
231.3 1000 21 1.52371605134 0 0.546129442104 0.450635018206 1 3.325537 -0.168547380144 0.015806506019
231.4 1000 21 1.5238038262 0 0.546106106552 0.45065849313 1 3.326557 -0.164805549466 -0.0383976571258
231.5 1000 21 1.52389065264 0 0.546082759321 0.45068046693 1 3.315799 -0.144089684511 -0.0886039334661
231.6 1000 21 1.52397666636 0 0.546059367707 0.450701024457 1 3.328211 -0.108546997204 -0.129643546883
231.7 1000 21 1.52406178698 0 0.546035905452 0.45071992197 1 3.328466 -0.0618502435835 -0.157295991462
231.8 1000 21 1.52414533692 0 0.546011970808 0.45073811856 1 3.329673 -0.00881730429539 -0.168723285395
231.9 1000 21 1.52422859204 0 0.545988126283 0.450753446645 1 3.313233 0.0450832156973 -0.162759695055
232 1000 21 1.52431093925 0 0.545963711742 0.450768683167 1 3.323611 0.0942984571143 -0.14003290537
232.1 1000 21 1.52439260985 0 0.54593892624 0.450783067121 1 3.326283 0.13376149201 -0.102896159724
232.2 1000 21 1.5244737421 0 0.545913486427 0.45079728104 1 3.311005 0.159414092387 -0.0551860561858
232.3 1000 21 1.52455374566 0 0.545887386239 0.450811268056 1 3.320587 0.16862355343 -0.00182519340635
232.4 1000 21 1.52463366796 0 0.545860595121 0.450825187306 1 3.329618 0.160452445031 0.051684922889
232.5 1000 21 1.52471321343 0 0.545833155701 0.450839171082 1 3.316 0.135755280725 0.0998308621773
232.6 1000 21 1.52479218174 0 0.545805075001 0.450852973359 1 3.322363 0.09708812731 0.137656492314
232.7 1000 21 1.5248710862 0 0.54577595138 0.45086842131 1 3.311941 0.0484444076163 0.161271492988
232.8 1000 21 1.5249496956 0 0.545746143661 0.450883871598 1 3.312075 -0.00515718144382 0.168252784201
232.9 1000 21 1.52502808574 0 0.545715490463 0.450900078816 1 3.311846 -0.0581906810523 0.157892330527
233 1000 21 1.52510635391 0 0.545684169477 0.450916309886 1 3.312116 -0.105192101731 0.131269156986
233.1 1000 21 1.52518491529 0 0.545651713651 0.450935158096 1 3.307687 -0.141322857287 0.0911373738156
233.2 1000 21 1.52526378653 0 0.545618330816 0.45095573009 1 3.308195 -0.162867221278 0.0416405607628
233.3 1000 21 1.52534251153 0 0.545584335416 0.450976381711 1 3.311995 -0.167614782244 -0.012115297417
233.4 1000 21 1.52542186375 0 0.54554948537 0.450998846165 1 3.308432 -0.155086985811 -0.064588441978
233.5 1000 21 1.52550136344 0 0.545513934018 0.451022154422 1 3.309326 -0.126585482136 -0.110373201902
233.6 1000 21 1.52558114381 0 0.545477852036 0.451045492499 1 3.329167 -0.085056478038 -0.14475586149
233.7 1000 21 1.52566120767 0 0.545441397455 0.451069229208 1 3.30979 -0.0347879106469 -0.164200433168
233.8 1000 21 1.52574157746 0 0.54540456766 0.451093218298 1 3.326237 0.0190358664357 -0.166712656267
233.9 1000 21 1.5258226073 0 0.545367260729 0.451118132821 1 3.313652 0.0708664494397 -0.152043367196
234 1000 21 1.52590403378 0 0.545329535841 0.451143991859 1 3.329661 0.115364665558 -0.12171412566
234.1 1000 21 1.52598616867 0 0.54529166554 0.451170084327 1 3.324556 0.147949129595 -0.0788592822624
234.2 1000 21 1.52606922325 0 0.545253266899 0.451197941055 1 3.313644 0.165269359009 -0.0279014038796
234.3 1000 21 1.52615252607 0 0.545214818272 0.451225895431 1 3.325476 0.165549169896 0.0259043886151
234.4 1000 21 1.52623698611 0 0.545176322393 0.45125446375 1 3.323867 0.148768741331 0.0770118299376
234.5 1000 21 1.52632181323 0 0.545137759078 0.451283730629 1 3.327785 0.116666084831 0.12015630887
234.6 1000 21 1.52640809218 0 0.54509911133 0.451314136655 1 3.31544 0.0725574615592 0.15089665406
234.7 1000 21 1.52649539776 0 0.545060463953 0.451345497213 1 3.327562 0.0209938157792 0.166071619953
234.8 1000 21 1.52658311498 0 0.545022187765 0.451377016462 1 3.328303 -0.0327074566812 0.164125733109
234.9 1000 21 1.52667171681 0 0.544984141886 0.451408586333 1 3.324791 -0.0830123361636 0.145267655099
235 1000 21 1.52676159588 0 0.544946329138 0.45144127438 1 3.308025 -0.124738943138 0.111449306532
235.1 1000 21 1.52685216661 0 0.544908999294 0.451474132219 1 3.325633 -0.153591981501 0.0661623605282
235.2 1000 21 1.52694373966 0 0.544872089903 0.451506948652 1 3.327722 -0.166604827454 0.0140783257082
235.3 1000 21 1.52703618422 0 0.544835752508 0.451540065358 1 3.324966 -0.162444309509 -0.0394324821101
235.4 1000 21 1.52712959037 0 0.544800103366 0.451573036731 1 3.311694 -0.141547092173 -0.08885657694
235.5 1000 21 1.5272236956 0 0.544765000138 0.451606175542 1 3.324436 -0.106073628924 -0.12910346739
235.6 1000 21 1.52731895412 0 0.544730594741 0.451639475829 1 3.305912 -0.0596855389827 -0.156030120183
235.7 1000 21 1.52741529692 0 0.544696880375 0.451672929409 1 3.32323 -0.00716693668475 -0.166868452314
235.8 1000 21 1.52751232413 0 0.544663820942 0.45170654668 1 3.310107 0.046068383351 -0.160508386565
235.9 1000 21 1.527610199 0 0.544631470325 0.451740342747 1 3.30927 0.0945352836149 -0.137612972962
236 1000 21 1.52770902994 0 0.54459984122 0.451774206489 1 3.313861 0.133242380618 -0.100547780222
236.1 1000 21 1.52780872961 0 0.544568904751 0.451808323397 1 3.309996 0.158205763858 -0.053137666052
236.2 1000 21 1.52790922889 0 0.544538700671 0.451842519115 1 3.315174 0.166859321734 -0.000271262069891
236.3 1000 21 1.52801062541 0 0.544509201591 0.451876941565 1 3.315481 0.158318165112 0.0526025234802
236.4 1000 21 1.52811278491 0 0.544480448477 0.451911418048 1 3.308252 0.133469264281 0.100036606634
236.5 1000 21 1.52821562023 0 0.54445242806 0.451945956393 1 3.315365 0.0948791612384 0.137146487807
236.6 1000 21 1.52831914627 0 0.544424935812 0.451980811445 1 3.314589 0.0465285280948 0.160113147491
236.7 1000 21 1.52842342005 0 0.544398188812 0.452015562849 1 3.326384 -0.00659755352386 0.166576175505
236.8 1000 21 1.52852818967 0 0.544372056926 0.452050411023 1 3.311828 -0.0590244837604 0.155876262346
236.9 1000 21 1.52863338206 0 0.544346553008 0.452085205738 1 3.324361 -0.105351828411 0.129122284982
237 1000 21 1.52873901847 0 0.544321950594 0.452118509933 1 3.311892 -0.140809555795 0.0890760833
237.1 1000 21 1.52884484259 0 0.544297988871 0.452151710597 1 3.324668 -0.161749329891 0.0398684128412
237.2 1000 21 1.52895091901 0 0.54427447792 0.452184894098 1 3.32641 -0.166019595063 -0.0134290266525
237.3 1000 21 1.52905777325 0 0.54425144975 0.452218137059 1 3.306335 -0.153186761896 -0.065324446213
237.4 1000 21 1.52916491738 0 0.544228816823 0.452251369732 1 3.328771 -0.124578752324 -0.110472887958
237.5 1000 21 1.52927224301 0 0.54420653639 0.452284510765 1 3.328011 -0.083148319612 -0.144226680421
237.6 1000 21 1.52937973587 0 0.544184510062 0.452317552667 1 3.323203 -0.0331670535288 -0.163112418909
237.7 1000 21 1.52948767239 0 0.544162823305 0.452350446011 1 3.312665 0.0202133429119 -0.165190877558
237.8 1000 21 1.52959534514 0 0.544141399299 0.452383166502 1 3.323219 0.0714937429029 -0.150253947032
237.9 1000 21 1.52970300446 0 0.544119989109 0.452415951476 1 3.326176 0.115393472153 -0.119845702091
238 1000 21 1.52981100729 0 0.544098758801 0.452447802534 1 3.324787 0.147393029671 -0.0771035832034
238.1 1000 21 1.52991892267 0 0.544077554328 0.452479743025 1 3.315067 0.164201133708 -0.0264343236715
238.2 1000 21 1.53002670696 0 0.54405634942 0.452511494147 1 3.330158 0.164092101823 0.0269409223386
238.3 1000 21 1.5301341145 0 0.54403497764 0.452543128254 1 3.32833 0.147082583718 0.0775240544949
238.4 1000 21 1.53024141824 0 0.544013454319 0.452574652005 1 3.32633 0.114930377089 0.120106551462
238.5 1000 21 1.53034883944 0 0.543991865824 0.45260556149 1 3.314444 0.0709519357301 0.150305278659
238.6 1000 21 1.53045541988 0 0.543970011918 0.452636332393 1 3.329397 0.019680482838 0.165014783447
238.7 1000 21 1.53056214472 0 0.543947785251 0.452667040981 1 3.29565 -0.0336013772816 0.162725360557
238.8 1000 21 1.53066819495 0 0.543925375471 0.452697241955 1 3.324656 -0.0834055909534 0.143678650195
238.9 1000 21 1.53077390256 0 0.543902547533 0.452727225595 1 3.299428 -0.124604900961 0.109841710934
239 1000 21 1.53087916012 0 0.543879430306 0.45275642125 1 3.307657 -0.15295927038 0.0647038687497
239.1 1000 21 1.53098393707 0 0.543855868609 0.452785557559 1 3.309326 -0.165553116433 0.0129171469142
239.2 1000 21 1.53108808576 0 0.543831755274 0.45281458768 1 3.309429 -0.161094890679 -0.0401836006756
239.3 1000 21 1.53119149583 0 0.543807410714 0.452842363308 1 3.31661 -0.140049281232 -0.089129646437
239.4 1000 21 1.53129444898 0 0.543782498572 0.452870035371 1 3.315134 -0.104588795219 -0.128882454261
239.5 1000 21 1.53139650795 0 0.543757071272 0.452897654616 1 3.314454 -0.0583699394649 -0.155351748082
239.6 1000 21 1.53149793255 0 0.543731068974 0.452925219695 1 3.316074 -0.00615497786682 -0.165816192088
239.7 1000 21 1.53159854825 0 0.543704591495 0.452952214261 1 3.313243 0.0466775684469 -0.159203644127
239.8 1000 21 1.53169822562 0 0.543677730167 0.452978893332 1 3.327983 0.0946874298565 -0.13620078807
239.9 1000 21 1.53179716448 0 0.543650251464 0.45300531401 1 3.311458 0.132933125157 -0.099181096355
240 1000 21 1.53189495431 0 0.543622266633 0.453031630961 1 3.327405 0.157479969372 -0.051960986944
240.1 1000 21 1.53199204495 0 0.543593818481 0.453057362189 1 3.312307 0.165804919777 0.000594497047869
240.2 1000 21 1.53208763222 0 0.543564916927 0.453082501864 1 3.324564 0.157056267795 0.0530726720733
240.3 1000 21 1.53218251234 0 0.543535804378 0.453106990045 1 3.325248 0.132140652711 0.100070011257
240.4 1000 21 1.53227659754 0 0.543506312243 0.453130721176 1 3.311815 0.0936282700808 0.136750325862
240.5 1000 21 1.53236916471 0 0.543476468793 0.453154439899 1 3.327075 0.0454888877672 0.159340745408
240.6 1000 21 1.53246093367 0 0.54344612317 0.453178284165 1 3.325989 -0.00731889675724 0.165519981996
240.7 1000 21 1.53255182879 0 0.543415656178 0.453200745457 1 3.314096 -0.0593567081131 0.154657374773
240.8 1000 21 1.53264148938 0 0.543385175617 0.453222115706 1 3.327493 -0.105267653184 0.127877085994
240.9 1000 21 1.53273061084 0 0.543354369382 0.453243452691 1 3.323938 -0.140327605879 0.0879410041977
241 1000 21 1.53281876159 0 0.543323407851 0.453264239448 1 3.322168 -0.16093099622 0.0389648276645
241.1 1000 21 1.53290544372 0 0.543292264019 0.453285088026 1 3.309001 -0.164961818786 -0.0140066535109
241.2 1000 21 1.53299091351 0 0.543261009248 0.453305935727 1 3.324287 -0.152010998049 -0.0655194474431
241.3 1000 21 1.53307517782 0 0.543229651164 0.453326868019 1 3.325169 -0.12341724672 -0.110271420254
241.4 1000 21 1.53315846515 0 0.543198201471 0.453347966641 1 3.324357 -0.0821290177249 -0.143658808279
241.5 1000 21 1.53324096327 0 0.543166848415 0.453368448602 1 3.314016 -0.0324008427516 -0.162248265158
241.6 1000 21 1.53332193617 0 0.543135692292 0.453387397143 1 3.323054 0.0206458490221 -0.164131584916
241.7 1000 21 1.53340171633 0 0.543105389736 0.453403185675 1 3.324977 0.0715495631633 -0.14912149379
241.8 1000 21 1.53348066488 0 0.543075397037 0.453417724148 1 3.307668 0.11507212338 -0.118768439421
241.9 1000 21 1.53355865782 0 0.543045574496 0.453432344313 1 3.321091 0.146736681673 -0.0762022003224
242 1000 21 1.53363556337 0 0.543016229336 0.453445488024 1 3.312463 0.163288420338 -0.025808188734
242.1 1000 21 1.53371125147 0 0.54298739346 0.453457208294 1 3.307997 0.163029539062 0.0272241971367
242.2 1000 21 1.53378607265 0 0.542958848581 0.453468849566 1 3.310771 0.145992925573 0.077435996857
242.3 1000 21 1.53386005539 0 0.542930634108 0.453480542155 1 3.311082 0.113938395249 0.119660739853
242.4 1000 21 1.53393317444 0 0.54290287823 0.453491625149 1 3.309037 0.0701704197595 0.149556020642
242.5 1000 21 1.53400546402 0 0.542875436673 0.453502745499 1 3.310968 0.0191976211615 0.164050067025
242.6 1000 21 1.53407722114 0 0.54284827898 0.453514416013 1 3.311352 -0.0337315573357 0.161657332174
242.7 1000 21 1.53414825375 0 0.542821376927 0.453526934919 1 3.310121 -0.0831696006929 0.142630792901
242.8 1000 21 1.53421904307 0 0.542794780802 0.453540203372 1 3.321489 -0.124030381249 0.10893510767
242.9 1000 21 1.53428905285 0 0.542768495524 0.453553591338 1 3.312628 -0.152112930684 0.0640433109988
243 1000 21 1.5343580968 0 0.54274270049 0.453567097774 1 3.319871 -0.164532741177 0.0125796840339
243.1 1000 21 1.53442743928 0 0.542717280262 0.453580279777 1 3.315257 -0.160018095651 -0.0401578291093
243.2 1000 21 1.53449619065 0 0.542691997371 0.453594422778 1 3.315937 -0.139040696306 -0.0887419232883
243.3 1000 21 1.53456474258 0 0.542667103414 0.453608772823 1 3.311942 -0.103766098806 -0.128175126329
243.4 1000 21 1.53463344821 0 0.542642504452 0.453623739693 1 3.31964 -0.0578300856264 -0.154404110195
243.5 1000 21 1.53470188006 0 0.542617946807 0.453640107835 1 3.322556 -0.00596364203726 -0.164735780444
243.6 1000 21 1.53477088281 0 0.542593205447 0.453659415478 1 3.312489 0.0464941246509 -0.158114306388
243.7 1000 21 1.53484013957 0 0.54256834147 0.453680600369 1 3.3241 0.0941454830899 -0.135228248647
243.8 1000 21 1.53490915605 0 0.542543653727 0.453702011882 1 3.316734 0.13208984077 -0.0984395905671
243.9 1000 21 1.5349780734 0 0.542519149933 0.453723462192 1 3.315769 0.156427435249 -0.051539901987
244 1000 21 1.53504737103 0 0.542494631025 0.45374568473 1 3.312466 0.164660619479 0.000640845086493
244.1 1000 21 1.53511663292 0 0.542470033224 0.453769003487 1 3.321164 0.155949798997 0.0527315098182
244.2 1000 21 1.53518630428 0 0.542445155949 0.453793131017 1 3.318363 0.131199147525 0.0993725917101
244.3 1000 21 1.53525624623 0 0.542419927074 0.453819242836 1 3.329685 0.0929629271194 0.135768189288
244.4 1000 21 1.53532663166 0 0.542394477269 0.453846241446 1 3.307221 0.0451815798398 0.158178749617
244.5 1000 21 1.5353975634 0 0.542368653989 0.453874310313 1 3.322204 -0.00722422354838 0.164305334973
244.6 1000 21 1.53546875435 0 0.542342196882 0.453904630946 1 3.31992 -0.0588605417653 0.153526118237
244.7 1000 21 1.53554071186 0 0.542315508862 0.453935162708 1 3.324068 -0.104415389981 0.126958442183
244.8 1000 21 1.53561291875 0 0.542288032239 0.45396775155 1 3.310897 -0.139204965466 0.0873436380988
244.9 1000 21 1.53568499199 0 0.542260198502 0.454000479747 1 3.322192 -0.159655850976 0.0387642969179
245 1000 21 1.53575778146 0 0.542231891746 0.454033442679 1 3.313429 -0.163671440447 -0.0137769871639
245.1 1000 21 1.53583131343 0 0.542203152961 0.45406647263 1 3.324866 -0.150847590822 -0.0648725963542
245.2 1000 21 1.53590485565 0 0.542173783291 0.454099815759 1 3.306919 -0.12251254278 -0.109266539405
245.3 1000 21 1.53597893519 0 0.542143665286 0.454133977721 1 3.32182 -0.0815900736714 -0.14239529306
245.4 1000 21 1.53605341598 0 0.542112872565 0.454168545505 1 3.310733 -0.0322973358771 -0.160856743646
245.5 1000 21 1.53612862075 0 0.54208121388 0.454204452561 1 3.31287 0.0202898086371 -0.162759996124
245.6 1000 21 1.53620413127 0 0.542048920954 0.454240320203 1 3.311254 0.0707593876338 -0.147918573072
245.7 1000 21 1.53628031125 0 0.542015829761 0.454276858798 1 3.310862 0.113920318674 -0.117869040485
245.8 1000 21 1.53635681843 0 0.541982025869 0.454313355114 1 3.306974 0.145336403099 -0.0757115390587
245.9 1000 21 1.53643393522 0 0.54194751919 0.454349986131 1 3.325065 0.161782569381 -0.025790526427
246 1000 21 1.53651123006 0 0.541912214645 0.454386698252 1 3.312277 0.161575485449 0.0267537172992
246.1 1000 21 1.53658883758 0 0.54187613605 0.454423878275 1 3.326067 0.144746638402 0.076513797406
246.2 1000 21 1.53666718313 0 0.541839067706 0.454461893354 1 3.30893 0.11303707616 0.11837198211
246.3 1000 21 1.53674552956 0 0.541801242399 0.454499793286 1 3.327917 0.0697181209736 0.14802654817
246.4 1000 21 1.5368248719 0 0.541762691063 0.454538159162 1 3.323852 0.0192540296183 0.162434264793
246.5 1000 21 1.53690420433 0 0.541723583841 0.454576143092 1 3.327465 -0.0331592880885 0.160122292476
246.6 1000 21 1.53698360629 0 0.541683728969 0.454614170004 1 3.324435 -0.0821281870212 0.141338439788
246.7 1000 21 1.53706391286 0 0.541643301198 0.454652037534 1 3.310373 -0.122616694802 0.108025827788
246.8 1000 21 1.53714440997 0 0.541602293749 0.454689841699 1 3.326241 -0.150464585007 0.0636207790649
246.9 1000 21 1.53722531525 0 0.541560727202 0.454727350119 1 3.331947 -0.16281457007 0.0126988424044
247 1000 21 1.53730629223 0 0.541518706431 0.454764700877 1 3.32499 -0.158405944484 -0.0394967337433
247.1 1000 21 1.53738784101 0 0.541476130892 0.454802501881 1 3.314258 -0.137703071076 -0.0875949070766
247.2 1000 21 1.53746960526 0 0.541433196654 0.454840174081 1 3.327409 -0.102846343203 -0.126649801548
247.3 1000 21 1.53755219019 0 0.541389764837 0.45487829679 1 3.322102 -0.0574310068369 -0.152648931257
247.4 1000 21 1.53763447037 0 0.541346059967 0.454916160601 1 3.326651 -0.00613664525897 -0.162925755877
247.5 1000 21 1.53771724062 0 0.541302077813 0.454953911214 1 3.310111 0.0457554516075 -0.156433019604
247.6 1000 21 1.53779994795 0 0.541257936812 0.454991511178 1 3.32569 0.0929058058997 -0.133849642152
247.7 1000 21 1.53788297101 0 0.541213711202 0.455028253994 1 3.327978 0.130465950245 -0.0975096775271
247.8 1000 21 1.53796626103 0 0.541169501668 0.455064886148 1 3.314226 0.154577841481 -0.0511612042395
247.9 1000 21 1.5380490173 0 0.541125354188 0.455101552869 1 3.324951 0.162769348933 0.000420491583769
248 1000 21 1.53813204246 0 0.54108120615 0.455137885618 1 3.33257 0.154208044988 0.0519245175397
248.1 1000 21 1.53821533704 0 0.541037298632 0.455173559534 1 3.312303 0.129785885007 0.0980515453043
248.2 1000 21 1.53829808074 0 0.540993566523 0.455209119792 1 3.323022 0.092026277341 0.134059080461
248.3 1000 21 1.53838129333 0 0.540950247602 0.455243903542 1 3.30902 0.0448232328436 0.156248932772
248.4 1000 21 1.53846463141 0 0.540907234209 0.455278583372 1 3.311045 -0.00696008453257 0.162347010789
248.5 1000 21 1.53854798524 0 0.540864567281 0.455313209595 1 3.313166 -0.0579923728069 0.15173663657
248.6 1000 21 1.53863103742 0 0.540822299643 0.45534775357 1 3.312273 -0.103023192765 0.125520743772
248.7 1000 21 1.53871395193 0 0.540780592159 0.455381797567 1 3.307255 -0.137423136303 0.0864072636505
248.8 1000 21 1.5387964922 0 0.540739376019 0.455415836837 1 3.31179 -0.15765972627 0.0384294644672
248.9 1000 21 1.53887927812 0 0.540698703861 0.455449801525 1 3.318161 -0.161660259184 -0.0134699805902
249 1000 21 1.53896184589 0 0.540658594046 0.455483783205 1 3.313095 -0.149023995529 -0.0639481446644
249.1 1000 21 1.53904396497 0 0.540619304689 0.455516717891 1 3.314816 -0.121062451288 -0.107811899494
249.2 1000 21 1.53912547724 0 0.540580697652 0.455549676973 1 3.322205 -0.0806631954827 -0.140552350081
249.3 1000 21 1.53920689047 0 0.540542963742 0.455581195574 1 3.307679 -0.0319917612218 -0.158807984177
249.4 1000 21 1.5392877295 0 0.540505913851 0.45561272097 1 3.323263 0.019938051587 -0.160710406453
249.5 1000 21 1.53936842888 0 0.540469546064 0.455644319887 1 3.311342 0.0697805785525 -0.146074981973
249.6 1000 21 1.53944812075 0 0.540433854626 0.455675974347 1 3.321691 0.112408477795 -0.116419018558
249.7 1000 21 1.53952820974 0 0.540398862422 0.45570774877 1 3.320854 0.14344036666 -0.0748044846722
249.8 1000 21 1.53960776949 0 0.540365030557 0.455737141182 1 3.310108 0.159690949689 -0.0255217330275
249.9 1000 21 1.53968550111 0 0.540333016094 0.455760620683 1 3.325118 0.159498295955 0.0263525175693
250 1000 21 1.53976226204 0 0.540302851386 0.455777825774 1 3.321771 0.142893944723 0.075478244684
250.1 1000 21 1.53983876066 0 0.540274154848 0.455790906826 1 3.308774 0.111598289063 0.116802686665
250.2 1000 21 1.53991417962 0 0.540246677728 0.455800876355 1 3.321138 0.0688420730323 0.146079142626
250.3 1000 21 1.5399897132 0 0.540219985236 0.455809761338 1 3.321631 0.0190329477802 0.160303702508
250.4 1000 21 1.54006493519 0 0.5401941169 0.455817997241 1 3.323784 -0.0326988034596 0.158023598334
250.5 1000 21 1.54013968663 0 0.540168927553 0.455825004698 1 3.305063 -0.0810284219584 0.139484998868
250.6 1000 21 1.54021388929 0 0.540144191301 0.455832535457 1 3.322599 -0.120985400024 0.106607309448
250.7 1000 21 1.54028781155 0 0.540119663768 0.45584145363 1 3.318539 -0.148464039237 0.0627839784421
250.8 1000 21 1.5403612576 0 0.540095293742 0.455851575714 1 3.304591 -0.160645814054 0.0125325226904
250.9 1000 21 1.54043400133 0 0.540071214084 0.455862271274 1 3.319502 -0.156288282737 -0.0389714178691
251 1000 21 1.54050674367 0 0.540046968731 0.455875671385 1 3.320952 -0.135851886832 -0.086427140037
251.1 1000 21 1.54057901509 0 0.540022747227 0.455890394385 1 3.316874 -0.101451309701 -0.124953976587
251.2 1000 21 1.5406505147 0 0.53999838964 0.455907190161 1 3.320724 -0.0566368405166 -0.150593968384
251.3 1000 21 1.54072140563 0 0.539973810257 0.455926100111 1 3.314033 -0.00602789449114 -0.160717900222
251.4 1000 21 1.54079264954 0 0.539949107204 0.455946438869 1 3.322887 0.0451631077081 -0.154295484709
251.5 1000 21 1.54086276441 0 0.539924317724 0.455967639096 1 3.308815 0.0916676463809 -0.131999908013
251.6 1000 21 1.54093268869 0 0.539899280718 0.455990360922 1 3.317202 0.128703401239 -0.0961375150227
251.7 1000 21 1.54100197917 0 0.539873905368 0.456014757028 1 3.311623 0.152465970528 -0.0504091728806
251.8 1000 21 1.54107076073 0 0.539848286842 0.456040042335 1 3.31215 0.160519824933 0.000471604868931
251.9 1000 21 1.54113925693 0 0.539822252732 0.4560669937 1 3.316235 0.152048022438 0.051264517227
252 1000 21 1.54120726449 0 0.5397955055 0.456096905597 1 3.313184 0.127934952853 0.0967422334177
252.1 1000 21 1.54127487074 0 0.539768783528 0.456125636439 1 3.309902 0.090674135357 0.132228218561
252.2 1000 21 1.54134256738 0 0.539741878326 0.456154016459 1 3.320893 0.0441105064797 0.154077917077
252.3 1000 21 1.54140944458 0 0.539714770062 0.456181887621 1 3.311952 -0.00695643528737 0.16005279456
252.4 1000 21 1.54147551012 0 0.539687515088 0.456209153079 1 3.319847 -0.0572672776077 0.149550192865
252.5 1000 21 1.54154177256 0 0.53965985654 0.456236473121 1 3.313489 -0.10164424838 0.123663672082
252.6 1000 21 1.54160752449 0 0.539631928147 0.45626340916 1 3.324795 -0.135524275905 0.0850695492226
252.7 1000 21 1.54167299775 0 0.539603546029 0.456290422895 1 3.312182 -0.155428227732 0.0377500405839
252.8 1000 21 1.54173807856 0 0.539574990752 0.456316436001 1 3.317822 -0.159318328667 -0.013417493178
252.9 1000 21 1.5418030648 0 0.539546334154 0.456341080182 1 3.322454 -0.146806410372 -0.0631631866953
253 1000 21 1.54186831394 0 0.539517035247 0.456366747019 1 3.311566 -0.119193050685 -0.106367671566
253.1 1000 21 1.54193333838 0 0.539487255301 0.4563926102 1 3.319451 -0.0793323095108 -0.138588576037
253.2 1000 21 1.5419978189 0 0.53945716935 0.4564178998 1 3.326697 -0.0313370094921 -0.1565176098
253.3 1000 21 1.54206288054 0 0.539426591616 0.456443362398 1 3.318636 0.0198459157725 -0.158320158564
253.4 1000 21 1.54212785063 0 0.539395570976 0.456468971394 1 3.308435 0.06894503899 -0.14382316012
253.5 1000 21 1.54219275719 0 0.539364088147 0.456494886402 1 3.321148 0.110907489726 -0.114531729195
253.6 1000 21 1.54225753071 0 0.539332054213 0.456521540752 1 3.320703 0.141418730017 -0.0734725857527
253.7 1000 21 1.54232290068 0 0.539298971033 0.456551842531 1 3.319988 0.157346528241 -0.0248819259268
253.8 1000 21 1.54238864609 0 0.539265457064 0.45658239434 1 3.31049 0.157062281494 0.0262320031481
253.9 1000 21 1.54245466599 0 0.539231251494 0.456614798153 1 3.319991 0.14060772334 0.0746048863688
254 1000 21 1.54252094141 0 0.539196675494 0.45664762879 1 3.319665 0.109689209525 0.11525841775
254.1 1000 21 1.54258744834 0 0.539161626693 0.456681376335 1 3.309164 0.0675011251082 0.144012927026
254.2 1000 21 1.54265417035 0 0.539126291003 0.456715497921 1 3.31629 0.0183958484378 0.157916837415
254.3 1000 21 1.54272084181 0 0.539090715289 0.456749754786 1 3.317217 -0.0325654408734 0.155549755204
254.4 1000 21 1.54278848724 0 0.539054577667 0.456785855531 1 3.312628 -0.0801340869849 0.137167813683
254.5 1000 21 1.54285651616 0 0.539018118771 0.456822890419 1 3.318417 -0.119414659706 0.104675727818
254.6 1000 21 1.54292510853 0 0.538981499354 0.456860098738 1 3.306615 -0.146368656611 0.0614296493567
254.7 1000 21 1.5429939491 0 0.538944643505 0.456898226412 1 3.304064 -0.158229723706 0.0118906968233
254.8 1000 21 1.54306306682 0 0.538907668193 0.456936331926 1 3.318593 -0.153787668458 -0.0388352674961
254.9 1000 21 1.54313271499 0 0.538870711312 0.456974727666 1 3.310538 -0.133511958087 -0.0855238937942
255 1000 21 1.54320275403 0 0.538833729389 0.457013310831 1 3.307958 -0.0995020909068 -0.12337029968
255.1 1000 21 1.54327329161 0 0.538796657243 0.457052746233 1 3.313012 -0.0552703427573 -0.148483570741
255.2 1000 21 1.5433442511 0 0.538759668071 0.457092266937 1 3.312484 -0.00537907920759 -0.15828687215
255.3 1000 21 1.54341544421 0 0.538722793804 0.457131855343 1 3.324306 0.0450298451601 -0.151781567946
255.4 1000 21 1.54348753613 0 0.538685954443 0.457172144365 1 3.311613 0.0907648933725 -0.12964921456
255.5 1000 21 1.543559491 0 0.538649289573 0.457212418468 1 3.323492 0.127119363761 -0.0941801874856
255.6 1000 21 1.54363247106 0 0.538612513609 0.457254611861 1 3.313277 0.150356023808 -0.049036459054
255.7 1000 21 1.54370595892 0 0.538575941098 0.457296774811 1 3.320852 0.158090868729 0.00112605424777
255.8 1000 21 1.54377992986 0 0.53853945475 0.457339688693 1 3.31349 0.149537847568 0.0511377631141
255.9 1000 21 1.54385425591 0 0.538503108922 0.457383271305 1 3.324823 0.125588993222 0.0958481168653
256 1000 21 1.54392919621 0 0.538466815784 0.45742776987 1 3.321751 0.0887213497298 0.130656147831
256.1 1000 21 1.54400454133 0 0.53843076606 0.457472879571 1 3.312877 0.0427405323422 0.151983561524
256.2 1000 21 1.54408026164 0 0.538394938647 0.457518269527 1 3.325181 -0.00761176359249 0.157642886143
256.3 1000 21 1.54415625613 0 0.538359240025 0.457564821181 1 3.32562 -0.057146908608 0.147061590433
256.4 1000 21 1.5442327964 0 0.538323879853 0.457611115789 1 3.316178 -0.100763756546 0.121340095803
256.5 1000 21 1.54430941837 0 0.538288901425 0.457657231357 1 3.323703 -0.133973938053 0.083137332545
256.6 1000 21 1.54438631859 0 0.538254252374 0.457702957318 1 3.31964 -0.153363875245 0.0363958563052
256.7 1000 21 1.54446311317 0 0.538219986134 0.457748457451 1 3.33197 -0.156945248995 -0.014064945195
256.8 1000 21 1.5445404439 0 0.538185900364 0.457794440001 1 3.3137 -0.144359110236 -0.0630456001637
256.9 1000 21 1.54461809173 0 0.538152144329 0.457840270657 1 3.32483 -0.116911989271 -0.105502407246
257 1000 21 1.54469537744 0 0.538118709973 0.457885716789 1 3.326002 -0.0774398070858 -0.137066770146
257.1 1000 21 1.54477260906 0 0.538085689795 0.45793032496 1 3.307743 -0.0300153062114 -0.154494426291
257.2 1000 21 1.544850105 0 0.538052947688 0.457974508674 1 3.326817 0.0204723274666 -0.155999111504
257.3 1000 21 1.54492713557 0 0.538020498386 0.458018501084 1 3.330521 0.0688215399941 -0.141435452253
257.4 1000 21 1.54500435943 0 0.537988297333 0.458062279742 1 3.307741 0.110054078523 -0.11231303446
257.5 1000 21 1.54508115005 0 0.537956296101 0.458105665908 1 3.325159 0.139927604633 -0.0716397527791
257.6 1000 21 1.54515827899 0 0.537924578953 0.458148559746 1 3.313493 0.155372210207 -0.0236113687795
257.7 1000 21 1.54523419023 0 0.537893168539 0.458190481789 1 3.324063 0.154805636938 0.0268215544477
257.8 1000 21 1.54531029996 0 0.537862050336 0.458231344811 1 3.315032 0.138295572361 0.0744634797333
257.9 1000 21 1.54538644703 0 0.537831054668 0.458271939996 1 3.313182 0.107551493978 0.114409631317
258 1000 21 1.5454618743 0 0.537800299666 0.458311624933 1 3.308551 0.0657478052241 0.142550518001
258.1 1000 21 1.54553710335 0 0.537769684581 0.458350709861 1 3.319342 0.0171958732462 0.155994768834
258.2 1000 21 1.54561201749 0 0.537739190384 0.45838923257 1 3.313899 -0.0331003933681 0.153366132482
258.3 1000 21 1.54568650368 0 0.537708806025 0.458427048037 1 3.31037 -0.0799603891423 0.134944325602
258.4 1000 21 1.54576096023 0 0.537678464138 0.458464667674 1 3.312709 -0.118560312146 0.102635220621
258.5 1000 21 1.54583478755 0 0.53764826661 0.458501396446 1 3.324045 -0.144929609842 0.0597738519573
258.6 1000 21 1.54590827881 0 0.537618102287 0.458537415409 1 3.315852 -0.156359663453 0.0107798215149
258.7 1000 21 1.54598152231 0 0.537587906746 0.458573225777 1 3.316605 -0.151681564637 -0.0392981836283
258.8 1000 21 1.54605324455 0 0.537557795895 0.458608492921 1 3.318992 -0.131385904886 -0.0853025135943
258.9 1000 21 1.54612421307 0 0.537529619941 0.458632898869 1 3.310521 -0.09757158525 -0.122497809793
259 1000 21 1.54619411941 0 0.537503312529 0.458646840066 1 3.315879 -0.0537283516319 -0.147059005332
259.1 1000 21 1.54626308855 0 0.537477992704 0.458654815292 1 3.317502 -0.00437631091643 -0.156464485613
259.2 1000 21 1.54633114665 0 0.53745331317 0.458658859156 1 3.30531 0.045400026798 -0.14975408214
259.3 1000 21 1.5463986475 0 0.53742864847 0.458662063234 1 3.314995 0.0904753632181 -0.127627652472
259.4 1000 21 1.54646626505 0 0.537404105597 0.458664000092 1 3.314635 0.126210887966 -0.0923717479387
259.5 1000 21 1.54653376533 0 0.537379534059 0.458665332348 1 3.305178 0.148932295972 -0.0476236367903
259.6 1000 21 1.54660072347 0 0.537355047372 0.458665584712 1 3.313799 0.156307066486 0.002004110095
259.7 1000 21 1.54666693816 0 0.537330781713 0.458664188514 1 3.311402 0.147584147379 0.0513990076322
259.8 1000 21 1.54673373246 0 0.537306503372 0.458662582496 1 3.321369 0.123670418554 0.0954754800193
259.9 1000 21 1.54680008599 0 0.537282076821 0.458661486425 1 3.300665 0.08703622294 0.129698072279
260 1000 21 1.5468660882 0 0.537257570312 0.45866104171 1 3.312098 0.0414604264459 0.150548525839
260.1 1000 21 1.54693141833 0 0.537232928307 0.458661366756 1 3.315578 -0.00835965704633 0.155887337889
260.2 1000 21 1.54699658727 0 0.537207955037 0.45866362311 1 3.301358 -0.0572922620984 0.145173058532
260.3 1000 21 1.54706098913 0 0.537182909435 0.458666840282 1 3.314294 -0.100299693268 0.119517577514
260.4 1000 21 1.54712521958 0 0.537157637012 0.458672430462 1 3.316398 -0.132956972901 0.0815704550648
260.5 1000 21 1.54718936908 0 0.537132040871 0.458679948201 1 3.3042 -0.151907484622 0.0352454241158
260.6 1000 21 1.54725227499 0 0.537106323057 0.458689438037 1 3.315957 -0.155207283784 -0.0146833602978
260.7 1000 21 1.54731511198 0 0.537080416049 0.458700862715 1 3.30435 -0.142525385701 -0.0630731970696
260.8 1000 21 1.54737664535 0 0.537054593641 0.458713317415 1 3.31703 -0.115175991773 -0.104942694773
260.9 1000 21 1.54743820942 0 0.537028715666 0.458727361337 1 3.307365 -0.0759831893902 -0.135984633748
261 1000 21 1.54749911663 0 0.537002918627 0.458742602445 1 3.307679 -0.0289885812674 -0.153008823411
261.1 1000 21 1.54755932983 0 0.536977097407 0.458759696835 1 3.311668 0.0209649769991 -0.154270175403
261.2 1000 21 1.54761877845 0 0.536951381077 0.458778001827 1 3.304661 0.0687327321003 -0.139647376452
261.3 1000 21 1.54767756005 0 0.536926026822 0.458796565952 1 3.321959 0.109397788177 -0.110654817759
261.4 1000 21 1.54773572097 0 0.536901017895 0.458815191479 1 3.310661 0.138777188278 -0.0702852198443
261.5 1000 21 1.54779346883 0 0.53687636207 0.458834007424 1 3.307767 0.153852226024 -0.0227012545937
261.6 1000 21 1.54784941168 0 0.536852198627 0.458852439647 1 3.325339 0.153078611619 0.0271938813756
261.7 1000 21 1.54790571837 0 0.536827770143 0.458874500748 1 3.311455 0.136544890678 0.0742618049069
261.8 1000 21 1.54796199525 0 0.53680361174 0.458897342543 1 3.322324 0.105961899096 0.113658029821
261.9 1000 21 1.54801718135 0 0.536779431035 0.458922684573 1 3.310574 0.064486092246 0.141330765499
262 1000 21 1.5480713557 0 0.536755505814 0.458949270645 1 3.317742 0.0163937678868 0.154437306361
262.1 1000 21 1.54812573444 0 0.536731777726 0.458977220423 1 3.314242 -0.0333601819615 0.151636365478
262.2 1000 21 1.54817954421 0 0.536708353812 0.459005782847 1 3.321383 -0.0796522938746 0.133224803568
262.3 1000 21 1.54823289229 0 0.536684726579 0.459038071499 1 3.320913 -0.117718430008 0.10110696061
262.4 1000 21 1.5482862556 0 0.53666099133 0.459073038311 1 3.315564 -0.143643940626 0.058596902334
262.5 1000 21 1.54833955307 0 0.536637167235 0.459110794192 1 3.322762 -0.154766326073 0.0100769905063
262.6 1000 21 1.54839190339 0 0.536613672465 0.459149021361 1 3.324153 -0.149948437822 -0.0394541671139
262.7 1000 21 1.54844476814 0 0.536590569552 0.459187190631 1 3.325607 -0.129694803312 -0.0848965142473
262.8 1000 21 1.54849747486 0 0.536567772029 0.459225597168 1 3.312394 -0.0960991746533 -0.121573519222
262.9 1000 21 1.54855004446 0 0.536545348867 0.459264176216 1 3.327438 -0.0526277409531 -0.14571392605
263 1000 21 1.54860207478 0 0.536523069267 0.45930363921 1 3.324254 -0.00376143288814 -0.154839152298
263.1 1000 21 1.54865483941 0 0.536500985756 0.459343885514 1 3.326123 0.0454658571029 -0.148017793512
263.2 1000 21 1.54870761189 0 0.536478908806 0.459385456475 1 3.311433 0.0899856362614 -0.125960778053
263.3 1000 21 1.54875973604 0 0.53645678552 0.459428886525 1 3.324862 0.125216973826 -0.0909473685619
263.4 1000 21 1.54881243775 0 0.536434734717 0.459472781036 1 3.321897 0.147537707719 -0.0465891059765
263.5 1000 21 1.54886553508 0 0.536412604399 0.459518261705 1 3.317598 0.154656507499 0.00254201527356
263.6 1000 21 1.54891825307 0 0.536390494856 0.459564341643 1 3.325579 0.145848847688 0.0513850485661
263.7 1000 21 1.54897149639 0 0.53636847535 0.459610908858 1 3.323351 0.122030082081 0.0949115302874
263.8 1000 21 1.54902506574 0 0.536346509554 0.459657762412 1 3.319252 0.0856604438051 0.128642969396
263.9 1000 21 1.54907857852 0 0.536324544765 0.459704661498 1 3.323124 0.0404913022027 0.149111970197
264 1000 21 1.54913259955 0 0.536302488739 0.459752591986 1 3.313724 -0.00882222652466 0.154218333894
264.1 1000 21 1.54918643722 0 0.536280395992 0.459800779566 1 3.327933 -0.0572008961114 0.143444665166
264.2 1000 21 1.5492406915 0 0.536258165673 0.459849367022 1 3.313313 -0.0996643818664 0.1179087644
264.3 1000 21 1.54929506771 0 0.536235786277 0.459898306024 1 3.315551 -0.131844162951 0.0802477776381
264.4 1000 21 1.5493494914 0 0.536213173295 0.459948260416 1 3.325378 -0.150433003242 0.0343456557669
264.5 1000 21 1.54940443768 0 0.536190460181 0.459998106722 1 3.319734 -0.153524508636 -0.0150674565212
264.6 1000 21 1.54945981919 0 0.536167562283 0.460048141918 1 3.314889 -0.140808902836 -0.0629023862272
264.7 1000 21 1.54951531686 0 0.536144535499 0.460098288666 1 3.324834 -0.113604211158 -0.104235426316
264.8 1000 21 1.54957095724 0 0.536121258741 0.460148529753 1 3.312502 -0.0747188332133 -0.134814805186
264.9 1000 21 1.54962649277 0 0.536097782563 0.460198746723 1 3.329769 -0.0281626895792 -0.151498479015
265 1000 21 1.54968262357 0 0.536074101421 0.460248944038 1 3.316588 0.0212670677332 -0.152576448997
265.1 1000 21 1.54973844066 0 0.5360502284 0.460299176702 1 3.326672 0.0684799936427 -0.137946489914
265.2 1000 21 1.54979513684 0 0.536026099082 0.460349217885 1 3.324454 0.108616992143 -0.109123554627
265.3 1000 21 1.54985160526 0 0.536001652173 0.460399558475 1 3.321818 0.137549764714 -0.069082833357
265.4 1000 21 1.54990818243 0 0.535977001343 0.460449768983 1 3.329054 0.152306185536 -0.021952762215
265.5 1000 21 1.54996457082 0 0.535952062052 0.460500012009 1 3.321001 0.151375156251 0.0274104948411
265.6 1000 21 1.55002155224 0 0.535926852712 0.460550197624 1 3.321502 0.1348614016 0.0739241300589
265.7 1000 21 1.55007844403 0 0.535901433983 0.460600211016 1 3.324933 0.104474000584 0.112801282434
265.8 1000 21 1.55013529009 0 0.535875761095 0.460650111197 1 3.333115 0.0633490162756 0.140044070073
265.9 1000 21 1.55019248489 0 0.535849836844 0.460699865778 1 3.327998 0.0157261743704 0.152854681672
266 1000 21 1.55025000531 0 0.535823757995 0.460749350436 1 3.319116 -0.033487982082 0.149922565431
266.1 1000 21 1.55030755316 0 0.53579746478 0.460798504458 1 3.327518 -0.079226305786 0.131558646001
266.2 1000 21 1.55036494429 0 0.535770953225 0.460847574683 1 3.323733 -0.116782124204 0.0996626224334
266.3 1000 21 1.5504227153 0 0.535744285692 0.460896490881 1 3.323569 -0.142294220314 0.0575258411216
266.4 1000 21 1.5504804532 0 0.535717524019 0.46094500273 1 3.323006 -0.15314317759 0.00949200448685
266.5 1000 21 1.5505377373 0 0.535690689982 0.460993208557 1 3.325421 -0.148220909954 -0.0394903995687
266.6 1000 21 1.55059527533 0 0.535663747815 0.461041273391 1 3.325475 -0.128043540058 -0.0843785173325
266.7 1000 21 1.55065309328 0 0.535636709285 0.461088910768 1 3.317907 -0.0946971113923 -0.120553674354
266.8 1000 21 1.55071057637 0 0.535609619302 0.461136321547 1 3.323617 -0.0516224654662 -0.14429707574
266.9 1000 21 1.55076789898 0 0.53558258754 0.461183174907 1 3.328604 -0.00325973942958 -0.1531718256
267 1000 21 1.55082550821 0 0.53555548159 0.461229864968 1 3.320519 0.0454091136979 -0.1462733492
267.1 1000 21 1.55088342552 0 0.535528398489 0.461276275298 1 3.323768 0.0893738192441 -0.12432130967
267.2 1000 21 1.55094097124 0 0.535501390854 0.461322286219 1 3.319903 0.124111074459 -0.0895847160236
267.3 1000 21 1.55099834376 0 0.535474577996 0.46136767597 1 3.329079 0.146050622696 -0.0456474328021
267.4 1000 21 1.55105571575 0 0.535447770239 0.46141298416 1 3.318959 0.15294149842 0.00296186226345
267.5 1000 21 1.55111298264 0 0.535421089542 0.46145787561 1 3.324718 0.144083609679 0.0512360252069
267.6 1000 21 1.55117050574 0 0.535394565213 0.461502591547 1 3.329893 0.120398615 0.0942056243517
267.7 1000 21 1.55122739965 0 0.535368319715 0.461546254329 1 3.31748 0.0843338924363 0.127450240348
267.8 1000 21 1.55128356559 0 0.535342298082 0.461589492372 1 3.326175 0.0396100024462 0.147553497238
267.9 1000 21 1.55134022993 0 0.535316507653 0.461632431231 1 3.322238 -0.00916350545672 0.152453910394
268 1000 21 1.5513963633 0 0.535291041826 0.461674575474 1 3.331829 -0.0569628949848 0.141656466064
268.1 1000 21 1.55145253915 0 0.535265935507 0.461715868984 1 3.317912 -0.0988677386271 0.116282482414
268.2 1000 21 1.55150863319 0 0.535241216151 0.461756552903 1 3.327883 -0.130567717679 0.0789534467139
268.3 1000 21 1.55156448177 0 0.535216822792 0.461796453765 1 3.313503 -0.148805599605 0.0335198375027
268.4 1000 21 1.55161957923 0 0.535193084921 0.461834124697 1 3.325467 -0.151712247963 -0.0153357060838
268.5 1000 21 1.55167452185 0 0.535169955991 0.461869981961 1 3.322009 -0.138998057327 -0.0625813317475
268.6 1000 21 1.55172931917 0 0.535147241519 0.461905048082 1 3.317188 -0.111981867342 -0.103354073076
268.7 1000 21 1.5517841131 0 0.535124989073 0.461939280917 1 3.322326 -0.0734540138131 -0.133460382735
268.8 1000 21 1.55183812054 0 0.53510312451 0.461972820948 1 3.336668 -0.0273882656652 -0.149807344142
268.9 1000 21 1.55189255263 0 0.535081566944 0.462005950497 1 3.331725 0.0214681221409 -0.150720446799
269 1000 21 1.55194658031 0 0.535061148113 0.46203454412 1 3.343089 0.0680830022309 -0.136115572687
269.1 1000 21 1.55200003289 0 0.535042306154 0.462056181675 1 3.349441 0.107658633243 -0.107506257193
269.2 1000 21 1.55205307496 0 0.535024525107 0.462073932135 1 3.346842 0.136125257567 -0.0678469697484
269.3 1000 21 1.55210645122 0 0.535007483657 0.462088753916 1 3.331183 0.150558998842 -0.0212275058826
269.4 1000 21 1.5521595305 0 0.534991181019 0.462100895708 1 3.339735 0.14948273835 0.0275480972369
269.5 1000 21 1.55221314187 0 0.534975197671 0.462112352496 1 3.336922 0.133016851225 0.0734567512446
269.6 1000 21 1.55226643679 0 0.534959541696 0.462123111635 1 3.337959 0.102866172965 0.111773766597
269.7 1000 21 1.55232012601 0 0.534944141681 0.462133684856 1 3.324842 0.062143256808 0.13855882402
269.8 1000 21 1.55237370592 0 0.534928757338 0.462145069741 1 3.332693 0.0150473530133 0.151061097511
269.9 1000 21 1.55242720399 0 0.53491341259 0.462157184823 1 3.336642 -0.0335686698912 0.148002178958
270 1000 21 1.55248117851 0 0.534898087869 0.462170371121 1 3.327655 -0.0786984289626 0.129706458515
270.1 1000 21 1.55253498194 0 0.534882846892 0.462184317538 1 3.336398 -0.115697400279 0.0980669593836
270.2 1000 21 1.55258882737 0 0.534867636926 0.462198570081 1 3.334171 -0.14076094927 0.056349302705
270.3 1000 21 1.55264202477 0 0.534852327897 0.462214036347 1 3.340909 -0.151315716759 0.00885496712983
270.4 1000 21 1.55269559713 0 0.53483689938 0.462231244038 1 3.332927 -0.146283738172 -0.0395224101306
270.5 1000 21 1.5527486849 0 0.534821516888 0.462249319142 1 3.334331 -0.126192490904 -0.083801258153
270.6 1000 21 1.55280206833 0 0.534805533484 0.462270898069 1 3.333672 -0.0931193621555 -0.11942492991
270.7 1000 21 1.55285512077 0 0.534789166574 0.462295064802 1 3.33728 -0.0504775467948 -0.142730530408
270.8 1000 21 1.55290806178 0 0.534772525427 0.462321278804 1 3.346686 -0.00266311978335 -0.151325788705
270.9 1000 21 1.55296090636 0 0.534755569842 0.462349451607 1 3.343783 0.045397585178 -0.144334201254
271 1000 21 1.55301327074 0 0.534738304976 0.462379653021 1 3.346792 0.0887560204835 -0.122484748824
271.1 1000 21 1.55306587733 0 0.53472092947 0.462410852964 1 3.333608 0.122950474237 -0.0880357931755
271.2 1000 21 1.5531179732 0 0.534703560488 0.462442056531 1 3.339614 0.144465464832 -0.044541574541
271.3 1000 21 1.55317037072 0 0.534685977829 0.46247466588 1 3.339664 0.151092915671 0.0035144995348
271.4 1000 21 1.55322254966 0 0.534668478439 0.462506825166 1 3.339799 0.14215901101 0.051181791052
271.5 1000 21 1.5532748463 0 0.534650931101 0.462539088519 1 3.340829 0.118592245043 0.0935524136973
271.6 1000 21 1.55332722898 0 0.534633247473 0.462571908244 1 3.337792 0.0828273600156 0.126266728059
271.7 1000 21 1.55337898217 0 0.534615462181 0.462605190188 1 3.349011 0.0385538529654 0.14596190467
271.8 1000 21 1.55343140137 0 0.534597451672 0.462639131334 1 3.35084 -0.00966519831763 0.150617154117
271.9 1000 21 1.55348405181 0 0.534579394852 0.462673216165 1 3.346567 -0.0568627688968 0.139761592524
272 1000 21 1.55353663128 0 0.534561264433 0.462707300681 1 3.352097 -0.0981798873613 0.114521500885
272.1 1000 21 1.55358971399 0 0.534542925461 0.462742185123 1 3.348082 -0.129365715802 0.0775036289482
272.2 1000 21 1.55364289552 0 0.534524541503 0.462777178262 1 3.346921 -0.147215092299 0.0325258394498
272.3 1000 21 1.55369647858 0 0.534506077917 0.462812196355 1 3.340412 -0.149897458413 -0.0157767238366
272.4 1000 21 1.55374999701 0 0.534487585204 0.46284712682 1 3.349241 -0.137145077078 -0.0624289553011
272.5 1000 21 1.55380393555 0 0.534468993444 0.462882434472 1 3.346915 -0.110279260818 -0.102628725744
272.6 1000 21 1.55385843543 0 0.534450192508 0.462918460283 1 3.348745 -0.0720738032728 -0.132240663494
272.7 1000 21 1.55391330025 0 0.534431318325 0.462954667357 1 3.339434 -0.026468274575 -0.14822177864
272.8 1000 21 1.55396857723 0 0.534412374109 0.462991047176 1 3.351337 0.021837869257 -0.148934295441
272.9 1000 21 1.55402404429 0 0.534393403897 0.46302741813 1 3.352288 0.0678699060625 -0.13431326927
273 1000 21 1.55408011955 0 0.534374377066 0.463064140718 1 3.338669 0.106890020455 -0.105872214054
273.1 1000 21 1.5541369672 0 0.534355317583 0.463101122878 1 3.34682 0.134884894766 -0.0665466947715
273.2 1000 21 1.55419423613 0 0.534336179302 0.463138277102 1 3.344151 0.14897829548 -0.0203916387293
273.3 1000 21 1.55425192209 0 0.53431707119 0.463175532572 1 3.345903 0.147727220273 0.0278378923938
273.4 1000 21 1.55430957602 0 0.534297932362 0.463213020483 1 3.355395 0.131268938888 0.0731754021636
273.5 1000 21 1.55436817321 0 0.534278838598 0.463250582344 1 3.344338 0.101306118307 0.110955271511
273.6 1000 21 1.55442729278 0 0.534259786118 0.46328810044 1 3.349104 0.0609308349854 0.137292391036
273.7 1000 21 1.55448711716 0 0.53424075503 0.463325944197 1 3.338147 0.0143054115243 0.149481825281
273.8 1000 21 1.55454725804 0 0.534221730712 0.4633639978 1 3.343636 -0.0337666646015 0.146276776374
273.9 1000 21 1.5546083843 0 0.534202780587 0.46340217716 1 3.340033 -0.0783361945604 0.128015774281
274 1000 21 1.55466977254 0 0.534183923174 0.463440449053 1 3.345229 -0.114816990501 0.0965872802509
274.1 1000 21 1.55473205233 0 0.534165104561 0.463478836633 1 3.341902 -0.13945817068 0.0552340602752
274.2 1000 21 1.55479481296 0 0.534146374757 0.463517220643 1 3.355218 -0.149729914842 0.00821882591248
274.3 1000 21 1.55485824785 0 0.534127741347 0.463555629202 1 3.341373 -0.144583310847 -0.0396155188399
274.4 1000 21 1.55492204096 0 0.534109203246 0.463594021458 1 3.347179 -0.124557100248 -0.0833443347693
274.5 1000 21 1.55498635128 0 0.534090732688 0.463632549018 1 3.346614 -0.0917214509473 -0.118468773594
274.6 1000 21 1.55505124204 0 0.534072395739 0.46367090567 1 3.34262 -0.0494638622038 -0.141378235153
274.7 1000 21 1.55511644665 0 0.534054182457 0.463709238287 1 3.349008 -0.00213979113235 -0.149721774977
274.8 1000 21 1.55518235795 0 0.5340360169 0.463747864133 1 3.347743 0.0453761594943 -0.142649143855
274.9 1000 21 1.55524858999 0 0.534017944781 0.463786114611 1 3.3386 0.0881929551018 -0.120897642458
275 1000 21 1.55531498298 0 0.533999982836 0.463824228517 1 3.348002 0.121906039837 -0.0867151558944
275.1 1000 21 1.55538193239 0 0.533982092201 0.463862141085 1 3.348758 0.143050544317 -0.0436279551477
275.2 1000 21 1.55544913624 0 0.533964250934 0.463900196862 1 3.350736 0.149457571672 0.00392343954825
275.3 1000 21 1.55551695834 0 0.533946443975 0.463938008155 1 3.342512 0.140476777341 0.0510413143126
275.4 1000 21 1.55558454524 0 0.533928670444 0.463975494414 1 3.346231 0.11704223447 0.0928758925876
275.5 1000 21 1.55565277038 0 0.53391085425 0.464013183385 1 3.3465 0.0815752625974 0.125124127989
275.6 1000 21 1.55572087433 0 0.533893058448 0.464050397898 1 3.347981 0.0377343654018 0.144472655447
275.7 1000 21 1.55578979513 0 0.533875212891 0.464087653668 1 3.338946 -0.00996258319285 0.148937907931
275.8 1000 21 1.55585894822 0 0.533857289142 0.46412464742 1 3.343825 -0.0566030665011 0.138069745301
275.9 1000 21 1.55592750552 0 0.533839304482 0.464161296207 1 3.348086 -0.0973868964323 0.112996831726
276 1000 21 1.55599648583 0 0.533821182749 0.464197830664 1 3.351381 -0.128119539036 0.076309206993
276.1 1000 21 1.55606575979 0 0.533802913569 0.46423430612 1 3.347183 -0.145643860711 0.0317910775882
276.2 1000 21 1.55613454147 0 0.533784484918 0.464270322729 1 3.350534 -0.148164778 -0.0159698037948
276.3 1000 21 1.55620328556 0 0.533765833067 0.464306501873 1 3.351024 -0.135432490002 -0.062054814241
276.4 1000 21 1.55627238744 0 0.533746947444 0.464342292646 1 3.346932 -0.108767850712 -0.101720923173
276.5 1000 21 1.55634146005 0 0.533727766323 0.464377889867 1 3.347095 -0.0709250583509 -0.130889182565
276.6 1000 21 1.55641033255 0 0.533708320949 0.464413140934 1 3.344653 -0.0258071424105 -0.14656401014
276.7 1000 21 1.55647892744 0 0.53368853732 0.464447910532 1 3.345967 0.0219363424488 -0.14714082903
276.8 1000 21 1.55654729321 0 0.533668407258 0.464482613483 1 3.34284 0.0673887793585 -0.132570455706
276.9 1000 21 1.55661510039 0 0.533647870223 0.464517163431 1 3.350408 0.105872604823 -0.104363150486
277 1000 21 1.55668290697 0 0.53362693062 0.464551352223 1 3.3414 0.13343075059 -0.0654319256299
277.1 1000 21 1.55674998765 0 0.533605539448 0.464585165684 1 3.349862 0.14723371442 -0.0197921720665
277.2 1000 21 1.55681678337 0 0.53358367697 0.464618749882 1 3.338094 0.145869955577 0.0278532390656
277.3 1000 21 1.55688288097 0 0.533561363228 0.464651793531 1 3.348405 0.129490253123 0.0725978075903
277.4 1000 21 1.55694881528 0 0.533538504553 0.4646847805 1 3.346724 0.099791244398 0.109836989249
277.5 1000 21 1.55701398852 0 0.533515173746 0.464717328502 1 3.354227 0.0598397617027 0.135742109445
277.6 1000 21 1.55707869249 0 0.53349130169 0.464749462614 1 3.351223 0.0137559523171 0.14765412366
277.7 1000 21 1.55714233494 0 0.533466910424 0.464780811362 1 3.352387 -0.0337113817211 0.144356397426
277.8 1000 21 1.55720548954 0 0.533441904643 0.464812584235 1 3.3522 -0.0776742953926 0.126198836677
277.9 1000 21 1.55726833907 0 0.533416316012 0.464843865403 1 3.352522 -0.113608990803 0.0950614052363
278 1000 21 1.55733021007 0 0.533390155207 0.46487480111 1 3.353896 -0.137821279714 0.0541589297189
278.1 1000 21 1.55739075576 0 0.533363409761 0.464905380734 1 3.356281 -0.147826603988 0.00770958508001
278.2 1000 21 1.55745132338 0 0.533336137318 0.464935585518 1 3.346143 -0.14260473498 -0.0395005027203
278.3 1000 21 1.55751084076 0 0.533308370793 0.464965161692 1 3.345976 -0.12270399502 -0.0826099787127
278.4 1000 21 1.55757000187 0 0.533279992657 0.464994836718 1 3.349422 -0.090183630465 -0.117183124381
278.5 1000 21 1.5576280524 0 0.533251127723 0.465023784635 1 3.351129 -0.0484009545494 -0.139666232412
278.6 1000 21 1.55768572591 0 0.533221727089 0.465052705089 1 3.348147 -0.00166444976955 -0.147752872577
278.7 1000 21 1.55774277271 0 0.533191807781 0.465081248882 1 3.350846 0.0452102367841 -0.140620500699
278.8 1000 21 1.55779869192 0 0.533161297295 0.465110333647 1 3.353196 0.0873965803016 -0.119014225094
278.9 1000 21 1.55785410373 0 0.533130368213 0.465138940109 1 3.346111 0.120554200325 -0.0851686956276
279 1000 21 1.55790820902 0 0.533099002222 0.465167382281 1 3.348469 0.141275359145 -0.0425774813233
279.1 1000 21 1.55796176864 0 0.533067076973 0.465196522791 1 3.343717 0.147435013743 0.00436773923615
279.2 1000 21 1.5580148383 0 0.533034774198 0.465225457212 1 3.334077 0.138409018187 0.0508301830179
279.3 1000 21 1.55806719945 0 0.533002105904 0.465254530121 1 3.340589 0.115137361708 0.0920260000474
279.4 1000 21 1.55811870635 0 0.532969208467 0.465282929046 1 3.350747 0.0800262696703 0.12371684862
279.5 1000 21 1.5581692924 0 0.532936069143 0.465310867644 1 3.336658 0.0366992763083 0.142646048118
279.6 1000 21 1.55821898215 0 0.532902832844 0.465337991125 1 3.344241 -0.0103763279378 0.14687324784
279.7 1000 21 1.55826792681 0 0.532869600421 0.465364028436 1 3.335091 -0.0563504546994 0.135973286909
279.8 1000 21 1.55831603277 0 0.532836328764 0.465389428216 1 3.344678 -0.0964896360555 0.111079249155
279.9 1000 21 1.55836337855 0 0.532803262711 0.465413380013 1 3.344275 -0.126664538561 0.0747640050656
280 1000 21 1.55840999516 0 0.532770330758 0.465436403612 1 3.337169 -0.14377469826 0.0307753242108
280.1 1000 21 1.55845561518 0 0.532737567411 0.46545864382 1 3.345619 -0.146067318796 -0.0163516198476
280.2 1000 21 1.55850068614 0 0.532704908554 0.465480550157 1 3.341358 -0.133316569162 -0.0617615549123
280.3 1000 21 1.55854505151 0 0.532672394235 0.465502216245 1 3.340803 -0.106846045235 -0.100779469743
280.4 1000 21 1.55858853129 0 0.532639915246 0.465524473825 1 3.345324 -0.0693913767907 -0.129391852754
280.5 1000 21 1.55863177431 0 0.532607690798 0.4655463675 1 3.343529 -0.0248169841139 -0.144659449165
280.6 1000 21 1.55867407178 0 0.532575706164 0.465568174656 1 3.352152 0.0222817059162 -0.145019363216
280.7 1000 21 1.55871584172 0 0.532543735387 0.465591112742 1 3.350296 0.0670528154585 -0.130444991187
280.8 1000 21 1.55875659905 0 0.532512073842 0.465614038655 1 3.351437 0.10488750946 -0.102447601946
280.9 1000 21 1.55879735204 0 0.532480729458 0.465636836828 1 3.341155 0.131894293743 -0.0639195888687
281 1000 21 1.55883746949 0 0.532449762739 0.465659536365 1 3.349712 0.145299649676 -0.0188359781845
281.1 1000 21 1.55887693176 0 0.532419043044 0.465682477761 1 3.350041 0.143732392896 0.0281559149228
281.2 1000 21 1.5589164007 0 0.532388700725 0.465705500783 1 3.340343 0.127364223068 0.0722154109147
281.3 1000 21 1.55895524935 0 0.532358716112 0.46572886557 1 3.35221 0.0978911493513 0.108807157601
281.4 1000 21 1.55899414749 0 0.532328976837 0.46575288549 1 3.349118 0.0583575564163 0.134167939969
281.5 1000 21 1.55903304243 0 0.532299694871 0.465776621387 1 3.342851 0.0128416420536 0.145693873918
281.6 1000 21 1.55907181723 0 0.532270783096 0.465800479497 1 3.348157 -0.033964981188 0.142207519609
281.7 1000 21 1.55911048039 0 0.532242325779 0.465824361271 1 3.347937 -0.0772409211184 0.124078333113
281.8 1000 21 1.55914935268 0 0.532214275182 0.465848294808 1 3.346763 -0.112531885912 0.0931833669141
281.9 1000 21 1.55918818699 0 0.532186639295 0.465871904998 1 3.332524 -0.136208802892 0.0527133372065
282 1000 21 1.55922666266 0 0.532159329308 0.465896102066 1 3.347663 -0.145841391485 0.00684279013841
282.1 1000 21 1.55926573949 0 0.532132383639 0.465920359664 1 3.352491 -0.140447040472 -0.0397003839737
282.2 1000 21 1.55930535482 0 0.532105723981 0.465944779157 1 3.336878 -0.12059190695 -0.0821221343389
282.3 1000 21 1.55934491185 0 0.53207942391 0.465969181276 1 3.357353 -0.0883308696571 -0.116056367285
282.4 1000 21 1.55938522313 0 0.532053289111 0.465994023944 1 3.348601 -0.0469952251516 -0.138013836898
282.5 1000 21 1.55942577209 0 0.532027446792 0.466019015647 1 3.342706 -0.000848412158512 -0.145741566103
282.6 1000 21 1.55946669292 0 0.532001876019 0.466044149923 1 3.352324 0.0453534874207 -0.138453407965
282.7 1000 21 1.55950824927 0 0.531976538332 0.466069185685 1 3.334877 0.0868516352114 -0.116910368685
282.8 1000 21 1.5595505077 0 0.531951404937 0.466094281843 1 3.344767 0.119375243443 -0.0833411947493
282.9 1000 21 1.55959334424 0 0.531926395111 0.466119474426 1 3.340772 0.139580613281 -0.041211688362
283 1000 21 1.55963663335 0 0.531901367076 0.466145398012 1 3.34617 0.145395227604 0.00513282712057
283.1 1000 21 1.55968096869 0 0.53187643023 0.466171427586 1 3.344112 0.136230014344 0.0509160993736
283.2 1000 21 1.55972600421 0 0.531851564159 0.466197746068 1 3.351671 0.113039465279 0.0914227475596
283.3 1000 21 1.55977170385 0 0.531826741017 0.466223773449 1 3.343269 0.0782218524422 0.122484159632
283.4 1000 21 1.55981737047 0 0.531801799872 0.466250109728 1 3.347319 0.0353714863537 0.140907454879
283.5 1000 21 1.55986426778 0 0.531776886527 0.46627624635 1 3.341604 -0.0110923024437 0.144803506684
283.6 1000 21 1.55991189849 0 0.531751912539 0.466302532044 1 3.344513 -0.0563809447411 0.133781031967
283.7 1000 21 1.55996036215 0 0.531726842813 0.466328668697 1 3.337396 -0.0958302410985 0.108985570851
283.8 1000 21 1.56000914082 0 0.531701603376 0.466354844322 1 3.350854 -0.125380516757 0.0729807094972
283.9 1000 21 1.56005901013 0 0.531676206437 0.466381038974 1 3.3433 -0.141994425526 0.029482908693
284 1000 21 1.56010980759 0 0.531650654449 0.466407206466 1 3.345099 -0.143969317891 -0.0170218999978
284.1 1000 21 1.56016140628 0 0.531624881758 0.466433487484 1 3.350467 -0.131111666913 -0.0617410369504
284.2 1000 21 1.56021351027 0 0.531598841752 0.466459689167 1 3.350256 -0.10475598345 -0.10006893608
284.3 1000 21 1.56026580095 0 0.531572577363 0.466485814261 1 3.345372 -0.0676264210722 -0.12806146311
284.4 1000 21 1.56031906244 0 0.531546002459 0.466512073711 1 3.34604 -0.0235551523513 -0.142841704517
284.5 1000 21 1.56037321251 0 0.531519132997 0.466538248206 1 3.345004 0.0229129059672 -0.142895784987
284.6 1000 21 1.56042797974 0 0.531491975993 0.466564483981 1 3.348803 0.0669889405841 -0.128227918805
284.7 1000 21 1.56048342337 0 0.531464540587 0.466590473625 1 3.348699 0.104133689244 -0.100358840503
284.8 1000 21 1.56053909138 0 0.531436741372 0.466616643801 1 3.35165 0.130524753849 -0.062168404942
284.9 1000 21 1.56059566889 0 0.53140868725 0.46664264018 1 3.35005 0.143450085159 -0.0175979612963
285 1000 21 1.56065184822 0 0.531380332998 0.466668417678 1 3.355742 0.141586750711 0.0287562873872
285.1 1000 21 1.56070889873 0 0.531351683619 0.466694155496 1 3.355079 0.125136220742 0.0721173169044
285.2 1000 21 1.5607670254 0 0.531322772374 0.466720025838 1 3.34774 0.0958025510689 0.108019340657
285.3 1000 21 1.56082564969 0 0.531293585894 0.466745781167 1 3.339093 0.0566163741957 0.132768061905
285.4 1000 21 1.56088445959 0 0.531264178625 0.466771345544 1 3.347106 0.0116214707699 0.143820401763
285.5 1000 21 1.56094413241 0 0.531234507531 0.466796955551 1 3.346218 -0.0345424436275 0.140046094224
285.6 1000 21 1.56100376859 0 0.531204648674 0.466822493794 1 3.346185 -0.0771180340257 0.121843201192
285.7 1000 21 1.56106366752 0 0.531174597915 0.466847992106 1 3.349446 -0.111720440847 0.0910961912285
285.8 1000 21 1.56112378791 0 0.531144367415 0.466873353544 1 3.352045 -0.134789010606 0.0509808586676
285.9 1000 21 1.56118447663 0 0.531114082432 0.466898639474 1 3.347847 -0.143953683839 0.00563635406891
286 1000 21 1.56124559265 0 0.531083782114 0.466923685531 1 3.348201 -0.138278325905 -0.0402616480942
286.1 1000 21 1.56130670162 0 0.531053382789 0.466948761433 1 3.343515 -0.118356431436 -0.0819833158105
286.2 1000 21 1.56136742416 0 0.53102290176 0.466973671598 1 3.342264 -0.0862492024939 -0.115231875657
286.3 1000 21 1.56142871292 0 0.530992504397 0.466998602807 1 3.339516 -0.0452722217029 -0.136585756189
286.4 1000 21 1.56149006089 0 0.530962162571 0.467023515599 1 3.344921 0.000346764306858 -0.143851362597
286.5 1000 21 1.56155153268 0 0.530931931292 0.467048209299 1 3.352274 0.045904142844 -0.136287944131
286.6 1000 21 1.56161280115 0 0.530901843429 0.467072788853 1 3.34632 0.0867052005778 -0.114683230396
286.7 1000 21 1.56167427813 0 0.530871924134 0.467097261998 1 3.346989 0.118547935505 -0.0812712330068
286.8 1000 21 1.56173535446 0 0.530842200281 0.467121673931 1 3.35378 0.138155691864 -0.0395016495715
286.9 1000 21 1.56179653063 0 0.530812731261 0.46714591151 1 3.343854 0.143514448497 0.00631651628616
287 1000 21 1.56185715473 0 0.530783537142 0.467169938093 1 3.33261 0.134079513295 0.051459357523
287.1 1000 21 1.56191774451 0 0.530754602699 0.467193768501 1 3.327805 0.110831043026 0.0912751387207
287.2 1000 21 1.5619785687 0 0.530726055981 0.467217657134 1 3.326773 0.076171924585 0.121663196029
287.3 1000 21 1.56203904545 0 0.530697845351 0.467241404577 1 3.329018 0.0336799378326 0.139496766858
287.4 1000 21 1.56209927346 0 0.530670005345 0.467265087257 1 3.330173 -0.0122619280017 0.142944310495
287.5 1000 21 1.5621591811 0 0.53064260584 0.467288445825 1 3.315814 -0.0569173151844 0.131657744162
287.6 1000 21 1.56221896564 0 0.530615610598 0.467311506897 1 3.326271 -0.0956847969555 0.10680754064
287.7 1000 21 1.56227761852 0 0.530589053329 0.467334591626 1 3.327615 -0.124572075867 0.0709610439166
287.8 1000 21 1.56233645607 0 0.53056299861 0.467357396964 1 3.328033 -0.140606630996 0.0278179107402
287.9 1000 21 1.56239526351 0 0.530537291402 0.467380384742 1 3.319933 -0.142142082988 -0.0181721118067
288 1000 21 1.56245258688 0 0.530512047081 0.467403092535 1 3.321745 -0.12902700501 -0.0622681521139
288.1 1000 21 1.5625100583 0 0.530487286886 0.467425544636 1 3.325314 -0.102619783137 -0.0999265530623
288.2 1000 21 1.56256777724 0 0.530463030568 0.467447794542 1 3.322249 -0.065647973217 -0.127269354087
288.3 1000 21 1.56262484015 0 0.530439117294 0.467470170437 1 3.322582 -0.0219263853698 -0.141483262062
288.4 1000 21 1.56268119273 0 0.530415595995 0.467492559167 1 3.327243 0.0240360779849 -0.141109330479
288.5 1000 21 1.56273688412 0 0.530392418476 0.46751528474 1 3.325244 0.0675017603404 -0.126192435369
288.6 1000 21 1.56279258869 0 0.530369631241 0.467537866502 1 3.31938 0.103992371815 -0.0982760043362
288.7 1000 21 1.56284754808 0 0.530347147394 0.467560534932 1 3.326746 0.129750282846 -0.0602425674765
288.8 1000 21 1.56290159582 0 0.530324833462 0.46758391736 1 3.324308 0.142125497659 -0.0160158335872
288.9 1000 21 1.56295557118 0 0.530302886034 0.467607348366 1 3.323289 0.139848086304 0.0298438021963
289 1000 21 1.56300883792 0 0.530281131801 0.467631208178 1 3.326472 0.123158819938 0.0726097209946
289.1 1000 21 1.56306168001 0 0.530259575491 0.467655271281 1 3.312122 0.093783178525 0.107875880277
289.2 1000 21 1.56311391626 0 0.530238277206 0.467679289134 1 3.327323 0.0547534736459 0.132010900036
289.3 1000 21 1.56316578693 0 0.530217165364 0.467703247036 1 3.318812 0.0100956201868 0.142531863593
289.4 1000 21 1.56321686586 0 0.530196338741 0.467726568024 1 3.323182 -0.035586049194 0.138359772636
289.5 1000 21 1.56326772463 0 0.530175714042 0.46774958618 1 3.313664 -0.0775835196787 0.119930044943
289.6 1000 21 1.56331773695 0 0.530155386566 0.4677719241 1 3.319456 -0.111570116177 0.089147268226
289.7 1000 21 1.56336779299 0 0.530135207672 0.467793599987 1 3.315656 -0.134046428946 0.0491883065338
289.8 1000 21 1.56341716585 0 0.530115215631 0.467814624635 1 3.324883 -0.142700427565 0.00417442448791
289.9 1000 21 1.56346634044 0 0.530095388186 0.46783498623 1 3.3171 -0.136645344908 -0.0412539173217
290 1000 21 1.56351498517 0 0.530075681285 0.467854814714 1 3.324829 -0.116510451929 -0.0824151125331
290.1 1000 21 1.56356331981 0 0.530055976063 0.467874511741 1 3.320926 -0.084375643697 -0.115069078265
290.2 1000 21 1.56361128696 0 0.530036326533 0.467893750389 1 3.32327 -0.043556591678 -0.135853903931
290.3 1000 21 1.56365841868 0 0.530016507882 0.467913631774 1 3.321492 0.00173743918564 -0.142631937282
290.4 1000 21 1.56370566133 0 0.52999661469 0.467933509652 1 3.32091 0.0468376680516 -0.134709493654
290.5 1000 21 1.56375234999 0 0.529976460915 0.467954038874 1 3.324876 0.0870969051512 -0.112907990788
290.6 1000 21 1.56379890486 0 0.529956267209 0.467974540228 1 3.325878 0.118368199272 -0.0794784003613
290.7 1000 21 1.56384518384 0 0.529935956383 0.467994926262 1 3.320113 0.137432302159 -0.0378691369973
290.8 1000 21 1.56389141542 0 0.529915556215 0.468015194356 1 3.331507 0.14232864208 0.00762961431623
290.9 1000 21 1.56393815601 0 0.529895029943 0.468035520137 1 3.327343 0.132557302694 0.0523284905929
291 1000 21 1.56398407829 0 0.529874384734 0.468055514934 1 3.324739 0.109129679095 0.0916220423047
291.1 1000 21 1.5640298477 0 0.529853550198 0.468075493043 1 3.316836 0.0744638207881 0.121463170678
291.2 1000 21 1.56407541761 0 0.529832642282 0.468095398993 1 3.328102 0.0321350544275 0.13877994925
291.3 1000 21 1.56412127447 0 0.529811615499 0.468114966692 1 3.327511 -0.0134930922193 0.141791997811
291.4 1000 21 1.56416643238 0 0.529790388038 0.468134443454 1 3.324546 -0.0577183531395 0.130193029405
291.5 1000 21 1.56421196573 0 0.529769020552 0.468154158001 1 3.317732 -0.09598437601 0.105182382308
291.6 1000 21 1.56425724058 0 0.529747546019 0.468173904874 1 3.328187 -0.124350294495 0.0693407658415
291.7 1000 21 1.56430279782 0 0.529726014512 0.468193482753 1 3.325459 -0.13989633406 0.0263640784415
291.8 1000 21 1.5643484659 0 0.529704403888 0.468212772569 1 3.317813 -0.141024406127 -0.0193180595853
291.9 1000 21 1.56439420193 0 0.529682683375 0.468232204066 1 3.323624 -0.127622275607 -0.0629983864082
292 1000 21 1.56444026402 0 0.529660861016 0.46825205925 1 3.324482 -0.101074376775 -0.100177119971
292.1 1000 21 1.56448647326 0 0.529639008135 0.468271839207 1 3.316996 -0.0641192675004 -0.127025825552
292.2 1000 21 1.56453250661 0 0.529617202333 0.468291427734 1 3.331368 -0.0205668497095 -0.140781059547
292.3 1000 21 1.56457908395 0 0.529595427295 0.468311024273 1 3.317937 0.0250944182365 -0.140029084904
292.4 1000 21 1.56462554071 0 0.529573765099 0.468330523881 1 3.320339 0.0681600670879 -0.12485104607
292.5 1000 21 1.56467265555 0 0.529552174214 0.46834993915 1 3.319187 0.104194219044 -0.096813901724
292.6 1000 21 1.56471965222 0 0.529530796467 0.46836928491 1 3.32644 0.129486472919 -0.0588091110816
292.7 1000 21 1.56476730284 0 0.529509505212 0.468388511268 1 3.317774 0.141434002975 -0.0147539399182
292.8 1000 21 1.56481552345 0 0.529488426764 0.468407633017 1 3.326559 0.138809135481 0.030811904355
292.9 1000 21 1.56486378119 0 0.529467554391 0.468426702955 1 3.316361 0.121885601376 0.0731945123546
293 1000 21 1.56491235166 0 0.529446962594 0.46844581984 1 3.323485 0.0924099579091 0.108028833466
293.1 1000 21 1.5649612443 0 0.52942667686 0.468464734865 1 3.323501 0.0534209642384 0.13172855633
293.2 1000 21 1.5650107812 0 0.529406722333 0.468483542875 1 3.327005 0.00893673832202 0.141854973959
293.3 1000 21 1.56506018275 0 0.529387036068 0.468502892576 1 3.323288 -0.0364597882228 0.13736794784
293.4 1000 21 1.56510979897 0 0.529367724466 0.468522153614 1 3.311361 -0.0780926870306 0.118732684002
293.5 1000 21 1.56515944533 0 0.529348878035 0.468541307006 1 3.327366 -0.11167478856 0.0878715411701
293.6 1000 21 1.56520947055 0 0.529330461006 0.468560328521 1 3.329247 -0.133749045136 0.0479653751692
293.7 1000 21 1.56525991499 0 0.529312502675 0.468579340359 1 3.317807 -0.142044328018 0.00312595582767
293.8 1000 21 1.56531079812 0 0.529295082148 0.468598240137 1 3.330799 -0.135709093743 -0.042027769934
293.9 1000 21 1.56536134111 0 0.529278151152 0.468617099173 1 3.325737 -0.11539877694 -0.0828457204198
294 1000 21 1.56541149162 0 0.529261765758 0.468635635204 1 3.327397 -0.0832076405335 -0.115125356993
294.1 1000 21 1.56546242966 0 0.529245908069 0.468654329483 1 3.315355 -0.0424529353797 -0.135544112951
294.2 1000 21 1.56551290207 0 0.529230611343 0.468672625655 1 3.32636 0.00266693198899 -0.142001756194
294.3 1000 21 1.56556379294 0 0.529215836088 0.46869105967 1 3.334914 0.0475050772555 -0.133835941847
294.4 1000 21 1.56561446637 0 0.529201640837 0.468709265939 1 3.326755 0.0874446005368 -0.111890277348
294.5 1000 21 1.56566543983 0 0.529188047709 0.468727589945 1 3.31644 0.11837394241 -0.078427073714
294.6 1000 21 1.56571624906 0 0.52917500104 0.468746046427 1 3.321035 0.137110334041 -0.0368940409312
294.7 1000 21 1.5657668742 0 0.529162551803 0.468764149211 1 3.328189 0.141726997746 0.00843106041876
294.8 1000 21 1.56581700609 0 0.529150582383 0.468782156459 1 3.32429 0.131751389267 0.0528810881701
294.9 1000 21 1.56586738856 0 0.529139167482 0.468800221729 1 3.319623 0.108213251465 0.0918798840937
295 1000 21 1.56591713469 0 0.529128285633 0.468818146309 1 3.329079 0.0735385537425 0.121413544206
295.1 1000 21 1.56596704871 0 0.52911789504 0.468835854819 1 3.330985 0.0312990528307 0.138443666932
295.2 1000 21 1.56601655218 0 0.529107975679 0.468853700883 1 3.318173 -0.0141555099865 0.141219557108
295.3 1000 21 1.56606459693 0 0.529098444856 0.468871545254 1 3.320125 -0.0581454418226 0.129458326739
295.4 1000 21 1.5661132315 0 0.529089365833 0.468889295445 1 3.319816 -0.0961428398565 0.104373554274
295.5 1000 21 1.5661605782 0 0.529080637597 0.468906890271 1 3.326804 -0.124237839237 0.0685500956328
295.6 1000 21 1.56620833978 0 0.529072299616 0.468924568788 1 3.318514 -0.13954064131 0.0256774120134
295.7 1000 21 1.56625486586 0 0.529064275538 0.468942118095 1 3.327455 -0.140478999088 -0.0198302427803
295.8 1000 21 1.56630132501 0 0.529056522523 0.468959696456 1 3.319563 -0.126959454658 -0.0632885310032
295.9 1000 21 1.56634671668 0 0.529048995274 0.468977118131 1 3.333838 -0.100376689922 -0.100225249627
296 1000 21 1.56639197161 0 0.529041686049 0.468994567387 1 3.318195 -0.0634694424164 -0.126840503113
296.1 1000 21 1.56643589198 0 0.529034482627 0.46901213753 1 3.326001 -0.0200384106048 -0.14039773221
296.2 1000 21 1.56647956442 0 0.529027439762 0.469029553145 1 3.319687 0.0254454814617 -0.139504827648
296.3 1000 21 1.56652231306 0 0.529020450905 0.469046888494 1 3.326432 0.0683011301344 -0.124257372462
296.4 1000 21 1.5665643401 0 0.529013512955 0.469064351879 1 3.329392 0.104119300185 -0.0962279019491
296.5 1000 21 1.56660570091 0 0.529006574456 0.469081698191 1 3.319923 0.129216052453 -0.0583039509029
296.6 1000 21 1.56664593212 0 0.52899960929 0.469099174795 1 3.327388 0.141011945907 -0.0143905244036
296.7 1000 21 1.56668524527 0 0.528992593961 0.469116424516 1 3.323188 0.138297000777 0.0309923903922
296.8 1000 21 1.56672407065 0 0.52898542717 0.469133784733 1 3.320644 0.121354592825 0.0731749199539
296.9 1000 21 1.56676162026 0 0.52897806144 0.469150963558 1 3.325411 0.0919321429121 0.107818005338
297 1000 21 1.5667982153 0 0.528970564009 0.469168230698 1 3.327013 0.0530604375329 0.13135954185
297.1 1000 21 1.56683432553 0 0.528962870682 0.469185419249 1 3.324552 0.00874166293843 0.141381011527
297.2 1000 21 1.56686925786 0 0.52895491992 0.469202365289 1 3.328573 -0.036462973811 0.13685573509
297.3 1000 21 1.56690332755 0 0.528946672258 0.469219562133 1 3.332094 -0.0779025729801 0.11825417818
297.4 1000 21 1.56693638444 0 0.52893816137 0.469236628894 1 3.32535 -0.111315466772 0.087494592233
297.5 1000 21 1.56696885061 0 0.528929412357 0.469253572482 1 3.324151 -0.133267077033 0.0477455949214
297.6 1000 21 1.56700007242 0 0.528920344392 0.469270528268 1 3.322929 -0.14150346299 0.00309944432492
297.7 1000 21 1.56703067896 0 0.528910908173 0.469287426365 1 3.328053 -0.135182423383 -0.0418494413717
297.8 1000 21 1.56706054583 0 0.528901146891 0.469304435569 1 3.328672 -0.114959756227 -0.0824772160332
297.9 1000 21 1.5670897585 0 0.528890980056 0.469321568597 1 3.32293 -0.0829210444366 -0.11460651735
298 1000 21 1.56711757107 0 0.528880459587 0.469338534352 1 3.32677 -0.0423666883245 -0.134935866575
298.1 1000 21 1.56714499984 0 0.528869521225 0.469355818865 1 3.323935 0.0025284667246 -0.141378967844
298.2 1000 21 1.56717127583 0 0.528858180271 0.469373229767 1 3.320948 0.04714464884 -0.133279138986
298.3 1000 21 1.56719636705 0 0.528846419312 0.469390723783 1 3.324879 0.08689292797 -0.111475797285
298.4 1000 21 1.56722093429 0 0.528834283604 0.469408382053 1 3.317374 0.117687112302 -0.0782175540961
298.5 1000 21 1.56724455416 0 0.528821778529 0.469426156011 1 3.332879 0.136363962252 -0.0369305208403
298.6 1000 21 1.56726749394 0 0.528808870046 0.469443989924 1 3.335955 0.141008094491 0.00813511051472
298.7 1000 21 1.56728952108 0 0.52879565035 0.469461948909 1 3.341708 0.131148559755 0.0523422265143
298.8 1000 21 1.56731089876 0 0.528782046532 0.469479717096 1 3.358003 0.107806528722 0.0911445258145
298.9 1000 21 1.56733125991 0 0.528768156083 0.469497268561 1 3.35703 0.0733895695615 0.120553713775
299 1000 21 1.56735153722 0 0.528754026432 0.469514588592 1 3.352623 0.0314431919015 0.137549726073
299.1 1000 21 1.56737073933 0 0.528739668009 0.469531458124 1 3.349435 -0.0137143376421 0.14039095511
299.2 1000 21 1.56738960838 0 0.528725112414 0.469548294611 1 3.350698 -0.0574366266459 0.128792780654
299.3 1000 21 1.56740783868 0 0.528710444834 0.469564738182 1 3.360232 -0.0952274783863 0.103956035656
299.4 1000 21 1.56742597599 0 0.528695558466 0.469581228271 1 3.352517 -0.123203401319 0.0684426467403
299.5 1000 21 1.56744353989 0 0.528680506739 0.469597539908 1 3.347124 -0.138492519066 0.02591139145
299.6 1000 21 1.56746081325 0 0.528665334043 0.46961387192 1 3.338472 -0.139529660927 -0.0192591585197
299.7 1000 21 1.56747775346 0 0.528649970429 0.46963095789 1 3.342002 -0.126216714385 -0.0624213993085
299.8 1000 21 1.56749404155 0 0.528634499144 0.469647860236 1 3.342357 -0.0999315581646 -0.0991372814017
299.9 1000 21 1.56751030715 0 0.528618754919 0.469666051898 1 3.335808 -0.0633857844316 -0.125634333608
300 1000 21 1.56752609273 0 0.528602888122 0.469684786296 1 3.343297 -0.0203446718491 -0.139193638802
300.1 1000 21 1.56754154704 0 0.528586996381 0.469703365208 1 3.342937 0.0247607521354 -0.138428635563
300.2 1000 21 1.56755704976 0 0.528570835209 0.469723726137 1 3.340496 0.0672896755215 -0.123427380921
300.3 1000 21 1.56757241698 0 0.528554756243 0.469744090016 1 3.343507 0.102869482582 -0.0957420335011
300.4 1000 21 1.56758766831 0 0.528538693412 0.46976455699 1 3.345779 0.12784506275 -0.0582286155494
300.5 1000 21 1.56760314339 0 0.528522714509 0.469785240408 1 3.338893 0.139654516787 -0.0147522926822
300.6 1000 21 1.56761862742 0 0.528506882665 0.469805997239 1 3.341824 0.137092088876 0.0302108794363
300.7 1000 21 1.56763425859 0 0.528491227929 0.469826657075 1 3.338897 0.120431128316 0.0720349428532
300.8 1000 21 1.56765003748 0 0.528475660257 0.469847571628 1 3.338538 0.0913952004263 0.106419915566
300.9 1000 21 1.56766625225 0 0.528460250328 0.469868560325 1 3.33877 0.0529797619473 0.129833963064
301 1000 21 1.56768253899 0 0.528445022929 0.469889560029 1 3.340887 0.00914311594968 0.139876418461
301.1 1000 21 1.56769922561 0 0.528429994052 0.469910645726 1 3.338776 -0.0356015416847 0.135523796522
301.2 1000 21 1.56771649123 0 0.528415148311 0.46993188796 1 3.339461 -0.0766506616625 0.117234184446
301.3 1000 21 1.56773393849 0 0.528400485395 0.469953350827 1 3.345886 -0.109784276741 0.0868992913051
301.4 1000 21 1.56775183113 0 0.528386036205 0.469974943132 1 3.342863 -0.131599641834 0.0476485909893
301.5 1000 21 1.56777045471 0 0.5283717883 0.469996696743 1 3.341619 -0.139860876979 0.00352658226943
301.6 1000 21 1.56778945859 0 0.52835775189 0.47001854018 1 3.336136 -0.133728351019 -0.0409239949819
301.7 1000 21 1.56780927027 0 0.528343912692 0.47004050913 1 3.329582 -0.113843804801 -0.0811298949908
301.8 1000 21 1.56782953643 0 0.528330269621 0.470062479905 1 3.342218 -0.0822634969803 -0.112958078431
301.9 1000 21 1.56785069099 0 0.528316817752 0.470084567043 1 3.349171 -0.0422453569135 -0.13314039351
302 1000 21 1.56787237393 0 0.528303524656 0.470106768822 1 3.360007 0.00208682104434 -0.139609551445
302.1 1000 21 1.56789501544 0 0.528290413556 0.470129055535 1 3.34699 0.0461686670568 -0.131710582539
302.2 1000 21 1.56791820326 0 0.528277460766 0.470151349639 1 3.351307 0.0854649524156 -0.110267505144
302.3 1000 21 1.56794238428 0 0.528264666635 0.470173704611 1 3.341999 0.115936321788 -0.0774972783506
302.4 1000 21 1.56796702791 0 0.528252013238 0.470196123053 1 3.33729 0.134454651126 -0.0367806604433
302.5 1000 21 1.56799289503 0 0.528239420878 0.470218628763 1 3.334488 0.139124051033 0.00768665113561
302.6 1000 21 1.56801939993 0 0.528226934385 0.470241169548 1 3.347023 0.129475350779 0.0513262042481
302.7 1000 21 1.56804686152 0 0.528214493471 0.470263743931 1 3.343297 0.106512853457 0.089648418315
302.8 1000 21 1.56807482865 0 0.528202077917 0.470286480811 1 3.352842 0.0726102436224 0.118714334987
302.9 1000 21 1.56810356222 0 0.528189700521 0.470309096009 1 3.350401 0.0312649716759 0.135540792272
303 1000 21 1.56813364016 0 0.528177317707 0.470331767002 1 3.342094 -0.0132623876655 0.138406331344
303.1 1000 21 1.56816410208 0 0.528164833828 0.470354428019 1 3.360848 -0.0563871576279 0.127027653284
303.2 1000 21 1.56819539681 0 0.528152283649 0.470377281612 1 3.363174 -0.0936729293104 0.102587544495
303.3 1000 21 1.56822799353 0 0.528139673027 0.470400146012 1 3.339303 -0.121287546043 0.067611928459
303.4 1000 21 1.56826098837 0 0.5281269344 0.470422936131 1 3.344765 -0.136397415113 0.0257089201578
303.5 1000 21 1.56829460566 0 0.528114095252 0.470445721548 1 3.345159 -0.137458184282 -0.0188034500783
303.6 1000 21 1.56832919719 0 0.528101134267 0.470468456714 1 3.345461 -0.124372543889 -0.0613421581242
303.7 1000 21 1.56836461761 0 0.5280880024 0.470491282906 1 3.347675 -0.0984991701173 -0.0975311324648
303.8 1000 21 1.56840042721 0 0.528074697374 0.470514051764 1 3.354617 -0.0625117002146 -0.123651408243
303.9 1000 21 1.56843698063 0 0.528061246931 0.470536751428 1 3.374603 -0.0201225426339 -0.137023364428
304 1000 21 1.56847426337 0 0.528047590915 0.470559315736 1 3.357848 0.0243002102681 -0.136281734802
304.1 1000 21 1.5685120099 0 0.528033750657 0.470581867507 1 3.342094 0.0661828958222 -0.121514977794
304.2 1000 21 1.56855021162 0 0.528019735488 0.470604406474 1 3.363351 0.101216979958 -0.0942551147551
304.3 1000 21 1.56858848307 0 0.528005486555 0.470626660717 1 3.337888 0.125802547191 -0.0573184762731
304.4 1000 21 1.56862747862 0 0.527991013312 0.470648973464 1 3.361071 0.13741814996 -0.0145152738164
304.5 1000 21 1.5686666291 0 0.527976341239 0.4706711379 1 3.336854 0.134879504809 0.02974371059
304.6 1000 21 1.56870589762 0 0.527961457113 0.470693153953 1 3.324578 0.118460216167 0.0709015758525
304.7 1000 21 1.56874571506 0 0.527946322556 0.470715180423 1 3.335183 0.0898624982722 0.10472461514
304.8 1000 21 1.56878555493 0 0.527930996454 0.470737059599 1 3.339175 0.0520407666572 0.127737685584
304.9 1000 21 1.56882564183 0 0.527915429947 0.470758896317 1 3.335699 0.00889628729528 0.13758132619
305 1000 21 1.56886558085 0 0.527899663049 0.470780557651 1 3.338983 -0.0351249688451 0.133253876386
305.1 1000 21 1.56890558885 0 0.527883708896 0.470802191553 1 3.335866 -0.0754906256316 0.11521323676
305.2 1000 21 1.56894521224 0 0.527867551821 0.470823767603 1 3.348222 -0.108048537912 0.0853286869736
305.3 1000 21 1.56898502898 0 0.52785123449 0.470845230957 1 3.336498 -0.129453879336 0.0466872290088
305.4 1000 21 1.56902443549 0 0.527834794916 0.470866418138 1 3.348705 -0.137512896274 0.00327467821794
305.5 1000 21 1.56906379084 0 0.527818181619 0.470887699665 1 3.344992 -0.131407790581 -0.0404354515406
305.6 1000 21 1.56910265768 0 0.527801449594 0.470908857954 1 3.340386 -0.111779645483 -0.0799428115867
305.7 1000 21 1.56914134769 0 0.527784622474 0.4709299608 1 3.335196 -0.0806612645241 -0.111183649305
305.8 1000 21 1.56917921968 0 0.527767671704 0.470950940721 1 3.345472 -0.0412667437472 -0.130948856269
305.9 1000 21 1.56921701042 0 0.527750683582 0.47097189364 1 3.342688 0.00234053686134 -0.137213606859
306 1000 21 1.56925399739 0 0.527733693615 0.470992692582 1 3.349502 0.0456668833379 -0.129344929839
306.1 1000 21 1.56929029285 0 0.527716656264 0.471013333458 1 3.351106 0.084251545701 -0.108165490259
306.2 1000 21 1.56932643205 0 0.527699592949 0.47103407712 1 3.344784 0.114125739115 -0.0758679762272
306.3 1000 21 1.56936161701 0 0.527682545199 0.471054636317 1 3.346386 0.132221097701 -0.0357879479345
306.4 1000 21 1.56939622469 0 0.527665571461 0.471075097237 1 3.348947 0.136684742475 0.00794054862727
306.5 1000 21 1.56943031028 0 0.527648634288 0.471095642299 1 3.337339 0.127069192528 0.0508114095268
306.6 1000 21 1.56946355052 0 0.527631777208 0.471116145198 1 3.341404 0.104377110362 0.088410648187
306.7 1000 21 1.56949609824 0 0.527615004517 0.471136758574 1 3.347332 0.0709569531689 0.116871004806
306.8 1000 21 1.5695277503 0 0.527598312053 0.471157222689 1 3.344992 0.0302598541673 0.133269626901
306.9 1000 21 1.5695586587 0 0.52758171518 0.471177539486 1 3.328617 -0.013516630973 0.135928332393
307 1000 21 1.56958843177 0 0.527565255047 0.471197704459 1 3.327812 -0.0558612418375 0.124585445257
307.1 1000 21 1.56961752985 0 0.527548917035 0.471217972683 1 3.325071 -0.0924142288332 0.100421576581
307.2 1000 21 1.56964582631 0 0.527532679171 0.471238220369 1 3.311286 -0.119415957301 0.0659366075159
307.3 1000 21 1.56967315986 0 0.527516561192 0.471258389642 1 3.324292 -0.134093745273 0.0246914109285
307.4 1000 21 1.56969957186 0 0.527500578784 0.471278614522 1 3.319605 -0.134946585871 -0.019059926167
307.5 1000 21 1.56972524868 0 0.527484692994 0.471298900965 1 3.31888 -0.121898666586 -0.0608088197275
307.6 1000 21 1.56974981638 0 0.527468970935 0.471318990074 1 3.329145 -0.0963060541486 -0.096256729678
307.7 1000 21 1.56977310842 0 0.527453304227 0.471338937239 1 3.324965 -0.0608157674578 -0.12175778986
307.8 1000 21 1.56979614425 0 0.527437777003 0.471359136388 1 3.32039 -0.0190921679784 -0.134693689177
307.9 1000 21 1.56981844757 0 0.527422349479 0.471379379931 1 3.326846 0.0245613695831 -0.133742794746
308 1000 21 1.56983984795 0 0.527406970654 0.47139970092 1 3.320276 0.0656463818129 -0.119014806924
308.1 1000 21 1.56985995721 0 0.527391694839 0.47141992565 1 3.320493 0.0999325278233 -0.0920387061795
308.2 1000 21 1.56987970229 0 0.527376387575 0.471440354298 1 3.321011 0.123893552152 -0.0556039628991
308.3 1000 21 1.56989865447 0 0.527361116109 0.471460739252 1 3.318034 0.135069628499 -0.0134720796466
308.4 1000 21 1.5699172625 0 0.527345817705 0.471481246119 1 3.32724 0.132320212631 0.0300115689627
308.5 1000 21 1.56993501566 0 0.527330505421 0.471501633821 1 3.325109 0.115939998588 0.070366002031
308.6 1000 21 1.56995164228 0 0.527315219114 0.471521871879 1 3.325768 0.0876280370147 0.103436173162
308.7 1000 21 1.56996791667 0 0.527299793382 0.471542325815 1 3.318186 0.050311096296 0.125820870209
308.8 1000 21 1.56998352073 0 0.527284259148 0.471562882092 1 3.327517 0.00784148895762 0.135222519487
308.9 1000 21 1.56999861097 0 0.527268520793 0.471583667638 1 3.316359 -0.0354008867209 0.130683040521
309 1000 21 1.57001310621 0 0.527252636877 0.471604480132 1 3.324964 -0.074959806905 0.112681344413
309.1 1000 21 1.57002700821 0 0.52723653066 0.471625211587 1 3.319353 -0.106762176191 0.0830831006784
309.2 1000 21 1.57004015287 0 0.527220209986 0.47164595448 1 3.32611 -0.127537210471 0.0449474752074
309.3 1000 21 1.5700525448 0 0.527203696797 0.471666259261 1 3.319675 -0.135152767144 0.00221071366806
309.4 1000 21 1.57006491358 0 0.527186889873 0.471686593351 1 3.317224 -0.128834568018 -0.0407197161749
309.5 1000 21 1.57007681358 0 0.527169816672 0.471706436721 1 3.318571 -0.109244533641 -0.0794197545337
309.6 1000 21 1.57008841965 0 0.527152488169 0.471726202417 1 3.320204 -0.0784116599945 -0.109904635318
309.7 1000 21 1.57009983427 0 0.527134872758 0.47174531782 1 3.312504 -0.0395218702953 -0.129039139048
309.8 1000 21 1.57011050201 0 0.527116974132 0.471763977727 1 3.318173 0.00341093368472 -0.134860118334
309.9 1000 21 1.57012133081 0 0.527098797226 0.471782055133 1 3.323938 0.0459592009257 -0.126777646593
310 1000 21 1.57013210268 0 0.527080224755 0.471800018519 1 3.340747 0.0837383059507 -0.105635096951
310.1 1000 21 1.57014324895 0 0.527061292161 0.47181767037 1 3.345783 0.112858251528 -0.0736212080147
310.2 1000 21 1.57015326222 0 0.527041963506 0.47183485193 1 3.352855 0.130324348227 -0.0340433491327
310.3 1000 21 1.5701639257 0 0.52702203011 0.471852683964 1 3.34148 0.134345042728 0.009013841528
310.4 1000 21 1.57017437033 0 0.527001672197 0.471870261882 1 3.339692 0.124515784767 0.0511102482563
310.5 1000 21 1.57018468686 0 0.5269808746 0.47188765489 1 3.338657 0.101859578849 0.0879078805801
310.6 1000 21 1.57019515345 0 0.526959313483 0.47190653893 1 3.336532 0.0687207589827 0.115617944925
310.7 1000 21 1.57020566506 0 0.526937207936 0.471925705035 1 3.3482 0.0285223346825 0.13139079864
310.8 1000 21 1.57021649804 0 0.526914597266 0.471944836051 1 3.349895 -0.0145875382053 0.133609161045
310.9 1000 21 1.57022722275 0 0.526891166254 0.471965933277 1 3.356194 -0.0561634213164 0.122053969705
311 1000 21 1.57023858331 0 0.526867082778 0.471987708984 1 3.351362 -0.0919211132174 0.0979256498442
311.1 1000 21 1.57025019317 0 0.526842506275 0.472009511572 1 3.353697 -0.118178890905 0.0637198508099
311.2 1000 21 1.57026223854 0 0.526817437578 0.472031476146 1 3.351369 -0.132236738663 0.0229691318178
311.3 1000 21 1.57027454342 0 0.526791564724 0.472055555788 1 3.347855 -0.132653946565 -0.0201216012748
311.4 1000 21 1.5702873463 0 0.526765202144 0.472079715168 1 3.347407 -0.119396524021 -0.0611092560198
311.5 1000 21 1.5703005477 0 0.526738400339 0.472104045079 1 3.348553 -0.0938400887546 -0.0957702689632
311.6 1000 21 1.57031385611 0 0.526711189762 0.472128531216 1 3.352002 -0.0586270626485 -0.120535923513
311.7 1000 21 1.57032802184 0 0.526683545432 0.472153307639 1 3.355873 -0.017393530195 -0.132859925947
311.8 1000 21 1.57034219909 0 0.526655420318 0.472178610125 1 3.351609 0.0256062721696 -0.131480031966
311.9 1000 21 1.57035738503 0 0.526627030451 0.472204062621 1 3.347052 0.0659387842518 -0.116547132893
312 1000 21 1.57037270438 0 0.526598296684 0.472229760364 1 3.351382 0.0994481303767 -0.0896092558893
312.1 1000 21 1.57038902254 0 0.526569326495 0.472255652833 1 3.349046 0.122684359705 -0.0534507508669
312.2 1000 21 1.57040609683 0 0.526540094783 0.47228174669 1 3.345924 0.133258631843 -0.0118048791875
312.3 1000 21 1.57042373809 0 0.526510668099 0.472308100364 1 3.339629 0.130088816066 0.0310320940152
312.4 1000 21 1.57044167321 0 0.526481052935 0.472334723487 1 3.348352 0.113510143488 0.0706435306392
312.5 1000 21 1.57046032244 0 0.526451356474 0.47236137018 1 3.349481 0.0852398733168 0.102947985496
312.6 1000 21 1.5704797282 0 0.526421586471 0.472388249017 1 3.348619 0.0481993276044 0.12461987594
312.7 1000 21 1.5704994407 0 0.526391794454 0.472415336857 1 3.3497 0.0062122000108 0.133431506525
312.8 1000 21 1.57051993938 0 0.526361977667 0.472442574235 1 3.347336 -0.0363902583524 0.128482163076
312.9 1000 21 1.57054116218 0 0.526332202837 0.47246989871 1 3.347592 -0.0752159408481 0.110290186858
313 1000 21 1.57056275146 0 0.526302420993 0.472497512746 1 3.351748 -0.106264583218 0.0807388612095
313.1 1000 21 1.57058478028 0 0.52627279931 0.472525200276 1 3.346009 -0.126339969618 0.0428810395798
313.2 1000 21 1.57060767688 0 0.526243314158 0.472552936551 1 3.339744 -0.133378848437 0.000624260191163
313.3 1000 21 1.57063065799 0 0.52621397547 0.472580731312 1 3.349382 -0.126663068581 -0.0416727680173
313.4 1000 21 1.57065442099 0 0.526184825877 0.472608675451 1 3.346762 -0.10689273207 -0.0796495364466
313.5 1000 21 1.57067880875 0 0.526155917093 0.472636684918 1 3.348708 -0.0761132189038 -0.109393380697
313.6 1000 21 1.57070351863 0 0.526127216937 0.472664811047 1 3.35186 -0.0375038894813 -0.127842529053
313.7 1000 21 1.57072857484 0 0.526098749212 0.472693060279 1 3.354985 0.00495072345775 -0.133101342043
313.8 1000 21 1.57075422271 0 0.526070569839 0.472721349751 1 3.350422 0.0468717291765 -0.124634845757
313.9 1000 21 1.57078022264 0 0.526042669439 0.47274969767 1 3.34637 0.08393759635 -0.103323336366
314 1000 21 1.57080622989 0 0.52601504799 0.47277803833 1 3.349768 0.112329829727 -0.0713707378677
314.1 1000 21 1.57083295531 0 0.525987698052 0.472806426524 1 3.348822 0.129125881094 -0.032076723036
314.2 1000 21 1.57085984972 0 0.525960616338 0.472834787475 1 3.360226 0.132600275104 0.0105037821354
314.3 1000 21 1.57088694343 0 0.525933816896 0.472863241913 1 3.352043 0.122401685507 0.0519793021607
314.4 1000 21 1.57091379036 0 0.525907289588 0.472891687222 1 3.356798 0.0995885913774 0.0880744051886
314.5 1000 21 1.57094111771 0 0.52588100609 0.472920157852 1 3.349396 0.0665192725648 0.115070654218
314.6 1000 21 1.57096838881 0 0.525854962121 0.472948672007 1 3.35314 0.0266082460169 0.1301893414
314.7 1000 21 1.57099580881 0 0.525829147648 0.472977169617 1 3.340719 -0.0160264884938 0.131877717159
314.8 1000 21 1.57102309091 0 0.525803529086 0.473005628826 1 3.34887 -0.0569880210909 0.119968195377
314.9 1000 21 1.57105041772 0 0.525778092096 0.473034112122 1 3.349646 -0.0920541795695 0.0956952869978
315 1000 21 1.57107728225 0 0.525752824915 0.473062534894 1 3.359587 -0.117612502438 0.0615673151506
315.1 1000 21 1.57110438521 0 0.525727689335 0.473090980126 1 3.345708 -0.131032499305 0.0211074766233
315.2 1000 21 1.57113126327 0 0.525702634852 0.473119439275 1 3.355423 -0.130936254831 -0.0215099442071
315.3 1000 21 1.57115781632 0 0.525677689655 0.473147853763 1 3.344147 -0.117339861574 -0.0618902493944
315.4 1000 21 1.57118383113 0 0.525652806398 0.473176246619 1 3.358411 -0.0916512697105 -0.0958712853594
315.5 1000 21 1.57120968632 0 0.525627973306 0.473204499992 1 3.356322 -0.0565242106289 -0.119952505964
315.6 1000 21 1.57123514848 0 0.525603124258 0.473232814901 1 3.346754 -0.0155843844162 -0.131655529958
315.7 1000 21 1.57125980802 0 0.525578211701 0.473261148323 1 3.348991 0.0269448307875 -0.12977913247
315.8 1000 21 1.57128406504 0 0.52555327343 0.473289387573 1 3.359144 0.0666780469766 -0.114522597144
315.9 1000 21 1.57130795635 0 0.525528249951 0.473317589987 1 3.368441 0.0995200501566 -0.0874643913677
316 1000 21 1.57133103961 0 0.525503076036 0.473345709698 1 3.356696 0.122087776227 -0.0513991387555
316.1 1000 21 1.57135344576 0 0.525477851128 0.473373796605 1 3.370574 0.132058598139 -0.0100486018506
316.2 1000 21 1.57137550791 0 0.525452431186 0.473401865208 1 3.35105 0.128409621112 0.0323218829272
316.3 1000 21 1.57139682837 0 0.525426811203 0.473429936261 1 3.351504 0.111522450518 0.0713435864264
316.4 1000 21 1.57141716779 0 0.525401008476 0.473457999218 1 3.350202 0.0831431639997 0.102994912058
316.5 1000 21 1.57143695341 0 0.525375006995 0.473485917279 1 3.344649 0.0462019203192 0.124015427311
316.6 1000 21 1.57145577964 0 0.525348752371 0.473513780298 1 3.353863 0.00451047369063 0.132242111877
316.7 1000 21 1.57147394592 0 0.525322310693 0.473541565414 1 3.354293 -0.0376313553364 0.12683135547
316.8 1000 21 1.57149123763 0 0.525295598461 0.473569339882 1 3.348119 -0.0758788215214 0.108345894541
316.9 1000 21 1.57150749888 0 0.525268636842 0.473597017325 1 3.352145 -0.106290171271 0.0786961858095
317 1000 21 1.5715226159 0 0.525241402755 0.473624655473 1 3.356131 -0.125732937973 0.0409427115798
317.1 1000 21 1.57153723575 0 0.52521391793 0.473652274016 1 3.354073 -0.132206477881 -0.00101972169582
317.2 1000 21 1.57155070175 0 0.525186181888 0.473679868956 1 3.357419 -0.12504769213 -0.042863672694
317.3 1000 21 1.57156354778 0 0.525158183993 0.473707389152 1 3.348463 -0.104999170173 -0.0802755484262
317.4 1000 21 1.57157544476 0 0.525129967922 0.473734687411 1 3.359702 -0.0741318958712 -0.109400029142
317.5 1000 21 1.57158634401 0 0.525101516962 0.473762021919 1 3.353606 -0.0356310735353 -0.127237377874
317.6 1000 21 1.57159616186 0 0.525072907072 0.473789148472 1 3.361676 0.00653192109523 -0.131952293191
317.7 1000 21 1.57160494708 0 0.525044169983 0.473816081443 1 3.352905 0.0480096948075 -0.123062659199
317.8 1000 21 1.57161277052 0 0.525015220989 0.473842909269 1 3.362322 0.0845266106623 -0.101488874532
317.9 1000 21 1.57161984135 0 0.524986155616 0.473869666246 1 3.351644 0.112319883406 -0.0694584425443
318 1000 21 1.5716258215 0 0.524957028421 0.473895857513 1 3.346337 0.128526969711 -0.0302762783013
318.1 1000 21 1.57163084726 0 0.52492776624 0.47392198467 1 3.358261 0.131480662664 0.0120167635276
318.2 1000 21 1.57163501907 0 0.524898494977 0.473947792543 1 3.346856 0.120879919458 0.053060542143
318.3 1000 21 1.57163785719 0 0.524869259198 0.473972850152 1 3.35282 0.0978212185864 0.0886244780549
318.4 1000 21 1.57164011803 0 0.524839998205 0.473997862989 1 3.347722 0.0646845670945 0.115044269098
318.5 1000 21 1.57164135054 0 0.524810719074 0.474022627613 1 3.349742 0.0248883098038 0.129599111954
318.6 1000 21 1.57164191807 0 0.524781531104 0.474046936887 1 3.341167 -0.0174641404975 0.130791864421
318.7 1000 21 1.57164163221 0 0.524752368364 0.474070999903 1 3.350251 -0.0580067382819 0.118502983628
318.8 1000 21 1.57164065502 0 0.524723265103 0.474095077967 1 3.349985 -0.092561250802 0.0940022627963
318.9 1000 21 1.57163947978 0 0.524694281243 0.474118857777 1 3.339212 -0.117567517989 0.0598181064596
319 1000 21 1.57163750959 0 0.524665486425 0.474142230633 1 3.348097 -0.130450607965 0.0194759726551
319.1 1000 21 1.57163523522 0 0.524636866105 0.474165270394 1 3.349299 -0.129885828827 -0.0228647616544
319.2 1000 21 1.57163308749 0 0.524608432107 0.474188111476 1 3.340108 -0.115934191389 -0.0628397768432
319.3 1000 21 1.5716305644 0 0.5245802903 0.474210366238 1 3.353575 -0.0900369158431 -0.09632992371
319.4 1000 21 1.57162753939 0 0.524552441335 0.474232198331 1 3.349088 -0.0548654120751 -0.119884897741
319.5 1000 21 1.57162490778 0 0.524524882691 0.474253577785 1 3.339 -0.0140468327445 -0.131079442453
319.6 1000 21 1.57162220181 0 0.524497648641 0.474274556592 1 3.3525 0.0282108684589 -0.1287625916
319.7 1000 21 1.57161937352 0 0.5244707243 0.474295186454 1 3.352459 0.0675523878563 -0.113176226207
319.8 1000 21 1.57161663406 0 0.524444159263 0.474315302688 1 3.33903 0.0999240262895 -0.0859296698022
319.9 1000 21 1.57161375534 0 0.524417950466 0.474334924483 1 3.344172 0.121991415895 -0.0498334023056
320 1000 21 1.57161072259 0 0.524391952261 0.474354949701 1 3.345817 0.131482631156 -0.00860927070502
320.1 1000 21 1.57160812244 0 0.524366295934 0.474374765635 1 3.334363 0.127422666224 0.0334935657698
320.2 1000 21 1.57160555765 0 0.52434092646 0.474394575304 1 3.350052 0.11023287757 0.0721362328908
320.3 1000 21 1.57160313179 0 0.524315619901 0.474415619521 1 3.339198 0.0816874847392 0.103337407086
320.4 1000 21 1.57160079047 0 0.524290640872 0.474436248573 1 3.343991 0.0447306017279 0.123883787391
320.5 1000 21 1.57159869879 0 0.524265514676 0.474459336233 1 3.337024 0.00317222705145 0.131660582384
320.6 1000 21 1.57159673397 0 0.524240615689 0.474482337684 1 3.34711 -0.038704336436 0.125869391721
320.7 1000 21 1.57159511173 0 0.524215679518 0.474507265101 1 3.335292 -0.0765841714525 0.107109858769
320.8 1000 21 1.57159360626 0 0.524190951084 0.474532400373 1 3.34199 -0.106565070681 0.0773178954622
320.9 1000 21 1.5715925712 0 0.524166376445 0.474557765278 1 3.33634 -0.125559592224 0.039565605894
321 1000 21 1.5715921399 0 0.524141940071 0.474583271355 1 3.343592 -0.131613150724 -0.0022553146878
321.1 1000 21 1.57159236473 0 0.524117639539 0.474608818557 1 3.351265 -0.124105075353 -0.0438350302645
321.2 1000 21 1.57159292043 0 0.524093488398 0.474634485903 1 3.342742 -0.103811692021 -0.0808894829686
321.3 1000 21 1.57159375511 0 0.524069426387 0.474660206113 1 3.346556 -0.0728270437385 -0.109601921742
321.4 1000 21 1.57159543251 0 0.524045518516 0.474685932287 1 3.345094 -0.0343456497771 -0.127016075935
321.5 1000 21 1.57159760352 0 0.524021647165 0.474711733018 1 3.34989 0.00766586995017 -0.131340369313
321.6 1000 21 1.57160038057 0 0.523997785698 0.474737970194 1 3.351531 0.0488785185067 -0.122132063333
321.7 1000 21 1.57160370321 0 0.523973886175 0.474764401718 1 3.350399 0.0850462486556 -0.10034315061
321.8 1000 21 1.57160740613 0 0.523949928174 0.474791114408 1 3.348546 0.11244408159 -0.0682212565539
321.9 1000 21 1.5716121998 0 0.52392591519 0.474817850207 1 3.344145 0.128251617259 -0.0290782248117
322 1000 21 1.57161769433 0 0.523901770591 0.474844814631 1 3.354691 0.130842885687 0.013051655691
322.1 1000 21 1.57162351778 0 0.523877571439 0.474871831481 1 3.35138 0.11995395888 0.0538274723308
322.2 1000 21 1.57163027206 0 0.523853215932 0.474899034227 1 3.34939 0.0967098624725 0.0890486915806
322.3 1000 21 1.57163772616 0 0.523828619119 0.474926450279 1 3.35502 0.0635082468817 0.115088368148
322.4 1000 21 1.57164544707 0 0.523803909129 0.474953906775 1 3.355509 0.0237715419851 0.129265728081
322.5 1000 21 1.57165410316 0 0.523779006584 0.474981406375 1 3.342587 -0.0184049018945 0.130123296723
322.6 1000 21 1.57166298217 0 0.523753878801 0.475008896922 1 3.347148 -0.0586756164794 0.11757583628
322.7 1000 21 1.57167241789 0 0.523728443165 0.475036742993 1 3.346487 -0.0928923768374 0.092918997809
322.8 1000 21 1.5716830773 0 0.523702732818 0.475064821413 1 3.342368 -0.117532025828 0.058695909725
322.9 1000 21 1.57169392459 0 0.523676803654 0.475092891227 1 3.353967 -0.130058443299 0.0184342005098
323 1000 21 1.57170536015 0 0.523650585673 0.475121019385 1 3.349869 -0.129184321944 -0.0237171223791
323.1 1000 21 1.57171738448 0 0.523624122876 0.475149277012 1 3.342046 -0.115002646832 -0.063415516946
323.2 1000 21 1.5717295599 0 0.523597377645 0.475177563429 1 3.355297 -0.0889777109464 -0.0965722275088
323.3 1000 21 1.57174166229 0 0.523570390022 0.475205814841 1 3.35631 -0.0537929742853 -0.119772989543
323.4 1000 21 1.57175486899 0 0.523543137487 0.475234198645 1 3.340892 -0.0130750910431 -0.130630738607
323.5 1000 21 1.57176801521 0 0.523515631554 0.475262736729 1 3.349139 0.0289803620313 -0.128029639681
323.6 1000 21 1.5717817537 0 0.523487898389 0.475291226212 1 3.346455 0.0680408866043 -0.112240806623
323.7 1000 21 1.5717953173 0 0.523459904644 0.47531976932 1 3.353045 0.100083705781 -0.0848937907926
323.8 1000 21 1.57180963258 0 0.523431721698 0.475348276775 1 3.348219 0.121809844369 -0.0488081994227
323.9 1000 21 1.57182386403 0 0.523403292761 0.475376769832 1 3.35654 0.130983686023 -0.00770325633064
324 1000 21 1.57183864901 0 0.523374717739 0.475405412783 1 3.351584 0.126663300319 0.0341860327378
324.1 1000 21 1.57185323042 0 0.523345939601 0.475434171921 1 3.352756 0.109296726954 0.0725443185879
324.2 1000 21 1.57186858793 0 0.523317006266 0.475463022633 1 3.347427 0.080676131643 0.103421865596
324.3 1000 21 1.57188334601 0 0.523288002228 0.475491911348 1 3.348267 0.043751811912 0.123639633483
324.4 1000 21 1.57189873395 0 0.523258893891 0.475520783867 1 3.342859 0.00232917365597 0.131117773768
324.5 1000 21 1.57191404723 0 0.52322980588 0.475549543476 1 3.354831 -0.0393244705635 0.12508890064
324.6 1000 21 1.57192943268 0 0.523200670428 0.475578385943 1 3.344614 -0.0769184767786 0.106177098129
324.7 1000 21 1.57194474278 0 0.52317154793 0.47560732555 1 3.355853 -0.106581965009 0.0763331268372
324.8 1000 21 1.57195984922 0 0.523142510624 0.475636114607 1 3.353339 -0.1252611191 0.0386333746469
324.9 1000 21 1.57197424587 0 0.523113535802 0.475664846649 1 3.365383 -0.131034753769 -0.00303725702707
325 1000 21 1.57198858568 0 0.523084852252 0.475693262904 1 3.36058 -0.123311246872 -0.0443864636918
325.1 1000 21 1.57200332025 0 0.523056181172 0.475721986099 1 3.345719 -0.10288906229 -0.081155328493
325.2 1000 21 1.57201820519 0 0.523027636577 0.47575087079 1 3.348602 -0.0718742730135 -0.109558374177
325.3 1000 21 1.57203167117 0 0.522999417368 0.475779405743 1 3.354961 -0.0334635447349 -0.126671587158
325.4 1000 21 1.57204576155 0 0.522971429463 0.475807980902 1 3.348583 0.00838567521415 -0.130735605669
325.5 1000 21 1.57205974297 0 0.522943741909 0.475836568318 1 3.362541 0.0493628564128 -0.121334636079
325.6 1000 21 1.57207208504 0 0.522916407919 0.475864831611 1 3.362278 0.0852475802079 -0.0994396937853
325.7 1000 21 1.57208506357 0 0.522889464023 0.475893076163 1 3.352117 0.112346275069 -0.0673084579982
325.8 1000 21 1.57209793773 0 0.522862866336 0.475921375646 1 3.375587 0.127869768277 -0.0282521479839
325.9 1000 21 1.57211002267 0 0.522836730936 0.475949449518 1 3.361613 0.130221731718 0.0137057127714
326 1000 21 1.57212169723 0 0.522811023054 0.475977478284 1 3.342466 0.119163159234 0.0542436335481
326.1 1000 21 1.57213222238 0 0.52278576167 0.476005271254 1 3.346181 0.0958359490897 0.0891875799496
326.2 1000 21 1.57214347823 0 0.522760968469 0.47603318055 1 3.350437 0.0626446670963 0.114940613958
326.3 1000 21 1.5721540368 0 0.522736671684 0.476060942585 1 3.351592 0.0230094342106 0.128852577953
326.4 1000 21 1.57216334402 0 0.522712907855 0.476088600558 1 3.347766 -0.0189869096063 0.1294936628
326.5 1000 21 1.57217291552 0 0.522689666178 0.476116086545 1 3.346946 -0.0590198702251 0.116800964131
326.6 1000 21 1.57218197438 0 0.52266696577 0.476143350593 1 3.353379 -0.0929676956835 0.0920843170621
326.7 1000 21 1.57219051616 0 0.522644764634 0.476170698176 1 3.3392 -0.11733603337 0.0578913623765
326.8 1000 21 1.57219921479 0 0.522623031473 0.47619794926 1 3.343847 -0.129618473928 0.0177448305675
326.9 1000 21 1.57220669286 0 0.522601889569 0.476225036738 1 3.34022 -0.128552725672 -0.0242202036027
327 1000 21 1.57221418227 0 0.522581151562 0.476252144717 1 3.340766 -0.114252006626 -0.0636828250931
327.1 1000 21 1.57222068062 0 0.522561010653 0.476279084933 1 3.343057 -0.0881914980621 -0.0965804640658
327.2 1000 21 1.57222672326 0 0.522541378717 0.476305926552 1 3.338801 -0.0530572194405 -0.119527857492
327.3 1000 21 1.57223110918 0 0.5225221687 0.476332624231 1 3.356377 -0.0124688967106 -0.130164745652
327.4 1000 21 1.57223605592 0 0.522503512084 0.476359187505 1 3.351595 0.0293944158638 -0.12739953004
327.5 1000 21 1.57224005703 0 0.522485272391 0.476385494335 1 3.34884 0.0682221333449 -0.111520017049
327.6 1000 21 1.57224398814 0 0.522467429331 0.476411946242 1 3.337799 0.100017947307 -0.084164063936
327.7 1000 21 1.57224691431 0 0.522450034987 0.47643809103 1 3.346803 0.121510600406 -0.0481507837104
327.8 1000 21 1.57224991729 0 0.522433029291 0.476464186106 1 3.338188 0.130490266237 -0.00718940495567
327.9 1000 21 1.57225179497 0 0.522416467671 0.476490077203 1 3.346777 0.126035437839 0.0345017898345
328 1000 21 1.57225369567 0 0.522400123396 0.476515932922 1 3.34014 0.108608965102 0.0726312309219
328.1 1000 21 1.57225494552 0 0.522384090831 0.4765415622 1 3.354398 0.0800077550393 0.103275135764
328.2 1000 21 1.57225580174 0 0.52236839601 0.47656674319 1 3.353577 0.0431788140352 0.1232812014
328.3 1000 21 1.57225670976 0 0.52235288245 0.476592023831 1 3.348534 0.00191543597978 0.130593376759
328.4 1000 21 1.57225623345 0 0.522337602538 0.476616867928 1 3.345381 -0.0395336972766 0.124462473185
328.5 1000 21 1.57225596897 0 0.522322477684 0.476641723143 1 3.345055 -0.0769027904468 0.105523275249
328.6 1000 21 1.57225572967 0 0.522307349536 0.476666902044 1 3.33966 -0.106346638605 0.0757292141723
328.7 1000 21 1.57225532251 0 0.52229224614 0.476692005598 1 3.342481 -0.124837402335 0.0381499253983
328.8 1000 21 1.57225354137 0 0.522277137142 0.47671739834 1 3.358446 -0.130474862804 -0.00334447453227
328.9 1000 21 1.57225204221 0 0.52226195399 0.476742897837 1 3.34703 -0.122683367011 -0.0444824801023
329 1000 21 1.57224978479 0 0.52224666096 0.476768740818 1 3.350536 -0.102268630195 -0.0810300430501
329.1 1000 21 1.57224772394 0 0.522231332971 0.476794508181 1 3.350858 -0.0713359968306 -0.109227737404
329.2 1000 21 1.5722457696 0 0.522215755976 0.476820534372 1 3.347235 -0.0330721687518 -0.12617603432
329.3 1000 21 1.57224375705 0 0.522199990176 0.476846702191 1 3.342456 0.00858253558718 -0.130134720628
329.4 1000 21 1.57224182341 0 0.522184079568 0.476872610657 1 3.334306 0.0493401925854 -0.120700451337
329.5 1000 21 1.5722393791 0 0.522168035208 0.476898048454 1 3.335689 0.085006584666 -0.0988491243747
329.6 1000 21 1.57223771216 0 0.522151735114 0.476923349921 1 3.333502 0.111913355169 -0.0668336731592
329.7 1000 21 1.57223576263 0 0.522135212809 0.476948184007 1 3.339269 0.12729453127 -0.0279526040453
329.8 1000 21 1.5722345685 0 0.522118479052 0.476972587276 1 3.344375 0.129571751801 0.0137905935146
329.9 1000 21 1.57223405062 0 0.522101544154 0.476996288685 1 3.346486 0.118515553186 0.0540994116944
330 1000 21 1.57223347276 0 0.522084424523 0.477019228226 1 3.335659 0.0952686392054 0.0888258196298
330.1 1000 21 1.57223345162 0 0.522067004019 0.477041638055 1 3.343497 0.0622281366134 0.114399087392
330.2 1000 21 1.57223334624 0 0.522049434413 0.477063154164 1 3.331414 0.0227979988542 0.128190869815
330.3 1000 21 1.57223368647 0 0.522031692998 0.477083765642 1 3.325711 -0.0189618537204 0.128787038276
330.4 1000 21 1.57223404296 0 0.522013675278 0.477103765742 1 3.333068 -0.0587529991743 0.116131936035
330.5 1000 21 1.57223497268 0 0.521995318245 0.477123413838 1 3.331565 -0.0924821135825 0.0915330887981
330.6 1000 21 1.5722359979 0 0.521976632607 0.477142501718 1 3.347441 -0.116681027204 0.057527137726
330.7 1000 21 1.5722375458 0 0.521957631028 0.477161326069 1 3.336185 -0.128863809259 0.0176173708722
330.8 1000 21 1.57223940828 0 0.521937988231 0.477181443811 1 3.34094 -0.127782432812 -0.0240869642787
330.9 1000 21 1.57224168441 0 0.521918107463 0.477200924545 1 3.339965 -0.113554220843 -0.0632937368378
331 1000 21 1.57224372423 0 0.521897512167 0.477222033877 1 3.353728 -0.0876494498402 -0.095969880714
331.1 1000 21 1.57224675058 0 0.521876560307 0.477243290641 1 3.335324 -0.0527392208463 -0.118756275587
331.2 1000 21 1.5722505274 0 0.52185493881 0.477266053849 1 3.339756 -0.01241984609 -0.129313250159
331.3 1000 21 1.57225482722 0 0.521832999292 0.47728871327 1 3.346618 0.0291572288874 -0.126560689775
331.4 1000 21 1.57225942806 0 0.521810792187 0.47731123789 1 3.345408 0.0677134421384 -0.110788304219
331.5 1000 21 1.57226445963 0 0.521788300373 0.477333614422 1 3.353225 0.0992834501321 -0.0836255313157
331.6 1000 21 1.57226978004 0 0.521765533627 0.477356020535 1 3.353204 0.120622208795 -0.0478734107429
331.7 1000 21 1.57227610114 0 0.521742508219 0.4773785043 1 3.344845 0.129539558192 -0.00721471165334
331.8 1000 21 1.57228266868 0 0.521719203986 0.477401101726 1 3.351622 0.125124629224 0.0341643378012
331.9 1000 21 1.57228956625 0 0.521695840648 0.477423262174 1 3.353238 0.107838856091 0.0720056763866
332 1000 21 1.57229740887 0 0.521672166956 0.477445962641 1 3.338772 0.0794678423299 0.102417747302
332.1 1000 21 1.57230534536 0 0.521648366907 0.477468714293 1 3.346317 0.0429372486999 0.122275450783
332.2 1000 21 1.57231388719 0 0.52162439541 0.477491559621 1 3.349804 0.00201012651773 0.129541767584
332.3 1000 21 1.5723233893 0 0.521600245158 0.47751455341 1 3.346722 -0.039099873491 0.123476118474
332.4 1000 21 1.57233336769 0 0.521575930874 0.477537801896 1 3.354548 -0.0761625350456 0.104710483296
332.5 1000 21 1.57234383562 0 0.52155159924 0.477561006832 1 3.350279 -0.105367064289 0.0751833704263
332.6 1000 21 1.57235471021 0 0.521527233747 0.477584153708 1 3.340918 -0.123713112592 0.0379393040722
332.7 1000 21 1.5723659078 0 0.521502868997 0.477607242476 1 3.350522 -0.129319762631 -0.00318501466316
332.8 1000 21 1.57237755864 0 0.521478498218 0.477630434264 1 3.34434 -0.121617976215 -0.0439555189496
332.9 1000 21 1.57238909113 0 0.521454109037 0.477653827663 1 3.348474 -0.101408596131 -0.0801774858738
333 1000 21 1.57240131412 0 0.521429736202 0.477677319975 1 3.34289 -0.0707790389059 -0.108126847783
333.1 1000 21 1.57241361409 0 0.521405462949 0.477700829634 1 3.350093 -0.0328877695645 -0.12493317496
333.2 1000 21 1.57242627286 0 0.521381225914 0.477724292763 1 3.345384 0.00836189516268 -0.128874483907
333.3 1000 21 1.57243893789 0 0.52135705079 0.477747713643 1 3.351489 0.0487232560924 -0.119553764382
333.4 1000 21 1.57245173954 0 0.521332983509 0.477771245374 1 3.343966 0.0840438517189 -0.0979389173827
333.5 1000 21 1.57246478998 0 0.521308965006 0.477794921879 1 3.340781 0.110692667337 -0.0662624776167
333.6 1000 21 1.57247773338 0 0.521285004737 0.477818719854 1 3.347922 0.125933626766 -0.0277908246633
333.7 1000 21 1.57249051211 0 0.521261224022 0.477842312518 1 3.347199 0.12820646065 0.013512629224
333.8 1000 21 1.57250274572 0 0.521237565359 0.47786602255 1 3.348187 0.117286518869 0.0533956756199
333.9 1000 21 1.57251537391 0 0.521213999796 0.477889586301 1 3.340751 0.0943067582202 0.0877556040405
334 1000 21 1.57252794739 0 0.521190522112 0.477912877126 1 3.348478 0.0616405655226 0.113060510409
334.1 1000 21 1.57254017684 0 0.521167142848 0.477936482291 1 3.342033 0.0226564984459 0.126713129386
334.2 1000 21 1.57255188983 0 0.52114388903 0.477960044804 1 3.347045 -0.0186290551319 0.127317164842
334.3 1000 21 1.57256363299 0 0.521120575871 0.477983756646 1 3.347594 -0.0579661943014 0.114820028138
334.4 1000 21 1.57257491998 0 0.521097451859 0.478007200315 1 3.340022 -0.0913078753353 0.09051773103
334.5 1000 21 1.57258580747 0 0.521074367824 0.478030621422 1 3.361472 -0.115227661361 0.0569202182502
334.6 1000 21 1.57259622301 0 0.521051322514 0.478053874261 1 3.348157 -0.127271028766 0.0174921316011
334.7 1000 21 1.57260631255 0 0.521028273964 0.478077242876 1 3.342109 -0.126207911905 -0.0237042100103
334.8 1000 21 1.57261583019 0 0.521005253969 0.47810074403 1 3.346134 -0.112158174415 -0.0624275996116
334.9 1000 21 1.5726250473 0 0.520982175884 0.478124177457 1 3.350782 -0.0865778127138 -0.0946949308031
335 1000 21 1.57263359041 0 0.520959076429 0.478147383272 1 3.347428 -0.0521087752899 -0.11719025089
335.1 1000 21 1.572641346 0 0.520935923966 0.478170493065 1 3.350745 -0.0123058752378 -0.127606277779
335.2 1000 21 1.5726486958 0 0.520912679643 0.47819368335 1 3.353835 0.0287297209905 -0.124880636732
335.3 1000 21 1.57265574704 0 0.5208893349 0.478216861701 1 3.351108 0.0667734525229 -0.109304839223
335.4 1000 21 1.57266139564 0 0.520865943204 0.478239781422 1 3.35135 0.0979118585391 -0.082492717166
335.5 1000 21 1.57266725313 0 0.520842286407 0.478262868714 1 3.352588 0.118945843284 -0.0472132916863
335.6 1000 21 1.57267249381 0 0.520818519531 0.478285813202 1 3.346788 0.127718605097 -0.007105235618
335.7 1000 21 1.57267725961 0 0.520794469411 0.478308976159 1 3.355553 0.123337469507 0.0336987812635
335.8 1000 21 1.57268128639 0 0.520770342525 0.478331854596 1 3.349313 0.106264692125 0.0709976479489
335.9 1000 21 1.5726846279 0 0.520745963855 0.478354635652 1 3.356333 0.0782685714018 0.10095488516
336 1000 21 1.57268739526 0 0.520721366331 0.478377379947 1 3.35703 0.0422407276681 0.120492699658
336.1 1000 21 1.57268915119 0 0.520696617249 0.478399877416 1 3.354423 0.00189735736412 0.127608803171
336.2 1000 21 1.57269088837 0 0.520671558271 0.478422570892 1 3.353946 -0.0386045553782 0.121581442756
336.3 1000 21 1.57269230085 0 0.520646184151 0.47844544999 1 3.357896 -0.0750949199594 0.103042716304
336.4 1000 21 1.57269287305 0 0.520620621776 0.478467900198 1 3.349963 -0.103820200081 0.073912334329
336.5 1000 21 1.57269274519 0 0.520594831137 0.478490147085 1 3.348764 -0.121829594641 0.0371990399918
336.6 1000 21 1.57269238497 0 0.520568745607 0.478512459489 1 3.352426 -0.127278321493 -0.00331014424236
336.7 1000 21 1.57269142719 0 0.520542438013 0.478534704516 1 3.350959 -0.119616515562 -0.0434405458272
336.8 1000 21 1.57269015246 0 0.520515806306 0.478556955218 1 3.352161 -0.0996448510723 -0.0790601873413
336.9 1000 21 1.57268832108 0 0.520488986023 0.478579093536 1 3.352362 -0.0694310962583 -0.106505043979
337 1000 21 1.57268605282 0 0.520461874849 0.478601110996 1 3.356799 -0.0320958427965 -0.122956190423
337.1 1000 21 1.57268319429 0 0.520434622903 0.478623015778 1 3.351975 0.00850945536913 -0.126729292825
337.2 1000 21 1.57267968591 0 0.520407093831 0.478644843288 1 3.351021 0.0481999995082 -0.11744712774
337.3 1000 21 1.57267610725 0 0.520379503635 0.478666383555 1 3.349906 0.0828887147049 -0.0960775126686
337.4 1000 21 1.57267218893 0 0.52035176221 0.478687689119 1 3.353257 0.10900718455 -0.0648323703225
337.5 1000 21 1.57266803474 0 0.520323923011 0.478708944936 1 3.347832 0.123872903711 -0.0269388712013
337.6 1000 21 1.57266360053 0 0.520296023003 0.478729798301 1 3.355263 0.125964767855 0.0136937197135
337.7 1000 21 1.5726588724 0 0.520268124721 0.478750667934 1 3.354876 0.115078748168 0.0528773556586
337.8 1000 21 1.57265419578 0 0.52024009484 0.478771487271 1 3.33914 0.0923478519744 0.0865767346723
337.9 1000 21 1.57264915424 0 0.520212127913 0.478791975863 1 3.32122 0.060124476862 0.11132521655
338 1000 21 1.57264435309 0 0.520184245676 0.478812514032 1 3.318244 0.0217368744956 0.12458111543
338.1 1000 21 1.57263941931 0 0.520156368426 0.478832804634 1 3.320291 -0.0188545743457 0.124988767277
338.2 1000 21 1.57263385091 0 0.520128460405 0.47885317084 1 3.319079 -0.0574655671757 0.112517591785
338.3 1000 21 1.5726286913 0 0.52010072784 0.478873688053 1 3.317839 -0.0901195714247 0.0884641075215
338.4 1000 21 1.57262347814 0 0.520072986918 0.478894762928 1 3.310395 -0.113457100608 0.055316920831
338.5 1000 21 1.57261798424 0 0.520045429215 0.47891600801 1 3.315017 -0.12508155779 0.0164995442832
338.6 1000 21 1.5726129293 0 0.520017906175 0.478937976079 1 3.313771 -0.123805194916 -0.023982965827
338.7 1000 21 1.57260769353 0 0.519990628799 0.478960362727 1 3.317932 -0.10977075685 -0.0619573793748
338.8 1000 21 1.57260256984 0 0.519963378899 0.47898344236 1 3.315913 -0.0844352724309 -0.0935122303945
338.9 1000 21 1.57259802627 0 0.519936415635 0.479006498721 1 3.311562 -0.0504195653684 -0.11540090134
339 1000 21 1.57259352271 0 0.51990979189 0.479029676816 1 3.318553 -0.0112367643375 -0.12537553994
339.1 1000 21 1.57258962084 0 0.519883436198 0.47905296955 1 3.308043 0.0290700905828 -0.122417897037
339.2 1000 21 1.57258607173 0 0.5198574734 0.479075943935 1 3.309642 0.0663454810872 -0.106843483902
339.3 1000 21 1.57258314127 0 0.519831893982 0.479099204885 1 3.308202 0.0967495602308 -0.0802682411468
339.4 1000 21 1.57258050082 0 0.5198067952 0.479122072407 1 3.309008 0.117153697588 -0.0454405120774
339.5 1000 21 1.57257841645 0 0.519782111293 0.479144545392 1 3.311457 0.125462568519 -0.0059571257923
339.6 1000 21 1.57257687967 0 0.519758076331 0.47916634667 1 3.304858 0.120829327806 0.0341074871849
339.7 1000 21 1.57257560549 0 0.519734725602 0.479187479173 1 3.313882 0.103742021215 0.0706226469256
339.8 1000 21 1.57257501998 0 0.519711901196 0.47920777441 1 3.310535 0.075971715109 0.0998264005843
339.9 1000 21 1.57257486752 0 0.519689669009 0.479227255265 1 3.309863 0.0403900031102 0.118713374349
340 1000 21 1.57257535992 0 0.519667995563 0.47924616595 1 3.321172 0.000671628909521 0.125344336895
340.1 1000 21 1.57257626514 0 0.519646925981 0.479264479683 1 3.310227 -0.0390849203592 0.119044696713
340.2 1000 21 1.57257738298 0 0.519626308961 0.479282084505 1 3.315294 -0.0747802737135 0.100473601558
340.3 1000 21 1.57257932289 0 0.519606191878 0.479299691001 1 3.308585 -0.102736815441 0.0715553672721
340.4 1000 21 1.5725818416 0 0.51958660444 0.479316929337 1 3.318412 -0.12007762723 0.0352796689203
340.5 1000 21 1.57258480608 0 0.519567225187 0.479334895882 1 3.308055 -0.125021923869 -0.0046079335371
340.6 1000 21 1.57258885936 0 0.519548227287 0.479352800189 1 3.317225 -0.117068809565 -0.0439915684216
340.7 1000 21 1.57259328125 0 0.519529406343 0.479371244757 1 3.317657 -0.0970472773867 -0.0788099894211
340.8 1000 21 1.57259854485 0 0.519510958333 0.479389696997 1 3.315359 -0.0670304265437 -0.105475876762
340.9 1000 21 1.57260401987 0 0.519492785427 0.479407889372 1 3.32432 -0.0301205988332 -0.121244507177
341 1000 21 1.57261110432 0 0.519474914114 0.479426148838 1 3.315658 0.00987108846404 -0.124497275253
341.1 1000 21 1.57261869181 0 0.51945725725 0.479444217596 1 3.310239 0.0488182217747 -0.114906406674
341.2 1000 21 1.57262760353 0 0.519439806129 0.479462450509 1 3.321436 0.0827048746189 -0.093469495166
341.3 1000 21 1.57263657308 0 0.519422403893 0.479480313694 1 3.319127 0.10803875704 -0.062404732216
341.4 1000 21 1.57264674305 0 0.519405207457 0.479498082438 1 3.313615 0.122212678088 -0.0249222827571
341.5 1000 21 1.57265694399 0 0.519388111344 0.479515689757 1 3.313863 0.123771262835 0.0151081154815
341.6 1000 21 1.57266897704 0 0.519370952306 0.479533344874 1 3.31414 0.112561365445 0.0535561192208
341.7 1000 21 1.57268174798 0 0.519353849483 0.479550695604 1 3.326265 0.0897465511452 0.0864569150679
341.8 1000 21 1.57269514796 0 0.519336749506 0.479567883034 1 3.345671 0.0576867425143 0.110420183441
341.9 1000 21 1.57270894274 0 0.51931943388 0.479584823719 1 3.337354 0.0196943096086 0.122978859807
342 1000 21 1.57272399354 0 0.519302038544 0.479601843444 1 3.329724 -0.0203089809999 0.122844303313
342.1 1000 21 1.57273974138 0 0.51928440525 0.479618956361 1 3.342303 -0.0581956299485 0.110037276866
342.2 1000 21 1.57275634432 0 0.519266587494 0.479635867591 1 3.333525 -0.0900586401943 0.0858850823551
342.3 1000 21 1.57277372498 0 0.519248533369 0.479652621011 1 3.33734 -0.112614666869 0.0528853315133
342.4 1000 21 1.57279173082 0 0.519230196034 0.479669317245 1 3.340109 -0.123541484848 0.014446308655
342.5 1000 21 1.57281017189 0 0.519211488954 0.479686095186 1 3.344819 -0.121717469309 -0.0254640463581
342.6 1000 21 1.57282981986 0 0.519192426382 0.479702750703 1 3.343206 -0.107337706871 -0.0627280032977
342.7 1000 21 1.57284983556 0 0.519172958377 0.479719303924 1 3.356103 -0.0818913014497 -0.0935031128254
342.8 1000 21 1.57287072328 0 0.519153147803 0.479735799207 1 3.351956 -0.0480081432853 -0.114617629128
342.9 1000 21 1.57289162293 0 0.519132944387 0.479752003399 1 3.361976 -0.00918744840082 -0.12389775603
343 1000 21 1.57291382472 0 0.519112375416 0.479768235782 1 3.3566 0.0305639676522 -0.12039175849
343.1 1000 21 1.57293631118 0 0.519091362016 0.479784294499 1 3.355785 0.0671450240057 -0.104467029465
343.2 1000 21 1.57295950455 0 0.519069979768 0.479800254199 1 3.348296 0.0967836647576 -0.0777714012828
343.3 1000 21 1.57298320117 0 0.519048058427 0.479816220857 1 3.352158 0.11642538296 -0.0430633679566
343.4 1000 21 1.57300738086 0 0.519025792575 0.479832136033 1 3.35159 0.124047760279 -0.00392620352705
343.5 1000 21 1.57303093349 0 0.519003106751 0.479847789692 1 3.354367 0.11886925249 0.0356004735643
343.6 1000 21 1.57305576095 0 0.518979931754 0.479863687298 1 3.349019 0.101429627011 0.0714393592077
343.7 1000 21 1.57308030299 0 0.518956366172 0.479879421008 1 3.350086 0.0735322316744 0.0998946829801
343.8 1000 21 1.57310595465 0 0.51893249928 0.479895105949 1 3.350309 0.0380586089667 0.118033957879
343.9 1000 21 1.57313176477 0 0.518908278537 0.479910675139 1 3.345712 -0.00132875249927 0.123989837311
344 1000 21 1.5731574734 0 0.518883709146 0.479926326553 1 3.346565 -0.0405656630575 0.117151778579
344.1 1000 21 1.57318383768 0 0.518858801633 0.479941899758 1 3.35382 -0.0756048359431 0.0982300460308
344.2 1000 21 1.57321064772 0 0.518833651503 0.479957476272 1 3.346063 -0.102833136721 0.0691800530246
344.3 1000 21 1.5732359627 0 0.518808207584 0.47997267754 1 3.352129 -0.11944312361 0.0330019997169
344.4 1000 21 1.57326147436 0 0.518782666243 0.4799878502 1 3.354154 -0.123725530738 -0.00656972287429
344.5 1000 21 1.57328821013 0 0.518756935076 0.480003215085 1 3.34603 -0.115243189677 -0.0454524539687
344.6 1000 21 1.57331404099 0 0.518731169677 0.480018352792 1 3.345337 -0.0948736185562 -0.0796348983298
344.7 1000 21 1.57333992346 0 0.518705363483 0.480033298014 1 3.357533 -0.064721812553 -0.105592570121
344.8 1000 21 1.57336617091 0 0.518679427565 0.48004836366 1 3.348309 -0.0279008495933 -0.120649972549
344.9 1000 21 1.5733917613 0 0.518653538415 0.480063345193 1 3.353148 0.0117892464807 -0.123256024394
345 1000 21 1.57341737426 0 0.518627641438 0.480078336591 1 3.355643 0.0502535093313 -0.113146118576
345.1 1000 21 1.57344260958 0 0.518601845881 0.480093174363 1 3.35151 0.083524417483 -0.0913660887234
345.2 1000 21 1.57346746805 0 0.518576183788 0.480107946679 1 3.358039 0.108171547906 -0.0601651307293
345.3 1000 21 1.57349232651 0 0.518550686414 0.48012271535 1 3.350031 0.121653881251 -0.0227637023855
345.4 1000 21 1.57351721145 0 0.518525367564 0.480137583424 1 3.359944 0.122583078064 0.0169786221799
345.5 1000 21 1.57354135159 0 0.518500298128 0.480152309095 1 3.348384 0.110866350592 0.0549618428954
345.6 1000 21 1.57356530708 0 0.518475554786 0.480166939196 1 3.349443 0.087714363957 0.0872683046173
345.7 1000 21 1.5735884777 0 0.518451091823 0.48018157493 1 3.349126 0.0555174287501 0.110566074254
345.8 1000 21 1.57361116286 0 0.518426939638 0.480196334757 1 3.36062 0.0175984908521 0.122453673052
345.9 1000 21 1.57363345415 0 0.518403144901 0.480210958394 1 3.351079 -0.0221298249085 0.121707476405
346 1000 21 1.57365489937 0 0.51837976445 0.480225463796 1 3.355431 -0.0595695771863 0.108406357945
346.1 1000 21 1.57367593684 0 0.518356767597 0.480240022344 1 3.344278 -0.0908592480044 0.0839238737283
346.2 1000 21 1.57369613348 0 0.518334265749 0.480254453199 1 3.353406 -0.112772308737 0.0507870958107
346.3 1000 21 1.57371603709 0 0.518312138863 0.480269019236 1 3.368957 -0.123049882381 0.0124150730788
346.4 1000 21 1.57373496444 0 0.518290416999 0.480283595112 1 3.352886 -0.120633309176 -0.0272336054559
346.5 1000 21 1.57375357974 0 0.518269193394 0.480298123453 1 3.344872 -0.105772983952 -0.064069326799
346.6 1000 21 1.5737714971 0 0.518248459714 0.480312646438 1 3.35619 -0.0800026354305 -0.0942924443187
346.7 1000 21 1.57378796359 0 0.51822815091 0.480327041685 1 3.349712 -0.0459831597682 -0.114787547591
346.8 1000 21 1.57380487334 0 0.518208308138 0.480341607604 1 3.349219 -0.00722248285781 -0.12344133732
346.9 1000 21 1.57382080382 0 0.518188898158 0.48035613078 1 3.351723 0.0322812214746 -0.1193625212
347 1000 21 1.57383583766 0 0.51816992889 0.480370563726 1 3.350765 0.0684534396632 -0.102971781202
347.1 1000 21 1.57385069216 0 0.518151467236 0.480384984124 1 3.350455 0.097564309546 -0.0759609969249
347.2 1000 21 1.57386590675 0 0.518133497235 0.480399545306 1 3.355299 0.116612205483 -0.0411159073445
347.3 1000 21 1.57388018111 0 0.518115945419 0.480413943179 1 3.355399 0.123631738431 -0.00203039723506
347.4 1000 21 1.57389403683 0 0.518098826763 0.480428227979 1 3.346474 0.117900004218 0.037264294993
347.5 1000 21 1.5739063826 0 0.51808201609 0.480442379724 1 3.353975 0.100008818776 0.0727152177666
347.6 1000 21 1.57391913641 0 0.518065636526 0.480456494036 1 3.353354 0.0718033910119 0.100667303026
347.7 1000 21 1.5739321863 0 0.518049648327 0.48047064736 1 3.348025 0.0361922406345 0.11823829751
347.8 1000 21 1.57394549136 0 0.518034018096 0.480484788475 1 3.348049 -0.00315229628595 0.123615943734
347.9 1000 21 1.5739582049 0 0.518018689238 0.480498829584 1 3.350264 -0.0421730915669 0.116246387286
348 1000 21 1.57396981005 0 0.51800364519 0.480512604649 1 3.344378 -0.0768466680104 0.0968887506787
348.1 1000 21 1.57398199887 0 0.517988826864 0.480526446871 1 3.352805 -0.103597606237 0.0675383866387
348.2 1000 21 1.5739927282 0 0.517974170645 0.480540202225 1 3.362504 -0.119667331641 0.0312225543414
348.3 1000 21 1.57400376468 0 0.517959711001 0.480554036168 1 3.345923 -0.123399127306 -0.0083155084278
348.4 1000 21 1.5740148639 0 0.517945344197 0.480567952052 1 3.346259 -0.114407048711 -0.0469989938756
348.5 1000 21 1.57402530479 0 0.517931165902 0.480581580443 1 3.346127 -0.0936181435562 -0.0808394001691
348.6 1000 21 1.57403668628 0 0.517917171267 0.480595213528 1 3.346805 -0.0631750343065 -0.106348313234
348.7 1000 21 1.57404750024 0 0.517903252384 0.480608624273 1 3.355365 -0.0262155737423 -0.120894424255
348.8 1000 21 1.57405746442 0 0.517889279383 0.480622015968 1 3.352654 0.0134497262378 -0.122977492051
348.9 1000 21 1.57406832345 0 0.517875327885 0.480635813133 1 3.350243 0.0517325377819 -0.112383076303
349 1000 21 1.57407818716 0 0.51786131727 0.480649926612 1 3.361097 0.0846861249832 -0.0902019851739
349.1 1000 21 1.5740885296 0 0.517847241083 0.48066416732 1 3.377662 0.108913476555 -0.0587201507149
349.2 1000 21 1.57409947137 0 0.51783299069 0.480678917096 1 3.354323 0.121916366701 -0.0211813062519
349.3 1000 21 1.57410996698 0 0.517818684389 0.48069368273 1 3.35316 0.122354165906 0.0185450594602
349.4 1000 21 1.57412044369 0 0.517804353099 0.480708374074 1 3.35406 0.110180298816 0.0563650643658
349.5 1000 21 1.57413124184 0 0.517789749604 0.480723448148 1 3.349787 0.0866483680258 0.0883798153902
349.6 1000 21 1.57414208966 0 0.517775043277 0.480738276206 1 3.341293 0.0541829049781 0.111289489421
349.7 1000 21 1.57415353124 0 0.517760351753 0.48075282454 1 3.336595 0.0161289445297 0.122732600957
349.8 1000 21 1.57416368916 0 0.51774553989 0.480767063041 1 3.339641 -0.023591796534 0.12152870939
349.9 1000 21 1.57417560889 0 0.517730776196 0.480780659913 1 3.336623 -0.0608867367605 0.107800150634
350 1000 21 1.57418770163 0 0.517715938169 0.480793693073 1 3.334116 -0.0919118933748 0.0829608063347
350.1 1000 21 1.5741989624 0 0.517701202935 0.480806035271 1 3.358474 -0.113470156203 0.0495697127055
350.2 1000 21 1.57421123602 0 0.51768639527 0.480817597986 1 3.339425 -0.123338795772 0.011066521662
350.3 1000 21 1.57422359076 0 0.517671739819 0.480828240356 1 3.33946 -0.120500126507 -0.0285820901547
350.4 1000 21 1.57423725274 0 0.517656985639 0.480838497699 1 3.347635 -0.105245181778 -0.0652908119694
350.5 1000 21 1.57425122099 0 0.517642235258 0.480848025021 1 3.358205 -0.0791442663612 -0.0952765345545
350.6 1000 21 1.57426429431 0 0.517627708502 0.480856755765 1 3.343906 -0.044886846791 -0.115450332492
350.7 1000 21 1.5742772895 0 0.517613046814 0.480865691321 1 3.352775 -0.00600078953946 -0.12373226515
350.8 1000 21 1.57429096197 0 0.517598207272 0.480875297845 1 3.35432 0.0335076454781 -0.119268637645
350.9 1000 21 1.57430426796 0 0.5175833409 0.480885132907 1 3.342604 0.0695688963311 -0.102518212245
351 1000 21 1.57431768623 0 0.517568045537 0.480896976875 1 3.350109 0.0984679780294 -0.0752060118873
351.1 1000 21 1.5743307083 0 0.517552591794 0.480909822853 1 3.356707 0.117227470888 -0.0401438178276
351.2 1000 21 1.57434423664 0 0.51753708895 0.48092281819 1 3.34593 0.12391441399 -0.000943396377197
351.3 1000 21 1.57435829886 0 0.517521657923 0.480935538057 1 3.350498 0.117838862464 0.0383583056754
351.4 1000 21 1.5743730195 0 0.517506173429 0.480948412579 1 3.345694 0.0996263057704 0.0737126748298
351.5 1000 21 1.57438766592 0 0.51749080682 0.480961169089 1 3.340968 0.0711518543763 0.101478494905
351.6 1000 21 1.57440248015 0 0.517475420037 0.480974138929 1 3.351688 0.0353478547592 0.118795862749
351.7 1000 21 1.57441741538 0 0.517460225511 0.48098689931 1 3.342839 -0.0040990680135 0.123880943066
351.8 1000 21 1.57443191747 0 0.517445180303 0.480999574216 1 3.351478 -0.0431267802401 0.116209402828
351.9 1000 21 1.57444712663 0 0.517430257495 0.481012181741 1 3.344481 -0.0777158772272 0.0965711239804
352 1000 21 1.57446269516 0 0.517415453739 0.481024600112 1 3.357587 -0.104304551163 0.0669875712416
352.1 1000 21 1.5744780879 0 0.517400879251 0.481036953409 1 3.347628 -0.120154706509 0.0305050990271
352.2 1000 21 1.57449340414 0 0.517386415807 0.481049276226 1 3.35545 -0.123634143212 -0.00911949714286
352.3 1000 21 1.57450892585 0 0.517372158819 0.481061421343 1 3.346766 -0.114384279994 -0.0478067366064
352.4 1000 21 1.57452460659 0 0.517358124179 0.481073492372 1 3.354825 -0.0933581344834 -0.0815732956846
352.5 1000 21 1.57454035155 0 0.51734434043 0.481085232641 1 3.349726 -0.0627193684637 -0.106942480294
352.6 1000 21 1.57455508158 0 0.517330808281 0.481096821299 1 3.35999 -0.0256233540467 -0.12130244986
352.7 1000 21 1.57457028715 0 0.517317427739 0.481108340822 1 3.349617 0.014110716867 -0.123174610342
352.8 1000 21 1.57458610562 0 0.517304091921 0.481119627213 1 3.354672 0.05239184451 -0.112366571771
352.9 1000 21 1.57460039606 0 0.517291164685 0.481130733408 1 3.352581 0.0852799442874 -0.0899918160187
353 1000 21 1.57461579438 0 0.517278308135 0.481141735038 1 3.34535 0.109388585744 -0.0583533652982
353.1 1000 21 1.57462970376 0 0.517265713571 0.481152475691 1 3.357189 0.122236787885 -0.0207094412899
353.2 1000 21 1.57464419166 0 0.517253312446 0.48116314849 1 3.416772 0.122502572647 0.0190650558102
353.3 1000 21 1.57465827396 0 0.517241070032 0.481173679802 1 3.475298 0.11015910027 0.0568756453713
353.4 1000 21 1.57467158557 0 0.517228962212 0.481183943464 1 3.431673 0.0864775159778 0.0888304083795
353.5 1000 21 1.57468446148 0 0.51721701242 0.481194182438 1 3.428147 0.0538967875585 0.111640613602
353.6 1000 21 1.57469743212 0 0.517205114765 0.481204259657 1 3.421339 0.0157706120735 0.122958753266
353.7 1000 21 1.57471071165 0 0.51719318612 0.481214021476 1 3.430167 -0.0239756016384 0.121620765328
353.8 1000 21 1.57472269392 0 0.517181447061 0.48122373518 1 3.427677 -0.0612512251947 0.107766322886
353.9 1000 21 1.57473443143 0 0.517169780758 0.481233284095 1 3.428582 -0.0922198695896 0.0828220391065
354 1000 21 1.57474564491 0 0.517158065099 0.481242684547 1 3.432467 -0.113694556288 0.0493563899685
354.1 1000 21 1.57475584373 0 0.517146448078 0.48125201324 1 3.420893 -0.123466685101 0.0108150848255
354.2 1000 21 1.5747656236 0 0.517134805495 0.481261146784 1 3.423731 -0.1205317434 -0.0288348845811
354.3 1000 21 1.57477441461 0 0.517123079211 0.481270193222 1 3.456591 -0.105193379708 -0.0655128835697
354.4 1000 21 1.57478288049 0 0.517111226195 0.481279168821 1 3.447354 -0.0790319320042 -0.0954443028263
354.5 1000 21 1.57479082115 0 0.517099280522 0.48128794242 1 3.433458 -0.044741060543 -0.115550046566
354.6 1000 21 1.5747984914 0 0.517087195208 0.48129662212 1 3.470517 -0.00585163491638 -0.123762667126
354.7 1000 21 1.57480461518 0 0.517074993698 0.481305226342 1 3.459322 0.0336345605773 -0.119238673323
354.8 1000 21 1.57480968316 0 0.517062472964 0.48131359311 1 3.451821 0.0696532677946 -0.102445090294
354.9 1000 21 1.574813999 0 0.517049816415 0.481322103099 1 3.434154 0.0984984344928 -0.0751136994622
355 1000 21 1.57481669672 0 0.517036879298 0.48133037869 1 3.441024 0.117203129412 -0.0400573817762
355.1 1000 21 1.57481951418 0 0.51702369354 0.481338752679 1 3.429959 0.123844697921 -0.000886511169904
355.2 1000 21 1.57482092563 0 0.517010173863 0.481346918532 1 3.437009 0.117741766113 0.0383678659798
355.3 1000 21 1.57482142478 0 0.516996425432 0.481355250504 1 3.425982 0.0995258375201 0.0736662520523
355.4 1000 21 1.57482074023 0 0.516982330955 0.481363623064 1 3.434063 0.0710735642182 0.101377671229
355.5 1000 21 1.57481930902 0 0.516967905219 0.481371913797 1 3.420304 0.0353146833034 0.118652259043
355.6 1000 21 1.57481659393 0 0.516953147287 0.48138016232 1 3.408477 -0.00406986214497 0.123714809048
355.7 1000 21 1.57481307535 0 0.516937978768 0.481388459098 1 3.385987 -0.0430258805332 0.11604741107
355.8 1000 21 1.57480748625 0 0.516922393493 0.481396662745 1 3.412102 -0.0775455289668 0.096441705874
355.9 1000 21 1.57480178369 0 0.51690646269 0.481404977284 1 3.395071 -0.104077804087 0.0669188650046
356 1000 21 1.57479437401 0 0.51689015508 0.481413200011 1 3.399501 -0.119894910193 0.0305187650115
356.1 1000 21 1.57478585399 0 0.516873425776 0.481421689014 1 3.398097 -0.123372595368 -0.00901069165233
356.2 1000 21 1.57477644673 0 0.516856324843 0.481430162579 1 3.385315 -0.114156087101 -0.0476020934858
356.3 1000 21 1.57476527681 0 0.516838880148 0.481438442065 1 3.400566 -0.0931972551488 -0.0812849543512
356.4 1000 21 1.57475417393 0 0.51682093589 0.481447087009 1 3.487303 -0.0626572130876 -0.106594352522
356.5 1000 21 1.57474119927 0 0.516802656259 0.48145570478 1 3.458939 -0.0256800376822 -0.120929386972
356.6 1000 21 1.5747261575 0 0.516784133256 0.48146462431 1 3.463471 0.0139269513051 -0.122819076029
356.7 1000 21 1.57471033583 0 0.51676521859 0.481473472404 1 3.4508 0.0520881633784 -0.112072324697
356.8 1000 21 1.57469327963 0 0.516746010305 0.48148237838 1 3.408698 0.0848777656009 -0.0897992597083
356.9 1000 21 1.57467472128 0 0.516726552445 0.481491589795 1 3.398026 0.108924175886 -0.0582957273905
357 1000 21 1.57465517462 0 0.516706768562 0.481500587308 1 3.394488 0.121755687288 -0.0208055490516
357.1 1000 21 1.57463465121 0 0.516686678103 0.481509835584 1 3.382852 0.122056392798 0.0188111514146
357.2 1000 21 1.57461284906 0 0.516666350163 0.481518985553 1 3.344554 0.10979979025 0.0564776944502
357.3 1000 21 1.57458942625 0 0.516645883442 0.481528265111 1 3.345642 0.0862519600884 0.088319508325
357.4 1000 21 1.574565168 0 0.516625151952 0.481537909403 1 3.341853 0.0538402195984 0.111062282434
357.5 1000 21 1.57453941583 0 0.516604333616 0.481547598529 1 3.347678 0.0159023410549 0.122369923134
357.6 1000 21 1.5745124098 0 0.516583435443 0.481557352692 1 3.344602 -0.0236558759347 0.121083825018
357.7 1000 21 1.57448485523 0 0.516562437457 0.481567177069 1 3.340935 -0.0607635616243 0.107341124785
357.8 1000 21 1.57445559461 0 0.516541433478 0.481577085638 1 3.352448 -0.0916038279926 0.0825613205604
357.9 1000 21 1.57442597076 0 0.516520432218 0.481587157078 1 3.340831 -0.113006518116 0.0492986151024
358 1000 21 1.57439488117 0 0.516499426693 0.48159736267 1 3.353173 -0.122773540421 0.0109789519749
358.1 1000 21 1.57436324824 0 0.516478481786 0.481607727289 1 3.342732 -0.119905051082 -0.0284527674626
358.2 1000 21 1.57433033962 0 0.51645768003 0.481618200097 1 3.350626 -0.104701757878 -0.0649390075386
358.3 1000 21 1.57429690867 0 0.516436949354 0.481628843443 1 3.344804 -0.0787340689785 -0.0947265872591
358.4 1000 21 1.57426257 0 0.516416353575 0.481639706403 1 3.350541 -0.0446786957186 -0.114754258065
358.5 1000 21 1.57422791126 0 0.516395998719 0.481650457943 1 3.340879 -0.00604310497215 -0.122965801569
358.6 1000 21 1.57419280581 0 0.51637596059 0.481661207719 1 3.346717 0.033195093524 -0.118522179838
358.7 1000 21 1.57415657146 0 0.516356106641 0.481672024912 1 3.343675 0.0689981906658 -0.101886165156
358.8 1000 21 1.57411982285 0 0.516336551797 0.481683109415 1 3.344373 0.0976837855745 -0.0747764464544
358.9 1000 21 1.57408236683 0 0.51631728289 0.481694312573 1 3.341098 0.11630397235 -0.0399869422523
359 1000 21 1.57404380626 0 0.516298324384 0.481705429295 1 3.352735 0.122947682436 -0.00110144973987
359.1 1000 21 1.57400535522 0 0.51627954488 0.48171808525 1 3.336565 0.116937767291 0.0378764606779
359.2 1000 21 1.5739658052 0 0.516261034621 0.481731159593 1 3.342174 0.0988986111758 0.0729360585587
359.3 1000 21 1.57392711477 0 0.516242481312 0.481746592929 1 3.34202 0.0706938406027 0.100471565751
359.4 1000 21 1.57388762441 0 0.516223952967 0.481764616603 1 3.329484 0.0352306617597 0.117653935396
359.5 1000 21 1.57384701246 0 0.516205852827 0.481782572587 1 3.336059 -0.00383788340031 0.122720507484
359.6 1000 21 1.57380709358 0 0.516188059209 0.481801229688 1 3.338005 -0.042489891862 0.11515618404
359.7 1000 21 1.57376726439 0 0.516170400607 0.481821815226 1 3.332759 -0.0767475787809 0.0957464653447
359.8 1000 21 1.57372758748 0 0.516153205302 0.481842214342 1 3.339051 -0.103087796038 0.0664953134596
359.9 1000 21 1.57368746768 0 0.516136342744 0.481863151433 1 3.347042 -0.11880451866 0.0304187144104
360 1000 21 1.57364765544 0 0.516120005722 0.481883678235 1 3.331419 -0.122286248774 -0.00876749954248
360.1 1000 21 1.5736082713 0 0.516104205208 0.481903862515 1 3.340207 -0.113181478843 -0.047028162156
360.2 1000 21 1.57356868748 0 0.516088927563 0.481923438331 1 3.359553 -0.0924344473522 -0.0804263180816
360.3 1000 21 1.5735285177 0 0.516074190842 0.481942510512 1 3.340078 -0.0621871883895 -0.105527556748
360.4 1000 21 1.57348912292 0 0.516060024622 0.481960715784 1 3.340605 -0.0255579330646 -0.119753138244
360.5 1000 21 1.57344941821 0 0.516046527074 0.481977952636 1 3.34392 0.0136794729042 -0.121645345476
360.6 1000 21 1.57341152206 0 0.516033563483 0.481994266761 1 3.341121 0.051485065373 -0.11101626912
360.7 1000 21 1.57337274363 0 0.51602109449 0.482009603436 1 3.334425 0.083968238702 -0.0889673676094
360.8 1000 21 1.57333447687 0 0.516009204273 0.482023852167 1 3.350319 0.107788686072 -0.0577749827184
360.9 1000 21 1.57329638832 0 0.515997744596 0.482037354678 1 3.340073 0.120499670588 -0.0206557034016
361 1000 21 1.57325830081 0 0.515986619347 0.482050488457 1 3.357056 0.120799803937 0.0185660086278
361.1 1000 21 1.5732210599 0 0.515975767745 0.482063528035 1 3.333828 0.108665599383 0.055852305429
361.2 1000 21 1.57318260171 0 0.515965201616 0.48207662018 1 3.338488 0.0853538898634 0.0873661183387
361.3 1000 21 1.57314613522 0 0.515954670314 0.48209016084 1 3.337305 0.0532710813154 0.109866603871
361.4 1000 21 1.57311108926 0 0.515944280359 0.482103697431 1 3.34091 0.0157253329393 0.121043428526
361.5 1000 21 1.57307561496 0 0.515934022645 0.482117340906 1 3.344986 -0.0234153338049 0.119753165219
361.6 1000 21 1.57304089946 0 0.515923791844 0.482131196782 1 3.345166 -0.0601201800121 0.106136450351
361.7 1000 21 1.57300702638 0 0.515913685285 0.48214493508 1 3.341378 -0.0906127725336 0.0816026782087
361.8 1000 21 1.57297394077 0 0.515903683771 0.482158545938 1 3.345674 -0.111758023432 0.0486839475816
361.9 1000 21 1.57294134549 0 0.515893648166 0.482172284478 1 3.340055 -0.121384474669 0.0107748084276
362 1000 21 1.57290932614 0 0.515883615172 0.482186180238 1 3.350258 -0.118508708354 -0.0282190981438
362.1 1000 21 1.57287804716 0 0.515873568519 0.48219990008 1 3.336462 -0.103434356036 -0.0642828981595
362.2 1000 21 1.57284736012 0 0.515863511501 0.48221353769 1 3.344511 -0.0777208325693 -0.0937057198948
362.3 1000 21 1.57281697898 0 0.515853287727 0.482226952475 1 3.349627 -0.0440223004428 -0.113461874929
362.4 1000 21 1.57278781233 0 0.51584300188 0.482240596708 1 3.337899 -0.00581346796111 -0.121524196592
362.5 1000 21 1.57275903189 0 0.515832578946 0.482253881079 1 3.345167 0.0329695835778 -0.117069405094
362.6 1000 21 1.57273102157 0 0.515822050277 0.482267176942 1 3.343987 0.0683329294104 -0.100564583531
362.7 1000 21 1.57270407582 0 0.515811372485 0.482280550111 1 3.33564 0.0966380818219 -0.0737164146463
362.8 1000 21 1.57267632738 0 0.515800520555 0.482293688233 1 3.345151 0.114975255013 -0.0392957903804
362.9 1000 21 1.57264948761 0 0.515789551784 0.482306634721 1 3.343824 0.121462730212 -0.000851179599585
363 1000 21 1.57262457399 0 0.51577836045 0.482319682937 1 3.341166 0.11544001665 0.0376564531359
363.1 1000 21 1.57260032152 0 0.515766977954 0.482332483168 1 3.341342 0.0975349633757 0.0722621079365
363.2 1000 21 1.57257708719 0 0.515755375421 0.482345277991 1 3.343694 0.0695989229314 0.0994050931905
363.3 1000 21 1.57255370474 0 0.515743608476 0.482357752759 1 3.347779 0.0345140201918 0.116295665227
363.4 1000 21 1.57253132494 0 0.515731646271 0.482370207193 1 3.334814 -0.00410217359409 0.121200797607
363.5 1000 21 1.57250940289 0 0.51571945649 0.482382750296 1 3.338052 -0.0422712867823 0.113623344114
363.6 1000 21 1.57248737502 0 0.515707141134 0.482395029657 1 3.347464 -0.0760639468711 0.0943505981225
363.7 1000 21 1.57246645898 0 0.515694600556 0.482407105977 1 3.334758 -0.102002560537 0.0653748127589
363.8 1000 21 1.57244530116 0 0.515681905207 0.482418876365 1 3.345615 -0.117421303966 0.0296857387854
363.9 1000 21 1.57242501649 0 0.51566896779 0.482430851052 1 3.356449 -0.120739459955 -0.00903722562803
364 1000 21 1.57240571743 0 0.515655933652 0.482442521389 1 3.343976 -0.111622625285 -0.0468053126882
