# SIAM excitation evolution, spin-symmetric FBR
# n0(t=0)=1  E_gs(ref)=-158.222021525
# t  n_active  bond_dim  wall_s  n0  energy
0 24 28 0.297887 1 -1000
0.1 22 17 0.786761 0.559803323853 -0.0528734260242
0.2 20 15 0.947806 0.55978832614 -0.0529129797387
0.3 18 14 0.900869 0.559763348895 -0.0529919275805
0.4 16 14 0.870886 0.559728437946 -0.0530147059809
0.5 16 14 0.667694 0.559683636739 -0.0532015664501
0.6 16 14 0.67176 0.559629009916 -0.05323985714
0.7 16 14 0.70394 0.559564634609 -0.0535194894642
0.8 16 14 0.708243 0.559490601319 -0.0535742770151
0.9 16 14 0.705894 0.559407013108 -0.0539451106108
1 16 14 0.704171 0.559313985523 -0.0540175267209
1.1 16 14 0.707042 0.559211645629 -0.0544771737953
1.2 16 14 0.708779 0.559100131855 -0.0545685816134
1.3 16 14 0.699517 0.558979592964 -0.0551138829866
1.4 16 14 0.703135 0.558850187777 -0.0552256690837
1.5 16 14 0.696101 0.558712084089 -0.0558526333714
1.6 16 14 0.66574 0.558565458315 -0.0559861764403
1.7 16 14 0.668435 0.558410494383 -0.0566899424366
1.8 16 14 0.668973 0.558247383258 -0.0568466206632
1.9 16 14 0.679908 0.558076321874 -0.0576214216683
2 16 14 0.675968 0.5578975126 -0.0578027145486
2.1 16 14 0.679094 0.557711162201 -0.0586419777674
2.2 16 14 0.679136 0.557517481231 -0.0588494980067
2.3 16 14 0.677596 0.557316683037 -0.0597458267613
2.4 16 14 0.6749 0.557108983169 -0.0599814260997
2.5 16 14 0.674216 0.556894598407 -0.0609266924526
2.6 16 14 0.679807 0.556673746194 -0.0611925179226
2.7 16 14 0.673602 0.556446643724 -0.0621779693703
2.8 16 14 0.674633 0.556213507403 -0.0624764348086
2.9 16 14 0.673752 0.555974552017 -0.0634928164039
3 16 14 0.674094 0.555729990234 -0.0638264560504
3.1 16 14 0.675653 0.555480031847 -0.0648641387005
3.2 16 14 0.679214 0.555224883359 -0.0652353196736
3.3 16 14 0.67681 0.554964747304 -0.0662844276451
3.4 16 14 0.674511 0.554699821893 -0.0666949387712
3.5 16 14 0.673526 0.554430300451 -0.0677454666534
3.6 16 14 0.67891 0.554156371123 -0.0681960401881
3.7 20 14 0.681481 0.553878216421 -0.0692437448425
3.8 20 14 0.893218 0.553596012871 -0.0700072943262
3.9 20 14 0.885347 0.553309932133 -0.0707655370675
4 18 14 0.894287 0.553020137121 -0.071516440166
4.1 18 14 0.870361 0.552726785434 -0.0720754341254
4.2 18 14 0.683388 0.552430024564 -0.0730274559842
4.3 18 14 0.683812 0.552130000878 -0.0736386186704
4.4 18 14 0.687364 0.551826851503 -0.0745243825496
4.5 16 14 0.706196 0.551520706504 -0.075178927958
4.6 16 14 0.895895 0.551216398587 -0.075955134156
4.7 16 14 0.886059 0.550904853124 -0.0766842126354
4.8 16 14 0.89237 0.550590673981 -0.077399922767
4.9 16 14 0.893023 0.550273963578 -0.0781003618543
5 16 14 0.895849 0.54995481668 -0.0787836861295
5.1 16 14 0.898642 0.549633321862 -0.079448126017
5.2 16 14 0.894042 0.549309561739 -0.0800919993992
5.3 16 14 0.902003 0.548983613225 -0.0807137235963
5.4 16 14 0.885393 0.548655547717 -0.0813118227017
5.5 16 14 0.898513 0.54832543141 -0.0818849357736
5.6 16 14 0.901808 0.547993325764 -0.0824318226792
5.7 16 14 0.853135 0.547659287259 -0.0829513689778
5.8 16 14 0.871559 0.547323367998 -0.08344258973
5.9 16 14 0.85711 0.546985616447 -0.0839046308106
6 16 14 0.860179 0.546646077158 -0.0843367715914
6.1 16 14 0.859156 0.546304791234 -0.0847384255728
6.2 16 14 0.888359 0.545961796644 -0.0851091390163
6.3 16 14 0.890412 0.545617128888 -0.0854485903645
6.4 16 14 0.892292 0.545270820232 -0.0857565912367
6.5 16 14 0.883832 0.54492290101 -0.086033082862
6.6 16 14 0.888014 0.544573399936 -0.0862781261718
6.7 16 14 0.892375 0.544222343408 -0.0864919057784
6.8 16 14 0.869353 0.543869756739 -0.0866747234485
6.9 16 14 0.85275 0.543515664212 -0.0868269957804
7 18 14 0.848857 0.543160089128 -0.086949245643
7.1 18 14 0.68577 0.54280271588 -0.0870960873969
7.2 18 14 0.685743 0.542443907441 -0.0871089528523
7.3 20 13 0.692156 0.542083685727 -0.0872008207014
7.4 20 14 0.881815 0.541722072792 -0.0871563516103
7.5 20 15 0.883861 0.541359091124 -0.0870817137619
7.6 20 15 0.699462 0.540994762941 -0.0869785388844
7.7 20 15 0.896891 0.540629111307 -0.0868486691676
7.8 20 15 0.727463 0.540262159126 -0.0866938798862
7.9 20 15 0.730029 0.539893930646 -0.0865162945557
8 20 15 0.728671 0.539524450704 -0.0863177763598
8.1 20 16 0.72933 0.539153744895 -0.0861005977919
8.2 20 15 0.927528 0.538781843684 -0.0858669127493
8.3 20 15 0.940298 0.538408775989 -0.0856188755244
8.4 20 15 0.712186 0.538034555014 -0.0853584721333
8.5 20 15 0.709573 0.53765921945 -0.0850884203519
8.6 20 15 0.700018 0.537282799123 -0.0848105087659
8.7 20 15 0.887144 0.53690532594 -0.0845274933245
8.8 20 15 0.884179 0.536526853576 -0.0842413273678
8.9 20 15 0.705193 0.536147368493 -0.0839538710936
9 20 15 0.885029 0.535766927497 -0.0836680083261
9.1 20 15 0.701433 0.535385564235 -0.0833850719172
9.2 20 15 0.890441 0.535003313466 -0.0831079272403
9.3 20 16 0.887505 0.534620251928 -0.0828380977647
9.4 16 16 0.888861 0.534236376984 -0.0825774993865
9.5 16 15 0.8544 0.533984094511 -0.0834468571162
9.6 16 15 0.862675 0.533597515163 -0.0832071514297
9.7 16 15 0.858144 0.533210216241 -0.0829669297299
9.8 16 15 0.863611 0.532822230708 -0.0827268397694
9.9 16 15 0.889007 0.532433592707 -0.0824875965129
10 16 15 0.86406 0.532044335493 -0.0822498664522
10.1 16 15 0.861245 0.531654491917 -0.0820142679174
10.2 16 15 0.864081 0.531264094324 -0.0817813726728
10.3 16 15 0.868065 0.530873174464 -0.0815517071479
10.4 16 15 0.86738 0.530481764844 -0.0813258656286
10.5 16 15 0.868786 0.530089894948 -0.081104334058
10.6 16 15 0.922398 0.529697592257 -0.08088732605
10.7 16 15 0.908719 0.529304883914 -0.0806752208654
10.8 16 15 0.908448 0.528911798586 -0.0804683715658
10.9 16 15 0.908279 0.52851836308 -0.0802671077388
11 16 15 0.888668 0.528124601177 -0.0800717425746
11.1 16 15 0.857921 0.527730538526 -0.0798825725641
11.2 16 15 0.885355 0.527336197131 -0.0796998849467
11.3 16 15 0.898578 0.526941600199 -0.0795239549617
11.4 16 15 0.908199 0.526546769153 -0.0793550555388
11.5 16 15 0.911691 0.526151724444 -0.0791934554037
11.6 16 15 0.907026 0.525756485505 -0.0790394222605
11.7 16 15 0.906199 0.525361069591 -0.0788932290259
11.8 16 15 0.900648 0.524965495654 -0.0787551500995
11.9 16 15 0.904432 0.524569780126 -0.0786254666074
12 16 15 0.891183 0.524173939344 -0.0785044647546
12.1 16 15 0.902553 0.523777987842 -0.078392438102
12.2 16 15 0.895942 0.523381942053 -0.0782896858222
12.3 16 15 0.895433 0.522985816293 -0.0781965132466
12.4 16 15 0.892837 0.52258962442 -0.0781132306848
12.5 16 15 0.893168 0.522193379803 -0.0780401523911
12.6 16 15 0.896495 0.521797095858 -0.0779775942248
12.7 16 15 0.901477 0.521400786175 -0.0779258727883
12.8 16 15 0.892882 0.521004463143 -0.0778853024147
12.9 16 15 0.896549 0.520608139586 -0.0778561948211
13 16 15 0.89541 0.520211828408 -0.0778388545684
13.1 16 15 0.885077 0.519815542654 -0.0778335756638
13.2 16 15 0.858408 0.519419295582 -0.0778406397653
13.3 16 15 0.861408 0.519023100732 -0.0778603132665
13.4 16 15 0.868041 0.518626971998 -0.0778928445763
13.5 16 15 0.850146 0.518230923686 -0.077938461448
13.6 16 15 0.864396 0.517834970571 -0.0779973684323
13.7 16 15 0.870365 0.517439127953 -0.0780697444904
13.8 16 15 0.866105 0.517043411448 -0.0781557407557
13.9 16 15 0.903645 0.516647837751 -0.0782554787871
14 16 15 0.90288 0.516252423975 -0.0783690484474
14.1 16 15 0.861017 0.515857187881 -0.0784965066727
14.2 16 15 0.864562 0.515462147906 -0.0786378762406
14.3 16 15 0.880206 0.515067323168 -0.0787931448699
14.4 16 15 0.870976 0.514672733475 -0.078962264611
14.5 16 15 0.872069 0.51427839931 -0.0791451515369
14.6 16 15 0.862198 0.513884341823 -0.0793416857207
14.7 16 15 0.864507 0.51349058263 -0.0795517113286
14.8 16 16 0.868988 0.513097144311 -0.0797750376669
14.9 16 16 0.875754 0.512704050214 -0.0800114395186
15 16 16 0.853762 0.512311323552 -0.0802606581727
15.1 16 16 0.85147 0.511918988384 -0.0805224029352
15.2 16 16 0.847975 0.511527069229 -0.0807963524569
15.3 16 16 0.872846 0.511135591013 -0.0810821563947
15.4 16 15 0.910119 0.510744579008 -0.0813794372187
15.5 16 15 0.860946 0.510354062571 -0.081687792426
15.6 16 15 0.867463 0.509964063774 -0.0820067956648
15.7 16 15 0.861271 0.509574608565 -0.0823359998118
15.8 16 15 0.867483 0.509185722993 -0.0826749387981
15.9 16 15 0.883426 0.508797433133 -0.0830231298188
16 16 15 0.857396 0.508409765021 -0.08338007554
16.1 16 15 0.861184 0.508022744592 -0.083745266291
16.2 16 15 0.858372 0.507636397605 -0.0841181822171
16.3 16 15 0.865776 0.50725074958 -0.0844982953829
16.4 16 15 0.868998 0.506865825758 -0.0848850717828
16.5 16 15 0.854417 0.506481651011 -0.085277973276
16.6 16 15 0.859223 0.506098249419 -0.0856764594958
16.7 16 15 0.867236 0.50571564528 -0.0860799893308
16.8 16 15 0.932783 0.505333862072 -0.0864880227167
16.9 16 15 0.899168 0.504952922561 -0.0869000221301
17 16 15 0.866663 0.504572848966 -0.0873154580246
17.1 16 15 0.870997 0.504193663165 -0.0877338014838
17.2 16 15 0.882593 0.503815385985 -0.0881545298537
17.3 16 15 0.884319 0.503438037738 -0.0885771271442
17.4 16 15 0.866704 0.503061637922 -0.0890010848361
17.5 16 15 0.876012 0.502686205319 -0.08942590256
17.6 16 15 0.873343 0.502311757948 -0.0898510885561
17.7 16 15 0.866672 0.501938313162 -0.0902761603013
17.8 16 15 0.870618 0.501565886881 -0.0907006438008
17.9 16 14 0.672691 0.501194536145 -0.0910541219846
18 16 15 0.676748 0.500824241233 -0.0915453518293
18.1 16 14 0.674815 0.500455015984 -0.0918945769006
18.2 16 15 0.697865 0.500086873597 -0.0923825645677
18.3 16 14 0.703808 0.499719826478 -0.0927265436797
18.4 16 16 0.70003 0.499353886379 -0.0932088363945
18.5 16 14 0.690117 0.498989064311 -0.0935466484795
18.6 16 16 0.692764 0.498625370702 -0.0940208723322
18.7 16 14 0.690937 0.498262815297 -0.094351668733
18.8 16 16 0.691838 0.497901407314 -0.094815524599
18.9 16 14 0.69546 0.49754115534 -0.0951385067003
19 16 16 0.702299 0.497182067535 -0.095589791214
19.1 16 15 0.677222 0.496824151473 -0.0959042075903
19.2 16 16 0.678217 0.496467414397 -0.0963408139511
19.3 16 15 0.681042 0.496111862996 -0.0966459516554
19.4 16 16 0.681036 0.495757503746 -0.0970658797614
19.5 16 15 0.674105 0.495404342616 -0.0973610596088
19.6 16 16 0.68199 0.49505238541 -0.0977624241209
19.7 16 15 0.681546 0.494701637516 -0.098046997993
19.8 16 17 0.669016 0.494352104236 -0.0984280364645
19.9 16 15 0.677479 0.494003790451 -0.09870138601
20 16 17 0.668243 0.493656701059 -0.0990604709867
20.1 16 15 0.669213 0.493310840585 -0.0993220071083
20.2 16 17 0.671708 0.492966213551 -0.0996576571176
20.3 16 15 0.700359 0.492622824257 -0.09990682455
20.4 16 17 0.715458 0.492280676941 -0.100217711138
20.5 16 15 0.695024 0.4919397757 -0.10045400738
20.6 16 17 0.681725 0.491600124539 -0.100738950305
20.7 16 15 0.68519 0.491261727293 -0.100961885496
20.8 16 17 0.680439 0.490924587815 -0.101219902695
20.9 16 15 0.68322 0.490588709757 -0.101429050297
21 16 17 0.69019 0.490254096758 -0.101659322684
21.1 16 15 0.701131 0.489920752225 -0.101854296583
21.2 16 17 0.676289 0.48958867959 -0.102056198357
21.3 16 15 0.682884 0.489257881953 -0.102236633837
21.4 16 17 0.681724 0.488928362521 -0.102409756881
21.5 16 15 0.676231 0.488600124143 -0.102575406721
21.6 16 17 0.687888 0.488273169593 -0.102719475166
21.7 16 15 0.687742 0.487947501307 -0.102870118188
21.8 16 16 0.683275 0.487623121688 -0.102985077362
21.9 16 15 0.681298 0.487300032728 -0.103120529719
22 16 16 0.679903 0.486978236277 -0.103206528061
22.1 16 15 0.678409 0.486657733712 -0.103326688538
22.2 16 16 0.679024 0.486338526314 -0.103384024329
22.3 16 15 0.706655 0.486020614846 -0.103488829203
22.4 16 16 0.707271 0.485703999767 -0.103517994817
22.5 16 15 0.68664 0.485388681268 -0.103607509977
22.6 16 16 0.683973 0.485074659018 -0.103609098173
22.7 16 15 0.681869 0.484761932294 -0.103683185348
22.8 16 15 0.675239 0.484450499953 -0.103658169294
22.9 16 15 0.683562 0.484140360403 -0.103716945532
23 16 15 0.696076 0.483831511589 -0.103666247958
23.1 16 15 0.676463 0.483523950933 -0.103709812365
23.2 16 15 0.672718 0.483217675483 -0.103634544886
23.3 16 15 0.673927 0.482912681737 -0.103663067929
23.4 16 15 0.670631 0.482608965636 -0.103564404531
23.5 16 15 0.672879 0.482306522713 -0.103577973752
23.6 16 15 0.666659 0.482005347978 -0.103457335139
23.7 16 15 0.675611 0.481705436007 -0.103456101781
23.8 16 15 0.673433 0.481406780861 -0.103314956101
23.9 16 15 0.675824 0.481109376177 -0.103299096123
24 16 15 0.678222 0.4808132151 -0.103138994665
24.1 16 15 0.698122 0.480518290395 -0.103108703076
24.2 16 15 0.723501 0.480224594356 -0.102931274098
24.3 16 15 0.703608 0.479932118938 -0.102886769269
24.4 16 15 0.67688 0.479640855693 -0.102693702276
24.5 16 15 0.677229 0.479350795864 -0.10263522614
24.6 16 15 0.679666 0.479061930336 -0.102428264244
24.7 16 15 0.68515 0.478774249763 -0.10235608853
24.8 16 15 0.680929 0.478487744478 -0.102137012433
24.9 16 15 0.684109 0.478202404671 -0.102051443858
25 16 15 0.692778 0.47791822025 -0.101822060606
25.1 16 15 0.682687 0.477635181068 -0.101723447094
25.2 16 15 0.679042 0.477353276785 -0.101485578279
25.3 16 15 0.674272 0.477072497079 -0.101374309636
25.4 16 16 0.675631 0.476792831467 -0.101129776127
25.5 16 15 0.677446 0.476514269369 -0.101006302004
25.6 16 16 0.680414 0.476236800442 -0.100756927064
25.7 16 14 0.674355 0.475960414243 -0.100621756839
25.8 16 16 0.680303 0.475685100241 -0.100369322428
25.9 16 14 0.673987 0.475410848459 -0.100223032468
26 16 16 0.678078 0.475137648674 -0.0999693042809
26.1 16 14 0.670113 0.474865490921 -0.0998125312825
26.2 20 16 0.676085 0.474594365426 -0.0995592459969
26.3 16 15 0.908095 0.47432423089 -0.0993261242714
26.4 16 16 0.916986 0.47405489474 -0.0991503306021
26.5 16 14 0.685086 0.473786806527 -0.0989638102909
26.6 16 16 0.675157 0.473519713958 -0.0987251906312
26.7 18 14 0.673989 0.473253608592 -0.0985354536674
26.8 18 16 0.876971 0.472988481789 -0.0982963805561
26.9 18 15 0.883098 0.472724325828 -0.0980597167933
27 18 15 0.867784 0.472461133332 -0.0978262883051
27.1 18 15 0.876286 0.472198897079 -0.0975967493806
27.2 18 15 0.884936 0.471937610143 -0.0973717646991
27.3 18 15 0.884895 0.471677266107 -0.0971519860375
27.4 18 15 0.875842 0.471417858886 -0.096938048877
27.5 18 15 0.871323 0.471159382695 -0.0967305466546
27.6 18 15 0.867982 0.470901832195 -0.0965300436199
27.7 18 15 0.874627 0.470645202305 -0.0963370741345
27.8 18 15 0.885515 0.470389488329 -0.0961521345006
27.9 18 15 0.911584 0.470134685233 -0.0959756830768
28 18 16 0.878496 0.469880789537 -0.095808136722
28.1 18 16 0.876556 0.469627797629 -0.095649880159
28.2 18 16 0.882693 0.469375705858 -0.0955012435535
28.3 18 16 0.888867 0.469124511183 -0.0953625278239
28.4 18 16 0.879672 0.46887421077 -0.0952339828346
28.5 18 16 0.871569 0.468624802168 -0.095115814008
28.6 18 16 0.8697 0.468376282657 -0.0950081811109
28.7 18 16 0.876724 0.468128650321 -0.0949112052337
28.8 18 16 0.868058 0.467881903165 -0.094824951363
28.9 18 16 0.870499 0.467636039368 -0.0947494468762
29 18 16 0.866069 0.467391057213 -0.0946846735274
29.1 18 15 0.874681 0.467146955363 -0.0946305639699
29.2 18 16 0.890471 0.466903732302 -0.0945870080828
29.3 18 16 0.913189 0.466661386624 -0.0945538513922
29.4 18 15 0.881205 0.466419917311 -0.0945308994277
29.5 18 17 0.877541 0.466179322977 -0.094517911874
29.6 18 15 0.8709 0.465939602545 -0.0945146146286
29.7 18 15 0.876892 0.465700755003 -0.0945206868086
29.8 18 15 0.884931 0.465462779277 -0.0945358325516
29.9 18 16 0.881198 0.465225674147 -0.0945596246666
30 18 16 0.884378 0.464989438497 -0.0945916260144
30.1 18 17 0.886337 0.464754071176 -0.0946313546042
30.2 18 16 0.881998 0.464519571011 -0.0946783686768
30.3 18 15 0.874269 0.464285936664 -0.0947321311523
30.4 18 15 0.874218 0.464053166953 -0.0947921029208
30.5 18 16 0.869251 0.463821260557 -0.0948577322487
30.6 18 15 0.870405 0.463590215904 -0.0949284302303
30.7 18 21 0.897251 0.463360031675 -0.0950036049938
30.8 20 21 0.927023 0.463130706371 -0.0950826485544
30.9 18 21 0.703204 0.462902352322 -0.0951658521994
31 18 21 0.888074 0.462674861948 -0.0952508412002
31.1 18 21 0.887211 0.46244810533 -0.0953377622779
31.2 18 20 0.892715 0.462222200734 -0.0954260156029
31.3 18 20 0.908818 0.461997146473 -0.0955149453828
31.4 18 18 0.87465 0.461772940653 -0.0956039201586
31.5 18 18 0.885121 0.461549581383 -0.0956922955601
31.6 18 18 0.867682 0.461327066719 -0.0957794478308
31.7 18 18 0.864684 0.461105394632 -0.0958647598118
31.8 18 18 0.868953 0.460884563033 -0.0959476392872
31.9 18 18 0.880246 0.460664570121 -0.0960274917544
32 18 18 0.886372 0.460445413538 -0.0961037489746
32.1 18 18 0.875312 0.460227091284 -0.0961758645048
32.2 18 18 0.887189 0.46000960132 -0.0962433105448
32.3 18 18 0.889421 0.459792941523 -0.0963055906064
32.4 18 18 0.888609 0.459577109851 -0.0963622310726
32.5 18 18 0.888407 0.459362104124 -0.0964127903764
32.6 18 18 0.885617 0.459147922363 -0.0964568556436
32.7 18 18 0.877729 0.45893456259 -0.0964940522012
32.8 18 19 0.879135 0.45872202275 -0.0965240321435
32.9 18 18 0.892932 0.458510300861 -0.0965464926627
33 18 18 0.889576 0.45829939503 -0.0965611562495
33.1 18 18 0.891458 0.45808930325 -0.0965677949397
33.2 18 18 0.886591 0.457880023671 -0.0965662163394
33.3 18 18 0.89229 0.457671555254 -0.0965562646883
33.4 18 18 0.892746 0.457463895399 -0.096537832706
33.5 18 18 0.880972 0.457257042135 -0.0965108469496
33.6 18 18 0.883567 0.457050993668 -0.0964752798624
33.7 18 18 0.877572 0.456845748456 -0.0964311448382
33.8 18 18 0.872497 0.456641304519 -0.096378497647
33.9 18 18 0.896855 0.456437660095 -0.0963174340269
34 18 19 0.896972 0.456234813598 -0.0962480907934
34.1 18 19 0.883942 0.456032763211 -0.0961706472121
34.2 18 18 0.876053 0.455831507321 -0.0960853201995
34.3 18 18 0.878133 0.455631044147 -0.0959923680165
34.4 18 18 0.888669 0.45543137213 -0.0958920853065
34.5 18 18 0.893973 0.455232488637 -0.0957848034033
34.6 18 18 0.886182 0.455034392605 -0.0956708893198
34.7 18 18 0.882282 0.454837082126 -0.0955507437026
34.8 18 18 0.871783 0.454640555412 -0.0954248005222
34.9 18 18 0.870117 0.454444810633 -0.0952935215346
35 18 18 0.882328 0.454249846121 -0.0951574000459
35.1 18 18 0.884024 0.454055659419 -0.0950169527117
35.2 18 18 0.879277 0.453862248972 -0.0948727232601
35.3 20 18 0.87799 0.453669612792 -0.0947252750547
35.4 20 18 0.707964 0.453478171337 -0.0945764135577
35.5 20 18 0.908906 0.453287501288 -0.0944242364611
35.6 20 18 0.714528 0.453097600766 -0.0942716992693
35.7 20 18 0.902319 0.452908466568 -0.0941171668213
35.8 20 18 0.890665 0.45271967669 -0.0939623929981
35.9 20 18 0.891686 0.45253164876 -0.0938080968813
36 20 18 0.703501 0.452344796168 -0.0936558831261
36.1 20 18 0.886401 0.452158699338 -0.0935044201147
36.2 20 17 0.891094 0.451972947375 -0.0933552992478
36.3 20 17 0.881727 0.451787949066 -0.0932092478195
36.4 20 17 0.897844 0.451603702381 -0.0930669043849
36.5 20 17 0.893817 0.451420205176 -0.0929288950384
36.6 20 17 0.87564 0.451237455927 -0.0927958387553
36.7 20 18 0.881195 0.451055452485 -0.0926683379724
36.8 20 18 0.700656 0.450874571119 -0.092547569446
36.9 20 18 0.726402 0.450694426961 -0.0924328688249
37 20 17 0.896043 0.450514645525 -0.0923253138332
37.1 20 18 0.896188 0.450335611196 -0.0922255253956
37.2 20 17 0.895026 0.450157314252 -0.09213400631
37.3 20 17 0.709514 0.449980096276 -0.0920515983597
37.4 20 17 0.904309 0.449803606421 -0.0919778803162
37.5 20 17 0.716326 0.449627844235 -0.091913975423
37.6 20 17 0.896159 0.449452807907 -0.0918596146795
37.7 20 17 0.902989 0.449278189289 -0.091815447476
37.8 20 17 0.897069 0.449104304025 -0.0917818408105
37.9 20 17 0.894121 0.448931151588 -0.0917590623195
38 20 17 0.894691 0.448758732292 -0.0917473326788
38.1 20 17 0.699871 0.44858731734 -0.0917469813159
38.2 20 17 0.710004 0.448416627581 -0.091757824473
38.3 20 17 0.900719 0.448246401985 -0.0917800414602
38.4 20 17 0.900956 0.448076920902 -0.0918138007806
38.5 20 17 0.71028 0.447908409646 -0.0918591906668
38.6 20 17 0.905932 0.447740627213 -0.0919159610491
38.7 20 17 0.899617 0.447573361481 -0.0919841554415
38.8 20 17 0.714925 0.447407043109 -0.0920637638036
38.9 20 17 0.898423 0.447241459465 -0.0921544772787
39 20 17 0.896858 0.447076425762 -0.092256190153
39.1 20 17 0.892321 0.446912141109 -0.0923687232783
39.2 20 17 0.89161 0.446748607468 -0.0924918110117
39.3 20 17 0.899323 0.446585828182 -0.092625159684
39.4 20 17 0.892921 0.44642380634 -0.0927684369165
39.5 20 17 0.7085 0.446262695897 -0.0929213258044
39.6 20 17 0.712166 0.446102344246 -0.0930833164066
39.7 20 18 0.725496 0.44594275529 -0.0932539536333
39.8 20 17 0.904927 0.445783931121 -0.0934328132598
39.9 20 17 0.897237 0.445625749804 -0.0936194066671
40 20 17 0.706719 0.445468474966 -0.0938133720797
40.1 20 17 0.711203 0.445311981067 -0.0940139934199
40.2 20 17 0.890517 0.445156148904 -0.0942207048564
40.3 20 17 0.881358 0.445001113423 -0.094433013414
40.4 20 17 0.706878 0.444846991007 -0.0946504541516
40.5 20 17 0.707406 0.444693669585 -0.094872144572
40.6 20 17 0.888664 0.444541039316 -0.0950975208129
40.7 20 17 0.705492 0.444389334384 -0.0953262147417
40.8 20 17 0.894998 0.44423844462 -0.095557163033
40.9 20 17 0.895575 0.444088255001 -0.0957899462533
41 20 17 0.895163 0.44393889196 -0.0960239351147
41.1 20 17 0.906584 0.443790358969 -0.0962584866027
41.2 20 17 0.901941 0.44364265687 -0.0964929593758
41.3 20 17 0.892177 0.443495789551 -0.0967267134292
41.4 20 17 0.700043 0.443349894957 -0.0969594189741
41.5 20 17 0.709625 0.443204848645 -0.0971898550272
41.6 20 17 0.708805 0.443060654446 -0.0974179059245
41.7 20 17 0.904727 0.442917313843 -0.0976424526703
41.8 20 17 0.706237 0.442774835131 -0.097863589874
41.9 20 17 0.897826 0.442633218268 -0.0980800046777
42 20 17 0.895323 0.442492288735 -0.0982915744161
42.1 20 17 0.7175 0.442352405978 -0.0984981587713
42.2 20 17 0.70875 0.442213394006 -0.0986985138176
42.3 20 17 0.89583 0.442075055394 -0.0988925033758
42.4 20 17 0.881205 0.441937569357 -0.0990797632384
42.5 20 17 0.88254 0.44180094708 -0.0992598953502
42.6 20 17 0.89337 0.441665189256 -0.0994325278501
42.7 20 17 0.907143 0.441530296528 -0.0995973227256
42.8 20 17 0.896382 0.441396268989 -0.09975397317
42.9 20 17 0.899461 0.441263105975 -0.0999022130277
43 20 17 0.903508 0.441130807689 -0.100041806534
43.1 20 17 0.907155 0.440999373313 -0.100172561212
43.2 20 18 0.906391 0.44086880208 -0.100294310154
43.3 20 17 0.897505 0.440739092482 -0.100406927675
43.4 20 18 0.710617 0.440610600044 -0.100510615744
43.5 20 18 0.707712 0.440482982399 -0.100604677571
43.6 20 18 0.70023 0.440356237731 -0.100689596165
43.7 20 18 0.896934 0.440230361861 -0.100764946257
43.8 20 18 0.71166 0.440105356545 -0.100831281644
43.9 20 18 0.892777 0.439981216792 -0.100888205102
44 20 18 0.708651 0.439857940941 -0.100936295085
44.1 20 18 0.898723 0.439735524964 -0.100975330441
44.2 20 18 0.895368 0.439613486285 -0.101005785007
44.3 20 18 0.913565 0.439492286077 -0.101027901723
44.4 20 18 0.90644 0.439371920554 -0.101041950222
44.5 20 18 0.709922 0.439252910917 -0.101048180055
44.6 20 18 0.891772 0.43913474425 -0.101046889613
44.7 20 18 0.888992 0.439016866203 -0.101038527716
44.8 20 18 0.713138 0.438900374402 -0.101023298768
44.9 20 18 0.902319 0.43878471415 -0.101001837759
45 20 18 0.902744 0.438669292012 -0.10097454385
45.1 20 18 0.712256 0.43855528303 -0.100941552198
45.2 20 19 0.907184 0.438442093443 -0.100903837879
45.3 20 19 0.713626 0.438329720478 -0.100861299029
45.4 20 18 0.902019 0.438218158801 -0.100815130552
45.5 20 18 0.901833 0.438106761637 -0.100765594222
45.6 20 18 0.892832 0.437996159699 -0.100713213335
45.7 20 18 0.891813 0.437886348667 -0.100658534947
45.8 20 18 0.704291 0.437777991656 -0.100601453056
45.9 20 18 0.713359 0.437670427561 -0.10054370529
46 20 18 0.911536 0.437562977811 -0.100485259148
46.1 20 18 0.723666 0.437456985517 -0.100425922515
46.2 20 19 0.903841 0.437351773851 -0.100367677975
46.3 20 19 0.710209 0.43724734047 -0.100309524244
46.4 20 18 0.711776 0.437143681349 -0.10025366182
46.5 20 19 0.710979 0.437040793185 -0.100198796533
46.6 20 19 0.710295 0.436938672788 -0.100147399014
46.7 20 19 0.902173 0.436836619514 -0.100098958998
46.8 20 18 0.889578 0.436735324226 -0.10005403131
46.9 20 19 0.707297 0.436635486415 -0.100011953239
47 20 19 0.713058 0.436536404261 -0.0999753116928
47.1 20 19 0.897539 0.436437378145 -0.0999434188864
47.2 20 19 0.90022 0.436339106804 -0.0999167177815
47.3 20 18 0.901512 0.436241587177 -0.0998955650059
47.4 20 18 0.714742 0.436145500452 -0.0998790195459
47.5 20 18 0.716306 0.436050157126 -0.0998698516806
47.6 20 18 0.713209 0.435955555111 -0.0998657371738
47.7 20 18 0.902734 0.43586169095 -0.0998695505325
47.8 20 18 0.912117 0.435767906104 -0.099880232387
47.9 20 18 0.719389 0.435675514608 -0.0998966002385
48 20 18 0.714575 0.435583856694 -0.0999214652604
48.1 20 18 0.905815 0.435492287392 -0.0999535553118
48.2 20 19 0.722935 0.43540208953 -0.0999915942439
48.3 20 18 0.730273 0.435312620194 -0.100038340779
48.4 20 18 0.728362 0.435223876705 -0.100090961979
48.5 20 18 0.902364 0.435135856268 -0.100152284607
48.6 20 19 0.910923 0.435047981327 -0.100220810566
48.7 20 18 0.712405 0.434961405488 -0.10029501413
48.8 20 18 0.910058 0.434875549701 -0.1003775301
48.9 20 18 0.903924 0.434789868906 -0.100466767764
49 20 18 0.716914 0.43470544918 -0.10056109856
49.1 20 18 0.897875 0.434621745212 -0.100663056932
49.2 20 18 0.708112 0.434538755687 -0.100769610542
49.3 20 19 0.898035 0.434456479782 -0.100883194414
49.4 20 20 0.903802 0.434374435103 -0.1010020867
49.5 20 18 0.712403 0.434293579437 -0.10112455268
49.6 20 19 0.760031 0.434213431525 -0.101252885605
49.7 20 19 0.743925 0.434133990191 -0.10138393293
49.8 20 19 0.705684 0.434055254021 -0.101520014296
49.9 20 19 0.906727 0.433976784766 -0.101659223337
50 20 19 0.903169 0.433899054231 -0.101801107934
50.1 20 19 0.707705 0.433822420407 -0.101943963361
50.2 20 19 0.714242 0.433746483936 -0.102089696433
50.3 20 19 0.910703 0.433670874618 -0.102236547257
50.4 20 19 0.705549 0.433596326379 -0.102382850709
50.5 20 19 0.717224 0.43352246928 -0.102530362585
50.6 20 18 0.901664 0.433448975762 -0.102677339642
50.7 20 19 0.716808 0.433376493883 -0.102822206982
50.8 20 19 0.910372 0.433304695665 -0.102966535069
50.9 20 19 0.723431 0.433233579271 -0.103107720901
51 20 19 0.718635 0.433163141891 -0.10324723443
51.1 20 19 0.720134 0.43309338054 -0.103382557525
51.2 20 19 0.713949 0.43302429255 -0.103515118637
51.3 20 19 0.905003 0.432955632652 -0.103643402728
51.4 20 19 0.900205 0.432887675831 -0.103766917702
51.5 20 19 0.917415 0.432820395656 -0.103885195811
51.6 20 19 0.717035 0.432753970118 -0.103996986519
51.7 20 19 0.908144 0.432688201445 -0.104103421161
51.8 20 19 0.906085 0.432622929023 -0.104203292605
51.9 20 19 0.721789 0.432558464738 -0.104295503458
52 20 20 0.91586 0.432494646424 -0.104381079267
52.1 20 19 0.903124 0.432431343395 -0.104458965115
52.2 20 19 0.909845 0.432368687967 -0.104528840703
52.3 20 19 0.906943 0.432306675465 -0.104590420194
52.4 20 20 0.901021 0.432245300988 -0.104643436876
52.5 20 20 0.896108 0.432184559205 -0.104687660218
52.6 20 20 0.897426 0.432124445142 -0.104722889499
52.7 20 20 0.906373 0.432064953306 -0.10474895697
52.8 20 20 0.899461 0.432006078024 -0.104765730772
52.9 20 20 0.717643 0.43194788078 -0.10477262742
53 20 20 0.921179 0.431890282797 -0.104770548405
53.1 20 20 0.904885 0.431833222137 -0.104758969725
53.2 20 20 0.716582 0.431776807804 -0.104737446588
53.3 20 19 0.715092 0.431720976718 -0.104706901397
53.4 20 20 0.718225 0.431665722965 -0.104666524601
53.5 20 19 0.903602 0.431611038896 -0.1046172552
53.6 20 19 0.890299 0.431556877483 -0.104558820356
53.7 20 19 0.70506 0.431503318381 -0.104490935803
53.8 20 20 0.897245 0.431450310826 -0.104414634553
53.9 20 19 0.904861 0.431397806498 -0.10432971113
54 20 19 0.90631 0.431345839297 -0.104236405031
54.1 20 19 0.71735 0.431294447149 -0.104134559948
54.2 20 19 0.905619 0.431243578804 -0.104025320549
54.3 20 19 0.910146 0.431193180218 -0.103908585346
54.4 20 20 0.916356 0.431143288409 -0.103784691141
54.5 20 20 0.906769 0.431093895621 -0.103653992498
54.6 20 20 0.89445 0.431044994131 -0.10351688174
54.7 20 19 0.894682 0.430996574999 -0.103373731998
54.8 20 19 0.905558 0.430948629801 -0.103224979576
54.9 20 19 0.721068 0.430901220717 -0.103070510327
55 20 20 0.910519 0.430854275029 -0.102911813364
55.1 20 19 0.913626 0.430807704315 -0.102748825752
55.2 20 19 0.720453 0.430761661765 -0.102581401507
55.3 20 19 0.89937 0.430716057557 -0.102411207197
55.4 20 19 0.901948 0.430670780549 -0.102238114074
55.5 20 19 0.907626 0.430625918109 -0.102062599469
55.6 20 19 0.905067 0.430581463254 -0.101885156071
55.7 20 19 0.899632 0.43053740534 -0.10170625648
55.8 20 19 0.713865 0.430493874202 -0.101525629153
55.9 20 19 0.901762 0.430450733482 -0.101345231535
56 20 20 0.888275 0.430407821104 -0.101164812636
56.1 20 20 0.898804 0.43036527211 -0.10098483387
56.2 20 19 0.963953 0.430323079588 -0.100805760347
56.3 20 19 0.917045 0.430281235259 -0.100628035912
56.4 20 19 0.903262 0.430239732952 -0.100452120658
56.5 20 19 0.89806 0.430198563308 -0.100278423441
56.6 20 19 0.721355 0.430157934969 -0.100106398205
56.7 20 19 0.708385 0.43011763545 -0.0999383892285
56.8 20 20 0.719051 0.430077657726 -0.0997728494612
56.9 20 20 0.897368 0.430037993474 -0.0996121613696
57 20 20 0.908413 0.429998378139 -0.0994556761988
57.1 20 20 0.910189 0.429959053898 -0.0993037581925
57.2 20 20 0.915071 0.429920013626 -0.0991567249684
57.3 20 20 0.918786 0.429881252001 -0.0990148891209
57.4 20 20 0.733393 0.42984306158 -0.098877399891
57.5 20 20 0.934811 0.429805146481 -0.0987468496545
57.6 20 20 0.729396 0.429767502229 -0.0986211357246
57.7 20 20 0.732151 0.429730122943 -0.0985028578769
57.8 20 20 0.728679 0.429693003435 -0.0983899022912
57.9 20 20 0.92396 0.429656138253 -0.0982847988556
58 20 20 0.916879 0.429619178135 -0.0981865107002
58.1 20 20 0.92088 0.429582458172 -0.0980951834821
58.2 20 20 0.907396 0.42954597458 -0.0980109344973
58.3 20 20 0.910793 0.429509723805 -0.0979338574622
58.4 20 21 0.911505 0.429473702517 -0.0978640153016
58.5 20 20 0.746964 0.429438274512 -0.097800323016
58.6 20 21 0.919254 0.429403073028 -0.0977451364913
58.7 20 20 0.90729 0.429367725717 -0.0976972181865
58.8 20 20 0.90463 0.429332595607 -0.0976565493457
58.9 20 20 0.723233 0.429298054231 -0.0976220349923
59 20 20 0.899773 0.429263727356 -0.097595753156
59.1 20 20 0.908601 0.42922924196 -0.0975764376312
59.2 20 20 0.727603 0.429195336775 -0.0975630321438
59.3 20 20 0.925965 0.429161639247 -0.0975573553728
59.4 20 20 0.726174 0.429128147065 -0.0975572899495
59.5 20 20 0.914868 0.429094859481 -0.0975644815468
59.6 20 20 0.728422 0.429061774532 -0.097576913013
59.7 20 20 0.917291 0.429028890702 -0.0975960391863
59.8 20 20 0.918887 0.428995856288 -0.0976206372092
59.9 20 20 0.916893 0.428963024969 -0.0976504163654
60 20 20 0.926262 0.428930396546 -0.0976850485665
60.1 22 20 0.931272 0.428897969957 -0.0977241853191
60.2 22 20 1.012948 0.428866072328 -0.0977669436938
60.3 22 20 0.963456 0.428834369011 -0.0978140732073
60.4 22 20 0.978495 0.428802544891 -0.0978645210079
60.5 20 20 0.988247 0.428770920424 -0.0979178923372
60.6 20 21 0.97031 0.428739495019 -0.0979737630807
60.7 20 20 0.984707 0.42870826781 -0.098031676957
60.8 20 20 0.919053 0.428677238034 -0.0980911786291
60.9 20 20 0.942957 0.428646405292 -0.0981518126655
61 20 20 0.933378 0.428615768712 -0.0982131138705
61.1 20 20 0.903374 0.428585327512 -0.0982746040012
61.2 20 20 0.929365 0.428555080777 -0.0983358113979
61.3 20 20 0.930837 0.428525027471 -0.098396259794
61.4 20 21 0.916185 0.428495167074 -0.0984554851904
61.5 20 20 0.920223 0.428465498257 -0.0985130054607
61.6 22 20 0.922137 0.428436019084 -0.0985683658545
61.7 22 20 0.740531 0.428406954701 -0.0986213322425
61.8 22 21 0.935074 0.42837807116 -0.0986711128912
61.9 22 21 0.735855 0.428349366379 -0.0987176891964
62 22 21 0.755012 0.428320838871 -0.0987601315862
62.1 22 21 0.967556 0.428292282923 -0.0987982533794
62.2 22 21 0.917797 0.428263910482 -0.0988316538679
62.3 22 21 0.923152 0.428235716555 -0.0988599674891
62.4 22 20 0.735457 0.42820788148 -0.0988833369279
62.5 22 20 0.941853 0.428180214615 -0.0989005162096
62.6 22 20 0.911063 0.428152541182 -0.0989116076145
62.7 22 20 0.918277 0.42812503585 -0.0989163329775
62.8 22 20 0.921164 0.428097696589 -0.0989144244166
62.9 22 21 0.917871 0.428070520123 -0.098905653185
63 22 20 0.936319 0.428043504527 -0.0988898174171
63.1 22 21 0.924803 0.428016644509 -0.0988667642477
63.2 22 20 0.741726 0.427990083815 -0.0988370504111
63.3 22 20 0.944437 0.427963667626 -0.0987990944394
63.4 22 21 0.985046 0.42793725576 -0.098753506978
63.5 22 21 0.746956 0.427911121018 -0.0987010365866
63.6 22 20 0.74372 0.427885119875 -0.0986401569007
63.7 22 20 0.940869 0.427859136522 -0.0985714996829
63.8 22 21 0.760878 0.427833392434 -0.098494482477
63.9 22 21 0.777493 0.427807771436 -0.0984089100416
64 22 21 0.764792 0.427782271821 -0.0983154758595
64.1 24 21 0.783991 0.427756890722 -0.0982137707979
64.2 24 20 0.982342 0.427731623987 -0.0981038846398
64.3 24 20 0.962656 0.42770646708 -0.0979861845553
64.4 24 20 0.77369 0.42768141693 -0.0978609446817
64.5 24 20 0.956413 0.427656467456 -0.0977284771618
64.6 24 20 0.955482 0.427631615632 -0.097589154216
64.7 24 20 0.972098 0.427606857066 -0.0974433700853
64.8 24 20 1.009111 0.427582187631 -0.097291572517
64.9 22 20 0.964156 0.427557603744 -0.0971342464643
65 22 20 0.763642 0.427533107002 -0.097022865712
65.1 22 20 0.757744 0.427508684765 -0.0968175020511
65.2 22 20 0.762833 0.427484337904 -0.0967115760487
65.3 22 20 0.763252 0.427460063908 -0.0964916319442
65.4 22 21 0.776876 0.427435859123 -0.0963943592082
65.5 22 22 0.752292 0.427411719752 -0.0961619165
65.6 22 21 0.743964 0.427387642511 -0.096076552607
65.7 22 22 0.746303 0.427363622797 -0.0958336461825
65.8 22 21 0.760612 0.427339659263 -0.0957628082335
65.9 22 22 0.750595 0.427315748028 -0.0955115263663
66 22 21 0.765141 0.427291886094 -0.0954573125878
66.1 22 22 0.757423 0.427268071068 -0.0951995929104
66.2 22 21 0.759141 0.427244299425 -0.0951634423136
66.3 22 22 0.748263 0.427220568349 -0.0949010833862
66.4 22 21 0.74063 0.427196875744 -0.0948837689052
66.5 24 22 0.743478 0.427173218777 -0.0946184243294
66.6 24 22 0.98937 0.427149595246 -0.0944669964053
66.7 24 22 0.986826 0.427126001461 -0.0943195939426
66.8 24 22 0.778433 0.427102437294 -0.094176580156
66.9 24 23 0.777576 0.427078900141 -0.0940384660218
67 24 22 0.967091 0.427055387801 -0.0939056268032
67.1 24 22 0.970654 0.427031898603 -0.0937784538877
67.2 24 23 0.795624 0.427008433753 -0.0936572456301
67.3 24 22 0.758018 0.426984990209 -0.093542405356
67.4 24 23 0.958403 0.426961563114 -0.0934341955544
67.5 24 22 0.953391 0.426938154673 -0.0933328706776
67.6 24 22 0.766208 0.426914767892 -0.0932385750948
67.7 24 22 0.957245 0.426891399112 -0.0931516579186
67.8 24 22 0.763284 0.426868048209 -0.0930721145666
67.9 24 22 0.950941 0.426844714234 -0.0930002643173
68 24 22 0.944413 0.426821391077 -0.0929360923218
68.1 24 22 0.955487 0.426798084558 -0.0928796806692
68.2 24 22 0.798047 0.426774807581 -0.0928309425139
68.3 24 24 0.992474 0.426751546623 -0.0927901217677
68.4 24 22 0.958396 0.426728293746 -0.0927570708299
68.5 24 22 0.77614 0.426705073051 -0.0927315964356
68.6 24 23 0.773805 0.426681874518 -0.0927138782716
68.7 24 22 0.978175 0.426658685308 -0.092703680952
68.8 24 22 0.956868 0.426635517823 -0.0927008588895
68.9 24 24 0.767542 0.426612393057 -0.0927051286016
69 24 22 0.951893 0.426589296152 -0.0927165756111
69.1 24 22 0.769864 0.426566229662 -0.0927347442754
69.2 24 24 0.952941 0.426543194705 -0.0927596513318
69.3 24 23 0.761332 0.426520193989 -0.092790836583
69.4 24 23 0.762062 0.426497229911 -0.0928282408908
69.5 24 22 0.980613 0.426474280356 -0.0928714739534
69.6 24 22 1.02879 0.426451369253 -0.0929202465223
69.7 24 22 0.795313 0.42642852868 -0.0929742493235
69.8 24 22 0.976196 0.426405734132 -0.0930332440509
69.9 24 23 0.783503 0.426382988806 -0.0930968625913
70 24 23 0.793154 0.426360294978 -0.0931647731732
70.1 24 24 0.999051 0.426337623122 -0.0932366229672
70.2 24 24 0.796692 0.426315040738 -0.0933121396732
70.3 24 23 0.789757 0.426292518267 -0.0933908407546
70.4 24 23 0.979697 0.426270022634 -0.0934723909711
70.5 24 22 0.981337 0.426247589982 -0.0935564486126
70.6 24 22 0.978984 0.426225224122 -0.093642634573
70.7 24 24 0.974125 0.426202928702 -0.0937305696516
70.8 24 23 0.979628 0.426180706884 -0.0938198799605
70.9 24 23 0.964414 0.426158561503 -0.0939101903674
71 24 23 0.774056 0.426136539472 -0.094001390635
71.1 24 23 0.982535 0.426114600028 -0.0940926188921
71.2 24 23 0.958197 0.426092701204 -0.0941837074304
71.3 24 23 0.958597 0.426070890418 -0.0942743071344
71.4 24 23 0.965587 0.426049172696 -0.0943640591161
71.5 24 22 0.967061 0.426027546885 -0.0944526046753
71.6 24 22 0.768568 0.426006066471 -0.094539951714
71.7 24 23 0.956601 0.425984685775 -0.0946250852123
71.8 24 22 0.96448 0.425963356862 -0.0947080035875
71.9 24 23 0.966427 0.42594213176 -0.0947884042581
72 24 23 0.773488 0.425921065535 -0.0948663689382
72.1 24 23 0.963186 0.425900108593 -0.0949408864531
72.2 24 23 0.952428 0.425879208983 -0.0950120467544
72.3 24 22 0.958491 0.425858422086 -0.0950796164907
72.4 24 23 0.762448 0.425837807362 -0.0951437421395
72.5 24 23 0.956057 0.4258173111 -0.09520348713
72.6 24 24 0.943954 0.425796874692 -0.0952590399989
72.7 24 23 0.945664 0.425776558639 -0.0953102512872
72.8 24 23 0.766742 0.425756428056 -0.0953573294629
72.9 24 23 0.963555 0.425736422865 -0.0953994823155
73 24 23 0.783074 0.425716545157 -0.0954373071959
73.1 24 23 0.783828 0.425696796067 -0.0954700274846
73.2 24 22 0.981652 0.425677106516 -0.0954979903193
73.3 24 22 0.972412 0.425657546441 -0.0955211715845
73.4 24 23 0.778664 0.425638192401 -0.0955399254102
73.5 24 22 0.973407 0.425618972659 -0.0955536159452
73.6 24 23 0.777355 0.425599888667 -0.095562952165
73.7 24 24 0.93919 0.425580941104 -0.0955673753028
73.8 24 23 0.752127 0.425562131309 -0.0955676391541
73.9 24 24 0.952715 0.425543460188 -0.0955632349205
74 24 23 0.765485 0.425524928869 -0.0955549078126
74.1 24 23 0.765828 0.42550653792 -0.0955422595923
74.2 24 23 0.765504 0.425488287644 -0.0955260253913
74.3 24 23 0.956108 0.425470180233 -0.0955058563286
74.4 24 23 0.958152 0.425452106568 -0.0954822710127
74.5 24 23 0.961073 0.425434171868 -0.0954555011057
74.6 24 23 0.956784 0.425416377139 -0.0954257935504
74.7 24 24 0.944246 0.425398722852 -0.0953934009546
74.8 24 22 0.758912 0.425381336863 -0.0953587370672
74.9 24 23 0.965727 0.425364097082 -0.0953217799666
75 24 22 0.761978 0.425347004099 -0.0952830497797
75.1 24 22 0.952154 0.425330058241 -0.0952425956257
75.2 24 23 0.763617 0.425313260767 -0.0952009214632
75.3 24 23 0.959915 0.425296611553 -0.0951581570358
75.4 24 25 0.769895 0.425280111432 -0.0951147064274
75.5 24 23 0.777561 0.425263761372 -0.095070823905
75.6 24 23 0.973326 0.425247397225 -0.0950268452901
75.7 24 23 0.962534 0.425231174142 -0.0949830936886
75.8 24 23 0.965326 0.425215097566 -0.0949398663005
75.9 24 23 0.775661 0.425199353036 -0.0948973444115
76 24 23 0.78067 0.425183761751 -0.0948560041732
76.1 24 24 0.970219 0.425168134543 -0.0948160409496
76.2 24 23 0.973063 0.425152653032 -0.0947777589052
76.3 24 23 0.776949 0.425137526458 -0.0947411920294
76.4 24 24 0.775312 0.42512255683 -0.0947070227354
76.5 24 23 0.972618 0.425107537049 -0.0946753083276
76.6 24 24 0.963947 0.425092668615 -0.0946463263891
76.7 24 23 0.774989 0.425078175429 -0.0946199633153
76.8 24 22 0.772019 0.425063843675 -0.0945971012412
76.9 24 22 0.762979 0.42504967454 -0.0945772263219
77 24 22 0.769238 0.425035669363 -0.0945613663184
77.1 24 22 0.771926 0.425021829872 -0.0945488435094
77.2 24 22 0.773316 0.425008157408 -0.0945407988227
77.3 24 22 0.770663 0.424994653502 -0.0945363965602
77.4 24 24 0.969341 0.424981318908 -0.0945368593479
77.5 24 22 0.96517 0.424967925863 -0.0945418350636
77.6 24 22 0.966783 0.424954707155 -0.094551494348
77.7 24 22 0.963043 0.424941665046 -0.094565969133
77.8 24 22 0.961463 0.424928802464 -0.0945853693362
77.9 24 22 0.954305 0.424916121478 -0.0946097986545
78 24 22 0.943803 0.424903625078 -0.0946393387331
78.1 24 22 0.764314 0.424891537745 -0.0946734167236
78.2 24 22 0.9522 0.424879636937 -0.0947133395531
78.3 24 22 0.952565 0.424867709391 -0.0947585220806
78.4 24 22 0.959991 0.424855977391 -0.0948090064284
78.5 24 23 0.952021 0.424844443469 -0.094864797265
78.6 24 23 0.964417 0.424833110908 -0.0949258858356
78.7 24 23 0.775091 0.424822182225 -0.0949915565472
78.8 24 22 0.958473 0.424811456116 -0.0950631120226
78.9 24 22 0.956787 0.424800745301 -0.095139810953
79 24 23 0.960832 0.424790247989 -0.0952215866029
79.1 24 22 0.965735 0.424779967285 -0.0953083398158
79.2 24 22 0.762953 0.424770080576 -0.0953992762114
79.3 24 22 0.950209 0.424760411122 -0.0954955967808
79.4 24 22 0.766066 0.42475096237 -0.0955958124472
79.5 24 22 0.759612 0.424741736952 -0.0957010889081
79.6 24 22 0.949342 0.424732581813 -0.0958105570322
79.7 24 22 0.951694 0.424723667895 -0.0959240252128
79.8 24 22 0.944499 0.424714992765 -0.0960412736071
79.9 24 23 0.939734 0.424706559839 -0.0961620624145
80 24 22 0.946162 0.424698372051 -0.0962861340727
80.1 24 24 0.948324 0.424690432839 -0.0964132158541
80.2 24 22 0.945807 0.424682745204 -0.0965430247942
80.3 24 22 0.948693 0.424675312227 -0.0966752608564
80.4 24 22 0.950931 0.424668136764 -0.0968096109312
80.5 24 23 0.956374 0.424661221704 -0.0969457589707
80.6 24 22 0.94528 0.424654569691 -0.0970833609563
80.7 24 23 0.947408 0.424648183959 -0.0972220802464
80.8 24 23 0.760554 0.42464214904 -0.0973610773883
80.9 24 22 0.937164 0.424636379989 -0.0975009812287
81 24 22 0.941431 0.424630808205 -0.0976409459819
81.1 24 23 0.964327 0.424625512802 -0.0977806015358
81.2 24 23 0.964359 0.424620496154 -0.0979195880037
81.3 24 22 0.779935 0.424615819596 -0.0980571065449
81.4 24 22 0.77597 0.424611422056 -0.0981936770469
81.5 24 22 0.969102 0.424607251321 -0.0983284660935
81.6 24 22 0.77135 0.424603418414 -0.0984607494754
81.7 24 23 0.775353 0.424599871042 -0.0985909700475
81.8 24 22 0.958036 0.424596566655 -0.0987183590657
81.9 24 23 0.957663 0.424593556539 -0.0988426049442
82 24 22 0.964867 0.424590839165 -0.0989633859259
82.1 24 23 0.962616 0.424588416357 -0.0990803836623
82.2 24 22 0.772291 0.424586322161 -0.099192977457
82.3 24 22 0.959918 0.424584522454 -0.0993015223321
82.4 24 22 0.963223 0.424582988073 -0.0994054331586
82.5 24 24 0.97097 0.424581751339 -0.0995044619568
82.6 24 22 0.954835 0.424580812399 -0.0995983741711
82.7 24 22 0.958285 0.424580171748 -0.0996869515747
82.8 24 22 0.951054 0.424579829577 -0.099770005995
82.9 24 22 0.953067 0.424579785613 -0.099847365685
83 24 22 0.960321 0.424580040033 -0.0999188763014
83.1 24 22 0.961235 0.424580592268 -0.0999844124493
83.2 24 23 0.95838 0.424581442062 -0.100043874454
83.3 24 22 0.961918 0.424582588703 -0.100097178816
83.4 24 22 0.964214 0.424584031773 -0.100144273605
83.5 24 22 0.777095 0.424585812437 -0.10018482728
83.6 24 22 0.957584 0.424587890447 -0.10021941606
83.7 24 22 0.951702 0.424590216606 -0.100247781901
83.8 24 22 0.932246 0.424592834993 -0.100269963337
83.9 24 22 0.932943 0.424595744611 -0.100286038398
84 24 22 0.766327 0.424599003423 -0.100295761206
84.1 24 22 0.943411 0.424602554099 -0.100299888766
84.2 24 22 0.945014 0.424606327674 -0.100298253738
84.3 24 22 0.952328 0.424610386004 -0.100291023228
84.4 24 23 0.947794 0.424614727326 -0.100278377897
84.5 24 22 0.935701 0.424619349885 -0.100260527909
84.6 24 22 0.754215 0.424624338688 -0.100237287883
84.7 24 22 0.940867 0.42462960936 -0.100209693148
84.8 24 22 0.938912 0.424635064437 -0.100177616586
84.9 24 22 0.940487 0.424640790808 -0.10014133538
85 24 23 0.95669 0.424646789681 -0.100101148642
85.1 24 23 0.766155 0.424653169729 -0.100056876633
85.2 24 22 0.964556 0.424659821053 -0.100009767859
85.3 24 22 0.980171 0.424666615984 -0.0999597069884
85.4 24 22 0.966676 0.424673672561 -0.0999070223031
85.5 24 22 0.77904 0.424681125694 -0.0998515215887
85.6 24 22 0.977141 0.42468884124 -0.0997945994175
85.7 24 22 0.963626 0.424696668844 -0.0997361047106
85.8 24 24 0.776023 0.42470490283 -0.0996757999951
85.9 24 24 0.777863 0.424713392586 -0.0996151954512
86 24 24 0.772253 0.42472213563 -0.0995534666386
86.1 24 22 1.005049 0.424731129071 -0.0994921837629
86.2 24 22 0.779268 0.424740371916 -0.0994304278888
86.3 24 22 0.783778 0.424749860922 -0.0993698520636
86.4 24 22 0.79349 0.424759593496 -0.0993094582083
86.5 24 22 0.782595 0.424769567271 -0.0992509374609
86.6 24 22 0.975663 0.424779596095 -0.0991939169995
86.7 24 22 0.973327 0.42478984769 -0.0991387234977
86.8 24 22 0.965056 0.424800330015 -0.0990856343558
86.9 24 23 0.967911 0.424811041619 -0.099034939848
87 24 22 0.781396 0.424822187418 -0.0989861254226
87.1 24 22 0.977361 0.424833558895 -0.0989408836812
87.2 24 22 0.976399 0.424844935466 -0.0988986957738
87.3 24 22 0.972451 0.424856525013 -0.098859811502
87.4 24 22 0.985886 0.424868323678 -0.0988244323035
87.5 24 22 0.791194 0.424880546568 -0.0987919719534
87.6 24 22 0.980222 0.424892971597 -0.0987641482759
87.7 24 22 0.970306 0.424905372194 -0.0987402906798
87.8 24 23 0.962917 0.424917968797 -0.0987205265654
87.9 24 22 0.765122 0.424930998385 -0.0987041918498
88 24 22 0.960237 0.424944218463 -0.098692911461
88.1 24 22 0.95701 0.424957404991 -0.0986859314357
88.2 24 22 0.95904 0.424970786873 -0.0986832699166
88.3 24 22 0.785117 0.424984592781 -0.0986841594937
88.4 24 24 0.982584 0.424998595157 -0.0986901268648
88.5 24 22 1.006729 0.425012569243 -0.0987003223167
88.6 24 22 1.016657 0.425026741523 -0.0987146892521
88.7 24 22 1.026971 0.425041112853 -0.0987331558126
88.8 24 22 0.803554 0.425055906364 -0.0987549176986
88.9 24 25 0.960457 0.425070898917 -0.0987812781431
89 24 22 0.968341 0.42508587205 -0.0988113741001
89.1 24 23 0.980223 0.425101046639 -0.0988450521425
89.2 24 24 0.982297 0.425116424087 -0.0988821434168
89.3 24 22 0.984508 0.425132004906 -0.0989224656426
89.4 24 23 0.791788 0.425148000544 -0.0989652445788
89.5 24 23 0.990758 0.425164198626 -0.0990114636244
89.6 24 22 0.787988 0.425180600449 -0.0990597437025
89.7 24 22 0.814189 0.425197206214 -0.0991109642781
89.8 24 22 0.801074 0.425214016939 -0.0991638255391
89.9 24 22 0.969509 0.425231033151 -0.0992190642507
90 24 22 1.073349 0.425248060548 -0.0992758899612
90.1 24 22 1.033861 0.425265297568 -0.0993340414636
90.2 24 22 1.017314 0.425282745283 -0.0993932411044
90.3 24 22 1.018853 0.425300403634 -0.0994532064156
90.4 24 22 1.000622 0.425318274062 -0.099513650913
90.5 24 22 1.002171 0.425336355648 -0.0995742848776
90.6 24 22 0.991677 0.42535464937 -0.0996348186386
90.7 24 22 0.996035 0.425373155204 -0.0996949639538
90.8 24 22 0.797427 0.425392044596 -0.0997542916506
90.9 24 24 0.980281 0.42541114258 -0.0998128326749
91 24 22 1.00173 0.425430283228 -0.0998701369869
91.1 24 22 1.019721 0.425449635308 -0.0999259058757
91.2 24 22 1.02401 0.425469197883 -0.0999798640865
91.3 24 22 1.016592 0.425488970653 -0.100031735341
91.4 24 22 0.998823 0.425508952847 -0.1000812723
91.5 24 22 0.995264 0.42552914357 -0.100128208224
91.6 24 23 0.995764 0.425549541951 -0.100172295677
91.7 24 23 0.993687 0.425570146269 -0.100213327747
91.8 24 22 0.993886 0.425590955637 -0.100251040034
91.9 24 22 0.803075 0.425612108014 -0.100285382987
92 24 22 0.990825 0.425633458887 -0.100315904186
92.1 24 22 0.957301 0.425654873651 -0.100342510138
92.2 24 22 0.960454 0.425676486957 -0.100365033108
92.3 24 23 0.967031 0.425698296495 -0.100383308086
92.4 24 22 0.961021 0.425720300224 -0.100397192061
92.5 24 22 0.963665 0.425742495986 -0.10040654972
92.6 24 22 0.95249 0.425764881059 -0.100411272725
92.7 24 22 0.959684 0.425787453212 -0.100411266161
92.8 24 22 0.796783 0.425810320106 -0.100406757728
92.9 24 23 1.00538 0.425833365041 -0.100397102265
93 24 22 0.962205 0.425856481154 -0.100382527822
93.1 24 22 0.974726 0.425879773437 -0.100363007324
93.2 24 22 0.985637 0.42590323812 -0.100338526683
93.3 24 22 0.974134 0.425926872578 -0.100309100012
93.4 24 22 0.984756 0.425950673237 -0.10027474495
93.5 24 22 0.774084 0.425974722932 -0.100235876849
93.6 24 22 0.962516 0.425998928497 -0.10019185455
93.7 24 23 0.969296 0.426023207405 -0.100143091647
93.8 24 22 0.776557 0.426047715043 -0.100090048342
93.9 24 22 0.963546 0.426072368492 -0.100032133032
94 24 22 0.961355 0.42609709624 -0.0999698038626
94.1 24 22 0.956136 0.426121964679 -0.0999032170722
94.2 24 22 0.950581 0.426146971445 -0.0998325321269
94.3 24 22 0.95996 0.426172112794 -0.0997579227692
94.4 24 22 0.812878 0.426197441067 -0.0996799215651
94.5 24 22 1.001517 0.42622289354 -0.0995980598001
94.6 24 22 0.966245 0.426248417493 -0.0995128702804
94.7 24 22 0.971318 0.426274064797 -0.0994245830615
94.8 24 22 0.980539 0.42629982791 -0.0993334471699
94.9 24 22 0.970712 0.426325705609 -0.0992397065855
95 24 22 0.780364 0.426351727933 -0.099143934657
95.1 24 22 0.970551 0.426377854013 -0.0990457818493
95.2 24 22 0.972756 0.426404049602 -0.098945848801
95.3 24 22 0.969285 0.426430344751 -0.0988443818189
95.4 24 22 0.993763 0.426456737009 -0.0987416874683
95.5 24 23 1.012724 0.426483222451 -0.0986380582992
95.6 24 24 1.010006 0.426509798652 -0.0985337922235
95.7 24 22 0.803035 0.426536484156 -0.0984294395788
95.8 24 24 1.040782 0.42656325298 -0.0983248127604
95.9 24 22 0.799452 0.426590102725 -0.0982206917334
96 24 22 0.79551 0.426617030604 -0.0981168830988
96.1 24 22 0.996989 0.426644016194 -0.0980139674487
96.2 24 22 0.971317 0.426671077749 -0.0979122176092
96.3 24 22 0.971076 0.426698211911 -0.0978119255048
96.4 24 22 0.975324 0.426725416337 -0.097713381977
96.5 24 23 0.777366 0.426752703458 -0.0976170778219
96.6 24 22 0.781514 0.426780056895 -0.0975228849785
96.7 24 22 0.774276 0.426807475089 -0.0974314581852
96.8 24 22 0.775696 0.426834956515 -0.0973426652562
96.9 24 22 0.783397 0.426862499776 -0.0972571535689
97 24 22 0.974762 0.426890102775 -0.0971747789002
97.1 24 22 0.958809 0.426917750091 -0.0970959270697
97.2 24 23 0.962665 0.426945455124 -0.0970208326043
97.3 24 22 0.774899 0.426973235018 -0.0969498761942
97.4 24 22 0.966858 0.427001071874 -0.0968828626275
97.5 24 22 0.772155 0.427028964901 -0.0968203426793
97.6 24 23 0.962498 0.427056913398 -0.0967620692008
97.7 24 22 0.800665 0.42708491715 -0.0967085819283
97.8 24 22 0.96426 0.427112975557 -0.0966595793912
97.9 24 22 0.962886 0.427141057644 -0.0966153524121
98 24 22 0.974838 0.427169190827 -0.0965759802815
98.1 24 22 0.955394 0.427197374423 -0.0965415253105
98.2 24 22 0.964069 0.427225608549 -0.0965120161435
98.3 24 23 0.967844 0.427253892634 -0.0964874744044
98.4 24 22 0.969044 0.427282227511 -0.0964678937914
98.5 24 22 0.778635 0.427310665553 -0.0964535552935
98.6 24 22 0.978579 0.427339157816 -0.0964438383805
98.7 24 23 0.965425 0.42736764378 -0.0964389575407
98.8 24 22 0.963197 0.427396180514 -0.0964388317403
98.9 24 22 0.973508 0.427424768343 -0.0964433598194
99 24 22 0.97298 0.427453407387 -0.0964524193432
99.1 24 22 0.965346 0.427482098028 -0.096465872279
99.2 24 22 0.960997 0.427510840849 -0.0964835696272
99.3 24 22 0.958627 0.427539636333 -0.0965053348973
99.4 24 22 0.777746 0.427568582813 -0.0965314105789
99.5 24 23 0.962498 0.427597588451 -0.0965607625529
99.6 24 22 0.958168 0.427626544544 -0.0965935767699
99.7 24 22 0.952762 0.427655555658 -0.0966296114026
99.8 24 22 0.953205 0.427684622503 -0.0966686294378
99.9 24 22 0.964528 0.42771374584 -0.0967103839607
100 24 22 0.964009 0.427742926093 -0.0967546129014
100.1 24 22 0.96578 0.427772164073 -0.0968010456262
100.2 24 22 0.969185 0.427801460754 -0.0968494048474
100.3 24 22 0.971064 0.427830816778 -0.096899406475
100.4 24 22 0.966292 0.427860232838 -0.0969507680859
100.5 24 22 0.789423 0.42788987865 -0.0970038170587
100.6 24 22 0.804328 0.427919593491 -0.097057072969
100.7 24 22 0.980306 0.427949203388 -0.0971107988777
100.8 24 22 0.957903 0.427978869513 -0.0971647202126
100.9 24 22 0.953119 0.428008600838 -0.0972185560686
101 24 24 0.961889 0.42803839815 -0.0972720351369
101.1 24 22 0.999788 0.4280682627 -0.0973248721351
101.2 24 23 1.008068 0.428098195393 -0.097376807768
101.3 24 22 1.023451 0.428128197152 -0.0974275796758
101.4 24 22 0.801205 0.428158501213 -0.0974776746735
101.5 24 24 0.823704 0.428188883245 -0.0975254143569
101.6 24 22 0.830816 0.428219344479 -0.0975719632052
101.7 24 22 0.989197 0.428249884778 -0.0976157388457
101.8 24 22 0.974072 0.428280247027 -0.0976571707375
101.9 24 23 0.99048 0.428310684715 -0.0976961111106
102 24 23 1.034614 0.428341198551 -0.0977323925909
102.1 24 22 0.823277 0.428372068648 -0.0977666583175
102.2 24 23 1.016151 0.428403022806 -0.0977971820569
102.3 24 22 0.804301 0.428434062164 -0.0978254141064
102.4 24 22 1.005259 0.428465187318 -0.0978496620752
102.5 24 22 1.004216 0.428496096083 -0.0978706223414
102.6 24 22 0.957937 0.428527086907 -0.0978882464202
102.7 24 22 0.989649 0.428558160836 -0.0979024836585
102.8 24 22 0.999082 0.428589318872 -0.0979133044533
102.9 24 24 1.004416 0.42862056195 -0.0979206925782
103 24 22 0.976813 0.428651890829 -0.0979246620698
103.1 24 24 1.005663 0.428683306833 -0.0979252292522
103.2 24 24 0.824366 0.428715142651 -0.0979232079425
103.3 24 24 0.801651 0.428747069724 -0.0979170901296
103.4 24 25 0.782125 0.428779088504 -0.0979084800651
103.5 24 24 0.967375 0.428811198393 -0.0978959683623
103.6 24 24 0.965751 0.428843060617 -0.0978804003939
103.7 24 23 0.968043 0.428875014431 -0.0978619267477
103.8 24 24 0.960428 0.428907061732 -0.0978406726293
103.9 24 24 0.770607 0.428939545309 -0.0978175391308
104 24 24 0.771339 0.428972123179 -0.0977912185499
104.1 24 24 0.767841 0.429004795525 -0.0977632617547
104.2 24 25 1.002496 0.429037561663 -0.0977325217503
104.3 24 24 0.979723 0.429070084789 -0.0976998550322
104.4 24 24 0.969158 0.429102705483 -0.0976655097242
104.5 24 23 0.964546 0.429135424594 -0.0976297048344
104.6 24 23 0.965353 0.429168242904 -0.0975926611968
104.7 24 23 0.964058 0.429201160943 -0.0975546156339
104.8 24 23 0.978661 0.429234179464 -0.0975158014733
104.9 24 23 0.95744 0.42926729927 -0.0974764691744
105 24 23 0.777747 0.429300834047 -0.0974373806772
105.1 24 27 0.779338 0.429334465652 -0.0973977115313
105.2 24 24 0.771421 0.429368194075 -0.0973586803681
105.3 24 24 0.779755 0.429402019965 -0.0973196532665
105.4 24 23 0.96904 0.429435644378 -0.0972812853979
105.5 24 23 0.96776 0.429469381248 -0.0972438829382
105.6 24 26 0.959047 0.429503222831 -0.0972076850294
105.7 24 23 0.980146 0.429537169691 -0.0971729312947
105.8 24 24 0.962153 0.429571222519 -0.0971398610422
105.9 24 25 0.763995 0.429605637034 -0.0971090257812
106 24 24 0.953767 0.429640150068 -0.0970799431854
106.1 24 24 0.766154 0.429674762485 -0.0970534796687
106.2 24 23 0.948683 0.429709474535 -0.0970292261704
106.3 24 24 0.947749 0.429744060902 -0.0970077108614
106.4 24 24 0.767413 0.429778974905 -0.0969893586588
106.5 24 24 0.773623 0.429813990318 -0.0969738595368
106.6 24 25 0.9621 0.429848897484 -0.0969616022903
106.7 24 23 0.973922 0.429883921051 -0.0969527848264
106.8 24 23 0.766932 0.42991924405 -0.0969476905196
106.9 24 23 0.771255000001 0.429954670774 -0.0969461089052
107 24 23 0.971313999999 0.429990022386 -0.0969483036122
107.1 24 23 0.994471 0.430025492635 -0.0969544062197
107.2 24 23 0.95831 0.430061076471 -0.0969645080862
107.3 24 23 0.97515 0.430096774548 -0.0969786731796
107.4 24 23 0.980468 0.430132587918 -0.0969969572552
107.5 24 23 0.980406000001 0.430168516147 -0.0970194034007
107.6 24 23 0.971025 0.430204559404 -0.0970460417115
107.7 24 24 0.782767 0.430240849289 -0.0970769385558
107.8 24 23 0.970916 0.430277251614 -0.0971119320819
107.9 24 23 0.98052 0.430313654633 -0.0971510783524
108 24 23 0.966909999999 0.430350174596 -0.0971943829883
108.1 24 23 0.974547 0.430386819119 -0.0972417743324
108.2 24 23 0.995687000001 0.430423586284 -0.0972931848788
108.3 24 24 1.003886 0.430460481038 -0.0973485445204
108.4 24 23 0.778299 0.430497594347 -0.097407783928
108.5 24 24 0.977163 0.430534832846 -0.0974706958346
108.6 24 23 0.976938 0.430572114075 -0.0975372291943
108.7 24 23 0.791277 0.430609611212 -0.0976072905904
108.8 24 23 0.979003 0.430647240549 -0.0976806302074
108.9 24 24 0.976205999999 0.430684935581 -0.0977571543923
109 24 23 0.973104 0.430722769984 -0.0978367013691
109.1 24 24 0.78455 0.430760815344 -0.0979191484484
109.2 24 23 0.78099 0.430799005311 -0.0980042056742
109.3 24 23 0.781943 0.430837342602 -0.0980917323508
109.4 24 23 0.78355 0.430875830182 -0.0981815187758
109.5 24 23 0.965429 0.430914408477 -0.0982733173181
109.6 24 24 0.768723 0.430953205931 -0.0983670488182
109.7 24 24 1.000403 0.430992162296 -0.0984622948655
109.8 24 24 0.79061 0.431031281337 -0.0985590473263
109.9 24 23 0.969992 0.431070565285 -0.0986568720149
110 24 24 0.969645 0.431109959533 -0.098755644069
110.1 24 24 0.977016999999 0.431149523666 -0.0988551406635
110.2 24 23 0.793245000001 0.431189319789 -0.0989552624916
110.3 24 23 0.796763 0.431229291258 -0.099055511862
110.4 24 23 0.986714000001 0.431269380215 -0.099155760591
110.5 24 23 0.982443 0.431309645434 -0.0992558333291
110.6 24 23 0.791965 0.431350157092 -0.0993556250969
110.7 24 24 0.985917 0.431390853472 -0.0994546213663
110.8 24 23 0.987319999999 0.431431665077 -0.0995527371947
110.9 24 23 0.775825 0.431472734293 -0.0996499538298
111 24 23 0.972902 0.431513991321 -0.099745713536
111.1 24 23 0.972238 0.431555359779 -0.0998399894971
111.2 24 23 0.778582 0.431596997313 -0.0999327670722
111.3 24 23 0.975497 0.431638825703 -0.100023476317
111.4 24 25 0.784795 0.431680846187 -0.100112355271
111.5 24 24 0.782434 0.431723058457 -0.10019880455
111.6 24 23 0.960173 0.431765372108 -0.100282904513
111.7 24 24 0.957848 0.431807871225 -0.100364495232
111.8 24 23 0.961455000001 0.431850560344 -0.100443434254
111.9 24 23 0.803543999999 0.431893544904 -0.100519799331
112 24 25 0.999223 0.431936721088 -0.100593066777
112.1 24 24 0.77296 0.431980090806 -0.10066352922
112.2 24 24 0.783212 0.432023653147 -0.100730669983
112.3 24 24 0.796095 0.43206740692 -0.100794813148
112.4 24 24 0.805523 0.43211135148 -0.100855549626
112.5 24 24 0.980281 0.432155370259 -0.100912948046
112.6 24 24 0.981033 0.432199567999 -0.100967017686
112.7 24 24 0.787407 0.432244084736 -0.101017903546
112.8 24 24 0.976691 0.432288789052 -0.101065185258
112.9 24 24 0.769774 0.432333680945 -0.101109228595
113 24 24 0.956531 0.4323787575 -0.101149684283
113.1 24 24 0.977353 0.432423873907 -0.10118677835
113.2 24 24 1.009761 0.432469171457 -0.101220537848
113.3 24 24 0.968196000001 0.432514649048 -0.101250998263
113.4 24 24 0.969384 0.432560306 -0.101278214422
113.5 24 24 0.793386 0.432606297203 -0.101302369321
113.6 24 24 0.983363 0.432652467654 -0.10132325405
113.7 24 24 0.79518 0.432698816809 -0.101341195704
113.8 24 24 0.992596 0.432745342841 -0.101356077601
113.9 24 24 0.972744000001 0.432791880997 -0.101368131647
114 24 24 0.784325 0.432838757577 -0.101377530363
114.1 24 25 0.77909 0.432885807322 -0.101384236105
114.2 24 24 0.973613 0.43293286312 -0.101388461763
114.3 24 24 0.779934 0.432980238299 -0.101390412679
114.4 24 24 0.775842 0.43302776441 -0.10139015656
114.5 24 25 0.776639999999 0.433075433495 -0.101387759248
114.6 24 24 0.957769 0.433123245315 -0.101383512025
114.7 24 24 0.772618999999 0.433171201898 -0.101377511449
114.8 24 25 0.986365 0.433219299274 -0.10136996741
114.9 24 24 0.820143999999 0.433267536896 -0.101360984148
115 24 24 0.973789 0.433315914831 -0.101350802914
115.1 24 24 0.779987000001 0.433364436957 -0.101339477844
115.2 24 24 0.968027 0.433413101379 -0.101327325635
115.3 24 24 0.781329 0.433461907807 -0.101314379607
115.4 24 24 0.983489 0.433510858034 -0.10130095811
115.5 24 24 0.780888 0.433559951181 -0.101287018295
115.6 24 24 0.972932 0.433609186615 -0.101273011016
115.7 24 24 0.965993 0.43365839845 -0.101258987444
115.8 24 24 0.779454 0.433707920345 -0.101244887469
115.9 24 24 0.970179 0.433757587879 -0.101231265108
116 24 24 0.771796 0.433807402676 -0.101217865229
116.1 24 24 0.961283 0.433857364545 -0.101205280192
116.2 24 24 0.956617 0.433907318425 -0.101193466783
116.3 24 25 0.961666 0.433957425721 -0.101182558997
116.4 24 24 0.999028 0.43400768516 -0.101172695209
116.5 24 24 0.97653 0.434058098248 -0.101164002232
116.6 24 24 0.973544 0.434108665326 -0.101156606411
116.7 24 24 0.784165999999 0.434159534069 -0.101150263634
116.8 24 24 0.969647 0.434210556213 -0.101145749896
116.9 24 24 0.985962 0.434261595358 -0.101142862966
117 24 24 0.96387 0.434312793274 -0.101141713848
117.1 24 24 0.777285 0.434364283381 -0.101141972093
117.2 24 24 0.96788 0.434415930422 -0.101144471448
117.3 24 24 0.966943 0.434467610591 -0.101148913796
117.4 24 24 0.963556 0.434519453336 -0.101155365871
117.5 24 25 0.962669 0.434571457096 -0.101163880665
117.6 24 24 0.772001 0.434623737365 -0.101174080715
117.7 24 24 0.958766 0.434676177267 -0.1011867913
117.8 24 24 0.988271 0.434728670195 -0.101201648922
117.9 24 24 0.98749 0.43478132784 -0.101218657754
118 24 24 0.964266999999 0.434834150578 -0.101237834264
118.1 24 24 0.980015 0.434887139653 -0.101259132502
118.2 24 24 0.984904999999 0.434940295374 -0.101282568387
118.3 24 24 0.987932 0.434993618486 -0.10130808772
118.4 24 24 0.987105 0.435047109773 -0.101335652175
118.5 24 24 0.979288 0.435100769971 -0.101365203459
118.6 24 24 0.790107999999 0.435154679511 -0.101396279036
118.7 24 24 0.789865 0.435208755059 -0.101429628097
118.8 24 24 0.981207 0.435262921864 -0.101464757288
118.9 24 24 0.9732 0.435317260909 -0.101501586535
119 24 24 0.975871 0.435371770867 -0.101540007419
119.1 24 24 0.783015 0.435426516244 -0.101579581236
119.2 24 24 0.973124 0.435481428817 -0.101620897046
119.3 24 24 1.008129 0.435536447333 -0.101663498023
119.4 24 24 0.989906 0.435591634473 -0.101707265893
119.5 24 24 0.978118 0.435646989833 -0.101752062347
119.6 24 24 0.980053 0.435702511834 -0.101797731749
119.7 24 24 0.981025 0.435758199072 -0.101844170251
119.8 24 24 0.993266 0.435814050151 -0.101891218953
119.9 24 24 0.983082000001 0.435870063748 -0.101938727006
120 24 24 1.001804 0.435926237897 -0.101986548782
120.1 24 24 0.987235 0.435982570907 -0.102034528282
120.2 24 24 0.989609 0.436039061305 -0.102082508912
120.3 24 24 0.973631999999 0.436095706723 -0.102130333784
120.4 24 25 0.96578 0.436152505365 -0.102177845132
120.5 24 24 0.967768 0.436209454374 -0.102224897081
120.6 24 24 0.784117 0.436266588757 -0.102271142375
120.7 24 25 1.019301 0.436323868229 -0.102316794999
120.8 24 25 0.982524 0.436381255092 -0.102361519853
120.9 24 25 0.787021 0.436438817173 -0.102405006196
121 24 24 0.978491 0.436496517006 -0.102447441395
121.1 24 26 0.984387 0.436554318928 -0.102488499236
121.2 24 27 0.797278 0.436612285841 -0.10252793239
121.3 24 25 0.808888 0.4366703823 -0.10256582557
121.4 24 25 0.970179999999 0.4367285706 -0.102601944202
121.5 24 25 0.781952 0.436786916822 -0.102636073442
121.6 24 24 0.967324 0.43684538319 -0.102668256748
121.7 24 24 0.997542999999 0.436903936437 -0.102698311816
121.8 24 25 1.007914 0.436962602831 -0.102726129118
121.9 24 25 0.797694999999 0.437021408218 -0.102751581305
122 24 24 0.775500000001 0.4370803237 -0.102774631031
122.1 24 24 0.962982 0.437139321059 -0.102795164239
122.2 24 27 0.997816 0.43719842479 -0.102813110481
122.3 24 25 0.79082 0.43725765677 -0.102828417751
122.4 24 24 0.965407 0.437316989225 -0.102841015079
122.5 24 24 0.972898 0.437376397396 -0.102850836298
122.6 24 24 0.784769 0.437435920188 -0.102857907865
122.7 24 24 0.975988 0.43749554091 -0.102862112081
122.8 24 24 0.978359 0.437555233988 -0.102863461707
122.9 24 24 0.772846999999 0.437615033218 -0.102862007598
123 24 25 0.965573 0.437674923834 -0.102857642953
123.1 24 25 0.782134 0.437734900708 -0.102850489615
123.2 24 25 0.78647 0.437794961386 -0.102840422228
123.3 24 25 0.973866 0.437855085756 -0.102827483617
123.4 24 25 0.969808 0.437915290448 -0.102811780693
123.5 24 26 0.969148 0.437975573037 -0.102793317889
123.6 24 24 0.785666 0.438035945396 -0.102772254449
123.7 24 25 1.009657 0.438096389454 -0.102748460142
123.8 24 26 0.968136 0.438156890553 -0.102722100804
123.9 24 24 0.775924 0.438217472588 -0.102693339672
124 24 24 0.967028 0.438278120968 -0.102662073351
124.1 24 24 0.796605 0.438338835713 -0.102628588592
124.2 24 24 0.965453000001 0.438399615289 -0.102592731318
124.3 24 24 0.972442 0.438460449122 -0.102554774195
124.4 24 24 0.781967 0.438521350408 -0.102514879465
124.5 24 24 0.778386 0.438582309427 -0.102472851993
124.6 24 25 0.968992 0.438643315542 -0.102429148505
124.7 24 25 0.780881000001 0.438704383666 -0.102383945404
124.8 24 24 0.965679 0.438765502769 -0.102337113915
124.9 24 26 0.966834 0.438826665027 -0.102288874545
125 24 24 1.014218 0.438887873041 -0.102239347029
125.1 24 25 0.981824 0.438949125705 -0.102188706927
125.2 24 25 0.975015 0.439010419227 -0.102137073777
125.3 24 25 0.783216 0.439071756287 -0.102084668991
125.4 24 24 0.975374000001 0.439133130759 -0.102031515904
125.5 24 25 0.984049000001 0.439194536435 -0.101977798814
125.6 24 24 0.973037 0.439255973908 -0.101923683791
125.7 24 26 0.973575 0.439317439815 -0.10186930458
125.8 24 25 0.975322 0.439378932638 -0.101814809756
125.9 24 25 0.975438 0.439440449457 -0.101760340443
126 24 24 0.973602 0.439501987001 -0.10170603029
126.1 24 26 0.964858 0.439563542533 -0.101652032904
126.2 24 25 0.962759999999 0.439625112409 -0.101598478575
126.3 24 28 0.777343 0.439686698788 -0.10154550414
126.4 24 26 0.782354999999 0.439748294959 -0.101493227162
126.5 24 24 1.005344 0.439809893068 -0.101441808693
126.6 24 27 0.978012 0.439871494635 -0.101391341471
126.7 24 25 0.783337 0.43993310401 -0.101341952318
126.8 24 26 0.974620000001 0.439994712137 -0.101293765996
126.9 24 26 0.985449000001 0.440056307105 -0.10124688619
127 24 25 0.793054000001 0.440117904447 -0.101201392175
127.1 24 25 0.982393 0.440179493687 -0.101157425175
127.2 24 24 0.785077 0.440241071419 -0.101115035212
127.3 24 24 0.980347 0.440302635265 -0.101074352893
127.4 24 25 0.974407 0.440364166686 -0.101035408259
127.5 24 24 0.799129 0.44042569615 -0.100998266595
127.6 24 24 0.997947 0.440487205789 -0.100963002156
127.7 24 24 0.967692 0.440548671851 -0.100929683465
127.8 24 25 0.977863 0.440610112648 -0.100898353563
127.9 24 26 0.976885 0.440671524805 -0.100869056522
128 24 24 0.988125 0.440732908144 -0.100841816137
128.1 26 24 1.063209 0.440794261122 -0.100816651943
128.2 26 25 1.027889 0.440855617047 -0.100793628121
128.3 26 26 0.999664 0.440916943034 -0.100772694297
128.4 24 26 0.815714 0.440978238112 -0.100753920584
128.5 24 25 1.001055 0.441039502207 -0.100737203373
128.6 24 25 0.982806999999 0.441100688559 -0.100722572462
128.7 24 24 0.981179 0.441161840391 -0.100709991352
128.8 24 25 0.984557000001 0.441222957204 -0.100699442497
128.9 24 24 0.982511 0.44128403878 -0.100690872241
129 26 24 1.036155 0.441345084703 -0.100684242154
129.1 26 24 0.844268000001 0.441406161416 -0.100679642176
129.2 26 24 1.043963 0.441467206262 -0.100676741133
129.3 26 25 0.850629 0.44152821938 -0.10067576062
129.4 26 25 1.08138 0.441589201179 -0.100676320209
129.5 26 26 1.052935 0.441650068788 -0.100678471785
129.6 26 27 1.064988 0.441710901092 -0.100682120224
129.7 26 25 1.065756 0.441771698435 -0.100687144404
129.8 26 26 1.084658 0.441832459978 -0.100693476107
129.9 26 26 1.04844 0.441893187176 -0.100701021926
130 26 25 1.064222 0.441953879605 -0.100709674323
130.1 26 25 1.054834 0.442014536834 -0.100719315921
130.2 26 26 1.057957 0.442075158343 -0.100729827815
130.3 26 27 1.055951 0.442135743461 -0.100741101138
130.4 26 27 0.856849 0.442196418399 -0.100753377011
130.5 26 27 1.058872 0.442257060865 -0.100765842563
130.6 26 26 1.047526 0.44231753222 -0.100778682209
130.7 26 27 1.0558 0.442377964014 -0.100791787984
130.8 26 27 0.858412 0.442438502868 -0.100805379099
130.9 26 27 1.062326 0.442499002929 -0.100818591749
131 26 29 0.857537 0.442559466785 -0.10083213136
131.1 26 27 0.85294 0.442619890936 -0.100844950679
131.2 26 27 1.039802 0.442680109996 -0.100857378174
131.3 26 27 1.045256 0.442740277158 -0.100869256952
131.4 26 27 1.022986 0.442800396644 -0.100880468427
131.5 26 27 0.823848999999 0.442860652059 -0.100891422325
131.6 26 26 1.010077 0.442920862107 -0.100900953665
131.7 26 27 1.01311 0.442980831756 -0.100909425745
131.8 26 27 0.81781 0.443040948162 -0.100917327191
131.9 26 27 1.018137 0.443101015386 -0.100923372558
132 26 26 1.015464 0.443160823827 -0.100928017539
132.1 26 27 1.01464 0.443220576855 -0.100931165567
132.2 26 27 0.821346 0.44328048868 -0.100933347251
132.3 26 26 1.015076 0.443340345766 -0.100933206421
132.4 26 26 1.01667 0.44339992243 -0.100931287429
132.5 26 27 1.012925 0.443459437589 -0.100927498194
132.6 26 27 1.013645 0.443518890457 -0.100921771356
132.7 26 27 1.028569 0.443578279655 -0.100914043976
132.8 26 27 1.052013 0.443637603967 -0.100904258755
132.9 26 26 1.053291 0.443696861585 -0.10089236272
133 26 26 1.050557 0.443756051721 -0.100878324633
133.1 26 27 1.051658 0.443815172792 -0.100862110462
133.2 26 27 1.049235 0.44387422325 -0.100843699924
133.3 26 26 0.873572 0.443933447653 -0.100823767249
133.4 26 27 1.019856 0.443992598791 -0.100800954324
133.5 26 26 1.00719 0.44405142701 -0.100775941745
133.6 26 27 1.00886 0.444110179024 -0.100748753949
133.7 26 29 1.017036 0.444168853108 -0.10071941702
133.8 26 27 1.017079 0.444227448286 -0.100687983096
133.9 26 27 1.02175 0.444285963667 -0.100654500971
134 26 27 0.827669 0.444344646253 -0.100619691873
134.1 26 27 1.025148 0.444403245401 -0.100582301031
134.2 26 28 1.024321 0.444461512734 -0.100543058985
134.3 26 28 0.991023 0.444519695414 -0.100502079277
134.4 26 29 0.80803 0.444578037254 -0.10046009332
134.5 26 27 1.00407 0.44463629015 -0.100415917247
134.6 26 26 1.004064 0.444694211667 -0.100370325841
134.7 26 28 1.01576 0.444752044606 -0.100323443248
134.8 26 28 1.017391 0.444809788136 -0.100275399066
134.9 26 27 1.001765 0.444867441305 -0.10022634739
135 26 27 1.000927 0.44492500328 -0.100176428315
135.1 26 28 1.006209 0.444982473642 -0.100125797041
135.2 26 27 1.006973 0.445039851575 -0.100074610365
135.3 26 26 1.022763 0.445097136697 -0.100023032155
135.4 26 28 0.814556 0.44515454943 -0.0999717837104
135.5 26 29 0.812909 0.445211864715 -0.0999198945149
135.6 26 28 0.810685 0.445269075065 -0.0998686415299
135.7 26 26 1.004672 0.445326178391 -0.0998171213789
135.8 26 27 0.814273 0.445383177178 -0.0997665685551
135.9 26 28 1.004929 0.445440069983 -0.0997161024235
136 26 29 1.051963 0.445496655416 -0.0996664333785
136.1 26 29 0.851195 0.445553338369 -0.0996182135512
136.2 26 28 1.043071 0.445609915638 -0.0995706144564
136.3 26 28 0.848088 0.445666389264 -0.099524769958
136.4 26 28 1.047187 0.445722758898 -0.0994798854518
136.5 26 29 0.86968 0.445779025829 -0.0994370454454
136.6 26 28 0.881215 0.445835190369 -0.0993954944349
136.7 26 28 1.068473 0.445891072055 -0.099355808253
136.8 26 27 1.062887 0.445946859441 -0.0993181506478
136.9 26 27 1.053441 0.446002551754 -0.0992826495375
137 26 28 1.046209 0.446058149885 -0.099249427172
137.1 26 27 1.048147 0.446113655313 -0.0992185859679
137.2 26 27 1.041424 0.446169069026 -0.0991902325733
137.3 26 27 1.042544 0.446224392743 -0.0991644640624
137.4 26 27 1.044242 0.446279627583 -0.0991413577794
137.5 26 27 1.039047 0.446334775201 -0.0991209878868
137.6 26 28 1.037676 0.446389837129 -0.0991034149002
137.7 26 27 1.036266 0.446444815085 -0.0990886897084
137.8 26 27 1.04648 0.446499710621 -0.0990768555869
137.9 26 29 1.034436 0.446554525168 -0.0990679433474
138 26 27 1.03505 0.446609260649 -0.0990619701092
138.1 26 27 1.037689 0.446663918566 -0.0990589394787
138.2 26 27 1.033389 0.44671850061 -0.0990588561541
138.3 26 27 0.998944 0.446773008259 -0.0990617042678
138.4 26 29 1.006147 0.446827443155 -0.0990674527618
138.5 26 30 0.822424 0.446881953955 -0.0990764444246
138.6 26 28 0.819023 0.446936394569 -0.0990878892859
138.7 26 28 1.005657 0.446990620933 -0.0991020772025
138.8 26 27 0.996843 0.447044780368 -0.0991189680494
138.9 26 29 0.995921000001 0.447098874968 -0.099138486189
139 26 28 0.816953 0.447153054649 -0.0991609122563
139.1 26 29 1.00824 0.447207172987 -0.0991854017091
139.2 26 30 1.022591 0.447261082467 -0.0992122382222
139.3 26 30 1.027299 0.447314933886 -0.0992413249946
139.4 26 30 0.840765 0.447368881108 -0.0992729037307
139.5 26 30 0.84506 0.447422774492 -0.099306131568
139.6 26 30 1.031895 0.447476462292 -0.0993412161326
139.7 26 30 0.835302 0.447530253174 -0.0993784226505
139.8 26 28 1.032464 0.447583995062 -0.0994168658647
139.9 26 29 0.823655 0.447637690412 -0.0994571547471
140 26 30 0.835378 0.447691340275 -0.0994984062835
140.1 26 28 1.029795 0.447744783405 -0.0995408452385
140.2 26 29 1.02108 0.447798178648 -0.0995843317608
140.3 26 30 0.838717000001 0.44785170233 -0.0996291063962
140.4 26 36 0.841196 0.447905187207 -0.09967382288
140.5 28 36 0.84687 0.447958634166 -0.0997198314785
140.6 28 34 1.062474 0.448012045627 -0.0997654752877
140.7 28 34 0.873061 0.448065423583 -0.0998111980271
140.8 28 35 1.053413 0.44811876959 -0.0998569099317
140.9 28 34 1.059181 0.448172085378 -0.0999025589478
141 28 34 1.069546 0.448225371484 -0.0999480672628
141.1 28 34 0.871733 0.448278630701 -0.0999933952295
141.2 28 34 0.87587 0.448331863891 -0.100038516024
141.3 28 34 0.884043 0.44838507207 -0.100083362375
141.4 28 34 0.873431 0.448438256925 -0.10012794251
141.5 28 35 1.053281 0.448491419946 -0.100172214603
141.6 28 33 1.055453 0.44854456215 -0.100216161324
141.7 28 33 0.858932 0.448597684628 -0.100259771441
141.8 28 33 1.04139 0.44865078916 -0.100303028799
141.9 28 33 1.055923 0.448703876311 -0.100345939814
142 28 34 1.065079 0.448756947128 -0.10038850213
142.1 28 33 0.876012000001 0.448810002499 -0.10043073192
142.2 28 33 1.050562 0.448863043342 -0.100472628249
142.3 28 34 0.863469 0.448916071186 -0.100514197506
142.4 28 33 1.074427 0.448969086546 -0.100555460155
142.5 28 33 0.872943 0.449022090359 -0.100596476049
142.6 28 34 1.052404 0.449075083626 -0.1006371833
142.7 28 34 1.054592 0.449128066591 -0.100677647391
142.8 28 33 1.061881 0.449181040495 -0.100717838403
142.9 28 35 0.865452 0.449234006143 -0.10075788686
143 28 33 1.060511 0.449286964074 -0.100797680406
143.1 28 35 0.873619 0.449339915396 -0.10083730575
143.2 28 34 1.069512 0.449392860365 -0.100876710668
143.3 28 34 1.0889 0.449445799452 -0.100915907033
143.4 28 34 1.068842 0.449498733451 -0.100954890326
143.5 28 34 1.064378 0.449551662731 -0.100993699362
143.6 28 35 1.067916 0.449604588182 -0.101032285082
143.7 28 35 1.097557 0.449657509597 -0.101070663887
143.8 28 34 1.096779 0.449710427677 -0.101108834188
143.9 28 34 1.097995 0.449763342936 -0.101146720146
144 28 35 1.083859 0.44981625592 -0.101184331184
144.1 28 34 1.093776 0.449869167178 -0.10122162783
144.2 28 34 0.895615 0.44992207805 -0.101258605208
144.3 28 36 0.906628 0.449974987424 -0.101295195771
144.4 28 36 0.883868 0.450027895702 -0.101331379062
144.5 28 35 0.868451 0.450080803627 -0.10136711026
144.6 28 34 1.045232 0.450133708998 -0.101402289507
144.7 28 35 1.044725 0.450186614556 -0.10143692144
144.8 28 35 0.860754 0.450239523335 -0.101470943276
144.9 28 34 1.096007 0.450292432406 -0.101504282629
145 28 34 0.883523 0.450345342888 -0.101536881485
145.1 28 37 1.05156 0.450398254474 -0.101568679503
145.2 28 38 1.046429 0.450451163781 -0.101599653192
145.3 28 34 1.06178 0.450504074629 -0.101629699942
145.4 28 35 1.059891 0.450556987377 -0.101658774035
145.5 28 35 0.867382 0.450609907421 -0.101686804893
145.6 28 35 0.867298 0.450662830342 -0.101713708942
145.7 28 36 1.071634 0.45071574981 -0.101739504023
145.8 28 36 0.858592 0.450768678381 -0.10176403674
145.9 28 34 0.867221 0.450821609951 -0.101787338956
146 28 36 1.085923 0.450874537906 -0.101809353767
146.1 28 36 1.074828 0.450927468463 -0.101830020155
146.2 28 35 1.057545 0.450980402038 -0.101849300095
146.3 28 35 1.050311 0.451033338877 -0.101867168233
146.4 28 36 1.064586 0.451086278922 -0.101883600472
146.5 28 35 1.076252 0.451139222678 -0.101898576636
146.6 28 33 0.880702 0.451192180534 -0.101912009602
146.7 28 35 1.073844 0.451245142609 -0.101924029926
146.8 28 35 1.07834 0.451298097041 -0.101934604107
146.9 28 34 0.886050999999 0.451351067452 -0.101943625038
147 28 37 1.077027 0.451404041934 -0.101951315928
147.1 28 35 0.865574 0.451457020515 -0.101957506128
147.2 28 35 0.858606 0.451510003334 -0.101962421947
147.3 28 35 1.060708 0.451562975461 -0.101966027393
147.4 28 35 0.870078 0.451615965657 -0.101968239913
147.5 28 37 1.059654 0.451668959401 -0.101969418759
147.6 28 35 1.080608 0.451721941978 -0.101969464977
147.7 28 34 0.879546 0.45177494164 -0.101968333165
147.8 28 34 1.0746 0.451827944383 -0.101966357644
147.9 28 34 1.073152 0.451880934153 -0.101963512021
148 28 36 0.874766 0.451933941851 -0.101959766185
148.1 28 34 1.058606 0.451986951318 -0.101955477581
148.2 28 33 1.06181 0.452039947184 -0.101950609842
148.3 28 33 1.064211 0.452092943862 -0.101945291955
148.4 28 33 0.871814 0.452145956186 -0.101939478889
148.5 28 34 0.877756000001 0.452198968356 -0.101933552895
148.6 28 36 0.876732 0.452251980074 -0.101927366337
148.7 28 34 1.065717 0.452304990671 -0.10192127472
148.8 28 33 0.869874 0.452358 -0.101915157546
148.9 28 34 1.07994 0.452411007332 -0.101909340306
149 28 33 1.060829 0.452463995392 -0.10190382104
149.1 28 33 1.051552 0.452516980323 -0.101898684443
149.2 28 33 1.06112 0.452569961475 -0.101894018554
149.3 28 33 1.063425 0.452622938027 -0.101889920898
149.4 28 34 1.067807 0.452675909679 -0.101886450615
149.5 28 34 1.068856 0.452728875506 -0.101883690097
149.6 28 33 0.873243 0.452781850236 -0.101881609133
149.7 28 33 0.876545 0.452834817631 -0.101880439395
149.8 28 33 0.869675 0.452887776999 -0.101880070883
149.9 28 35 1.062275 0.452940727958 -0.101880687725
150 28 33 0.86576 0.45299366905 -0.101882171149
150.1 28 33 1.084758 0.45304660039 -0.101884674751
150.2 28 33 1.064405 0.45309950678 -0.101888133504
150.3 28 34 1.064085 0.453152402043 -0.101892532948
150.4 28 34 0.880674 0.45320529911 -0.101897809678
150.5 28 34 1.073766 0.453258183665 -0.101904055894
150.6 28 35 1.063069 0.453311041259 -0.10191117468
150.7 28 33 1.070624 0.453363884925 -0.101919113909
150.8 28 33 1.047405 0.453416713766 -0.101927827582
150.9 28 35 1.056933 0.453469527559 -0.101937254762
151 28 34 1.066393 0.453522325108 -0.101947316532
151.1 28 33 0.866036 0.453575119102 -0.101957920201
151.2 28 33 1.061057 0.453627895591 -0.101969035461
151.3 28 34 0.887774 0.453680654559 -0.101980513876
151.4 28 33 0.885088999999 0.453733394995 -0.101992314366
151.5 28 34 1.059961 0.453786104214 -0.102004322424
151.6 28 34 1.063912 0.453838793967 -0.102016407274
151.7 28 33 0.866605 0.453891475783 -0.102028464432
151.8 28 34 0.866968 0.453944136973 -0.102040403625
151.9 28 33 0.879587 0.453996776709 -0.102052102452
152 28 34 1.070273 0.454049394848 -0.102063491281
152.1 28 34 0.872537 0.454101990627 -0.10207441395
152.2 28 33 1.074305 0.454154563391 -0.102084769865
152.3 28 34 1.073659 0.454207101869 -0.10209445958
152.4 28 35 1.066224 0.454259616495 -0.102103380489
152.5 28 34 1.076937 0.454312106777 -0.102111421496
152.6 28 33 0.867446 0.45436458257 -0.102118520946
152.7 28 34 1.053623 0.45441703252 -0.102124552141
152.8 28 33 1.070733 0.454469446549 -0.102129449477
152.9 28 33 0.881431 0.454521843478 -0.102133157465
153 28 34 0.874244 0.454574212792 -0.102135563573
153.1 28 33 1.05878 0.454626545689 -0.102136632269
153.2 28 36 1.063503 0.454678849936 -0.102136295281
153.3 28 33 1.06342 0.45473112507 -0.102134516905
153.4 28 35 1.059709 0.454783370353 -0.102131268731
153.5 28 35 0.859604 0.454835593379 -0.102126549104
153.6 28 34 1.049713 0.454887784644 -0.102120288897
153.7 28 34 0.868403 0.454939944005 -0.102112537122
153.8 28 36 1.075377 0.454992070054 -0.102103226735
153.9 28 37 0.869067000001 0.455044163068 -0.102092442444
154 28 33 1.067538 0.455096221269 -0.102080129475
154.1 28 34 1.062042 0.455148237793 -0.102066348659
154.2 28 35 1.058267 0.455200218321 -0.102051136746
154.3 28 34 0.880028 0.455252168059 -0.10203457559
154.4 28 33 1.051886 0.455304079513 -0.102016661371
154.5 28 35 1.054999 0.455355946888 -0.101997466678
154.6 28 33 1.065798 0.455407774929 -0.101977090962
154.7 28 33 1.064671 0.455459562305 -0.101955592285
154.8 28 33 0.872198 0.455511313295 -0.101933091644
154.9 28 34 1.072511 0.45556302126 -0.101909614515
155 28 34 0.874894 0.455614685609 -0.101885326338
155.1 28 37 0.884414 0.455666305347 -0.101860221872
155.2 28 33 1.07526 0.455717875158 -0.101834494213
155.3 28 35 1.085474 0.455769398394 -0.101808205312
155.4 28 34 1.058516 0.455820874006 -0.101781470649
155.5 28 34 1.070367 0.4558723008 -0.101754405918
155.6 28 33 1.070085 0.455923677805 -0.101727115522
155.7 28 33 0.875222 0.455975007508 -0.101699741497
155.8 28 34 1.072239 0.456026284961 -0.101672337582
155.9 28 34 0.878246 0.456077509595 -0.101645073796
156 28 36 0.879086 0.456128680123 -0.10161798095
156.1 28 34 1.067829 0.456179792132 -0.101591219404
156.2 28 34 0.867166 0.456230851537 -0.101564893581
156.3 28 34 1.056788 0.456281853471 -0.101539066024
156.4 28 33 1.070431 0.456332794181 -0.101513850789
156.5 28 34 1.084624 0.456383676078 -0.10148933031
156.6 28 33 1.071831 0.456434497952 -0.101465581711
156.7 28 33 1.073012 0.456485258788 -0.101442694858
156.8 28 35 1.073093 0.45653595882 -0.101420733238
156.9 28 36 1.067168 0.456586595354 -0.101399765175
157 28 33 1.070175 0.456637169817 -0.101379840699
157.1 28 33 1.052881 0.45668767982 -0.101361022503
157.2 28 33 1.052388 0.456738125844 -0.101343346356
157.3 28 33 1.06448 0.456788506574 -0.101326859836
157.4 28 34 1.08727 0.456838820424 -0.101311577126
157.5 28 33 1.077783 0.456889069069 -0.10129752871
157.6 28 34 0.883687 0.456939255831 -0.101284763725
157.7 28 33 1.0743 0.456989375086 -0.101273214509
157.8 28 33 0.88058 0.45703942716 -0.101262960676
157.9 28 34 1.077486 0.457089411048 -0.101253950077
158 28 33 1.078327 0.457139319108 -0.101246171791
158.1 28 33 0.883278 0.457189166635 -0.101239637229
158.2 28 34 1.086415 0.457238945246 -0.101234267172
158.3 28 33 0.874124000001 0.45728865499 -0.101230079106
158.4 28 35 0.864447 0.457338295581 -0.101227008246
158.5 28 33 1.063786 0.457387856691 -0.101224991169
158.6 28 35 0.872773 0.457437358698 -0.101224052959
158.7 28 34 0.872808 0.457486791543 -0.101224065841
158.8 28 33 0.876461 0.457536154854 -0.101225041304
158.9 28 35 1.057347 0.457585448583 -0.101226835672
159 28 33 0.860508 0.457634673043 -0.101229475376
159.1 28 33 0.863594 0.457683828242 -0.101232819894
159.2 28 34 1.057682 0.457732899575 -0.101236833229
159.3 28 34 0.867413 0.457781916795 -0.101241513657
159.4 28 34 1.065029 0.457830864654 -0.101246663481
159.5 28 33 1.0519 0.457879725925 -0.101252277091
159.6 28 33 0.863246 0.457928536257 -0.101258347749
159.7 28 35 1.056058 0.457977277958 -0.101264743321
159.8 28 33 1.065845 0.458025932348 -0.101271338515
159.9 28 33 1.066045 0.458074516505 -0.101278155052
160 28 33 0.878396 0.458123054185 -0.101285182483
160.1 28 34 1.088164 0.458171523727 -0.101292187545
160.2 28 33 0.870635 0.458219925826 -0.101299316219
160.3 28 34 1.085531 0.45826825995 -0.101306277989
160.4 28 34 0.877139 0.458316526839 -0.101313253109
160.5 28 33 1.074 0.458364726565 -0.101319931152
160.6 28 36 0.878805 0.458412859075 -0.101326539307
160.7 28 35 1.075445 0.458460924686 -0.101332741948
160.8 28 33 0.880744 0.458508923527 -0.101338785777
160.9 28 33 1.074856 0.458556855579 -0.101344348463
161 28 35 1.086088 0.458604688846 -0.101349509921
161.1 28 34 1.079457 0.458652454497 -0.101354246856
161.2 28 35 0.88397 0.458700186482 -0.101358711499
161.3 28 33 1.078521 0.458747851775 -0.101362514353
161.4 28 34 0.877471 0.458795450375 -0.101366005374
161.5 28 34 1.07237 0.458842981997 -0.101368788769
161.6 28 36 1.074441 0.458890409467 -0.101371016305
161.7 28 33 1.072977 0.45893776934 -0.101372673572
161.8 28 34 1.067762 0.458985061617 -0.101373767068
161.9 28 35 1.061498 0.459032286201 -0.101374269615
162 28 34 1.059675 0.459079443189 -0.101374177083
162.1 28 34 0.869978 0.459126573047 -0.101373731698
162.2 28 33 1.06539 0.459173635218 -0.101372464563
162.3 28 35 1.073841 0.459220587634 -0.101370598115
162.4 28 33 1.057789 0.459267471767 -0.101368135131
162.5 28 35 0.868530000001 0.459314330246 -0.101365332712
162.6 28 33 1.067422 0.459361120476 -0.101361695012
162.7 28 35 0.865933999999 0.459407842176 -0.101357744706
162.8 28 34 0.866438 0.459454495232 -0.101352972827
162.9 28 35 1.05756 0.459501035089 -0.101347635705
163 28 34 0.871018 0.459547549629 -0.101342004019
163.1 28 34 0.902066000001 0.459593994794 -0.101335577504
163.2 28 33 1.071122 0.459640325635 -0.101328632484
163.3 28 33 1.072176 0.459686586662 -0.101321144819
163.4 28 33 1.085707 0.459732777895 -0.101313174617
163.5 28 33 1.074956 0.459778899 -0.101304718141
163.6 28 36 1.076609 0.459824949813 -0.101295800157
163.7 28 33 0.875552 0.459870974853 -0.101286681799
163.8 28 33 1.077834 0.459916928816 -0.101276876347
163.9 28 34 1.077164 0.459962765662 -0.101266671679
164 28 33 1.070904 0.460008532898 -0.101256039492
164.1 28 33 1.071612 0.460054228253 -0.101245048544
164.2 28 34 0.884476 0.460099897092 -0.101233944413
164.3 28 33 0.883126000001 0.460145493062 -0.101222259765
164.4 28 34 1.065357 0.460190971966 -0.101210259681
164.5 28 35 0.874031 0.460236423689 -0.101198203612
164.6 28 34 1.068339 0.460281802544 -0.101185625217
164.7 28 34 0.875376 0.460327109629 -0.101173023009
164.8 28 34 1.055554 0.46037234404 -0.101159965879
164.9 28 34 0.862138 0.460417506391 -0.101146927437
165 28 34 1.068189 0.460462595967 -0.101133491168
165.1 28 33 1.069553 0.460507571403 -0.101119903365
165.2 28 33 1.062141 0.460552474461 -0.10110619028
165.3 28 33 1.068213 0.460597306585 -0.101092381535
165.4 28 33 1.074287 0.460642066274 -0.101078497652
165.5 28 33 0.875865 0.460686794258 -0.10106477312
165.6 28 33 1.070616 0.460731449646 -0.101050849853
165.7 28 34 1.072855 0.460775997796 -0.101036938654
165.8 28 34 0.874969 0.460820511113 -0.101023241654
165.9 28 34 0.878721999999 0.460864954328 -0.101009453816
166 28 33 1.074745 0.460909293774 -0.10099576376
166.1 28 33 1.087475 0.460953563468 -0.100982240533
166.2 28 36 0.888631 0.460997795154 -0.100969093962
166.3 28 35 0.891051 0.461041956065 -0.100955985303
166.4 28 33 1.07942 0.46108601799 -0.1009431602
166.5 28 34 1.076439 0.461130010314 -0.100930619899
166.6 28 34 0.896576 0.461173962237 -0.100918623219
166.7 28 33 1.082538 0.461217842396 -0.100906807419
166.8 28 34 1.082669 0.461261622404 -0.100895427157
166.9 28 35 1.09316 0.461305331941 -0.100884518952
167 28 35 1.09147 0.461348970412 -0.100874116888
167.1 28 33 0.879575 0.461392564739 -0.100864410795
167.2 28 34 1.088704 0.46143608673 -0.100855120374
167.3 28 33 1.085254 0.461479511552 -0.100846455987
167.4 28 33 0.890653 0.46152289 -0.100838582181
167.5 28 33 0.882162999999 0.46156619594 -0.100831269225
167.6 28 33 1.082369 0.461609405992 -0.100824662637
167.7 28 33 1.090478 0.461652545361 -0.100818815165
167.8 28 34 1.080084 0.461695613444 -0.100813761392
167.9 28 34 1.074872 0.461738613559 -0.100809531868
168 28 33 1.069599 0.461781544125 -0.10080613867
168.1 28 33 1.070276 0.461824404617 -0.100803601223
168.2 28 33 1.074299 0.461867195586 -0.100801932025
168.3 28 35 1.069613 0.461909917616 -0.100801173055
168.4 28 37 1.074227 0.461952570638 -0.100801331002
168.5 28 35 0.877316 0.461995172736 -0.100802547665
168.6 28 34 1.073608 0.462037706402 -0.100804562247
168.7 28 34 0.880466 0.462080172294 -0.100807656629
168.8 28 33 1.072679 0.462122571149 -0.100811586239
168.9 28 33 1.091985 0.462164889667 -0.100816463177
169 28 34 1.104547 0.462207145613 -0.100822326941
169.1 28 34 0.885237 0.462249353251 -0.100829221581
169.2 28 33 0.881515 0.462291498339 -0.100836968174
169.3 28 33 1.078197 0.462333566929 -0.100845599121
169.4 28 33 1.077127 0.462375575107 -0.100855185722
169.5 28 33 0.881079 0.462417534075 -0.100865753216
169.6 28 33 1.07379 0.462459432528 -0.100877103212
169.7 28 33 1.077675 0.462501261813 -0.100889311065
169.8 28 34 1.08065 0.462543032838 -0.100902350306
169.9 28 34 0.884566 0.462584756521 -0.1009162705
170 28 33 1.068112 0.462626423924 -0.100930869517
170.1 28 33 1.083164 0.462668027291 -0.100946205964
170.2 28 34 0.891087 0.462709585919 -0.100962336447
170.3 28 33 0.880024 0.462751091456 -0.100979031144
170.4 28 34 0.87628 0.462792545551 -0.100996426503
170.5 28 35 1.074984 0.462833948377 -0.101014294784
170.6 28 33 0.877292 0.462875300816 -0.101032790334
170.7 28 33 0.876781 0.462916604043 -0.101051673809
170.8 28 33 1.063447 0.462957851148 -0.101070990851
170.9 28 33 1.064629 0.462999050867 -0.101090707295
171 28 34 1.066984 0.463040202188 -0.101110771956
171.1 28 34 1.065241 0.463081308577 -0.101131123633
171.2 28 33 1.064467 0.463122370365 -0.101151723081
171.3 28 35 0.887753 0.463163396711 -0.101172603648
171.4 28 34 0.888864 0.463204380126 -0.101193540331
171.5 28 33 1.078183 0.463245311922 -0.101214576718
171.6 28 33 1.070244 0.463286201064 -0.101235690405
171.7 28 33 1.067144 0.463327048519 -0.101256798477
171.8 28 33 1.071933 0.46336785577 -0.101277843629
171.9 28 34 0.899752 0.463408632711 -0.101298926472
172 28 34 0.910162 0.463449371192 -0.101319735151
172.1 28 33 1.083852 0.463490061961 -0.101340358109
172.2 28 37 1.092535 0.463530714903 -0.101360736708
172.3 28 33 1.085551 0.463571331223 -0.101380849924
172.4 28 33 1.079297 0.46361191154 -0.101400643851
172.5 28 36 0.886915 0.463652468887 -0.101420203575
172.6 28 34 1.083258 0.463692990969 -0.101439230997
172.7 28 34 1.07739 0.463733466136 -0.101457827816
172.8 28 34 1.089758 0.463773907471 -0.101475958655
172.9 28 35 0.89581 0.463814330096 -0.101493728726
173 28 33 1.080124 0.463854720023 -0.101510834062
173.1 28 33 1.084605 0.463895062274 -0.101527381069
173.2 28 34 1.078341 0.463935372564 -0.101543348758
173.3 28 34 1.074609 0.463975651245 -0.101558711928
173.4 28 33 1.085153 0.464015898398 -0.101573447355
173.5 28 33 0.882119 0.46405613389 -0.101587630398
173.6 28 34 1.073458 0.464096337856 -0.101601018782
173.7 28 34 1.070789 0.464136490789 -0.101613758493
173.8 28 33 1.06468 0.46417661221 -0.101625822039
173.9 28 33 0.881763 0.464216722133 -0.101637330614
174 28 33 1.076611 0.464256800252 -0.10164795193
174.1 28 36 0.891045 0.464296847243 -0.101657938811
174.2 28 34 1.077057 0.464336861685 -0.101667113769
174.3 28 36 0.883333 0.46437684474 -0.101675659574
174.4 28 34 0.887142 0.464416794739 -0.101683326463
174.5 28 35 0.883882 0.46445670819 -0.101690391672
174.6 28 35 0.892261 0.464496585698 -0.101696632543
174.7 28 33 1.08448 0.464536404052 -0.101702156489
174.8 28 33 1.071131 0.464576183454 -0.10170697818
174.9 28 36 0.912069 0.464615944753 -0.101711235524
175 28 33 1.077675 0.464655664687 -0.101714710159
175.1 28 35 1.087321 0.464695322137 -0.101717533582
175.2 28 36 0.902565 0.464734955516 -0.101719822638
175.3 28 36 0.904736 0.46477454387 -0.101721414948
175.4 28 34 0.902956999999 0.464814086662 -0.101722494451
175.5 28 34 1.089307 0.464853582607 -0.101722938101
175.6 28 33 1.088025 0.464893014902 -0.10172285081
175.7 28 34 1.074459 0.4649323994 -0.10172229699
175.8 28 33 0.891174 0.464971750308 -0.101721336213
175.9 28 34 0.894537 0.46501105157 -0.101719913064
176 28 33 1.079979 0.465050289438 -0.10171812131
176.1 28 34 1.09344 0.465089478036 -0.101715993615
176.2 28 34 1.07247 0.465128617099 -0.101713585982
176.3 28 33 1.074492 0.46516770588 -0.10171093312
176.4 28 35 0.893683 0.465206754095 -0.101708100992
176.5 28 35 1.102772 0.465245751428 -0.10170509002
176.6 28 35 1.09675 0.465284689372 -0.101701982012
176.7 28 34 1.096386 0.465323577692 -0.10169882586
176.8 28 33 1.138603 0.465362416456 -0.101695659905
176.9 28 34 1.095714 0.465401206049 -0.101692542948
177 28 33 1.07126 0.465439947422 -0.101689513564
177.1 28 33 1.086388 0.46547864104 -0.101686627798
177.2 28 33 1.075178 0.465517287131 -0.101683920978
177.3 28 35 1.072626 0.465555886261 -0.10168145494
177.4 28 34 1.075166 0.465594438785 -0.101679264523
177.5 28 34 1.091783 0.465632947707 -0.101677392019
177.6 28 35 1.087849 0.465671412885 -0.101675881361
177.7 28 36 1.089902 0.465709835206 -0.101674782333
177.8 28 34 1.109555 0.465748215703 -0.101674110792
177.9 28 34 1.080623 0.465786555118 -0.101673920401
178 28 33 1.072415 0.465824857298 -0.101674267755
178.1 28 34 0.884429000001 0.465863127617 -0.101675100649
178.2 28 35 1.083086 0.465901363032 -0.101676557752
178.3 28 34 1.077016 0.465939560319 -0.101678607372
178.4 28 34 0.886082 0.465977727028 -0.101681166652
178.5 28 35 1.083137 0.466015863148 -0.101684444587
178.6 28 35 1.086588 0.466053962946 -0.101688378679
178.7 28 35 0.895799 0.466092039424 -0.101692876993
178.8 28 35 1.077522 0.466130087688 -0.101698115801
178.9 28 33 1.092613 0.466168102449 -0.101704021085
179 28 34 0.889475 0.466206097434 -0.101710508251
179.1 28 33 1.079821 0.466244067012 -0.101717737796
179.2 28 33 1.078808 0.466282006047 -0.101725636102
179.3 28 34 1.084131 0.466319921313 -0.101734183659
179.4 28 33 0.883881000001 0.466357820018 -0.101743272467
179.5 28 33 1.063544 0.466395696283 -0.101753080587
179.6 28 33 1.067783 0.466433543473 -0.101763489973
179.7 28 35 0.872280000001 0.466471377016 -0.101774380939
179.8 28 35 0.877368 0.466509189651 -0.101785925496
179.9 28 35 1.075038 0.46654697394 -0.101797992944
180 28 34 1.081136 0.466584738085 -0.101810566773
180.1 28 33 1.063685 0.466622482584 -0.101823595151
180.2 28 33 1.06346 0.466660207541 -0.101837060668
180.3 28 33 0.877036999999 0.466697922113 -0.101850817442
180.4 28 33 0.874296 0.466735617256 -0.10186501713
180.5 28 33 1.068313 0.466773284204 -0.10187953165
180.6 28 35 1.072512 0.466810932029 -0.10189430356
180.7 28 33 1.072998 0.466848560476 -0.101909299377
180.8 28 33 1.107249 0.466886169363 -0.101924453989
180.9 28 34 1.075274 0.466923758328 -0.101939723115
181 28 34 1.08191 0.466961327243 -0.101955067829
181.1 28 33 1.087356 0.466998875671 -0.101970431909
181.2 28 33 1.070917 0.467036403038 -0.101985775368
181.3 28 35 1.07787 0.467073908994 -0.102001042902
181.4 28 33 0.887071 0.467111405505 -0.102016089471
181.5 28 35 1.088358 0.4671488795 -0.102031042509
181.6 28 35 1.085855 0.467186318977 -0.102045772367
181.7 28 33 0.883221 0.467223748392 -0.102060143786
181.8 28 33 1.08079 0.467261154303 -0.102074280102
181.9 28 33 0.888795 0.467298536798 -0.102087957148
182 28 33 1.089086 0.467335894871 -0.102101296173
182.1 28 33 1.085571 0.467373214157 -0.102114170019
182.2 28 33 1.091709 0.467410507894 -0.102126533037
182.3 28 34 0.898891 0.467447789975 -0.102138244933
182.4 28 33 1.095018 0.467485044521 -0.102149476512
182.5 28 33 1.148606 0.467522257112 -0.1021600934
182.6 28 34 0.924454 0.4675594555 -0.102169985076
182.7 28 34 0.92211 0.467596625038 -0.102179222648
182.8 28 34 1.117442 0.467633749414 -0.102187767186
182.9 28 36 0.890122 0.467670857217 -0.102195527927
183 28 34 0.911145 0.467707933461 -0.102202590118
183.1 28 33 1.119652 0.467744963071 -0.102208824338
183.2 28 34 1.074277 0.46778196035 -0.10221426518
183.3 28 34 0.888268 0.46781893907 -0.102218820946
183.4 28 35 1.080632 0.467855883896 -0.102222592435
183.5 28 34 0.887135 0.467892795 -0.102225467583
183.6 28 33 1.081875 0.467929671249 -0.102227535175
183.7 28 33 0.920859 0.467966512856 -0.10222869071
183.8 28 35 1.08918 0.468003318855 -0.102229033461
183.9 28 35 1.090533 0.468040074204 -0.102228507029
184 28 34 1.088562 0.468076793566 -0.102227113808
184.1 28 34 1.075618 0.46811347582 -0.102224869211
184.2 28 34 0.881203 0.468150135497 -0.102221737327
184.3 28 34 1.07795 0.468186757208 -0.102217820804
184.4 28 33 1.079188 0.468223326096 -0.10221307773
184.5 28 33 1.083787 0.468259856807 -0.102207534854
184.6 28 36 0.891047 0.468296363998 -0.1022011699
184.7 28 33 0.878318999999 0.468332832708 -0.10219409095
184.8 28 35 1.084491 0.468369248037 -0.102186286491
184.9 28 33 0.883562999999 0.468405638321 -0.102177723447
185 28 34 1.083786 0.468441988237 -0.102168544105
185.1 28 35 1.093869 0.468478283842 -0.102158716757
185.2 28 33 1.080293 0.46851453842 -0.10214826648
185.3 28 34 1.069656 0.46855075218 -0.102137241667
185.4 28 34 1.06514 0.468586924422 -0.102125677
185.5 28 34 0.874433999999 0.468623069557 -0.102113561959
185.6 28 33 1.079108 0.468659172179 -0.10210102579
185.7 28 34 1.078166 0.468695217977 -0.102088066764
185.8 28 33 0.88456 0.468731234159 -0.102074644139
185.9 28 33 1.069223 0.468767205444 -0.102060941709
186 28 34 1.071137 0.468803118179 -0.102046946797
186.1 28 33 1.065089 0.468838985068 -0.102032678448
186.2 28 34 0.871269 0.46887482013 -0.102018150328
186.3 28 35 0.880497 0.468910608029 -0.102003466891
186.4 28 34 0.895347 0.468946348227 -0.101988621611
186.5 28 34 0.885690999999 0.468982040272 -0.101973693404
186.6 28 34 0.877691 0.469017682732 -0.101958686187
186.7 28 35 1.097916 0.469053274928 -0.101943689884
186.8 28 35 1.08421 0.469088803758 -0.101928695051
186.9 28 35 0.891576 0.4691242949 -0.101913706188
187 28 36 0.882180000001 0.469159734038 -0.101898829039
187.1 28 34 1.075749 0.469195107893 -0.101884069519
187.2 28 36 0.886085 0.469230441793 -0.10186941958
187.3 28 33 1.077302 0.469265720868 -0.101854975044
187.4 28 33 0.882171 0.469300945375 -0.101840705831
187.5 28 34 1.078186 0.469336114526 -0.101826704889
187.6 28 34 0.895694000001 0.469371227794 -0.101812929395
187.7 28 36 0.900482 0.469406284621 -0.101799467611
187.8 28 36 0.887427 0.469441284223 -0.101786263299
187.9 28 34 1.085486 0.469476226009 -0.101773431996
188 28 35 0.885666 0.46951110963 -0.101760893459
188.1 28 35 1.084572 0.469545934292 -0.101748749585
188.2 28 36 0.889682 0.469580699302 -0.101736936345
188.3 28 34 1.083714 0.469615404212 -0.101725520531
188.4 28 33 1.069461 0.469650033897 -0.101714491174
188.5 28 34 1.061049 0.469684602623 -0.101703839221
188.6 28 35 0.877822 0.469719124407 -0.101693544027
188.7 28 35 1.082179 0.46975358431 -0.101683679245
188.8 28 33 1.057259 0.469787966813 -0.101674197631
188.9 28 35 0.883326 0.469822302025 -0.101665099374
189 28 33 1.088397 0.469856574483 -0.101656397713
189.1 28 34 1.063865 0.469890767625 -0.101648064198
189.2 28 33 0.874706000001 0.469924913436 -0.101640116787
189.3 28 33 0.879655000001 0.469958995548 -0.101632514312
189.4 28 33 1.074929 0.469992997604 -0.101625273147
189.5 28 34 1.076308 0.470026934783 -0.101618364398
189.6 28 34 1.075196 0.470060807599 -0.101611774037
189.7 28 34 1.107494 0.470094615705 -0.101605486768
189.8 28 36 0.890640000001 0.470128374893 -0.10159947177
189.9 28 35 1.084942 0.470162068383 -0.101593750917
190 28 35 1.09976 0.470195678516 -0.101588294842
190.1 28 34 1.094974 0.470229223245 -0.101583059955
190.2 28 33 1.090152 0.470262702221 -0.101578041462
190.3 28 34 1.089099 0.470296115624 -0.101573210344
190.4 28 34 1.091486 0.470329463081 -0.101568550816
190.5 28 35 1.088018 0.470362745239 -0.101564036148
190.6 28 33 1.08267 0.470395961762 -0.101559649695
190.7 28 34 1.109407 0.470429110074 -0.101555359848
190.8 28 33 1.108454 0.470462195568 -0.101551156033
190.9 28 33 0.889672 0.470495236042 -0.101547066477
191 28 34 1.085491 0.470528210672 -0.101542974489
191.1 28 33 0.910650999999 0.4705611198 -0.101538960708
191.2 28 33 1.09413 0.470593963242 -0.101534885994
191.3 28 33 1.089953 0.470626718282 -0.101530794552
191.4 28 36 0.898135 0.470659429662 -0.101526729237
191.5 28 33 1.083023 0.470692074214 -0.101522557032
191.6 28 34 1.102624 0.470724628957 -0.101518293966
191.7 28 33 1.095279 0.470757117065 -0.101513931169
191.8 28 33 1.13086 0.470789538524 -0.101509457775
191.9 28 34 0.917241 0.470821918404 -0.101504951988
192 28 35 1.109902 0.470854230924 -0.101500231646
192.1 28 33 1.096567 0.470886450796 -0.101495344728
192.2 28 35 1.089346 0.470918602785 -0.101490290995
192.3 28 33 1.086984 0.470950686996 -0.101485053988
192.4 28 33 1.143003 0.470982702876 -0.101479632726
192.5 28 35 0.91166 0.471014675687 -0.10147410338
192.6 28 35 0.911163 0.471046577852 -0.10146824115
192.7 28 35 0.898859 0.471078411034 -0.101462354756
192.8 28 34 1.099852 0.471110174666 -0.101456140013
192.9 28 36 1.106192 0.471141834371 -0.101449692172
193 28 37 0.897218 0.471173455707 -0.101443133759
193.1 28 35 1.093271 0.471205006382 -0.101436258746
193.2 28 34 1.08641 0.471236451202 -0.101429155445
193.3 28 35 1.087592 0.47126782451 -0.101421833671
193.4 28 33 1.080692 0.47129912564 -0.101414279413
193.5 28 33 1.07855 0.471330354554 -0.101406505125
193.6 28 34 0.891288 0.471361545347 -0.101398644007
193.7 28 34 1.117766 0.471392663026 -0.101390451965
193.8 28 34 0.927085 0.471423707823 -0.101382206419
193.9 28 33 1.084068 0.471454678869 -0.101373619586
194 28 33 1.091681 0.471485537354 -0.101364815915
194.1 28 33 1.097095 0.471516322001 -0.101355818303
194.2 28 35 0.906244 0.471547069249 -0.101346785194
194.3 28 34 0.896995 0.471577741959 -0.101337417586
194.4 28 35 1.080164 0.471608297109 -0.10132787943
194.5 28 34 0.886483 0.47163882001 -0.101318366844
194.6 28 36 0.893768 0.471669266443 -0.101308510271
194.7 28 34 1.087041 0.471699592988 -0.101298521902
194.8 28 34 0.896205 0.471729888538 -0.101288584374
194.9 28 34 1.067683 0.471760108472 -0.101278341329
195 28 34 1.066746 0.471790208629 -0.101267984931
195.1 28 33 0.907987 0.471820276241 -0.101257714087
195.2 28 35 1.109917 0.471850268237 -0.101247154794
195.3 28 34 0.88139 0.471880184627 -0.101236718659
195.4 28 33 1.078865 0.4719100248 -0.101226021824
195.5 28 34 0.883077 0.471939788625 -0.101215458553
195.6 28 33 1.094965 0.471969476921 -0.101204657039
195.7 28 34 0.894368 0.471999089523 -0.101194026378
195.8 28 34 0.906038 0.472028625866 -0.101183143143
195.9 28 34 1.086958 0.472058042725 -0.101172279836
196 28 34 1.085872 0.472087382574 -0.101161420758
196.1 28 33 1.081397 0.472116646203 -0.101150579116
196.2 28 33 0.890640000001 0.472145884055 -0.101139967623
196.3 28 33 0.890227 0.472175048249 -0.101129197614
196.4 28 33 1.075456 0.47220409186 -0.101118496456
196.5 28 33 1.071165 0.472233059709 -0.101107875519
196.6 28 34 1.07343 0.472261955854 -0.101097344063
196.7 28 33 1.120644 0.472290778939 -0.101086918315
196.8 28 35 0.905176 0.472319581495 -0.101076837487
196.9 28 34 0.886482 0.472348315416 -0.101066664252
197 28 33 1.07491 0.472376931993 -0.101056649986
197.1 28 33 1.099122 0.472405478222 -0.101046806274
197.2 28 33 1.080465 0.472433955503 -0.101037145366
197.3 28 33 1.078357 0.472462364033 -0.101027697696
197.4 28 33 1.0929 0.472490704424 -0.101018447938
197.5 28 33 0.905729 0.472519028027 -0.101009685243
197.6 28 34 1.115061 0.472547285825 -0.101000930686
197.7 28 34 1.115327 0.472575426852 -0.100992445702
197.8 28 33 1.057091 0.472603500915 -0.100984233014
197.9 28 34 1.057145 0.472631511776 -0.100976328782
198 28 34 1.070931 0.472659457107 -0.100968737289
198.1 28 33 1.070053 0.472687340062 -0.100961477124
198.2 28 34 0.878216 0.472715212183 -0.100954804357
198.3 28 36 1.071284 0.472743021659 -0.100948249775
198.4 28 34 1.074099 0.472770717161 -0.100942075017
198.5 28 33 1.117071 0.472798351003 -0.100936275766
198.6 28 33 1.11573 0.472825923662 -0.10093088542
198.7 28 33 1.126899 0.472853435106 -0.100925910259
198.8 28 33 1.113837 0.472880886156 -0.100921352567
198.9 28 33 1.117766 0.472908277281 -0.100917244902
199 28 33 0.917651 0.472935661641 -0.100913831985
199.1 28 33 1.114674 0.472962986121 -0.100910617981
199.2 28 34 1.111601 0.472990197883 -0.100907873939
199.3 28 34 0.924117 0.473017403787 -0.100905855316
199.4 28 35 1.116827 0.473044550167 -0.100904062956
199.5 28 35 1.116895 0.473071584166 -0.100902751116
199.6 28 34 1.115158 0.473098559192 -0.100901923274
199.7 28 33 1.111068 0.473125475479 -0.100901587304
199.8 28 33 0.911878 0.473152385885 -0.100901989414
199.9 28 35 0.921168 0.473179237309 -0.100902627155
200 28 34 1.122665 0.473205977448 -0.100903753515
200.1 28 33 1.112696 0.47323265876 -0.100905364443
200.2 28 35 1.11894 0.473259281525 -0.10090745752
200.3 28 35 1.111891 0.473285845696 -0.100910030964
200.4 28 34 1.112362 0.473312350881 -0.100913068733
200.5 28 33 0.893155 0.473338848925 -0.100916785887
200.6 28 35 1.076048 0.473365288059 -0.100920746116
200.7 28 33 0.877592000001 0.473391668609 -0.100925356954
200.8 28 34 1.07113 0.473417990172 -0.100930158697
200.9 28 34 1.066488 0.473444202702 -0.100935389062
201 28 33 1.067063 0.473470356984 -0.10094104011
201.1 28 33 0.885172 0.473496502674 -0.100947290572
201.2 28 35 0.884922 0.47352259327 -0.10095367702
201.3 28 35 0.886547999999 0.473548626119 -0.10096064216
201.4 28 33 0.891458 0.473574601171 -0.100967728396
201.5 28 33 1.095179 0.473600470213 -0.100975119888
201.6 28 33 1.089848 0.473626281495 -0.100982830683
201.7 28 35 1.077917 0.473652035837 -0.100990842576
201.8 28 34 1.083019 0.473677733892 -0.100999126525
201.9 28 34 1.088965 0.473703376001 -0.101007662748
202 28 33 1.083785 0.473728962885 -0.101016437986
202.1 28 34 0.891536 0.473754542772 -0.101025640445
202.2 28 33 0.916627000001 0.473780068519 -0.101034845782
202.3 28 33 0.932717 0.473805540802 -0.101044412896
202.4 28 35 0.931984 0.473830960328 -0.101053992635
202.5 28 34 0.929264 0.47385632771 -0.101063931256
202.6 28 36 1.1313 0.473881643492 -0.101073721371
202.7 28 34 1.121085 0.473906858047 -0.101083708342
202.8 28 33 1.055049 0.473932021844 -0.101093787423
202.9 28 33 0.880673 0.473957189957 -0.101104219912
203 28 34 1.08008 0.473982310233 -0.10111452537
203.1 28 34 1.07505 0.474007326925 -0.101124922157
203.2 28 34 1.07603 0.474032296405 -0.101135403004
203.3 28 36 1.077428 0.47405722054 -0.101145951592
203.4 28 34 0.887523 0.474082160815 -0.101156792021
203.5 28 34 0.887843 0.474107058865 -0.101167467092
203.6 28 35 0.887572000001 0.474131915647 -0.101178380814
203.7 28 35 0.888364 0.474156732369 -0.101189131947
203.8 28 34 0.88497 0.474181510296 -0.101200077834
203.9 28 35 1.090214 0.474206249864 -0.101210826847
204 28 34 1.085681 0.474230880858 -0.101221567724
204.1 28 35 1.086149 0.474255475255 -0.101232309627
204.2 28 34 1.079649 0.474280035303 -0.101243031069
204.3 28 34 1.082744 0.474304559698 -0.101253710279
204.4 28 34 1.087476 0.474329048567 -0.101264348295
204.5 28 35 1.084358 0.474353504233 -0.10127495346
204.6 28 34 0.88588 0.474378007691 -0.101285662413
204.7 28 34 1.077456 0.474402480462 -0.101296120341
204.8 28 33 1.080407 0.474426839646 -0.101306501886
204.9 28 35 1.070893 0.474451173234 -0.10131681272
205 28 34 1.074805 0.474475486265 -0.101327053773
205.1 28 35 0.877366 0.474499846285 -0.10133732594
205.2 28 34 1.078852 0.474524179342 -0.101347382456
205.3 28 34 1.076952 0.47454841276 -0.101357374207
205.4 28 35 1.1299 0.474572625908 -0.101367313758
205.5 28 36 0.883643 0.474596887951 -0.1013772573
205.6 28 35 0.884701 0.474621130094 -0.101387088474
205.7 28 34 1.082409 0.474645286827 -0.101396894004
205.8 28 34 0.880122 0.474669487623 -0.101406751262
205.9 28 33 1.064686 0.474693669825 -0.101416536563
206 28 35 1.075836 0.474717775371 -0.101426371015
206.1 28 35 1.078739 0.47474187029 -0.101436270011
206.2 28 35 1.089542 0.474765949985 -0.101446260179
206.3 28 36 0.893644 0.474790064897 -0.101456418543
206.4 28 34 0.897098 0.47481416423 -0.10146665182
206.5 28 35 0.889978 0.474838249352 -0.101477067252
206.6 28 33 1.08518 0.474862318503 -0.101487676935
206.7 28 33 0.918516 0.474886373175 -0.101498527989
206.8 28 34 1.140416 0.474910413109 -0.101509625826
206.9 28 35 1.131145 0.474934394962 -0.101521022057
207 28 36 0.932476 0.474958406696 -0.101532739004
207.1 28 36 1.130331 0.4749824057 -0.101544787049
207.2 28 34 1.129218 0.475006349803 -0.101557219021
207.3 28 37 1.119521 0.475030278196 -0.10157002532
207.4 28 34 1.121349 0.475054194135 -0.101583264394
207.5 28 35 1.12242 0.475078100029 -0.101596958451
207.6 28 34 0.923285000001 0.4751020326 -0.101611076652
207.7 28 34 1.12575 0.475125952441 -0.101625677546
207.8 28 35 1.123565 0.475149821144 -0.101640758547
207.9 28 36 1.121495 0.475173678307 -0.101656329133
208 28 34 0.920385 0.475197563208 -0.101672356493
208.1 28 34 1.11776 0.475221437061 -0.101688894621
208.2 28 36 1.121078 0.475245262278 -0.101705926195
208.3 28 36 0.915073 0.475269114719 -0.101723403985
208.4 28 34 1.123171 0.475292956695 -0.10174136338
208.5 28 35 1.131969 0.475316756018 -0.101759789842
208.6 28 33 0.932631 0.475340580784 -0.101778594886
208.7 28 34 1.105859 0.475364396864 -0.101797869388
208.8 28 35 1.068809 0.475388171068 -0.101817514988
208.9 28 34 1.080576 0.475411936995 -0.101837518626
209 28 35 1.085235 0.47543569363 -0.101857831765
209.1 28 34 1.094242 0.475459445766 -0.101878442107
209.2 28 33 0.891165 0.475483226623 -0.101899250257
209.3 28 35 1.083604 0.475507002013 -0.101920289972
209.4 28 33 1.088455 0.475530738558 -0.101941500467
209.5 28 34 1.093532 0.475554471787 -0.101962826897
209.6 28 33 1.093563 0.475578201359 -0.101984212223
209.7 28 33 1.079472 0.475601928546 -0.10200561098
209.8 28 35 1.075629 0.475625653991 -0.102026958536
209.9 28 34 1.085158 0.475649377969 -0.102048212103
210 28 33 0.890839000001 0.475673133832 -0.102069262052
210.1 28 35 0.889120999999 0.475696889372 -0.102090128308
210.2 28 35 0.893939 0.475720645512 -0.10211070873
210.3 28 34 0.909360000001 0.475744402481 -0.102131025191
210.4 28 34 0.891208 0.475768161253 -0.102150917575
210.5 28 33 1.089443 0.475791921432 -0.102170483078
210.6 28 34 1.104956 0.475815653177 -0.102189620699
210.7 28 34 0.895173 0.475839420718 -0.102208183937
210.8 28 35 1.089405 0.475863194839 -0.102226325209
210.9 28 36 1.091958 0.475886946558 -0.102243908134
211 28 34 0.927388999999 0.475910735961 -0.102260775901
211.1 28 34 0.921072 0.475934534656 -0.102277119144
211.2 28 35 1.120578 0.475958314379 -0.10229275859
211.3 28 35 1.120462 0.475982104564 -0.102307722085
211.4 28 35 0.921155 0.476005935185 -0.102321869439
211.5 28 37 0.904140000001 0.476029777462 -0.102335350792
211.6 28 35 1.059894 0.476053603011 -0.102348075431
211.7 28 34 1.071237 0.476077440684 -0.102360023251
211.8 28 35 1.080743 0.476101291383 -0.102371169594
211.9 28 35 0.88395 0.476125185464 -0.102381427607
212 28 34 1.079085 0.476149093457 -0.102390941588
212.1 28 35 1.080334 0.476172984321 -0.102399651117
212.2 28 35 1.076346 0.476196888223 -0.102407535844
212.3 28 34 1.084568 0.476220805549 -0.102414599196
212.4 28 34 1.093168 0.476244735872 -0.102420856252
212.5 28 36 1.098765 0.476268679075 -0.102426285101
212.6 28 35 1.076651 0.476292634997 -0.10243090959
212.7 28 35 1.086289 0.476316602941 -0.102434744851
212.8 28 34 1.085211 0.476340582635 -0.102437778482
212.9 28 34 0.884443 0.476364610487 -0.102439946621
213 28 36 1.072533 0.476388649497 -0.102441458718
213.1 28 34 1.07724 0.476412660255 -0.102442220055
213.2 28 33 1.080993 0.476436679889 -0.102442263128
213.3 28 35 1.100083 0.476460707752 -0.102441624772
213.4 28 35 0.894423000001 0.476484785406 -0.102440164765
213.5 28 36 1.082971 0.47650887042 -0.102438167905
213.6 28 33 1.077149 0.476532917283 -0.102435552072
213.7 28 36 1.085533 0.476556968349 -0.102432326132
213.8 28 35 0.900935000001 0.476581069823 -0.102428378583
213.9 28 35 1.09304 0.47660517486 -0.102424042021
214 28 33 1.093343 0.47662923316 -0.102419181235
214.1 28 35 0.89437 0.476653341994 -0.10241367691
214.2 28 34 1.08103 0.476677451108 -0.102407829242
214.3 28 35 1.09366 0.476701506753 -0.102401602952
214.4 28 34 0.892443 0.476725613187 -0.102394816994
214.5 28 35 1.083525 0.47674971625 -0.102387811135
214.6 28 34 1.120445 0.476773759183 -0.102380509207
214.7 28 35 1.104433 0.476797795676 -0.10237287907
214.8 28 35 1.085102 0.476821824676 -0.10236503235
214.9 28 35 1.086645 0.476845845401 -0.102356932203
215 28 34 0.876341 0.476869916157 -0.102348468951
215.1 28 35 1.074155 0.476893976816 -0.102340071823
215.2 28 36 0.887484 0.476918026657 -0.102331259332
215.3 28 34 0.88755 0.476942064366 -0.102322596534
215.4 28 35 1.081043 0.47696602721 -0.102313922347
215.5 28 36 1.08705 0.47698997497 -0.102305197949
215.6 28 36 0.886171 0.47701397048 -0.102296256201
215.7 28 36 1.082118 0.47703794969 -0.102287610319
215.8 28 35 1.102987 0.477061848167 -0.102279028103
215.9 28 35 1.104657 0.477085729066 -0.102270561156
216 28 36 1.139022 0.47710959126 -0.102262231967
216.1 28 36 0.92643 0.477133497566 -0.102253827977
216.2 28 35 0.933398 0.477157383566 -0.102245881967
216.3 28 34 1.133349 0.477181185236 -0.102238163049
216.4 28 35 1.142021 0.477204965524 -0.102230687783
216.5 28 36 0.930391 0.47722878619 -0.102223255584
216.6 28 36 1.126959 0.477252583737 -0.102216370423
216.7 28 34 0.920229 0.477276357555 -0.102209577462
216.8 28 35 1.117759 0.47730010646 -0.10220335878
216.9 28 36 1.11956 0.477323771238 -0.102197470229
217 28 37 1.119174 0.477347411381 -0.102191961677
217.1 28 38 0.916308 0.47737108382 -0.102186595966
217.2 28 37 1.113 0.477394729375 -0.102181881788
217.3 28 34 1.115256 0.477418292488 -0.1021775542
217.4 28 36 0.913106 0.47744188316 -0.102173412844
217.5 28 35 1.111857 0.477465445244 -0.102169894927
217.6 28 34 0.912007 0.477488979073 -0.102166573268
217.7 28 36 1.113265 0.477512483689 -0.102163858715
217.8 28 38 1.110153 0.477535909452 -0.102161539037
217.9 28 35 1.110952 0.477559306635 -0.10215958529
218 28 35 1.071463 0.477582674431 -0.10215799172
218.1 28 34 1.061499 0.477606012637 -0.102156739448
218.2 28 36 1.074072 0.477629320521 -0.102155803158
218.3 28 34 1.071625 0.477652598022 -0.102155154566
218.4 28 37 1.075389 0.477675844703 -0.102154771726
218.5 28 35 1.079495 0.477699060072 -0.102154614628
218.6 28 36 0.883962 0.47772228233 -0.102154498812
218.7 28 35 1.083233 0.477745471049 -0.102154691329
218.8 28 37 0.891414 0.47776862601 -0.102154860666
218.9 28 36 1.076846 0.477791746366 -0.102155255408
219 28 34 1.076588 0.477814798677 -0.102155688774
219.1 28 34 0.88602 0.477837848922 -0.102155964731
219.2 28 36 1.084615 0.477860863329 -0.102156294307
219.3 28 33 1.074069 0.477883811782 -0.102156568388
219.4 28 33 1.078276 0.477906724337 -0.102156640076
219.5 28 33 1.087279 0.477929600721 -0.102156488641
219.6 28 37 0.890401000001 0.477952466294 -0.102155944514
219.7 28 33 1.083116 0.477975293031 -0.1021552039
219.8 28 35 1.082079 0.477998056784 -0.102154084463
219.9 28 33 1.087449 0.478020781869 -0.102152527138
220 28 33 1.089694 0.478043467305 -0.102150489162
220.1 28 35 1.087603 0.478066113084 -0.102147906864
220.2 28 33 0.895141 0.478088737662 -0.102144647008
220.3 28 35 1.095136 0.478111319623 -0.102140850897
220.4 28 35 0.906344 0.478133858718 -0.102136289346
220.5 28 34 1.122748 0.478156353918 -0.10213109793
220.6 28 36 1.127824 0.478178788984 -0.102125137086
220.7 28 35 1.133158 0.478201179634 -0.102118369441
220.8 28 36 0.920846999999 0.47822353905 -0.102110650229
220.9 28 34 0.919825999999 0.478245851771 -0.102102194952
221 28 33 1.063565 0.478268104054 -0.102092818153
221.1 28 35 1.065795 0.478290309248 -0.1020824882
221.2 28 34 1.075689 0.4783124661 -0.102071242113
221.3 28 34 1.075628 0.478334573258 -0.102059010922
221.4 28 35 0.882087 0.478356639219 -0.102045739737
221.5 28 35 1.075491 0.478378653195 -0.102031560544
221.6 28 34 1.076345 0.478400606792 -0.10201637224
221.7 28 34 0.884896 0.478422514554 -0.102000219827
221.8 28 34 1.083967 0.478444367588 -0.101983055539
221.9 28 34 1.078811 0.478466158907 -0.101964875915
222 28 34 0.885667 0.478487899807 -0.101945720335
222.1 28 34 1.095466 0.478509583193 -0.101925696384
222.2 28 33 1.086612 0.478531203528 -0.101904741544
222.3 28 36 1.081381 0.478552764727 -0.101882891089
222.4 28 37 1.08125 0.478574266064 -0.101860171384
222.5 28 33 1.079235 0.478595706153 -0.10183662045
222.6 28 34 0.891888 0.478617088041 -0.101812223566
222.7 28 36 0.896489 0.478638406763 -0.101787095342
222.8 28 34 1.086238 0.478659657391 -0.101761353074
222.9 28 35 1.096679 0.478680843207 -0.101734918061
223 28 33 1.097842 0.478701962524 -0.101707902328
223.1 28 33 1.091651 0.478723014744 -0.10168030885
223.2 28 35 0.897382 0.478744002523 -0.101652210515
223.3 28 34 1.104421 0.478764921276 -0.101623728376
223.4 28 36 0.916592 0.478785770139 -0.101594834105
223.5 28 35 1.11629 0.478806548345 -0.101565741099
223.6 28 35 1.109816 0.478827250604 -0.101536412193
223.7 28 35 1.10052 0.478847880235 -0.101506933603
223.8 28 37 0.903637 0.478868440919 -0.101477315401
223.9 28 36 0.894913 0.478888927917 -0.101447740043
224 28 35 1.080877 0.478909334582 -0.101418202198
224.1 28 34 0.885861 0.478929670834 -0.101388739174
224.2 28 34 1.068962 0.478949930045 -0.101359538404
224.3 28 34 1.076247 0.478970104803 -0.101330607891
224.4 28 35 1.113073 0.478990201153 -0.10130200038
224.5 28 33 1.104514 0.47901021764 -0.101273784979
224.6 28 33 0.901199 0.479030163479 -0.10124595959
224.7 28 34 0.899417 0.47905002923 -0.101218732976
224.8 28 35 0.894300000001 0.479069814139 -0.101192033275
224.9 28 34 1.085875 0.479089517341 -0.101166042364
225 28 35 0.894313 0.479109138823 -0.10114068128
225.1 28 35 0.926009 0.479128678003 -0.101116144588
225.2 28 37 1.110146 0.479148123202 -0.10109241036
225.3 28 34 1.118558 0.479167481228 -0.101069517626
225.4 28 36 1.110614 0.479186754864 -0.101047505341
225.5 28 35 1.130072 0.479205946021 -0.101026430364
225.6 28 34 1.133046 0.479225051537 -0.101006283469
225.7 28 36 1.142759 0.479244071636 -0.100987126745
225.8 28 34 0.941272 0.479263020009 -0.100968927126
225.9 28 35 1.152219 0.479281882507 -0.100951813901
226 28 35 0.944544999999 0.479300658955 -0.10093571077
226.1 28 34 0.942661999999 0.479319349325 -0.100920705623
226.2 28 34 1.152239 0.479337936539 -0.10090681406
226.3 28 34 1.148564 0.479356436605 -0.100893981903
226.4 28 34 1.175758 0.479374853295 -0.100882221449
226.5 28 34 0.96754 0.479393197845 -0.100871488282
226.6 28 33 1.172692 0.479411455883 -0.100861868164
226.7 28 33 1.166794 0.479429611765 -0.100853295273
226.8 28 33 1.173263 0.479447680832 -0.100845759331
226.9 28 34 1.15862 0.479465662982 -0.100839232292
227 28 33 1.154358 0.479483558516 -0.100833694685
227.1 28 34 0.941342 0.479501384576 -0.100829104882
227.2 28 35 1.153207 0.479519124357 -0.100825470923
227.3 28 33 1.147809 0.479536760482 -0.100822736725
227.4 28 34 0.941650000001 0.479554328551 -0.100820861432
227.5 28 34 1.149729 0.479571810971 -0.10081982229
227.6 28 34 0.936952 0.479589208143 -0.100819569517
227.7 28 33 1.150279 0.479606520282 -0.100820054595
227.8 28 33 1.122508 0.479623729234 -0.100821218217
227.9 28 34 0.909895999999 0.479640872156 -0.100823051532
228 28 35 1.133365 0.479657930699 -0.100825458377
228.1 28 34 0.922366 0.479674904979 -0.100828442985
228.2 28 34 0.934300999999 0.479691795825 -0.100831869924
228.3 28 35 0.952832 0.479708603204 -0.100835776578
228.4 28 33 1.160082 0.479725327136 -0.1008400127
228.5 28 33 0.941616999999 0.479741968467 -0.100844640934
228.6 28 34 1.161531 0.479758527719 -0.100849461231
228.7 28 33 1.166753 0.47977498586 -0.100854464053
228.8 28 34 1.155037 0.479791362477 -0.100859607693
228.9 28 35 0.961080999999 0.479807676675 -0.100864934565
229 28 33 1.179699 0.479823909944 -0.100870201291
229.1 28 35 1.147328 0.479840044193 -0.100875431787
229.2 28 35 1.193529 0.479856098324 -0.10088056685
229.3 28 35 1.156101 0.479872072848 -0.100885558198
229.4 28 34 1.159483 0.479887967876 -0.100890350149
229.5 28 35 1.174371 0.479903783657 -0.100894888711
229.6 28 35 0.946557 0.479919537992 -0.100899272751
229.7 28 36 1.165364 0.479935213649 -0.100903179204
229.8 28 35 0.967669000001 0.479950811189 -0.100906852234
229.9 28 34 0.97585 0.479966330687 -0.100909932038
230 28 34 1.138193 0.47998175692 -0.100912518531
230.1 28 35 1.13987 0.479997106292 -0.100914582013
230.2 28 34 1.158537 0.480012378946 -0.100916075514
230.3 28 36 1.157108 0.480027574986 -0.100916967057
230.4 28 35 1.175972 0.480042695034 -0.100917224317
230.5 28 35 0.965164 0.480057752777 -0.100917014698
230.6 28 35 1.154825 0.480072734497 -0.100915935757
230.7 28 35 1.145644 0.480087627249 -0.100914129309
230.8 28 37 1.112782 0.48010244455 -0.100911581788
230.9 28 35 0.955365 0.480117198814 -0.100908488492
231 28 34 1.174364 0.480131877699 -0.100904434888
231.1 28 36 1.141038 0.480146470404 -0.100899585487
231.2 28 35 1.098885 0.480160988671 -0.100893943532
231.3 28 35 1.101484 0.480175432635 -0.100887501092
231.4 28 34 1.156572 0.480189802167 -0.100880262262
231.5 28 34 1.155144 0.480204097692 -0.100872226388
231.6 28 34 1.15171 0.480218319198 -0.100863391606
231.7 28 35 1.152812 0.480232467101 -0.100853781231
231.8 28 34 1.145344 0.480246540967 -0.100843392661
231.9 28 36 1.160643 0.480260541307 -0.100832249307
232 28 36 0.959592 0.480274474449 -0.100820603144
232.1 28 34 1.144523 0.480288333676 -0.100808024057
232.2 28 35 0.914924 0.480302118892 -0.100794979566
232.3 28 36 1.126797 0.480315830222 -0.100781037142
232.4 28 34 0.970929 0.480329467764 -0.100766695683
232.5 28 35 1.174511 0.480343031284 -0.100751526825
232.6 28 35 0.920087 0.480356521271 -0.100736018242
232.7 28 35 0.971903000001 0.480369937627 -0.100719740039
232.8 28 34 0.974344 0.480383280927 -0.100703218351
232.9 28 34 0.936904 0.480396550974 -0.100686017682
233 28 35 1.184647 0.480409746833 -0.100668419208
233.1 28 35 0.950416000001 0.480422871496 -0.100650696816
233.2 28 34 1.153793 0.480435923259 -0.100632441798
233.3 28 36 1.150645 0.480448902728 -0.100613935857
233.4 28 35 0.955604 0.480461809905 -0.100595459715
233.5 28 36 0.974148 0.480474645274 -0.100576615571
233.6 28 34 1.175363 0.480487410334 -0.100557678326
233.7 28 34 1.161138 0.480500104686 -0.100538705139
233.8 28 35 1.170204 0.480512728014 -0.100519752596
233.9 28 36 0.974746 0.480525278368 -0.100501082272
234 28 35 0.989179 0.480537758263 -0.100482354905
234.1 28 35 1.191601 0.480550171787 -0.100463813741
234.2 28 35 1.185183 0.480562515691 -0.100445527856
234.3 28 34 1.135915 0.480574790687 -0.100427546431
234.4 28 36 1.172863 0.480586997259 -0.10040993455
234.5 28 35 1.137886 0.480599135889 -0.100392744078
234.6 28 34 1.124112 0.480611207112 -0.100376031062
234.7 28 34 1.137237 0.480623211398 -0.100359854962
234.8 28 35 1.174344 0.480635149313 -0.100344262308
234.9 28 35 1.173128 0.480647021232 -0.100329304446
235 28 36 1.187505 0.480658827931 -0.100315034926
235.1 28 34 1.19653 0.48067057 -0.100301501311
235.2 28 35 1.15477 0.480682248306 -0.100288748447
235.3 28 37 0.973344999999 0.480693855774 -0.100276976157
235.4 28 35 1.165923 0.480705400385 -0.10026591377
235.5 28 35 1.140773 0.480716891267 -0.100255752527
235.6 28 35 1.175724 0.480728320978 -0.100246533364
235.7 28 35 1.178753 0.480739690847 -0.100238294729
235.8 28 37 0.982055 0.480750993139 -0.100231199417
235.9 28 35 1.153817 0.480762236893 -0.100225005225
236 28 34 0.946876 0.480773423178 -0.100220017016
236.1 28 34 1.224221 0.480784552841 -0.100215958817
236.2 28 34 0.993762 0.480795627325 -0.100213140568
236.3 28 35 1.203487 0.480806647153 -0.10021130625
236.4 28 34 1.15052 0.480817621697 -0.100210599257
236.5 28 35 0.993592 0.480828535927 -0.100211175703
236.6 28 34 1.219243 0.480839398978 -0.100212753389
236.7 28 35 1.152469 0.480850219184 -0.100215485236
236.8 28 34 1.22016 0.480860989326 -0.100219368263
236.9 28 35 1.15991 0.480871712189 -0.100224393699
237 28 34 0.991819 0.480882381392 -0.100230705566
237.1 28 35 1.192463 0.480893004345 -0.100238006813
237.2 28 35 0.994903 0.480903582208 -0.100246576899
237.3 28 35 0.984517999999 0.480914116132 -0.100256089526
237.4 28 34 0.980707000001 0.480924607081 -0.100266832489
237.5 28 34 1.181873 0.480935056839 -0.100278486484
237.6 28 34 0.990458 0.48094546655 -0.100291320074
237.7 28 34 1.21359 0.480955837629 -0.100304990538
237.8 28 35 1.204738 0.480966175241 -0.100319624344
237.9 28 36 1.18932 0.480976476672 -0.100335172239
238 28 35 1.002717 0.480986741735 -0.100351779483
238.1 28 34 0.981526 0.480996974868 -0.100369072869
238.2 28 34 1.136672 0.481007179338 -0.100387135884
238.3 28 35 1.133956 0.481017354803 -0.100405956865
238.4 28 35 0.931341 0.481027502992 -0.100425656035
238.5 28 37 1.127937 0.481037626231 -0.100445814978
238.6 28 34 1.127672 0.481047725517 -0.100466569424
238.7 28 35 0.932334 0.481057804881 -0.100488056999
238.8 28 34 0.942152 0.48106786588 -0.100509767689
238.9 28 35 1.131405 0.481077907047 -0.100531883817
239 28 35 0.948199 0.481087934811 -0.100554570518
239.1 28 34 1.14343 0.481097947557 -0.100577343775
239.2 28 34 1.13143 0.481107940353 -0.100600348444
239.3 28 34 0.931993 0.48111792587 -0.100623778575
239.4 28 34 1.134374 0.481127899588 -0.100647074356
239.5 28 35 1.133262 0.481137853888 -0.100670422197
239.6 28 34 0.924931 0.481147806185 -0.100694017386
239.7 28 34 1.142422 0.481157748971 -0.100717292027
239.8 28 34 1.135768 0.481167672203 -0.100740427417
239.9 28 34 1.170178 0.481177586792 -0.100763375796
240 28 37 0.937286 0.481187505992 -0.10078634579
240.1 28 36 1.147675 0.481197418912 -0.100808723602
240.2 28 34 0.939504 0.481207326233 -0.100831018338
240.3 28 35 0.930834999999 0.481217228567 -0.10085261189
240.4 28 34 1.140754 0.481227110029 -0.100873718214
240.5 28 35 1.131089 0.481236985967 -0.100894298139
240.6 28 35 0.953173 0.481246876216 -0.100914611831
240.7 28 35 1.181916 0.481256763584 -0.100933974857
240.8 28 35 1.139271 0.481266628027 -0.100952674612
240.9 28 37 1.152702 0.481276489633 -0.100970658543
241 28 36 1.161527 0.48128634859 -0.100987888007
241.1 28 35 1.146991 0.48129620587 -0.101004325539
241.2 28 34 1.139019 0.481306061669 -0.101019944874
241.3 28 34 1.148577 0.481315916562 -0.101034711748
241.4 28 35 1.13746 0.481325770533 -0.101048591953
241.5 28 36 1.154084 0.481335624516 -0.101061566581
241.6 28 34 1.138737 0.481345479151 -0.101073615894
241.7 28 34 1.144191 0.481355334292 -0.101084724587
241.8 28 36 1.135473 0.481365190752 -0.101094875637
241.9 28 35 0.979566 0.481375077056 -0.101104386919
242 28 34 1.198681 0.481384965452 -0.101112597998
242.1 28 35 0.988635 0.4813948567 -0.10112016386
242.2 28 35 1.188587 0.481404750294 -0.101126406901
242.3 28 34 1.190524 0.481414618839 -0.101131691019
242.4 28 34 1.196384 0.481424490807 -0.101136018742
242.5 28 37 1.196835 0.481434366998 -0.101139398916
242.6 28 35 1.184423 0.481444247447 -0.101141862932
242.7 28 35 1.199427 0.481454132184 -0.101143421803
242.8 28 34 1.199375 0.48146402183 -0.101144111785
242.9 28 35 1.185218 0.481473916741 -0.101143949726
243 28 35 0.98829 0.481483843544 -0.101143259623
243.1 28 36 0.979088999999 0.481493775814 -0.10114151188
243.2 28 37 0.982505 0.481503713185 -0.101139300404
243.3 28 35 0.974739 0.481513656636 -0.101136115237
243.4 28 35 1.189344 0.481523585763 -0.101132220371
243.5 28 34 1.178022 0.481533524212 -0.101127751348
243.6 28 35 0.970889 0.481543493177 -0.101123031437
243.7 28 35 0.970368 0.481553467384 -0.101117562818
243.8 28 34 1.19232 0.481563433091 -0.101111625651
243.9 28 34 1.155552 0.481573411483 -0.101105305008
244 28 35 0.921701 0.481583419935 -0.101098913052
244.1 28 34 1.114546 0.481593439312 -0.101092021128
244.2 28 35 1.113786 0.4816034551 -0.101084941542
244.3 28 36 1.118788 0.481613483028 -0.101077747149
244.4 28 34 0.923941 0.481623536177 -0.101070713159
244.5 28 35 0.933998 0.481633600925 -0.101063464812
244.6 28 35 0.924687 0.481643676302 -0.101056476037
244.7 28 34 1.132095 0.481653762921 -0.101049412115
244.8 28 34 1.12627 0.4816638531 -0.101042551347
244.9 28 36 1.123231 0.48167395513 -0.101035960037
245 28 37 0.943751 0.481684076689 -0.101029860868
245.1 28 36 0.939221 0.481694209816 -0.101023976592
245.2 28 40 1.135333 0.481704350125 -0.101018538871
245.3 28 40 0.946215999999 0.481714506182 -0.101013759428
245.4 28 41 0.957151 0.481724673968 -0.101009380103
245.5 28 40 1.163952 0.481734851912 -0.101005593821
245.6 28 40 0.969074 0.481745043718 -0.10100260816
245.7 28 37 1.214537 0.481755248046 -0.101000165359
245.8 28 38 1.208802 0.481765465049 -0.100998464695
245.9 28 38 1.211819 0.481775695474 -0.100997547021
246 28 38 1.206228 0.481785939369 -0.100997450411
246.1 28 41 1.201767 0.481796194488 -0.100998208837
246.2 28 38 1.142243 0.481806466313 -0.100999845454
246.3 28 40 0.945832 0.481816748515 -0.101002504032
246.4 28 40 1.16138 0.48182704531 -0.101005951428
246.5 28 40 1.196694 0.481837360823 -0.101010349688
246.6 28 40 0.966261 0.481847686304 -0.101015814959
246.7 28 36 1.150921 0.481858027032 -0.101022110139
246.8 28 37 1.147463 0.481868389597 -0.101029371716
246.9 28 39 1.157207 0.481878768488 -0.1010376015
247 28 38 0.941322 0.481889158203 -0.101046895385
247.1 28 39 1.155435 0.48189956597 -0.101057023979
247.2 28 38 1.148161 0.481909997298 -0.101068099849
247.3 28 38 1.141657 0.481920447063 -0.101080099001
247.4 28 38 1.164547 0.481930915753 -0.101093010133
247.5 28 40 0.972468999999 0.481941399604 -0.101106902556
247.6 28 40 0.999187 0.481951904243 -0.101121548069
247.7 28 39 1.197561 0.481962433833 -0.101137013068
247.8 28 40 1.175281 0.481972985408 -0.101153276807
247.9 28 39 0.949293 0.481983556505 -0.101170394703
248 28 38 1.186407 0.481994151475 -0.101188120824
248.1 28 37 1.167634 0.48200477076 -0.101206534923
248.2 28 39 0.972991000001 0.482015414743 -0.101225678875
248.3 28 40 0.96772 0.482026085161 -0.101245319213
248.4 28 38 1.186899 0.482036780185 -0.101265479513
248.5 28 38 1.217171 0.482047501332 -0.101286144385
248.6 28 39 0.968515 0.482058254367 -0.101307356189
248.7 28 39 1.179155 0.482069035957 -0.10132882577
248.8 28 37 1.15906 0.482079839713 -0.101350664376
248.9 28 40 1.160485 0.482090672489 -0.101372734289
249 28 38 1.164402 0.48210153492 -0.101395072358
249.1 28 40 1.000681 0.48211243946 -0.101417671545
249.2 28 37 1.173927 0.482123376851 -0.101440254087
249.3 28 39 1.171257 0.482134331683 -0.10146290097
249.4 28 40 0.968206 0.482145335833 -0.101485663866
249.5 28 39 1.187528 0.482156374361 -0.101508240673
249.6 28 38 1.184979 0.482167425484 -0.101530703299
249.7 28 39 1.163495 0.482178510285 -0.101552999797
249.8 28 40 0.977368 0.482189654419 -0.101575192963
249.9 28 37 1.160021 0.482200834844 -0.101596976256
250 28 40 0.9606 0.48221205193 -0.101618546215
