# SIAM excitation B=c_0up^dag|gs> (normalized), method=fbr
# L=1000 U=0.1 V=0.1 dt=0.1 tmax=500 max_bond_dim=1024 mps_cutoff=1e-08 activity_tol=1e-08
# gs loaded from cache app/output/gs_cache/siam_L1000_U0.1 gs_n_active=21 gs_bond_dim=28
# nrm=0.707149822787
# t  n_active  bond_dim  renyi_half  renyi_sum  slater_activity  n0up  n0dw  norm  wall_s  ReA  ImA
0 21 28 0.853925057353 3.1014524033 8.59338287462e-10 1 0.720442439564 1 0.06495 0 0
0.1 21 16 0.853230471795 2.61556712683 2.05389299899e-10 0.999959879977 0.720424149354 0.999999796892 0.471064 0 0
0.2 20 15 0.853020681062 2.64817641276 2.04717968943e-10 0.999839687606 0.720369276449 0.99999985642 0.539333 0 0
0.3 20 15 0.852944624526 2.68189610002 1.82667714965e-10 0.999639703611 0.720277846115 0.999999885134 0.458513 0 0
0.4 20 14 0.852934748187 2.71841454691 1.7940709196e-10 0.999360340045 0.720150003947 0.999999893229 0.370235 0 0
0.5 19 14 0.852836306411 2.75010176885 9.11750541732e-09 0.999002277096 0.719985934453 0.999999879477 0.457638 0 0
0.6 17 14 0.852931573617 2.78008588639 6.23190599181e-09 0.998566404607 0.719785886709 0.999999917571 0.453023 0 0
0.7 19 14 0.852995991891 2.80755234543 3.28412308459e-09 0.998053730883 0.719550137604 0.999999909022 0.447905 0 0
0.8 17 14 0.853072952446 2.83416608431 9.48350282797e-09 0.997465518783 0.719279007347 0.999999901173 0.452092 0 0
0.9 18 14 0.853280863938 2.86066282481 9.42656215573e-09 0.996803226031 0.718972890039 0.999999928925 0.360721 0 0
1 17 14 0.85351314533 2.8859976576 8.43273913738e-09 0.996068416154 0.718632188143 0.999999936376 0.449517 0 0
1.1 18 14 0.853767323859 2.91092036472 4.33978866312e-09 0.995262842752 0.718257373842 0.999999922146 0.364895 0 0
1.2 18 14 0.854037026137 2.93453206001 3.20445848385e-09 0.994388459497 0.717848985764 0.999999902998 0.450094 0 0
1.3 18 14 0.85434439666 2.95761384097 1.43655229351e-10 0.993447287027 0.71740755344 0.999999916464 0.366422 0 0
1.4 18 14 0.854675528637 2.97996879322 1.45583539272e-10 0.992441553338 0.716933654042 0.999999930909 0.45149 0 0
1.5 18 14 0.855028387535 3.00115414712 1.82524337457e-10 0.991373540589 0.716427911318 0.999999940856 0.450576 0 0
1.6 18 14 0.855395364919 3.02162719933 2.18397982802e-10 0.990245705968 0.715890986942 0.999999922966 0.449759 0 0
1.7 18 14 0.855785604288 3.04105145219 2.52985754087e-10 0.989060601439 0.715323561149 0.999999927111 0.525269 0 0
1.8 18 14 0.856196660744 3.05946155509 2.8608279086e-10 0.987820876766 0.714726317998 0.999999915318 0.452966 0 0
1.9 18 14 0.856624787398 3.07741390657 3.17500621774e-10 0.986529248704 0.714100002342 0.999999908974 0.455204 0 0
2 18 14 0.857073958147 3.09401471555 3.47069904098e-10 0.985188525646 0.713445346415 0.999999926163 0.450203 0 0
2.1 18 14 0.857538845568 3.10969616956 3.74643656766e-10 0.983801553177 0.712763115418 0.999999923698 0.449709 0 0
2.2 18 14 0.858025936084 3.12462092784 4.00099446467e-10 0.982371241006 0.712054084574 0.999999935953 0.524442 0 0
2.3 18 14 0.858530869002 3.1388366044 4.23341524122e-10 0.980900527751 0.711319038891 0.999999936178 0.453245 0 0
2.4 18 14 0.859050942259 3.15227509295 4.44300190933e-10 0.9793923942 0.71055876665 0.999999930839 0.453732 0 0
2.5 18 14 0.859581524502 3.16484569941 4.62932773659e-10 0.977849802314 0.709774078435 0.999999919405 0.450281 0 0
2.6 18 14 0.860129933576 3.17652434204 4.7922538798e-10 0.976275721472 0.708965779428 0.999999907564 0.453506 0 0
2.7 18 14 0.860694848912 3.18850458348 4.93195208577e-10 0.974673152055 0.708134667936 0.999999917245 0.455229 0 0
2.8 18 14 0.861272376505 3.19962794676 5.04890097272e-10 0.9730450048 0.707281527809 0.999999920021 0.524916 0 0
2.9 18 14 0.861861098334 3.20983045984 5.14387462529e-10 0.971394181966 0.706407149288 0.999999900052 0.526374 0 0
3 18 14 0.86246580283 3.22017574513 5.21793895152e-10 0.969723534834 0.705512340422 0.999999914246 0.455794 0 0
3.1 18 14 0.863087472683 3.23020129719 5.27244856345e-10 0.968035866578 0.704597848102 0.999999909114 0.452677 0 0
3.2 18 14 0.86372321474 3.23998440324 8.18640877309e-09 0.966333931589 0.703664446852 0.999999908746 0.453302 0 0
3.3 19 14 0.864378289883 3.24962156038 2.7994405202e-09 0.964620395894 0.702712893413 0.999999921264 0.45082 0 0
3.4 18 14 0.865036450319 3.25904492442 8.04798061527e-09 0.962897810916 0.701743895975 0.99999989953 0.455604 0 0
3.5 18 14 0.865710930239 3.26817716948 6.17114936929e-09 0.961168672372 0.70075817139 0.999999874648 0.527506 0 0
3.6 18 14 0.866397029722 3.27721553779 2.09524342321e-09 0.959435347384 0.69975644279 0.999999895133 0.525349 0 0
3.7 17 14 0.867097287822 3.28585022356 8.20120380644e-09 0.957700101508 0.698739350517 0.999999901794 0.522923 0 0
3.8 17 14 0.867813979565 3.29490759533 5.33352643122e-09 0.955965075959 0.697707539975 0.999999905074 0.447763 0 0
3.9 16 14 0.868548961908 3.30417754778 7.31402538534e-09 0.95423232826 0.696661655084 0.999999921171 0.363647 0 0
4 16 14 0.869293533222 3.31337964196 4.75945338696e-09 0.952503762887 0.695602276404 0.999999920288 0.445787 0 0
4.1 16 14 0.870051036108 3.32266210673 4.73141803514e-09 0.950781131685 0.694530017554 0.999999921778 0.448665 0 0
4.2 16 14 0.870819765805 3.33298149942 5.25634702431e-09 0.949066056962 0.693445420595 0.999999914754 0.454799 0 0
4.3 16 14 0.871599130677 3.34161263575 5.31725619091e-09 0.94736009073 0.692349017742 0.999999922243 0.445454 0 0
4.4 16 14 0.872393967933 3.3510156784 6.20546358743e-09 0.945664574197 0.691241312682 0.999999928721 0.446314 0 0
4.5 16 14 0.873199241242 3.3603129459 6.62994614764e-09 0.943980746395 0.690122774133 0.999999929091 0.442976 0 0
4.6 17 14 0.874015964261 3.36988896394 5.65705364253e-10 0.942309708169 0.688993873087 0.99999992632 0.446111 0 0
4.7 17 14 0.874841075911 3.37950109675 5.67591184955e-10 0.940652426626 0.687855031332 0.999999911916 0.363747 0 0
4.8 17 15 0.875681864694 3.38954260419 5.695140477e-10 0.939009747975 0.686706657783 0.999999931323 0.36793 0 0
4.9 17 15 0.876531974713 3.39957794279 5.7142975548e-10 0.937382346959 0.685549115575 0.999999916573 0.365477 0 0
5 17 15 0.877392769155 3.40955189237 5.73281093252e-10 0.935770797458 0.68438277762 0.999999913666 0.367163 0 0
5.1 17 15 0.878261870658 3.41964203269 5.7500188514e-10 0.934175547554 0.683207979407 0.999999912459 0.370039 0 0
5.2 17 15 0.879141440965 3.4298059983 5.76520117239e-10 0.932596901058 0.682025027918 0.999999912745 0.366502 0 0
5.3 17 15 0.880029041673 3.44012390164 5.77760373214e-10 0.931035078569 0.68083421356 0.999999920929 0.366908 0 0
5.4 17 15 0.880923941345 3.45080788537 5.78645999996e-10 0.92949012476 0.679635801322 0.999999906576 0.366475 0 0
5.5 17 15 0.881823891903 3.46099252036 5.79100997462e-10 0.927962021179 0.678430057899 0.999999893803 0.449843 0 0
5.6 17 15 0.882733704594 3.47141493838 5.79051721463e-10 0.926450669357 0.677217217112 0.999999915974 0.448056 0 0
5.7 17 15 0.883650314223 3.48199175716 5.78428410914e-10 0.92495581972 0.67599747333 0.999999913218 0.452484 0 0
5.8 17 15 0.884571963405 3.49265372486 5.77166438396e-10 0.923477179921 0.674771043302 0.999999906577 0.449978 0 0
5.9 17 15 0.885500610051 3.50338819789 5.75207460631e-10 0.92201435701 0.673538115248 0.999999907685 0.450747 0 0
6 16 15 0.8864344605 3.51414144139 9.32222032901e-09 0.920566899905 0.6722988514 0.999999915926 0.448654 0 0
6.1 16 15 0.887371768694 3.52476612284 7.05637459575e-09 0.919134243107 0.671053416121 0.999999912071 0.523423 0 0
6.2 16 15 0.888313470888 3.53548680552 5.27362487013e-09 0.917715801335 0.669801961029 0.999999915697 0.521281 0 0
6.3 16 15 0.889258890293 3.54630256062 4.50725146095e-09 0.916310949762 0.668544625136 0.999999924224 0.520752 0 0
6.4 16 15 0.890206179134 3.55702845418 3.02353631021e-09 0.914919008348 0.667281540147 0.999999915412 0.517254 0 0
6.5 16 15 0.891154369948 3.56796732146 3.12632542077e-09 0.913539258715 0.666012833865 0.999999912206 0.553158 0 0
6.6 16 15 0.892104326174 3.57868788566 3.05445757576e-09 0.912170942993 0.664738619127 0.999999910599 0.520486 0 0
6.7 16 15 0.893052514864 3.58923177105 3.27134141997e-09 0.910813310577 0.663459012995 0.999999896367 0.52945 0 0
6.8 16 15 0.894000300719 3.59989208353 3.15700132703e-09 0.909465561287 0.662174118825 0.999999892659 0.529348 0 0
6.9 16 15 0.894948447023 3.61063005792 3.43562645e-09 0.908126887358 0.660884040525 0.999999896907 0.516766 0 0
7 16 15 0.89589609406 3.62132020937 3.58050100679e-09 0.906796520865 0.659588886671 0.999999893901 0.517858 0 0
7.1 16 15 0.896842673401 3.63206560575 3.76147024639e-09 0.905473682123 0.658288752064 0.999999898944 0.517269 0 0
7.2 16 15 0.89778904988 3.6426443262 3.92705956642e-09 0.904157585098 0.656983738093 0.999999898895 0.517366 0 0
7.3 16 15 0.898734471433 3.65353534127 3.99936128659e-09 0.902847477788 0.655673941144 0.999999900531 0.517626 0 0
7.4 16 15 0.899676886284 3.66417234507 4.55669024735e-09 0.901542630346 0.654359466051 0.999999889385 0.518102 0 0
7.5 16 15 0.900616768413 3.6747275343 4.63727345412e-09 0.900242347883 0.653040418767 0.99999988199 0.521252 0 0
7.6 16 15 0.901554645129 3.685470096 4.99409136268e-09 0.898945943837 0.651716902923 0.999999885099 0.52192 0 0
7.7 16 15 0.902489647072 3.69600201443 5.53402812464e-09 0.897652804407 0.650389024316 0.999999880738 0.522078 0 0
7.8 16 15 0.903421624608 3.70648703193 6.26959995031e-09 0.896362336222 0.649056891157 0.999999879703 0.517356 0 0
7.9 16 15 0.904351248127 3.71713215219 6.26034790674e-09 0.895073996365 0.64772061824 0.999999881824 0.517756 0 0
8 16 15 0.905277995474 3.72728721334 6.8921123253e-09 0.893787271497 0.646380315215 0.99999988372 0.518037 0 0
8.1 16 15 0.906201306051 3.73757272107 6.64655097626e-09 0.892501710221 0.645036101502 0.999999877502 0.51771 0 0
8.2 16 14 0.907121727851 3.74743051319 7.08473679722e-09 0.891216929433 0.643688108179 0.999999880619 0.518049 0 0
8.3 16 14 0.908042001293 3.75778254776 6.67739619153e-09 0.889932547112 0.642336451603 0.9999998966 0.520647 0 0
8.4 16 14 0.908958314343 3.76791104704 7.3966753833e-09 0.888648282932 0.640981270713 0.999999888341 0.518095 0 0
8.5 16 14 0.909871636626 3.77808967815 7.28750793044e-09 0.887363894462 0.639622693642 0.999999891777 0.51708 0 0
8.6 16 14 0.910781393365 3.78817927374 7.61639729063e-09 0.886079203159 0.638260858475 0.999999890471 0.518297 0 0
8.7 16 14 0.911687424435 3.79822215394 7.72200636767e-09 0.884794042591 0.63689590165 0.999999888896 0.517727 0 0
8.8 16 14 0.912590424581 3.8082847686 8.06429922839e-09 0.883508322755 0.635527969366 0.999999900832 0.517673 0 0
8.9 16 14 0.913489939718 3.8182535559 8.60934001867e-09 0.882222009108 0.634157204056 0.999999898174 0.51975 0 0
9 16 14 0.914385830777 3.82820416682 9.3908458787e-09 0.880935119545 0.632783757364 0.999999894161 0.520599 0 0
9.1 17 14 0.915278172917 3.83801910934 2.25382013053e-09 0.879647712611 0.631407780559 0.999999891031 0.520905 0 0
9.2 17 14 0.916167835721 3.84772261284 1.20041199203e-09 0.878359890586 0.630029425677 0.999999904957 0.449771 0 0
9.3 17 14 0.917056570277 3.85735970173 1.23753940429e-09 0.877071795681 0.628648836547 0.999999914405 0.449828 0 0
9.4 17 14 0.917941115955 3.86722543241 1.27538124506e-09 0.875783589014 0.627266165868 0.999999905248 0.449851 0 0
9.5 17 14 0.918821231741 3.87666003108 1.31345956333e-09 0.874495498383 0.625881583548 0.999999887945 0.45042 0 0
9.6 17 15 0.919699345737 3.8864380751 1.35148314762e-09 0.873207785354 0.624495245274 0.999999897631 0.450137 0 0
9.7 17 14 0.920575024372 3.89554736258 1.38958400342e-09 0.8719207263 0.623107296893 0.999999893793 0.450199 0 0
9.8 17 14 0.921447000216 3.90467254433 5.8348178511e-09 0.870634604081 0.621717899895 0.999999896982 0.450073 0 0
9.9 17 14 0.922318083817 3.91385103311 5.34749367009e-09 0.869349752449 0.620327195181 0.999999907869 0.449261 0 0
10 17 14 0.923184913315 3.9231098727 8.68761684814e-09 0.868066495923 0.618935339826 0.999999893225 0.450096 0 0
10.1 17 14 0.924050688208 3.93230621988 7.35743910241e-09 0.866785203765 0.61754248885 0.99999989687 0.451672 0 0
10.2 17 14 0.924915157599 3.94158403623 6.22464724209e-09 0.865506226721 0.616148785276 0.999999897971 0.451718 0 0
10.3 17 14 0.925777119922 3.95041345766 5.26654653221e-09 0.864229929283 0.614754370853 0.999999889258 0.44933 0 0
10.4 17 14 0.926640474681 3.95936188646 3.95556121191e-09 0.862956694895 0.613359397755 0.999999909192 0.447361 0 0
10.5 17 14 0.927502300717 3.96835001811 3.42191630587e-09 0.861686878209 0.611963992188 0.999999901628 0.448896 0 0
10.6 17 14 0.928363046795 3.97746580148 3.03067848595e-09 0.86042085027 0.610568292691 0.999999903309 0.450705 0 0
10.7 17 14 0.929222520045 3.98626685182 2.74114797527e-09 0.859158981006 0.609172432659 0.999999899576 0.448513 0 0
10.8 17 14 0.930082722194 3.99524729718 2.53942122885e-09 0.857901612492 0.607776538447 0.999999907445 0.450934 0 0
10.9 17 14 0.930939761198 4.00392521034 1.85808091135e-09 0.856649081589 0.606380726866 0.999999892999 0.449018 0 0
11 17 14 0.931797088319 4.01282173473 1.89428539521e-09 0.855401709975 0.604985127144 0.99999989657 0.450154 0 0
11.1 17 14 0.932655076326 4.02190332104 1.92865212689e-09 0.854159763775 0.603589842093 0.99999989615 0.450524 0 0
11.2 17 14 0.933511079542 4.03107542825 1.96409466469e-09 0.852923549296 0.602194982725 0.9999998826 0.448108 0 0
11.3 17 14 0.9343671894 4.03967175799 1.99852412397e-09 0.851693295077 0.60080065696 0.999999892 0.45026 0 0
11.4 17 14 0.935222539354 4.04842011529 2.03281080857e-09 0.850469233555 0.599406958423 0.999999883583 0.45294 0 0
11.5 17 14 0.936077709089 4.05692163492 2.06649952705e-09 0.849251585938 0.598013986846 0.999999888988 0.449105 0 0
11.6 17 14 0.936933020913 4.06569951043 2.10000627998e-09 0.848040507603 0.596621824609 0.999999891946 0.448991 0 0
11.7 17 14 0.937789126418 4.07465430901 2.13299655716e-09 0.846836145046 0.595230562877 0.999999892215 0.450042 0 0
11.8 17 14 0.938644770555 4.08332691633 2.16567619393e-09 0.845638628107 0.593840276796 0.999999896623 0.450183 0 0
11.9 17 14 0.939499766883 4.09234556446 2.19811580049e-09 0.844448033186 0.592451048226 0.999999883417 0.450542 0 0
12 17 14 0.940356287622 4.10097647583 2.23013363332e-09 0.843264420635 0.591062949637 0.999999900351 0.450521 0 0
12.1 17 14 0.94121207844 4.10975666045 2.30149384269e-09 0.842087833441 0.589676057397 0.999999881484 0.448451 0 0
12.2 17 14 0.942067792299 4.11886480993 2.37881781749e-09 0.840918261398 0.588290435267 0.999999897598 0.450177 0 0
12.3 17 14 0.942924474998 4.12757625925 2.46080979183e-09 0.839755682501 0.58690613697 0.99999989467 0.45002 0 0
12.4 17 14 0.943780825111 4.13655072013 2.54283015897e-09 0.838600048009 0.585523227999 0.999999894641 0.448872 0 0
12.5 17 14 0.944637342252 4.14549348757 2.62676081087e-09 0.83745127671 0.5841417562 0.999999904026 0.449689 0 0
12.6 17 14 0.945492390738 4.15444363631 2.71183146257e-09 0.836309255438 0.582761781488 0.999999888598 0.450438 0 0
12.7 17 14 0.946347668672 4.16351808089 2.79174186014e-09 0.83517386069 0.581383355261 0.999999890889 0.449502 0 0
12.8 17 14 0.947202901343 4.17258122063 2.87564805141e-09 0.834044953578 0.580006527058 0.999999897584 0.449211 0 0
12.9 17 14 0.948057929574 4.18184563397 2.95945629863e-09 0.832922369997 0.57863133715 0.999999896138 0.451037 0 0
13 17 14 0.948912949919 4.19110849596 3.04113044413e-09 0.831805941498 0.577257832336 0.999999901163 0.451928 0 0
13.1 17 14 0.949767310614 4.20019054648 3.12271996631e-09 0.83069546491 0.575886054043 0.999999901568 0.449613 0 0
13.2 17 14 0.950620522977 4.20966892943 3.20492429339e-09 0.829590717485 0.574516050137 0.999999897043 0.447706 0 0
13.3 17 14 0.951472148943 4.21898860592 3.28628872802e-09 0.828491489093 0.573147861408 0.999999887726 0.450403 0 0
13.4 17 14 0.952324410423 4.22821759358 3.36406598127e-09 0.827397569875 0.571781527316 0.999999899749 0.450673 0 0
13.5 17 14 0.95317575668 4.23784039883 3.4438796458e-09 0.8263087199 0.570417086901 0.999999898267 0.449633 0 0
13.6 17 14 0.95402559904 4.24724750311 3.52158854863e-09 0.825224705651 0.569054581202 0.999999895749 0.449435 0 0
13.7 17 14 0.954874714643 4.2566626437 3.59730078136e-09 0.824145296131 0.567694047125 0.999999893882 0.449087 0 0
13.8 17 14 0.955723321935 4.26627335355 3.67297950489e-09 0.82307024475 0.566335527136 0.999999903121 0.451165 0 0
13.9 17 14 0.956570954596 4.27637558316 3.74832415493e-09 0.821999332233 0.564979063808 0.999999907438 0.450716 0 0
14 17 14 0.957416828662 4.28615181656 3.82221836326e-09 0.820932330565 0.563624699072 0.999999899318 0.44913 0 0
14.1 17 14 0.958260713633 4.29596657487 3.89268669895e-09 0.819869040294 0.562272475955 0.999999895467 0.449703 0 0
14.2 17 14 0.959103717026 4.30573465912 3.96235559368e-09 0.818809250217 0.560922429025 0.999999897485 0.449573 0 0
14.3 17 14 0.959944832899 4.31562224566 4.02948303652e-09 0.817752763597 0.55957460577 0.999999901179 0.44985 0 0
14.4 17 14 0.960783950551 4.32563992365 4.09657773976e-09 0.816699380741 0.558229046206 0.99999988578 0.449969 0 0
14.5 17 14 0.961622049562 4.33548410379 4.15810435909e-09 0.81564895896 0.556885807546 0.99999989469 0.450054 0 0
14.6 17 14 0.962456031595 4.34529326765 4.2187875924e-09 0.814601325403 0.555544923487 0.999999882977 0.4503 0 0
14.7 17 14 0.963292597045 4.355430636 4.27788243673e-09 0.813556366633 0.554206440161 0.999999900813 0.450321 0 0
14.8 17 14 0.964124683928 4.36599534727 4.33502519492e-09 0.812513941251 0.552870414842 0.999999893385 0.451389 0 0
14.9 17 14 0.964951387302 4.37578769259 4.39078457051e-09 0.811473948029 0.551536894282 0.99999988306 0.449344 0 0
15 17 14 0.965780400598 4.3860405485 4.4433035416e-09 0.810436329059 0.550205917163 0.999999891487 0.448467 0 0
15.1 17 14 0.966607662837 4.39635299503 4.49604166596e-09 0.809401009959 0.548877553635 0.999999894246 0.449752 0 0
15.2 17 14 0.967434045933 4.40670137499 4.55066364687e-09 0.808367937242 0.547551838112 0.999999899244 0.449763 0 0
15.3 17 14 0.968258519244 4.41711286507 4.60322948741e-09 0.807337094097 0.546228825593 0.99999989995 0.44997 0 0
15.4 17 14 0.969081100279 4.42752960654 4.65624467642e-09 0.806308466782 0.544908570539 0.999999893216 0.45078 0 0
15.5 17 14 0.969902218385 4.4380757025 4.70790217828e-09 0.805282092082 0.543591123726 0.999999894288 0.449039 0 0
15.6 17 14 0.970720972394 4.44849114649 4.76003322637e-09 0.804257980289 0.542276541445 0.999999889186 0.450254 0 0
15.7 17 14 0.971537753843 4.4590499569 4.80991661074e-09 0.80323618862 0.540964875735 0.999999881247 0.451119 0 0
15.8 17 14 0.972353085319 4.46947818994 4.8594655926e-09 0.802216785019 0.539656178548 0.999999878776 0.44834 0 0
15.9 17 15 0.973165542227 4.48019853748 4.90675646702e-09 0.801199848073 0.538350506987 0.99999987231 0.449105 0 0
16 17 14 0.973977448659 4.4905401325 4.95354774632e-09 0.800185462451 0.537047915685 0.999999882163 0.450581 0 0
16.1 17 14 0.974787824928 4.50109953242 5.00213516675e-09 0.799173734426 0.535748457293 0.999999884765 0.449499 0 0
16.2 17 14 0.975595593674 4.51163151844 5.05125825177e-09 0.798164797956 0.534452177986 0.999999864185 0.450552 0 0
16.3 17 14 0.976403191713 4.52217010905 5.09021817802e-09 0.797158799093 0.533159139012 0.999999878363 0.450725 0 0
16.4 17 14 0.977209655712 4.53270181762 5.13551298405e-09 0.796155867893 0.531869383277 0.999999881155 0.448926 0 0
16.5 17 14 0.978014698634 4.54325802347 5.18123379889e-09 0.795156169233 0.530582964951 0.99999987943 0.449682 0 0
16.6 17 14 0.978818572364 4.55381830735 5.22478125156e-09 0.794159857311 0.529299934994 0.999999881999 0.450044 0 0
16.7 17 14 0.979622897199 4.56428285865 5.26950799242e-09 0.793167105013 0.528020338165 0.999999886218 0.450265 0 0
16.8 17 14 0.980426850043 4.57487797428 5.31319126807e-09 0.792178089778 0.526744229286 0.999999890077 0.449792 0 0
16.9 17 15 0.981229814232 4.58554522232 5.3575840945e-09 0.791192953717 0.525471650041 0.999999888889 0.449198 0 0
17 17 14 0.98203009562 4.5959176228 5.4028775989e-09 0.79021187155 0.524202641508 0.999999877675 0.450808 0 0
17.1 17 14 0.982829664279 4.60645031998 5.44398850686e-09 0.789234980912 0.522937247374 0.999999879534 0.448588 0 0
17.2 17 14 0.983628981947 4.61714257898 5.48474727137e-09 0.788262437987 0.521675509943 0.999999879931 0.448264 0 0
17.3 17 15 0.984426925648 4.6279810844 5.5272018496e-09 0.787294394332 0.520417473049 0.999999880506 0.449717 0 0
17.4 17 15 0.985223911789 4.63886349688 5.57037761932e-09 0.786331021504 0.519163167318 0.999999880245 0.450735 0 0
17.5 17 15 0.986020701035 4.6494429014 5.60893287673e-09 0.785372431628 0.517912631386 0.999999890558 0.448355 0 0
17.6 17 15 0.986816815799 4.6602946626 5.6540180365e-09 0.784418753954 0.51666590362 0.999999879828 0.448412 0 0
17.7 17 15 0.987612293117 4.67120327875 5.69666396524e-09 0.783470139514 0.515423014273 0.999999888172 0.447772 0 0
17.8 17 15 0.988405499256 4.68208415149 5.74222155015e-09 0.782526714043 0.514183990397 0.999999874468 0.449239 0 0
17.9 17 15 0.989199218061 4.69298112731 5.78562950871e-09 0.781588574647 0.512948856845 0.999999886481 0.449099 0 0
18 17 15 0.989992021716 4.70387421773 5.8232605725e-09 0.780655857643 0.511717640394 0.999999874329 0.448927 0 0
18.1 17 15 0.990783547671 4.71476604057 5.85919556565e-09 0.779728637771 0.510490376882 0.999999872268 0.448574 0 0
18.2 17 16 0.991573583987 4.72578964618 5.89084114515e-09 0.778806971605 0.509267088243 0.99999987002 0.45271 0 0
18.3 17 15 0.992362352912 4.73674112303 5.93047570987e-09 0.777890943535 0.508047793414 0.999999865658 0.45004 0 0
18.4 17 15 0.993151497102 4.74758551604 5.96686818327e-09 0.776980593587 0.506832513404 0.999999881344 0.449691 0 0
18.5 17 16 0.993939882974 4.75871334856 5.99748338135e-09 0.776075936254 0.505621273671 0.999999878184 0.447807 0 0
18.6 17 15 0.99472811322 4.76950847112 6.03778739137e-09 0.7751770267 0.504414087504 0.999999881009 0.448088 0 0
18.7 17 15 0.995516975728 4.78053939602 6.07400574465e-09 0.774283850787 0.503210975237 0.999999898043 0.450836 0 0
18.8 17 15 0.99630436724 4.79168777369 6.11355817222e-09 0.773396406683 0.502011947159 0.999999890397 0.451277 0 0
18.9 17 15 0.997091164394 4.80260067399 6.15212101542e-09 0.772514697887 0.500817021448 0.999999893706 0.451159 0 0
19 17 15 0.997878517787 4.81368145275 6.19594155817e-09 0.771638664702 0.49962620948 0.99999989921 0.452389 0 0
19.1 17 15 0.998664445584 4.82497058496 6.23696501568e-09 0.770768282496 0.498439523841 0.999999888418 0.452325 0 0
19.2 17 15 0.999449875033 4.83579636139 6.27041260943e-09 0.769903486531 0.497256985865 0.99999989929 0.4528 0 0
19.3 17 15 1.00023505935 4.84701045905 6.31416389857e-09 0.769044230943 0.496078592284 0.999999886205 0.450975 0 0
19.4 17 15 1.00102013817 4.85790866083 6.35227708145e-09 0.768190435271 0.494904368514 0.999999905245 0.450198 0 0
19.5 17 15 1.00180375677 4.86894449862 6.39693928442e-09 0.76734200913 0.493734314007 0.999999896352 0.450002 0 0
19.6 17 15 1.00258747777 4.87996003898 6.43856399305e-09 0.766498864239 0.492568444506 0.999999900414 0.449507 0 0
19.7 17 15 1.00337033973 4.89097875049 6.47964681674e-09 0.765660902448 0.49140676877 0.999999885676 0.449451 0 0
19.8 17 15 1.00415288054 4.90191915648 6.51567947271e-09 0.764828018686 0.490249297392 0.999999905005 0.45055 0 0
19.9 17 16 1.00493417336 4.91304060395 6.5599239615e-09 0.76400009573 0.489096036226 0.999999894949 0.45142 0 0
20 17 15 1.00571416943 4.92405091927 6.60248661934e-09 0.763177026534 0.487946996363 0.999999893302 0.449291 0 0
20.1 17 15 1.00649473899 4.93477916796 6.64060396153e-09 0.762358696183 0.486802191366 0.999999905288 0.44883 0 0
20.2 17 15 1.00727356453 4.9456225063 6.68616625469e-09 0.761544981952 0.48566162365 0.999999877195 0.450261 0 0
20.3 17 15 1.00805163226 4.95642827012 6.72438919271e-09 0.760735765641 0.484525310584 0.999999876236 0.450173 0 0
20.4 17 15 1.00882995149 4.96724411468 6.75991471519e-09 0.759930915963 0.483393273267 0.999999893854 0.367464 0 0
20.5 17 15 1.00960713542 4.97797849423 6.80190242771e-09 0.759130331826 0.482265506185 0.999999885188 0.36498 0 0
20.6 17 15 1.01038380494 4.98870598152 6.84217276559e-09 0.758333884431 0.481142024051 0.999999888232 0.367222 0 0
20.7 17 15 1.01115945203 4.99936191079 6.8850198341e-09 0.75754147864 0.480022828666 0.999999885706 0.366243 0 0
20.8 17 15 1.01193536038 5.01001014349 6.9272706023e-09 0.756752993433 0.478907931234 0.999999894444 0.365722 0 0
20.9 17 15 1.01271052591 5.0206231714 6.96998320123e-09 0.75596834262 0.477797348475 0.999999891702 0.36553 0 0
21 17 15 1.01348542506 5.0311840788 7.01237467952e-09 0.755187423833 0.476691090814 0.999999889868 0.367274 0 0
21.1 17 15 1.01425928677 5.04170555099 7.05545909778e-09 0.75441016089 0.475589171216 0.99999989013 0.367955 0 0
21.2 17 15 1.01503348525 5.05218813337 7.10139746034e-09 0.753636458588 0.474491595751 0.999999897707 0.366747 0 0
21.3 17 15 1.01580662036 5.06263269281 7.14849443105e-09 0.752866255903 0.473398376995 0.999999894769 0.367142 0 0
21.4 17 15 1.01657906713 5.07301941226 7.19640459039e-09 0.752099470598 0.47230953333 0.999999888328 0.366976 0 0
21.5 17 15 1.01735255284 5.08345245666 7.24172910242e-09 0.751336050696 0.471225078989 0.999999908563 0.366054 0 0
21.6 17 15 1.01812389128 5.09372073776 7.29268068872e-09 0.750575958781 0.470145024575 0.999999876768 0.365115 0 0
21.7 17 15 1.01889594743 5.10827362223 7.3364050152e-09 0.749819159997 0.469069384348 0.999999894504 0.367247 0 0
21.8 17 16 1.01966714466 5.11846957567 7.38178108135e-09 0.749065617907 0.467998168405 0.999999880293 0.366565 0 0
21.9 17 16 1.02043937391 5.12850332686 7.42526071868e-09 0.748315343738 0.46693139287 0.99999989988 0.366926 0 0
22 17 16 1.02121255979 5.13872167176 7.47380732192e-09 0.747568303521 0.465869069816 0.999999909213 0.368303 0 0
22.1 17 15 1.02198501254 5.14855284667 7.52444304375e-09 0.746824501841 0.464811216294 0.999999899526 0.365318 0 0
22.2 17 15 1.02275817614 5.15856868959 7.5759861094e-09 0.746083946477 0.463757842238 0.999999910764 0.365534 0 0
22.3 17 16 1.02353120623 5.16863125097 7.63036663768e-09 0.745346654837 0.462708962991 0.999999911839 0.367339 0 0
22.4 17 15 1.02430398993 5.17840279428 7.68749942528e-09 0.744612654019 0.461664596062 0.999999906559 0.367446 0 0
22.5 17 17 1.02507667082 5.1886613202 7.74413948424e-09 0.7438819837 0.460624749666 0.999999902424 0.366277 0 0
22.6 17 16 1.02584923651 5.19828586004 7.7964192909e-09 0.743154675464 0.459589444011 0.999999902425 0.366864 0 0
22.7 17 16 1.02662255154 5.20835837449 7.85269653587e-09 0.742430766707 0.458558684303 0.999999898901 0.366256 0 0
22.8 18 16 1.02739557254 5.21801917102 4.36885756638e-09 0.741710311664 0.457532490918 0.999999901658 0.366792 0 0
22.9 18 17 1.02816920641 5.2277812306 3.81160394075e-09 0.74099336821 0.456510858745 0.99999990126 0.454729 0 0
23 18 17 1.02894240209 5.23750895909 3.89178235384e-09 0.740280015724 0.455493813911 0.999999879556 0.371523 0 0
23.1 18 17 1.02971554379 5.24697815466 3.97303347299e-09 0.739570290795 0.454481362938 0.999999888625 0.453013 0 0
23.2 18 16 1.03048984923 5.25665353812 4.05560129167e-09 0.738864252836 0.453473507298 0.999999893978 0.373256 0 0
23.3 18 16 1.03126545553 5.26633518509 4.13934071994e-09 0.738161981656 0.452470263049 0.999999900108 0.453632 0 0
23.4 18 16 1.03204125344 5.27600368087 4.22387093844e-09 0.737463528368 0.451471636648 0.999999894135 0.370041 0 0
23.5 18 16 1.03281677185 5.2856081643 4.30955813196e-09 0.736768945735 0.450477632779 0.999999886423 0.371423 0 0
23.6 18 17 1.03359290137 5.29528692963 4.39598740434e-09 0.736078304951 0.449488258858 0.999999879719 0.372826 0 0
23.7 18 16 1.03436912658 5.30464270483 4.48299260585e-09 0.735391718348 0.448503533058 0.999999874792 0.481327 0 0
23.8 18 16 1.03514534586 5.31409390132 4.57059130077e-09 0.734709204506 0.447523451508 0.999999880499 0.383157 0 0
23.9 18 16 1.03592098165 5.32337197564 4.65884716999e-09 0.734030832545 0.446548021808 0.999999860907 0.372695 0 0
24 18 16 1.03669785565 5.3326263488 4.74768363467e-09 0.733356680477 0.445577247108 0.999999873492 0.37229 0 0
24.1 18 16 1.03747412509 5.34177638391 4.83678823862e-09 0.732686819202 0.444611130449 0.999999858226 0.456507 0 0
24.2 18 16 1.03824985497 5.35088810055 4.92602669432e-09 0.732021273493 0.443649672192 0.99999985741 0.372289 0 0
24.3 18 17 1.03902669567 5.36011496067 5.01568833798e-09 0.731360101929 0.442692878961 0.999999868466 0.459581 0 0
24.4 18 17 1.03980280718 5.36924721214 5.10538907902e-09 0.730703367851 0.44174075075 0.999999867886 0.457518 0 0
24.5 18 17 1.04057998524 5.37850638671 5.19510915524e-09 0.730051080421 0.440793284754 0.999999879992 0.378397 0 0
24.6 18 17 1.04135581973 5.3876636959 5.28476089801e-09 0.729403290916 0.439850480508 0.99999986107 0.376263 0 0
24.7 18 16 1.0421317418 5.39662488495 5.37395832193e-09 0.728759996583 0.43891234105 0.99999986832 0.459514 0 0
24.8 18 17 1.04290800475 5.4059424132 5.46340700158e-09 0.728121223601 0.437978863024 0.999999856263 0.463807 0 0
24.9 18 16 1.04368486319 5.41487825438 5.55270752648e-09 0.727486993958 0.437050043647 0.999999869644 0.45835 0 0
25 18 16 1.04446129959 5.42395431963 5.62939799627e-09 0.726857307821 0.436125885117 0.999999862059 0.464548 0 0
25.1 18 16 1.04523756176 5.43304912115 5.70788317487e-09 0.726232173281 0.435206375309 0.999999862988 0.381497 0 0
25.2 18 16 1.04601324369 5.44221408615 5.78763427023e-09 0.725611560436 0.434291515472 0.999999863041 0.458917 0 0
25.3 18 16 1.0467894336 5.45143518004 5.86758145114e-09 0.724995457156 0.433381294621 0.999999864319 0.457716 0 0
25.4 18 16 1.04756418699 5.4606580482 5.94816620154e-09 0.724383839208 0.432475713244 0.999999864427 0.376087 0 0
25.5 18 16 1.04833823801 5.46984294318 6.02838297701e-09 0.723776666183 0.431574765574 0.999999853542 0.371851 0 0
25.6 18 16 1.04911358327 5.47910367822 6.10857271114e-09 0.723173914335 0.430678445821 0.999999890501 0.456664 0 0
25.7 18 16 1.04988727311 5.48853920964 6.18898846708e-09 0.722575542756 0.429786749533 0.999999871576 0.458054 0 0
25.8 18 16 1.05065922205 5.49794217994 6.26911050745e-09 0.721981500943 0.428899668972 0.999999843945 0.457869 0 0
25.9 18 16 1.05143277629 5.50740482182 6.34914833124e-09 0.721391752245 0.428017198678 0.999999871966 0.373452 0 0
26 18 17 1.05220559141 5.51702991935 6.42939616147e-09 0.720806225089 0.427139346148 0.9999998717 0.374895 0 0
26.1 18 16 1.05297786024 5.526492476 6.50929271083e-09 0.720224866725 0.426266095938 0.999999872568 0.375995 0 0
26.2 18 16 1.05374970295 5.53614781846 6.58914666187e-09 0.719647596017 0.425397443716 0.999999888953 0.373049 0 0
26.3 18 16 1.05452007569 5.54597169769 6.66910036553e-09 0.719074355391 0.424533386846 0.999999860638 0.457289 0 0
26.4 18 16 1.0552889425 5.56054964258 6.74911738891e-09 0.718505090725 0.423673912887 0.999999861446 0.371725 0 0
26.5 18 16 1.0560574048 5.57017632322 6.82884732313e-09 0.717939725569 0.422819020838 0.999999872513 0.3737 0 0
26.6 18 16 1.05682476403 5.58039028035 6.90917520842e-09 0.717378177167 0.421968703675 0.999999874807 0.377473 0 0
26.7 18 16 1.05758994031 5.5902820829 6.98939071156e-09 0.716820391457 0.421122952027 0.999999868601 0.457653 0 0
26.8 18 16 1.05835386502 5.59924193703 7.06972130954e-09 0.716266292353 0.420281766059 0.999999871631 0.456068 0 0
26.9 18 16 1.0591170635 5.60891075739 7.15011907072e-09 0.715715807471 0.419445132437 0.99999987075 0.372348 0 0
27 18 17 1.05987841763 5.61936054863 7.2310742422e-09 0.715168879727 0.418613049312 0.999999859744 0.375219 0 0
27.1 18 16 1.06063783627 5.62924363994 7.31218912273e-09 0.714625430722 0.41778550877 0.999999851464 0.375683 0 0
27.2 18 16 1.0613960635 5.63844245835 7.3936852541e-09 0.714085414345 0.416962513058 0.999999865053 0.457827 0 0
27.3 18 16 1.06215318756 5.64851355884 7.47568758832e-09 0.713548760083 0.416144049871 0.999999883282 0.372541 0 0
27.4 18 16 1.06290782354 5.65906503119 7.55787446667e-09 0.713015400691 0.41533011574 0.999999870915 0.462485 0 0
27.5 18 16 1.06366049568 5.6690334311 7.64000286676e-09 0.712485305226 0.414520701612 0.9999998623 0.458875 0 0
27.6 18 17 1.06441195085 5.67845016703 7.72283227269e-09 0.711958417635 0.413715799077 0.999999878953 0.460015 0 0
27.7 18 16 1.06516109523 5.68841059439 7.80607581195e-09 0.711434692831 0.412915407408 0.99999987467 0.4603 0 0
27.8 18 16 1.0659089431 5.69859906463 7.88986742655e-09 0.710914085025 0.412119518746 0.999999869629 0.457688 0 0
27.9 18 16 1.0666551332 5.70860297194 7.97410082248e-09 0.71039657526 0.411328134032 0.999999878184 0.460176 0 0
28 18 16 1.06739856987 5.71867392807 8.05926360717e-09 0.709882145977 0.410541239882 0.999999861626 0.372556 0 0
28.1 18 16 1.06814036415 5.72877703711 8.14451357516e-09 0.70937074845 0.409758832014 0.999999868998 0.371587 0 0
28.2 18 16 1.0688799875 5.73892565751 8.23058836184e-09 0.708862384849 0.408980904833 0.999999857814 0.458784 0 0
28.3 18 17 1.06961797763 5.74907314052 8.31749757305e-09 0.7083570535 0.408207456841 0.999999873131 0.463157 0 0
28.4 18 16 1.07035380443 5.75935672851 8.40510378907e-09 0.707854740186 0.407438478507 0.999999871278 0.376447 0 0
28.5 18 16 1.0710872552 5.76936017342 8.49361527014e-09 0.707355447286 0.406673965614 0.999999850207 0.458801 0 0
28.6 18 16 1.07182018455 5.77959580054 8.58289964775e-09 0.706859181932 0.405913917995 0.999999864199 0.45845 0 0
28.7 19 16 1.07255144308 5.78873209086 4.88004411211e-09 0.706365963796 0.405158329128 0.999999885123 0.375279 0 0
28.8 18 16 1.07332850165 5.7986826469 8.77663263216e-09 0.705875797901 0.404407189572 0.999999881144 0.536093 0 0
28.9 18 16 1.07437782028 5.8088429897 8.87128920591e-09 0.705388708805 0.403660487997 0.999999877232 0.459781 0 0
29 19 17 1.07542158117 5.81890491868 3.27412783599e-09 0.7049047328 0.402918226926 0.999999876902 0.372425 0 0
29.1 18 16 1.0764596496 5.82793738779 9.06154760571e-09 0.704423877985 0.402180407519 0.999999878111 0.459689 0 0
29.2 18 16 1.07748910094 5.83760023145 9.1508878549e-09 0.703946190833 0.401447001692 0.99999988292 0.459573 0 0
29.3 18 16 1.07851654107 5.84735956746 9.24414121362e-09 0.703471695346 0.400718019129 0.999999880735 0.376398 0 0
29.4 18 16 1.07953689756 5.85687557257 9.33908591715e-09 0.703000426438 0.399993450298 0.999999881572 0.373223 0 0
29.5 18 16 1.08054901068 5.86648164064 9.43461873731e-09 0.702532424877 0.399273280143 0.999999887569 0.373836 0 0
29.6 18 16 1.08155929841 5.8762259957 9.5285888366e-09 0.702067727194 0.398557501218 0.999999885883 0.374639 0 0
29.7 18 16 1.08256339004 5.88553487466 9.62224518686e-09 0.701606388206 0.397846111246 0.999999893606 0.458083 0 0
29.8 18 16 1.08356306143 5.89503017165 9.71475744934e-09 0.701148428195 0.397139100757 0.999999889026 0.456094 0 0
29.9 18 16 1.08455088473 5.90441837568 9.80621241464e-09 0.700693913447 0.396436455434 0.999999881557 0.376605 0 0
30 18 16 1.08553430879 5.91427345589 9.89570874611e-09 0.700242863353 0.395738167516 0.999999885379 0.456647 0 0
30.1 18 16 1.08651559704 5.92318634439 9.98317045691e-09 0.699795302384 0.39504423522 0.99999989448 0.457348 0 0
30.2 19 16 1.08748958269 5.93240932885 2.99992243782e-09 0.699351298648 0.394354642785 0.999999895266 0.457578 0 0
30.3 19 16 1.0884581524 5.94164208189 2.9684666377e-09 0.698910866687 0.393669378489 0.999999865796 0.534898 0 0
30.4 19 16 1.08941846521 5.95072920331 2.93138810333e-09 0.698474055688 0.392988430606 0.9999998587 0.460073 0 0
30.5 19 16 1.09037275896 5.95983788054 2.94555038314e-09 0.698040894021 0.392311784445 0.999999873271 0.532694 0 0
30.6 19 16 1.09131615496 5.96890042971 2.98138850421e-09 0.697611383205 0.391639434496 0.999999869469 0.460782 0 0
30.7 19 16 1.09226084038 5.97794888993 3.01153018338e-09 0.69718554005 0.390971367055 0.999999887111 0.461077 0 0
30.8 19 16 1.09319702352 5.9869875296 3.03549808773e-09 0.69676340618 0.390307583474 0.999999885842 0.460067 0 0
30.9 19 16 1.09412486289 5.99595859302 3.05281248673e-09 0.696344974368 0.389648061914 0.999999881379 0.460551 0 0
31 19 16 1.09504132631 6.00495253963 3.06314029479e-09 0.695930248486 0.388992796325 0.999999867667 0.533749 0 0
31.1 19 16 1.09595587257 6.01374271322 3.06622304371e-09 0.695519234845 0.388341776257 0.999999874354 0.532833 0 0
31.2 19 16 1.09686450621 6.02292941511 3.0619512425e-09 0.695111949364 0.387694995325 0.999999867701 0.532388 0 0
31.3 19 16 1.09776700556 6.03128200543 3.05034637354e-09 0.694708374899 0.387052437861 0.999999879453 0.534052 0 0
31.4 19 16 1.09866362801 6.04003608042 3.03159175082e-09 0.694308499894 0.386414078559 0.999999869712 0.462628 0 0
31.5 19 16 1.09955055301 6.04869993058 3.00603425163e-09 0.69391230914 0.38577991775 0.999999864571 0.532414 0 0
31.6 19 16 1.10043506797 6.05730916826 2.97417333239e-09 0.693519789471 0.38514993009 0.99999985217 0.459713 0 0
31.7 19 17 1.10131295698 6.06632326761 2.93666416878e-09 0.693130913195 0.384524122492 0.999999852514 0.461672 0 0
31.8 19 16 1.10217889033 6.074651271 2.89430123395e-09 0.692745649891 0.383902461368 0.999999841776 0.459574 0 0
31.9 19 17 1.10304170772 6.08389914197 2.84798785134e-09 0.692363951381 0.38328494904 0.999999846482 0.461201 0 0
32 19 16 1.10390492753 6.09129314063 2.84858248101e-09 0.691985795355 0.382671573079 0.999999871512 0.532921 0 0
32.1 19 16 1.10476509211 6.09978587256 2.90585033813e-09 0.691611140902 0.382062328086 0.99999988319 0.534884 0 0
32.2 19 16 1.10561857585 6.10825291746 2.96142732559e-09 0.691239947143 0.381457197049 0.999999853384 0.532019 0 0
32.3 19 16 1.10646230473 6.10982698068 3.0160020037e-09 0.690872165636 0.380856169237 0.99999983847 0.533308 0 0
32.4 19 16 1.10730539231 6.11762966511 4.44223746676e-09 0.690507754839 0.380259234538 0.999999863625 0.459979 0 0
32.5 19 16 1.10814721505 6.12532553863 4.34595448517e-09 0.690146652043 0.379666379284 0.999999854435 0.461223 0 0
32.6 19 16 1.10898624091 6.13297946656 4.22871493377e-09 0.68978881005 0.37907760167 0.999999877661 0.462277 0 0
32.7 19 16 1.10981567202 6.14071637263 4.14551948325e-09 0.689434170933 0.378492880448 0.999999863216 0.46163 0 0
32.8 19 16 1.11064380948 6.1486825072 4.134855347e-09 0.689082664256 0.377912205041 0.999999861081 0.462753 0 0
32.9 19 16 1.11146853596 6.15626081525 4.17141610143e-09 0.68873426424 0.377335562577 0.999999860275 0.465002 0 0
33 19 16 1.11229227927 6.16414246308 3.35675576224e-09 0.6883888857 0.376762962053 0.999999854304 0.537291 0 0
33.1 19 16 1.11310841068 6.1712585156 3.40313865976e-09 0.688046497855 0.376194366023 0.999999860536 0.535317 0 0
33.2 19 16 1.11392160896 6.17878472746 3.44894213189e-09 0.687707024988 0.375629768551 0.999999869452 0.461429 0 0
33.3 19 16 1.11473696558 6.18649293696 3.49662832022e-09 0.687370420384 0.375069133034 0.999999873695 0.534223 0 0
33.4 19 16 1.11554694606 6.19415945544 3.54100171407e-09 0.687036630943 0.37451247754 0.999999866376 0.458118 0 0
33.5 19 16 1.11635265404 6.20181891229 3.58383811516e-09 0.686705604642 0.373959788404 0.99999985955 0.533603 0 0
33.6 19 16 1.11715906827 6.20949024266 3.6264711234e-09 0.686377286981 0.373411036961 0.999999877681 0.458723 0 0
33.7 19 17 1.11796130834 6.21753453449 3.66779540073e-09 0.686051641793 0.372866220234 0.999999849894 0.533079 0 0
33.8 19 16 1.1187589679 6.224754496 3.70786867876e-09 0.685728612738 0.372325315342 0.999999863062 0.531944 0 0
33.9 19 16 1.11956363849 6.23276270886 3.74725050989e-09 0.685408166474 0.371788316106 0.999999866182 0.532513 0 0
34 19 16 1.12035863908 6.24018345643 3.78663278511e-09 0.685090279294 0.371255207316 0.999999853395 0.46006 0 0
34.1 19 16 1.12115734102 6.24779432767 3.82477449712e-09 0.684774886226 0.370725984289 0.999999865446 0.460627 0 0
34.2 19 16 1.12195495037 6.2555293993 3.86214848991e-09 0.684461963955 0.370200630074 0.999999865195 0.461406 0 0
34.3 19 16 1.12274132936 6.2630339718 3.89830057124e-09 0.684151494012 0.369679119698 0.999999870289 0.533922 0 0
34.4 19 16 1.1235287658 6.27068989486 3.93430621415e-09 0.683843435119 0.36916144591 0.999999863798 0.46015 0 0
34.5 19 16 1.12432341486 6.27856428053 3.96838828465e-09 0.683537784139 0.368647602107 0.99999986691 0.455988 0 0
34.6 19 16 1.12511512221 6.28608004912 4.00289945635e-09 0.683234526073 0.368137571363 0.999999871923 0.527714 0 0
34.7 19 17 1.12590024707 6.29450010958 4.03636923885e-09 0.682933639119 0.367631342172 0.999999868346 0.527776 0 0
34.8 19 16 1.12667966261 6.30214024467 4.06799316455e-09 0.682635098939 0.367128897899 0.999999855852 0.457552 0 0
34.9 19 16 1.12745861225 6.30986357915 4.09863476492e-09 0.682338926812 0.366630222193 0.999999853491 0.459245 0 0
35 19 16 1.12823778694 6.31673811624 4.12916634218e-09 0.682045082844 0.366135304457 0.999999873318 0.455515 0 0
35.1 19 16 1.12902084144 6.32524673643 4.15971301848e-09 0.681753585333 0.365644129506 0.999999865083 0.528082 0 0
35.2 19 16 1.12980606415 6.33291397811 4.75893457974e-09 0.681464456054 0.365156689151 0.999999862547 0.45824 0 0
35.3 19 16 1.13058063712 6.33976547969 4.21590584665e-09 0.681177686874 0.364672971839 0.999999850491 0.454659 0 0
35.4 19 16 1.1313608165 6.34786703523 4.24675761224e-09 0.680893269815 0.364192950646 0.999999872111 0.527461 0 0
35.5 19 16 1.13214136995 6.35511191848 4.27441393391e-09 0.680611227523 0.363716622349 0.999999854545 0.529131 0 0
35.6 19 16 1.13291906949 6.36280475495 4.30204871726e-09 0.680331580385 0.363243975829 0.999999876729 0.526308 0 0
35.7 19 16 1.13369362008 6.37057145552 4.3338017619e-09 0.680054332644 0.362774977849 0.999999873692 0.527143 0 0
35.8 19 16 1.13447155828 6.37827616433 4.36108837931e-09 0.679779516021 0.362309639488 0.999999880173 0.528883 0 0
35.9 19 16 1.13525129767 6.38650500493 4.38806835312e-09 0.679507129568 0.361847932484 0.999999871036 0.527779 0 0
36 19 16 1.13602150895 6.39347197304 4.41375314075e-09 0.679237218287 0.361389852692 0.999999848806 0.45703 0 0
36.1 19 16 1.13679135525 6.40118146999 4.43772485426e-09 0.678969773479 0.360935370713 0.999999883558 0.52743 0 0
36.2 19 16 1.1375682286 6.40891716426 4.46269732279e-09 0.678704810038 0.36048448209 0.999999858306 0.456776 0 0
36.3 19 16 1.13834184913 6.41702982241 4.48637216266e-09 0.678442365042 0.360037170938 0.999999869615 0.528285 0 0
36.4 19 16 1.13910364109 6.4246915023 4.51260895318e-09 0.678182451145 0.359593421951 0.999999851978 0.457592 0 0
36.5 19 16 1.13986464047 6.43157687683 4.53671133993e-09 0.677925072145 0.359153224171 0.999999870461 0.458215 0 0
36.6 19 16 1.14063316477 6.43919312702 4.56331461507e-09 0.677670254754 0.358716553855 0.999999871042 0.528451 0 0
36.7 19 16 1.14139447268 6.44743853728 4.58650672996e-09 0.677418019091 0.358283419764 0.999999874395 0.530156 0 0
36.8 19 16 1.14215321085 6.45441108956 4.61053950573e-09 0.677168365644 0.357853779056 0.999999850953 0.457081 0 0
36.9 19 16 1.14291337755 6.46184848688 4.63489513436e-09 0.676921302585 0.357427636931 0.9999998719 0.527453 0 0
37 18 17 1.14366329425 6.46952610775 9.97077332878e-09 0.676676860609 0.357004965667 0.999999845449 0.528668 0 0
37.1 18 16 1.14441371802 6.47788622675 9.92213886002e-09 0.676435012022 0.356585754529 0.999999871049 0.452442 0 0
37.2 18 16 1.1451699276 6.48472480016 9.87342267944e-09 0.676195789118 0.356169993245 0.999999846601 0.368486 0 0
37.3 19 16 1.14592221731 6.49259806897 4.97284746714e-09 0.675959185924 0.355757657806 0.999999863336 0.453089 0 0
37.4 18 16 1.14667213957 6.49999866114 9.76654624781e-09 0.675725190429 0.35534873211 0.999999866541 0.457491 0 0
37.5 18 16 1.1474197402 6.50772165633 9.72496063e-09 0.675493815597 0.354943213771 0.999999876015 0.370884 0 0
37.6 18 16 1.14817106028 6.51501355881 9.6733035691e-09 0.675265049489 0.354541077847 0.999999874117 0.369018 0 0
37.7 18 16 1.1489099359 6.52244296105 9.61634712893e-09 0.675038876148 0.354142321713 0.999999859747 0.369226 0 0
37.8 19 16 1.14965621455 6.53014076096 4.98560925877e-09 0.674815286063 0.353746910547 0.999999875854 0.368634 0 0
37.9 18 16 1.15039969223 6.53727372686 9.51586026515e-09 0.67459427519 0.35335483733 0.999999871896 0.45651 0 0
38 18 16 1.15114330126 6.54464790471 9.46894508669e-09 0.674375808417 0.352966087144 0.999999884413 0.371643 0 0
38.1 18 16 1.15188191565 6.55203579639 9.42610244013e-09 0.674159864393 0.352580649917 0.999999880736 0.370836 0 0
38.2 18 16 1.15261903281 6.55939934931 9.37990468987e-09 0.673946431276 0.352198508301 0.999999874579 0.367523 0 0
38.3 18 17 1.15335182146 6.56698778244 9.33752365507e-09 0.673735481359 0.351819642691 0.999999875687 0.373115 0 0
38.4 18 16 1.15407409821 6.57357574109 9.97319731236e-09 0.673526968278 0.351444035467 0.999999847102 0.373376 0 0
38.5 18 16 1.15480448405 6.58184297336 9.25308955505e-09 0.673320881819 0.351071671359 0.999999866868 0.453527 0 0
38.6 19 16 1.15553266539 6.58943390315 5.29333799015e-09 0.673117184171 0.350702544234 0.999999867156 0.369945 0 0
38.7 18 16 1.15625299076 6.59606502193 9.17155969256e-09 0.67291583738 0.350336627562 0.999999843467 0.457482 0 0
38.8 19 16 1.15697634811 6.60387114798 5.33960620164e-09 0.672716809692 0.349973919076 0.99999984954 0.37091 0 0
38.9 18 16 1.15769303776 6.60986338322 9.09879074878e-09 0.672520068964 0.349614400306 0.999999856642 0.456121 0 0
39 18 16 1.15841564214 6.61809616604 9.06693482653e-09 0.672325565341 0.349258047299 0.999999859791 0.45234 0 0
39.1 19 16 1.15912692766 6.62554984163 5.57701695936e-09 0.672133275082 0.348904866962 0.999999856759 0.369731 0 0
39.2 19 16 1.15983941181 6.63231159095 5.49216561119e-09 0.671943151433 0.348554818949 0.999999836777 0.454559 0 0
39.3 18 16 1.16055930991 6.63865117254 8.96205577289e-09 0.671755148675 0.348207897658 0.999999873853 0.45388 0 0
39.4 18 16 1.16126526715 6.64658973275 8.93382491945e-09 0.671569243502 0.347864083393 0.999999848736 0.451162 0 0
39.5 18 16 1.16196689872 6.65396620816 9.60382464974e-09 0.671385379973 0.347523364434 0.99999984795 0.367371 0 0
39.6 18 16 1.1626749388 6.66107908942 8.8775507582e-09 0.671203536757 0.347185720746 0.999999850243 0.368724 0 0
39.7 18 16 1.16337065573 6.66766247015 8.85531515005e-09 0.671023672274 0.346851147503 0.999999839884 0.452336 0 0
39.8 18 16 1.16407083616 6.67530905503 8.82485543446e-09 0.67084574128 0.346519625222 0.999999854653 0.452697 0 0
39.9 18 16 1.16476513725 6.68282782442 9.89068555871e-09 0.670669717742 0.3461911417 0.999999848372 0.370554 0 0
40 18 16 1.16546525089 6.68949638889 8.77449199571e-09 0.670495569689 0.345865666471 0.999999867948 0.451577 0 0
40.1 18 16 1.1661511392 6.69682894998 9.74746187881e-09 0.670323267096 0.345543215752 0.99999983926 0.371837 0 0
40.2 19 16 1.16683733396 6.70298955397 5.86709103523e-09 0.670152772404 0.34522375648 0.999999869562 0.453985 0 0
40.3 18 16 1.16753090791 6.71071898615 8.7210042757e-09 0.669984058568 0.344907267151 0.999999861367 0.527809 0 0
40.4 18 16 1.16822958079 6.71822196625 8.7070038097e-09 0.66981709914 0.34459376491 0.99999986877 0.370131 0 0
40.5 19 16 1.16890816878 6.72500744235 5.89735105194e-09 0.669651891594 0.344283202113 0.999999846769 0.370653 0 0
40.6 18 16 1.16958984273 6.7320441254 8.66748802325e-09 0.669488384233 0.343975558026 0.999999854978 0.527639 0 0
40.7 18 16 1.17027551598 6.73917398269 8.63995864792e-09 0.669326582997 0.343670842904 0.999999860404 0.368764 0 0
40.8 18 16 1.1709624601 6.74629183622 9.51357883082e-09 0.669166472549 0.343369046078 0.999999867536 0.368768 0 0
40.9 18 16 1.17164691787 6.75342103182 9.85629171538e-09 0.669008044422 0.343070129325 0.999999866173 0.368017 0 0
41 19 16 1.17232044846 6.75996420946 6.56310017444e-09 0.668851260459 0.342774092155 0.999999840986 0.452626 0 0
41.1 19 16 1.17300189504 6.76783572463 6.98051283443e-09 0.668696133101 0.342480935402 0.999999864322 0.52797 0 0
41.2 19 16 1.17367667924 6.77411680354 7.99548538488e-09 0.668542627296 0.342190626165 0.999999856643 0.455194 0 0
41.3 19 16 1.17435507031 6.78143459669 8.52472470392e-09 0.668390761718 0.341903157479 0.999999843393 0.527104 0 0
41.4 19 16 1.17503276908 6.7881652868 9.31791688252e-09 0.668240529767 0.341618518601 0.999999873265 0.455367 0 0
41.5 20 16 1.17570706715 6.79545784738 3.99777178028e-09 0.668091926061 0.341336709996 0.999999837817 0.527699 0 0
41.6 20 16 1.17637857033 6.80228850758 3.22999837987e-09 0.667944967793 0.341057696396 0.999999835235 0.458858 0 0
41.7 20 16 1.17705022833 6.81007024627 3.24047644273e-09 0.667799637193 0.340781433209 0.999999832268 0.458943 0 0
41.8 20 16 1.17772385377 6.81765519122 3.24555027298e-09 0.667655944137 0.340507929404 0.999999846994 0.459078 0 0
41.9 20 16 1.17839490932 6.82411769971 3.24516635786e-09 0.667513906905 0.340237203929 0.999999836105 0.459733 0 0
42 20 16 1.17906340313 6.8312447028 3.23929894019e-09 0.667373518456 0.339969184969 0.999999853101 0.459708 0 0
42.1 18 16 1.17972502024 6.8381639903 8.19249189143e-09 0.667234795602 0.339703880136 0.999999853851 0.459903 0 0
42.2 18 16 1.18039001008 6.84570018977 8.92858524581e-09 0.667097734815 0.339441289361 0.999999857674 0.370334 0 0
42.3 18 16 1.18105586536 6.85289509101 9.86743602535e-09 0.666962365732 0.339181404208 0.999999858759 0.370017 0 0
42.4 19 16 1.18171767733 6.86018369576 7.38422922808e-09 0.666828684347 0.338924185885 0.999999859787 0.371912 0 0
42.5 19 16 1.18237857071 6.86730357691 7.6579342867e-09 0.666696708281 0.338669616551 0.99999984819 0.461801 0 0
42.6 19 16 1.18303647147 6.87414265757 8.28716673063e-09 0.666566442573 0.338417689012 0.999999853107 0.456882 0 0
42.7 19 16 1.18369746242 6.88079764247 8.73992100914e-09 0.666437901898 0.338168375044 0.999999864907 0.456416 0 0
42.8 19 16 1.18435210573 6.88750442337 9.17543407919e-09 0.666311096291 0.337921687484 0.999999848479 0.454997 0 0
42.9 19 16 1.18500612746 6.8951655893 9.51984824304e-09 0.666186019804 0.337677599501 0.9999998409 0.53121 0 0
43 19 16 1.18565966811 6.90226154674 9.99559301995e-09 0.666062677895 0.337436077992 0.999999829277 0.528914 0 0
43.1 20 16 1.18630927118 6.9088411592 2.99478486454e-09 0.665941083084 0.337197128539 0.999999831823 0.528799 0 0
43.2 20 16 1.18696351155 6.91647576966 2.99875724252e-09 0.665821247339 0.336960725821 0.999999845196 0.459492 0 0
43.3 20 16 1.18760673339 6.92313324632 3.00128144559e-09 0.66570316492 0.336726851145 0.999999835559 0.459871 0 0
43.4 20 16 1.18825055573 6.93060596902 3.00225944105e-09 0.665586827068 0.336495507526 0.999999842196 0.532137 0 0
43.5 20 16 1.18889374394 6.93760242962 3.00159275213e-09 0.6654722405 0.336266661775 0.999999857425 0.46094 0 0
43.6 20 16 1.18953484645 6.94492405723 2.99918578861e-09 0.665359427619 0.336040310996 0.999999842861 0.375071 0 0
43.7 20 16 1.19017312713 6.95088175585 2.99494562483e-09 0.665248359946 0.335816445418 0.999999826523 0.458703 0 0
43.8 20 16 1.1908126822 6.9585873403 2.98878322091e-09 0.665139040858 0.335595021327 0.999999836327 0.531064 0 0
43.9 20 16 1.19145124085 6.96589776386 2.98061375581e-09 0.665031467559 0.335376051769 0.999999841678 0.375712 0 0
44 20 16 1.1920893588 6.9719675838 2.97035940289e-09 0.664925627487 0.335159509292 0.999999851729 0.459086 0 0
44.1 20 16 1.1927206343 6.97917958197 2.95794788663e-09 0.664821506851 0.33494538967 0.999999842879 0.533322 0 0
44.2 20 16 1.19335631658 6.98675246294 2.94331570228e-09 0.664719086279 0.33473367263 0.999999853312 0.530118 0 0
44.3 20 16 1.19398736143 6.99323647753 2.92640633948e-09 0.664618362699 0.334524344714 0.999999841146 0.460325 0 0
44.4 20 16 1.19461799721 7.00014988099 2.90717461215e-09 0.664519324241 0.33431738975 0.999999867414 0.531793 0 0
44.5 20 16 1.19531329027 7.00815403769 2.88558277273e-09 0.664421909351 0.334112813964 0.999999868783 0.531807 0 0
44.6 20 16 1.19597887573 7.01531706921 2.86160706242e-09 0.664326165668 0.333910565765 0.999999836231 0.375451 0 0
44.7 20 16 1.19661534732 7.0214637808 2.83523216016e-09 0.664232030906 0.333710645275 0.999999824711 0.376102 0 0
44.8 20 16 1.19719790301 7.02821658474 2.80645584549e-09 0.664139515746 0.333513026863 0.999999846659 0.532079 0 0
44.9 20 16 1.19781493992 7.03517805683 2.77528766635e-09 0.664048561523 0.333317711716 0.999999832589 0.532261 0 0
45 20 16 1.19845056744 7.04344591319 2.769158014e-09 0.66395914429 0.333124688138 0.999999843245 0.532044 0 0
45.1 20 16 1.19907083085 7.04988633512 2.77590106457e-09 0.663871268364 0.332933947335 0.999999838621 0.459767 0 0
45.2 20 16 1.19969003226 7.05667569069 2.78143164056e-09 0.663784882502 0.332745460014 0.999999855332 0.460693 0 0
45.3 20 16 1.20032458913 7.06285515303 2.78568634826e-09 0.663699971574 0.332559214759 0.999999824091 0.37793 0 0
45.4 20 16 1.20092355819 7.06977158363 2.78859946246e-09 0.663616511826 0.332375190371 0.999999859339 0.533199 0 0
45.5 20 16 1.20153780192 7.077431105 2.79010636817e-09 0.663534453279 0.332193397287 0.999999835786 0.532579 0 0
45.6 20 16 1.20216006452 7.08359032391 2.79014111815e-09 0.663453776067 0.332013788598 0.999999872034 0.463259 0 0
45.7 20 16 1.20276081874 7.09043694934 2.78863976355e-09 0.663374454002 0.33183636922 0.999999848151 0.533665 0 0
45.8 20 16 1.20337968452 7.0982982505 2.78554024291e-09 0.663296455997 0.331661136793 0.999999816541 0.532839 0 0
45.9 20 16 1.20402893622 7.10534819018 2.78078404747e-09 0.663219768564 0.331488042945 0.999999821933 0.378818 0 0
46 20 16 1.20459108889 7.11169806115 2.7743172204e-09 0.663144362697 0.331317078816 0.999999850289 0.533776 0 0
46.1 20 16 1.20520412572 7.11891214185 2.76609080085e-09 0.663070206099 0.331148274909 0.999999836417 0.530074 0 0
46.2 20 17 1.20580751803 7.12542630199 2.75606337752e-09 0.662997264866 0.330981565734 0.999999855587 0.460153 0 0
46.3 20 16 1.20640433653 7.13248059325 2.7442006445e-09 0.662925526567 0.330816967811 0.999999857429 0.459865 0 0
46.4 20 16 1.20701075256 7.13907294744 2.73047584542e-09 0.662854957407 0.330654470045 0.999999851449 0.460526 0 0
46.5 20 16 1.20760793233 7.14618712481 2.71487232695e-09 0.662785541725 0.330494036905 0.999999831102 0.460961 0 0
46.6 20 17 1.20820253535 7.15415938406 2.69738209546e-09 0.662717253023 0.330335664664 0.999999846777 0.459679 0 0
46.7 20 16 1.20879275069 7.15928553824 2.67800670528e-09 0.662650092744 0.330179349059 0.999999836558 0.459884 0 0
46.8 20 16 1.20939359173 7.1652955761 2.65675892397e-09 0.662584022316 0.330025056487 0.999999868241 0.531244 0 0
46.9 20 16 1.20999031258 7.17179047841 2.6336605119e-09 0.662519018591 0.329872799933 0.999999849867 0.532389 0 0
47 20 16 1.21057718331 7.17928618492 2.60874410962e-09 0.662455086351 0.329722549675 0.999999836271 0.463607 0 0
47.1 20 16 1.21118677221 7.18591606367 2.58205157255e-09 0.662392193937 0.329574289516 0.999999852542 0.380033 0 0
47.2 20 16 1.21174932836 7.19189282147 2.58235954842e-09 0.662330361738 0.329428001191 0.999999850147 0.457236 0 0
47.3 20 16 1.21233813307 7.19870086999 2.59428412086e-09 0.66226954658 0.329283700709 0.999999862342 0.531324 0 0
47.4 20 17 1.21292804759 7.20528582341 2.60498578264e-09 0.662209753949 0.329141345825 0.999999861129 0.535841 0 0
47.5 20 17 1.2134980945 7.21240897051 2.61436017279e-09 0.662150982528 0.329000957152 0.999999834276 0.533566 0 0
47.6 20 17 1.21407997068 7.21940330556 2.62230548387e-09 0.66209323945 0.328862488187 0.999999854767 0.535787 0 0
47.7 20 17 1.21466325181 7.22589858675 2.62872534851e-09 0.662036507784 0.328725941996 0.999999833764 0.460052 0 0
47.8 20 17 1.21528555442 7.23359203478 2.63353250318e-09 0.66198078386 0.328591265045 0.999999817986 0.377025 0 0
47.9 20 17 1.21586448827 7.23834675553 2.63664678979e-09 0.661926070388 0.328458467185 0.999999843729 0.538208 0 0
48 20 17 1.21644830137 7.24607997892 2.63799970757e-09 0.661872390223 0.328327549866 0.999999834768 0.461428 0 0
48.1 20 17 1.21704955243 7.25303756552 2.63753352492e-09 0.661819718005 0.328198497939 0.999999836214 0.533193 0 0
48.2 20 17 1.21761852795 7.25900841885 2.63519539523e-09 0.661768055163 0.328071281221 0.999999840938 0.462573 0 0
48.3 20 17 1.21818850321 7.26567536748 2.63095734088e-09 0.661717435757 0.32794588293 0.999999827226 0.377414 0 0
48.4 20 17 1.21875205632 7.27340078958 2.62478871971e-09 0.661667845001 0.327822281003 0.999999826199 0.461488 0 0
48.5 20 17 1.21931977482 7.27889237285 2.61667976176e-09 0.661619286016 0.327700452931 0.999999839377 0.534917 0 0
48.6 20 17 1.21990102113 7.28644484775 2.60663013396e-09 0.661571766729 0.327580408918 0.999999821768 0.376999 0 0
48.7 20 17 1.22046216171 7.29317761457 2.59465016139e-09 0.661525293995 0.327462134204 0.999999820718 0.533329 0 0
48.8 20 17 1.22101594702 7.29869568765 2.58075716353e-09 0.66147987447 0.327345616404 0.999999820901 0.531465 0 0
48.9 20 17 1.22156898474 7.30653208541 2.56498478013e-09 0.661435519121 0.327230831954 0.999999796496 0.53443 0 0
49 20 17 1.22212664745 7.31308000486 2.54736565175e-09 0.661392232085 0.327117783985 0.999999814698 0.533501 0 0
49.1 20 17 1.22267706693 7.31968846042 2.52794629674e-09 0.661350013768 0.327006460788 0.999999815251 0.532382 0 0
49.2 20 17 1.22321455821 7.32593355461 2.50677612001e-09 0.66130885682 0.326896834437 0.999999838002 0.462513 0 0
49.3 20 17 1.22374342911 7.33189094671 2.48390430446e-09 0.661268799203 0.32678891685 0.99999982786 0.46176 0 0
49.4 20 17 1.22428163511 7.33995485551 2.45939679733e-09 0.66122981491 0.326682665809 0.999999814401 0.380339 0 0
49.5 20 17 1.22480662655 7.34608066151 2.43330067207e-09 0.661191937309 0.326578090994 0.999999839081 0.533226 0 0
49.6 20 18 1.22534888996 7.35293359947 2.40569042465e-09 0.661155144452 0.326475174447 0.999999816139 0.461616 0 0
49.7 20 17 1.22588476573 7.35918191058 2.37661357261e-09 0.661119419897 0.326373896099 0.999999838323 0.534809 0 0
49.8 20 17 1.22641670253 7.36612633085 2.34614594419e-09 0.661084790501 0.326274284295 0.99999984503 0.461921 0 0
49.9 19 17 1.22694818821 7.37185163313 9.91495063829e-09 0.661051260654 0.326176309644 0.999999833084 0.461915 0 0
50 19 17 1.2274755731 7.3789372827 9.90418980162e-09 0.661018805435 0.32607994866 0.999999839532 0.459906 0 0
50.1 19 17 1.22799393037 7.38569875312 9.88651183143e-09 0.660987428031 0.325985209902 0.999999852634 0.531084 0 0
50.2 19 17 1.22852446959 7.39237183592 9.870027462e-09 0.660957143565 0.325892078543 0.999999860542 0.457841 0 0
50.3 19 17 1.22904786604 7.39903499493 9.85079018356e-09 0.660927914666 0.32580055648 0.999999855852 0.461556 0 0
50.4 19 17 1.2296149221 7.40579552149 9.82837822239e-09 0.66089974324 0.325710601484 0.99999985443 0.459013 0 0
50.5 19 17 1.23019649084 7.41157005892 9.80693304342e-09 0.660872579334 0.325622216139 0.999999859474 0.458115 0 0
50.6 19 17 1.23080410151 7.41854023452 9.78245151551e-09 0.660846446724 0.325535412703 0.999999861542 0.52989 0 0
50.7 19 17 1.23141141289 7.42500245159 9.75248348745e-09 0.66082130243 0.325450155466 0.999999853173 0.529419 0 0
50.8 19 17 1.23200932082 7.43171581275 9.72202163219e-09 0.660797156588 0.325366450005 0.999999875144 0.529087 0 0
50.9 19 18 1.2326072261 7.4384390324 9.69160107722e-09 0.660773985735 0.325284287217 0.999999845186 0.531242 0 0
51 19 18 1.23320580819 7.44521204473 9.65624646909e-09 0.660751755329 0.325203654009 0.999999852142 0.528802 0 0
51.1 19 17 1.23379565727 7.45152506421 9.61840684877e-09 0.660730470514 0.325124536237 0.999999838363 0.457655 0 0
51.2 19 17 1.23438597784 7.45814796556 9.58180645938e-09 0.660710119482 0.325046929297 0.999999862487 0.52804 0 0
51.3 19 17 1.23497816768 7.46524680412 9.54067846948e-09 0.660690697723 0.324970839522 0.999999838188 0.458 0 0
51.4 19 17 1.23556412663 7.47129867892 9.49943657069e-09 0.660672160966 0.324896230817 0.999999845579 0.529747 0 0
51.5 19 18 1.23615062832 7.4780709207 9.45757183679e-09 0.660654476934 0.324823114005 0.99999984477 0.457444 0 0
51.6 19 18 1.23673064048 7.48446066448 9.41082511918e-09 0.660637649416 0.324751474318 0.99999985963 0.459208 0 0
51.7 19 17 1.23730994094 7.491108968 9.36606636692e-09 0.660621634682 0.324681305841 0.999999862301 0.530401 0 0
51.8 19 17 1.23789309008 7.49747214166 9.3201424356e-09 0.66060642274 0.32461258757 0.999999862145 0.530719 0 0
51.9 19 17 1.23847266483 7.50398920242 9.27020671337e-09 0.660591996699 0.324545309048 0.999999863024 0.459796 0 0
52 19 17 1.23904866722 7.51092632763 9.22095488853e-09 0.660578332454 0.324479485407 0.99999984392 0.461252 0 0
52.1 19 17 1.23962360607 7.51682197136 9.16934372874e-09 0.66056540193 0.324415100021 0.999999865596 0.530747 0 0
52.2 19 17 1.24019640759 7.523576609 9.11640152257e-09 0.660553188249 0.324352122059 0.999999850522 0.53313 0 0
52.3 19 17 1.24076333829 7.52988778924 9.0699298072e-09 0.660541688854 0.324290568008 0.999999851645 0.530724 0 0
52.4 19 17 1.24132939722 7.53630791411 9.01607533077e-09 0.660530884811 0.324230421403 0.999999859702 0.456889 0 0
52.5 19 18 1.24189279143 7.54283810961 8.96772467396e-09 0.660520736272 0.324171668538 0.999999856148 0.53041 0 0
52.6 19 17 1.24245087295 7.54944577066 8.91726981145e-09 0.660511245036 0.324114298095 0.999999842269 0.456966 0 0
52.7 19 17 1.24301096041 7.55533320164 8.86963924529e-09 0.660502365788 0.324058310614 0.999999868897 0.530166 0 0
52.8 19 18 1.24356590873 7.56187129086 8.8227726236e-09 0.66049410931 0.32400367815 0.999999860957 0.456976 0 0
52.9 19 17 1.24411673524 7.5682162543 8.77186212556e-09 0.660486445452 0.323950409217 0.999999854458 0.530268 0 0
53 19 18 1.24466761011 7.57462870669 8.72473404634e-09 0.66047937426 0.323898475998 0.999999853097 0.458731 0 0
53.1 19 17 1.24521629793 7.58073779423 8.67821203787e-09 0.660472874789 0.323847876967 0.999999866117 0.529539 0 0
53.2 19 17 1.24576495902 7.58276984318 8.63593985212e-09 0.66046692154 0.323798606405 0.999999859583 0.530088 0 0
53.3 19 17 1.24630922575 7.588239107 8.59096860317e-09 0.660461510143 0.323750652816 0.999999836467 0.529259 0 0
53.4 19 17 1.24685271188 7.59458461705 8.55326875993e-09 0.660456650234 0.323704007274 0.999999859535 0.457971 0 0
53.5 19 17 1.24739212769 7.60022017887 8.5150557716e-09 0.660452312671 0.323658654399 0.999999844372 0.460683 0 0
53.6 19 17 1.24793264666 7.60640984245 8.47513192959e-09 0.660448517442 0.323614583552 0.999999883312 0.458412 0 0
53.7 19 17 1.24846958827 7.61255283049 8.4411071466e-09 0.66044522107 0.323571785658 0.999999867365 0.45697 0 0
53.8 19 17 1.24900462166 7.61864799755 8.40930547419e-09 0.660442446097 0.323530251722 0.999999883273 0.530833 0 0
53.9 19 17 1.24953567234 7.62454842885 8.37957880861e-09 0.660440175822 0.323489973857 0.999999861255 0.529169 0 0
54 19 17 1.25006641173 7.63069018692 8.35028246549e-09 0.660438446422 0.32345094396 0.999999863383 0.457577 0 0
54.1 19 17 1.25059259927 7.63682560342 8.32640756343e-09 0.660437230043 0.323413145315 0.999999878543 0.456926 0 0
54.2 19 17 1.25111583538 7.64336616875 8.30687774123e-09 0.660436525166 0.323376575239 0.999999864779 0.53239 0 0
54.3 19 17 1.25163903799 7.64902914393 8.290633291e-09 0.660436343641 0.323341225873 0.999999885911 0.457003 0 0
54.4 19 17 1.25215930021 7.65509822326 8.27529544889e-09 0.660436685207 0.323307076752 0.999999876228 0.456568 0 0
54.5 19 17 1.25267706311 7.66132763826 8.2626557818e-09 0.660437555328 0.323274111169 0.999999875971 0.528659 0 0
54.6 19 19 1.25318982568 7.66776617417 8.25195778376e-09 0.660438958699 0.323242324459 0.999999866848 0.458575 0 0
54.7 19 18 1.25370078411 7.67357964482 8.24263113319e-09 0.660440903043 0.323211710921 0.999999886566 0.45633 0 0
54.8 19 17 1.25420854536 7.6792499266 8.23955959017e-09 0.660443372865 0.3231822536 0.999999865987 0.529205 0 0
54.9 19 17 1.25471539929 7.68539851302 8.2399544965e-09 0.660446394275 0.323153933538 0.99999987677 0.455569 0 0
55 19 17 1.25522075155 7.69140090241 8.24232693208e-09 0.660449957606 0.323126763664 0.999999875053 0.529345 0 0
55.1 19 17 1.25572380377 7.6972521843 8.25263213322e-09 0.660454082621 0.323100712351 0.999999877228 0.454282 0 0
55.2 19 17 1.25622547509 7.70334966701 8.2676203661e-09 0.660458763923 0.323075760248 0.99999989121 0.52877 0 0
55.3 19 18 1.25672255289 7.70966693802 8.28009072418e-09 0.660464013353 0.323051926883 0.999999875354 0.529075 0 0
55.4 19 18 1.25721556372 7.71530519549 8.30109758709e-09 0.660469836354 0.323029184587 0.999999862429 0.456551 0 0
55.5 19 17 1.25770730225 7.72099834087 8.32527624617e-09 0.660476224803 0.323007514776 0.999999885074 0.459054 0 0
55.6 19 17 1.25819768631 7.72718658251 8.35489277762e-09 0.660483171312 0.322986916673 0.999999891884 0.530534 0 0
55.7 19 17 1.25868437116 7.73280277411 8.39085712023e-09 0.660490714631 0.322967373201 0.999999879193 0.460949 0 0
55.8 19 17 1.2591692695 7.73888781885 8.42546388213e-09 0.66049884004 0.322948869825 0.999999868599 0.458716 0 0
55.9 19 17 1.25965021389 7.74451748521 8.46561976076e-09 0.660507546851 0.322931415378 0.999999878812 0.456934 0 0
56 19 17 1.26012982005 7.75037668313 8.51110537603e-09 0.660516839887 0.322914984044 0.999999876357 0.457915 0 0
56.1 19 18 1.26060643277 7.75650042251 8.5608476974e-09 0.66052671158 0.322899566622 0.999999866667 0.455512 0 0
56.2 19 18 1.26108091726 7.76228194625 8.60420390492e-09 0.660537172117 0.322885144465 0.999999873246 0.457725 0 0
56.3 19 17 1.26155364548 7.76783431279 8.66292038104e-09 0.660548213226 0.322871724757 0.999999895956 0.459642 0 0
56.4 19 17 1.26202318024 7.77352970332 8.72213745673e-09 0.660559818281 0.322859275418 0.999999876841 0.457239 0 0
56.5 19 17 1.26249029944 7.77967748669 8.78509509583e-09 0.660572004386 0.322847793253 0.999999882742 0.455991 0 0
56.6 19 17 1.26295352622 7.78543768813 8.85119844085e-09 0.660584754178 0.322837288777 0.999999871002 0.45646 0 0
56.7 19 17 1.2634155963 7.79068694806 8.9225582478e-09 0.660598051371 0.322827737404 0.999999871201 0.530209 0 0
56.8 19 17 1.26387601171 7.79642247189 8.99579832847e-09 0.660611907602 0.322819122588 0.999999901742 0.527003 0 0
56.9 19 17 1.26433327355 7.80227241345 9.07410391271e-09 0.66062629238 0.322811431378 0.999999858262 0.529827 0 0
57 18 17 1.26478756616 7.80804319008 9.99624661487e-09 0.66064122319 0.322804637845 0.999999867218 0.461191 0 0
57.1 20 17 1.26524051939 7.81335220899 6.07700278987e-09 0.660656665114 0.322798760183 0.999999879955 0.370284 0 0
57.2 18 17 1.26569117226 7.81899264024 9.97319192492e-09 0.660672610945 0.322793791966 0.999999879458 0.458701 0 0
57.3 18 17 1.26613901358 7.82484676509 9.95613509878e-09 0.660689053131 0.322789702343 0.999999873013 0.370667 0 0
57.4 18 17 1.26658367178 7.8302340373 9.94697669678e-09 0.660705974261 0.322786492587 0.99999987253 0.369618 0 0
57.5 18 17 1.26702751649 7.83574841772 9.93762876363e-09 0.660723366085 0.322784151523 0.999999891865 0.457152 0 0
57.6 18 17 1.26746973239 7.84130231767 9.92825723976e-09 0.660741210227 0.322782667922 0.999999881131 0.458861 0 0
57.7 18 17 1.26790792918 7.84701576373 9.9184314063e-09 0.660759490865 0.322782019965 0.999999870715 0.453252 0 0
57.8 18 17 1.26834452317 7.85233815416 9.90822517911e-09 0.6607782005 0.32278221254 0.999999873452 0.370011 0 0
57.9 18 17 1.26877963232 7.85784649845 9.97873406128e-09 0.660797305639 0.322783238054 0.999999872194 0.451773 0 0
58 19 17 1.26921291333 7.86334239907 9.88603690592e-09 0.66081680654 0.322785070259 0.999999875267 0.454333 0 0
58.1 19 17 1.26964311159 7.86882864715 9.87519618712e-09 0.660836659365 0.322787715037 0.999999876045 0.457244 0 0
58.2 19 17 1.27007271132 7.87429021739 9.86343594946e-09 0.660856867737 0.322791172871 0.999999898843 0.373234 0 0
58.3 19 17 1.27050017926 7.88002422189 9.8525086481e-09 0.66087742575 0.322795426699 0.999999897416 0.374738 0 0
58.4 19 17 1.27092634864 7.88520993696 9.84081869218e-09 0.660898307865 0.322800459435 0.999999888859 0.377051 0 0
58.5 19 17 1.27134885016 7.89087581149 9.82891196331e-09 0.660919492706 0.322806257353 0.999999875569 0.374236 0 0
58.6 19 17 1.27177174689 7.8960490539 9.81657718924e-09 0.660940964281 0.322812820451 0.999999898889 0.457747 0 0
58.7 19 17 1.27219173486 7.90144635245 9.80386711788e-09 0.660962705851 0.322820153678 0.999999889827 0.455972 0 0
58.8 19 17 1.2726101752 7.90713520309 9.79123802911e-09 0.660984717054 0.322828236531 0.999999877526 0.375334 0 0
58.9 19 18 1.27302599617 7.91239908844 9.77742492377e-09 0.66100698226 0.322837046611 0.999999880669 0.457075 0 0
59 19 17 1.27344103204 7.91775204769 9.76206368059e-09 0.661029454904 0.322846611491 0.99999988206 0.457968 0 0
59.1 19 17 1.27385751327 7.92296050481 9.7460910145e-09 0.661052180028 0.322856884832 0.999999883055 0.37552 0 0
59.2 19 17 1.27427277619 7.92839544005 9.73142435278e-09 0.661075116581 0.322867879964 0.999999893319 0.458846 0 0
59.3 19 17 1.27468750696 7.93401201765 9.71655134083e-09 0.661098267206 0.322879587039 0.999999880287 0.373378 0 0
59.4 19 17 1.27510239272 7.93924247807 9.69869234804e-09 0.661121619535 0.322891982586 0.999999909396 0.45654 0 0
59.5 19 17 1.27551659284 7.94466477352 9.67970232405e-09 0.661145160149 0.322905081297 0.999999897269 0.374398 0 0
59.6 19 17 1.27592862075 7.95010490117 9.66227147759e-09 0.661168877749 0.322918858554 0.999999905791 0.45623 0 0
59.7 19 17 1.27634032411 7.95551567713 9.64438335494e-09 0.661192772208 0.322933314541 0.999999892257 0.374618 0 0
59.8 19 17 1.27675195281 7.96089517645 9.62603316024e-09 0.661216851852 0.322948430676 0.999999890712 0.374669 0 0
59.9 19 17 1.27716173904 7.96632502071 9.60712880226e-09 0.661241100429 0.32296420147 0.999999907845 0.462083 0 0
60 19 17 1.27757189362 7.97173168733 9.58700052162e-09 0.661265505118 0.322980642458 0.99999990268 0.387029 0 0
60.1 19 17 1.27798113673 7.97713653147 9.56668354697e-09 0.661290064888 0.322997719027 0.999999905305 0.465635 0 0
60.2 19 17 1.27839054762 7.98255183015 9.54631726696e-09 0.661314798047 0.323015442322 0.999999911768 0.465308 0 0
60.3 19 17 1.27879731538 7.98791370123 9.52563090868e-09 0.6613397003 0.323033797409 0.999999885311 0.372362 0 0
60.4 19 17 1.27920376974 7.99331121284 9.50368897439e-09 0.66136475703 0.323052761691 0.999999893828 0.459184 0 0
60.5 19 17 1.27961092968 7.99870938241 9.48216608045e-09 0.661389981416 0.32307233703 0.999999906169 0.372922 0 0
60.6 19 17 1.28001623532 8.00412022996 9.46067210562e-09 0.661415369558 0.323092529959 0.999999906226 0.456277 0 0
60.7 19 17 1.28041989497 8.00952751848 9.43851789852e-09 0.661440907221 0.323113331797 0.999999900442 0.459804 0 0
60.8 19 17 1.28082361237 8.0148971575 9.41628445067e-09 0.661466619304 0.323134732685 0.999999879815 0.374233 0 0
60.9 19 17 1.28122626608 8.0202679603 9.39211089898e-09 0.661492511362 0.323156705836 0.999999885975 0.456271 0 0
61 19 17 1.28162959577 8.02566628977 9.36909958348e-09 0.661518570834 0.323179267996 0.999999911775 0.372546 0 0
61.1 19 17 1.28203154073 8.0310675466 9.34750384638e-09 0.661544807151 0.323202406382 0.999999896116 0.456502 0 0
61.2 19 17 1.28243225744 8.03645603928 9.32567900871e-09 0.661571239509 0.323226108413 0.99999989381 0.373317 0 0
61.3 19 17 1.28283158533 8.04191814931 9.30335691053e-09 0.661597845588 0.323250375629 0.9999998853 0.374367 0 0
61.4 18 17 1.28323088059 8.04722904409 9.97779441054e-09 0.661624656105 0.323275187332 0.999999905731 0.45769 0 0
61.5 18 17 1.28362980492 8.05266236945 9.94256452961e-09 0.661651664656 0.323300552249 0.999999914416 0.452279 0 0
61.6 18 17 1.28402856199 8.05811758531 9.90105138751e-09 0.661678862445 0.323326463934 0.999999920158 0.371464 0 0
61.7 18 17 1.28442613966 8.06356437704 9.84973513394e-09 0.661706264686 0.323352907168 0.999999909721 0.370345 0 0
61.8 18 17 1.28482267891 8.06898758086 9.80368808989e-09 0.661733870219 0.323379870831 0.99999990085 0.373784 0 0
61.9 18 17 1.28521834207 8.07441564371 9.75265806495e-09 0.661761684365 0.32340736139 0.999999910322 0.371578 0 0
62 18 17 1.28561342225 8.07991919533 9.71552626117e-09 0.661789699879 0.323435362178 0.999999899528 0.369121 0 0
62.1 19 17 1.28600722484 8.08538187827 9.16074273395e-09 0.661817934516 0.323463862487 0.999999900342 0.368707 0 0
62.2 19 17 1.28640087543 8.09084874611 9.14674914362e-09 0.66184638613 0.323492864203 0.999999902328 0.458164 0 0
62.3 19 17 1.28679278753 8.096294426 9.13573752932e-09 0.661875058688 0.323522359885 0.999999899252 0.458445 0 0
62.4 19 17 1.28718264493 8.10173402956 9.12616076601e-09 0.661903933526 0.323552333305 0.999999894311 0.463125 0 0
62.5 19 17 1.28757323746 8.10718947222 9.11911429794e-09 0.661933000889 0.323582779227 0.999999907664 0.456206 0 0
62.6 19 17 1.28796117152 8.11259154319 9.11558167713e-09 0.661962289314 0.323613697531 0.999999871688 0.374078 0 0
62.7 19 17 1.28834766673 8.1179940877 9.110686214e-09 0.661991791055 0.323645084035 0.99999988567 0.375564 0 0
62.8 19 17 1.28873403057 8.1234318155 9.11072217341e-09 0.662021480523 0.323676927494 0.999999872944 0.457787 0 0
62.9 19 17 1.289120136 8.12877435569 9.11254352878e-09 0.662051380246 0.323709197487 0.999999888345 0.376168 0 0
63 19 17 1.28950532139 8.13417666568 9.11624902207e-09 0.66208146995 0.323741919172 0.99999989464 0.373438 0 0
63.1 19 17 1.28988988578 8.13956124849 9.12277559742e-09 0.662111733211 0.32377508411 0.99999988534 0.456829 0 0
63.2 19 17 1.29027467847 8.14498738278 9.13335673061e-09 0.662142182212 0.323808670244 0.99999989382 0.376598 0 0
63.3 18 17 1.2906596771 8.15048679473 9.29981472497e-09 0.662172798074 0.323842682635 0.999999899093 0.457391 0 0
63.4 18 17 1.29104454692 8.15598381182 9.28801358635e-09 0.662203573769 0.323877108033 0.999999894594 0.454585 0 0
63.5 18 17 1.29142927526 8.16148922538 9.2720121281e-09 0.662234500027 0.32391194009 0.99999990235 0.372947 0 0
63.6 18 17 1.29181281731 8.16695702455 9.26214345774e-09 0.662265551079 0.323947170934 0.999999886373 0.372416 0 0
63.7 18 17 1.29219443005 8.17247259978 9.25087440674e-09 0.662296738675 0.323982797199 0.999999880198 0.369554 0 0
63.8 18 17 1.29257735997 8.17792623807 9.2528076832e-09 0.662328020877 0.32401880507 0.999999908333 0.37103 0 0
63.9 18 17 1.29295961599 8.18340334218 9.28366953421e-09 0.662359413232 0.324055202737 0.999999899657 0.375988 0 0
64 18 17 1.29334125368 8.18888007721 9.31806677951e-09 0.662390891743 0.324091973161 0.999999901303 0.372481 0 0
64.1 18 17 1.29372242235 8.19436086879 9.3549462957e-09 0.662422434127 0.324129107658 0.999999906217 0.371275 0 0
64.2 18 17 1.2941030416 8.19984022805 9.39469092016e-09 0.662454045329 0.324166606881 0.999999906702 0.370437 0 0
64.3 18 17 1.29448156991 8.20526471538 9.43758788981e-09 0.662485702685 0.324204468465 0.999999885904 0.370497 0 0
64.4 18 17 1.2948601303 8.21070328743 9.48553251852e-09 0.662517406282 0.324242674567 0.999999903742 0.373547 0 0
64.5 18 17 1.29523873216 8.21614850688 9.53836535565e-09 0.662549098735 0.324281220603 0.999999901476 0.372258 0 0
64.6 18 17 1.29561658422 8.22162037831 9.59252473261e-09 0.662580802945 0.324320116863 0.999999898569 0.373151 0 0
64.7 18 17 1.29599200849 8.22698103968 9.6508113834e-09 0.66261250294 0.324359335496 0.999999886705 0.373497 0 0
64.8 18 17 1.29636677245 8.23239277367 9.71048254374e-09 0.662644180182 0.324398873337 0.999999894155 0.381181 0 0
64.9 18 17 1.29674242123 8.23783291151 9.7754929991e-09 0.662675827619 0.324438740177 0.999999895965 0.373515 0 0
65 19 17 1.29711493829 8.24314313052 9.47727691591e-09 0.662707423337 0.324478903003 0.999999879617 0.371478 0 0
65.1 18 17 1.29748804799 8.24851704831 9.9148175613e-09 0.662738956076 0.324519372577 0.999999882697 0.458454 0 0
65.2 18 17 1.29786233923 8.25394939764 9.97822101448e-09 0.662770443407 0.324560148117 0.999999910228 0.371986 0 0
65.3 19 17 1.29823355537 8.25929915595 9.5924188077e-09 0.662801844419 0.324601225346 0.999999886228 0.371847 0 0
65.4 19 17 1.2986061006 8.26460879848 9.63898340834e-09 0.662833155368 0.32464258583 0.999999888631 0.46138 0 0
65.5 19 17 1.29897630453 8.26993816614 9.6941977586e-09 0.66286438141 0.324684224495 0.999999888468 0.460141 0 0
65.6 19 17 1.2993448187 8.27542707399 9.74350202743e-09 0.662895506299 0.324726134708 0.999999873202 0.461072 0 0
65.7 19 17 1.2997122865 8.28052799503 9.83775949786e-09 0.662926526831 0.32476833295 0.99999985814 0.379551 0 0
65.8 19 17 1.30008016498 8.28583838043 9.84760389928e-09 0.662957435723 0.324810784898 0.999999889559 0.458195 0 0
65.9 19 17 1.30044853508 8.29127524309 9.90226855635e-09 0.66298821871 0.32485349597 0.999999887532 0.461222 0 0
66 19 17 1.30081676101 8.29645638088 9.96430583713e-09 0.663018894101 0.324896477514 0.999999890642 0.376365 0 0
66.1 20 17 1.30118319967 8.30174254637 5.20955672209e-09 0.663049441082 0.324939682412 0.999999893409 0.459226 0 0
66.2 20 17 1.30154978376 8.30701453968 5.26540423617e-09 0.663079860432 0.324983141852 0.999999893295 0.534169 0 0
66.3 20 17 1.30191505461 8.31227544503 5.33024758633e-09 0.663110165809 0.325026845928 0.999999888032 0.46163 0 0
66.4 20 17 1.30227920261 8.3175111111 5.38698715985e-09 0.663140354676 0.325070779096 0.999999874906 0.533872 0 0
66.5 20 17 1.30264226106 8.32275177106 5.43533040222e-09 0.663170414173 0.325114947136 0.999999886842 0.535375 0 0
66.6 20 17 1.30300443017 8.32797931096 5.47501356728e-09 0.663200355112 0.325159347437 0.999999883936 0.539744 0 0
66.7 20 17 1.30336461213 8.33359793169 5.50580412964e-09 0.663230189177 0.325203963092 0.999999853191 0.380818 0 0
66.8 20 17 1.30372400541 8.33841599992 5.52750298796e-09 0.663259902211 0.32524879029 0.999999859561 0.534305 0 0
66.9 20 17 1.30408420187 8.34353737906 5.53994638582e-09 0.663289498531 0.325293813392 0.999999876602 0.462756 0 0
67 20 17 1.3044430544 8.34872653064 5.54300783706e-09 0.663318998315 0.32533904611 0.999999891348 0.534362 0 0
67.1 20 17 1.30480076513 8.35392691652 5.53659962396e-09 0.663348382721 0.325384489716 0.99999989525 0.463201 0 0
67.2 20 17 1.30515712588 8.35919470544 5.52067440361e-09 0.663377673042 0.325430124485 0.999999872305 0.460886 0 0
67.3 20 17 1.30551428937 8.36426158264 5.49522600438e-09 0.663406910066 0.325475942334 0.999999913617 0.46166 0 0
67.4 20 17 1.30586805751 8.36939260883 5.46029092592e-09 0.663436046687 0.325521937313 0.999999869669 0.463432 0 0
67.5 20 17 1.30622269208 8.37450442999 5.41594851287e-09 0.663465119918 0.325568120796 0.99999987589 0.465842 0 0
67.6 20 17 1.30657530379 8.37963154687 5.3623218162e-09 0.663494139167 0.325614447971 0.999999886762 0.536228 0 0
67.7 20 17 1.30692552256 8.38501750089 5.29957764177e-09 0.663523074585 0.325660952621 0.999999875677 0.460664 0 0
67.8 20 17 1.30727718587 8.38983311406 5.2279265581e-09 0.663551971707 0.325707617572 0.999999907831 0.460252 0 0
67.9 20 17 1.30762604121 8.39491211243 5.14762262314e-09 0.663580810836 0.325754453947 0.999999869629 0.532055 0 0
68 20 17 1.30797334923 8.40028189348 5.05896284761e-09 0.663609611403 0.325801431301 0.99999987606 0.463715 0 0
68.1 20 17 1.30831954632 8.40541519757 4.96228631165e-09 0.663638384158 0.325848566847 0.99999986038 0.376047 0 0
68.2 20 17 1.30866423778 8.41013164727 4.85797300985e-09 0.663667146037 0.325895824524 0.999999871064 0.463937 0 0
68.3 20 17 1.30900688418 8.41503291439 4.89567309281e-09 0.663695865888 0.325943216918 0.999999871337 0.532372 0 0
68.4 20 17 1.30934979575 8.42012137915 4.96444684779e-09 0.663724566135 0.325990763809 0.999999869978 0.46007 0 0
68.5 20 17 1.3096911224 8.42504374087 5.02591890101e-09 0.663753257896 0.326038421515 0.99999988468 0.460789 0 0
68.6 20 17 1.31003084829 8.43034967124 5.0798132992e-09 0.66378193354 0.326086188477 0.99999986278 0.459891 0 0
68.7 20 17 1.3103694194 8.43505138594 5.12588295945e-09 0.663810611357 0.326134083685 0.999999882789 0.463353 0 0
68.8 20 17 1.31070682185 8.44004886282 5.16391176053e-09 0.663839279584 0.326182099771 0.999999874732 0.378715 0 0
68.9 20 17 1.3110422373 8.44486609249 5.19371393545e-09 0.663867963168 0.3262302227 0.999999878436 0.46431 0 0
69 20 17 1.31137469598 8.44980560632 5.21513529425e-09 0.663896617935 0.326278421738 0.99999987899 0.465286 0 0
69.1 20 17 1.31170715099 8.45466971818 5.22805300276e-09 0.663925262929 0.326326750763 0.999999885691 0.461184 0 0
69.2 20 17 1.31203858441 8.45956969929 5.23237606126e-09 0.663953912599 0.326375154364 0.999999877977 0.462609 0 0
69.3 20 17 1.31236690726 8.46452462156 5.22804543479e-09 0.663982578531 0.326423632874 0.999999852485 0.466021 0 0
69.4 20 17 1.31269389404 8.46926681024 5.21503450732e-09 0.664011215013 0.326472188825 0.999999877835 0.533883 0 0
69.5 20 17 1.31301993611 8.47418247636 5.193349005e-09 0.664039840767 0.326520830526 0.999999865377 0.534189 0 0
69.6 20 17 1.31334260838 8.47890030405 5.16302771042e-09 0.664068453624 0.326569547439 0.999999848359 0.532059 0 0
69.7 20 17 1.31366498561 8.48369246373 5.12414274894e-09 0.664097027441 0.326618322287 0.999999871109 0.534915 0 0
69.8 20 17 1.31398642154 8.48849855626 5.07679984564e-09 0.664125577879 0.326667161951 0.999999890663 0.533289 0 0
69.9 20 17 1.31430670151 8.49330924039 5.02113900402e-09 0.664154108176 0.326716056973 0.999999901811 0.532978 0 0
70 20 17 1.31462536824 8.49840537117 4.9573347189e-09 0.664182601556 0.326765009179 0.9999998881 0.461623 0 0
70.1 20 17 1.31494138306 8.50310125794 4.88559666864e-09 0.664211060183 0.32681401353 0.999999877767 0.531895 0 0
70.2 20 17 1.31525553178 8.50759307127 4.80616941411e-09 0.664239458029 0.326863072565 0.999999873861 0.461898 0 0
70.3 20 17 1.31556751809 8.51233461141 4.71933301244e-09 0.664267792267 0.32691214935 0.999999876932 0.532545 0 0
70.4 20 17 1.3158781868 8.51694366034 4.62540288039e-09 0.664296069756 0.32696127136 0.999999882804 0.462666 0 0
70.5 20 17 1.31618838291 8.5216586912 4.52472877686e-09 0.664324264196 0.327010424945 0.999999905358 0.532307 0 0
70.6 20 17 1.31649636684 8.52635192012 4.52600238678e-09 0.664352374827 0.327059611568 0.999999892742 0.463634 0 0
70.7 20 17 1.31680261276 8.53099199178 4.57491585853e-09 0.664380399887 0.327108812506 0.999999863985 0.535903 0 0
70.8 20 17 1.31710646067 8.53571508428 4.61821840139e-09 0.664408337291 0.327158039008 0.999999862378 0.533255 0 0
70.9 20 17 1.31740960166 8.54025027801 4.65583037961e-09 0.664436162803 0.327207282659 0.999999891452 0.535555 0 0
71 20 17 1.31771148456 8.54487453083 4.68768864259e-09 0.664463858706 0.327256554248 0.999999894921 0.539693 0 0
71.1 20 17 1.31801066083 8.54959840838 4.71369673387e-09 0.664491445734 0.327305840934 0.999999881601 0.378496 0 0
71.2 20 17 1.31830856409 8.55407204126 4.73377591571e-09 0.664518897816 0.327355131177 0.999999892782 0.377145 0 0
71.3 20 17 1.31860600493 8.55872486683 4.74782663822e-09 0.664546196222 0.32740443718 0.999999888587 0.381241 0 0
71.4 20 17 1.31890180416 8.56334856632 4.75573912028e-09 0.664573339122 0.327453730134 0.999999882684 0.532942 0 0
71.5 20 17 1.31919574471 8.56789207887 4.75741780022e-09 0.664600342011 0.327503027868 0.999999872612 0.461831 0 0
71.6 20 17 1.31948680672 8.5723002827 4.75275154426e-09 0.664627215074 0.327552317547 0.999999882388 0.464025 0 0
71.7 20 17 1.31977718223 8.57681901817 4.74162772106e-09 0.664653909979 0.327601611028 0.999999892067 0.461862 0 0
71.8 20 17 1.3200664075 8.58142001061 4.72396245666e-09 0.664680429089 0.327650915555 0.999999872619 0.377174 0 0
71.9 20 17 1.32035464035 8.58580040493 4.69965751244e-09 0.664706787434 0.327700190027 0.999999872558 0.462708 0 0
72 20 17 1.32064106173 8.59029580767 4.66864880456e-09 0.664732956396 0.327749451886 0.999999896236 0.533035 0 0
72.1 20 17 1.32092582765 8.59476734899 4.63088135459e-09 0.664758936032 0.327798717857 0.999999881498 0.533473 0 0
72.2 20 17 1.32120948102 8.59922366454 4.58633441798e-09 0.664784740157 0.327847961158 0.999999878949 0.531757 0 0
72.3 20 17 1.32149232397 8.60369156049 4.53500947903e-09 0.664810371904 0.327897208713 0.999999894294 0.376939 0 0
72.4 20 17 1.32177351338 8.6081304349 4.4769485493e-09 0.664835811112 0.327946433094 0.999999881209 0.460637 0 0
72.5 20 17 1.32205439968 8.61274855963 4.41222633045e-09 0.664861069088 0.327995641524 0.999999882308 0.533917 0 0
72.6 20 17 1.32233365864 8.61695876886 4.34095931005e-09 0.664886143144 0.328044823752 0.999999875581 0.462334 0 0
72.7 20 17 1.32261118182 8.62141220219 4.26330714961e-09 0.664911025029 0.328093985771 0.999999860033 0.46001 0 0
72.8 20 17 1.32288704845 8.62566974913 4.17947357434e-09 0.664935746646 0.328143131018 0.99999987297 0.533182 0 0
72.9 20 17 1.32316209638 8.63001632894 4.08970160018e-09 0.664960274403 0.328192265787 0.999999880765 0.461006 0 0
73 20 17 1.32343622054 8.63434951556 3.9942833776e-09 0.664984617368 0.328241378673 0.999999878522 0.461912 0 0
73.1 20 17 1.3237096799 8.63868178422 3.89354936397e-09 0.665008798145 0.328290465298 0.999999869551 0.461994 0 0
73.2 20 17 1.32398182652 8.64308005247 3.7892764745e-09 0.665032817194 0.32833953956 0.999999864036 0.461662 0 0
73.3 20 17 1.324252849 8.64728677621 3.88541321952e-09 0.66505664666 0.328388590481 0.999999869935 0.463813 0 0
73.4 20 17 1.32452350413 8.65175479421 3.98194010184e-09 0.665080320924 0.328437628923 0.999999885043 0.463858 0 0
73.5 20 17 1.32479200787 8.65586809748 4.07924756189e-09 0.665103828902 0.328486632358 0.999999856209 0.46144 0 0
73.6 20 17 1.32506041513 8.66035290876 4.1740192216e-09 0.665127200375 0.328535599064 0.999999878882 0.462234 0 0
73.7 20 17 1.32532757669 8.66464288988 4.26595423775e-09 0.665150403457 0.32858456482 0.999999881957 0.461609 0 0
73.8 20 17 1.32559427213 8.66866605873 4.35201791096e-09 0.665173464958 0.328633515917 0.999999887081 0.377881 0 0
73.9 20 17 1.32585951029 8.67291299598 4.43094106912e-09 0.665196387939 0.328682440262 0.999999884209 0.460754 0 0
74 20 17 1.32612438114 8.6771605552 4.50049484746e-09 0.665219180867 0.328731355774 0.999999890146 0.376478 0 0
74.1 20 17 1.32638850506 8.68139563315 4.55834894235e-09 0.66524184494 0.328780238163 0.999999886618 0.377386 0 0
74.2 20 17 1.326652034 8.68563667796 4.60337177283e-09 0.665264373134 0.328829099985 0.999999886213 0.532578 0 0
74.3 20 17 1.32691371461 8.6899035275 4.63325354495e-09 0.665286785953 0.328877933245 0.999999886646 0.46252 0 0
74.4 20 17 1.32717642518 8.69404332117 4.64784444568e-09 0.665309076959 0.328926746918 0.999999883891 0.531991 0 0
74.5 20 17 1.32743724361 8.69822369798 4.644748619e-09 0.665331261467 0.328975536137 0.999999870214 0.460559 0 0
74.6 20 17 1.32769814709 8.7024046283 4.62553470543e-09 0.665353348041 0.329024309489 0.999999871817 0.460308 0 0
74.7 20 17 1.32795806921 8.70657140989 4.58888652595e-09 0.66537530265 0.329073048313 0.999999888234 0.53348 0 0
74.8 20 17 1.3282180966 8.71081725939 4.53611788641e-09 0.66539716568 0.329121777493 0.999999883556 0.45993 0 0
74.9 20 17 1.3284770072 8.71488429706 4.46809239473e-09 0.665418923243 0.329170465461 0.999999884742 0.461544 0 0
75 20 17 1.32873557178 8.71901754429 4.38605624467e-09 0.665440562449 0.329219140923 0.999999876581 0.532807 0 0
75.1 20 17 1.32899382631 8.72315292888 4.29129761088e-09 0.665462114794 0.329267789794 0.999999892049 0.534153 0 0
75.2 20 17 1.32925150422 8.72727577653 4.18676384218e-09 0.665483563899 0.329316421057 0.999999881863 0.531951 0 0
75.3 20 17 1.32950914492 8.73140217124 4.07181222943e-09 0.665504914464 0.32936503704 0.999999891734 0.463493 0 0
75.4 20 17 1.32976614581 8.73550230371 3.95094259119e-09 0.665526149991 0.329413625395 0.999999876287 0.459501 0 0
75.5 20 17 1.33002263984 8.73979884668 3.8235042506e-09 0.665547290928 0.329462186259 0.999999880323 0.461088 0 0
75.6 20 17 1.33027879842 8.74381505704 3.69197468727e-09 0.665568317271 0.329510728464 0.999999893578 0.532512 0 0
75.7 20 17 1.33053355739 8.74783177336 3.55797650586e-09 0.665589228292 0.329559254467 0.99999985792 0.461067 0 0
75.8 20 17 1.33078907595 8.75180517799 3.4213092407e-09 0.665610012401 0.329607736383 0.999999897974 0.534103 0 0
75.9 20 17 1.33104388508 8.75597461264 3.28449356791e-09 0.665630677977 0.329656208285 0.999999877896 0.533321 0 0
76 20 17 1.33129871383 8.76008365068 3.14680708702e-09 0.665651230183 0.329704655401 0.999999879939 0.460198 0 0
76.1 20 17 1.33155377171 8.76394284786 3.0101822533e-09 0.665671651527 0.329753083338 0.999999892952 0.461295 0 0
76.2 20 17 1.33180650732 8.76795474132 2.87402547536e-09 0.665691915218 0.329801489081 0.999999876367 0.531954 0 0
76.3 20 17 1.33206103322 8.77225483599 2.75308310308e-09 0.665712047984 0.329849861388 0.999999891723 0.4619 0 0
76.4 20 17 1.33231445614 8.77611506689 2.60623796735e-09 0.665732017465 0.3298982189 0.999999875432 0.462166 0 0
76.5 20 17 1.33256831587 8.7799877326 2.65286238352e-09 0.665751828212 0.329946536127 0.999999898694 0.533934 0 0
76.6 20 17 1.33282232962 8.78398697836 2.44580559668e-09 0.665771487998 0.329994835348 0.999999888863 0.460583 0 0
76.7 20 17 1.33307504566 8.78796868005 2.58551376996e-09 0.665790966995 0.330043101351 0.999999883302 0.459817 0 0
76.8 20 17 1.33332865691 8.79214038843 2.55435549425e-09 0.665810266693 0.330091334188 0.999999894723 0.459807 0 0
76.9 20 17 1.33358041068 8.79590748474 2.50595050781e-09 0.665829370734 0.330139544594 0.99999986821 0.461786 0 0
77 20 17 1.33383284396 8.79981926683 2.73158728343e-09 0.665848281258 0.330187727023 0.999999885226 0.461015 0 0
77.1 20 17 1.33408615564 8.80370665227 2.64986481873e-09 0.665866991363 0.330235880912 0.999999893522 0.463731 0 0
77.2 20 17 1.3343386285 8.80755383948 2.52007116869e-09 0.665885498032 0.330283996482 0.999999880489 0.377739 0 0
77.3 20 17 1.33459118987 8.81138476639 2.86370701461e-09 0.665903768583 0.330332078594 0.999999884237 0.380352 0 0
77.4 20 17 1.33484360036 8.81550820686 2.41219667036e-09 0.665921814657 0.330380122478 0.999999881409 0.533006 0 0
77.5 20 17 1.33509665411 8.81905753268 2.56852041367e-09 0.665939633012 0.330428142826 0.999999890653 0.459852 0 0
77.6 20 17 1.33534942377 8.82288273648 2.40098559443e-09 0.66595722125 0.330476117896 0.999999892961 0.377733 0 0
77.7 20 17 1.33560113988 8.82668078924 2.4145272842e-09 0.665974566031 0.330524066235 0.999999880309 0.463433 0 0
77.8 20 17 1.33585367907 8.83064337735 2.17375560658e-09 0.66599165196 0.330571975708 0.999999884126 0.53492 0 0
77.9 20 17 1.33610621216 8.8342684111 2.20996435492e-09 0.666008492418 0.330619850132 0.99999987695 0.463899 0 0
78 20 17 1.33635834427 8.83803573262 1.95107630548e-09 0.666025071604 0.330667670152 0.999999868255 0.532549 0 0
78.1 20 17 1.33661077666 8.84181575598 2.03488935497e-09 0.666041409752 0.330715447852 0.999999893636 0.464635 0 0
78.2 20 17 1.33686218235 8.84557161609 1.87760772954e-09 0.666057477613 0.33076319777 0.999999885025 0.459994 0 0
78.3 20 17 1.3371147152 8.84933005985 1.63094998856e-09 0.666073273722 0.330810898707 0.999999889782 0.462696 0 0
78.4 20 17 1.33736687312 8.85307725624 2.14599124515e-09 0.666088793422 0.330858571165 0.999999885468 0.534521 0 0
78.5 20 17 1.33761911086 8.8568142212 1.95376471824e-09 0.666104063138 0.330906199559 0.999999880232 0.461026 0 0
78.6 20 17 1.33787129932 8.86054783002 1.81311236286e-09 0.666119073563 0.330953789743 0.999999884206 0.532206 0 0
78.7 20 17 1.33812333978 8.8642616052 1.81842275188e-09 0.66613382416 0.331001327402 0.999999886279 0.461209 0 0
78.8 20 17 1.3383749081 8.8679647786 2.1245242157e-09 0.666148289347 0.331048839315 0.999999876238 0.459922 0 0
78.9 20 17 1.33862619724 8.87164760044 1.59940693572e-09 0.666162510051 0.331096295855 0.999999866857 0.378976 0 0
79 20 17 1.33887742198 8.87533424048 2.01031311269e-09 0.666176465239 0.331143696378 0.99999988198 0.460466 0 0
79.1 20 17 1.33912837419 8.87913526896 2.00511751791e-09 0.666190172366 0.3311910578 0.999999873755 0.376341 0 0
79.2 20 17 1.33937945699 8.88266057784 2.21921488155e-09 0.666203618797 0.331238356018 0.999999875224 0.463501 0 0
79.3 20 17 1.3396308567 8.88642085883 1.69155024171e-09 0.666216833983 0.331285599896 0.999999883602 0.465848 0 0
79.4 20 17 1.3398818538 8.88997565539 1.90244175394e-09 0.666229805712 0.331332801301 0.999999877135 0.464198 0 0
79.5 20 17 1.34013237519 8.89372357244 1.81703528135e-09 0.666242540241 0.331379938077 0.999999864342 0.461447 0 0
79.6 20 17 1.34038257558 8.89723311268 1.67123338485e-09 0.666255055135 0.331427047283 0.999999877719 0.531228 0 0
79.7 20 17 1.34063321822 8.9008683479 1.63278509325e-09 0.666267332267 0.331474085993 0.999999894628 0.461685 0 0
79.8 20 17 1.34088259621 8.90469210845 1.64740112117e-09 0.666279382458 0.331521065617 0.999999892431 0.536733 0 0
79.9 20 17 1.34113223351 8.90826075437 1.90946921263e-09 0.666291228199 0.331567988747 0.999999878497 0.460068 0 0
80 20 17 1.34138097973 8.91168747743 1.66331523073e-09 0.666302875464 0.331614843537 0.999999868263 0.377231 0 0
80.1 20 17 1.34163025811 8.91529184321 1.8816819224e-09 0.666314316001 0.331661651112 0.999999893792 0.460756 0 0
80.2 20 17 1.34187962554 8.9189388243 1.66166118714e-09 0.666325563277 0.331708395279 0.999999887597 0.531701 0 0
80.3 20 17 1.34212781933 8.92243537804 1.65448704383e-09 0.666336623038 0.331755077113 0.999999884844 0.532825 0 0
80.4 20 17 1.34237561296 8.92599056428 1.64326863258e-09 0.66634750188 0.331801691356 0.999999867957 0.462366 0 0
80.5 20 17 1.34262316583 8.92955912839 1.62822306349e-09 0.666358223564 0.33184822693 0.999999891978 0.461871 0 0
80.6 20 17 1.34286997652 8.93309685226 1.6095774699e-09 0.666368777655 0.331894696708 0.999999870723 0.460922 0 0
80.7 20 17 1.34311653423 8.93663571185 1.58759064074e-09 0.666379159944 0.331941100043 0.999999876452 0.534061 0 0
80.8 20 17 1.34336215015 8.94015426771 1.56255547154e-09 0.666389386649 0.331987419853 0.999999870836 0.532981 0 0
80.9 20 18 1.34360667848 8.94427401594 1.53476872488e-09 0.666399469065 0.332033666706 0.999999872595 0.462179 0 0
81 20 18 1.34385159151 8.94732130545 1.50455672728e-09 0.666409378564 0.33207985253 0.999999882753 0.377044 0 0
81.1 20 18 1.3440958365 8.95083986033 1.47225159638e-09 0.666419124305 0.332125956549 0.999999871315 0.377602 0 0
81.2 20 18 1.34433939441 8.9546596137 1.43818184557e-09 0.666428729667 0.33217197698 0.99999987198 0.461728 0 0
81.3 20 18 1.34458203127 8.9578477721 1.40269998102e-09 0.666438176747 0.332217927439 0.999999887518 0.380635 0 0
81.4 20 18 1.34482484455 8.96134465881 1.36613300172e-09 0.666447479085 0.332263788661 0.999999889243 0.378483 0 0
81.5 20 18 1.34506636992 8.96481790273 1.40441638907e-09 0.666456656291 0.332309553313 0.999999880691 0.462048 0 0
81.6 20 18 1.34530733918 8.96828197742 1.45337308174e-09 0.666465686481 0.332355221169 0.99999988831 0.463299 0 0
81.7 20 18 1.34554758529 8.97173084324 1.496634345e-09 0.666474578145 0.332400814547 0.999999881561 0.463424 0 0
81.8 20 18 1.34578515981 8.97514541151 1.53482488879e-09 0.666483339832 0.332446310459 0.999999862238 0.533544 0 0
81.9 20 18 1.34602325772 8.97874667051 1.5681505923e-09 0.666491965512 0.332491715997 0.999999870778 0.462001 0 0
82 20 18 1.34625987056 8.98197122802 1.59496072026e-09 0.666500469836 0.3325370089 0.999999861329 0.461346 0 0
82.1 20 18 1.34649608682 8.98536354569 1.61763155216e-09 0.666508839621 0.332582209362 0.999999859722 0.532663 0 0
82.2 20 18 1.3467307114 8.98890316982 1.63491043159e-09 0.66651706344 0.332627307805 0.99999985372 0.534592 0 0
82.3 20 19 1.34696309708 8.99229861386 1.64690530727e-09 0.66652517212 0.332672321278 0.999999859977 0.376731 0 0
82.4 20 18 1.34719509292 8.99559522951 1.65545913545e-09 0.666533134047 0.33271722214 0.999999855149 0.537084 0 0
82.5 20 18 1.34742597103 8.99882496843 1.65906872024e-09 0.666540960446 0.332762027373 0.999999844308 0.378045 0 0
82.6 20 18 1.34765711881 9.00220325005 1.65919866038e-09 0.666548647557 0.33280670483 0.999999890352 0.534837 0 0
82.7 20 18 1.34788685883 9.00555896281 1.65615698299e-09 0.66655619074 0.332851279861 0.999999866756 0.46211 0 0
82.8 20 18 1.34811481119 9.00890672945 1.6496115715e-09 0.666563583368 0.33289574552 0.999999880029 0.460018 0 0
82.9 20 18 1.34834267089 9.01225373955 1.64043933982e-09 0.666570844284 0.332940097453 0.999999878768 0.463454 0 0
83 20 18 1.34856683636 9.01555675719 1.62865202217e-09 0.666577944679 0.332984336717 0.999999852785 0.464186 0 0
83.1 20 18 1.34879190967 9.01887769984 1.61387306499e-09 0.666584889716 0.333028444321 0.999999878538 0.461456 0 0
83.2 20 18 1.34901574834 9.02218519072 1.59772559054e-09 0.666591672975 0.333072430059 0.999999887102 0.460295 0 0
83.3 20 18 1.34923884482 9.02549462687 1.57819074995e-09 0.666598295614 0.33311630525 0.999999890448 0.463506 0 0
83.4 20 18 1.34946046023 9.02886392126 1.55714607719e-09 0.666604766409 0.33316005765 0.999999856493 0.379219 0 0
83.5 20 18 1.34968130023 9.03206655118 1.53371393045e-09 0.666611061114 0.333203680956 0.999999881471 0.533877 0 0
83.6 20 18 1.34990017689 9.03532626864 1.5078486509e-09 0.666617179178 0.333247180734 0.999999868225 0.533604 0 0
83.7 20 18 1.35011767579 9.0385830913 1.48031861635e-09 0.666623119995 0.3332905477 0.99999986896 0.534416 0 0
83.8 20 18 1.35033421809 9.04184268317 1.45020901796e-09 0.666628880144 0.333333770181 0.999999868237 0.532812 0 0
83.9 20 18 1.35054970526 9.04508248848 1.4192969738e-09 0.666634461999 0.333376871019 0.999999879737 0.53201 0 0
84 20 18 1.35076321746 9.04843628738 1.38447092342e-09 0.666639857194 0.333419853979 0.999999865868 0.533636 0 0
84.1 20 18 1.35097607419 9.0515487288 1.34841646857e-09 0.666645055989 0.333462685386 0.999999888618 0.462806 0 0
84.2 20 18 1.35118811399 9.0549437629 1.31125879663e-09 0.666650059972 0.333505392193 0.999999884928 0.533702 0 0
84.3 20 18 1.35139954025 9.05801236168 1.27227505012e-09 0.666654881687 0.333547978134 0.999999894261 0.460521 0 0
84.4 20 18 1.35160802175 9.06127978778 1.23278517296e-09 0.666659500023 0.33359042083 0.999999851203 0.461939 0 0
84.5 20 18 1.35181643086 9.06438386099 1.1920493938e-09 0.666663926592 0.333632730266 0.999999875573 0.461913 0 0
84.6 20 18 1.35202373379 9.06758069213 1.15137659332e-09 0.666668149082 0.333674895525 0.999999884243 0.462491 0 0
84.7 20 18 1.35222941902 9.07076481786 1.11076253296e-09 0.666672172704 0.33371691845 0.999999878154 0.377941 0 0
84.8 20 18 1.35243366153 9.07401825907 1.07089662208e-09 0.666675991577 0.333758819863 0.999999867588 0.461955 0 0
84.9 20 18 1.35263717497 9.07709289901 1.07991492633e-09 0.666679613339 0.333800575357 0.999999877948 0.462815 0 0
85 20 18 1.35283908925 9.08023823881 1.10914309751e-09 0.666683052275 0.333842179252 0.999999866504 0.465962 0 0
85.1 20 18 1.35303935153 9.08338388809 1.13829752966e-09 0.666686293934 0.333883640534 0.999999876324 0.536361 0 0
85.2 20 18 1.35323939173 9.08653221993 1.16699437908e-09 0.666689330247 0.333924962458 0.999999886 0.543564 0 0
85.3 20 18 1.35343747991 9.08977776478 1.19486806045e-09 0.666692176951 0.333966157386 0.999999861307 0.380688 0 0
85.4 20 18 1.3536354082 9.09278887106 1.22154783697e-09 0.666694841473 0.334007186873 0.999999899567 0.535114 0 0
85.5 20 18 1.35383232688 9.09592088798 1.24666344811e-09 0.666697309088 0.334048082801 0.999999898181 0.464846 0 0
85.6 20 18 1.35402725869 9.09902573752 1.26988110808e-09 0.666699594176 0.334088838313 0.999999881797 0.380721 0 0
85.7 20 18 1.35422074495 9.10211083456 1.29083779969e-09 0.666701695239 0.334129444892 0.999999858162 0.535766 0 0
85.8 20 18 1.3544122457 9.10537697486 1.30925088672e-09 0.666703623929 0.334169898504 0.999999847164 0.534667 0 0
85.9 20 18 1.35460362995 9.10824688007 1.32481320494e-09 0.666705374902 0.334210225826 0.999999873349 0.536367 0 0
86 20 18 1.35479409721 9.11133264758 1.33728934807e-09 0.666706954473 0.334250399747 0.99999989605 0.54279 0 0
86.1 20 18 1.35498344718 9.11438595396 1.34644876004e-09 0.66670836786 0.334290433964 0.999999868789 0.467765 0 0
86.2 20 18 1.35516967931 9.11741426043 1.35212799161e-09 0.666709625506 0.334330325067 0.999999866444 0.460712 0 0
86.3 20 18 1.35535686494 9.12087940941 1.35418879473e-09 0.666710721213 0.334370068286 0.99999987012 0.460796 0 0
86.4 20 18 1.35554266661 9.12348363263 1.35255775293e-09 0.666711672618 0.334409677723 0.999999886005 0.460273 0 0
86.5 20 18 1.35572809038 9.12651862833 1.34718271947e-09 0.666712462289 0.334449130476 0.999999879084 0.532528 0 0
86.6 20 18 1.35591217547 9.12954831758 1.33809454649e-09 0.666713116107 0.334488451798 0.999999885333 0.377519 0 0
86.7 20 18 1.35609491327 9.13264162008 1.3253565163e-09 0.666713634354 0.334527628561 0.999999865222 0.464357 0 0
86.8 20 18 1.35627649906 9.13553726819 1.3090649138e-09 0.666713998542 0.33456666316 0.999999868622 0.534783 0 0
86.9 20 18 1.35645618503 9.13850589238 1.28940133188e-09 0.666714243856 0.334605543455 0.999999854025 0.461568 0 0
87 20 18 1.35663625491 9.14148954914 1.26654847965e-09 0.666714345916 0.334644275706 0.999999880088 0.465514 0 0
87.1 20 18 1.35681454291 9.14444781393 1.24075873278e-09 0.666714325395 0.334682871975 0.999999867907 0.461393 0 0
87.2 20 18 1.35699220088 9.14741827219 1.21229676954e-09 0.666714186132 0.334721322174 0.999999878987 0.534947 0 0
87.3 20 18 1.35716894972 9.15037721161 1.24511286602e-09 0.666713920566 0.334759629606 0.999999874834 0.534116 0 0
87.4 20 18 1.35734476649 9.15333676379 1.2863111208e-09 0.666713535495 0.334797781167 0.999999884572 0.532341 0 0
87.5 20 18 1.357519523 9.1562720953 1.32457481113e-09 0.666713028047 0.334835793903 0.999999875422 0.53238 0 0
87.6 20 18 1.3576942747 9.15921325837 1.3596816124e-09 0.666712409604 0.334873661373 0.999999889177 0.533836 0 0
87.7 20 18 1.35786802176 9.16212939194 1.39074070401e-09 0.666711665821 0.33491139902 0.999999867616 0.460418 0 0
87.8 20 18 1.35803961569 9.16503409188 1.41738642544e-09 0.666710818346 0.334948971784 0.999999870182 0.461067 0 0
87.9 20 18 1.35821194444 9.1679419651 1.43856536484e-09 0.666709846211 0.334986412089 0.999999884649 0.3795 0 0
88 20 18 1.35838336765 9.17084313792 1.45502011729e-09 0.666708758005 0.335023703472 0.999999887579 0.462172 0 0
88.1 20 18 1.35855301991 9.17371400542 1.4651383232e-09 0.666707550166 0.335060859263 0.999999863609 0.462765 0 0
88.2 20 18 1.35872269 9.17659728207 1.47047868627e-09 0.666706219629 0.335097857858 0.999999877776 0.538242 0 0
88.3 20 18 1.35889119061 9.17944934984 1.47002216987e-09 0.666704770349 0.335134739357 0.999999865702 0.461584 0 0
88.4 20 18 1.35905837003 9.18230157487 1.46486992536e-09 0.666703194449 0.33517147 0.999999875498 0.461625 0 0
88.5 20 18 1.35922529686 9.18520606592 1.45517116303e-09 0.666701486293 0.33520806529 0.999999861947 0.53267 0 0
88.6 20 18 1.35939008555 9.18795092276 1.47029877162e-09 0.666699663791 0.33524451067 0.999999833312 0.462316 0 0
88.7 20 18 1.35955624544 9.19089487245 1.50319567904e-09 0.666697681903 0.335280814593 0.999999878632 0.535005 0 0
88.8 20 18 1.35972051646 9.19359739701 1.52154788768e-09 0.666695561205 0.335316980324 0.999999857183 0.464508 0 0
88.9 20 18 1.35988514819 9.19641298604 1.54142576481e-09 0.666693298513 0.335353017554 0.999999873785 0.46284 0 0
89 20 18 1.36004847798 9.19935233468 1.5516307128e-09 0.666690891272 0.335388926042 0.999999859686 0.377968 0 0
89.1 20 18 1.3602101591 9.20209969435 1.56061896739e-09 0.666688339004 0.335424692485 0.999999848561 0.535396 0 0
89.2 20 18 1.36037321082 9.20485917608 1.5600833958e-09 0.666685622248 0.335460324171 0.999999888294 0.462984 0 0
89.3 20 18 1.36053516355 9.20756657279 1.56392909734e-09 0.666682740085 0.335495825404 0.999999891487 0.46768 0 0
89.4 20 18 1.36069688659 9.21033765414 1.54861745649e-09 0.666679689217 0.335531187416 0.999999883219 0.533193 0 0
89.5 20 18 1.3608568552 9.21308143725 1.54432489019e-09 0.666676466912 0.335566409208 0.999999862475 0.377002 0 0
89.6 20 18 1.36101664553 9.21581877263 1.5311655277e-09 0.666673077139 0.335601508785 0.999999864466 0.536521 0 0
89.7 20 18 1.36117567447 9.21853971856 1.50459500414e-09 0.666669504391 0.335636461674 0.999999863926 0.534813 0 0
89.8 20 18 1.36133504535 9.22127651038 1.49701029351e-09 0.666665741256 0.335671304123 0.999999878524 0.461628 0 0
89.9 20 18 1.36149323286 9.22397366624 1.46201695195e-09 0.666661782529 0.33570600811 0.999999850922 0.535148 0 0
90 20 18 1.36165167381 9.22668724948 1.44434852967e-09 0.666657632182 0.335740588127 0.999999879148 0.535199 0 0
90.1 20 18 1.36180944137 9.22938189806 1.41812706023e-09 0.666653289242 0.335775026795 0.999999877104 0.53383 0 0
90.2 20 18 1.36196787273 9.23216369596 1.38490596768e-09 0.666648752205 0.335809341529 0.99999988807 0.461057 0 0
90.3 20 18 1.36212562027 9.23476668518 1.3684168243e-09 0.666643999192 0.335843535623 0.999999887367 0.460911 0 0
90.4 20 18 1.36228222199 9.23742059737 1.32993704938e-09 0.666639037831 0.335877594615 0.999999863533 0.461857 0 0
90.5 20 18 1.36243910576 9.24008632876 1.31452382313e-09 0.666633861918 0.33591154133 0.999999881976 0.535254 0 0
90.6 20 18 1.36259407276 9.2427497419 1.28241461894e-09 0.666628466197 0.335945366054 0.999999837018 0.46225 0 0
90.7 20 18 1.36274677199 9.24539486418 1.26240429221e-09 0.666622854315 0.335979062615 0.999999846565 0.460621 0 0
90.8 20 18 1.36290175743 9.24792701174 1.24211563257e-09 0.666617007361 0.336012652785 0.999999863389 0.532963 0 0
90.9 20 18 1.36305620973 9.25067261887 1.22600429808e-09 0.666610958033 0.336046103582 0.999999855122 0.462333 0 0
91 20 18 1.36321105184 9.25313217507 1.20579735086e-09 0.666604692229 0.336079431221 0.999999878886 0.535349 0 0
91.1 20 18 1.36336443697 9.25578543563 1.19892962225e-09 0.666598202241 0.336112644399 0.999999850191 0.38107 0 0
91.2 20 18 1.36351795438 9.25827829865 1.18822929274e-09 0.666591483583 0.336145743967 0.99999986911 0.462474 0 0
91.3 20 18 1.36367108247 9.26099725633 1.18262255544e-09 0.666584545473 0.336178720046 0.999999853985 0.532553 0 0
91.4 20 18 1.3638240236 9.26339726416 1.17823628631e-09 0.666577399708 0.336211593538 0.999999880371 0.378799 0 0
91.5 20 18 1.3639773302 9.26606515801 1.20457789628e-09 0.666570030193 0.336244338281 0.999999881029 0.533563 0 0
91.6 20 18 1.36412950557 9.268484423 1.27531251239e-09 0.666562454972 0.336276973122 0.999999872121 0.46321 0 0
91.7 20 18 1.3642821631 9.27101635212 1.37194607746e-09 0.666554658079 0.336309493277 0.999999885955 0.532557 0 0
91.8 20 19 1.36443407177 9.26960673009 1.42888117783e-09 0.666546662416 0.33634190193 0.999999885256 0.461735 0 0
91.9 20 19 1.36458534406 9.2721135732 1.516980156e-09 0.666538450571 0.336374208485 0.999999866837 0.380089 0 0
92 20 19 1.36473629344 9.27461351321 1.56723354734e-09 0.666530006868 0.336406401011 0.999999869112 0.533193 0 0
92.1 20 19 1.36488736986 9.2772078256 1.63352695304e-09 0.666521368857 0.336438478127 0.999999865036 0.534224 0 0
92.2 20 19 1.36503815007 9.27957987149 1.67188482022e-09 0.666512530916 0.336470450266 0.999999871163 0.46094 0 0
92.3 20 19 1.36518786408 9.28205102137 1.72280669002e-09 0.666503493529 0.336502317895 0.999999867293 0.462509 0 0
92.4 20 19 1.36533830376 9.28475707132 1.74779134716e-09 0.666494251525 0.336534081791 0.999999878087 0.533322 0 0
92.5 20 19 1.36548790507 9.2869877705 1.76304873451e-09 0.666484832631 0.336565720003 0.999999887866 0.463484 0 0
92.6 20 19 1.365636132 9.28940786234 1.79781023926e-09 0.666475215293 0.336597260218 0.999999845665 0.533676 0 0
92.7 20 19 1.36578485044 9.29198085602 1.76735095875e-09 0.666465431323 0.336628682687 0.9999998667 0.463804 0 0
92.8 20 19 1.36593328638 9.29426238027 1.79626895535e-09 0.666455476042 0.336660019869 0.999999868831 0.37873 0 0
92.9 20 19 1.36608151687 9.2966887663 1.75449078577e-09 0.666445351725 0.336691260955 0.999999885642 0.382246 0 0
93 20 19 1.3662296909 9.29911675986 1.74017237391e-09 0.666435057343 0.336722377572 0.999999892108 0.537609 0 0
93.1 20 19 1.36637761134 9.30152951201 1.71796810044e-09 0.666424604596 0.336753399198 0.99999989128 0.379973 0 0
93.2 20 19 1.36652425002 9.30391557943 1.65723529794e-09 0.66641400378 0.336784312308 0.999999864828 0.463617 0 0
93.3 20 19 1.3666707211 9.30629155627 1.63135405227e-09 0.666403258005 0.336815134189 0.999999863135 0.378381 0 0
93.4 20 19 1.36681730714 9.30868923166 1.57252098351e-09 0.666392365965 0.336845834936 0.999999891583 0.461637 0 0
93.5 20 20 1.36696249871 9.31130580221 1.5141892895e-09 0.666381343158 0.336876428489 0.999999874836 0.462247 0 0
93.6 20 19 1.36710742567 9.31342169814 1.46254033281e-09 0.666370198984 0.336906917191 0.999999891221 0.464702 0 0
93.7 20 19 1.36725163373 9.3157630916 1.39520584027e-09 0.666358914399 0.336937309436 0.999999866996 0.376676 0 0
93.8 20 19 1.36739500453 9.31810384201 1.33730924064e-09 0.666347512585 0.336967602776 0.99999987315 0.46153 0 0
93.9 20 19 1.36753799371 9.3204322871 1.27355493085e-09 0.666335983237 0.336997785563 0.999999880579 0.380284 0 0
94 20 19 1.36768056209 9.32298036255 1.20978668817e-09 0.666324328934 0.3370278606 0.999999877902 0.53606 0 0
94.1 20 19 1.36782272884 9.32505884726 1.16486644821e-09 0.666312564626 0.337057819198 0.999999873082 0.464374 0 0
94.2 20 19 1.36796423239 9.3273626525 1.08429023113e-09 0.666300693264 0.337087679393 0.999999875883 0.463694 0 0
94.3 20 19 1.36810468121 9.32985282792 1.05080071637e-09 0.666288700001 0.337117436595 0.999999883688 0.536131 0 0
94.4 20 19 1.36824518693 9.33200288534 9.96398249253e-10 0.66627659734 0.337147089566 0.999999885768 0.535773 0 0
94.5 20 19 1.36838366538 9.3342156666 9.4362307483e-10 0.666264403535 0.337176614293 0.999999856572 0.465616 0 0
94.6 20 19 1.36852299308 9.336480678 9.55758028276e-10 0.66625210516 0.337206047299 0.999999886157 0.463983 0 0
94.7 20 19 1.36866160623 9.33874696807 1.00093067168e-09 0.666239702233 0.33723536502 0.999999891425 0.463136 0 0
94.8 20 19 1.3687991332 9.34099187119 1.05901865055e-09 0.666227185633 0.337264580624 0.999999882098 0.462012 0 0
94.9 20 20 1.36893648743 9.34369445579 1.10969877731e-09 0.666214552904 0.337293698544 0.99999988169 0.379227 0 0
95 20 19 1.36907233252 9.34545525897 1.16914511405e-09 0.666201825098 0.337322698251 0.999999871706 0.46436 0 0
95.1 20 19 1.36920908983 9.34772886581 1.21927234975e-09 0.666188974147 0.337351603172 0.999999889421 0.37908 0 0
95.2 20 19 1.36934566748 9.35004473896 1.33917436758e-09 0.666176000852 0.337380391887 0.999999892354 0.465486 0 0
95.3 20 19 1.36948239711 9.35236226388 1.31223565347e-09 0.666162879992 0.33740906531 0.999999892481 0.536779 0 0
95.4 20 19 1.36961929721 9.35471374376 1.36594879852e-09 0.666149631999 0.337437647343 0.99999988527 0.535789 0 0
95.5 20 19 1.36975664777 9.35696927276 1.38668876382e-09 0.666136273272 0.33746610642 0.999999909478 0.462309 0 0
95.6 20 19 1.36989312803 9.35926109339 1.42600942166e-09 0.666122773971 0.337494460868 0.999999892717 0.462824 0 0
95.7 20 19 1.37003015091 9.36154675651 1.44797485113e-09 0.666109139682 0.33752270333 0.999999892931 0.534694 0 0
95.8 20 19 1.37016729099 9.36382513295 1.49308655439e-09 0.66609537391 0.337550842001 0.999999898591 0.380639 0 0
95.9 20 19 1.37030393947 9.36608678779 1.47649603655e-09 0.666081465987 0.337578862907 0.999999873731 0.377626 0 0
96 20 19 1.37044089342 9.36836010249 1.47047840571e-09 0.666067411127 0.337606790551 0.999999894624 0.378675 0 0
96.1 20 19 1.37057733991 9.3706168026 1.4730614506e-09 0.666053220129 0.337634602702 0.999999889018 0.378476 0 0
96.2 20 19 1.37071268055 9.37285310777 1.46145462399e-09 0.666038882793 0.337662303129 0.999999871378 0.533666 0 0
96.3 20 19 1.37084863423 9.37510369863 1.44904477306e-09 0.66602439922 0.337689898938 0.999999888088 0.462552 0 0
96.4 20 19 1.37098437658 9.3774518282 1.42560219185e-09 0.666009766743 0.337717398172 0.999999872853 0.534419 0 0
96.5 20 19 1.37112089264 9.37955902008 1.40733991127e-09 0.665994978157 0.337744783716 0.999999895655 0.538434 0 0
96.6 20 19 1.37125711753 9.38177746046 1.38021294394e-09 0.6659800447 0.33777206 0.999999887648 0.462237 0 0
96.7 20 19 1.3713928399 9.38397680607 1.34901123605e-09 0.665964951404 0.337799228095 0.999999880775 0.381863 0 0
96.8 20 19 1.37152851353 9.38618101776 1.32070954173e-09 0.665949691524 0.337826296324 0.999999889245 0.535768 0 0
96.9 20 19 1.3716648138 9.38838463349 1.29175692365e-09 0.665934269433 0.33785326357 0.999999894573 0.461856 0 0
97 20 19 1.37179986476 9.39057069989 1.25457100264e-09 0.665918692251 0.33788012324 0.999999883797 0.462241 0 0
97.1 20 19 1.37193502534 9.39273924346 1.23198717894e-09 0.665902948322 0.33790688217 0.999999870871 0.464965 0 0
97.2 20 19 1.3720702898 9.39492379745 1.19085208361e-09 0.665887043888 0.337933522458 0.999999892735 0.534383 0 0
97.3 20 19 1.37220558078 9.39709612055 1.17867171578e-09 0.665870984825 0.33796007719 0.999999887412 0.534271 0 0
97.4 20 19 1.37234028207 9.39925932273 1.13755993514e-09 0.665854767703 0.337986513944 0.999999882481 0.535436 0 0
97.5 20 19 1.37247536156 9.40145034676 1.12688081089e-09 0.665838382839 0.338012871499 0.99999988261 0.464672 0 0
97.6 20 19 1.37260976555 9.40357197845 1.22964639645e-09 0.665821851311 0.338039123903 0.999999884033 0.462671 0 0
97.7 20 19 1.37274508006 9.4057270677 1.33433703871e-09 0.665805168364 0.338065272838 0.9999998972 0.539981 0 0
97.8 20 19 1.37288006718 9.407868322 1.45990685262e-09 0.665788325905 0.338091318452 0.999999888301 0.463266 0 0
97.9 20 19 1.37301447386 9.40999195423 1.5469479807e-09 0.665771331169 0.338117270869 0.99999987008 0.462338 0 0
98 20 19 1.37314863554 9.41211279588 1.69248635231e-09 0.665754195008 0.338143123471 0.999999878812 0.460219 0 0
98.1 20 19 1.37328336174 9.41422700414 1.75633529963e-09 0.665736916422 0.338168866901 0.999999894685 0.464105 0 0
98.2 20 19 1.37341783295 9.41635730007 1.86569357888e-09 0.665719487458 0.33819451895 0.999999894938 0.463168 0 0
98.3 20 19 1.37355147397 9.41847671291 1.9517898753e-09 0.665701912894 0.338220086959 0.999999893492 0.462874 0 0
98.4 20 19 1.3736852304 9.42057399966 2.01561305123e-09 0.665684201263 0.338245536845 0.99999987476 0.463811 0 0
98.5 20 19 1.37381922077 9.42266918069 2.09086885183e-09 0.665666360283 0.338270888292 0.999999893191 0.463933 0 0
98.6 20 19 1.37395281137 9.42477348533 2.1203696337e-09 0.665648399525 0.338296151795 0.999999894983 0.463353 0 0
98.7 20 19 1.37408647943 9.42685308757 2.1774296647e-09 0.66563030356 0.338321336063 0.999999875149 0.535574 0 0
98.8 20 19 1.37421944962 9.42892271509 2.18440240257e-09 0.665612104296 0.338346407973 0.999999871831 0.377375 0 0
98.9 20 19 1.37435269532 9.43103907564 2.19207587427e-09 0.665593787312 0.338371397891 0.999999880614 0.378127 0 0
99 20 19 1.37448545028 9.43328581133 2.20030642666e-09 0.665575362821 0.338396280996 0.999999871917 0.462722 0 0
99.1 20 19 1.37461854479 9.43515469718 2.14669152332e-09 0.665556840988 0.338421089689 0.99999989658 0.462302 0 0
99.2 20 19 1.37474980611 9.43720665924 2.14300326521e-09 0.665538210389 0.338445800625 0.999999877851 0.462105 0 0
99.3 20 19 1.37488160588 9.43930846343 2.05710603766e-09 0.665519478679 0.338470416845 0.999999876069 0.463003 0 0
99.4 20 19 1.37501437002 9.44129160815 2.03781348834e-09 0.665500658622 0.338494947816 0.999999893534 0.53446 0 0
99.5 20 19 1.37514652153 9.44028457647 1.89786294919e-09 0.665481757767 0.338519390401 0.99999988471 0.378513 0 0
99.6 20 19 1.37527899117 9.44214158417 1.87356407686e-09 0.66546276735 0.338543751597 0.999999895847 0.536022 0 0
99.7 20 19 1.37540853836 9.44392878568 1.73582682494e-09 0.665443705854 0.33856802156 0.999999865836 0.38005 0 0
99.8 20 19 1.37554023297 9.44567905586 1.6466171305e-09 0.665424573442 0.338592199213 0.999999889411 0.536105 0 0
99.9 20 19 1.37567193513 9.44760465387 1.5334923016e-09 0.665405363925 0.33861629002 0.999999886307 0.463881 0 0
100 20 19 1.37580353053 9.44955571515 1.4217435685e-09 0.665386096241 0.338640305112 0.999999881746 0.461841 0 0
100.1 20 19 1.3759355466 9.4514461098 1.31915229601e-09 0.665366761018 0.338664210096 0.999999906793 0.535915 0 0
100.2 20 19 1.37606685817 9.45336314385 1.28049692646e-09 0.665347369506 0.338688057174 0.999999891074 0.379291 0 0
100.3 20 19 1.37619598652 9.45525787305 1.10966464249e-09 0.665327909393 0.338711815115 0.999999878002 0.538505 0 0
100.4 20 19 1.3763246416 9.45723675827 1.38115199033e-09 0.665308394512 0.338735506904 0.999999874326 0.533401 0 0
100.5 20 19 1.37645430547 9.45901191758 1.12432803607e-09 0.665288828347 0.338759102188 0.999999868692 0.380398 0 0
100.6 20 19 1.37658497963 9.46089939942 1.28076403257e-09 0.66526919723 0.338782622901 0.999999874875 0.533197 0 0
100.7 20 19 1.37671556516 9.46279539164 1.05170284595e-09 0.665249530823 0.338806046711 0.999999893068 0.379337 0 0
100.8 20 19 1.37684536091 9.46467450762 9.97517220087e-10 0.665229798801 0.338829409655 0.999999882703 0.534288 0 0
100.9 20 19 1.37697317264 9.46662727166 1.22238098563e-09 0.665210019503 0.33885268185 0.999999869923 0.462743 0 0
101 20 19 1.37710210572 9.46840841023 1.03857833444e-09 0.665190171761 0.338875870932 0.999999876801 0.536635 0 0
101.1 20 19 1.37723268253 9.47027753712 1.34080935444e-09 0.665170285115 0.338898994149 0.999999884236 0.461721 0 0
101.2 20 19 1.37736073128 9.47212500209 1.03894611872e-09 0.66515033482 0.338922039334 0.999999859029 0.464953 0 0
101.3 20 19 1.3774879474 9.47397993026 1.22025896022e-09 0.665130326413 0.338945018265 0.999999865254 0.463787 0 0
101.4 20 19 1.37761719892 9.47585077832 8.71228764746e-10 0.665110265914 0.338967917232 0.999999893574 0.378611 0 0
101.5 20 19 1.37774677959 9.47770742818 1.1928698343e-09 0.665090131237 0.338990738685 0.99999988617 0.465107 0 0
101.6 20 19 1.37787628653 9.4795693942 8.6310877996e-10 0.665069941784 0.339013488625 0.999999885377 0.465402 0 0
101.7 20 19 1.37800363594 9.48139674325 1.21092478661e-09 0.665049676244 0.339036168897 0.999999860798 0.377446 0 0
101.8 20 19 1.37813326317 9.48326010112 9.26158705283e-10 0.665029340122 0.339058775833 0.999999892268 0.463275 0 0
101.9 20 19 1.37826187747 9.48510623637 1.17489799354e-09 0.665008946497 0.339081312036 0.999999876531 0.463108 0 0
102 20 19 1.37838925652 9.48694348355 1.01362485072e-09 0.664988470708 0.339103788101 0.99999987859 0.463555 0 0
102.1 20 19 1.37851815059 9.4890220646 1.0618852464e-09 0.664967907822 0.33912619838 0.999999877049 0.462485 0 0
102.2 20 19 1.37864616473 9.49060069507 1.10331344061e-09 0.664947279614 0.339148527691 0.999999873142 0.462419 0 0
102.3 20 19 1.37877306198 9.49256179128 1.12086484538e-09 0.66492654851 0.339170812706 0.999999861687 0.464267 0 0
102.4 20 19 1.37890031397 9.49421501478 1.16030407504e-09 0.664905734885 0.339193035025 0.99999987447 0.462765 0 0
102.5 20 19 1.37902759967 9.49603483738 1.16442244735e-09 0.664884819376 0.339215211878 0.999999864973 0.379297 0 0
102.6 20 19 1.37915508235 9.4978732268 1.19285825662e-09 0.664863810843 0.339237309427 0.999999885984 0.378518 0 0
102.7 20 19 1.37928193379 9.49968415936 1.17545218004e-09 0.664842700702 0.339259370648 0.999999874422 0.534707 0 0
102.8 20 19 1.37940948014 9.50150033406 1.19866971904e-09 0.664821486758 0.339281371539 0.999999867444 0.534542 0 0
102.9 20 19 1.37953647946 9.50332568715 1.17102894048e-09 0.6648001808 0.339303324913 0.999999883212 0.38204 0 0
103 20 19 1.37966269724 9.50513160853 1.17172971326e-09 0.664778766432 0.339325216649 0.99999986543 0.461416 0 0
103.1 20 19 1.37978998993 9.50694335458 1.14580001043e-09 0.664757229613 0.33934705351 0.999999878972 0.464153 0 0
103.2 20 19 1.37991625214 9.50875171785 1.13446918526e-09 0.66473558691 0.339368849372 0.999999872475 0.461494 0 0
103.3 20 19 1.38004092383 9.51053605227 1.10149123156e-09 0.664713822907 0.339390579316 0.999999860096 0.534707 0 0
103.4 20 19 1.38016579868 9.51234778899 1.08117215181e-09 0.664691940941 0.339412282207 0.999999879316 0.465677 0 0
103.5 20 19 1.38029183258 9.51409172206 1.0556293617e-09 0.664669953947 0.339433942573 0.999999875267 0.464914 0 0
103.6 20 19 1.38041804474 9.51579859417 1.02166541893e-09 0.664647858978 0.339455556242 0.999999884808 0.380697 0 0
103.7 20 18 1.38054363456 9.51744429626 1.056197711e-09 0.664625636058 0.339477126325 0.999999859444 0.462437 0 0
103.8 20 18 1.38067009439 9.5192638292 1.03172434191e-09 0.664603277032 0.339498659049 0.999999890467 0.534508 0 0
103.9 20 18 1.38079542338 9.52107086178 1.17066144991e-09 0.664580805137 0.33952015478 0.999999882615 0.460833 0 0
104 20 18 1.38092161804 9.52288661431 1.26803427355e-09 0.664558210583 0.339541616656 0.999999895192 0.464705 0 0
104.1 20 18 1.38104551521 9.52483458021 1.40536986981e-09 0.664535486269 0.339563046478 0.999999854792 0.533942 0 0
104.2 20 18 1.3811693926 9.52646109622 1.49769085639e-09 0.664512668968 0.339584436555 0.999999882166 0.463613 0 0
104.3 20 18 1.38129344514 9.52825064969 1.63239123074e-09 0.664489702757 0.33960581163 0.999999874404 0.46233 0 0
104.4 20 18 1.38141859843 9.53005165926 1.72169879194e-09 0.664466625967 0.339627150836 0.99999988751 0.533816 0 0
104.5 20 18 1.38154326555 9.53184756275 1.80604131667e-09 0.664443433213 0.339648446534 0.999999879103 0.532464 0 0
104.6 20 18 1.38166775214 9.53364796796 1.90514675167e-09 0.664420136081 0.339669708172 0.999999892888 0.378206 0 0
104.7 20 18 1.38179259564 9.53545364883 1.95099948064e-09 0.664396723583 0.339690937938 0.999999899836 0.461519 0 0
104.8 20 18 1.38191725778 9.53724488067 2.00899201163e-09 0.664373198288 0.339712148256 0.999999894242 0.534915 0 0
104.9 20 18 1.38203985911 9.53899370713 2.05938026373e-09 0.664349577759 0.339733331547 0.99999985471 0.532293 0 0
105 20 18 1.38216387455 9.540794318 2.04308553809e-09 0.664325849035 0.339754502945 0.99999989495 0.461803 0 0
105.1 20 18 1.3822868611 9.5425619838 2.08560919213e-09 0.664302015024 0.339775635005 0.99999987119 0.534305 0 0
105.2 20 18 1.38240976437 9.54433951377 2.04670161437e-09 0.664278106459 0.339796754286 0.999999872412 0.462967 0 0
105.3 20 18 1.38253072147 9.54610670267 2.03636299631e-09 0.664254097949 0.339817850923 0.999999874457 0.461266 0 0
105.4 20 18 1.38265267883 9.54787578935 1.989999701e-09 0.664229991673 0.339838922666 0.99999987725 0.464351 0 0
105.5 20 18 1.38277295087 9.54962699387 1.9360765679e-09 0.664205799543 0.339859985368 0.999999869651 0.37959 0 0
105.6 20 18 1.38289467904 9.55140208679 1.87586381339e-09 0.664181518695 0.339881018177 0.999999882449 0.536266 0 0
105.7 20 19 1.38301552773 9.55342382519 1.80465377444e-09 0.664157163255 0.339902029472 0.999999881164 0.462389 0 0
105.8 20 18 1.38313554973 9.55490929546 1.71066434254e-09 0.664132724014 0.339923013776 0.99999986657 0.534376 0 0
105.9 20 18 1.38325500709 9.55672916058 1.64205350169e-09 0.664108208624 0.339943979579 0.999999877999 0.535778 0 0
106 20 18 1.38337495941 9.55841018915 1.52692087777e-09 0.664083637363 0.339964936568 0.999999866314 0.463232 0 0
106.1 20 18 1.38349456949 9.56015324083 1.44327202879e-09 0.664058995018 0.339985868786 0.999999876571 0.460669 0 0
106.2 20 18 1.38361300952 9.56189085668 1.34049115876e-09 0.664034290675 0.34000677672 0.999999873689 0.460731 0 0
106.3 20 18 1.38373183805 9.56367616416 1.23823869824e-09 0.664009515144 0.340027694165 0.999999870021 0.461948 0 0
106.4 20 18 1.3838497427 9.56544543023 1.15024860206e-09 0.663984678145 0.340048585114 0.999999864467 0.37816 0 0
106.5 20 18 1.38396740192 9.56715040884 1.10296059984e-09 0.663959770328 0.340069446471 0.999999859994 0.462838 0 0
106.6 20 18 1.3840834555 9.56889201613 9.68995750598e-10 0.663934806652 0.340090294408 0.999999854014 0.461734 0 0
106.7 20 18 1.38419878341 9.57072889652 1.33369975727e-09 0.663909786047 0.34011113085 0.999999849561 0.380851 0 0
106.8 20 19 1.38431348815 9.57241356022 1.04086130938e-09 0.663884706039 0.340131944317 0.999999851637 0.533421 0 0
106.9 20 18 1.38442787395 9.57421211392 1.6528829198e-09 0.663859552854 0.340152731337 0.999999858034 0.536215 0 0
107 20 18 1.38453940966 9.57587802639 1.26269502292e-09 0.663834389466 0.340173514441 0.999999823543 0.461804 0 0
107.1 20 18 1.38465416914 9.57764139545 1.32165848101e-09 0.663809156613 0.340194278851 0.999999865941 0.380773 0 0
107.2 20 18 1.38476624541 9.57908169298 1.27537854095e-09 0.663783863039 0.340214991167 0.99999985859 0.534955 0 0
107.3 20 18 1.38487972016 9.58080353259 9.71195191945e-10 0.663758515747 0.340235703998 0.999999887656 0.461172 0 0
107.4 20 18 1.38499327964 9.58253504858 1.36540984153e-09 0.663733085385 0.340256405498 0.999999895316 0.534499 0 0
107.5 20 18 1.38510521868 9.58425227609 1.002167905e-09 0.663707608144 0.34027708473 0.999999872409 0.536492 0 0
107.6 20 18 1.38521643833 9.5860542925 1.02681269024e-09 0.663682079132 0.340297736599 0.999999867599 0.462863 0 0
107.7 20 18 1.38532737535 9.58765459822 1.14855678628e-09 0.663656471135 0.340318362467 0.999999873927 0.534194 0 0
107.8 20 18 1.3854363631 9.58934406517 8.88890455237e-10 0.663630819511 0.340338987547 0.999999870404 0.377158 0 0
107.9 20 18 1.38554546211 9.59103186852 1.06974150002e-09 0.663605091516 0.340359585973 0.999999869317 0.535385 0 0
108 20 18 1.3856542106 9.59272788975 1.14342281378e-09 0.663579318333 0.340380161493 0.99999987714 0.461716 0 0
108.1 20 19 1.38576226749 9.60284309372 9.14999243619e-10 0.663553473424 0.340400733055 0.999999878822 0.37783 0 0
108.2 20 19 1.38587044972 9.60448753331 1.07990340492e-09 0.663527568013 0.340421288376 0.999999886902 0.378196 0 0
108.3 20 19 1.38597662817 9.60616716507 9.92198234865e-10 0.66350157271 0.340441800312 0.999999853052 0.46186 0 0
108.4 20 19 1.38608287418 9.60791724787 1.08008103509e-09 0.663475514903 0.34046227789 0.999999861465 0.462119 0 0
108.5 20 19 1.3861880175 9.60928893414 1.05871567199e-09 0.6634493639 0.340482751677 0.999999850751 0.462372 0 0
108.6 20 19 1.38629055564 9.61085383113 1.20794119048e-09 0.663423131979 0.340503211011 0.999999841305 0.461703 0 0
108.7 20 19 1.38639486264 9.61240057033 9.11324235825e-10 0.663396830365 0.340523658355 0.999999868131 0.378125 0 0
108.8 20 19 1.38649871326 9.61407703887 1.34549998867e-09 0.663370443518 0.3405440893 0.999999871553 0.378503 0 0
108.9 20 19 1.3866003961 9.61558492628 9.59196746646e-10 0.663343960908 0.340564497779 0.999999866217 0.53588 0 0
109 20 19 1.38669944464 9.61713966976 1.20249387485e-09 0.663317388989 0.340584890608 0.999999846707 0.378143 0 0
109.1 20 19 1.38680019776 9.61871287033 1.05865674675e-09 0.663290708226 0.340605266245 0.999999860599 0.462465 0 0
109.2 20 19 1.38690041576 9.62028621478 1.22178184023e-09 0.66326394674 0.34062564214 0.999999868045 0.53471 0 0
109.3 20 19 1.38700059279 9.62187584166 1.11705010233e-09 0.663237091947 0.340645970872 0.999999885471 0.535078 0 0
109.4 20 19 1.38710015826 9.62345656412 1.16060790496e-09 0.663210139298 0.340666295997 0.999999877899 0.535074 0 0
109.5 20 19 1.38719928237 9.62504005962 1.09640640314e-09 0.663183101841 0.340686598621 0.999999886816 0.463633 0 0
109.6 20 19 1.38729582296 9.62658459891 1.30474284998e-09 0.663155971118 0.340706903982 0.999999856102 0.378667 0 0
109.7 20 19 1.38739276494 9.62815573887 1.08679864044e-09 0.663128744674 0.340727186335 0.999999886351 0.464143 0 0
109.8 20 19 1.38748972721 9.6297190782 1.25340308825e-09 0.663101408967 0.340747454619 0.999999881403 0.461477 0 0
109.9 20 19 1.38758599254 9.63144238438 1.29451195226e-09 0.663073975542 0.34076770089 0.999999869293 0.465035 0 0
110 20 19 1.38768148894 9.63291889422 1.20381361797e-09 0.663046446518 0.340787930007 0.999999882838 0.534224 0 0
110.1 20 19 1.38777642742 9.63435995079 1.23371463022e-09 0.663018829359 0.340808145409 0.999999873684 0.462495 0 0
110.2 20 19 1.38787104311 9.63589272103 1.05873570387e-09 0.662991126038 0.340828336756 0.999999873062 0.535537 0 0
110.3 20 19 1.38796496644 9.63743481524 1.15536016294e-09 0.662963326185 0.340848498883 0.999999878283 0.536257 0 0
110.4 20 19 1.3880576124 9.63895831294 1.07777699724e-09 0.662935418597 0.340868648841 0.99999986112 0.534251 0 0
110.5 20 19 1.38814980828 9.64050262772 1.15078807113e-09 0.662907433498 0.340888781669 0.999999886953 0.463095 0 0
110.6 20 19 1.38824122592 9.64202398175 1.28842748488e-09 0.662879354484 0.34090889947 0.999999874109 0.462569 0 0
110.7 20 19 1.38833141692 9.64355461845 1.37348307008e-09 0.662851190357 0.340929009288 0.999999880125 0.536046 0 0
110.8 20 19 1.38842179916 9.64538684797 1.468729693e-09 0.662822951306 0.340949102293 0.999999892582 0.464561 0 0
110.9 20 19 1.38851162918 9.64661476028 1.57707779219e-09 0.662794621424 0.340969169005 0.999999879466 0.462211 0 0
111 20 19 1.38859930585 9.64827982691 1.67369151761e-09 0.662766221158 0.340989217224 0.999999840358 0.462826 0 0
111.1 20 19 1.38868741187 9.64960599584 1.72032025522e-09 0.662737730596 0.341009256978 0.999999860287 0.462479 0 0
111.2 20 19 1.38877377169 9.6511414975 1.83738596697e-09 0.66270919091 0.341029274719 0.999999871912 0.461243 0 0
111.3 20 19 1.38886028068 9.65260484973 1.85011551854e-09 0.662680588694 0.341049286555 0.999999863484 0.462832 0 0
111.4 20 19 1.38894671228 9.65410003993 1.91620850715e-09 0.662651908332 0.341069289757 0.999999867617 0.380025 0 0
111.5 20 19 1.38903293486 9.65561486343 1.93812667934e-09 0.662623174204 0.341089260167 0.999999882409 0.461585 0 0
111.6 20 19 1.38911773486 9.65722161669 1.94522675639e-09 0.662594373204 0.341109214538 0.999999870904 0.534511 0 0
111.7 20 19 1.3892007594 9.65858687588 1.94322216358e-09 0.662565540015 0.34112914341 0.999999864373 0.535172 0 0
111.8 20 19 1.38928434749 9.66007680578 1.93371235242e-09 0.6625366498 0.341149067753 0.999999872289 0.37845 0 0
111.9 20 19 1.38936610445 9.66153461275 1.88795106697e-09 0.662507711621 0.341168974835 0.999999865652 0.379064 0 0
112 20 19 1.38944864644 9.66301850523 1.85313984716e-09 0.662478750058 0.341188855673 0.999999870087 0.463109 0 0
112.1 20 19 1.38953106676 9.66450610018 1.78927457973e-09 0.662449736573 0.341208728751 0.999999875435 0.38161 0 0
112.2 20 19 1.38961139845 9.66594438373 1.73202765832e-09 0.662420702375 0.341228569339 0.99999983517 0.461116 0 0
112.3 20 19 1.38969294752 9.66740725785 1.64466436934e-09 0.662391629075 0.341248372022 0.99999986394 0.536862 0 0
112.4 20 19 1.38977266546 9.66888235967 1.5679928154e-09 0.66236251977 0.341268190467 0.999999866086 0.461182 0 0
112.5 20 19 1.38985221646 9.67038629118 1.48672964909e-09 0.662333391127 0.341287981383 0.999999867319 0.38074 0 0
112.6 20 19 1.3899307057 9.6718255079 1.39255632595e-09 0.66230422357 0.341307745419 0.999999863735 0.533906 0 0
112.7 20 19 1.39000987688 9.6732850576 1.30092076473e-09 0.662275057861 0.341327497706 0.999999871025 0.534437 0 0
112.8 20 19 1.39008934526 9.6747498005 1.22301174728e-09 0.662245872256 0.341347222114 0.999999871638 0.376815 0 0
112.9 20 19 1.39016837101 9.6762207217 1.32628906411e-09 0.662216668962 0.341366928101 0.999999871777 0.534322 0 0
113 20 19 1.39024681107 9.6776809397 1.05842711929e-09 0.662187465915 0.341386607173 0.999999863516 0.463161 0 0
113.1 20 19 1.39032439406 9.67914899578 1.38365696268e-09 0.662158239422 0.341406255329 0.999999877409 0.461867 0 0
113.2 20 19 1.3904027389 9.6806322335 1.11270770007e-09 0.662128998091 0.341425892572 0.999999892903 0.462693 0 0
113.3 20 19 1.39047981639 9.68208870276 1.55123981918e-09 0.662099755421 0.341445498238 0.999999865968 0.461151 0 0
113.4 20 19 1.39055707177 9.68354758424 1.19126385376e-09 0.66207050969 0.341465082505 0.999999865402 0.46174 0 0
113.5 20 19 1.39063425104 9.68499721391 1.46876037235e-09 0.662041248668 0.341484640775 0.999999867358 0.462412 0 0
113.6 20 19 1.39070957378 9.68646029045 1.06448740063e-09 0.662011961068 0.341504171596 0.999999872443 0.460682 0 0
113.7 20 19 1.39078549401 9.68792886178 1.56232233332e-09 0.661982663433 0.341523682151 0.999999862296 0.462977 0 0
113.8 20 19 1.39086165452 9.68940217936 1.23473052706e-09 0.661953377023 0.341543175281 0.99999986985 0.461908 0 0
113.9 20 19 1.3909382419 9.6908828953 1.1974066236e-09 0.661924057039 0.341562646413 0.999999882491 0.379673 0 0
114 20 19 1.39101315031 9.69233618811 1.61661731121e-09 0.661894698059 0.341582085525 0.999999853733 0.534315 0 0
114.1 20 19 1.39108935526 9.69381674527 1.27358449575e-09 0.661865322639 0.341601492773 0.999999878392 0.462715 0 0
114.2 20 19 1.39116526211 9.69528514677 1.53133528562e-09 0.661835945385 0.341620893206 0.99999987661 0.463206 0 0
114.3 20 19 1.39124053056 9.69674078456 1.25026443985e-09 0.661806555289 0.34164026436 0.999999856441 0.463695 0 0
114.4 20 19 1.39131652716 9.69822023969 1.35270208574e-09 0.661777133721 0.341659612008 0.999999874974 0.537954 0 0
114.5 20 19 1.39139211505 9.69969758584 1.11637120116e-09 0.661747679964 0.341678941175 0.99999987138 0.464478 0 0
114.6 20 19 1.39146751634 9.70127324518 1.62050195642e-09 0.661718204334 0.34169823719 0.999999863818 0.46273 0 0
114.7 20 19 1.39154280836 9.70262831452 1.39628526924e-09 0.661688694282 0.341717524078 0.999999869266 0.462437 0 0
114.8 20 19 1.39161894255 9.70414017087 1.56287160021e-09 0.661659148318 0.341736796377 0.99999989112 0.535823 0 0
114.9 20 19 1.39169429397 9.70562226053 1.35607032939e-09 0.661629566417 0.341756055774 0.999999857939 0.462327 0 0
115 20 19 1.39177036287 9.70711485762 1.21149435532e-09 0.661599944291 0.341775284493 0.999999885683 0.462296 0 0
115.1 20 19 1.39184606088 9.70866769315 1.25059184225e-09 0.661570280857 0.341794503651 0.999999857715 0.463336 0 0
115.2 20 19 1.39192228382 9.71006168947 1.19579716949e-09 0.661540586284 0.341813703542 0.999999882534 0.462544 0 0
115.3 20 19 1.39199844481 9.71154419208 1.48721559106e-09 0.661510828501 0.3418328962 0.999999872209 0.538495 0 0
115.4 20 19 1.39207458423 9.71322804976 1.24369405793e-09 0.661481029302 0.341852070285 0.99999987504 0.461868 0 0
115.5 20 19 1.39215091996 9.71451250548 1.25062375755e-09 0.66145116342 0.341871217012 0.999999877752 0.462185 0 0
115.6 20 19 1.39222729441 9.71612813946 1.58757394236e-09 0.661421267508 0.341890367039 0.999999849939 0.466132 0 0
115.7 20 19 1.39230359039 9.71776064725 1.3093287902e-09 0.661391298778 0.341909503101 0.999999853882 0.535721 0 0
115.8 20 19 1.3923786846 9.71901501189 1.43458219466e-09 0.66136128733 0.341928622348 0.999999876756 0.462771 0 0
115.9 20 19 1.39245442602 9.72040061362 1.57471898311e-09 0.661331178676 0.341947736603 0.999999886915 0.534237 0 0
116 20 19 1.3925315652 9.72189659134 1.32526715999e-09 0.661301009845 0.341966852575 0.99999987435 0.53476 0 0
116.1 20 19 1.39260901873 9.72338986131 1.46285542903e-09 0.661270793133 0.341985949013 0.999999882365 0.462129 0 0
116.2 20 19 1.39268590163 9.72488969253 1.71189460961e-09 0.661240512701 0.342005052864 0.999999883225 0.533886 0 0
116.3 20 19 1.39280593915 9.72653115654 1.49037170533e-09 0.661210147522 0.34202416008 0.9999998741 0.46325 0 0
116.4 20 19 1.3928840593 9.72799945336 1.81397800819e-09 0.661179744295 0.342043255789 0.999999859662 0.461237 0 0
116.5 20 19 1.39296510558 9.72938229201 1.63852280113e-09 0.661149255768 0.342062338667 0.999999862237 0.461149 0 0
116.6 20 19 1.39305606883 9.73089379186 1.58071536504e-09 0.661118707672 0.342081421246 0.999999871137 0.377504 0 0
116.7 20 19 1.39311970765 9.7323417497 1.31034213085e-09 0.661088099778 0.342100514432 0.999999861806 0.464677 0 0
116.8 20 19 1.39321805045 9.73383490009 1.70899078213e-09 0.661057434661 0.34211960618 0.999999862089 0.380095 0 0
116.9 20 19 1.39328650525 9.73540092986 1.48209888362e-09 0.661026709553 0.342138694129 0.999999843172 0.535736 0 0
117 20 19 1.39335904225 9.73680115746 1.45472872529e-09 0.66099589792 0.342157800668 0.999999846809 0.461136 0 0
117.1 20 19 1.39343802261 9.738337542 1.28930914424e-09 0.660965043888 0.342176910358 0.999999840808 0.465193 0 0
117.2 20 19 1.39351547349 9.7397198568 1.16264844219e-09 0.660934122235 0.342196021094 0.999999845588 0.463003 0 0
117.3 20 19 1.39359607434 9.74120369046 1.2362332243e-09 0.660903144168 0.342215145238 0.999999865034 0.463753 0 0
117.4 20 19 1.39368437599 9.74267050163 1.30087821876e-09 0.660872113024 0.342234286143 0.999999859993 0.463303 0 0
117.5 20 19 1.39377345565 9.74417887782 1.38041541855e-09 0.660841015009 0.342253427827 0.999999867566 0.536859 0 0
117.6 20 19 1.39385028642 9.74613447096 1.4375025563e-09 0.660809865665 0.342272574094 0.999999829958 0.535074 0 0
117.7 20 19 1.39393319561 9.74752499766 1.47865190383e-09 0.660778681747 0.342291718287 0.999999841972 0.463403 0 0
117.8 20 19 1.39401228346 9.74850754929 1.54143931798e-09 0.660747438134 0.342310881264 0.999999856017 0.53562 0 0
117.9 20 19 1.39407583623 9.74994933507 1.56862696714e-09 0.660716149483 0.342330065267 0.999999858842 0.464395 0 0
118 20 19 1.39418529633 9.75158576241 1.60074679472e-09 0.660684826715 0.342349272538 0.999999849058 0.462304 0 0
118.1 20 19 1.39426097522 9.75316970629 1.5956731192e-09 0.66065345129 0.342368467411 0.999999838235 0.536805 0 0
118.2 20 19 1.39434174239 9.75429527793 1.6354412781e-09 0.660622038098 0.342387672046 0.999999841705 0.461485 0 0
118.3 20 19 1.39442815646 9.75569922866 1.59377074986e-09 0.660590596293 0.342406908193 0.9999998602 0.463049 0 0
118.4 20 19 1.39451626445 9.7573517909 1.60394681885e-09 0.660559118369 0.342426170354 0.99999983957 0.53441 0 0
118.5 20 19 1.39460203843 9.75930550729 1.5673576871e-09 0.660527624128 0.342445419615 0.999999846118 0.462829 0 0
118.6 20 19 1.39467102665 9.75997524227 1.5349292956e-09 0.660496091233 0.342464709296 0.999999837083 0.461741 0 0
118.7 20 19 1.3947743019 9.7616283715 1.49919151449e-09 0.660464523812 0.342484023833 0.999999837053 0.378693 0 0
118.8 20 19 1.39486800877 9.76313421711 1.44806340333e-09 0.660432938238 0.342503337444 0.999999842515 0.379241 0 0
118.9 20 19 1.39493944696 9.76472735256 1.40170746215e-09 0.66040132241 0.342522651944 0.999999828189 0.463198 0 0
119 20 19 1.39502467358 9.76606360065 1.35223973371e-09 0.660369678181 0.342542006169 0.999999824195 0.462434 0 0
119.1 20 19 1.39510999229 9.76715741317 1.28069590027e-09 0.660338031854 0.342561375781 0.999999833028 0.462188 0 0
119.2 20 19 1.39519941473 9.76838960593 1.26203539059e-09 0.660306353722 0.34258075759 0.999999836672 0.462981 0 0
119.3 20 19 1.39528215296 9.76993917249 1.26251029113e-09 0.660274659263 0.342600156947 0.999999841272 0.536412 0 0
119.4 20 19 1.3953723643 9.77168387057 1.36863626964e-09 0.66024295181 0.342619575466 0.999999832997 0.462791 0 0
119.5 20 19 1.39546206575 9.77286567377 1.31675510455e-09 0.660211214318 0.342638987563 0.99999984176 0.533955 0 0
119.6 20 19 1.39554574575 9.77427859501 1.30029764578e-09 0.660179467945 0.342658428779 0.999999846541 0.461557 0 0
119.7 20 19 1.39563556978 9.77575958509 1.35283287632e-09 0.660147701068 0.342677882843 0.999999835494 0.462841 0 0
119.8 20 19 1.39571829112 9.77739946132 1.26970917191e-09 0.660115919176 0.342697360692 0.999999828381 0.533915 0 0
119.9 20 19 1.3958241384 9.77878328544 1.43497988429e-09 0.660084116963 0.342716877305 0.999999824859 0.378529 0 0
120 20 19 1.39590443343 9.78031131687 1.26201430507e-09 0.660052316006 0.342736414009 0.9999998435 0.536734 0 0
120.1 20 19 1.3959950883 9.78160549277 1.70648501284e-09 0.660020481769 0.34275598022 0.999999835317 0.463992 0 0
120.2 20 19 1.39608347532 9.78308224709 1.18483595887e-09 0.659988616807 0.342775572297 0.999999845918 0.537724 0 0
120.3 20 19 1.39617043547 9.78467037253 1.90072066657e-09 0.659956734255 0.342795194351 0.999999853727 0.53637 0 0
120.4 20 19 1.3962582719 9.78628816506 1.31393446801e-09 0.659924820183 0.342814860713 0.999999827247 0.46734 0 0
120.5 20 19 1.3963534457 9.78798526481 1.73650331796e-09 0.65989290704 0.342834539297 0.999999831424 0.463316 0 0
120.6 20 19 1.39644456438 9.78912363501 1.35448323858e-09 0.659860966211 0.342854262339 0.999999847316 0.540145 0 0
120.7 20 19 1.3965338713 9.79054216769 1.57091904841e-09 0.659828988052 0.342874012935 0.999999847582 0.461919 0 0
120.8 20 19 1.39662498657 9.79203261023 1.15477736208e-09 0.659796980175 0.342893809979 0.999999848892 0.463697 0 0
120.9 20 19 1.39670861173 9.79358907449 1.10144326153e-09 0.659764937324 0.342913632956 0.999999829382 0.534425 0 0
121 20 19 1.39680367023 9.79494688035 1.54162903429e-09 0.659732887186 0.342933499813 0.999999842376 0.46169 0 0
121.1 20 19 1.39688310387 9.7964185257 1.26018633858e-09 0.659700791355 0.34295340518 0.999999850852 0.463799 0 0
121.2 20 19 1.39698489551 9.79823647235 1.39669969572e-09 0.659668660387 0.342973359501 0.999999841581 0.462223 0 0
121.3 20 19 1.39706582468 9.79960423492 1.20424944004e-09 0.659636479033 0.342993352333 0.999999829483 0.382331 0 0
121.4 20 19 1.39716559087 9.80088413629 1.26375907523e-09 0.659604275162 0.343013369805 0.999999842202 0.463737 0 0
121.5 20 19 1.39726681357 9.80230727793 1.30752657262e-09 0.659572031388 0.343033449891 0.999999836109 0.379951 0 0
121.6 20 19 1.39734590317 9.80371485052 1.47631870667e-09 0.659539757355 0.343053552999 0.999999844613 0.462304 0 0
121.7 20 19 1.39743714663 9.80540616066 1.50531502923e-09 0.659507413326 0.343073719852 0.999999832792 0.535028 0 0
121.8 20 19 1.39752764659 9.80659891823 1.35236904194e-09 0.65947503631 0.343093937288 0.999999847976 0.462992 0 0
121.9 20 19 1.3976187406 9.80820700036 1.61740121187e-09 0.6594425923 0.343114196691 0.999999845774 0.538137 0 0
122 20 19 1.39771755549 9.80957379678 1.42556547729e-09 0.659410106945 0.343134523707 0.999999833221 0.381558 0 0
122.1 20 19 1.39779954436 9.81088938043 1.63899541405e-09 0.659377588398 0.343154873416 0.999999845837 0.462841 0 0
122.2 20 19 1.39789053047 9.8123618767 1.46687807301e-09 0.659345004872 0.343175294832 0.999999863022 0.535911 0 0
122.3 20 19 1.39798984625 9.8137678464 1.57240483102e-09 0.659312367764 0.343195783449 0.999999840797 0.38135 0 0
122.4 20 19 1.39807209782 9.81516147281 1.54795860473e-09 0.659279696096 0.343216306371 0.999999853751 0.463376 0 0
122.5 20 19 1.39816170896 9.81655843896 1.65348143943e-09 0.659246965661 0.343236870763 0.99999984519 0.534389 0 0
122.6 20 19 1.39825205784 9.81796536071 1.47768281483e-09 0.659214193546 0.343257503238 0.999999836117 0.463971 0 0
122.7 20 19 1.39834264692 9.81954322893 1.65966633563e-09 0.659181366269 0.343278186432 0.999999841785 0.463991 0 0
122.8 20 19 1.39844375359 9.82079362598 1.52791648404e-09 0.659148487157 0.343298934839 0.999999857701 0.380545 0 0
122.9 20 19 1.39851251935 9.82212820843 1.61660979296e-09 0.659115559208 0.343319724768 0.999999847187 0.462631 0 0
123 20 19 1.39861183071 9.82352483682 1.46120918106e-09 0.659082590598 0.343340576043 0.999999860599 0.463456 0 0
123.1 20 19 1.39871031144 9.82491654233 1.40754415156e-09 0.659049562562 0.343361499686 0.999999839776 0.378937 0 0
123.2 20 19 1.39879066376 9.82629840845 1.30551961835e-09 0.659016512566 0.343382459209 0.999999857971 0.462042 0 0
123.3 20 19 1.39887825237 9.82784362681 1.24592029642e-09 0.658983410322 0.343403482891 0.999999828717 0.462675 0 0
123.4 20 19 1.39897020846 9.8289981586 1.41414950384e-09 0.658950276988 0.343424571256 0.999999860473 0.461344 0 0
123.5 20 19 1.39906281064 9.83070697559 1.26764628358e-09 0.658917092552 0.343445726634 0.999999838076 0.38048 0 0
123.6 20 19 1.39915793409 9.83170675426 1.45989343075e-09 0.658883880195 0.343466922876 0.999999835986 0.379569 0 0
123.7 20 19 1.39922692402 9.83303176153 1.34307239045e-09 0.658850647226 0.343488164254 0.999999857076 0.464784 0 0
123.8 20 19 1.39931973918 9.83437465789 1.1897860191e-09 0.658817362362 0.343509471374 0.999999854026 0.536057 0 0
123.9 20 19 1.39939265014 9.83570922861 1.30870699439e-09 0.65878405222 0.343530835313 0.99999985913 0.536172 0 0
124 20 19 1.39949266701 9.83710298773 1.32466024151e-09 0.658750723916 0.343552265424 0.999999832303 0.464599 0 0
124.1 20 19 1.39957712114 9.83859475435 1.44813568529e-09 0.658717372491 0.343573746175 0.999999844576 0.535594 0 0
124.2 20 19 1.39965965039 9.83974865198 1.34862876862e-09 0.658684000721 0.343595300774 0.999999863402 0.535116 0 0
124.3 20 19 1.39975416653 9.8409850166 1.32534175529e-09 0.658650617689 0.343616891149 0.999999849837 0.461961 0 0
124.4 20 19 1.39982930652 9.84227736068 1.06143594389e-09 0.658617225758 0.343638538735 0.999999847305 0.463174 0 0
124.5 20 19 1.39992327555 9.84360370844 1.07582057847e-09 0.658583820022 0.343660242016 0.999999836279 0.536739 0 0
124.6 20 19 1.40000797375 9.84507315524 1.09408701639e-09 0.658550429899 0.343682002979 0.99999983998 0.462253 0 0
124.7 20 19 1.40008767624 9.84613320589 1.1193359183e-09 0.658517027873 0.343703825444 0.999999851506 0.463992 0 0
124.8 20 19 1.40017290128 9.84772595925 1.10637704581e-09 0.658483622629 0.343725704911 0.999999838565 0.536099 0 0
124.9 20 19 1.40026758403 9.84896299597 1.14158248115e-09 0.658450231553 0.343747645997 0.999999817066 0.377976 0 0
125 20 19 1.40034471827 9.85017368242 1.11491728933e-09 0.658416848648 0.343769629794 0.999999840801 0.38498 0 0
125.1 20 19 1.4004362677 9.85133642731 1.12526102113e-09 0.658383480851 0.343791672324 0.999999842896 0.379515 0 0
125.2 20 19 1.4005035989 9.85245254206 1.12279040474e-09 0.658350121429 0.343813749408 0.999999856448 0.537166 0 0
125.3 20 19 1.40059348818 9.85378837805 1.11159943903e-09 0.658316771236 0.34383588453 0.999999837525 0.534959 0 0
125.4 20 19 1.40067129337 9.8550132898 1.51184593828e-09 0.658283432602 0.343858077524 0.999999846921 0.535295 0 0
125.5 20 19 1.40075337089 9.85630655231 1.25793445684e-09 0.658250125498 0.343880310054 0.99999984866 0.461833 0 0
125.6 20 19 1.40081809317 9.8576497084 1.59844614755e-09 0.658216820426 0.343902611179 0.999999828183 0.380151 0 0
125.7 20 19 1.4009085679 9.85874928001 1.29758036438e-09 0.658183546581 0.343924956615 0.999999848444 0.464693 0 0
125.8 20 20 1.40098171565 9.86045814525 1.26825674985e-09 0.658150284329 0.343947343655 0.999999838008 0.536866 0 0
125.9 20 19 1.40108031818 9.86114905135 1.23321958828e-09 0.65811704327 0.343969776217 0.999999853325 0.464657 0 0
126 20 19 1.40115617968 9.86275377053 1.15948584347e-09 0.658083831274 0.343992266184 0.999999824673 0.463259 0 0
126.1 20 19 1.40123415302 9.86379718925 1.67544267124e-09 0.658050674237 0.344014790488 0.999999838538 0.465002 0 0
126.2 20 19 1.40131594226 9.86482028222 1.30645272358e-09 0.658017528043 0.344037366462 0.999999858783 0.535966 0 0
126.3 20 19 1.40139410764 9.86603474641 1.38823222101e-09 0.657984395517 0.344059992485 0.99999984131 0.462278 0 0
126.4 20 19 1.40147145939 9.86723356873 1.27810465019e-09 0.657951305064 0.34408265041 0.999999844657 0.463859 0 0
126.5 20 19 1.40154737 9.86843351773 1.31411582279e-09 0.657918238616 0.344105358766 0.999999827888 0.462877 0 0
126.6 20 19 1.40163019295 9.86964698761 1.38008193193e-09 0.657885195916 0.344128118538 0.999999851713 0.4631 0 0
126.7 20 19 1.40171182632 9.87088942703 1.38916614446e-09 0.657852167738 0.344150928335 0.99999984197 0.383963 0 0
126.8 20 19 1.40179398843 9.87211517501 1.41671427289e-09 0.657819164606 0.344173775168 0.999999831597 0.38519 0 0
126.9 20 19 1.40185696556 9.87325231475 1.44513299818e-09 0.657786199485 0.344196646082 0.999999838626 0.46386 0 0
127 20 19 1.40194427303 9.87447823039 1.43411661764e-09 0.65775324115 0.344219581754 0.999999857942 0.379222 0 0
127.1 20 19 1.40200397334 9.87565268803 1.44957614061e-09 0.657720294565 0.344242546663 0.999999862914 0.463177 0 0
127.2 20 19 1.40208281581 9.87697743077 1.41492632156e-09 0.657687370201 0.344265556856 0.999999857658 0.535612 0 0
127.3 20 19 1.40216330055 9.87833445714 1.39165053004e-09 0.657654478119 0.34428860758 0.999999832201 0.4638 0 0
127.4 20 19 1.40224067735 9.87925178095 1.35087081688e-09 0.657621610126 0.34431168992 0.999999829678 0.462565 0 0
127.5 20 19 1.40231544191 9.88038744598 1.29043510008e-09 0.657588759745 0.344334817589 0.999999842818 0.462661 0 0
127.6 20 19 1.40237646328 9.88198502628 1.38399504616e-09 0.657555915436 0.344357987231 0.999999825333 0.466379 0 0
127.7 20 19 1.40246716057 9.88274514612 1.17411405127e-09 0.657523079984 0.344381205702 0.99999984616 0.380497 0 0
127.8 20 19 1.40253479331 9.88390309178 1.73863393517e-09 0.657490252035 0.344404440332 0.999999850609 0.464927 0 0
127.9 20 19 1.40260737964 9.88509715499 1.45820335083e-09 0.657457440559 0.34442772548 0.999999863521 0.461893 0 0
128 20 19 1.40267851846 9.88644980162 1.77927128669e-09 0.657424637865 0.344451039871 0.999999829734 0.4626 0 0
128.1 20 19 1.40276530101 9.88743137081 1.46657465192e-09 0.657391847327 0.344474402761 0.999999844635 0.37807 0 0
128.2 20 19 1.40283337213 9.88871589573 1.49977550957e-09 0.657359041154 0.344497789959 0.999999835538 0.533474 0 0
128.3 20 19 1.40290094104 9.89016618878 1.63782627024e-09 0.657326245182 0.34452121353 0.999999839936 0.464701 0 0
128.4 20 19 1.40297668543 9.89133327555 1.78914755398e-09 0.657293460638 0.344544672711 0.999999858109 0.466007 0 0
128.5 20 19 1.40304653495 9.89270607292 2.50388617232e-09 0.65726067675 0.344568178898 0.999999847708 0.380996 0 0
128.6 20 19 1.40313135837 9.89411572602 1.79529290618e-09 0.657227904842 0.344591711872 0.999999862937 0.380138 0 0
128.7 20 19 1.40318681957 9.89543968755 1.91879311022e-09 0.657195110042 0.344615272982 0.999999849732 0.537144 0 0
128.8 20 19 1.40327049186 9.89685179445 1.49698964564e-09 0.657162325126 0.344638891716 0.999999824887 0.378326 0 0
128.9 20 19 1.40333333573 9.89816338898 1.60248013845e-09 0.65712955507 0.344662513497 0.999999844087 0.463683 0 0
129 20 19 1.40340369393 9.8995225804 1.88613799316e-09 0.65709675741 0.344686163405 0.999999845503 0.532794 0 0
129.1 20 19 1.40347443575 9.90096483034 1.48062663961e-09 0.657063971324 0.34470985715 0.999999838714 0.461897 0 0
129.2 20 19 1.40354625516 9.9024723426 2.01045848342e-09 0.65703120377 0.344733564442 0.999999825141 0.463532 0 0
129.3 20 19 1.40360498094 9.90354219055 1.76995193511e-09 0.656998421823 0.3447573048 0.999999854489 0.536691 0 0
129.4 20 19 1.40367813872 9.90489127298 1.74594155733e-09 0.656965628873 0.344781097229 0.999999845898 0.462012 0 0
129.5 20 19 1.40376195207 9.9064247397 1.53759490605e-09 0.656932842652 0.344804915681 0.999999847227 0.464228 0 0
129.6 20 19 1.40381421736 9.90758877886 1.57025439504e-09 0.656900048665 0.344828745735 0.99999985315 0.537318 0 0
129.7 20 19 1.40388382395 9.90893139593 1.43552781124e-09 0.656867244415 0.344852616238 0.999999854114 0.536656 0 0
129.8 20 19 1.40395711547 9.9102944787 1.74999269131e-09 0.656834449735 0.344876534549 0.999999848497 0.380168 0 0
129.9 20 19 1.40403052599 9.91161246592 1.49216670489e-09 0.656801671851 0.344900454908 0.999999852031 0.461079 0 0
130 20 19 1.40409878376 9.91326492496 1.46734092468e-09 0.656768885614 0.344924420988 0.999999837937 0.380275 0 0
130.1 20 19 1.4041748353 9.91444289269 1.25813186808e-09 0.656736111723 0.34494841596 0.999999826958 0.381119 0 0
130.2 20 19 1.40422046256 9.91565618149 9.67869823003e-10 0.656703343072 0.344972423292 0.99999982287 0.461871 0 0
130.3 20 19 1.40430740336 9.91707788821 1.42317857343e-09 0.656670582795 0.344996473346 0.999999841585 0.378603 0 0
130.4 20 19 1.40436324754 9.91820247964 1.21071500315e-09 0.656637841332 0.345020535753 0.999999866292 0.46259 0 0
130.5 20 19 1.40443346776 9.91952659427 1.55883156157e-09 0.656605079797 0.345044629633 0.99999984931 0.537576 0 0
130.6 20 19 1.4045022245 9.92086083564 1.38718288145e-09 0.656572342103 0.345068755234 0.999999844185 0.381426 0 0
130.7 20 19 1.40455908435 9.92216772937 1.05471930608e-09 0.656539612623 0.345092887794 0.999999855746 0.534239 0 0
130.8 20 19 1.40462766272 9.92347929353 1.00592329695e-09 0.656506897931 0.345117052308 0.999999838206 0.534711 0 0
130.9 20 19 1.40469315845 9.92480821341 8.82970058505e-10 0.65647421601 0.345141232775 0.999999858786 0.463005 0 0
131 20 19 1.40475183397 9.92613264694 1.01926053846e-09 0.656441536095 0.34516544007 0.999999853806 0.46381 0 0
131.1 20 19 1.4048263733 9.92744146072 8.9414333822e-10 0.656408867439 0.345189695964 0.99999985643 0.465413 0 0
131.2 20 19 1.40488161702 9.92881870958 8.43710141041e-10 0.656376210257 0.345213953947 0.999999821805 0.536879 0 0
131.3 20 19 1.40495260893 9.93024437297 1.00908146091e-09 0.656343574613 0.345238247948 0.999999826059 0.463066 0 0
131.4 20 19 1.4050286256 9.93137950496 9.21251696949e-10 0.656310975432 0.345262570005 0.999999849399 0.377891 0 0
131.5 20 19 1.40508177108 9.93266356926 9.50984109417e-10 0.656278391712 0.345286904241 0.999999853726 0.464341 0 0
131.6 20 19 1.40514964982 9.933964885 9.16890816557e-10 0.656245833302 0.345311253925 0.999999848113 0.46307 0 0
131.7 20 19 1.40522311044 9.93529562553 7.92914589884e-10 0.656213295814 0.345335634879 0.999999824575 0.378916 0 0
131.8 20 19 1.40526785189 9.93656816375 1.11320659363e-09 0.656180777668 0.34536003146 0.999999851105 0.462484 0 0
131.9 20 19 1.40533773193 9.93785769194 9.4268988153e-10 0.656148280479 0.345384438788 0.999999841539 0.462747 0 0
132 20 19 1.40539474118 9.93917454651 1.16048478369e-09 0.656115815752 0.345408884022 0.9999998479 0.378746 0 0
132.1 20 19 1.40546041882 9.94047614648 8.73543456048e-10 0.656083366038 0.345433333551 0.999999866176 0.463074 0 0
132.2 20 19 1.40553071905 9.94179201357 1.43853979949e-09 0.656050942956 0.345457813589 0.999999845181 0.388818 0 0
132.3 20 19 1.40557816702 9.94308979264 9.9902986775e-10 0.65601853269 0.345482286532 0.999999855607 0.544296 0 0
132.4 20 19 1.40563867641 9.94440399481 1.04033164925e-09 0.655986140641 0.345506785592 0.999999866427 0.543592 0 0
132.5 20 19 1.40571106817 9.94572849344 1.07309911857e-09 0.655953788561 0.345531303891 0.999999879742 0.463631 0 0
132.6 20 19 1.40576442864 9.94702512525 9.83495909417e-10 0.65592145 0.345555838723 0.999999867558 0.464393 0 0
132.7 20 19 1.40583398274 9.94842676512 1.12150474761e-09 0.655889118665 0.345580396654 0.999999851303 0.533757 0 0
132.8 20 19 1.40590186535 9.94966333807 1.1106307359e-09 0.65585682586 0.345604981642 0.999999851232 0.37929 0 0
132.9 20 19 1.40595423793 9.95092351803 1.50257099827e-09 0.655824536963 0.34562956707 0.999999844896 0.536743 0 0
133 20 19 1.4060162531 9.95228276985 1.26542292503e-09 0.65579226296 0.345654154872 0.999999853803 0.536377 0 0
133.1 20 19 1.40607441128 9.95358151572 1.56649555373e-09 0.655760021252 0.345678762615 0.99999984561 0.464403 0 0
133.2 20 19 1.40613665136 9.95493114932 1.41879852386e-09 0.655727787139 0.34570339394 0.999999834051 0.536835 0 0
133.3 20 19 1.40623788423 9.95618401566 1.49760763711e-09 0.655695580661 0.345728031704 0.999999839653 0.463163 0 0
133.4 20 19 1.40628220981 9.95753550658 1.54390988352e-09 0.655663377781 0.345752699824 0.999999832343 0.466302 0 0
133.5 20 19 1.40635849587 9.95876359962 1.56511440143e-09 0.655631170879 0.345777392616 0.999999832503 0.468509 0 0
133.6 20 19 1.4064176839 9.96004743472 1.59354007698e-09 0.65559898373 0.345802088478 0.999999824283 0.467824 0 0
133.7 20 19 1.40648199529 9.96134159761 1.58923990949e-09 0.655566800617 0.34582680074 0.999999846603 0.53829 0 0
133.8 20 19 1.40653235204 9.96260917449 1.53704770572e-09 0.655534609329 0.345851552097 0.999999834794 0.536432 0 0
133.9 20 19 1.40661174399 9.96394982567 1.52709970597e-09 0.65550242563 0.345876315719 0.999999831395 0.380441 0 0
134 20 19 1.40665712943 9.96527903924 1.43709642348e-09 0.655470254901 0.345901105476 0.999999840938 0.466227 0 0
134.1 20 19 1.40672521302 9.96648338095 1.35405230595e-09 0.655438066708 0.345925898767 0.999999839716 0.536757 0 0
134.2 20 19 1.40678043811 9.96774899299 1.28872286151e-09 0.655405876754 0.34595070774 0.999999836597 0.537841 0 0
134.3 20 19 1.40684548644 9.96906294128 1.31303105371e-09 0.655373691082 0.345975546501 0.999999838851 0.379395 0 0
134.4 20 19 1.40690163844 9.97031122779 1.09507239324e-09 0.655341503663 0.346000395245 0.999999843057 0.5371 0 0
134.5 20 19 1.40696043795 9.97158023019 1.00722835259e-09 0.655309300354 0.346025268351 0.999999848526 0.464712 0 0
134.6 20 20 1.40702913048 9.97346721606 1.4833701126e-09 0.655277090497 0.346050165844 0.999999820413 0.535801 0 0
134.7 20 19 1.40708373722 9.97416873351 1.13353864745e-09 0.655244880264 0.346075067057 0.99999984534 0.536173 0 0
134.8 20 19 1.4071420948 9.97544536752 1.51129542324e-09 0.655212663644 0.34610000621 0.999999831027 0.466022 0 0
134.9 20 19 1.40720082358 9.97674445976 1.20562657276e-09 0.655180449204 0.346124962117 0.999999815838 0.463629 0 0
135 20 19 1.40726941247 9.97790149168 1.52219264607e-09 0.655148243832 0.346149913815 0.999999841029 0.463025 0 0
135.1 20 19 1.40731193665 9.97914446081 1.25421619599e-09 0.655115997842 0.346174907108 0.999999845387 0.536219 0 0
135.2 20 19 1.40740084212 9.98045206491 1.18773456593e-09 0.655083754453 0.346199937362 0.999999814487 0.380815 0 0
135.3 20 19 1.40743779324 9.98169406097 1.56655949676e-09 0.655051514799 0.346224975626 0.999999847689 0.465137 0 0
135.4 20 19 1.40752443481 9.98300523347 1.43061881113e-09 0.655019242955 0.346250038898 0.999999845513 0.380765 0 0
135.5 20 19 1.40757126846 9.98468022029 1.55623470205e-09 0.654986965096 0.346275139226 0.999999839325 0.466326 0 0
135.6 20 19 1.40762671943 9.98542707386 1.38516354919e-09 0.654954682432 0.346300230051 0.999999833705 0.5364 0 0
135.7 20 19 1.40769135499 9.98667555089 1.11015657599e-09 0.654922394316 0.346325340286 0.999999838837 0.538351 0 0
135.8 20 19 1.40774138496 9.98794673777 1.55022900302e-09 0.654890098647 0.34635047756 0.999999853255 0.536336 0 0
135.9 20 19 1.40779288819 9.98914957843 1.43631147183e-09 0.654857787572 0.346375638928 0.999999835222 0.53696 0 0
136 20 19 1.40787584223 9.99042486702 9.55711339888e-10 0.654825492735 0.346400814943 0.99999985916 0.535296 0 0
136.1 20 19 1.40793788218 9.99170133091 1.44686563408e-09 0.654793189596 0.346426012005 0.999999845605 0.537616 0 0
136.2 20 19 1.40800059492 9.99327229497 1.35888833193e-09 0.654760870259 0.346451231624 0.999999828938 0.380453 0 0
136.3 20 19 1.40805636719 9.99415560644 1.52759350049e-09 0.654728550502 0.346476456593 0.999999843197 0.468431 0 0
136.4 20 19 1.4081181115 9.9953812304 1.43005949965e-09 0.654696241536 0.346501693022 0.999999845212 0.537632 0 0
136.5 20 19 1.4081784108 9.99656659114 1.48126683687e-09 0.654663944945 0.346526957518 0.999999849547 0.465695 0 0
136.6 20 19 1.40824409102 9.99789918954 1.4098532672e-09 0.654631638416 0.3465522367 0.999999825963 0.537896 0 0
136.7 20 19 1.40829890933 9.99896968683 1.29083032372e-09 0.654599363403 0.346577520416 0.999999838584 0.536039 0 0
136.8 20 19 1.40837061 10.0003090863 1.23262099006e-09 0.654567096347 0.34660282976 0.999999845324 0.464063 0 0
136.9 20 19 1.40843301187 10.0014025803 1.01578204378e-09 0.654534846886 0.346628156775 0.999999846896 0.466583 0 0
137 20 19 1.40850051258 10.0025963493 1.0746347139e-09 0.654502623693 0.346653487276 0.999999846925 0.464568 0 0
137.1 20 19 1.40855075769 10.0038746149 8.55184192756e-10 0.654470401889 0.346678824441 0.999999837705 0.46477 0 0
137.2 20 19 1.40862827374 10.0050021967 8.48011956953e-10 0.65443819399 0.346704168628 0.999999828439 0.379815 0 0
137.3 20 19 1.40866136856 10.0061919884 9.4699080098e-10 0.65440601561 0.346729537154 0.999999841741 0.464887 0 0
137.4 20 19 1.40873901008 10.0073021556 9.21282796126e-10 0.654373872671 0.346754899153 0.999999850355 0.465013 0 0
137.5 20 19 1.40880874293 10.0084682122 8.67656277577e-10 0.654341745653 0.346780275941 0.999999841451 0.536477 0 0
137.6 20 19 1.40887246398 10.0096480706 9.09978880837e-10 0.65430965952 0.346805649662 0.999999840444 0.464159 0 0
137.7 20 19 1.40893630893 10.0107940785 8.09096828616e-10 0.654277592839 0.346831017898 0.999999844532 0.53704 0 0
137.8 20 19 1.40900891901 10.0119685261 1.07680119038e-09 0.654245578071 0.346856411167 0.999999831763 0.38018 0 0
137.9 20 19 1.40907688351 10.0131021487 1.01735189258e-09 0.654213621222 0.346881795414 0.99999982916 0.382937 0 0
138 20 19 1.40908814796 10.014128995 1.50818206488e-09 0.654181678778 0.346907183834 0.999999841557 0.535519 0 0
138.1 20 19 1.40915069263 10.0152421297 1.46741493612e-09 0.654149790634 0.346932593807 0.999999853875 0.464952 0 0
138.2 20 19 1.40920739673 10.0165248705 9.81751388131e-10 0.654117930008 0.346958003359 0.999999849733 0.537109 0 0
138.3 20 19 1.40927458944 10.0176552572 1.08994632374e-09 0.654086121744 0.346983405525 0.9999998567 0.536513 0 0
138.4 20 19 1.40933708546 10.0185275373 9.41419956545e-10 0.654054383594 0.347008817502 0.999999849298 0.465831 0 0
138.5 20 19 1.40940317888 10.0198409939 1.15012741688e-09 0.654022667885 0.347034211678 0.999999858054 0.464251 0 0
138.6 20 19 1.40947487259 10.020718249 1.0346540879e-09 0.653991013155 0.347059615127 0.99999983834 0.379933 0 0
138.7 20 19 1.40952256897 10.0219329399 1.22989968842e-09 0.653959420697 0.347085012594 0.999999837061 0.462158 0 0
138.8 20 19 1.40959046329 10.0228540883 1.16764271394e-09 0.653927881922 0.347110403052 0.999999835561 0.46278 0 0
138.9 20 19 1.40965536236 10.023838391 1.22982034273e-09 0.65389637696 0.347135796489 0.999999874029 0.46339 0 0
139 20 19 1.40971021784 10.0248666523 1.11515393028e-09 0.653864915096 0.347161190769 0.999999861007 0.463662 0 0
139.1 20 19 1.4097826877 10.0258867616 1.019330773e-09 0.653833516322 0.34718657045 0.999999857058 0.461795 0 0
139.2 20 19 1.40983680311 10.0268568097 1.0597377376e-09 0.65380216136 0.34721194121 0.999999848758 0.462955 0 0
139.3 20 19 1.40990202408 10.0279970747 9.19431512723e-10 0.653770844082 0.347237309558 0.999999849739 0.535799 0 0
139.4 20 19 1.40996456289 10.0288357252 8.88388203405e-10 0.653739590922 0.347262679021 0.999999861427 0.462122 0 0
139.5 20 19 1.41003803335 10.0298909558 9.85530861747e-10 0.653708364211 0.347288043352 0.999999822413 0.379735 0 0
139.6 20 19 1.41008432975 10.0306983673 1.05576305699e-09 0.653677194321 0.347313417574 0.999999860399 0.463543 0 0
139.7 20 19 1.41014269092 10.0316227261 1.22907874545e-09 0.653646063043 0.347338770865 0.999999858372 0.462708 0 0
139.8 20 19 1.41021859799 10.0325949641 1.2811313714e-09 0.653614974009 0.347364133079 0.999999868298 0.378378 0 0
139.9 20 19 1.4102628068 10.0335086869 1.43279525709e-09 0.653583930976 0.347389471443 0.999999863488 0.46152 0 0
140 20 19 1.41032575052 10.0344113526 1.51001313905e-09 0.653552922593 0.347414797522 0.99999987488 0.463972 0 0
140.1 20 19 1.41037825441 10.0353054346 1.61963742055e-09 0.653521948674 0.347440120367 0.999999866073 0.464176 0 0
140.2 20 19 1.41044380788 10.0361865523 1.6679475405e-09 0.653490997424 0.347465432563 0.999999862426 0.463743 0 0
140.3 20 19 1.41051876023 10.0371043269 1.73651879918e-09 0.653460091446 0.347490733334 0.999999864354 0.379834 0 0
140.4 20 19 1.41056318266 10.0379403404 1.75065295469e-09 0.653429226798 0.34751600316 0.999999882031 0.465243 0 0
140.5 20 19 1.41062537309 10.0389662232 1.75146837948e-09 0.653398384384 0.347541288363 0.999999842761 0.461561 0 0
140.6 20 19 1.41067484739 10.0396147782 1.71205498841e-09 0.653367561377 0.347566548622 0.999999864382 0.462226 0 0
140.7 20 19 1.4107282192 10.0404527809 1.67532053846e-09 0.65333675621 0.347591809821 0.999999886026 0.536001 0 0
140.8 20 19 1.41079781729 10.0412954155 1.58117785974e-09 0.653305983737 0.347617081981 0.999999845798 0.37978 0 0
140.9 20 19 1.41084643033 10.0420655111 1.47569319734e-09 0.65327524518 0.347642314741 0.99999987268 0.463532 0 0
141 20 19 1.41090561263 10.0428783279 1.38917504122e-09 0.653244521999 0.347667558444 0.999999857357 0.378605 0 0
141.1 20 19 1.41095683533 10.0436412884 1.24496472983e-09 0.653213821714 0.347692784945 0.99999988596 0.463455 0 0
141.2 20 19 1.41100710475 10.0444039054 1.17883456145e-09 0.653183139374 0.347718008475 0.99999986103 0.46407 0 0
141.3 20 19 1.41105028818 10.0451311971 1.03141472974e-09 0.653152461545 0.34774321767 0.999999859286 0.462803 0 0
141.4 20 19 1.41110579915 10.0458656807 1.20924302296e-09 0.653121808926 0.347768433141 0.999999855379 0.462538 0 0
141.5 20 19 1.41116406262 10.0466308965 1.06265859677e-09 0.653091173652 0.347793624702 0.999999871108 0.464098 0 0
141.6 20 19 1.41121588612 10.0473471923 1.7350431051e-09 0.653060566046 0.347818810543 0.999999863814 0.462379 0 0
141.7 20 19 1.41126828034 10.0480546093 1.61411852408e-09 0.653029958211 0.347843997168 0.999999876029 0.463068 0 0
141.8 20 19 1.41130708538 10.0487439477 1.75181174393e-09 0.652999370034 0.347869165751 0.999999870553 0.464068 0 0
141.9 20 19 1.41135936747 10.0494466271 1.5528101502e-09 0.652968784648 0.347894333703 0.999999884801 0.541277 0 0
142 20 19 1.41141951185 10.050137307 1.22611801764e-09 0.652938219979 0.347919515031 0.999999869655 0.381652 0 0
142.1 20 19 1.41146222236 10.0507909748 1.41170311044e-09 0.652907678269 0.347944661433 0.99999987778 0.462845 0 0
142.2 20 19 1.41150970878 10.0514496615 1.28027787192e-09 0.652877149463 0.347969822792 0.999999865759 0.463847 0 0
142.3 20 19 1.41155559848 10.0523419683 1.28325621277e-09 0.652846642614 0.34799496819 0.999999853277 0.463955 0 0
142.4 20 19 1.41160374378 10.0527305822 1.24924177096e-09 0.652816138701 0.348020108488 0.99999987835 0.534563 0 0
142.5 20 19 1.41164992337 10.0533827054 1.16493511454e-09 0.652785652682 0.348045247506 0.999999834235 0.463759 0 0
142.6 20 19 1.41169202356 10.0539635924 1.1141278515e-09 0.652755180763 0.348070370537 0.999999887504 0.538654 0 0
142.7 20 20 1.41173366865 10.0551197274 1.0585542073e-09 0.652724705509 0.348095516687 0.9999998454 0.379776 0 0
142.8 20 19 1.41177767029 10.0551501632 1.01227853164e-09 0.65269427581 0.34812063634 0.99999986272 0.463052 0 0
142.9 20 19 1.41182265362 10.0557528369 9.59358724507e-10 0.652663833589 0.348145758686 0.999999873819 0.466682 0 0
143 20 19 1.41186448663 10.05637214 1.0241446034e-09 0.652633422127 0.348170880942 0.999999865039 0.463218 0 0
143.1 20 19 1.41190829212 10.0569584773 1.17794700586e-09 0.652603022533 0.348195991977 0.999999862454 0.535197 0 0
143.2 20 19 1.4119503912 10.0575055078 1.20574901129e-09 0.652572644995 0.348221102924 0.99999986921 0.467216 0 0
143.3 20 19 1.41200081676 10.0581001691 1.30779167831e-09 0.652542283563 0.348246225961 0.999999851772 0.378398 0 0
143.4 20 19 1.41202741095 10.0586519426 1.05628850546e-09 0.652511952199 0.348271329946 0.999999885652 0.462683 0 0
143.5 20 19 1.41207313077 10.0592362092 1.10867717034e-09 0.652481642212 0.348296438176 0.999999888722 0.463725 0 0
143.6 20 19 1.41211096164 10.0597876153 7.95431704059e-10 0.652451352801 0.348321557319 0.999999866727 0.464133 0 0
143.7 20 19 1.41214501069 10.0604574362 8.88179072859e-10 0.652421091747 0.3483466781 0.99999986261 0.462978 0 0
143.8 20 19 1.41218524299 10.0608743511 9.07734038213e-10 0.652390851311 0.348371787015 0.999999852912 0.466568 0 0
143.9 20 19 1.41221877995 10.0614019493 9.03058443481e-10 0.652360643372 0.348396895941 0.999999844797 0.536337 0 0
144 20 19 1.4122553709 10.0619426587 7.89365618511e-10 0.652330472599 0.348422000823 0.999999872047 0.461952 0 0
144.1 20 19 1.4122916672 10.0624581055 9.91123285098e-10 0.652300337415 0.348447111449 0.99999985671 0.461378 0 0
144.2 20 19 1.4123333209 10.063014314 8.64929128532e-10 0.652270214299 0.348472218774 0.999999883125 0.464003 0 0
144.3 20 19 1.41235669641 10.0635172364 8.44900629813e-10 0.652240139723 0.34849733907 0.999999860716 0.462802 0 0
144.4 20 19 1.41239242941 10.0640569052 9.06670697056e-10 0.652210082607 0.348522446758 0.999999870227 0.463397 0 0
144.5 20 19 1.41243245499 10.0645913643 7.90164623999e-10 0.652180049382 0.348547561707 0.999999861777 0.537953 0 0
144.6 20 19 1.41247083905 10.0651295434 9.8848237884e-10 0.65215006794 0.348572671327 0.999999886552 0.535504 0 0
144.7 20 19 1.4125067365 10.0656418216 1.0079971274e-09 0.652120105695 0.348597791 0.999999876927 0.463982 0 0
144.8 20 19 1.41252952555 10.0661548336 1.22185103048e-09 0.652090192808 0.348622914229 0.999999885665 0.465497 0 0
144.9 20 19 1.41257381539 10.066677237 1.10707873705e-09 0.652060301999 0.348648032806 0.999999877599 0.470229 0 0
145 20 19 1.41260978975 10.0672132015 8.42609250615e-10 0.652030443761 0.348673168971 0.999999852869 0.387954 0 0
145.1 20 19 1.41263001559 10.0676933697 1.02265044082e-09 0.652000614931 0.348698268386 0.999999888865 0.468433 0 0
145.2 20 19 1.41266990496 10.0681916013 9.40673591365e-10 0.651970815445 0.34872339655 0.999999864437 0.463797 0 0
145.3 20 19 1.41271212128 10.0687271678 9.38934616018e-10 0.651941051836 0.348748515384 0.999999868575 0.379514 0 0
145.4 20 19 1.41273318673 10.069407198 8.67340562162e-10 0.651911324288 0.348773633014 0.999999853881 0.463603 0 0
145.5 20 19 1.41276572371 10.0697747232 9.15016021946e-10 0.651881624356 0.348798746971 0.999999889825 0.462124 0 0
145.6 20 19 1.412792232 10.0701729774 9.07716328458e-10 0.651851947344 0.348823868191 0.999999860058 0.462019 0 0
145.7 20 19 1.4128228591 10.0707515013 9.76370689023e-10 0.651822291135 0.348848986962 0.999999867649 0.53568 0 0
145.8 20 19 1.4128492373 10.0711478167 1.01084943121e-09 0.651792674067 0.348874112477 0.999999860323 0.465174 0 0
145.9 20 19 1.41287634645 10.0716239656 1.00276529279e-09 0.65176307099 0.348899236728 0.999999858802 0.538225 0 0
146 20 19 1.4129105712 10.0721265308 8.83201442247e-10 0.651733477861 0.348924351148 0.99999987671 0.53813 0 0
146.1 20 19 1.41293464419 10.0726049517 8.6377377034e-10 0.65170392057 0.348949493492 0.99999986802 0.462508 0 0
146.2 20 19 1.4129721804 10.0731782621 9.70548049833e-10 0.651674393558 0.348974626033 0.999999858666 0.462892 0 0
146.3 20 19 1.4129949271 10.0736930802 1.08760495981e-09 0.651644886068 0.348999758056 0.99999988196 0.46393 0 0
146.4 20 19 1.41303090906 10.0741651383 1.21855123568e-09 0.651615380467 0.349024905352 0.999999870459 0.379089 0 0
146.5 20 19 1.41306107405 10.0746186567 1.30368040946e-09 0.65158587049 0.349050051588 0.999999870502 0.379129 0 0
146.6 20 19 1.41308347006 10.0750975833 1.462463358e-09 0.651556375036 0.34907520252 0.999999864278 0.463556 0 0
146.7 20 19 1.4131070774 10.0755720877 1.5093282438e-09 0.651526893557 0.349100356204 0.999999865504 0.463048 0 0
146.8 20 19 1.41313693481 10.0760381544 1.64903601309e-09 0.651497424423 0.349125516235 0.999999841893 0.378479 0 0
146.9 20 19 1.41316466234 10.0766239437 1.68089280395e-09 0.651467965638 0.349150643147 0.99999983655 0.534168 0 0
147 20 19 1.41317806678 10.0769366942 1.74274108776e-09 0.651438512752 0.349175768319 0.99999986499 0.533714 0 0
147.1 20 19 1.41321236878 10.0774300004 1.77468429624e-09 0.651409053329 0.349200906149 0.999999852271 0.535749 0 0
147.2 20 19 1.41323863896 10.0778957904 1.77041197254e-09 0.651379608508 0.349226045309 0.999999847363 0.536385 0 0
147.3 20 19 1.41326065693 10.0783867025 1.71471630525e-09 0.651350166646 0.349251171934 0.999999874535 0.536295 0 0
147.4 20 19 1.41329262107 10.0788578484 1.71664035461e-09 0.651320736657 0.349276316053 0.99999984111 0.46322 0 0
147.5 20 19 1.41332411513 10.0793499438 1.58795614222e-09 0.651291302513 0.349301455007 0.999999864668 0.463561 0 0
147.6 20 19 1.41335565101 10.0798600828 1.52880640211e-09 0.651261874965 0.349326626153 0.999999850304 0.380154 0 0
147.7 20 19 1.41336512646 10.0803090833 1.40845992317e-09 0.651232451124 0.3493517674 0.999999872798 0.535742 0 0
147.8 20 19 1.41339998811 10.080859255 1.29957868301e-09 0.651203028882 0.349376947376 0.999999855831 0.378699 0 0
147.9 20 19 1.4134316146 10.081310019 1.17190873516e-09 0.651173610422 0.349402114534 0.999999860394 0.379696 0 0
148 20 19 1.41346332018 10.0818571885 1.07043222383e-09 0.651144198973 0.349427275351 0.999999838992 0.380512 0 0
148.1 20 19 1.41347309788 10.0822752532 9.50485140234e-10 0.651114785853 0.349452412959 0.999999880705 0.536296 0 0
148.2 20 19 1.41350913408 10.0827699972 1.05298936548e-09 0.651085362643 0.349477569445 0.999999865389 0.462687 0 0
148.3 20 19 1.41353386509 10.0832511925 1.03816867172e-09 0.651055951462 0.34950270665 0.999999863747 0.463057 0 0
148.4 20 19 1.4135622061 10.0837410988 1.08388873118e-09 0.651026536047 0.349527864859 0.999999843373 0.378376 0 0
148.5 20 19 1.41358253775 10.0842450623 1.03563334147e-09 0.650997121975 0.349553001271 0.999999875029 0.537705 0 0
148.6 20 19 1.41361380098 10.0847366635 1.08318562746e-09 0.650967712853 0.34957815303 0.999999857247 0.465523 0 0
148.7 20 19 1.41363843523 10.0852152212 1.05276802798e-09 0.650938315206 0.349603281128 0.999999874926 0.464646 0 0
148.8 20 19 1.41365965633 10.0857108208 9.95856878401e-10 0.650908916596 0.349628433844 0.999999853219 0.461196 0 0
148.9 20 19 1.41368720341 10.0862338012 1.26661040723e-09 0.650879508566 0.349653561241 0.999999865538 0.535947 0 0
149 20 19 1.41370884248 10.0867183974 1.30430401181e-09 0.650850129386 0.349678693861 0.99999983609 0.462385 0 0
149.1 20 19 1.41373858203 10.0872233065 1.06970856904e-09 0.650820747013 0.349703824813 0.999999865492 0.537477 0 0
149.2 20 19 1.41376896791 10.087767153 1.14570376505e-09 0.650791382849 0.34972899041 0.999999867112 0.376995 0 0
149.3 20 19 1.41378233604 10.0882206125 8.67021713189e-10 0.6507620341 0.349754117702 0.999999843547 0.464247 0 0
149.4 20 19 1.41381679304 10.0887545886 1.03423658336e-09 0.650732683826 0.349779235976 0.999999839723 0.536336 0 0
149.5 20 19 1.41383527334 10.0893786216 8.60013838859e-10 0.65070334749 0.349804368582 0.999999837688 0.463922 0 0
149.6 20 19 1.41385628754 10.089726421 9.50514948589e-10 0.650674025848 0.349829485975 0.9999998677 0.535508 0 0
149.7 20 19 1.41388874496 10.0902646139 8.04140769934e-10 0.650644733416 0.349854610351 0.999999861136 0.462843 0 0
149.8 20 19 1.41391137665 10.0907837805 8.87790115169e-10 0.65061543758 0.349879729488 0.999999853476 0.535086 0 0
149.9 20 19 1.41393108334 10.0912733893 9.09748540947e-10 0.650586160512 0.349904843816 0.999999838822 0.5343 0 0
150 20 19 1.41395778613 10.0917858332 8.7026937531e-10 0.650556903696 0.349929956141 0.999999848569 0.539394 0 0
150.1 20 19 1.41398091288 10.0923223567 1.08701859098e-09 0.650527677139 0.349955061128 0.999999868186 0.546493 0 0
150.2 20 19 1.4140086832 10.0928432311 8.23670480588e-10 0.650498481189 0.349980175166 0.999999867632 0.465512 0 0
150.3 20 19 1.41404420397 10.0933917355 9.32482839239e-10 0.650469307661 0.350005286754 0.999999831012 0.379577 0 0
150.4 20 19 1.41406579501 10.0939236172 1.05845401572e-09 0.650440162833 0.350030386262 0.999999843106 0.535588 0 0
150.5 20 19 1.41409409621 10.0944406781 1.02558121925e-09 0.650411056104 0.350055480821 0.999999867017 0.463581 0 0
150.6 20 19 1.41411172354 10.0949680794 1.13082983516e-09 0.650381956217 0.350080579731 0.999999856293 0.463489 0 0
150.7 20 19 1.41415190703 10.0955474521 1.33581870364e-09 0.650352897772 0.350105693385 0.999999863581 0.378794 0 0
150.8 20 19 1.41417093307 10.096078735 1.31450655618e-09 0.650323864438 0.350130786047 0.999999859989 0.464845 0 0
150.9 20 19 1.41419592784 10.0967177203 1.41256605734e-09 0.650294841758 0.35015586787 0.999999833581 0.536976 0 0
151 20 19 1.41422280067 10.0971334644 1.14863863495e-09 0.650265861349 0.350180955096 0.999999855881 0.464665 0 0
151.1 20 19 1.41425198558 10.0976735392 1.16828616693e-09 0.650236935333 0.350206028885 0.999999841316 0.464065 0 0
151.2 20 19 1.41427984516 10.098229075 1.11839310068e-09 0.650208019042 0.350231099365 0.999999853411 0.464733 0 0
151.3 20 19 1.41431507269 10.0988262853 9.23961806185e-10 0.65017913368 0.350256192775 0.999999867827 0.377971 0 0
151.4 20 19 1.41431787656 10.0993497755 1.19238473904e-09 0.650150291849 0.350281265585 0.999999865058 0.463612 0 0
151.5 20 19 1.41436151579 10.0999048337 1.401511746e-09 0.650121473115 0.350306340169 0.999999859177 0.464631 0 0
151.6 20 19 1.41439394713 10.10051064 1.18547473964e-09 0.650092696398 0.350331423743 0.999999851009 0.382648 0 0
151.7 20 19 1.41441126438 10.101235814 1.46221554584e-09 0.65006393456 0.350356481667 0.999999858951 0.534029 0 0
151.8 20 19 1.41444371204 10.101633201 9.88585092062e-10 0.650035223351 0.350381578438 0.999999841814 0.38063 0 0
151.9 20 19 1.41447598731 10.1021705134 1.12475924214e-09 0.650006539876 0.350406642277 0.999999875881 0.464154 0 0
152 20 19 1.41450572833 10.1027599531 8.28708222935e-10 0.649977891828 0.350431721001 0.999999867318 0.463539 0 0
152.1 20 19 1.41452131195 10.1033246688 1.00952517388e-09 0.64994926386 0.350456788634 0.999999873133 0.463063 0 0
152.2 20 19 1.41456560005 10.1039443959 8.39346132178e-10 0.649920665828 0.350481883557 0.999999873026 0.377936 0 0
152.3 20 19 1.41459135483 10.1045838726 8.93405465472e-10 0.649892107178 0.350506966969 0.999999840055 0.463421 0 0
152.4 20 19 1.41462023013 10.1051466229 8.41383271024e-10 0.649863569171 0.350532032619 0.999999846081 0.535476 0 0
152.5 20 19 1.41465236117 10.1056237947 9.22896930141e-10 0.649835058343 0.350557099326 0.99999985117 0.53546 0 0
152.6 20 19 1.41468241519 10.106166508 7.16759254614e-10 0.649806560464 0.350582189746 0.99999984605 0.463471 0 0
152.7 20 19 1.41469488809 10.1067345131 8.49107854905e-10 0.649778094954 0.350607291647 0.999999846084 0.461425 0 0
152.8 20 19 1.41474107978 10.1073144151 8.47854226636e-10 0.649749648564 0.350632399873 0.999999840176 0.46524 0 0
152.9 20 19 1.4147736642 10.1078906291 9.52193606799e-10 0.649721233757 0.350657519114 0.9999998568 0.463479 0 0
153 20 19 1.41480419618 10.1084782748 1.04041174712e-09 0.649692832695 0.350682645377 0.999999834017 0.536108 0 0
153.1 20 19 1.41483020561 10.1091206048 1.16978619975e-09 0.649664473911 0.3507077672 0.99999983878 0.535127 0 0
153.2 20 19 1.41486971505 10.109893808 1.25999099372e-09 0.649636125844 0.350732910724 0.999999827028 0.465737 0 0
153.3 20 19 1.41490391644 10.1101165214 1.37832908616e-09 0.649607796991 0.350758067013 0.999999832979 0.462811 0 0
153.4 20 19 1.41493646748 10.1108516084 1.44837671282e-09 0.649579483565 0.350783226649 0.99999986152 0.5364 0 0
153.5 20 19 1.41497508429 10.111282122 1.56711495954e-09 0.649551203985 0.350808424043 0.999999855654 0.463087 0 0
153.6 20 19 1.41500950654 10.1118517533 1.62405100761e-09 0.649522947621 0.350833626591 0.999999863527 0.464947 0 0
153.7 20 19 1.41506005218 10.1125674813 1.67546630745e-09 0.649494689257 0.350858862997 0.999999848234 0.382611 0 0
153.8 20 19 1.41508779504 10.1130784321 1.73512007799e-09 0.649466460502 0.350884093728 0.999999844777 0.463997 0 0
153.9 20 19 1.41511335636 10.1135704505 1.73709033743e-09 0.649438248893 0.350909343305 0.999999849329 0.464949 0 0
154 20 19 1.41516182701 10.114144114 1.74116789956e-09 0.649410053429 0.350934629119 0.999999848178 0.465854 0 0
154.1 20 19 1.41520503722 10.1147202358 1.7197376755e-09 0.64938185441 0.350959913723 0.999999854143 0.537395 0 0
154.2 20 19 1.41524263439 10.1153017344 1.65596023981e-09 0.649353677672 0.350985236489 0.99999986656 0.463321 0 0
154.3 20 19 1.41527029325 10.1158861293 1.61038163502e-09 0.649325516244 0.351010599453 0.999999843166 0.379956 0 0
154.4 20 19 1.41531647038 10.116441897 1.51729647616e-09 0.649297363347 0.351035949634 0.999999840099 0.538314 0 0
154.5 20 19 1.41536688251 10.1172124886 1.41179903221e-09 0.649269218785 0.351061340992 0.999999865981 0.535756 0 0
154.6 20 19 1.41540961309 10.1176403312 1.32298900856e-09 0.649241100328 0.351086776862 0.999999821649 0.461709 0 0
154.7 20 19 1.415447209 10.1181533872 1.214794774e-09 0.649213001599 0.351112190026 0.999999857536 0.462533 0 0
154.8 20 19 1.41549806518 10.118736218 1.09450703055e-09 0.649184929911 0.351137660067 0.999999851029 0.46427 0 0
154.9 20 19 1.41554599378 10.1193167468 1.08852496435e-09 0.649156856383 0.351163148976 0.999999865795 0.535546 0 0
155 20 19 1.41557954585 10.1198591205 1.18315901576e-09 0.649128809385 0.351188678799 0.999999830536 0.464354 0 0
155.1 20 19 1.41564011594 10.1204404987 1.22680147675e-09 0.649100780601 0.351214217829 0.999999865656 0.467387 0 0
155.2 20 19 1.41568925486 10.1210186265 1.01673229409e-09 0.649072764977 0.351239809806 0.999999865585 0.462331 0 0
155.3 20 19 1.41573416233 10.1215842836 1.04322332412e-09 0.649044775199 0.351265436878 0.999999856665 0.463457 0 0
155.4 20 19 1.41577323917 10.1221465506 8.15996961584e-10 0.649016803697 0.351291095159 0.999999850777 0.461816 0 0
155.5 20 19 1.41584386284 10.1227327171 9.63001080316e-10 0.648988868056 0.351316775641 0.999999848928 0.46264 0 0
155.6 20 19 1.41589309427 10.1233708655 1.06933091947e-09 0.64896095509 0.351342492169 0.999999853403 0.46367 0 0
155.7 20 19 1.41594994287 10.1238626716 8.94882607255e-10 0.648933053277 0.351368237237 0.999999855618 0.462456 0 0
155.8 20 19 1.4159931959 10.1245033057 1.02825924093e-09 0.648905176081 0.351394022322 0.999999837932 0.462895 0 0
155.9 20 19 1.41605874564 10.1249900019 9.02665695278e-10 0.648877320079 0.351419836026 0.99999984367 0.463502 0 0
156 20 19 1.41611186801 10.1255497284 1.10821910521e-09 0.648849478518 0.351445687087 0.999999855187 0.534057 0 0
156.1 20 19 1.41617992194 10.1261826619 8.9960119772e-10 0.648821672667 0.35147160087 0.999999839233 0.381083 0 0
156.2 20 19 1.41622550513 10.1266799234 1.06985530078e-09 0.648793885523 0.351497533625 0.999999846745 0.464552 0 0
156.3 20 19 1.41627589672 10.1272328688 8.34139502311e-10 0.648766120459 0.35152350458 0.999999841542 0.462627 0 0
156.4 20 19 1.41634165047 10.1278728965 8.72867636502e-10 0.648738385784 0.351549519599 0.999999846172 0.465173 0 0
156.5 20 19 1.41640694011 10.1283890077 1.01520992063e-09 0.648710682929 0.35157556568 0.999999849551 0.379959 0 0
156.6 20 19 1.41645876551 10.1291191994 1.21488671073e-09 0.648683016406 0.351601648737 0.999999826239 0.465763 0 0
156.7 20 19 1.41651646242 10.1294923624 1.44411754061e-09 0.648655370766 0.351627757394 0.999999853051 0.535315 0 0
156.8 20 19 1.41658798653 10.1300820197 7.7946307909e-10 0.648627744081 0.35165393919 0.999999852036 0.382381 0 0
156.9 20 19 1.4166433169 10.1306394979 1.01713682837e-09 0.648600150258 0.351680138236 0.999999850112 0.534453 0 0
157 20 19 1.41670503338 10.1312033086 1.05729768193e-09 0.648572592726 0.351706364764 0.999999846732 0.463331 0 0
157.1 20 19 1.41676321847 10.131754947 7.49365302259e-10 0.648545044047 0.351732637551 0.999999842793 0.46277 0 0
157.2 20 19 1.41682724275 10.1323273448 9.86053072492e-10 0.648517531255 0.351758939367 0.999999846368 0.538834 0 0
157.3 20 19 1.41689101542 10.1329444421 8.58354692648e-10 0.648490041321 0.35178528504 0.999999836751 0.535319 0 0
157.4 20 19 1.41695021466 10.1334882413 7.24341002928e-10 0.648462575696 0.351811658285 0.999999866704 0.53445 0 0
157.5 20 19 1.41700890269 10.134070167 9.04026311311e-10 0.64843513373 0.351838092361 0.999999859782 0.462867 0 0
157.6 20 19 1.41707327604 10.1346397686 8.81647405118e-10 0.648407716775 0.35186456176 0.999999843365 0.463225 0 0
157.7 20 19 1.41713411728 10.1352250456 7.84895262211e-10 0.648380321983 0.351891063508 0.999999844702 0.535608 0 0
157.8 20 19 1.41720163004 10.1358817332 9.19807787202e-10 0.648352951048 0.351917592521 0.999999838583 0.533713 0 0
157.9 20 19 1.41725919845 10.1364281604 9.92127734913e-10 0.64832559878 0.351944158862 0.999999854021 0.536118 0 0
158 20 19 1.41731607887 10.1369521309 8.84494705985e-10 0.64829826043 0.351970776804 0.999999834221 0.464712 0 0
158.1 20 19 1.41738235994 10.1375363703 9.44714869317e-10 0.648270956025 0.351997421523 0.999999839444 0.461499 0 0
158.2 20 19 1.41744260738 10.1381417251 9.69046556183e-10 0.648243666333 0.352024101304 0.999999853674 0.46326 0 0
158.3 20 19 1.41749869691 10.1387229423 8.29964059507e-10 0.648216376883 0.352050825241 0.999999849934 0.463555 0 0
158.4 20 19 1.41756271933 10.1394760917 8.38661566651e-10 0.648189091045 0.352077601632 0.999999841497 0.381035 0 0
158.5 20 19 1.41762242479 10.1399129096 7.76207865861e-10 0.648161827136 0.352104379082 0.999999845603 0.534222 0 0
158.6 20 19 1.41768562482 10.1405122712 7.92759711773e-10 0.648134567602 0.352131215056 0.999999854571 0.462473 0 0
158.7 20 19 1.41774387356 10.1411206129 7.33942351339e-10 0.648107300374 0.352158089048 0.999999848184 0.534501 0 0
158.8 20 19 1.4178016264 10.1418427824 7.30418281414e-10 0.648080045111 0.352185004263 0.9999998484 0.464318 0 0
158.9 20 19 1.4178540508 10.1423412824 7.25525972634e-10 0.648052769238 0.352211943996 0.99999986093 0.534234 0 0
159 20 19 1.41791808676 10.143018878 7.4100588075e-10 0.648025488635 0.352238937524 0.999999839864 0.53729 0 0
159.1 20 19 1.41796973839 10.1435775721 7.12038206174e-10 0.647998228781 0.352265962263 0.999999847874 0.379744 0 0
159.2 20 19 1.41803944938 10.1444297179 7.12229177587e-10 0.647970962791 0.352293046277 0.999999824515 0.380273 0 0
159.3 20 19 1.41810269081 10.1448393187 7.83116827501e-10 0.647943686399 0.352320150155 0.999999830921 0.380735 0 0
159.4 20 19 1.41812386898 10.1456432699 8.74200594941e-10 0.647916396285 0.35234730387 0.999999802271 0.536533 0 0
159.5 20 19 1.41819560494 10.1460919041 9.68610568367e-10 0.647889097982 0.352374498339 0.999999824941 0.465779 0 0
159.6 20 19 1.41824459728 10.1466855237 1.02760733401e-09 0.647861769327 0.352401735267 0.999999821208 0.465239 0 0
159.7 20 19 1.41829770478 10.1472691054 1.15128716812e-09 0.647834429964 0.352429001633 0.999999822781 0.538321 0 0
159.8 20 19 1.41833950904 10.1478711248 1.19877493528e-09 0.647807069528 0.352456278998 0.99999985639 0.538536 0 0
159.9 20 19 1.41840109248 10.1486966278 1.27565516635e-09 0.647779678804 0.352483612716 0.999999826194 0.463964 0 0
160 20 19 1.41844514291 10.1491242884 1.35835105313e-09 0.647752280234 0.352510976507 0.999999848381 0.463418 0 0
160.1 20 19 1.41850094606 10.1499524259 1.38766124825e-09 0.647724854622 0.352538373625 0.999999821248 0.535396 0 0
160.2 20 19 1.41854306321 10.1506168248 1.4392635939e-09 0.647697415584 0.352565787903 0.999999827836 0.466385 0 0
160.3 20 19 1.4185949166 10.1513431808 1.46876951608e-09 0.64766993309 0.352593244334 0.999999843054 0.467329 0 0
160.4 20 19 1.41864212835 10.1517681386 1.45565636338e-09 0.647642435242 0.352620730678 0.999999850104 0.536323 0 0
160.5 20 19 1.41869190805 10.1523787201 1.48137889896e-09 0.647614916641 0.352648270021 0.999999841918 0.380931 0 0
160.6 20 19 1.41873425347 10.1530091299 1.40346787801e-09 0.647587364563 0.352675817184 0.999999839262 0.536366 0 0
160.7 20 19 1.41878339187 10.1536560403 1.42642042012e-09 0.647559786156 0.352703409951 0.999999841394 0.463279 0 0
160.8 20 19 1.41881560707 10.1542882661 1.28677651399e-09 0.647532181177 0.352731030251 0.999999839778 0.537772 0 0
160.9 20 19 1.41885683766 10.1549333704 1.30952439217e-09 0.647504558482 0.352758686024 0.999999837433 0.463377 0 0
161 20 19 1.41890583812 10.1555978332 1.14023704511e-09 0.64747689554 0.35278637649 0.999999842041 0.464385 0 0
161.1 20 19 1.41894223085 10.1564600894 1.12119859905e-09 0.647449205325 0.352814077944 0.999999848486 0.534607 0 0
161.2 20 19 1.41899688759 10.1569561512 9.94505655296e-10 0.647421503522 0.35284182485 0.999999848344 0.380098 0 0
161.3 20 19 1.41902222413 10.1575691583 9.84568809535e-10 0.647393780202 0.352869574928 0.999999838311 0.468621 0 0
161.4 20 19 1.41905977288 10.1582818775 1.08383787351e-09 0.647366024478 0.352897369765 0.999999847111 0.464506 0 0
161.5 20 19 1.41910932322 10.1589065179 7.67227839373e-10 0.64733824066 0.352925195306 0.999999854684 0.46405 0 0
161.6 20 19 1.41913833458 10.1595655178 8.45350729521e-10 0.647310447278 0.352953039294 0.999999852531 0.46352 0 0
161.7 20 20 1.41918006247 10.1607046591 9.39660807305e-10 0.647282626296 0.35298091248 0.999999827842 0.463744 0 0
161.8 20 19 1.41921471112 10.1608918203 8.5871361036e-10 0.647254789094 0.353008804573 0.99999986977 0.534387 0 0
161.9 20 19 1.41926513846 10.1616006769 1.0220111983e-09 0.647226924553 0.353036745185 0.999999854116 0.380146 0 0
162 20 19 1.41929224473 10.1622651458 9.08269490002e-10 0.647199054202 0.353064701753 0.999999855732 0.380577 0 0
162.1 20 19 1.41932741239 10.162897371 9.72421628946e-10 0.647171168086 0.353092650812 0.999999850735 0.53416 0 0
162.2 20 19 1.41935989861 10.163560436 9.40462361674e-10 0.647143262173 0.353120635085 0.999999849256 0.53491 0 0
162.3 20 19 1.41939073671 10.1642214432 1.04106952671e-09 0.647115354353 0.353148626019 0.999999849142 0.537214 0 0
162.4 20 19 1.4194343483 10.1649177995 7.91534919067e-10 0.647087442734 0.353176654885 0.999999844383 0.381955 0 0
162.5 20 19 1.41945845722 10.1657316965 1.04075963822e-09 0.647059518124 0.353204694264 0.999999840665 0.463434 0 0
162.6 20 19 1.41948624117 10.1662474927 7.84453569933e-10 0.647031580061 0.353232741612 0.999999853879 0.534883 0 0
162.7 20 19 1.41952990412 10.1669175196 7.96920566623e-10 0.647003649027 0.353260817391 0.999999830192 0.37988 0 0
162.8 20 19 1.41956600349 10.1675782829 1.0022703817e-09 0.646975721672 0.353288903891 0.99999982892 0.379729 0 0
162.9 20 19 1.41957721971 10.1682335552 7.35509432309e-10 0.646947788592 0.353316992014 0.999999817058 0.53657 0 0
163 20 19 1.41960921811 10.1688677811 8.35613110107e-10 0.646919858579 0.353345091394 0.999999838295 0.464109 0 0
163.1 20 19 1.41963521464 10.1696079473 8.57866839376e-10 0.646891934646 0.353373184414 0.999999841377 0.464659 0 0
163.2 20 19 1.419673269 10.1702228662 6.53326130795e-10 0.646864022753 0.353401271404 0.999999840036 0.462944 0 0
163.3 20 19 1.41969627859 10.1708149814 8.47008869925e-10 0.646836112305 0.353429365826 0.999999845142 0.464811 0 0
163.4 20 19 1.41973002486 10.1714656545 1.11549992266e-09 0.646808202049 0.353457488603 0.99999983538 0.462162 0 0
163.5 20 19 1.41975849143 10.1721284785 7.89494323635e-10 0.646780306967 0.353485606297 0.99999985219 0.463392 0 0
163.6 20 19 1.41979151643 10.1728715285 8.7380130217e-10 0.646752410989 0.353513723643 0.99999985067 0.534779 0 0
163.7 20 19 1.41981344846 10.1738833448 6.91990072632e-10 0.646724530054 0.35354183785 0.999999824583 0.464043 0 0
163.8 20 19 1.41984237819 10.1741271134 9.04774877024e-10 0.646696684248 0.3535699562 0.999999832563 0.463092 0 0
163.9 20 19 1.41987005981 10.1747504463 6.44629057428e-10 0.646668826888 0.353598068553 0.999999844769 0.466654 0 0
164 20 19 1.41990211875 10.1754884092 7.60374790326e-10 0.646640988716 0.35362615431 0.999999850341 0.538141 0 0
164.1 20 19 1.41991771434 10.176093566 6.67101816043e-10 0.646613188864 0.353654239941 0.999999853889 0.4644 0 0
164.2 20 19 1.41995397477 10.1767125123 7.57769846747e-10 0.646585385162 0.353682337394 0.999999837541 0.535393 0 0
164.3 20 19 1.41998804975 10.1773766245 6.64015854654e-10 0.64655761579 0.353710415815 0.999999855399 0.463183 0 0
164.4 20 19 1.42001803811 10.1780383211 8.47192317803e-10 0.646529853683 0.353738484277 0.999999843688 0.462905 0 0
164.5 20 19 1.42004112609 10.1787448661 6.91255844254e-10 0.64650210654 0.353766541398 0.999999849226 0.536798 0 0
164.6 20 19 1.42007047968 10.1793362134 8.58374364092e-10 0.646474380282 0.353794601907 0.999999854317 0.464267 0 0
164.7 20 19 1.42010566393 10.1800092429 6.17737433261e-10 0.646446660879 0.353822651027 0.999999872287 0.53682 0 0
164.8 20 19 1.42012841583 10.1806560019 7.92667421928e-10 0.646418977361 0.353850686996 0.999999844214 0.463216 0 0
164.9 20 19 1.42016041999 10.1813128418 5.89927440231e-10 0.646391310128 0.353878709001 0.999999863687 0.536281 0 0
165 20 19 1.42019905405 10.1819794989 6.97792651099e-10 0.646363670897 0.353906723397 0.999999840787 0.378447 0 0
165.1 20 19 1.42022423226 10.1826108725 5.88715298733e-10 0.646336054616 0.35393469951 0.999999859688 0.535372 0 0
165.2 20 19 1.42027223745 10.183254734 5.86636961231e-10 0.646308476209 0.353962666428 0.999999843094 0.463097 0 0
165.3 20 20 1.42032274585 10.1844145464 7.11625855955e-10 0.646280927806 0.353990627591 0.999999826441 0.378037 0 0
165.4 20 19 1.42035379262 10.1845311381 5.77651038114e-10 0.64625339374 0.35401855613 0.99999986808 0.465658 0 0
165.5 20 19 1.42039572559 10.1851749453 7.0721134419e-10 0.646225866354 0.354046475854 0.999999860769 0.4664 0 0
165.6 20 19 1.42044851806 10.1858768487 5.72279907943e-10 0.64619836135 0.354074393028 0.999999839806 0.380687 0 0
165.7 20 19 1.42046106706 10.1864672007 6.50688532911e-10 0.646170891153 0.354102264182 0.999999848535 0.464055 0 0
165.8 20 19 1.4205129058 10.1872816754 6.80654525302e-10 0.64614345674 0.35413011059 0.999999854184 0.46594 0 0
165.9 20 19 1.4205595072 10.1877036687 7.44628525269e-10 0.64611603962 0.354157950622 0.999999846105 0.462988 0 0
166 20 19 1.42059308028 10.188650089 7.9489555885e-10 0.646088640567 0.354185757994 0.999999847292 0.46639 0 0
166.1 20 19 1.42064047291 10.1889760933 8.43853391407e-10 0.646061272648 0.354213536739 0.9999998613 0.463653 0 0
166.2 20 20 1.42067895626 10.1898315093 8.99356645423e-10 0.646033934056 0.354241307064 0.999999849157 0.463151 0 0
166.3 20 19 1.42071694868 10.1902365473 9.29625566135e-10 0.646006619285 0.354269031841 0.999999838888 0.463586 0 0
166.4 20 19 1.42075689941 10.1908232731 9.77461573949e-10 0.645979334488 0.354296738206 0.999999850586 0.536269 0 0
166.5 20 19 1.4207963531 10.1914607951 1.00878230703e-09 0.645952069381 0.354324433752 0.999999854399 0.463034 0 0
166.6 20 19 1.42083257645 10.1921998444 1.02393075116e-09 0.645924831119 0.354352093678 0.999999862621 0.534454 0 0
166.7 20 19 1.4208838382 10.1927198547 1.04760715909e-09 0.64589762129 0.354379742673 0.999999834608 0.38206 0 0
166.8 20 19 1.42091227002 10.193270063 1.04067847346e-09 0.645870467684 0.354407334897 0.99999983425 0.464907 0 0
166.9 20 19 1.42094927518 10.1938952701 1.07153899143e-09 0.645843330978 0.354434916758 0.999999867056 0.535128 0 0
167 20 19 1.42099079276 10.1945069534 1.01190145014e-09 0.64581621519 0.354462481805 0.999999854627 0.462325 0 0
167.1 20 19 1.4210262375 10.1950745956 1.040326449e-09 0.645789133835 0.354490009174 0.999999846967 0.46302 0 0
167.2 20 19 1.42106710609 10.1956944155 9.73218239992e-10 0.645762092126 0.354517514028 0.999999857045 0.379098 0 0
167.3 20 19 1.42110016714 10.1963836475 9.80932849729e-10 0.645735076637 0.354544982621 0.99999985333 0.537553 0 0
167.4 20 19 1.42114342338 10.1968619004 8.92303242019e-10 0.64570810538 0.354572430118 0.999999837195 0.463792 0 0
167.5 20 19 1.42117777189 10.1974625301 8.94324726443e-10 0.645681181277 0.354599848464 0.999999877611 0.463365 0 0
167.6 20 19 1.4212312775 10.1980693741 8.19964701613e-10 0.645654263567 0.354627261619 0.99999984632 0.377592 0 0
167.7 20 19 1.42125351314 10.1985886371 7.80034702733e-10 0.645627402959 0.354654619647 0.99999985661 0.463734 0 0
167.8 20 19 1.42128428612 10.1991661967 7.25919100659e-10 0.645600575636 0.354681951684 0.999999859258 0.536782 0 0
167.9 20 19 1.42133343002 10.1997474061 6.85758796642e-10 0.645573784968 0.354709265277 0.999999848345 0.534645 0 0
168 20 19 1.4213896737 10.2003139799 6.79284454944e-10 0.645547043737 0.354736540658 0.999999854341 0.534922 0 0
168.1 20 19 1.42143104225 10.200871556 8.72300969627e-10 0.645520346529 0.35476379067 0.999999862669 0.463372 0 0
168.2 20 19 1.42148405619 10.2017784076 6.53570544865e-10 0.645493689437 0.354791012931 0.99999985733 0.535697 0 0
168.3 20 19 1.42153162927 10.2019735991 7.80579864333e-10 0.645467075026 0.354818209613 0.999999838783 0.465435 0 0
168.4 20 19 1.42157585584 10.2025124009 7.74940855658e-10 0.645440502335 0.354845365098 0.999999859832 0.535834 0 0
168.5 20 19 1.42162024116 10.2030207644 7.2215075621e-10 0.645413977454 0.354872504261 0.999999840575 0.535088 0 0
168.6 20 19 1.42167638702 10.203568731 8.24580266217e-10 0.645387500783 0.354899615232 0.999999858111 0.463841 0 0
168.7 20 19 1.42172724563 10.2040895754 9.78666651786e-10 0.645361070736 0.354926702551 0.999999842166 0.464675 0 0
168.8 20 19 1.42175831922 10.2045954988 1.09205514264e-09 0.645334699026 0.354953772329 0.9999998555 0.464344 0 0
168.9 20 19 1.42179317527 10.2050960727 9.66594272605e-10 0.645308362388 0.35498080896 0.999999861088 0.465869 0 0
169 20 19 1.42186674071 10.2056423208 1.11046730806e-09 0.645282073958 0.35500781647 0.999999855233 0.536832 0 0
169.1 20 19 1.42191008456 10.2061619811 6.27907936325e-10 0.645255833352 0.355034796082 0.999999856979 0.536254 0 0
169.2 20 19 1.42194900322 10.2066296419 8.09858474486e-10 0.645229652841 0.355061759664 0.99999986404 0.466595 0 0
169.3 20 19 1.42199306442 10.207118192 5.66029327941e-10 0.645203521573 0.3550886903 0.999999848869 0.462604 0 0
169.4 20 19 1.42205670771 10.2076355325 6.82636282586e-10 0.645177441556 0.355115592076 0.999999848422 0.466132 0 0
169.5 20 19 1.42209039408 10.2080824031 6.35746547102e-10 0.645151404463 0.355142465656 0.999999849116 0.534615 0 0
169.6 20 19 1.42215788679 10.208584218 8.5317392879e-10 0.645125418695 0.355169326411 0.999999843142 0.382394 0 0
169.7 20 19 1.42217835015 10.2090214383 7.51971929451e-10 0.645099509471 0.355196137753 0.999999869969 0.464229 0 0
169.8 20 19 1.42224693014 10.2095123822 9.76770035159e-10 0.645073632284 0.355222946598 0.999999863286 0.461152 0 0
169.9 20 19 1.42226525643 10.2099218716 7.93084019877e-10 0.64504779861 0.355249718274 0.999999835216 0.463066 0 0
170 20 19 1.42231679504 10.2103770214 9.98834522994e-10 0.645022038126 0.355276469796 0.999999859266 0.462618 0 0
170.1 20 19 1.42235181676 10.2108627329 5.02204452404e-10 0.64499630989 0.355303208252 0.999999838873 0.535185 0 0
170.2 20 19 1.42240486339 10.2113357397 8.37042619847e-10 0.644970641293 0.355329904395 0.999999849014 0.463817 0 0
170.3 20 19 1.42244805531 10.2116750257 6.54541135937e-10 0.644945013757 0.355356582132 0.999999866916 0.535419 0 0
170.4 20 19 1.42250140301 10.2121095221 7.49120170588e-10 0.644919431978 0.355383253236 0.99999986285 0.463363 0 0
170.5 20 19 1.42252324449 10.2125055208 7.92927065369e-10 0.644893897568 0.355409903157 0.999999859609 0.463558 0 0
170.6 20 19 1.42257894387 10.2129092294 6.49396269266e-10 0.644868394662 0.355436537663 0.999999846205 0.538604 0 0
170.7 20 19 1.42261425203 10.2133225642 9.26327619912e-10 0.644842944526 0.355463160414 0.999999849184 0.463733 0 0
170.8 20 19 1.42266149727 10.2137240803 6.62995149663e-10 0.644817506203 0.355489749921 0.999999860188 0.464038 0 0
170.9 20 19 1.42269520661 10.2141047003 9.03971418434e-10 0.644792112439 0.35551632793 0.99999984235 0.537186 0 0
171 20 19 1.42275004369 10.2145244023 6.09495232062e-10 0.644766745978 0.355542925115 0.999999830651 0.379956 0 0
171.1 20 19 1.42275601677 10.2148480585 8.5831509165e-10 0.64474143194 0.355569459574 0.999999858371 0.463288 0 0
171.2 20 19 1.42279297919 10.215227037 6.34042374159e-10 0.644716120733 0.355596001235 0.999999846577 0.535318 0 0
171.3 20 19 1.42281716391 10.2155864863 6.64952973533e-10 0.644690865952 0.355622550646 0.999999859588 0.465203 0 0
171.4 20 19 1.42286117274 10.2159660035 6.56518950315e-10 0.644665628411 0.355649071945 0.99999987464 0.463739 0 0
171.5 20 19 1.42287824283 10.2163094871 7.47650804449e-10 0.644640395602 0.355675600687 0.99999985232 0.463529 0 0
171.6 20 19 1.42292112682 10.2166725811 7.1935723861e-10 0.644615190041 0.355702118 0.9999998632 0.536023 0 0
171.7 20 19 1.42294009178 10.2170055942 6.96151913893e-10 0.644590001747 0.355728636801 0.999999863969 0.464998 0 0
171.8 20 19 1.42297602295 10.2174383919 7.03186064932e-10 0.644564812356 0.355755166284 0.999999855321 0.464528 0 0
171.9 20 19 1.42300139151 10.2176847548 7.29503457642e-10 0.644539638421 0.355781669692 0.999999859766 0.536222 0 0
172 20 19 1.42302822923 10.2180101352 7.11687042632e-10 0.644514480314 0.355808187151 0.999999848094 0.462472 0 0
172.1 20 19 1.42305335427 10.2183313054 7.59837526232e-10 0.644489333822 0.355834690822 0.999999867062 0.46388 0 0
172.2 20 19 1.42307684294 10.2186541662 7.42100714213e-10 0.644464160705 0.355861212535 0.999999863052 0.466378 0 0
172.3 20 19 1.42309629834 10.2189357025 7.50431050633e-10 0.644438988319 0.355887728086 0.999999840094 0.536604 0 0
172.4 20 19 1.42313891378 10.2192532595 7.73809460952e-10 0.644413811198 0.355914271045 0.999999849838 0.46431 0 0
172.5 20 19 1.42315511952 10.2195447498 7.54021400873e-10 0.64438864943 0.355940800514 0.999999851965 0.463551 0 0
172.6 20 19 1.42317141193 10.2198315934 7.75918884699e-10 0.644363464788 0.355967345052 0.999999860202 0.535313 0 0
172.7 20 19 1.42319174402 10.2201471573 7.611610231e-10 0.644338279611 0.35599390501 0.999999851674 0.462572 0 0
172.8 20 19 1.42321569003 10.2206528793 7.5927519827e-10 0.644313076418 0.356020497163 0.99999985658 0.380892 0 0
172.9 20 19 1.42322475798 10.2206892943 7.66209617498e-10 0.64428785878 0.356047075907 0.999999864012 0.463398 0 0
173 20 19 1.4232482289 10.2209732515 8.19185628556e-10 0.644262626485 0.356073667455 0.999999867654 0.462452 0 0
173.1 20 19 1.42325996078 10.22124813 9.02250182696e-10 0.644237372236 0.35610028346 0.999999865745 0.465838 0 0
173.2 20 19 1.42328813231 10.2215341096 8.47213943805e-10 0.644212095707 0.356126924601 0.999999868028 0.463114 0 0
173.3 20 19 1.42330533478 10.2218066604 8.75033739184e-10 0.644186776644 0.356153587954 0.999999868685 0.462659 0 0
173.4 20 19 1.42331763298 10.2220728784 8.42244604371e-10 0.644161435252 0.356180271716 0.999999860998 0.535968 0 0
173.5 20 19 1.423315678 10.2223137379 9.01778437608e-10 0.644136069413 0.356206971935 0.99999986819 0.461882 0 0
173.6 20 19 1.42332648065 10.2225743674 8.44606795653e-10 0.644110677888 0.356233706281 0.999999866416 0.469431 0 0
173.7 20 19 1.42335479795 10.2228337881 8.84435964915e-10 0.644085262726 0.356260466048 0.999999859033 0.462906 0 0
173.8 20 19 1.42336158937 10.223081587 8.46108325218e-10 0.644059807468 0.356287255551 0.999999864325 0.535652 0 0
173.9 20 19 1.42337668312 10.223331015 8.30338340064e-10 0.644034320841 0.356314069758 0.999999852434 0.535812 0 0
174 20 19 1.42338222179 10.2235584393 8.32304270375e-10 0.644008799774 0.35634091482 0.999999857496 0.463269 0 0
174.1 20 19 1.42338359337 10.2237828447 7.74616325726e-10 0.643983241988 0.356367789817 0.99999986168 0.463978 0 0
174.2 20 19 1.42340071902 10.2240332835 7.8610707725e-10 0.643957650213 0.356394697874 0.999999835579 0.382412 0 0
174.3 20 19 1.42338679459 10.2242274233 7.20387655994e-10 0.643932034601 0.356421630466 0.999999855515 0.537742 0 0
174.4 20 19 1.42340827216 10.2244640802 7.03780528288e-10 0.643906367425 0.356448591567 0.999999849993 0.536001 0 0
174.5 20 19 1.4234266818 10.2247186968 6.90394075242e-10 0.643880677421 0.356475589107 0.999999869908 0.464836 0 0
174.6 20 19 1.42346012247 10.2249829625 7.65738439986e-10 0.643854928335 0.356502634802 0.999999853587 0.379526 0 0
174.7 20 19 1.42342880805 10.2251469388 6.47497722106e-10 0.643829166418 0.356529696225 0.999999854184 0.463843 0 0
174.8 20 19 1.42343657974 10.225390734 7.52156744737e-10 0.643803346489 0.356556797582 0.999999878545 0.46512 0 0
174.9 20 19 1.42346917804 10.2256477363 5.35916106352e-10 0.643777478225 0.356583959242 0.999999838623 0.381264 0 0
175 20 19 1.4234427009 10.2258324737 7.80135185904e-10 0.643751584256 0.356611128115 0.999999863031 0.535752 0 0
175.1 20 19 1.42344763432 10.226060562 7.56759416102e-10 0.643725640043 0.356638344311 0.999999870392 0.463455 0 0
175.2 20 19 1.42344011923 10.2262609721 6.02996294149e-10 0.64369964926 0.35666560314 0.999999846304 0.5383 0 0
175.3 20 19 1.42346621504 10.2265045259 9.00963299171e-10 0.643673640072 0.356692892173 0.999999860759 0.462437 0 0
175.4 20 19 1.42346101223 10.226720587 6.9916447387e-10 0.643647584647 0.356720210231 0.999999850703 0.462769 0 0
175.5 20 19 1.42347258202 10.2269351939 5.7838397303e-10 0.64362147417 0.356747576706 0.999999850329 0.537974 0 0
175.6 20 19 1.42346360167 10.2271503418 8.65854759557e-10 0.643595318981 0.356774980458 0.999999853976 0.537019 0 0
175.7 20 19 1.42347268588 10.2273782445 5.76182277601e-10 0.643569131531 0.356802424682 0.999999861415 0.46501 0 0
175.8 20 19 1.42348213706 10.2276029118 7.75757040151e-10 0.643542899773 0.356829908458 0.999999857856 0.537148 0 0
175.9 20 19 1.42348311796 10.2278192434 6.06698886124e-10 0.643516620307 0.35685743474 0.999999838134 0.379945 0 0
176 20 19 1.42349714082 10.2280600807 7.63241254715e-10 0.643490309205 0.356884988617 0.999999870722 0.463585 0 0
176.1 20 19 1.42350221022 10.2282934812 6.07361824693e-10 0.643463950613 0.356912583936 0.999999864014 0.463485 0 0
176.2 20 19 1.42353033844 10.2287135302 7.21163194075e-10 0.643437546514 0.356940223383 0.999999826959 0.379396 0 0
176.3 20 19 1.42350210262 10.228723669 5.70705704916e-10 0.643411111468 0.356967885479 0.999999864642 0.535789 0 0
176.4 20 19 1.42351393705 10.2289743916 8.07365389859e-10 0.643384622176 0.356995592901 0.999999877849 0.534944 0 0
176.5 20 19 1.42351958022 10.2292124369 6.12611804945e-10 0.643358091765 0.357023342013 0.999999861993 0.464478 0 0
176.6 20 19 1.42352040482 10.2294503612 8.09793120307e-10 0.643331524657 0.357051121338 0.999999869025 0.462212 0 0
176.7 20 19 1.42351645763 10.2296683834 6.57390237501e-10 0.643304901151 0.357078940554 0.999999839544 0.535071 0 0
176.8 20 19 1.42352869216 10.2299100465 6.95706105656e-10 0.64327824274 0.357106786864 0.999999845067 0.537825 0 0
176.9 20 19 1.42351595831 10.2301244042 9.82515601122e-10 0.64325153157 0.357134670389 0.999999845141 0.534331 0 0
177 20 19 1.4235418539 10.2303773211 6.49279408016e-10 0.643224786656 0.357162595596 0.999999841348 0.535705 0 0
177.1 20 19 1.42353316689 10.2306138626 9.31572279022e-10 0.643197997442 0.357190545758 0.999999857049 0.535115 0 0
177.2 20 19 1.42354705902 10.2308652693 6.98321844794e-10 0.643171159731 0.357218525523 0.99999985174 0.464862 0 0
177.3 20 19 1.42355219596 10.2311190797 7.29884375161e-10 0.643144278778 0.357246533548 0.999999862474 0.464129 0 0
177.4 20 19 1.42355804259 10.2313800305 7.7899634273e-10 0.643117343191 0.357274579797 0.999999859127 0.535519 0 0
177.5 20 19 1.42357011241 10.2317331416 7.68589414335e-10 0.643090353432 0.35730268088 0.99999986204 0.380368 0 0
177.6 20 19 1.42359187838 10.2319372903 7.94745269594e-10 0.643063331688 0.357330782507 0.999999865329 0.465447 0 0
177.7 20 19 1.42363057409 10.2326252452 8.05442490481e-10 0.643036254134 0.357358928494 0.999999836146 0.379529 0 0
177.8 20 19 1.42363545791 10.2327802396 8.90684254231e-10 0.643009132142 0.357387086269 0.999999835218 0.462979 0 0
177.9 20 19 1.42362935791 10.2327493917 8.46953285283e-10 0.642981982014 0.357415278545 0.999999859042 0.461727 0 0
178 20 19 1.42365300875 10.2330714504 9.32150347716e-10 0.642954763547 0.357443490284 0.99999984009 0.534792 0 0
178.1 20 19 1.42367499437 10.2332838166 8.80258088642e-10 0.642927498701 0.357471721848 0.999999839725 0.536096 0 0
178.2 20 19 1.42370743611 10.233567116 8.73651595512e-10 0.642900188123 0.357499989583 0.999999856297 0.534417 0 0
178.3 20 19 1.42373617008 10.2339934637 8.90595042158e-10 0.642872828262 0.357528276183 0.999999854956 0.464909 0 0
178.4 20 19 1.42376019644 10.2343643709 8.9107876633e-10 0.642845420051 0.357556577748 0.999999860614 0.464067 0 0
178.5 20 19 1.42379445582 10.2345007011 8.93152773962e-10 0.642817979849 0.357584910796 0.999999869624 0.463841 0 0
178.6 20 19 1.42382314323 10.2347868951 9.05470365353e-10 0.642790489957 0.357613263449 0.999999851665 0.46214 0 0
178.7 20 19 1.42385236185 10.2350894262 8.84117445921e-10 0.642762948508 0.357641643333 0.999999848932 0.464606 0 0
178.8 20 19 1.42388211868 10.2354232923 8.92137141939e-10 0.642735354045 0.357670044058 0.999999856361 0.463253 0 0
178.9 20 19 1.42391323378 10.2357491675 8.84305739746e-10 0.642707721168 0.357698448765 0.999999859861 0.535307 0 0
179 20 19 1.42394583796 10.2360822166 8.65071125844e-10 0.642680044442 0.357726872133 0.99999986597 0.464074 0 0
179.1 20 19 1.42397585587 10.2364122428 8.61369753302e-10 0.642652323117 0.357755311742 0.999999856268 0.535616 0 0
179.2 20 19 1.42401157822 10.2368062887 8.40174374517e-10 0.642624583845 0.357783771741 0.999999847725 0.465152 0 0
179.3 20 19 1.42404667689 10.2370950391 8.1839646171e-10 0.642596786177 0.357812230357 0.999999865191 0.539435 0 0
179.4 20 19 1.42407878862 10.2374472341 8.13343059569e-10 0.642568950728 0.35784071144 0.999999850177 0.535113 0 0
179.5 20 19 1.42411531785 10.2377923396 7.64370455819e-10 0.642541089116 0.35786919256 0.999999869616 0.534978 0 0
179.6 20 19 1.42415259157 10.2381596771 7.68568209075e-10 0.642513188849 0.357897689762 0.999999868717 0.534077 0 0
179.7 20 19 1.42418726553 10.2385211281 7.25644655475e-10 0.642485272927 0.357926198743 0.999999851544 0.461999 0 0
179.8 20 19 1.42422635081 10.2388886117 6.9379291201e-10 0.642457339404 0.357954716991 0.999999870389 0.4631 0 0
179.9 20 19 1.42426457381 10.2392860624 6.9326366941e-10 0.642429367828 0.357983231084 0.999999865721 0.462897 0 0
180 20 19 1.42430370838 10.2396557569 6.99384691278e-10 0.642401377058 0.358011756759 0.999999851523 0.462975 0 0
180.1 20 19 1.42434362883 10.2400439151 6.97591826686e-10 0.642373361403 0.358040290162 0.999999863779 0.464152 0 0
180.2 20 19 1.42439811169 10.2404622821 8.0843110576e-10 0.642345328688 0.358068830456 0.999999848493 0.382132 0 0
180.3 20 19 1.42442470346 10.2408278234 6.77758796377e-10 0.64231728979 0.358097355471 0.999999846795 0.536953 0 0
180.4 20 19 1.4244709027 10.2413665812 7.0540723318e-10 0.642289234131 0.35812587245 0.999999851104 0.538532 0 0
180.5 20 19 1.42451354497 10.2416513335 7.16903203468e-10 0.642261173542 0.358154393921 0.999999857489 0.536645 0 0
180.6 20 19 1.42455768396 10.2421029491 8.69373764979e-10 0.642233108268 0.358182906487 0.999999864362 0.465516 0 0
180.7 20 19 1.42459954492 10.2424754853 7.21916526558e-10 0.642205020274 0.358211426595 0.999999848518 0.533937 0 0
180.8 20 19 1.42464800201 10.2429994118 9.12802458804e-10 0.642176943532 0.358239933379 0.99999984539 0.536558 0 0
180.9 20 19 1.424692518 10.2433299461 5.95680795807e-10 0.642148874092 0.358268444513 0.999999855591 0.536604 0 0
181 20 19 1.42473983227 10.2437819184 7.75063364745e-10 0.642120807638 0.358296943979 0.999999866555 0.535934 0 0
181.1 20 19 1.42478792566 10.2442198701 7.48967680289e-10 0.642092738653 0.358325434561 0.999999855024 0.536499 0 0
181.2 20 19 1.42483510797 10.244705224 6.59225655002e-10 0.642064689481 0.358353924959 0.999999849405 0.381636 0 0
181.3 20 19 1.42488452758 10.2451493217 5.84255697439e-10 0.642036674743 0.358382396075 0.999999854245 0.463221 0 0
181.4 20 19 1.42494361826 10.2457055286 7.59493193238e-10 0.642008667831 0.358410877779 0.999999836675 0.380001 0 0
181.5 20 19 1.42497510301 10.2460902433 6.87260604039e-10 0.641980694563 0.35843932878 0.999999861949 0.463002 0 0
181.6 20 19 1.42503222883 10.246553893 6.72174699725e-10 0.64195273525 0.358467760903 0.99999985989 0.538279 0 0
181.7 20 19 1.42510389895 10.2470842213 7.86556001789e-10 0.641924795103 0.358496204987 0.999999843923 0.380528 0 0
181.8 20 19 1.42513816427 10.2475215691 7.30251280789e-10 0.641896885682 0.358524611425 0.999999849064 0.538586 0 0
181.9 20 19 1.42519021175 10.2480413536 8.04370234854e-10 0.64186901954 0.358552989533 0.99999986974 0.537664 0 0
182 20 19 1.42524025117 10.2485313757 5.91780828604e-10 0.641841162837 0.358581374843 0.999999849674 0.536553 0 0
182.1 20 19 1.42531129155 10.2490587052 8.74067557538e-10 0.64181335845 0.358609746536 0.999999828242 0.381302 0 0
182.2 20 19 1.42534241875 10.2495422665 5.16838656464e-10 0.641785606746 0.358638085795 0.999999848783 0.535421 0 0
182.3 20 19 1.42540136216 10.250064391 6.67148921063e-10 0.641757887598 0.358666425917 0.999999854053 0.462915 0 0
182.4 20 19 1.42545984578 10.2505944695 7.40101907841e-10 0.641730208373 0.358694725825 0.999999861148 0.535246 0 0
182.5 20 19 1.42550812918 10.251101928 5.95678466446e-10 0.641702573325 0.358723015904 0.999999844759 0.463175 0 0
182.6 20 19 1.42557316848 10.2516565201 8.87357351226e-10 0.641674988239 0.35875128341 0.999999864576 0.463622 0 0
182.7 20 19 1.42562805596 10.2522381216 6.64834885489e-10 0.64164744875 0.358779547745 0.999999835191 0.466058 0 0
182.8 20 19 1.42568457972 10.2527253945 9.40181677979e-10 0.64161995655 0.358807791528 0.99999982854 0.464365 0 0
182.9 20 19 1.42574246626 10.2532722862 5.1703039791e-10 0.641592500061 0.358836020479 0.999999862224 0.46149 0 0
183 20 19 1.42581781952 10.2540185566 6.84650331433e-10 0.64156509494 0.3588642451 0.999999821815 0.379516 0 0
183.1 20 19 1.42585693934 10.2543595604 7.56925572133e-10 0.641537753995 0.358892439173 0.999999850882 0.464159 0 0
183.2 20 19 1.42590434298 10.2549327145 5.84735111861e-10 0.641510436541 0.358920606621 0.999999869692 0.534654 0 0
183.3 20 19 1.42597758406 10.2555269145 8.46714545269e-10 0.64148316774 0.358948768082 0.999999861765 0.535728 0 0
183.4 20 19 1.42603812916 10.2561318506 6.62409388236e-10 0.641455969536 0.358976910773 0.999999874989 0.463367 0 0
183.5 20 19 1.42609750581 10.2567129218 6.39320041029e-10 0.64142880429 0.35900504188 0.999999861204 0.465561 0 0
183.6 20 19 1.42615824955 10.2573122001 9.53376185079e-10 0.641401701577 0.35903315213 0.999999858367 0.463093 0 0
183.7 20 19 1.42621942313 10.2579129592 7.54045069549e-10 0.641374652683 0.359061245711 0.999999865431 0.46396 0 0
183.8 20 19 1.42627695694 10.2585867361 1.02963959406e-09 0.641347638605 0.359089326135 0.999999849097 0.464437 0 0
183.9 20 19 1.42633889419 10.2591129474 6.63888931643e-10 0.641320678751 0.359117386455 0.999999863213 0.463861 0 0
184 20 19 1.42640142676 10.2597317972 1.03864980608e-09 0.641293761584 0.359145429704 0.99999985349 0.463517 0 0
184.1 20 19 1.42646549906 10.2603469708 6.78670897258e-10 0.641266875638 0.359173471785 0.999999859541 0.464387 0 0
184.2 20 19 1.42652618028 10.2609636401 7.42866903436e-10 0.641240040298 0.359201481343 0.999999857035 0.539784 0 0
184.3 20 19 1.4265868395 10.2615680219 7.95034024632e-10 0.641213243838 0.359229493731 0.999999847367 0.464554 0 0
184.4 20 19 1.42664983214 10.262224159 7.3191386285e-10 0.641186502021 0.359257501536 0.999999858907 0.462969 0 0
184.5 20 19 1.42671167686 10.2628497965 7.23215376475e-10 0.641159806487 0.359285495022 0.999999852339 0.463169 0 0
184.6 20 19 1.42677210649 10.2634911488 7.88607151345e-10 0.641133131704 0.359313461813 0.999999859493 0.536186 0 0
184.7 20 19 1.4268343928 10.2641358854 7.3525396882e-10 0.641106498855 0.359341429379 0.999999849336 0.464419 0 0
184.8 20 19 1.42689315903 10.2647550876 9.07591509174e-10 0.641079897156 0.359369382477 0.999999854901 0.536144 0 0
184.9 20 19 1.42696018457 10.2654368805 7.39771022218e-10 0.641053346782 0.359397332978 0.999999873049 0.463364 0 0
185 20 19 1.42702255749 10.2660845876 7.49741158046e-10 0.641026824708 0.359425287744 0.999999856992 0.46508 0 0
185.1 20 19 1.42708329261 10.266761568 7.38472394346e-10 0.641000326214 0.359453235588 0.999999845473 0.535438 0 0
185.2 20 19 1.4271465307 10.2674330006 7.2129024975e-10 0.640973874702 0.359481189011 0.999999853456 0.464075 0 0
185.3 20 19 1.42722567348 10.2682867337 7.34290961368e-10 0.640947440654 0.359509148646 0.999999822559 0.380743 0 0
185.4 20 19 1.42729104438 10.2690248334 7.35883458155e-10 0.640921054422 0.3595371014 0.999999843111 0.382106 0 0
185.5 20 19 1.42732922799 10.2693884506 7.09465153292e-10 0.640894680341 0.359565045404 0.999999844787 0.535605 0 0
185.6 20 19 1.42738894607 10.2700744441 6.60868804125e-10 0.64086834092 0.359592982966 0.999999867637 0.464576 0 0
185.7 20 19 1.42745316795 10.2707477808 6.76869338356e-10 0.640841999003 0.359620948918 0.9999998483 0.463492 0 0
185.8 20 19 1.42751267749 10.2714568076 7.59233869897e-10 0.640815692333 0.359648897577 0.999999860563 0.53623 0 0
185.9 20 19 1.42757563769 10.2721614882 6.9699170887e-10 0.640789407683 0.359676864829 0.99999986098 0.464077 0 0
186 20 19 1.42763252375 10.2728459211 6.90337820502e-10 0.640763132005 0.359704842904 0.999999867423 0.534874 0 0
186.1 20 19 1.42770037456 10.2736135648 8.45664983733e-10 0.640736858159 0.359732839401 0.999999855057 0.462103 0 0
186.2 20 19 1.42775761903 10.2742007548 6.17825382692e-10 0.640710609165 0.359760827667 0.99999985414 0.462431 0 0
186.3 20 19 1.42782296916 10.2748960763 8.85451765397e-10 0.640684381158 0.359788839762 0.999999870315 0.463876 0 0
186.4 20 19 1.4278845108 10.2755909419 5.68633198158e-10 0.640658161558 0.359816873903 0.999999863327 0.462683 0 0
186.5 20 19 1.42794353823 10.2762775048 8.9257687248e-10 0.640631953326 0.359844913474 0.999999852162 0.461664 0 0
186.6 20 19 1.42800145283 10.2769856637 6.19366798267e-10 0.640605761028 0.359872981467 0.99999986557 0.463911 0 0
186.7 20 19 1.42806651753 10.2776754847 8.22108424106e-10 0.640579566551 0.359901072123 0.999999857723 0.463185 0 0
186.8 20 19 1.42812670059 10.2783793864 6.99828391685e-10 0.640553386296 0.359929165882 0.999999865891 0.536532 0 0
186.9 20 19 1.42818455201 10.2791448144 7.67803036184e-10 0.640527209209 0.359957285709 0.99999984436 0.534803 0 0
187 20 19 1.42823476738 10.2797437545 6.22928755526e-10 0.640501051106 0.35998542283 0.999999859198 0.466271 0 0
187.1 20 19 1.42831207233 10.280525457 6.63368546035e-10 0.640474884089 0.36001360378 0.999999837705 0.379127 0 0
187.2 20 19 1.42835599921 10.2811261522 6.94596057302e-10 0.64044874974 0.360041786726 0.999999840427 0.46296 0 0
187.3 20 19 1.42843900129 10.2819566267 7.87427013279e-10 0.640422597448 0.360070019595 0.999999830449 0.381581 0 0
187.4 20 19 1.42847381864 10.282478642 5.92449999621e-10 0.640396449641 0.36009824297 0.999999854294 0.535118 0 0
187.5 20 19 1.42853168493 10.2831837254 7.41060172049e-10 0.640370294029 0.360126521662 0.999999855831 0.464654 0 0
187.6 20 19 1.42857947539 10.2838365366 6.00726429185e-10 0.640344140282 0.360154831711 0.999999837825 0.462896 0 0
187.7 20 19 1.42866079557 10.284687917 6.59322015699e-10 0.640318001367 0.360183180531 0.999999853502 0.382711 0 0
187.8 20 19 1.42872597348 10.2852626313 7.34546399349e-10 0.640291850586 0.36021155283 0.999999843616 0.380702 0 0
187.9 20 19 1.42876148181 10.2859107229 5.34802308492e-10 0.640265709661 0.360239933543 0.999999843152 0.535425 0 0
188 20 19 1.42881425512 10.2865986899 6.79877299814e-10 0.64023956092 0.360268361063 0.999999862356 0.46427 0 0
188.1 20 19 1.42888254072 10.2874391834 6.82975094786e-10 0.640213388947 0.360296845664 0.99999983786 0.384423 0 0
188.2 20 19 1.4289278377 10.2880697821 5.40226230747e-10 0.640187238734 0.360325329675 0.99999985403 0.465296 0 0
188.3 20 19 1.42897997841 10.2886224727 6.79061511718e-10 0.640161055643 0.360353869627 0.999999843146 0.53539 0 0
188.4 20 19 1.42903104496 10.289301482 6.71687666493e-10 0.640134881005 0.360382443958 0.999999859794 0.464943 0 0
188.5 20 19 1.4290837458 10.2900714529 8.70011647028e-10 0.640108677164 0.360411054992 0.99999984661 0.535163 0 0
188.6 20 19 1.42913978957 10.2906429312 8.87974339536e-10 0.640082472588 0.360439700757 0.999999858057 0.462503 0 0
188.7 20 19 1.42918756612 10.2912996687 1.16943116939e-09 0.640056251785 0.36046839019 0.999999854702 0.463844 0 0
188.8 20 19 1.42924696279 10.291982116 7.8666872892e-10 0.640030014875 0.360497120018 0.999999853371 0.46581 0 0
188.9 20 19 1.42931302884 10.2926581777 8.12190018639e-10 0.640003763408 0.360525893888 0.999999845674 0.381524 0 0
189 20 19 1.42934694577 10.2933140224 8.28335976583e-10 0.639977490751 0.360554699421 0.999999856649 0.466463 0 0
189.1 20 19 1.42939969444 10.2940752691 7.13403068499e-10 0.639951194414 0.360583554173 0.999999831661 0.463143 0 0
189.2 20 19 1.42944709215 10.2946053088 8.23254671754e-10 0.639924888454 0.360612453555 0.999999841752 0.534917 0 0
189.3 20 19 1.42949163044 10.2953712138 7.14528895422e-10 0.639898552787 0.360641393129 0.999999835203 0.463591 0 0
189.4 20 19 1.42955023066 10.2959067749 9.79463828534e-10 0.639872202129 0.360670374496 0.999999857382 0.465962 0 0
189.5 20 19 1.4296180005 10.2965592724 6.19151104751e-10 0.639845793082 0.360699416318 0.99999984449 0.379166 0 0
189.6 20 19 1.42964424074 10.2971586833 8.95110382801e-10 0.639819375228 0.360728473062 0.999999841482 0.46262 0 0
189.7 20 19 1.42969729675 10.2978173809 7.87237054012e-10 0.639792914941 0.360757594365 0.999999851974 0.466292 0 0
189.8 20 19 1.42976265065 10.298483507 6.8949082552e-10 0.639766414837 0.360786772632 0.999999843857 0.381233 0 0
189.9 20 19 1.42979282173 10.2992992696 7.93064490409e-10 0.639739885415 0.360815967716 0.999999854851 0.537448 0 0
190 20 19 1.42983509777 10.299703852 8.8741681899e-10 0.639713316758 0.360845215601 0.999999848547 0.465219 0 0
190.1 20 19 1.42988426456 10.3005338036 7.86104822644e-10 0.639686705292 0.360874510705 0.999999850264 0.53723 0 0
190.2 20 19 1.42992883855 10.3009525023 1.10813868926e-09 0.63966003662 0.360903857403 0.999999851949 0.536138 0 0
190.3 20 19 1.4299793671 10.3015677445 5.38091671907e-10 0.63963333917 0.360933246609 0.99999984952 0.465136 0 0
190.4 20 19 1.43001781729 10.3023396754 8.07957657768e-10 0.639606595574 0.360962691388 0.999999855854 0.465834 0 0
190.5 20 19 1.43006756603 10.302806423 8.77556995207e-10 0.639579801509 0.360992172325 0.999999844649 0.535604 0 0
190.6 20 19 1.43010916691 10.303410653 6.46465424254e-10 0.639552971387 0.361021705075 0.999999851499 0.465305 0 0
190.7 20 19 1.43015402555 10.3039906401 9.04253680121e-10 0.639526077147 0.361051279267 0.99999983008 0.540353 0 0
190.8 20 19 1.4301931295 10.304861136 8.2111914409e-10 0.639499157866 0.361080896379 0.999999848999 0.462096 0 0
190.9 20 19 1.43023611909 10.3052548696 1.17781846272e-09 0.639472158918 0.36111056081 0.99999984202 0.463852 0 0
191 20 19 1.4302790232 10.3059234211 6.18312136548e-10 0.63944512529 0.361140281343 0.999999842267 0.462859 0 0
191.1 20 19 1.43032913262 10.3063642855 8.8563937236e-10 0.639418029014 0.361170044499 0.999999851935 0.536269 0 0
191.2 20 19 1.43036148076 10.3071026425 7.25441510624e-10 0.639390871723 0.361199859186 0.999999838163 0.464515 0 0
191.3 20 19 1.43040743462 10.307535036 5.90714816974e-10 0.639363663618 0.361229711963 0.999999847827 0.465355 0 0
191.4 20 19 1.43044833979 10.3080944275 6.65468159535e-10 0.63933638381 0.361259621865 0.99999984508 0.536717 0 0
191.5 20 19 1.43048979192 10.3087535526 7.87950352361e-10 0.639309051664 0.361289572954 0.999999847403 0.465462 0 0
191.6 20 19 1.43052740526 10.3092489711 5.57429277235e-10 0.639281661501 0.361319568906 0.999999846346 0.463849 0 0
191.7 20 19 1.43059519906 10.3100642866 6.55856806083e-10 0.639254199777 0.361349624953 0.999999845574 0.384222 0 0
191.8 20 19 1.43060882033 10.3103661192 7.4557798698e-10 0.639226693728 0.361379706534 0.999999823274 0.46471 0 0
191.9 20 19 1.43067219675 10.3109528056 8.39549148105e-10 0.639199120875 0.361409849298 0.999999823149 0.382196 0 0
192 20 19 1.43068545629 10.3114794097 6.52808309761e-10 0.639171492355 0.361440008984 0.999999854277 0.537139 0 0
192.1 20 19 1.43074938159 10.3120659554 6.85827232909e-10 0.639143798312 0.361470239535 0.999999831458 0.379279 0 0
192.2 20 19 1.43079677496 10.3128114004 8.05840117147e-10 0.639116069411 0.361500501451 0.999999845287 0.463665 0 0
192.3 20 19 1.43084096124 10.3135120003 6.06884245252e-10 0.639088272341 0.361530797234 0.999999841882 0.536778 0 0
192.4 20 19 1.43088666789 10.3137244138 9.26341891137e-10 0.639060404116 0.361561135138 0.999999848967 0.536404 0 0
192.5 20 19 1.43091948576 10.3144741963 6.26833351723e-10 0.639032494951 0.361591513806 0.999999845375 0.463793 0 0
192.6 20 19 1.43098206017 10.3147764764 8.03344921786e-10 0.639004517281 0.361621921958 0.999999840504 0.535264 0 0
192.7 20 19 1.43104608978 10.3155458346 8.61513622587e-10 0.638976510373 0.361652359416 0.999999843207 0.378636 0 0
192.8 20 19 1.43108551075 10.3159841307 7.01936350601e-10 0.638948447118 0.361682847277 0.999999835327 0.535226 0 0
192.9 20 19 1.43113312643 10.3163782294 1.04404206291e-09 0.638920346073 0.361713354998 0.999999848934 0.462701 0 0
193 20 19 1.43118026077 10.3169034226 6.05669403519e-10 0.638892175883 0.361743902751 0.999999841799 0.535912 0 0
193.1 20 19 1.43123780444 10.3174327223 9.07893007253e-10 0.638863966632 0.361774488171 0.999999849115 0.380015 0 0
193.2 20 19 1.4313089475 10.3182359024 5.13459736204e-10 0.638835723406 0.361805096391 0.999999841171 0.379975 0 0
193.3 20 19 1.43133240098 10.3187621897 8.19145209976e-10 0.638807457588 0.361835724985 0.999999837629 0.467782 0 0
193.4 20 19 1.43137134655 10.318944714 6.79193910476e-10 0.638779132882 0.361866387487 0.999999837823 0.465504 0 0
193.5 20 19 1.43141110594 10.3201576707 6.85781140557e-10 0.638750776324 0.361897080993 0.999999829794 0.466014 0 0
193.6 20 19 1.43147607538 10.3208472384 7.4975762788e-10 0.63872239873 0.361927852769 0.999999839407 0.379567 0 0
193.7 20 19 1.4315193496 10.3215584843 6.04080773455e-10 0.638693978161 0.361958614144 0.999999842805 0.536901 0 0
193.8 20 19 1.43155412745 10.3222358547 9.76907610531e-10 0.638665527391 0.361989363477 0.999999845847 0.53597 0 0
193.9 20 19 1.43158485742 10.322978263 6.26639992454e-10 0.638637052626 0.36202008319 0.999999857148 0.464356 0 0
194 20 19 1.43164399192 10.3245942936 6.02327037394e-10 0.638608567551 0.362050753738 0.999999842632 0.464303 0 0
194.1 20 19 1.43169106317 10.3260820665 9.1503128973e-10 0.638580062654 0.362081488662 0.999999837354 0.379343 0 0
194.2 20 19 1.43172905757 10.3279347503 5.98168151915e-10 0.638551556749 0.362112253143 0.999999845377 0.462191 0 0
194.3 20 19 1.43188361799 10.3298695997 7.86904243394e-10 0.638523008792 0.362143126079 0.999999839426 0.464438 0 0
194.4 20 19 1.43206774484 10.3322637585 6.24154543597e-10 0.63849446001 0.362174073766 0.999999848864 0.537686 0 0
194.5 20 19 1.43227051217 10.3348257319 6.28765637258e-10 0.638465900509 0.362205187536 0.999999841313 0.535604 0 0
194.6 20 19 1.43248022275 10.3373678914 7.20713500282e-10 0.638437351958 0.362236455515 0.999999860758 0.462665 0 0
194.7 20 19 1.43268353847 10.3400974965 6.37453470373e-10 0.638408786957 0.362267842956 0.999999851009 0.464398 0 0
194.8 20 19 1.43288624485 10.3428845992 7.98516766425e-10 0.638380221548 0.362299325309 0.999999836717 0.381897 0 0
194.9 20 19 1.43308782753 10.3451670218 7.66436585483e-10 0.638351690581 0.362330916822 0.999999845287 0.464465 0 0
195 20 19 1.43328755715 10.3475223624 9.0389795423e-10 0.638323128118 0.362362613429 0.999999858336 0.536988 0 0
195.1 20 19 1.43348428443 10.3500053909 7.4646322651e-10 0.638294583839 0.362394414384 0.99999985038 0.462612 0 0
195.2 20 19 1.43367400222 10.3523740528 1.0697597932e-09 0.638266042362 0.362426277711 0.999999847013 0.537141 0 0
195.3 20 19 1.43386356144 10.3551771345 7.58452213787e-10 0.638237510051 0.362458200474 0.999999858744 0.465068 0 0
195.4 20 19 1.43404520969 10.3570886002 1.06180609339e-09 0.638208994128 0.3624901718 0.999999833784 0.537822 0 0
195.5 20 19 1.4342264198 10.35945296 8.89048968014e-10 0.638180524787 0.362522184088 0.999999849886 0.464931 0 0
195.6 20 19 1.4344014985 10.361631207 1.17553754426e-09 0.63815205621 0.36255421627 0.99999983761 0.466555 0 0
195.7 20 19 1.43457198273 10.3640071972 8.35269953906e-10 0.638123608126 0.362586246909 0.999999830029 0.536377 0 0
195.8 20 19 1.43474040628 10.3663293121 1.13983921651e-09 0.638095184519 0.362618258803 0.999999846051 0.381045 0 0
195.9 20 19 1.43490420439 10.3683639435 1.00892024114e-09 0.638066774819 0.36265027423 0.999999843652 0.464766 0 0
196 20 19 1.43506220689 10.370514019 9.44433802248e-10 0.638038384211 0.362682221732 0.999999858538 0.465833 0 0
196.1 20 19 1.43521544511 10.3726129018 7.86824408652e-10 0.638010013609 0.362714112992 0.999999873701 0.536933 0 0
196.2 20 19 1.43536111014 10.3745970053 8.50837944881e-10 0.637981674386 0.362745937883 0.999999857761 0.465295 0 0
196.3 20 19 1.4355002744 10.3765324919 7.95578107764e-10 0.637953358184 0.362777662839 0.999999855748 0.536432 0 0
196.4 20 19 1.43563342495 10.3784000641 6.16447717481e-10 0.637925078083 0.362809275595 0.999999860353 0.538066 0 0
196.5 20 19 1.43575997561 10.380226058 1.13047873446e-09 0.63789682919 0.362840761901 0.999999858088 0.383307 0 0
196.6 20 19 1.43587878883 10.382212406 8.31477498184e-10 0.637868605272 0.36287212052 0.999999833965 0.539088 0 0
196.7 20 19 1.43598818053 10.3838605159 7.4591999244e-10 0.637840426415 0.362903314695 0.999999827623 0.535593 0 0
196.8 20 19 1.43609247945 10.3853005299 1.16649313192e-09 0.637812277494 0.362934362702 0.999999843558 0.380356 0 0
196.9 20 19 1.43619014198 10.3866373467 6.23308576199e-10 0.637784174362 0.362965234521 0.999999849961 0.536937 0 0
197 20 19 1.43627878319 10.3880736985 7.84654069412e-10 0.637756087771 0.36299593643 0.999999856298 0.537768 0 0
197.1 20 19 1.43635930251 10.389423858 7.16944364865e-10 0.637728044293 0.36302645915 0.999999846948 0.463601 0 0
197.2 20 19 1.43643195031 10.3907712563 6.37600024465e-10 0.63770002806 0.363056783688 0.999999842255 0.537362 0 0
197.3 20 19 1.43649642626 10.3918415759 7.39571853245e-10 0.637672054894 0.363086899021 0.999999843736 0.538103 0 0
197.4 20 19 1.43655196682 10.3929383532 7.13763109861e-10 0.637644102233 0.363116816175 0.999999832165 0.540101 0 0
197.5 20 19 1.43659941886 10.3939071438 6.24494042238e-10 0.637616183978 0.363146528604 0.999999836453 0.536625 0 0
197.6 20 19 1.43663748532 10.3950668721 7.55671380074e-10 0.637588306437 0.363176011147 0.999999831469 0.537536 0 0
197.7 20 19 1.43666908828 10.3957051278 5.56475521754e-10 0.637560464845 0.363205299291 0.999999841214 0.464278 0 0
197.8 20 19 1.43669281489 10.3964169219 6.99001223937e-10 0.637532666875 0.363234371011 0.999999858025 0.463745 0 0
197.9 20 19 1.43670743844 10.397076958 7.64442068601e-10 0.637504876426 0.363263252997 0.999999839888 0.464045 0 0
198 20 19 1.43671342246 10.3981481274 6.17632558747e-10 0.637477127918 0.363291913795 0.999999834595 0.380186 0 0
198.1 20 19 1.43671122086 10.3981439658 7.71121951341e-10 0.637449423247 0.363320394775 0.999999847745 0.535963 0 0
198.2 20 19 1.43670100971 10.3987041998 7.92057604669e-10 0.637421736678 0.363348684332 0.99999983307 0.539734 0 0
198.3 20 19 1.43668372173 10.3988674946 5.87037815607e-10 0.637394099779 0.363376779614 0.999999843338 0.465192 0 0
198.4 20 19 1.43665683527 10.3995757131 9.49231513211e-10 0.637366485265 0.363404720563 0.999999832308 0.464802 0 0
198.5 20 19 1.43662157997 10.3995723403 6.40351398755e-10 0.637338893334 0.363432481299 0.999999819109 0.463302 0 0
198.6 20 19 1.43657993992 10.3993441528 7.56152531401e-10 0.637311343517 0.363460099204 0.999999845358 0.463773 0 0
198.7 20 19 1.43652671955 10.3997251488 7.88394085881e-10 0.637283805794 0.363487569307 0.999999806609 0.537481 0 0
198.8 20 19 1.43646899586 10.3993108027 6.88673666666e-10 0.637256304473 0.363514921245 0.999999829083 0.380382 0 0
198.9 20 19 1.43640318674 10.3992093708 7.46902917887e-10 0.637228829333 0.363542163217 0.999999833998 0.467143 0 0
199 20 19 1.43633054045 10.399160599 1.07568507511e-09 0.637201380327 0.363569301709 0.999999831693 0.37946 0 0
199.1 20 19 1.43625410698 10.3985875666 5.77283470814e-10 0.637173964281 0.363596335453 0.999999872988 0.465188 0 0
199.2 20 19 1.43616847015 10.3982290846 9.91532923819e-10 0.637146555647 0.36362331965 0.999999822011 0.463773 0 0
199.3 20 19 1.43607607088 10.3977997492 5.73169459404e-10 0.637119171268 0.363650245925 0.999999838577 0.464995 0 0
199.4 20 19 1.43597804854 10.3975376862 9.08244984072e-10 0.63709180496 0.363677131532 0.99999982647 0.536214 0 0
199.5 20 19 1.43587411655 10.3968282423 8.24080770664e-10 0.637064468648 0.363703989232 0.999999826613 0.536746 0 0
199.6 20 19 1.43576615889 10.3961774272 7.42819491824e-10 0.637037164512 0.36373082244 0.999999848325 0.467192 0 0
199.7 20 19 1.43565350037 10.3959880033 8.17630063511e-10 0.637009854911 0.363757707731 0.999999840368 0.537525 0 0
199.8 20 19 1.43553576576 10.395180688 7.52217142375e-10 0.636982582678 0.363784605225 0.999999828613 0.465136 0 0
199.9 20 19 1.43541312897 10.3942967481 9.10837710525e-10 0.636955320026 0.363811527054 0.999999819637 0.382587 0 0
200 20 19 1.43528874012 10.3934035459 6.41623189862e-10 0.636928082929 0.363838510868 0.999999829408 0.465754 0 0
200.1 20 19 1.43515935696 10.3927109758 1.01905398333e-09 0.636900857901 0.363865576622 0.999999822121 0.536739 0 0
200.2 20 20 1.43502678492 10.3925357432 5.27944728745e-10 0.636873654846 0.363892718309 0.999999805501 0.379217 0 0
200.3 20 19 1.43489341169 10.3917610359 9.71131869796e-10 0.636846423778 0.363919953429 0.999999835284 0.382024 0 0
200.4 20 20 1.43475998994 10.3917847177 6.65288015049e-10 0.636819115915 0.363947317752 0.999999835455 0.378981 0 0
200.5 20 19 1.43462545293 10.3893659075 6.16171595561e-10 0.636791819116 0.363974802303 0.999999827353 0.539468 0 0
200.6 20 19 1.43449237836 10.3889773668 9.03454016266e-10 0.636764563637 0.364002425649 0.999999842385 0.538534 0 0
200.7 20 19 1.43436070644 10.3879632179 6.60730753496e-10 0.636737247338 0.364030202637 0.99999982416 0.381796 0 0
200.8 20 19 1.43423118178 10.3874375771 1.05188774216e-09 0.636709969049 0.364058149968 0.999999835757 0.465071 0 0
200.9 20 19 1.43410565006 10.3865193747 5.66476643371e-10 0.636682693095 0.364086256829 0.999999824611 0.463901 0 0
201 20 19 1.43410695413 10.3861420362 8.77689049641e-10 0.636655422449 0.364114524705 0.999999831283 0.380213 0 0
201.1 20 19 1.43410472555 10.385568664 6.02029662086e-10 0.636628166285 0.364142949547 0.999999814705 0.535719 0 0
201.2 20 19 1.43414251146 10.3852608229 9.91688708388e-10 0.636600926359 0.36417155381 0.999999825441 0.537281 0 0
201.3 20 19 1.43417372702 10.3848623587 4.89084439814e-10 0.636573691903 0.364200349495 0.999999816616 0.538191 0 0
201.4 20 20 1.43429577696 10.3861618616 8.06162654979e-10 0.636546463993 0.364229336699 0.999999848985 0.536288 0 0
201.5 20 20 1.43445810002 10.3876869393 6.64158717601e-10 0.636519137891 0.36425851401 0.999999841473 0.464437 0 0
201.6 20 20 1.43465506697 10.3900723488 7.37543467595e-10 0.636491692356 0.364287869749 0.9999998236 0.537283 0 0
201.7 20 20 1.43487538677 10.3928612567 6.98431673006e-10 0.636464135224 0.364317396501 0.999999836678 0.464382 0 0
201.8 20 20 1.43510817256 10.395588703 7.48523823493e-10 0.636436455297 0.364347105561 0.99999983906 0.380628 0 0
201.9 20 20 1.43533858725 10.3988834652 6.29232153417e-10 0.636408640792 0.364376972397 0.999999833373 0.464275 0 0
202 20 20 1.43557613135 10.4020381565 9.01587617422e-10 0.636380720586 0.364406986314 0.99999984697 0.46427 0 0
202.1 20 20 1.43581723579 10.4055550807 5.56411652945e-10 0.636352683063 0.364437150012 0.99999984377 0.467952 0 0
202.2 20 20 1.43604907083 10.4094814998 1.01463065981e-09 0.636324540254 0.364467459087 0.99999981644 0.466358 0 0
202.3 20 20 1.43628445651 10.4129770805 7.97983541601e-10 0.636296306771 0.364497881469 0.999999820893 0.464875 0 0
202.4 20 20 1.43651906756 10.4169943721 6.26168793576e-10 0.636267961744 0.364528428667 0.999999829052 0.537311 0 0
202.5 20 20 1.4367532585 10.4208657839 1.02130998391e-09 0.636239562745 0.364559092027 0.999999842614 0.46436 0 0
202.6 20 20 1.43698478162 10.4248331945 6.42574930232e-10 0.636211089399 0.364589846926 0.999999836339 0.465044 0 0
202.7 20 20 1.43721755732 10.4289684834 9.35259777433e-10 0.636182545892 0.364620677827 0.999999840471 0.540005 0 0
202.8 20 20 1.43744815614 10.433279607 7.30497852434e-10 0.636153976243 0.364651583888 0.999999835026 0.536744 0 0
202.9 20 20 1.43767741198 10.4375241854 9.9671828089e-10 0.636125381192 0.364682520799 0.999999822205 0.536808 0 0
203 20 20 1.43790254633 10.4414896181 5.8277599432e-10 0.636096782279 0.364713500382 0.999999808726 0.465573 0 0
203.1 20 20 1.43812425006 10.4456477215 8.40121513838e-10 0.636068217047 0.364744515193 0.999999812507 0.466555 0 0
203.2 20 20 1.43833812419 10.4497646412 8.46238871791e-10 0.636039680462 0.364775531492 0.999999807477 0.382698 0 0
203.3 20 20 1.43854832678 10.4538766584 6.60392281251e-10 0.636011202173 0.364806527616 0.999999811844 0.538601 0 0
203.4 20 20 1.43875289827 10.4578481233 9.31761486351e-10 0.635982762125 0.364837529485 0.999999823474 0.538889 0 0
203.5 20 20 1.43895232467 10.4616097865 6.65316163368e-10 0.635954407793 0.364868479969 0.999999800376 0.539901 0 0
203.6 20 20 1.43915010683 10.4654796029 9.90587619204e-10 0.635926149582 0.364899389088 0.999999858451 0.536903 0 0
203.7 20 20 1.43933947939 10.4694640336 7.26936034867e-10 0.635897985029 0.364930241313 0.999999816572 0.467724 0 0
203.8 20 20 1.43952455574 10.4729404722 6.82136742732e-10 0.635869939807 0.364960996992 0.99999982818 0.538979 0 0
203.9 20 20 1.43970058374 10.4764420022 1.06260723489e-09 0.635842022458 0.364991665087 0.999999799972 0.383207 0 0
204 20 20 1.43986998363 10.4799235117 6.04703832104e-10 0.635814237805 0.365022225317 0.999999826236 0.538413 0 0
204.1 20 20 1.44003528288 10.4833205936 9.53678917841e-10 0.635786608666 0.36505267188 0.99999985448 0.540657 0 0
204.2 20 20 1.44019131217 10.4868246812 7.63882095685e-10 0.635759121605 0.365083004445 0.999999803644 0.467646 0 0
204.3 20 20 1.44033874866 10.4895868322 6.14809096866e-10 0.63573182378 0.365113174327 0.999999819367 0.537858 0 0
204.4 20 20 1.44048130706 10.4925241994 7.39702289604e-10 0.635704709968 0.365143225696 0.99999983564 0.537082 0 0
204.5 20 20 1.44061471008 10.4953753922 9.43178406978e-10 0.635677776296 0.365173120232 0.999999811046 0.465119 0 0
204.6 20 20 1.44073789193 10.4987705367 8.26492360026e-10 0.635651044975 0.365202836426 0.999999813935 0.465765 0 0
204.7 20 20 1.44085460335 10.5009753832 1.41974010826e-09 0.635624493276 0.365232398586 0.999999825917 0.467632 0 0
204.8 20 20 1.44096381294 10.5029579913 1.06589286076e-09 0.63559814448 0.365261799251 0.999999827001 0.465848 0 0
204.9 20 20 1.44106130621 10.506341214 7.29337599309e-10 0.635571985821 0.365291028631 0.999999800524 0.467777 0 0
205 20 20 1.44115373497 10.5072052553 9.39265194476e-10 0.635546033669 0.365320064234 0.999999839136 0.467175 0 0
205.1 20 20 1.44123574036 10.509364449 7.11064133442e-10 0.635520255267 0.365348948285 0.999999820218 0.466516 0 0
205.2 20 20 1.44131093531 10.5109474005 1.10557904094e-09 0.635494690434 0.365377664959 0.99999985492 0.53868 0 0
205.3 20 20 1.44137690866 10.5125988377 8.23546265426e-10 0.635469295473 0.365406211576 0.999999850124 0.468153 0 0
205.4 20 20 1.44143411012 10.5141168165 6.44483043819e-10 0.635444088174 0.365434580224 0.999999857287 0.465698 0 0
205.5 20 20 1.44147958722 10.5154036949 1.05804243309e-09 0.635419039102 0.365462782372 0.999999829715 0.466418 0 0
205.6 20 20 1.44151626532 10.5179066336 5.77701432413e-10 0.635394163619 0.365490808844 0.999999795671 0.465152 0 0
205.7 20 20 1.4415441635 10.5177639429 9.21777177947e-10 0.635369478381 0.365518672929 0.999999838048 0.539219 0 0
205.8 20 20 1.44156487058 10.5184352545 6.98748325666e-10 0.635344905273 0.365546394782 0.999999850659 0.541694 0 0
205.9 20 20 1.44157562886 10.5194829508 9.87652081357e-10 0.635320479231 0.365573972437 0.999999819417 0.467775 0 0
206 20 20 1.44157645996 10.5199868381 5.98601426578e-10 0.635296166006 0.365601404138 0.999999812342 0.381632 0 0
206.1 20 20 1.4415675843 10.5203426121 7.88577807413e-10 0.63527198311 0.365628694116 0.99999979021 0.466785 0 0
206.2 20 20 1.44155195409 10.5202753037 7.2386171808e-10 0.635247906221 0.365655866283 0.999999810378 0.540255 0 0
206.3 20 20 1.44152550642 10.5210041423 6.14451398147e-10 0.635223880354 0.365682931794 0.999999815945 0.381053 0 0
206.4 20 20 1.44149060808 10.5201665809 7.65494338378e-10 0.635199938211 0.365709889862 0.9999998203 0.538535 0 0
206.5 20 20 1.44145045972 10.5199448623 8.44586103085e-10 0.635176022831 0.365736798543 0.99999985847 0.465772 0 0
206.6 20 20 1.44139850125 10.5196428006 6.26435794262e-10 0.635152130671 0.365763628047 0.999999810054 0.466997 0 0
206.7 20 20 1.4413408253 10.5191806575 7.90937466882e-10 0.635128275576 0.365790371424 0.999999835742 0.538206 0 0
206.8 20 20 1.44127616151 10.5183790875 8.34453605972e-10 0.635104391437 0.365817069866 0.999999841429 0.468147 0 0
206.9 20 20 1.44120205795 10.5176686614 6.5141327767e-10 0.635080490359 0.365843741623 0.999999826137 0.4652 0 0
207 20 20 1.44111897841 10.517086508 7.5826817687e-10 0.635056560282 0.365870383115 0.999999847535 0.465358 0 0
207.1 20 20 1.44102876153 10.5163056464 7.4967869978e-10 0.635032554374 0.365897013593 0.999999806512 0.466765 0 0
207.2 20 20 1.44093368855 10.5145317413 7.00296628513e-10 0.635008478755 0.365923617255 0.999999818179 0.464875 0 0
207.3 20 20 1.44083191155 10.5130818539 9.08435409006e-10 0.634984279604 0.365950218193 0.999999829443 0.465953 0 0
207.4 20 20 1.44072270683 10.5119631937 9.73790153491e-10 0.634959981783 0.365976837234 0.9999998454 0.466801 0 0
207.5 20 20 1.44060654996 10.5103892526 7.08834333562e-10 0.634935526993 0.366003497172 0.99999982662 0.539494 0 0
207.6 20 20 1.44048644081 10.5086928833 8.12175528141e-10 0.63491092631 0.366030204175 0.999999812966 0.540236 0 0
207.7 20 21 1.44035887166 10.5069666452 6.43941885252e-10 0.634886152688 0.366056953356 0.999999806197 0.382685 0 0
207.8 20 20 1.44022884449 10.5045745574 1.05690467269e-09 0.634861200244 0.366083781054 0.99999983547 0.54188 0 0
207.9 20 20 1.44009373291 10.5026786659 7.71983738229e-10 0.634836027879 0.366110719224 0.999999810757 0.466794 0 0
208 20 20 1.43995525959 10.500780811 9.26017944818e-10 0.63481061568 0.366137745964 0.999999834445 0.465865 0 0
208.1 20 20 1.43981347928 10.4986281991 7.53313722426e-10 0.634784978224 0.366164881815 0.999999813539 0.538827 0 0
208.2 20 20 1.43966897883 10.496760368 7.91023760877e-10 0.634759103167 0.366192121102 0.999999802802 0.465958 0 0
208.3 20 20 1.43952098155 10.49439108 8.54479074218e-10 0.634732955705 0.366219500076 0.999999790397 0.541142 0 0
208.4 20 20 1.43937539934 10.492392195 7.21826099643e-10 0.634706520242 0.36624702288 0.999999828257 0.538266 0 0
208.5 20 20 1.43923132823 10.4901076272 7.85204928886e-10 0.634679774094 0.366274704974 0.999999862667 0.464981 0 0
208.6 20 20 1.43908772282 10.4879996634 7.74951368454e-10 0.63465272268 0.366302541979 0.999999848744 0.464803 0 0
208.7 20 20 1.4389436221 10.4862499246 8.71396678696e-10 0.634625377015 0.366330526001 0.999999818194 0.466303 0 0
208.8 20 20 1.43880569568 10.4838915479 8.94753800278e-10 0.634597729938 0.366358675899 0.999999827867 0.465449 0 0
208.9 20 20 1.43866873877 10.4822621945 7.53274495175e-10 0.634569739715 0.366387000676 0.999999823792 0.465266 0 0
209 20 20 1.43854073773 10.4801619741 7.75132502327e-10 0.634541440425 0.366415494889 0.999999805372 0.4684 0 0
209.1 20 20 1.43842315275 10.4781590011 9.37071917355e-10 0.634512810652 0.366444177966 0.999999812925 0.468137 0 0
209.2 20 20 1.43831778035 10.4767832904 7.85676715865e-10 0.634483840048 0.366473058884 0.999999824255 0.38242 0 0
209.3 20 20 1.43822553635 10.4752210468 1.29525132946e-09 0.634454536382 0.366502137711 0.999999840152 0.46746 0 0
209.4 20 20 1.43815048864 10.4743058617 8.33691483679e-10 0.634424895546 0.366531427434 0.999999838352 0.467233 0 0
209.5 20 21 1.43809101377 10.4732243692 8.28668652354e-10 0.634394925032 0.366560907576 0.999999836095 0.46751 0 0
209.6 20 21 1.43805705556 10.4725590334 8.22274695044e-10 0.634364615891 0.366590578693 0.999999846167 0.380409 0 0
209.7 20 20 1.43804670396 10.4720829947 7.17241776025e-10 0.634333989811 0.366620431459 0.999999839543 0.464817 0 0
209.8 20 20 1.43806388688 10.4721564802 8.31320888226e-10 0.634303044194 0.366650486086 0.999999832574 0.540095 0 0
209.9 20 20 1.43810374956 10.4723739144 6.88594839436e-10 0.634271793131 0.366680729601 0.999999829185 0.538087 0 0
210 20 20 1.43817331454 10.4730310769 8.17593144846e-10 0.634240250735 0.366711150708 0.999999839199 0.463728 0 0
210.1 20 20 1.43826615511 10.4743665536 7.50678085749e-10 0.634208409906 0.366741779031 0.999999836407 0.465319 0 0
210.2 20 20 1.43837768478 10.4755352765 9.47565942557e-10 0.634176288251 0.366772575068 0.999999821214 0.381109 0 0
210.3 20 20 1.43850780137 10.4769566892 7.0963638868e-10 0.63414392538 0.366803504798 0.999999841378 0.538511 0 0
210.4 20 20 1.43865241929 10.4790461953 9.56622534285e-10 0.634111282053 0.366834623652 0.999999826337 0.536029 0 0
210.5 20 20 1.43881034727 10.4814037537 7.59682468507e-10 0.634078403218 0.366865896061 0.999999815987 0.467559 0 0
210.6 20 20 1.43897887661 10.4834749381 1.11424596713e-09 0.634045317982 0.366897313431 0.999999852711 0.466697 0 0
210.7 20 20 1.43915603771 10.4861025963 5.33027756577e-10 0.634012035065 0.366928869811 0.999999837245 0.466746 0 0
210.8 20 20 1.43933801862 10.4890365618 9.99272248795e-10 0.633978561469 0.366960557611 0.999999835748 0.468506 0 0
210.9 20 20 1.43952558765 10.491925005 7.73549586814e-10 0.633944917138 0.366992356571 0.999999848256 0.538184 0 0
211 20 20 1.43971659957 10.4948772586 9.09526578669e-10 0.633911128692 0.367024277506 0.999999834713 0.538301 0 0
211.1 20 20 1.43991183373 10.4980973696 1.29062420179e-09 0.633877221154 0.367056298535 0.999999857764 0.536431 0 0
211.2 20 20 1.44010490878 10.5016593051 6.19389700016e-10 0.633843176798 0.367088408792 0.999999808523 0.466082 0 0
211.3 20 20 1.44030148008 10.5055990462 1.19043113107e-09 0.633809068103 0.367120580201 0.999999808521 0.466708 0 0
211.4 20 20 1.4404984963 10.5082144688 7.19185409067e-10 0.633774895636 0.367152816886 0.999999829257 0.53818 0 0
211.5 20 20 1.44069619954 10.5118299739 8.11967769359e-10 0.633740648264 0.367185112383 0.999999831962 0.382882 0 0
211.6 20 20 1.44088952255 10.5152214493 1.08329071418e-09 0.633706383392 0.367217428451 0.99999980318 0.466935 0 0
211.7 20 20 1.44108223405 10.5184312327 7.9582257747e-10 0.63367211622 0.367249762625 0.999999833558 0.539245 0 0
211.8 20 20 1.4412737226 10.5217259587 1.03394262262e-09 0.633637836786 0.367282142113 0.999999832939 0.539359 0 0
211.9 20 20 1.44146214186 10.5254886136 8.9485322115e-10 0.633603586642 0.367314527823 0.999999815862 0.4664 0 0
212 20 20 1.44164732341 10.5284412126 7.84549723681e-10 0.633569386438 0.367346887796 0.999999822857 0.465799 0 0
212.1 20 20 1.44182888261 10.5317879311 1.14890286222e-09 0.633535246769 0.367379241224 0.999999835683 0.538315 0 0
212.2 20 20 1.44200635273 10.5352737973 1.02007733161e-09 0.633501181185 0.367411561214 0.999999834495 0.466886 0 0
212.3 20 20 1.44217803229 10.5381505777 1.10103648849e-09 0.633467202686 0.367443844847 0.999999813811 0.381587 0 0
212.4 20 20 1.44234484126 10.5414299903 1.09614145662e-09 0.633433345986 0.367476073846 0.9999998248 0.383139 0 0
212.5 20 20 1.44250683582 10.5447619192 1.07419795451e-09 0.633399592344 0.367508239082 0.999999845282 0.538709 0 0
212.6 20 20 1.44266426387 10.5474858269 9.93406028114e-10 0.63336598146 0.367540336428 0.999999832049 0.540059 0 0
212.7 20 20 1.44281517642 10.5505379072 9.23494162733e-10 0.633332532878 0.367572323531 0.999999792508 0.469195 0 0
212.8 20 20 1.44295971111 10.5527205581 1.06587268457e-09 0.633299269378 0.36760421639 0.999999831614 0.542379 0 0
212.9 20 20 1.44309652988 10.5556430946 6.16297045294e-10 0.633266152292 0.3676360341 0.999999795103 0.539831 0 0
213 20 20 1.4432289831 10.5581646439 7.80404535501e-10 0.633233237205 0.36766772962 0.999999806947 0.465895 0 0
213.1 20 20 1.44335461431 10.5602750709 7.91835106907e-10 0.633200513903 0.367699314303 0.999999820758 0.381045 0 0
213.2 20 20 1.44347389073 10.5625126045 6.98689538603e-10 0.633167975739 0.367730805494 0.999999829243 0.465333 0 0
213.3 20 20 1.44358521186 10.5645330808 6.51505960292e-10 0.633135655798 0.367762161527 0.999999832678 0.467556 0 0
213.4 20 20 1.4436934754 10.5665653281 7.868183098e-10 0.633103511831 0.367793419888 0.999999839861 0.468102 0 0
213.5 20 20 1.44379459408 10.5687022171 5.92877524852e-10 0.633071588335 0.367824544464 0.999999866263 0.468862 0 0
213.6 20 20 1.44388806214 10.5704367729 7.87384552067e-10 0.633039875085 0.367855544744 0.999999851997 0.469693 0 0
213.7 20 20 1.44397354813 10.5718790409 5.93515726525e-10 0.633008385904 0.36788641094 0.999999853569 0.473102 0 0
213.8 20 20 1.44405049643 10.5735576425 6.41287314351e-10 0.632977126477 0.367917153024 0.999999821381 0.468118 0 0
213.9 20 20 1.44411953359 10.5747695083 6.35207442201e-10 0.632946100803 0.367947735262 0.999999822739 0.386526 0 0
214 20 20 1.4441807872 10.5761085859 8.61379458581e-10 0.632915285927 0.367978183875 0.999999824055 0.38386 0 0
214.1 20 20 1.44423437249 10.5769550268 5.90599347206e-10 0.632884676285 0.368008488594 0.999999835788 0.384708 0 0
214.2 20 20 1.44428058652 10.5779698592 7.39417159921e-10 0.632854263979 0.368038657497 0.999999831231 0.384321 0 0
214.3 20 20 1.44431923841 10.578466817 6.94349683629e-10 0.632824055139 0.368068690236 0.999999848226 0.467727 0 0
214.4 20 20 1.44435061768 10.5790276172 8.39023794609e-10 0.632794013765 0.368098597299 0.999999832571 0.466918 0 0
214.5 20 20 1.44437443455 10.5795122788 9.97860970478e-10 0.632764151575 0.368128367474 0.999999819259 0.466564 0 0
214.6 20 20 1.44439160741 10.5798609556 1.17109657934e-09 0.632734438412 0.368158029601 0.99999984284 0.386713 0 0
214.7 20 20 1.44440183587 10.5800859351 1.35964778446e-09 0.632704880466 0.368187569714 0.999999815663 0.468611 0 0
214.8 20 20 1.44440611246 10.5802537257 1.56393421168e-09 0.632675442351 0.368216994906 0.99999982179 0.467492 0 0
214.9 20 20 1.44440456324 10.5800797251 1.78203444042e-09 0.632646123672 0.368246315453 0.999999829223 0.467112 0 0
215 20 20 1.44439731141 10.5799769356 2.01535936333e-09 0.632616906764 0.368275546307 0.999999834799 0.3829 0 0
215.1 20 20 1.44438552464 10.5797001638 2.26471122707e-09 0.632587764626 0.368304688978 0.999999851411 0.469438 0 0
215.2 20 20 1.44436891572 10.5793544162 2.52702904449e-09 0.632558666317 0.368333747953 0.999999833973 0.468358 0 0
215.3 20 20 1.44434802221 10.5789172681 2.80522762738e-09 0.632529625866 0.36836272139 0.999999837876 0.46935 0 0
215.4 20 20 1.44432329557 10.5783969454 3.09798666518e-09 0.632500604756 0.368391641225 0.999999825962 0.469542 0 0
215.5 20 20 1.44429532662 10.5777011839 3.40545127182e-09 0.632471595969 0.36842047599 0.99999982404 0.46967 0 0
215.6 20 20 1.44426439446 10.5773620119 3.72446258399e-09 0.632442594846 0.368449266726 0.999999811038 0.468252 0 0
215.7 20 20 1.4442317944 10.576592521 4.06294829071e-09 0.632413582284 0.368477990371 0.999999840003 0.467889 0 0
215.8 20 20 1.44419844765 10.5754086763 4.40846213247e-09 0.63238451685 0.368506689993 0.999999848735 0.467801 0 0
215.9 20 20 1.44416383505 10.5746875295 4.7660790545e-09 0.632355386538 0.368535378136 0.99999983784 0.467923 0 0
216 20 20 1.44412775758 10.573743148 5.12617768197e-09 0.632326217741 0.368564030473 0.999999804755 0.467484 0 0
216.1 20 20 1.44409269842 10.5726621479 5.49076235398e-09 0.632296988309 0.368592665486 0.999999842299 0.46884 0 0
216.2 20 20 1.44405788018 10.5716787927 5.8604345084e-09 0.632267650679 0.368621313045 0.999999820698 0.468939 0 0
216.3 20 20 1.44402387806 10.5707949451 6.22611897037e-09 0.632238222128 0.368649955825 0.9999998075 0.382612 0 0
216.4 20 20 1.4439924908 10.5697042565 6.58567421727e-09 0.632208695223 0.368678584808 0.999999830088 0.382695 0 0
216.5 20 20 1.44396345168 10.568635369 6.93756567466e-09 0.632179034542 0.368707250092 0.999999831643 0.467952 0 0
216.6 20 20 1.44393678225 10.5677454429 7.27337827074e-09 0.632149256608 0.368735960142 0.999999807479 0.383589 0 0
216.7 20 20 1.44391338589 10.5667197993 7.59295493789e-09 0.632119360671 0.368764690466 0.999999801522 0.46763 0 0
216.8 20 20 1.44389359687 10.5658191928 7.89389467318e-09 0.632089337264 0.368793477241 0.999999826405 0.466789 0 0
216.9 20 20 1.44387741093 10.5648387067 8.16606502531e-09 0.632059164417 0.368822304013 0.999999817419 0.467662 0 0
217 20 20 1.44386565993 10.5639472932 8.40926714484e-09 0.632028878752 0.368851185037 0.999999814441 0.468285 0 0
217.1 20 20 1.4438585047 10.5630639515 8.61755429158e-09 0.631998456918 0.368880117277 0.999999828441 0.381919 0 0
217.2 20 20 1.44385619695 10.562332111 8.78942623562e-09 0.631967898093 0.368909147697 0.999999842807 0.467502 0 0
217.3 20 20 1.44385817345 10.5616050721 8.9265826584e-09 0.631937206752 0.368938266558 0.99999980441 0.470048 0 0
217.4 20 20 1.44386506852 10.5609697717 9.01360970143e-09 0.631906410114 0.368967450053 0.999999829982 0.384176 0 0
217.5 20 20 1.44387656466 10.5603888891 9.06874238987e-09 0.63187549507 0.368996721206 0.999999821439 0.468383 0 0
217.6 20 20 1.44389301784 10.5598838365 9.07496820026e-09 0.631844469866 0.36902608279 0.999999831102 0.467857 0 0
217.7 20 20 1.44391369965 10.5597060274 9.04808778752e-09 0.631813350792 0.369055539567 0.999999799468 0.385683 0 0
217.8 20 20 1.44393916825 10.5594522257 8.98303418339e-09 0.631782140609 0.36908507974 0.999999819299 0.469212 0 0
217.9 20 20 1.44396907925 10.558980676 8.88540610306e-09 0.631750841342 0.36911472172 0.999999813481 0.468852 0 0
218 20 20 1.44400365276 10.5590263141 8.75424034227e-09 0.63171949304 0.369144452614 0.999999826064 0.467731 0 0
218.1 20 20 1.44404132429 10.5589334343 8.59665115388e-09 0.631688085386 0.369174294097 0.99999979395 0.467947 0 0
218.2 20 20 1.44408296123 10.5590005802 8.42752479352e-09 0.631656647487 0.369204234251 0.999999821924 0.384641 0 0
218.3 20 20 1.4441277722 10.5595186599 8.20840737081e-09 0.631625162867 0.369234257317 0.999999807528 0.469212 0 0
218.4 20 20 1.444175491 10.5595429126 7.99228000059e-09 0.631593675436 0.369264365057 0.99999982065 0.385237 0 0
218.5 20 20 1.4442258998 10.5597622055 7.76323664873e-09 0.631562166285 0.369294577278 0.999999821116 0.468077 0 0
218.6 20 20 1.44427834191 10.5601233155 7.52659154941e-09 0.631530673141 0.369324878984 0.999999814007 0.384332 0 0
218.7 20 20 1.44433244124 10.5608788648 7.28702423115e-09 0.631499195202 0.369355273893 0.999999814911 0.466557 0 0
218.8 20 20 1.44438820452 10.561541595 7.04717205042e-09 0.63146776466 0.369385744179 0.99999982294 0.468015 0 0
218.9 20 20 1.44444467476 10.5625006348 6.81471511985e-09 0.63143634891 0.369416278447 0.999999821956 0.467299 0 0
219 20 20 1.44450171793 10.5631203654 6.5854386596e-09 0.6314050211 0.369446870581 0.999999825378 0.471427 0 0
219.1 20 20 1.44455896743 10.5642994888 6.36484407931e-09 0.631373762553 0.369477532442 0.999999825569 0.386281 0 0
219.2 20 20 1.44461635336 10.5651777426 6.1536430243e-09 0.6313425999 0.369508241298 0.999999834122 0.385097 0 0
219.3 20 20 1.44467257611 10.5664439246 5.95652214495e-09 0.631311525461 0.369539003627 0.999999807424 0.469321 0 0
219.4 20 20 1.44472819023 10.5677038568 5.76914606173e-09 0.631280578774 0.369569785593 0.999999823592 0.466788 0 0
219.5 20 20 1.44478239691 10.5689792973 5.59567480061e-09 0.63124972503 0.369600611168 0.999999831517 0.46927 0 0
219.6 20 20 1.44483494471 10.5702670043 5.43805539564e-09 0.631219005771 0.369631471038 0.999999830265 0.383024 0 0
219.7 20 20 1.444886523 10.5719170635 5.29296909881e-09 0.631188420431 0.369662349557 0.999999847059 0.467599 0 0
219.8 20 20 1.44493523834 10.5733206922 5.16915315142e-09 0.631157960918 0.369693257215 0.999999816568 0.465234 0 0
219.9 20 20 1.44498130235 10.5749923782 5.0585098681e-09 0.631127655898 0.369724163707 0.999999812889 0.384605 0 0
220 20 20 1.44502510957 10.5765502528 5.04629707743e-09 0.631097500818 0.369755044917 0.999999812772 0.382607 0 0
220.1 20 20 1.4450665312 10.5781157992 5.25688381794e-09 0.631067501706 0.36978590262 0.999999819098 0.383863 0 0
220.2 20 20 1.44510525361 10.5796591642 5.45610923747e-09 0.631037642904 0.369816728009 0.999999845056 0.467592 0 0
220.3 20 20 1.44514025128 10.581407137 5.64186010301e-09 0.631007928028 0.369847520648 0.999999825725 0.466506 0 0
220.4 20 20 1.44517226845 10.5831022979 5.81217318973e-09 0.630978362909 0.369878248353 0.999999822909 0.466649 0 0
220.5 20 20 1.44520116761 10.5846938106 5.96527707655e-09 0.630948952636 0.369908931179 0.999999815667 0.467008 0 0
220.6 20 20 1.44522676412 10.5861822619 6.09962054924e-09 0.630919692547 0.369939505373 0.999999819265 0.466705 0 0
220.7 20 20 1.44524926487 10.5878061998 6.21389268939e-09 0.630890563857 0.369970009984 0.999999829644 0.383025 0 0
220.8 20 20 1.4452686206 10.5894971026 6.30704200424e-09 0.630861560966 0.370000459225 0.999999827456 0.383411 0 0
220.9 20 20 1.44528376163 10.5909735544 6.37828133168e-09 0.630832699337 0.370030794895 0.999999794651 0.467362 0 0
221 20 20 1.44529660658 10.59239529 6.42707968176e-09 0.630803969375 0.370061030194 0.999999833487 0.465921 0 0
221.1 20 20 1.44530672647 10.594003648 6.45315685672e-09 0.63077533532 0.370091171258 0.999999808576 0.466484 0 0
221.2 20 20 1.44531400731 10.5952179583 6.45647659584e-09 0.630746815962 0.370121192203 0.999999813959 0.466934 0 0
221.3 20 20 1.44531906193 10.5967095705 6.43723037412e-09 0.630718393611 0.370151105112 0.99999982958 0.469187 0 0
221.4 20 20 1.44532116282 10.5978876484 6.39582536503e-09 0.630690055343 0.370180913747 0.999999826285 0.467312 0 0
221.5 20 20 1.44532123146 10.5991347325 6.33288295342e-09 0.630661786868 0.370210591631 0.999999817911 0.467001 0 0
221.6 20 20 1.44531868931 10.6003190083 6.24923292098e-09 0.630633598247 0.370240141046 0.99999982061 0.469561 0 0
221.7 20 20 1.44531435919 10.6013436196 6.14591151557e-09 0.6306054549 0.37026957089 0.999999818071 0.468265 0 0
221.8 20 20 1.44530829114 10.6024628001 6.02416646666e-09 0.630577354133 0.370298872949 0.999999805424 0.468526 0 0
221.9 20 20 1.44530044932 10.6040515333 5.885461345e-09 0.630549279743 0.370328042591 0.999999806921 0.468005 0 0
222 20 20 1.44529164336 10.6044513506 5.82413205495e-09 0.630521225263 0.370357074877 0.999999822277 0.469221 0 0
222.1 20 20 1.44530688878 10.605250051 5.96106209821e-09 0.630493187182 0.370385979998 0.999999815252 0.385098 0 0
222.2 20 20 1.44539053917 10.6061681012 6.10086014621e-09 0.630465148315 0.370414744219 0.999999812782 0.469672 0 0
222.3 20 20 1.44547116979 10.6069045871 6.2443130992e-09 0.63043711219 0.370443382137 0.999999828782 0.46798 0 0
222.4 20 20 1.44554532646 10.607272281 6.38900633351e-09 0.63040904041 0.37047187664 0.999999804878 0.468231 0 0
222.5 20 20 1.44561550983 10.6078964607 6.53296685753e-09 0.630380952224 0.370500251747 0.999999820281 0.382054 0 0
222.6 20 20 1.44567981341 10.6084913678 6.67618492732e-09 0.630352836191 0.370528488348 0.999999822854 0.470648 0 0
222.7 20 20 1.44573787829 10.6089420332 6.81802212319e-09 0.63032466971 0.370556605611 0.999999803349 0.467667 0 0
222.8 20 20 1.44579019279 10.6093294368 6.95290323079e-09 0.630296467405 0.370584580125 0.999999829235 0.385259 0 0
222.9 20 20 1.44583562063 10.6098265282 7.08726383291e-09 0.630268202664 0.370612449009 0.999999818272 0.384713 0 0
223 20 20 1.44587581578 10.6101695574 7.21935681521e-09 0.630239894407 0.370640191375 0.999999785463 0.38326 0 0
223.1 20 20 1.44591064843 10.61028298 7.34274369381e-09 0.630211545876 0.370667804239 0.99999982337 0.468509 0 0
223.2 20 20 1.44594033934 10.610695802 7.46122008936e-09 0.630183098682 0.370695326781 0.999999820802 0.466265 0 0
223.3 20 20 1.44596392161 10.6107409259 7.57361118895e-09 0.630154611648 0.370722738961 0.999999814858 0.467687 0 0
223.4 20 20 1.44598153798 10.6111176035 7.67800693886e-09 0.630126053595 0.370750052414 0.999999814252 0.467147 0 0
223.5 20 20 1.44599432093 10.6113139719 7.77070882562e-09 0.630097421306 0.370777273422 0.999999820098 0.466454 0 0
223.6 20 20 1.4460011913 10.6110460186 7.85338643305e-09 0.630068724785 0.37080439194 0.99999982545 0.468326 0 0
223.7 20 20 1.44600129705 10.611127048 7.92815019588e-09 0.630039969816 0.370831422912 0.999999804235 0.467466 0 0
223.8 20 20 1.44599556078 10.6110784898 7.99095252949e-09 0.63001116851 0.370858367648 0.999999822999 0.467066 0 0
223.9 20 20 1.44598501172 10.6118470799 8.04251013856e-09 0.629982299956 0.370885246994 0.999999812772 0.468993 0 0
224 20 20 1.44596831313 10.61077435 8.08519166885e-09 0.62995338936 0.370912041343 0.999999821863 0.470244 0 0
224.1 20 20 1.44594776398 10.610937937 8.11644407475e-09 0.629924424455 0.370938795709 0.999999822673 0.386911 0 0
224.2 20 20 1.445921753 10.6108174836 8.13548311371e-09 0.629895419055 0.370965513564 0.999999822807 0.383894 0 0
224.3 20 20 1.44589102181 10.6104905912 8.14735943075e-09 0.629866373666 0.370992208202 0.999999822746 0.468216 0 0
224.4 20 20 1.44585556685 10.6102380537 8.14831258751e-09 0.629837289593 0.371018857117 0.999999814707 0.468937 0 0
224.5 20 20 1.44581351046 10.6100225429 8.13785520088e-09 0.629808182654 0.371045495131 0.999999812738 0.46664 0 0
224.6 20 20 1.44576648489 10.6095091304 8.12010997234e-09 0.629779053695 0.371072117066 0.999999794806 0.467168 0 0
224.7 20 20 1.4457160352 10.6094703404 8.09483462866e-09 0.629749926283 0.371098712004 0.999999813965 0.385238 0 0
224.8 20 20 1.44566196196 10.6095290853 8.06201217892e-09 0.629720773675 0.371125315405 0.999999792196 0.468523 0 0
224.9 20 20 1.44560404149 10.6083334337 8.02329314707e-09 0.629691621417 0.371151915849 0.99999981135 0.38527 0 0
225 20 20 1.44554373549 10.6080573498 7.97836255474e-09 0.62966247478 0.37117853496 0.999999816425 0.383361 0 0
225.1 20 20 1.44547968769 10.6076151636 7.92788764726e-09 0.629633316604 0.371205179601 0.999999826224 0.46959 0 0
225.2 20 20 1.44544844028 10.6073540469 7.8717885714e-09 0.62960417837 0.371231865287 0.999999811485 0.467801 0 0
225.3 20 20 1.44547896793 10.6067191868 7.8146217521e-09 0.629575064356 0.371258572087 0.999999814281 0.467742 0 0
225.4 20 20 1.44551097695 10.606266445 7.75352291852e-09 0.629545962388 0.371285340599 0.999999828791 0.472135 0 0
225.5 20 20 1.44554393351 10.6058247765 7.6922351415e-09 0.629516897021 0.371312161474 0.999999841995 0.468591 0 0
225.6 20 20 1.44557666973 10.6054744066 7.63122280239e-09 0.629487845943 0.37133904576 0.999999811288 0.466218 0 0
225.7 20 20 1.44561089139 10.6048367294 7.5710048709e-09 0.629458843953 0.371365961184 0.999999848442 0.382728 0 0
225.8 20 20 1.44564540087 10.6044811053 7.51254751962e-09 0.629429870205 0.371392965568 0.999999829281 0.468088 0 0
225.9 20 20 1.44568036957 10.6040827491 7.45778862929e-09 0.62940093445 0.371420046654 0.999999844708 0.4665 0 0
226 20 20 1.44571537316 10.6037186589 7.40193291426e-09 0.629372023639 0.371447201414 0.999999814754 0.382897 0 0
226.1 20 20 1.44574999119 10.6030193873 7.35237909273e-09 0.629343182822 0.371474439576 0.999999815603 0.467055 0 0
226.2 20 20 1.44578509895 10.6027361118 7.30968158406e-09 0.629314386835 0.371501763781 0.999999813795 0.382906 0 0
226.3 20 20 1.44581999375 10.6022473596 7.26803450479e-09 0.62928561916 0.371529168055 0.999999818726 0.467836 0 0
226.4 20 20 1.44585475094 10.6018037412 7.23139663496e-09 0.629256901645 0.371556668344 0.999999833129 0.385001 0 0
226.5 20 20 1.44588958148 10.6014459078 7.20194275666e-09 0.629228198858 0.371584276347 0.999999837921 0.467151 0 0
226.6 20 20 1.44592244029 10.6011155631 7.17471343694e-09 0.629199536127 0.371611963055 0.999999824868 0.466598 0 0
226.7 20 20 1.44595677136 10.6009436653 7.15228331944e-09 0.629170912617 0.371639729522 0.999999831875 0.468212 0 0
226.8 20 20 1.44599108903 10.6007807225 7.13703111124e-09 0.629142308459 0.371667610488 0.999999812244 0.381275 0 0
226.9 20 20 1.44602523238 10.6006231101 7.12701648546e-09 0.629113747386 0.371695559969 0.999999837253 0.466651 0 0
227 20 20 1.44605925163 10.6005642638 7.12225636293e-09 0.629085188902 0.371723613347 0.999999838525 0.467289 0 0
227.1 20 20 1.4460926769 10.600545804 7.12987167767e-09 0.629056658164 0.371751761673 0.999999833049 0.467193 0 0
227.2 20 20 1.44612599421 10.6006438512 7.21999950799e-09 0.62902814018 0.371780013515 0.999999831575 0.469513 0 0
227.3 20 20 1.44615890346 10.6008077808 7.29595034736e-09 0.628999641244 0.37180831797 0.999999829 0.468091 0 0
227.4 20 20 1.44619149911 10.6013802731 7.35723691761e-09 0.628971137738 0.371836702086 0.999999826684 0.467407 0 0
227.5 20 20 1.44622413126 10.6017712245 7.40350428561e-09 0.628942634965 0.371865153095 0.999999843306 0.467699 0 0
227.6 20 20 1.44625628361 10.6019447439 7.43453345299e-09 0.628914131669 0.371893683949 0.99999983503 0.470459 0 0
227.7 20 20 1.44628821035 10.6024578348 7.45024617054e-09 0.628885606189 0.371922281247 0.999999818923 0.467111 0 0
227.8 20 20 1.44632012773 10.6030228172 7.45071113872e-09 0.628857078913 0.371950930585 0.999999814596 0.383537 0 0
227.9 20 20 1.44635163757 10.6037938382 7.43614293092e-09 0.628828530719 0.371979643304 0.999999807586 0.468227 0 0
228 20 20 1.4463831966 10.6045223172 7.40690413991e-09 0.628799966426 0.372008385209 0.99999982733 0.46679 0 0
228.1 20 20 1.44641511062 10.6055198504 7.36350538298e-09 0.628771366716 0.372037189417 0.999999826646 0.466931 0 0
228.2 20 20 1.44644693371 10.6064631488 7.37440426796e-09 0.62874273323 0.372066011638 0.999999830754 0.38426 0 0
228.3 20 20 1.44647934425 10.6074915785 7.40825278203e-09 0.628714061957 0.372094839958 0.999999828916 0.469363 0 0
228.4 20 20 1.44651156835 10.608511782 7.44095389856e-09 0.628685365097 0.372123677063 0.999999823619 0.467397 0 0
228.5 20 20 1.4465444451 10.6098000506 7.47192408438e-09 0.628656628708 0.372152540433 0.999999838431 0.382098 0 0
228.6 20 20 1.44657740924 10.6110310997 7.50255135182e-09 0.628627842556 0.372181416621 0.999999819121 0.468109 0 0
228.7 20 20 1.44661037067 10.6129122163 7.52976136654e-09 0.628599016463 0.372210286031 0.999999821962 0.468647 0 0
228.8 20 20 1.44664359061 10.6138599288 7.55515346827e-09 0.628570153012 0.372239135532 0.999999814042 0.466474 0 0
228.9 20 20 1.44667723332 10.6149954337 7.57627311804e-09 0.628541258201 0.372267983381 0.99999980476 0.46859 0 0
229 20 20 1.44671151738 10.6163450535 7.59467726421e-09 0.628512305751 0.372296796809 0.99999980927 0.467585 0 0
229.1 20 20 1.44674578795 10.6178657528 7.60831995536e-09 0.628483323581 0.372325586034 0.999999809378 0.467063 0 0
229.2 20 20 1.44678111412 10.6193013016 7.61683074324e-09 0.628454290401 0.372354357245 0.999999808105 0.470043 0 0
229.3 20 20 1.44681731391 10.6209044395 7.62315800271e-09 0.628425237789 0.37238307513 0.999999816941 0.384578 0 0
229.4 20 20 1.44685388132 10.6222371664 7.6226092898e-09 0.628396150125 0.372411742439 0.999999822397 0.467694 0 0
229.5 20 20 1.44689111545 10.6238827533 7.61734717493e-09 0.628367036829 0.37244036356 0.999999815641 0.467906 0 0
229.6 20 20 1.44692814268 10.6256059749 7.60906441794e-09 0.628337890858 0.372468925971 0.999999789349 0.467338 0 0
229.7 20 20 1.44696595604 10.6266751805 7.59281555169e-09 0.628308732797 0.372497406351 0.999999809805 0.383735 0 0
229.8 20 20 1.44700430391 10.6281259315 7.57191985231e-09 0.628279548529 0.372525820503 0.999999812438 0.386776 0 0
229.9 20 20 1.44704337723 10.6296694001 7.54641449167e-09 0.628250352761 0.372554154472 0.999999802132 0.385138 0 0
230 20 20 1.44708267871 10.6313075591 7.51822684608e-09 0.628221154406 0.372582418877 0.999999805188 0.384775 0 0
230.1 20 20 1.44712302772 10.6327708743 7.48553981449e-09 0.628191959693 0.372610574544 0.999999824466 0.385081 0 0
230.2 20 20 1.44716340904 10.6340277421 7.45043651768e-09 0.628162769796 0.372638651797 0.999999814267 0.384069 0 0
230.3 20 20 1.44720451181 10.6354774924 7.41095856406e-09 0.628133597528 0.372666625091 0.999999817819 0.467325 0 0
230.4 20 20 1.44729527591 10.6375339199 7.36569456128e-09 0.628104446021 0.372694507358 0.999999801166 0.468533 0 0
230.5 20 20 1.44742185356 10.6382571145 7.32330948106e-09 0.62807531835 0.372722284487 0.999999806583 0.385477 0 0
230.6 20 20 1.44754806301 10.6394372711 7.32444541977e-09 0.628046227971 0.372749971345 0.999999825843 0.468655 0 0
230.7 20 20 1.44767095089 10.6407913856 7.30830675141e-09 0.628017155559 0.372777568393 0.99999983464 0.46799 0 0
230.8 20 20 1.44779046648 10.6420491233 7.27539455281e-09 0.6279881399 0.372805061687 0.999999824725 0.469285 0 0
230.9 20 20 1.4479059607 10.6434961264 7.22638485326e-09 0.627959163715 0.372832441815 0.999999810106 0.46774 0 0
231 20 20 1.44801905392 10.6444678066 7.16212087446e-09 0.627930252433 0.372859744481 0.999999821935 0.384764 0 0
231.1 20 20 1.44812822698 10.64595106 7.08360365874e-09 0.627901395897 0.372886923629 0.999999816565 0.469171 0 0
231.2 20 20 1.44823555616 10.6465433029 6.99198106189e-09 0.627872620509 0.372913999616 0.99999983817 0.468906 0 0
231.3 20 20 1.44833711569 10.6477419655 6.90651484163e-09 0.627843889557 0.3729409874 0.999999803756 0.470152 0 0
231.4 20 20 1.44843468255 10.6485370108 6.85501508103e-09 0.627815242945 0.372967872275 0.999999811888 0.382395 0 0
231.5 20 20 1.44852989099 10.6494915593 6.80784898656e-09 0.627786674855 0.372994658021 0.999999822718 0.467517 0 0
231.6 20 20 1.44861864717 10.6503616365 6.76144206549e-09 0.627758187673 0.373021354986 0.999999812163 0.467928 0 0
231.7 20 20 1.4487025038 10.6520831294 6.71630438466e-09 0.627729785462 0.373047972721 0.99999977242 0.385036 0 0
231.8 20 20 1.4487826458 10.6522050875 6.67618646129e-09 0.627701497424 0.373074477785 0.999999812058 0.386004 0 0
231.9 20 20 1.44886098029 10.6529320835 6.64012596723e-09 0.627673270574 0.373100928065 0.999999833812 0.387925 0 0
232 20 20 1.44893371285 10.6533971109 6.60526225312e-09 0.627645112983 0.37312729598 0.999999809888 0.466832 0 0
232.1 20 20 1.44900293213 10.654396956 6.57224925977e-09 0.627617051487 0.373153555849 0.999999800302 0.384392 0 0
232.2 20 20 1.44906683173 10.6550985864 6.54389279941e-09 0.62758908015 0.373179763913 0.999999800925 0.467868 0 0
232.3 20 20 1.44912934344 10.6551390912 6.51782385095e-09 0.627561192296 0.37320592524 0.999999823218 0.467868 0 0
232.4 20 20 1.44918716545 10.6556899517 6.49737936271e-09 0.627533397834 0.373232016076 0.999999823476 0.46993 0 0
232.5 20 20 1.44923965805 10.6562002741 6.48139117817e-09 0.627505668745 0.373258059973 0.999999814445 0.468602 0 0
232.6 20 20 1.44928732995 10.6564271414 6.46772882357e-09 0.627478039228 0.373284058875 0.999999794672 0.385473 0 0
232.7 20 20 1.44933315241 10.6567068146 6.50166381253e-09 0.627450499703 0.373310047773 0.999999830277 0.467265 0 0
232.8 20 20 1.44937596757 10.6571382853 6.56523895797e-09 0.627423014845 0.373336006972 0.999999815385 0.384662 0 0
232.9 20 20 1.44941450185 10.6578417601 6.62201780363e-09 0.627395612535 0.373361937902 0.999999804386 0.467957 0 0
233 20 20 1.44944861178 10.6578348562 6.67144074421e-09 0.627368285023 0.373387838984 0.999999813381 0.472313 0 0
233.1 20 20 1.44947761158 10.6579473786 6.71303168224e-09 0.627341021483 0.373413740685 0.999999794106 0.467746 0 0
233.2 20 20 1.44950286884 10.6581523789 6.7463995179e-09 0.627313841197 0.373439634297 0.999999811054 0.469042 0 0
233.3 20 20 1.44952399178 10.6580449069 6.77124333665e-09 0.627286701361 0.373465532302 0.9999998094 0.385694 0 0
233.4 20 20 1.44954433228 10.6580450238 6.78735519016e-09 0.6272596274 0.373491440256 0.999999831207 0.467965 0 0
233.5 20 20 1.44956082143 10.6579879266 6.79462112838e-09 0.627232579398 0.373517374531 0.999999803562 0.467307 0 0
233.6 20 20 1.44957358388 10.6580137222 6.79302011354e-09 0.627205585654 0.373543316807 0.99999981 0.469024 0 0
233.7 20 20 1.44958207192 10.6579718515 6.78262773312e-09 0.62717863514 0.373569286366 0.999999803378 0.468273 0 0
233.8 20 20 1.44958918206 10.6580546581 6.76361999506e-09 0.62715171665 0.373595285775 0.999999810921 0.385735 0 0
233.9 20 20 1.44959480606 10.6580514292 6.73626832524e-09 0.627124827449 0.373621356046 0.999999816173 0.466912 0 0
234 20 20 1.44959624045 10.6583084499 6.70093867633e-09 0.627097959015 0.373647477928 0.99999980251 0.386103 0 0
234.1 20 20 1.44959585535 10.6582460982 6.66202477045e-09 0.627071140321 0.373673665374 0.999999804174 0.474018 0 0
234.2 20 20 1.44959407299 10.6580567602 6.6913588383e-09 0.627044319218 0.373699926502 0.999999821208 0.470682 0 0
234.3 20 20 1.44959096988 10.6582055166 6.71774955034e-09 0.627017502502 0.373726262519 0.999999812638 0.469575 0 0
234.4 20 20 1.44958668012 10.6583079992 6.74028968959e-09 0.626990710174 0.373752679909 0.999999819474 0.384345 0 0
234.5 20 20 1.44958104017 10.6579870957 6.76982146255e-09 0.626963922489 0.373779191263 0.99999984402 0.466178 0 0
234.6 20 20 1.44957316952 10.6583286525 6.79734321016e-09 0.626937131952 0.373805816875 0.999999810912 0.467605 0 0
234.7 20 20 1.4495650261 10.6584449145 6.82328043478e-09 0.626910356799 0.373832540872 0.999999814804 0.46812 0 0
234.8 20 20 1.44955711223 10.6581030548 6.84821628649e-09 0.626883586822 0.373859359573 0.999999840694 0.468047 0 0
234.9 20 20 1.44954527081 10.6584702788 6.87151843847e-09 0.626856810869 0.373886294582 0.999999797206 0.467382 0 0
235 20 20 1.44953504225 10.6584998043 6.89170805676e-09 0.626830050036 0.373913335693 0.9999998083 0.38619 0 0
235.1 20 20 1.44952693147 10.6583286064 6.90807842131e-09 0.626803286751 0.373940501174 0.999999831174 0.468183 0 0
235.2 20 20 1.44951994067 10.6584761603 6.92364197877e-09 0.626776503913 0.373967802653 0.999999828684 0.46769 0 0
235.3 20 20 1.44951526923 10.6587678356 6.93756735913e-09 0.626749730067 0.373995235039 0.999999834369 0.467963 0 0
235.4 20 20 1.44951075717 10.6589636256 6.94749778186e-09 0.626722946899 0.374022798912 0.999999837986 0.466709 0 0
235.5 20 20 1.44950792554 10.6595796356 6.95577321469e-09 0.62669616998 0.374050500392 0.999999829362 0.385138 0 0
235.6 20 20 1.44950712577 10.6603227503 6.96219177737e-09 0.626669394127 0.374078332785 0.999999827508 0.384152 0 0
235.7 20 20 1.44956131192 10.6601116091 6.96388836525e-09 0.626642616543 0.374106295525 0.999999832215 0.472604 0 0
235.8 20 20 1.44962315643 10.6604637986 6.96301168167e-09 0.626615832689 0.374134381743 0.99999983169 0.466279 0 0
235.9 20 20 1.44968605183 10.6609707151 6.95570842886e-09 0.626589064647 0.3741626008 0.999999815525 0.468514 0 0
236 20 20 1.44975054301 10.6615879932 6.95226312607e-09 0.626562293737 0.374190935722 0.999999843437 0.386138 0 0
236.1 20 20 1.44981528885 10.6621436838 6.94547277616e-09 0.626535527252 0.374219409883 0.999999823677 0.386889 0 0
236.2 20 20 1.44988070557 10.6632601703 6.93709963104e-09 0.626508776317 0.374248001953 0.999999821877 0.46917 0 0
236.3 20 21 1.44994704752 10.663988046 7.97031511324e-09 0.62648205478 0.374276682958 0.999999809601 0.384557 0 0
236.4 20 20 1.45001448135 10.6644628188 6.91292723098e-09 0.626455342751 0.374305486892 0.999999823196 0.470686 0 0
236.5 20 20 1.45008252945 10.6651023432 6.89772504882e-09 0.626428628794 0.374334403084 0.999999830735 0.468656 0 0
236.6 20 20 1.45015074924 10.6663824161 6.88169913449e-09 0.626401932943 0.374363423099 0.999999820989 0.386326 0 0
236.7 20 20 1.45021964668 10.6670237186 6.86483414109e-09 0.626375264577 0.374392533757 0.999999840103 0.469538 0 0
236.8 20 20 1.45028952632 10.6681024204 6.84698637003e-09 0.626348611347 0.374421758675 0.999999832341 0.384044 0 0
236.9 20 20 1.45035902215 10.6691482516 6.8284223779e-09 0.626321983 0.374451039299 0.999999813344 0.468673 0 0
237 20 20 1.45042893734 10.6705009545 6.81093398051e-09 0.62629539098 0.374480416575 0.999999823481 0.383944 0 0
237.1 20 20 1.45049925111 10.6718198626 6.79431700834e-09 0.626268820223 0.374509862239 0.999999838184 0.470182 0 0
237.2 20 20 1.45056920565 10.6729424209 6.77370054142e-09 0.626242290472 0.374539379692 0.999999832265 0.466539 0 0
237.3 20 20 1.45063907776 10.6741515364 6.75544156639e-09 0.626215781301 0.374568947918 0.999999830666 0.471924 0 0
237.4 20 20 1.45070828414 10.675433466 6.73775555595e-09 0.626189305577 0.374598580014 0.999999816096 0.467445 0 0
237.5 20 20 1.45077821053 10.6769944976 6.72839311043e-09 0.6261628704 0.374628265924 0.999999825929 0.384695 0 0
237.6 20 20 1.45084769617 10.6785985609 6.72065927958e-09 0.626136454544 0.374657985378 0.999999824557 0.468242 0 0
237.7 20 20 1.45091630721 10.6802879645 6.71236921954e-09 0.626110079052 0.374687724867 0.999999805602 0.471006 0 0
237.8 20 20 1.45098486397 10.6811574897 6.70282196119e-09 0.626083745115 0.374717477974 0.999999825561 0.384072 0 0
237.9 20 20 1.45105296256 10.6825753057 6.69454825716e-09 0.626057424911 0.374747249473 0.999999818415 0.469317 0 0
238 20 20 1.45112104588 10.6840431936 6.68583308958e-09 0.626031144537 0.374777048409 0.99999984586 0.384507 0 0
238.1 20 20 1.4511880381 10.6861873336 6.6828123464e-09 0.626004885197 0.374806826622 0.999999807973 0.467413 0 0
238.2 20 20 1.45125430229 10.6871985788 6.68044101776e-09 0.625978656055 0.374836594596 0.999999825413 0.383007 0 0
238.3 20 20 1.45132038321 10.6885052589 6.68870829111e-09 0.62595247421 0.374866359566 0.999999836142 0.468904 0 0
238.4 20 20 1.45138559717 10.6898635233 6.6906296793e-09 0.625926291491 0.374896095837 0.99999982641 0.467058 0 0
238.5 20 20 1.45144872676 10.6915701089 6.6968011514e-09 0.625900138049 0.374925801031 0.999999843019 0.468823 0 0
238.6 20 20 1.45151337562 10.692850525 6.70133527948e-09 0.625873992779 0.374955471996 0.999999843831 0.466693 0 0
238.7 20 20 1.45157689955 10.6942980256 6.71268701334e-09 0.625847861408 0.374985098099 0.999999837735 0.469426 0 0
238.8 20 20 1.4516399984 10.6958505942 6.73097283879e-09 0.625821742362 0.375014666336 0.999999846652 0.384331 0 0
238.9 20 20 1.45170254802 10.697230841 6.74903226844e-09 0.625795630858 0.375044177713 0.999999847123 0.468725 0 0
239 20 20 1.45176401933 10.6989794107 6.78041750893e-09 0.625769526641 0.375073610131 0.999999813989 0.469211 0 0
239.1 20 20 1.4518250159 10.700084182 6.80572258866e-09 0.625743446303 0.375102952856 0.999999823385 0.386247 0 0
239.2 20 20 1.45188515741 10.7015535047 6.82421255062e-09 0.625717351153 0.375132198275 0.999999822129 0.469333 0 0
239.3 20 20 1.45194507 10.70273404 6.8357774991e-09 0.625691257919 0.375161361177 0.999999830654 0.46881 0 0
239.4 20 20 1.45200465949 10.7040638917 6.84356400121e-09 0.625665140425 0.375190437751 0.999999853424 0.468522 0 0
239.5 20 20 1.45206331604 10.7051788372 6.86218431192e-09 0.625639010066 0.37521943719 0.999999838451 0.467907 0 0
239.6 20 20 1.45212177369 10.7065233567 6.88511497334e-09 0.62561286869 0.375248326095 0.999999843516 0.468524 0 0
239.7 20 20 1.45217960224 10.7077094572 6.90566346792e-09 0.625586705808 0.375277130031 0.999999824747 0.383565 0 0
239.8 20 20 1.45223661904 10.7089310982 6.93081337792e-09 0.625560523143 0.375305820257 0.999999845268 0.467471 0 0
239.9 20 20 1.45229344629 10.7102019877 6.95058644496e-09 0.625534315393 0.375334425354 0.999999829234 0.468791 0 0
240 20 20 1.45234946145 10.7109451281 6.97314495208e-09 0.625508089261 0.375362910357 0.999999837115 0.469049 0 0
240.1 20 20 1.45240512166 10.7120363758 6.99672119456e-09 0.625481826459 0.375391303218 0.999999820589 0.469697 0 0
240.2 20 20 1.45246085253 10.7130893856 7.02045312591e-09 0.625455526484 0.375419581774 0.999999843701 0.470189 0 0
240.3 20 20 1.45251627406 10.7139427051 7.03622480485e-09 0.625429203851 0.375447764973 0.999999837657 0.46794 0 0
240.4 20 20 1.45257165448 10.714862436 7.05328684341e-09 0.625402846205 0.375475818607 0.99999984944 0.469365 0 0
240.5 20 20 1.45262650955 10.7157931595 7.06806773139e-09 0.625376451004 0.375503771173 0.999999837769 0.47121 0 0
240.6 20 20 1.45268117147 10.7165924983 7.08027966649e-09 0.62535002074 0.37553162796 0.999999844683 0.384942 0 0
240.7 20 20 1.45273542745 10.7173740525 7.08637958146e-09 0.625323556029 0.37555938675 0.999999824418 0.469788 0 0
240.8 20 20 1.45278880947 10.7180620436 7.09329992346e-09 0.62529705264 0.37558703734 0.999999808175 0.468121 0 0
240.9 20 20 1.45284205805 10.7191221436 7.1003115611e-09 0.625270520336 0.375614565874 0.999999811196 0.384563 0 0
241 20 20 1.45289483888 10.719565154 7.10578901586e-09 0.625243939502 0.375642006354 0.999999826972 0.470737 0 0
241.1 20 20 1.45294807796 10.7201039065 7.11129549333e-09 0.62521731875 0.375669362482 0.999999808785 0.47033 0 0
241.2 20 20 1.45300149779 10.720595809 7.22882521402e-09 0.625190665314 0.375696636624 0.999999820516 0.383853 0 0
241.3 20 20 1.45305432438 10.7212467433 7.10413086778e-09 0.625163982222 0.375723827482 0.99999980413 0.470535 0 0
241.4 20 20 1.45310792835 10.7216602353 7.09659455069e-09 0.62513726084 0.375750902364 0.999999847822 0.389549 0 0
241.5 20 20 1.45316099628 10.7223794404 7.08619708397e-09 0.625110500786 0.375777930085 0.999999810646 0.469654 0 0
241.6 20 20 1.45321345595 10.7224961462 7.07318025972e-09 0.62508371825 0.375804877528 0.99999982794 0.469836 0 0
241.7 20 20 1.45326637414 10.722948855 7.07463842153e-09 0.625056900078 0.375831800388 0.99999983547 0.385017 0 0
241.8 20 20 1.45331824531 10.7233817709 7.12316339603e-09 0.625030063688 0.375858663239 0.99999980604 0.46751 0 0
241.9 20 20 1.45337017948 10.7236277804 7.1641191172e-09 0.62500319739 0.375885458755 0.999999832109 0.468502 0 0
242 20 20 1.45342220621 10.7238366043 7.19723821377e-09 0.624976304075 0.375912247455 0.999999828291 0.470081 0 0
242.1 20 20 1.45347404061 10.7241120205 7.22235438224e-09 0.624949399322 0.375939005365 0.999999820587 0.384532 0 0
242.2 20 20 1.45352571426 10.7243860369 7.23940338714e-09 0.62492248328 0.375965748658 0.999999830511 0.383963 0 0
242.3 20 20 1.45357683357 10.7245339555 7.24842281392e-09 0.62489555578 0.375992473793 0.999999806219 0.468979 0 0
242.4 20 20 1.45362818918 10.7246424916 7.24955061085e-09 0.624868614512 0.376019171419 0.99999983974 0.468289 0 0
242.5 20 20 1.45367897403 10.72491021 7.24302251082e-09 0.624841650105 0.376045884039 0.999999826339 0.468157 0 0
242.6 20 20 1.4537283948 10.7253441523 7.22916838881e-09 0.624814692429 0.376072574594 0.999999799283 0.469247 0 0
242.7 20 20 1.45377811564 10.7251062711 7.20840764687e-09 0.624787731034 0.376099266783 0.999999830884 0.468263 0 0
242.8 20 20 1.4538279803 10.7251483578 7.18124361758e-09 0.62476075262 0.376125989897 0.999999835844 0.467261 0 0
242.9 20 20 1.45387764225 10.7250156372 7.14825708898e-09 0.624733785288 0.376152738802 0.999999841006 0.46986 0 0
243 20 20 1.45392684288 10.7250620095 7.11009896022e-09 0.624706807281 0.376179503733 0.999999861301 0.46817 0 0
243.1 20 20 1.45397459915 10.7254743102 7.06748208859e-09 0.624679831001 0.376206306117 0.999999798124 0.469337 0 0
243.2 20 20 1.45402258278 10.7251113844 7.02117238855e-09 0.624652889231 0.376233118284 0.999999825572 0.468344 0 0
243.3 20 20 1.4540702838 10.7252303137 6.971979213e-09 0.624625929444 0.376259980718 0.999999821595 0.469946 0 0
243.4 20 20 1.45411727916 10.7250184024 6.92074510886e-09 0.624598981757 0.376286879881 0.999999809193 0.473292 0 0
243.5 20 20 1.45416324983 10.7249032697 6.86833506562e-09 0.624572065751 0.376313812459 0.999999806804 0.467947 0 0
243.6 20 20 1.45420933932 10.7245989986 6.81562539775e-09 0.624545146727 0.376340795128 0.999999818023 0.385219 0 0
243.7 20 20 1.45425523563 10.7245100761 6.76349237176e-09 0.624518236895 0.376367834737 0.999999836286 0.38409 0 0
243.8 20 20 1.45430064964 10.7242411482 6.71868015216e-09 0.624491321336 0.376394952725 0.99999983104 0.469697 0 0
243.9 20 20 1.45434537854 10.724255894 6.77103771511e-09 0.624464423581 0.3764221414 0.999999844002 0.386106 0 0
244 20 20 1.45438901841 10.7240630802 6.82029297439e-09 0.624437520535 0.376449398158 0.999999814397 0.469965 0 0
244.1 20 20 1.45443279895 10.7239246607 6.86588686077e-09 0.62441063833 0.376476724992 0.999999839189 0.386241 0 0
244.2 20 20 1.45447582674 10.7238334101 6.90730257237e-09 0.624383770141 0.376504125255 0.999999822943 0.382783 0 0
244.3 20 20 1.45451835822 10.7237617341 6.94407098642e-09 0.624356912334 0.376531601241 0.999999829964 0.470226 0 0
244.4 20 20 1.45456058559 10.7236231678 6.97577401857e-09 0.62433004187 0.376559144802 0.99999983875 0.469212 0 0
244.5 20 20 1.45460163767 10.723703211 7.00205023939e-09 0.624303192455 0.376586778896 0.999999794577 0.469087 0 0
244.6 20 20 1.4546429215 10.7234268121 7.02259852636e-09 0.624276356325 0.376614472002 0.999999831919 0.469839 0 0
244.7 20 20 1.45468352444 10.7234171787 7.03718117018e-09 0.62424951115 0.376642244529 0.999999817824 0.47065 0 0
244.8 20 20 1.45472376709 10.7232677598 7.04562658246e-09 0.62422267109 0.376670089447 0.999999814571 0.384214 0 0
244.9 20 20 1.45476376965 10.7233407628 7.04783025378e-09 0.624195817029 0.376698012884 0.999999821787 0.386064 0 0
245 20 20 1.45480314083 10.7232974981 7.04375693988e-09 0.624168969455 0.376726010721 0.999999820029 0.467523 0 0
245.1 20 20 1.45484257671 10.7234044808 7.0334409943e-09 0.62414212221 0.376754081825 0.999999826522 0.467298 0 0
245.2 20 20 1.4548817607 10.7234047515 7.01698841061e-09 0.624115246352 0.376782244886 0.999999815808 0.467113 0 0
245.3 20 20 1.45492085109 10.7235482102 6.99457561759e-09 0.624088379665 0.376810447397 0.999999830673 0.468951 0 0
245.4 20 20 1.45495955372 10.7236104181 6.96644545405e-09 0.624061511721 0.376838732752 0.999999815011 0.468971 0 0
245.5 20 20 1.45499790211 10.7238046023 6.93290641579e-09 0.624034625372 0.376867093982 0.999999823643 0.467466 0 0
245.6 20 20 1.45503650339 10.7241367523 6.89433022231e-09 0.624007720561 0.376895535138 0.999999813995 0.468654 0 0
245.7 20 20 1.45507443553 10.7244135364 6.85114770139e-09 0.623980814928 0.376924026005 0.999999811234 0.38338 0 0
245.8 20 20 1.4551123157 10.7247940748 6.8408862645e-09 0.623953893586 0.376952578025 0.99999983766 0.467948 0 0
245.9 20 20 1.45515038927 10.7248249594 6.9106065559e-09 0.6239269573 0.37698118247 0.999999813911 0.382627 0 0
246 20 20 1.45518831144 10.7253339737 6.98341498872e-09 0.623900016941 0.377009834259 0.999999805579 0.382973 0 0
246.1 20 20 1.45522633544 10.7260993171 7.05853194648e-09 0.623873072145 0.377038528156 0.999999801777 0.383698 0 0
246.2 20 20 1.45526471889 10.7261948252 7.135148065e-09 0.623846121735 0.37706727556 0.99999984335 0.469523 0 0
246.3 20 20 1.45530302196 10.7266627148 7.21243460662e-09 0.623819130832 0.377096090411 0.99999983067 0.469686 0 0
246.4 20 20 1.45534197256 10.7271518106 7.28955437446e-09 0.623792144738 0.377124921172 0.999999833957 0.468297 0 0
246.5 20 20 1.45538108122 10.7279513807 7.36567228618e-09 0.623765141097 0.377153792421 0.999999822361 0.470832 0 0
246.6 20 20 1.45542005012 10.7283699753 7.43996607754e-09 0.623738147717 0.37718267129 0.999999817689 0.472008 0 0
246.7 20 20 1.45545974821 10.729053583 7.51163694638e-09 0.623711127693 0.377211588039 0.999999838518 0.387 0 0
246.8 20 20 1.45549885696 10.7301047378 7.57991979239e-09 0.623684095475 0.377240513768 0.999999816344 0.471304 0 0
246.9 20 20 1.45553819445 10.7307520483 7.6440929935e-09 0.623657064294 0.377269442692 0.999999811216 0.469214 0 0
247 20 20 1.4555778535 10.7312983601 7.70348748544e-09 0.623630051722 0.377298386062 0.999999811151 0.385196 0 0
247.1 20 20 1.45561793424 10.7321316001 7.75749502746e-09 0.623603042076 0.377327322126 0.99999984356 0.38411 0 0
247.2 20 20 1.4556581591 10.7331619415 7.80557583864e-09 0.6235760253 0.377356246494 0.999999815055 0.46822 0 0
247.3 20 20 1.45569819658 10.7339332474 7.84726680794e-09 0.623549020622 0.37738514698 0.999999827738 0.468822 0 0
247.4 20 20 1.45573876518 10.7349251217 7.88218533535e-09 0.623522034123 0.377414026505 0.999999836338 0.469194 0 0
247.5 20 20 1.45577946758 10.7358777265 7.91003232518e-09 0.623495058599 0.377442883984 0.99999982628 0.469895 0 0
247.6 20 20 1.45581966312 10.7364188669 7.93059490827e-09 0.623468109462 0.377471702543 0.999999816672 0.389466 0 0
247.7 20 20 1.45586024726 10.7377288449 7.94374809713e-09 0.623441185123 0.377500481547 0.99999981841 0.386193 0 0
247.8 20 20 1.45590103942 10.7382994399 7.94945532337e-09 0.623414291 0.377529213075 0.999999835867 0.469578 0 0
247.9 20 20 1.45594143832 10.7395841937 7.94776786464e-09 0.623387426206 0.377557912933 0.99999980654 0.470304 0 0
248 20 20 1.45598213791 10.7405178144 7.93882321666e-09 0.623360616594 0.377586551055 0.999999801849 0.385741 0 0
248.1 20 20 1.45602298571 10.7416187746 7.92284248533e-09 0.623333866687 0.37761511513 0.999999824665 0.471032 0 0
248.2 20 20 1.4560635056 10.7425596173 7.9001268607e-09 0.623307123167 0.37764364643 0.999999816838 0.384957 0 0
248.3 20 20 1.45610438439 10.7430728119 7.87105377113e-09 0.623280425392 0.37767208474 0.999999831931 0.385188 0 0
248.4 20 20 1.45614520696 10.7438585355 7.83607092865e-09 0.62325378254 0.377700474363 0.999999843126 0.469774 0 0
248.5 20 20 1.45618571219 10.7447980131 7.79568993247e-09 0.623227189619 0.37772878393 0.999999849575 0.469812 0 0
248.6 20 20 1.45622596018 10.7462251367 7.75047925588e-09 0.623200658596 0.377757021826 0.999999824398 0.469709 0 0
248.7 20 20 1.4562659701 10.746718198 7.70105656192e-09 0.623174196937 0.377785161922 0.999999819867 0.468722 0 0
248.8 20 20 1.45630563579 10.7474705324 7.64808033846e-09 0.623147783877 0.37781321931 0.999999842108 0.470003 0 0
248.9 20 20 1.45634471042 10.7489614657 7.5922409606e-09 0.623121450665 0.377841195378 0.99999979826 0.46979 0 0
249 20 20 1.45638340105 10.7493323336 7.53425129173e-09 0.623095197181 0.377869079586 0.999999813361 0.385752 0 0
249.1 20 20 1.45642212026 10.7500491572 7.47483692344e-09 0.623068989297 0.377896876208 0.999999808312 0.385048 0 0
249.2 20 20 1.45646072024 10.7508632372 7.41472638583e-09 0.623042873051 0.377924576605 0.999999844204 0.386604 0 0
249.3 20 20 1.45649929115 10.7514376793 7.35464186577e-09 0.623016806136 0.377952203165 0.999999827065 0.385247 0 0
249.4 20 20 1.45653658464 10.7524994119 7.29528860473e-09 0.622990805744 0.377979727809 0.999999800234 0.383909 0 0
249.5 20 20 1.45657393084 10.7530473351 7.23734510356e-09 0.622964914236 0.378007147232 0.999999831231 0.469536 0 0
249.6 20 20 1.45661124279 10.7534285711 7.18145399211e-09 0.622939068548 0.378034484786 0.999999833542 0.384313 0 0
249.7 20 20 1.4566478486 10.7539868593 7.12821348975e-09 0.6229133036 0.378061715567 0.999999841377 0.468836 0 0
249.8 20 20 1.45668458916 10.7545513717 7.07816976711e-09 0.622887600121 0.378088853444 0.999999844135 0.471182 0 0
249.9 20 20 1.45672056862 10.7559069103 7.03181017325e-09 0.622861982124 0.37811589576 0.999999817714 0.471503 0 0
250 20 20 1.45675623575 10.7557974093 6.98955753315e-09 0.62283643517 0.378142841257 0.999999827073 0.472008 0 0
250.1 20 20 1.45679143755 10.756411607 6.95176553532e-09 0.622810948185 0.378169695033 0.999999815855 0.466932 0 0
250.2 20 20 1.4568256239 10.7566074603 6.91871531411e-09 0.622785552189 0.378196462315 0.999999806561 0.469103 0 0
250.3 20 20 1.45686042991 10.7568792608 6.89061322128e-09 0.622760201548 0.378223131218 0.999999834652 0.469161 0 0
250.4 20 20 1.45689533929 10.7572826112 6.86758975581e-09 0.622734902149 0.378249718152 0.999999843282 0.469945 0 0
250.5 20 20 1.45692959144 10.7576228076 6.87381121932e-09 0.622709677805 0.378276226864 0.999999845542 0.468545 0 0
250.6 20 20 1.45696359561 10.7579567755 6.88052127709e-09 0.622684518618 0.378302645439 0.999999824082 0.467682 0 0
250.7 20 20 1.45699738504 10.7582609374 6.88206150011e-09 0.622659414815 0.378329001105 0.999999828878 0.468543 0 0
250.8 20 20 1.45703072107 10.7584027481 6.87854918629e-09 0.622634359504 0.378355267726 0.999999821325 0.469643 0 0
250.9 20 20 1.45706452087 10.758674593 6.87016237774e-09 0.62260935458 0.378381475919 0.999999843029 0.469516 0 0
251 20 20 1.45709787685 10.7593082943 6.8571361756e-09 0.622584399222 0.378407617369 0.999999845204 0.469753 0 0
251.1 20 20 1.45713149952 10.7589740124 6.84417405836e-09 0.622559495611 0.378433684692 0.999999854565 0.384197 0 0
251.2 20 20 1.45716393527 10.7595258146 6.85786633029e-09 0.622534613198 0.378459701328 0.999999810033 0.467524 0 0
251.3 20 20 1.45719672588 10.7591872927 6.87473126369e-09 0.622509789035 0.378485632028 0.999999827325 0.467648 0 0
251.4 20 20 1.45722891851 10.7593474763 6.8942959428e-09 0.62248498887 0.378511519781 0.999999811043 0.470255 0 0
251.5 20 20 1.45726102293 10.7590318509 6.91605758099e-09 0.622460250275 0.378537348348 0.999999826784 0.385447 0 0
251.6 20 20 1.45729394866 10.7590920709 6.93949061075e-09 0.622435514703 0.378563151939 0.999999821454 0.469373 0 0
251.7 20 20 1.45732684395 10.7589530547 6.96405395137e-09 0.622410825782 0.378588899157 0.99999983094 0.471717 0 0
251.8 20 20 1.4573599305 10.7588132379 6.98919880471e-09 0.62238615632 0.378614620219 0.999999838167 0.46825 0 0
251.9 20 20 1.45739284384 10.7586497557 7.01437525253e-09 0.62236151126 0.37864029785 0.999999833861 0.470419 0 0
252 20 20 1.457426284 10.7586528774 7.03903909248e-09 0.622336871478 0.378665942486 0.999999839799 0.46871 0 0
252.1 20 20 1.45745876977 10.7582517836 7.06265866793e-09 0.622312255044 0.378691539581 0.999999815555 0.468372 0 0
252.2 20 20 1.45749208917 10.7583709296 7.08472141131e-09 0.622287652892 0.378717094056 0.999999837664 0.386087 0 0
252.3 20 20 1.45752610471 10.7581232694 7.10474007711e-09 0.622263070718 0.37874264971 0.999999848194 0.383494 0 0
252.4 20 20 1.45755920189 10.7578678676 7.12225852706e-09 0.622238500851 0.378768182649 0.99999980393 0.383864 0 0
252.5 20 20 1.45759329331 10.757364951 7.13685707518e-09 0.622213942263 0.378793695287 0.999999845896 0.467719 0 0
252.6 20 20 1.45762690436 10.757396572 7.14815727873e-09 0.622189383113 0.3788192064 0.9999998183 0.468531 0 0
252.7 20 20 1.45766090777 10.7568659731 7.15582615675e-09 0.622164851638 0.378844704873 0.999999826 0.469877 0 0
252.8 20 20 1.45769499442 10.7566949567 7.15957981688e-09 0.622140325253 0.378870204223 0.999999824182 0.470082 0 0
252.9 20 20 1.45772893824 10.7563423154 7.15918638787e-09 0.622115801239 0.378895711688 0.999999814141 0.469076 0 0
253 20 20 1.45776364654 10.7562093495 7.1544683157e-09 0.622091274823 0.378921214372 0.999999831873 0.471264 0 0
253.1 20 20 1.45779774299 10.7555147225 7.14530398384e-09 0.622066743156 0.378946728891 0.999999833023 0.470971 0 0
253.2 20 20 1.45783196275 10.7558714429 7.13162865177e-09 0.622042214081 0.378972249045 0.999999795916 0.469591 0 0
253.3 20 20 1.45786621008 10.7551812753 7.1134347211e-09 0.622017711347 0.378997758871 0.999999825653 0.387382 0 0
253.4 20 20 1.45790112347 10.7548699193 7.09077132524e-09 0.621993212052 0.379023299246 0.999999835697 0.386196 0 0
253.5 20 20 1.45793617112 10.7545470625 7.06374340272e-09 0.621968695834 0.379048861102 0.99999982578 0.4689 0 0
253.6 20 20 1.45797126728 10.7540724426 7.03251078732e-09 0.621944178603 0.379074434722 0.999999834365 0.468795 0 0
253.7 20 20 1.45800614133 10.7535789511 6.99728567941e-09 0.62191967954 0.379100011754 0.999999835178 0.468765 0 0
253.8 20 20 1.45804102357 10.7534843718 6.95832914144e-09 0.621895180107 0.379125600016 0.999999815724 0.465906 0 0
253.9 20 20 1.45807521829 10.753734058 6.91594753427e-09 0.621870670414 0.379151200105 0.999999798376 0.467992 0 0
254 20 20 1.45810979516 10.7529247794 6.87048858887e-09 0.621846187849 0.379176831359 0.999999816289 0.383025 0 0
254.1 20 20 1.45814387256 10.7527102492 6.82233702054e-09 0.621821705368 0.379202476357 0.999999802373 0.383005 0 0
254.2 20 20 1.45817802485 10.7525041549 6.77190981808e-09 0.621797238173 0.379228133854 0.9999998191 0.38226 0 0
254.3 20 20 1.45821191181 10.7519491225 6.71965151073e-09 0.621772768602 0.37925381753 0.999999844013 0.467113 0 0
254.4 20 20 1.45824553007 10.7518654062 6.6660287898e-09 0.62174828636 0.379279528206 0.999999823508 0.467672 0 0
254.5 20 20 1.45827915021 10.7518015386 6.61152495646e-09 0.621723821634 0.379305250579 0.999999835771 0.468823 0 0
254.6 20 20 1.45831210315 10.7514006676 6.55663346746e-09 0.621699353261 0.379330982213 0.999999829731 0.469591 0 0
254.7 20 20 1.45834443063 10.7511613397 6.50185180043e-09 0.62167488583 0.379356764365 0.9999998284 0.466693 0 0
254.8 20 20 1.45837677236 10.7510338091 6.44815211876e-09 0.621650424605 0.379382561742 0.999999840039 0.46908 0 0
254.9 20 20 1.45840841296 10.750987628 6.46950338927e-09 0.621625965616 0.379408370625 0.99999981484 0.471282 0 0
255 20 20 1.45843981338 10.7509444146 6.48937129478e-09 0.621601528808 0.379434176626 0.999999836879 0.384838 0 0
255.1 20 20 1.45847094788 10.7511017325 6.50735896342e-09 0.621577077177 0.379460026494 0.999999821854 0.386235 0 0
255.2 20 20 1.45850096471 10.7509659815 6.52309291372e-09 0.62155264608 0.379485869094 0.999999830119 0.382815 0 0
255.3 20 20 1.45853150973 10.7512254457 6.53622788753e-09 0.621528212698 0.379511720722 0.999999852695 0.383461 0 0
255.4 20 20 1.45856109478 10.7511988993 6.54645128808e-09 0.621503766333 0.379537602163 0.999999853175 0.467755 0 0
255.5 20 20 1.45859054322 10.7513821773 6.55348707751e-09 0.621479315481 0.379563486761 0.999999853764 0.469406 0 0
255.6 20 20 1.45861918369 10.7516331499 6.55709914169e-09 0.621454876037 0.379589375502 0.999999842529 0.470448 0 0
255.7 20 20 1.45864712635 10.751996899 6.55709405166e-09 0.621430434558 0.379615261241 0.999999832167 0.468711 0 0
255.8 20 20 1.45867428829 10.752228966 6.55332318326e-09 0.621405984312 0.379641142396 0.999999820231 0.387734 0 0
255.9 20 20 1.45870051743 10.7527534791 6.54568423625e-09 0.621381520987 0.379667009124 0.999999817322 0.468168 0 0
256 20 20 1.45872652464 10.7533818991 6.53412203471e-09 0.62135705576 0.379692859107 0.999999841713 0.384987 0 0
256.1 20 20 1.45875205558 10.7531616095 6.5186287799e-09 0.621332581579 0.379718715659 0.999999830821 0.470337 0 0
256.2 20 20 1.45877654094 10.7536271183 6.52796283238e-09 0.621308102298 0.379744558389 0.99999982462 0.467627 0 0
256.3 20 20 1.45880082139 10.7540242246 6.55537364064e-09 0.62128362565 0.379770389646 0.999999838815 0.468574 0 0
256.4 20 20 1.45882382911 10.7546327434 6.58326860473e-09 0.621259138635 0.379796189247 0.999999823999 0.385596 0 0
256.5 20 20 1.4588459104 10.7551104903 6.61014563835e-09 0.621234641935 0.379821964496 0.999999812502 0.471618 0 0
256.6 20 20 1.45886778711 10.755664823 6.63946890448e-09 0.621210129675 0.379847703466 0.999999827441 0.466845 0 0
256.7 20 20 1.45888888207 10.7565601105 6.66775070196e-09 0.621185578214 0.379873422983 0.999999821199 0.468616 0 0
256.8 20 20 1.45890952485 10.7569098679 6.69412055022e-09 0.621161014449 0.379899101822 0.999999813269 0.468804 0 0
256.9 20 20 1.45892941227 10.7577990274 6.72021583504e-09 0.621136443822 0.379924716771 0.999999815377 0.469106 0 0
257 20 20 1.45894909927 10.7583053107 6.74630621547e-09 0.621111847557 0.379950295805 0.99999984569 0.468218 0 0
257.1 20 20 1.45896824428 10.7589441476 6.77146262253e-09 0.621087214116 0.379975844929 0.999999834263 0.467844 0 0
257.2 20 20 1.45898562077 10.7602921127 6.7954793608e-09 0.621062564215 0.380001335624 0.999999798588 0.468806 0 0
257.3 20 20 1.4590030464 10.7604277186 6.8195484448e-09 0.621037904224 0.380026780346 0.999999816158 0.469145 0 0
257.4 20 20 1.4590197888 10.7610571328 6.84257616134e-09 0.621013209935 0.380052171649 0.999999819405 0.387139 0 0
257.5 20 20 1.4590354146 10.7616956905 6.86333777222e-09 0.620988490837 0.380077503113 0.999999812273 0.469369 0 0
257.6 20 20 1.4590506109 10.7623422217 6.88286654944e-09 0.620963748848 0.380102780607 0.999999819618 0.468296 0 0
257.7 20 20 1.45906485302 10.7633096167 7.04832456703e-09 0.620938980393 0.380128006889 0.999999786047 0.384665 0 0
257.8 20 20 1.45907915047 10.7637659028 6.91875620734e-09 0.620914194279 0.380153149541 0.999999824635 0.384329 0 0
257.9 20 20 1.45909307809 10.7644659577 6.93292398573e-09 0.620889351879 0.380178253031 0.999999848274 0.466813 0 0
258 20 20 1.45910601652 10.7659865303 6.94567505958e-09 0.620864494801 0.380203299099 0.999999809923 0.468979 0 0
258.1 20 20 1.45911880047 10.7659495304 6.95791489117e-09 0.620839617937 0.380228259416 0.999999836226 0.384751 0 0
258.2 20 20 1.45913021795 10.7670988112 6.96762385306e-09 0.620814689195 0.38025317666 0.999999806662 0.469075 0 0
258.3 20 20 1.4591414037 10.7673714906 6.97592647264e-09 0.620789767594 0.380278026204 0.999999801812 0.467844 0 0
258.4 20 20 1.45915232239 10.7680029213 6.98280100308e-09 0.620764813359 0.380302790676 0.99999984269 0.383611 0 0
258.5 20 20 1.45916243259 10.7686830248 6.98605123221e-09 0.620739810034 0.38032751419 0.999999826113 0.469085 0 0
258.6 20 20 1.45917234982 10.7693909372 6.98989548459e-09 0.620714773722 0.380352159718 0.999999847057 0.468535 0 0
258.7 20 20 1.45918161312 10.7703206189 6.99207596244e-09 0.620689721472 0.380376749678 0.999999838461 0.469826 0 0
258.8 20 20 1.45919002478 10.7707440929 6.99072583037e-09 0.620664647512 0.380401262608 0.999999832993 0.384594 0 0
258.9 20 20 1.45919711682 10.771387953 6.98726412045e-09 0.620639547832 0.380425712233 0.999999830319 0.467807 0 0
259 20 20 1.45920419856 10.7723497729 6.98425263407e-09 0.620614416832 0.380450090981 0.999999822402 0.468038 0 0
259.1 20 20 1.45921054498 10.7725675758 6.97855407502e-09 0.62058928451 0.380474393172 0.999999794255 0.474354 0 0
259.2 20 20 1.45921569483 10.7732268426 6.97085772861e-09 0.62056413332 0.380498614786 0.999999801157 0.469925 0 0
259.3 20 20 1.45922080153 10.7746276466 7.21675497989e-09 0.620538973138 0.380522773676 0.999999806182 0.384561 0 0
259.4 20 20 1.45922512867 10.7742118413 6.95234277208e-09 0.620513796658 0.380546875322 0.999999806802 0.386231 0 0
259.5 20 20 1.45922858603 10.7747512339 6.94086991427e-09 0.620488606043 0.380570901736 0.9999997938 0.386621 0 0
259.6 20 20 1.45923112455 10.7756708946 6.92561290514e-09 0.620463407148 0.380594875421 0.999999788519 0.384047 0 0
259.7 20 20 1.45923361226 10.7756906102 6.91322150812e-09 0.620438185613 0.380618766652 0.999999812037 0.384346 0 0
259.8 20 20 1.45923397948 10.7763457397 6.89646935547e-09 0.620412943899 0.38064261326 0.999999800979 0.468028 0 0
259.9 20 20 1.45923487347 10.7765370795 6.89467896956e-09 0.620387685724 0.380666399023 0.999999819351 0.472097 0 0
260 20 20 1.45923521906 10.7765469853 6.93557716233e-09 0.6203624216 0.380690128366 0.999999811519 0.4691 0 0
260.1 20 20 1.45923516592 10.7773657085 6.97725779053e-09 0.620337156087 0.380713797899 0.999999821837 0.388051 0 0
260.2 20 20 1.45923414802 10.7774137498 7.01945906336e-09 0.620311876904 0.380737433163 0.999999807786 0.470884 0 0
260.3 20 20 1.45923263848 10.7775278498 7.06190820959e-09 0.620286588858 0.380761007826 0.99999981316 0.385272 0 0
260.4 20 20 1.45923047404 10.777879933 7.10443771783e-09 0.620261287398 0.380784528792 0.999999822719 0.387816 0 0
260.5 20 20 1.45922758712 10.778171674 7.14676260361e-09 0.620235978396 0.380808012206 0.999999809896 0.469985 0 0
260.6 20 20 1.45922364393 10.7782699495 7.18848377767e-09 0.620210667598 0.380831440625 0.999999812999 0.46996 0 0
260.7 20 20 1.45921922109 10.7787390372 7.2293201605e-09 0.620185354421 0.38085482681 0.999999810554 0.473268 0 0
260.8 20 20 1.4592150013 10.7786174421 7.26899700806e-09 0.620160040237 0.380878174058 0.999999839846 0.471189 0 0
260.9 20 20 1.45920943828 10.7787238728 7.30724473058e-09 0.620134696539 0.380901504481 0.999999804206 0.470887 0 0
261 20 20 1.45920355182 10.7791357256 7.34380565445e-09 0.620109366308 0.380924778757 0.999999812884 0.387349 0 0
261.1 20 20 1.45919701545 10.7793777596 7.37843726689e-09 0.620084021794 0.38094802923 0.999999809986 0.470005 0 0
261.2 20 20 1.45919017844 10.7791650205 7.4109128416e-09 0.62005866301 0.380971255109 0.999999827175 0.387004 0 0
261.3 20 20 1.45918256663 10.7791860526 7.44102530667e-09 0.620033306312 0.380994459675 0.999999808989 0.469666 0 0
261.4 20 20 1.45917469813 10.7792832729 7.46859025646e-09 0.62000794094 0.381017614965 0.999999829043 0.470299 0 0
261.5 20 20 1.45916613732 10.7792693905 7.49344740612e-09 0.619982559673 0.381040748271 0.999999816266 0.469149 0 0
261.6 20 20 1.45915753117 10.7790309184 7.51546287872e-09 0.619957176607 0.381063866202 0.999999818763 0.46867 0 0
261.7 20 20 1.4591485313 10.7791857662 7.53453059053e-09 0.619931780009 0.381086963221 0.999999821219 0.384176 0 0
261.8 20 20 1.45913907843 10.7793326968 7.55057239982e-09 0.619906394714 0.381110041482 0.999999830946 0.383198 0 0
261.9 20 20 1.45912791041 10.7791390967 7.56353943128e-09 0.619880976967 0.381133115712 0.999999831403 0.468499 0 0
262 20 20 1.45911682882 10.7787696693 7.57341201192e-09 0.619855550718 0.381156165899 0.999999802238 0.466259 0 0
262.1 20 20 1.45910587868 10.7789793608 7.58019925011e-09 0.619830107508 0.381179218066 0.999999819368 0.383193 0 0
262.2 20 20 1.45909462036 10.7789355297 7.58394283788e-09 0.619804671101 0.381202265686 0.99999981279 0.469684 0 0
262.3 20 20 1.459082964 10.7783781649 7.58471347874e-09 0.619779218368 0.381225316157 0.999999833238 0.471348 0 0
262.4 20 20 1.45907086517 10.7786359534 7.58261085545e-09 0.619753743973 0.381248347211 0.99999979859 0.38395 0 0
262.5 20 20 1.45905900445 10.7780906232 7.57776414291e-09 0.619728272158 0.381271383677 0.999999824963 0.385286 0 0
262.6 20 20 1.45904642481 10.7778281777 7.57032816843e-09 0.619702779561 0.381294439419 0.999999814146 0.468147 0 0
262.7 20 20 1.45903315364 10.7778566588 7.56048174056e-09 0.619677273115 0.381317483526 0.999999821234 0.387759 0 0
262.8 20 20 1.45902013387 10.7779804096 7.54842699977e-09 0.619651741056 0.381340549628 0.999999816864 0.47015 0 0
262.9 20 20 1.45900673614 10.7775262719 7.53438586024e-09 0.619626220045 0.381363616937 0.999999822714 0.468537 0 0
263 20 20 1.45899338547 10.7774006387 7.51859687515e-09 0.619600680388 0.381386696583 0.999999797991 0.472593 0 0
263.1 20 20 1.45897999307 10.776964627 7.50131214781e-09 0.619575127384 0.381409772383 0.999999836135 0.385361 0 0
263.2 20 20 1.4589664984 10.7769609662 7.48281098469e-09 0.61954954487 0.381432878583 0.99999982766 0.471917 0 0
263.3 20 20 1.45895287591 10.7768644718 7.46336383868e-09 0.619523961862 0.381455988704 0.999999827298 0.476008 0 0
263.4 20 20 1.45893901682 10.7763899695 7.44322814404e-09 0.619498376305 0.381479138855 0.99999981871 0.469027 0 0
263.5 20 20 1.45892486288 10.776210223 7.42267830888e-09 0.619472782736 0.381502288538 0.999999810721 0.46931 0 0
263.6 20 20 1.45891088773 10.775997761 7.40198622256e-09 0.619447176825 0.381525469715 0.999999816941 0.468023 0 0
263.7 20 20 1.45889710117 10.7759684893 7.38141666001e-09 0.619421568911 0.381548678911 0.999999828876 0.472664 0 0
263.8 20 20 1.45888305623 10.7757047306 7.36122230596e-09 0.619395942011 0.381571896653 0.999999819979 0.476793 0 0
263.9 20 20 1.45886932443 10.7756558317 7.34164118821e-09 0.61937031767 0.381595151122 0.999999821226 0.472099 0 0
264 20 20 1.4588551566 10.7754748798 7.32289353595e-09 0.619344699532 0.381618443484 0.999999813419 0.384536 0 0
264.1 20 20 1.45884117466 10.7755836017 7.3280872753e-09 0.619319093614 0.381641745479 0.99999982313 0.384738 0 0
264.2 20 20 1.4588276195 10.7758336306 7.35294511977e-09 0.619293468554 0.381665095809 0.999999823241 0.468394 0 0
264.3 20 20 1.45881421706 10.7753887881 7.37504408502e-09 0.61926785551 0.381688461614 0.999999853613 0.471828 0 0
264.4 20 20 1.45880065535 10.7753653036 7.39422442659e-09 0.619242235703 0.381711876014 0.999999833055 0.472263 0 0
264.5 20 20 1.45878679736 10.775427367 7.41036153383e-09 0.619216639294 0.381735308378 0.999999827323 0.385534 0 0
264.6 20 20 1.45877277863 10.775803711 7.42336761103e-09 0.619191050519 0.381758772363 0.99999979371 0.468534 0 0
264.7 20 20 1.45875785231 10.7755423513 7.43319284958e-09 0.619165499135 0.381782244111 0.999999786876 0.386075 0 0
264.8 20 20 1.45874401795 10.7757192209 7.43982613346e-09 0.619139953326 0.381805748844 0.999999829931 0.470734 0 0
264.9 20 20 1.45873058143 10.7765295032 7.44329555362e-09 0.619114414515 0.381829309637 0.999999834657 0.470281 0 0
265 20 20 1.45871660147 10.7760592456 7.44367064132e-09 0.619088895439 0.381852878413 0.999999810379 0.470292 0 0
265.1 20 20 1.458703393 10.7764024449 7.44105932754e-09 0.619063412423 0.381876459588 0.999999837092 0.38455 0 0
265.2 20 20 1.45869046437 10.776518655 7.43560601903e-09 0.619037937894 0.381900081038 0.999999847511 0.468608 0 0
265.3 20 20 1.45867719446 10.7768673145 7.42748981466e-09 0.619012502384 0.381923719202 0.999999834267 0.470098 0 0
265.4 20 20 1.45866421371 10.7773772134 7.41692230836e-09 0.618987099363 0.381947375837 0.999999824099 0.466729 0 0
265.5 20 20 1.45865082038 10.7776815199 7.40414496366e-09 0.618961731153 0.381971032388 0.99999984536 0.468985 0 0
265.6 20 20 1.45863768044 10.7786547439 7.38942609376e-09 0.618936391159 0.381994709012 0.999999815006 0.468844 0 0
265.7 20 20 1.4586247461 10.7785819583 7.37305750719e-09 0.618911097506 0.382018381953 0.99999984162 0.467632 0 0
265.8 20 20 1.45861183137 10.7790053131 7.35535084563e-09 0.618885835154 0.382042072921 0.999999821124 0.469617 0 0
265.9 20 20 1.45859900026 10.7797468763 7.33663362847e-09 0.618860616074 0.382065758948 0.999999826176 0.384684 0 0
266 20 21 1.45858670659 10.7808738033 7.31724509113e-09 0.618835465754 0.382089452984 0.99999981858 0.468428 0 0
266.1 20 20 1.45857416251 10.7807953882 7.29753184592e-09 0.618810348015 0.382113141824 0.999999816114 0.469265 0 0
266.2 20 20 1.45856222818 10.7815771425 7.27784338953e-09 0.618785277006 0.382136818796 0.999999822452 0.465948 0 0
266.3 20 20 1.45855075238 10.7824488479 7.25852757721e-09 0.61876023712 0.382160492927 0.999999830099 0.46929 0 0
266.4 20 20 1.45853909405 10.7830595676 7.24673710177e-09 0.618735247194 0.382184167706 0.999999814053 0.468832 0 0
266.5 20 20 1.4585284185 10.7834655801 7.24546724888e-09 0.618710317676 0.382207814428 0.999999832661 0.384819 0 0
266.6 20 20 1.45851764026 10.7841963564 7.24263372763e-09 0.618685419901 0.38223146115 0.99999982905 0.469075 0 0
266.7 20 20 1.45850757418 10.7850874835 7.23806851301e-09 0.618660578462 0.382255077612 0.999999824035 0.46889 0 0
266.8 20 20 1.45849748613 10.7859490094 7.23156246064e-09 0.618635775224 0.382278674443 0.999999819569 0.468873 0 0
266.9 20 20 1.45848859225 10.78654731 7.22298916466e-09 0.618611013526 0.382302252297 0.999999836148 0.467327 0 0
267 20 20 1.45848012231 10.7874751898 7.21224807148e-09 0.618586295625 0.382325798254 0.999999822438 0.467327 0 0
267.1 20 20 1.45847152715 10.7882678004 7.19926508247e-09 0.618561629841 0.382349315847 0.999999810921 0.382575 0 0
267.2 20 20 1.4584637511 10.7894503546 7.18399303257e-09 0.618537000674 0.382372787617 0.999999819811 0.467671 0 0
267.3 20 20 1.45845690102 10.7898183845 7.16641255548e-09 0.618512430967 0.3823962408 0.99999981238 0.385966 0 0
267.4 20 20 1.45845138888 10.7907500105 7.15552994072e-09 0.61848789396 0.382419657384 0.999999842955 0.468355 0 0
267.5 20 20 1.45844617702 10.7915027123 7.16149148091e-09 0.61846338945 0.382443029813 0.999999840504 0.468481 0 0
267.6 20 20 1.4584414657 10.7924703603 7.17038422241e-09 0.618438929417 0.382466368105 0.999999825157 0.469538 0 0
267.7 20 20 1.45843713773 10.7930468643 7.1821587261e-09 0.618414503144 0.382489648774 0.99999980306 0.46998 0 0
267.8 20 20 1.45843389158 10.7941100465 7.19672590008e-09 0.618390106895 0.382512899562 0.999999825245 0.471669 0 0
267.9 20 20 1.45843140784 10.7946816247 7.21395820895e-09 0.618365747037 0.382536075606 0.999999806769 0.385784 0 0
268 20 20 1.45843005724 10.795458589 7.23369138859e-09 0.61834143321 0.38255920012 0.999999824991 0.382632 0 0
268.1 20 20 1.45842947087 10.7964656684 7.25572664971e-09 0.618317146406 0.382582282302 0.999999810919 0.383652 0 0
268.2 20 20 1.45843048658 10.797053442 7.27983331632e-09 0.61829288541 0.382605306489 0.999999852597 0.46869 0 0
268.3 20 20 1.45843171187 10.7977616835 7.30575189505e-09 0.618268649439 0.382628293694 0.999999814792 0.467687 0 0
268.4 20 20 1.4584340439 10.7985836447 7.33319750866e-09 0.618244433124 0.382651236397 0.999999808641 0.384625 0 0
268.5 20 20 1.45843701701 10.7993691119 7.36186363029e-09 0.618220253501 0.382674108565 0.99999980833 0.384754 0 0
268.6 20 20 1.45844129312 10.8001899978 7.39142609852e-09 0.61819609753 0.382696916341 0.999999839931 0.384596 0 0
268.7 20 20 1.45844609732 10.8006129652 7.42154733197e-09 0.618171938625 0.382719682409 0.999999818858 0.467854 0 0
268.8 20 20 1.45845199203 10.801468523 7.4518806906e-09 0.618147829614 0.382742387892 0.999999840883 0.386092 0 0
268.9 20 20 1.45845895699 10.8025542771 7.48207492127e-09 0.618123714252 0.382765038654 0.999999813565 0.470764 0 0
269 20 20 1.4584664496 10.8026458022 7.51177861134e-09 0.618099618229 0.382787632775 0.999999812697 0.468848 0 0
269.1 20 20 1.45847528902 10.8031501256 7.54064461852e-09 0.618075550939 0.382810168129 0.999999817021 0.388114 0 0
269.2 20 20 1.45848560101 10.8040570589 7.56833439322e-09 0.618051485768 0.382832674674 0.999999829462 0.384178 0 0
269.3 20 20 1.45849690375 10.8043432528 7.59452214125e-09 0.618027427368 0.382855132306 0.999999843995 0.469812 0 0
269.4 20 20 1.45850857963 10.8052222773 7.61889895282e-09 0.61800336892 0.382877529501 0.999999817453 0.468453 0 0
269.5 20 20 1.45852182556 10.805679837 7.64117636543e-09 0.617979330095 0.382899868028 0.999999831202 0.384649 0 0
269.6 20 20 1.4585356037 10.8058392812 7.66108972359e-09 0.61795530069 0.382922156926 0.999999812926 0.468804 0 0
269.7 20 20 1.45855045164 10.806227235 7.6784012814e-09 0.617931287448 0.382944395233 0.999999846127 0.467344 0 0
269.8 20 20 1.45856553769 10.8067788915 7.69290301552e-09 0.617907260128 0.38296661131 0.999999790833 0.46899 0 0
269.9 20 20 1.45858204871 10.8069806656 7.70441877166e-09 0.61788324985 0.382988751325 0.999999819566 0.384456 0 0
270 20 20 1.45859944068 10.8072232887 7.71280609234e-09 0.617859237926 0.383010862426 0.999999827896 0.46711 0 0
270.1 20 20 1.45861779059 10.8078679765 7.7179576472e-09 0.617835244891 0.383032928888 0.999999819971 0.467659 0 0
270.2 20 20 1.45863697714 10.807911188 7.71980223124e-09 0.617811247576 0.38305493775 0.999999820823 0.383781 0 0
270.3 20 20 1.45865737311 10.8079793886 7.71830529778e-09 0.617787270505 0.383076929974 0.999999838564 0.383896 0 0
270.4 20 20 1.45867818191 10.8081948563 7.7134690775e-09 0.617763275687 0.383098900167 0.999999838349 0.468546 0 0
270.5 20 20 1.45870009191 10.8084132989 7.70533223761e-09 0.617739294165 0.383120860496 0.999999834373 0.468161 0 0
270.6 20 20 1.45872175808 10.8083984775 7.69396912224e-09 0.617715315433 0.383142774136 0.999999803209 0.467997 0 0
270.7 20 20 1.45874463524 10.8084905153 7.67948858053e-09 0.617691350005 0.383164649463 0.999999837396 0.383451 0 0
270.8 20 20 1.45876796159 10.8085503748 7.66203239361e-09 0.617667372914 0.383186526948 0.999999831398 0.383853 0 0
270.9 20 20 1.45879180417 10.8088344739 7.64177331599e-09 0.617643394861 0.38320839003 0.999999825871 0.384268 0 0
271 20 20 1.4588162664 10.8085717774 7.61891277235e-09 0.61761941964 0.383230235784 0.999999821028 0.468562 0 0
271.1 20 20 1.45884139324 10.8086284926 7.59367822238e-09 0.61759545389 0.383252090961 0.999999831485 0.383247 0 0
271.2 20 20 1.45886678579 10.808582618 7.56632021797e-09 0.617571491927 0.383273945153 0.999999839825 0.46839 0 0
271.3 20 20 1.45889263668 10.8085651246 7.53710919899e-09 0.617547529503 0.383295813438 0.999999822404 0.46645 0 0
271.4 20 20 1.45891881438 10.8085824683 7.50633205724e-09 0.617523581627 0.383317677038 0.999999814432 0.384556 0 0
271.5 20 20 1.45894520558 10.8089035653 7.47428851249e-09 0.617499637767 0.383339543915 0.999999817515 0.383647 0 0
271.6 20 20 1.4589721301 10.8080868526 7.4412873836e-09 0.617475706668 0.383361420159 0.999999827356 0.471314 0 0
271.7 20 20 1.45899950156 10.8079388295 7.4076427847e-09 0.617451770135 0.383383339676 0.999999821406 0.467784 0 0
271.8 20 20 1.45902688218 10.8075085798 7.37367012441e-09 0.617427834612 0.383405284364 0.999999806361 0.469297 0 0
271.9 20 20 1.45905429345 10.8079167115 7.33968216587e-09 0.617403895574 0.383427244836 0.999999805787 0.385907 0 0
272 20 20 1.45908238529 10.8069717455 7.30598518438e-09 0.617379975965 0.383449261205 0.999999830427 0.383502 0 0
272.1 20 20 1.45911097447 10.806767715 7.27287523269e-09 0.617356042265 0.383471325282 0.999999840061 0.469259 0 0
272.2 20 20 1.45913812588 10.806587193 7.24063465799e-09 0.617332106029 0.383493432465 0.999999813059 0.469118 0 0
272.3 20 20 1.45916706428 10.8063347255 7.20952875353e-09 0.61730818199 0.383515598806 0.999999834404 0.468814 0 0
272.4 20 20 1.45919575715 10.805752417 7.17980262403e-09 0.617284247654 0.38353783261 0.999999837691 0.46725 0 0
272.5 20 20 1.45922451714 10.8056063525 7.15167836599e-09 0.61726031491 0.383560131887 0.999999815227 0.469451 0 0
272.6 20 20 1.45925406751 10.8051544168 7.12535264358e-09 0.617236388467 0.38358249975 0.999999842696 0.468484 0 0
272.7 20 20 1.45928267709 10.8047290308 7.10099462396e-09 0.617212453429 0.383604956498 0.999999819675 0.471464 0 0
272.8 20 20 1.45931218047 10.8044873953 7.07874431765e-09 0.617188514112 0.383627473208 0.999999829693 0.470406 0 0
272.9 20 20 1.45934120121 10.8043545337 7.05871133329e-09 0.617164581397 0.383650079459 0.999999810484 0.468268 0 0
273 20 20 1.45937096724 10.8039544708 7.04097404838e-09 0.617140646894 0.383672757928 0.999999815621 0.384193 0 0
273.1 20 20 1.45940081616 10.8040518749 7.02557920984e-09 0.617116717306 0.383695530152 0.999999829364 0.46796 0 0
273.2 20 20 1.45943017382 10.803664628 7.01254211759e-09 0.617092774004 0.383718388411 0.999999817945 0.470407 0 0
273.3 20 20 1.45945976188 10.803197412 7.00184783636e-09 0.617068814921 0.383741321569 0.999999827417 0.466894 0 0
273.4 20 20 1.45948957961 10.8025200519 6.99345125336e-09 0.617044852816 0.383764367386 0.999999817218 0.38355 0 0
273.5 20 20 1.4595197097 10.8026532523 6.98727798743e-09 0.61702088698 0.383787500714 0.999999840098 0.383594 0 0
273.6 20 20 1.45954920169 10.8020991776 6.98322590944e-09 0.616996900872 0.38381076326 0.999999828361 0.38386 0 0
273.7 20 20 1.45957843032 10.8019284886 6.98116697376e-09 0.616972910323 0.383834122523 0.999999830602 0.38616 0 0
273.8 20 20 1.45960801508 10.8020190665 6.98094933839e-09 0.616948906969 0.383857554043 0.999999808597 0.468164 0 0
273.9 20 20 1.45963706832 10.8019072092 6.98239973141e-09 0.616924903765 0.383881062219 0.999999819648 0.467871 0 0
274 20 20 1.45966662803 10.8015310638 6.98532603974e-09 0.616900897461 0.383904662319 0.999999835091 0.46823 0 0
274.1 20 20 1.45969661449 10.8014416772 6.98952006119e-09 0.616876877827 0.383928390946 0.999999849173 0.469544 0 0
274.2 20 20 1.45972639328 10.8015351091 6.99476040478e-09 0.616852835325 0.383952217874 0.999999833345 0.469396 0 0
274.3 20 20 1.45975539426 10.8014075482 7.00081551088e-09 0.616828771934 0.383976135945 0.999999815471 0.467879 0 0
274.4 20 20 1.45978467945 10.8017358284 7.00744674178e-09 0.616804690791 0.384000146968 0.999999821286 0.384081 0 0
274.5 20 20 1.45981359667 10.8014577463 7.01441149414e-09 0.616780601209 0.384024261362 0.999999837928 0.46841 0 0
274.6 20 20 1.4598429063 10.8016480889 7.02146631831e-09 0.616756497303 0.38404845997 0.999999837268 0.467978 0 0
274.7 20 20 1.45987172473 10.8018828531 7.02837000496e-09 0.616732369494 0.384072761652 0.999999837071 0.46847 0 0
274.8 20 20 1.45990072871 10.801834093 7.03488659465e-09 0.616708233235 0.384097162746 0.999999845281 0.469752 0 0
274.9 20 20 1.45992912827 10.8025331483 7.0407882817e-09 0.616684074161 0.38412162972 0.99999982112 0.469392 0 0
275 20 20 1.45995735627 10.8023884095 7.0458581825e-09 0.616659906677 0.384146165205 0.999999816062 0.47107 0 0
275.1 20 20 1.45998589751 10.8025141874 7.04989292787e-09 0.616635717605 0.384170797092 0.999999843478 0.466306 0 0
275.2 20 20 1.46001430036 10.8028171903 7.05270513007e-09 0.616611508545 0.384195528123 0.99999984113 0.469712 0 0
275.3 20 20 1.46004209495 10.8031227724 7.05412606497e-09 0.616587277485 0.384220324295 0.999999829388 0.384733 0 0
275.4 20 21 1.46006942035 10.8045136764 7.05400718011e-09 0.616563039367 0.384245231428 0.999999823878 0.384114 0 0
275.5 20 20 1.4600962553 10.8042364284 7.05222165725e-09 0.616538779942 0.384270179104 0.9999998065 0.470811 0 0
275.6 20 20 1.46012181064 10.8044072974 7.04866582317e-09 0.616514516653 0.384295204256 0.999999804345 0.383933 0 0
275.7 20 20 1.46014839505 10.8044991074 7.04326025651e-09 0.6164902422 0.384320267211 0.999999816854 0.469474 0 0
275.8 20 20 1.46017534337 10.8047322112 7.03595062211e-09 0.616465951022 0.384345383808 0.999999835832 0.469264 0 0
275.9 20 21 1.46020176155 10.8058797874 7.02670818244e-09 0.616441630018 0.384370574239 0.999999798721 0.468241 0 0
276 20 20 1.46022806891 10.8056530868 7.01552999808e-09 0.616417329013 0.384395818424 0.99999983835 0.468166 0 0
276.1 20 20 1.46025419138 10.8060806183 7.00243884141e-09 0.616392995634 0.38442110828 0.999999838154 0.468529 0 0
276.2 20 20 1.46027992171 10.8066253603 6.98748284663e-09 0.616368656726 0.384446437342 0.99999983129 0.385391 0 0
276.3 20 20 1.46030566046 10.8070231169 6.97073506113e-09 0.616344301683 0.384471799391 0.999999843832 0.467616 0 0
276.4 20 20 1.46033074196 10.8080071093 6.95229225113e-09 0.616319939236 0.384497211746 0.999999803661 0.466981 0 0
276.5 20 20 1.4603555095 10.808165074 6.93227358944e-09 0.616295568446 0.384522642902 0.999999833499 0.469091 0 0
276.6 20 20 1.46037998583 10.8085568167 6.91081914672e-09 0.616271210991 0.384548104908 0.999999817826 0.385591 0 0
276.7 20 20 1.46040456181 10.8091943838 6.88808811809e-09 0.616246829842 0.384573590272 0.999999855032 0.468307 0 0
276.8 20 20 1.46042857144 10.8096790357 6.8642568573e-09 0.616222439865 0.384599094811 0.999999826269 0.46971 0 0
276.9 20 20 1.46045244303 10.810235275 6.83951669494e-09 0.616198048198 0.384624616383 0.999999826567 0.468655 0 0
277 20 20 1.46047585131 10.8107422724 6.81407159497e-09 0.616173655814 0.384650146886 0.999999839252 0.468949 0 0
277.1 20 20 1.46049833602 10.8116641577 6.78813565829e-09 0.616149263371 0.384675677014 0.999999816558 0.467626 0 0
277.2 20 20 1.46052083648 10.8117807288 6.76193049158e-09 0.616124880238 0.384701197696 0.999999831973 0.469397 0 0
277.3 20 20 1.46054267149 10.8124533141 6.73568249112e-09 0.616100482742 0.384726729054 0.999999807495 0.468427 0 0
277.4 20 20 1.46056465822 10.8128002587 6.70962005843e-09 0.616076099823 0.384752240488 0.999999827981 0.469267 0 0
277.5 20 20 1.46058658278 10.8133973517 6.68397080345e-09 0.616051709897 0.384777770261 0.999999837772 0.466681 0 0
277.6 20 20 1.46060795709 10.8139595145 6.65895873277e-09 0.616027324314 0.384803279344 0.99999981611 0.469499 0 0
277.7 20 20 1.46062927361 10.8143801241 6.63480150767e-09 0.616002945259 0.384828748481 0.999999833675 0.468233 0 0
277.8 20 20 1.46064991861 10.8150262289 6.61170775706e-09 0.615978554639 0.384854183785 0.99999981677 0.468577 0 0
277.9 20 20 1.46067020648 10.8158351534 6.58987451683e-09 0.615954186856 0.384879609182 0.999999808308 0.387408 0 0
278 20 20 1.46069080448 10.8159174496 6.56948482825e-09 0.615929820533 0.384904995486 0.999999833052 0.384978 0 0
278.1 20 20 1.46071104405 10.8163948001 6.56433280582e-09 0.615905453366 0.384930342791 0.999999832961 0.469078 0 0
278.2 20 20 1.46073116957 10.8167173444 6.57464078379e-09 0.615881087197 0.384955648586 0.999999850683 0.467807 0 0
278.3 20 20 1.46075053489 10.8171586311 6.58345627373e-09 0.615856730308 0.384980932157 0.999999820074 0.469681 0 0
278.4 20 20 1.46076964477 10.8179552308 6.59072417199e-09 0.615832380352 0.385006180168 0.999999832789 0.469185 0 0
278.5 20 20 1.46078845954 10.8180403279 6.59640712273e-09 0.615808048174 0.385031387224 0.999999824005 0.469032 0 0
278.6 20 20 1.46080714637 10.818647209 6.60048320034e-09 0.615783722851 0.385056565369 0.999999814503 0.469412 0 0
278.7 20 20 1.46082603967 10.8191998005 6.60294787839e-09 0.615759402949 0.385081690711 0.999999829106 0.383263 0 0
278.8 20 20 1.46084469583 10.8194645593 6.60381677595e-09 0.615735104989 0.385106773496 0.999999825278 0.47261 0 0
278.9 20 20 1.46086295054 10.8194412629 6.60312101147e-09 0.615710792369 0.385131799802 0.999999835622 0.469447 0 0
279 20 20 1.46088108716 10.8197575731 6.60090713432e-09 0.615686473531 0.385156794173 0.999999839062 0.468171 0 0
279.1 20 20 1.46089940852 10.8198823685 6.59723957489e-09 0.615662165323 0.385181732644 0.99999983609 0.467623 0 0
279.2 20 20 1.46091730961 10.8201722931 6.59219822863e-09 0.615637855757 0.385206639566 0.999999827469 0.469966 0 0
279.3 20 21 1.46093509722 10.821239683 6.58587810649e-09 0.615613570328 0.385231491293 0.999999827254 0.468095 0 0
279.4 20 20 1.46095324191 10.8204449675 6.57838609102e-09 0.615589303789 0.385256308567 0.999999849998 0.468147 0 0
279.5 20 20 1.46097122649 10.8209711055 6.56984149155e-09 0.615565005517 0.385281081548 0.999999834868 0.469308 0 0
279.6 20 20 1.46098897141 10.8208322832 6.56037590872e-09 0.615540724379 0.385305812346 0.999999829876 0.383844 0 0
279.7 20 20 1.46100683383 10.8213762072 6.55013048441e-09 0.615516452795 0.385330487918 0.999999825382 0.468289 0 0
279.8 20 20 1.46102430641 10.8213029823 6.53925318627e-09 0.615492179479 0.38535512832 0.999999812531 0.383461 0 0
279.9 20 20 1.46104183948 10.8213418825 6.54770537579e-09 0.615467916651 0.385379719005 0.999999804229 0.468033 0 0
280 20 20 1.46105973734 10.8217700166 6.56195551923e-09 0.615443656878 0.38540428121 0.999999820598 0.467383 0 0
280.1 20 20 1.461078014 10.8211005065 6.5766269897e-09 0.615419383361 0.385428794984 0.999999844275 0.47006 0 0
280.2 20 20 1.46109635176 10.8220619373 6.59149804869e-09 0.615395116489 0.385453289957 0.999999818356 0.469203 0 0
280.3 20 20 1.46111481944 10.8213107287 6.60634649481e-09 0.615370857472 0.385477722388 0.99999983606 0.468722 0 0
280.4 20 20 1.46113333404 10.8210934919 6.62095227496e-09 0.615346593878 0.385502147993 0.999999819034 0.469539 0 0
280.5 20 20 1.46115188366 10.821247319 6.63510008314e-09 0.615322343556 0.385526533311 0.999999822089 0.385946 0 0
280.6 20 20 1.46117022485 10.8210288416 6.64858188134e-09 0.615298088847 0.385550896995 0.999999835142 0.468954 0 0
280.7 20 20 1.46118945313 10.8209265211 6.66119931452e-09 0.61527382506 0.385575233866 0.999999828803 0.38508 0 0
280.8 20 20 1.46120910465 10.8207769826 6.67276599668e-09 0.615249561748 0.385599578741 0.999999837844 0.472512 0 0
280.9 20 20 1.46122863508 10.8210332767 6.68310965426e-09 0.61522530525 0.38562388259 0.999999819568 0.46972 0 0
281 20 20 1.46124830308 10.8211108928 6.69207409024e-09 0.615201068311 0.385648155043 0.999999809956 0.469321 0 0
281.1 20 20 1.46126804186 10.8204411818 6.6995209698e-09 0.615176828908 0.385672425208 0.999999818915 0.468285 0 0
281.2 20 20 1.46128861318 10.8202911081 6.70533137137e-09 0.615152580131 0.385696681448 0.999999842347 0.469306 0 0
281.3 20 20 1.46130930504 10.820352326 6.70940709126e-09 0.615128338845 0.385720931182 0.999999821071 0.468287 0 0
281.4 20 20 1.46132873446 10.8199871028 6.71167170134e-09 0.615104100982 0.385745155229 0.999999821572 0.46894 0 0
281.5 20 20 1.46135019796 10.8200683097 6.71207137082e-09 0.615079861029 0.3857693854 0.999999835459 0.46919 0 0
281.6 20 20 1.46137190545 10.8199732581 6.71057541953e-09 0.615055636703 0.385793609694 0.99999984082 0.469577 0 0
281.7 20 20 1.46139348928 10.8196935889 6.70717659253e-09 0.615031403315 0.385817824359 0.999999836144 0.46854 0 0
281.8 20 20 1.46141569051 10.8196806122 6.70189105544e-09 0.615007197652 0.385842041247 0.999999832378 0.467406 0 0
281.9 20 20 1.46143789603 10.8192733333 6.69475812557e-09 0.614982995733 0.385866235253 0.999999815793 0.468192 0 0
282 20 20 1.46146085167 10.8191154424 6.68583971634e-09 0.614958808246 0.385890431947 0.999999831819 0.386057 0 0
282.1 20 20 1.46148345949 10.8192999842 6.67521950631e-09 0.614934618847 0.385914646622 0.999999818005 0.468273 0 0
282.2 20 20 1.46150663967 10.8190417811 6.66300188897e-09 0.614910449204 0.385938840195 0.999999826714 0.467164 0 0
282.3 20 20 1.46152948906 10.8189070578 6.64931067461e-09 0.614886284942 0.385963033172 0.99999980071 0.468361 0 0
282.4 20 20 1.46155319306 10.8188570061 6.63428757221e-09 0.614862135247 0.385987232421 0.999999830935 0.468589 0 0
282.5 20 20 1.46157662574 10.8189677457 6.61809045037e-09 0.614837996789 0.386011447511 0.999999816803 0.468357 0 0
282.6 20 20 1.46160019617 10.8191899288 6.60089140694e-09 0.614813873652 0.386035655077 0.999999815294 0.4696 0 0
282.7 20 20 1.46162400299 10.8189779037 6.58287467608e-09 0.614789771862 0.386059872726 0.999999806808 0.471299 0 0
282.8 20 20 1.46164664472 10.8187283145 6.56423437445e-09 0.614765681925 0.386084094003 0.999999808599 0.383618 0 0
282.9 20 20 1.46167106619 10.8187467317 6.54517212656e-09 0.614741601478 0.386108310163 0.999999840243 0.385466 0 0
283 20 20 1.46169556814 10.818755154 6.52589459163e-09 0.614717539467 0.386132533287 0.999999836929 0.467749 0 0
283.1 20 20 1.46171986467 10.8188341816 6.50661087918e-09 0.61469348855 0.386156757116 0.999999818783 0.384818 0 0
283.2 20 20 1.46174415322 10.8190221739 6.50648560214e-09 0.61466945979 0.386180984258 0.999999820018 0.384621 0 0
283.3 20 20 1.46176924761 10.8194155 6.51399721619e-09 0.614645441587 0.386205183407 0.999999851985 0.468383 0 0
283.4 20 21 1.46179310121 10.8202495733 6.5206645855e-09 0.614621441647 0.386229375187 0.999999788906 0.469958 0 0
283.5 20 20 1.46181803047 10.8197354539 6.5263658439e-09 0.614597478617 0.386253555011 0.99999982905 0.383995 0 0
283.6 20 20 1.46184263139 10.8195040958 6.53129452666e-09 0.614573519223 0.386277709075 0.99999983506 0.469855 0 0
283.7 20 20 1.46186704163 10.8197079471 6.53534943356e-09 0.614549577944 0.386301857857 0.999999829107 0.466254 0 0
283.8 20 20 1.46189117797 10.819932108 6.53813556867e-09 0.614525649165 0.386325981566 0.999999827077 0.38824 0 0
283.9 20 20 1.46191546452 10.8206633181 6.53957788487e-09 0.61450174732 0.386350096643 0.999999810864 0.387882 0 0
284 20 20 1.46193885691 10.8207887249 6.53961714108e-09 0.614477878316 0.386374174993 0.999999797084 0.468755 0 0
284.1 20 20 1.46196316945 10.8206941559 6.53820940108e-09 0.614454021563 0.386398220811 0.999999836547 0.46981 0 0
284.2 20 20 1.46198713796 10.8209650024 6.53532464344e-09 0.614430165033 0.386422239609 0.9999998287 0.469562 0 0
284.3 20 20 1.46201081787 10.8218373776 6.53095010561e-09 0.614406331846 0.386446236299 0.999999819432 0.472329 0 0
284.4 20 20 1.46203412304 10.821682858 6.52509003111e-09 0.614382519851 0.386470185916 0.99999981769 0.469003 0 0
284.5 20 20 1.46205740258 10.8224390221 6.51776521718e-09 0.614358714923 0.386494120729 0.999999819908 0.469426 0 0
284.6 20 20 1.46208039215 10.8224028251 6.50901448455e-09 0.614334926992 0.386517996966 0.999999814347 0.466593 0 0
284.7 20 20 1.46210321575 10.8223820972 6.49889236354e-09 0.61431116301 0.386541816575 0.999999819918 0.468631 0 0
284.8 20 20 1.4621262783 10.8228018642 6.48746675467e-09 0.614287403893 0.386565589538 0.999999822753 0.467491 0 0
284.9 20 20 1.46214899711 10.8229674093 6.47482015631e-09 0.614263658733 0.386589308121 0.999999821123 0.467967 0 0
285 20 20 1.46217157179 10.8233219219 6.461050848e-09 0.614239917825 0.386612972374 0.999999837839 0.469054 0 0
285.1 20 20 1.46219322167 10.8235119774 6.44627019388e-09 0.614216176496 0.386636599231 0.999999815832 0.467307 0 0
285.2 20 20 1.46221497271 10.8240413496 6.43060096178e-09 0.614192451981 0.386660156233 0.999999821918 0.468265 0 0
285.3 20 20 1.4622361911 10.824272322 6.41417615486e-09 0.614168723671 0.386683655059 0.999999813196 0.467563 0 0
285.4 20 20 1.46225669928 10.8246171308 6.40315059918e-09 0.614145013382 0.386707100111 0.999999833147 0.46925 0 0
285.5 20 20 1.46227719831 10.8247179608 6.41673950235e-09 0.614121295247 0.386730479987 0.999999804342 0.468629 0 0
285.6 20 20 1.46229788079 10.8248684663 6.43102660289e-09 0.614097597854 0.386753812272 0.999999816961 0.469678 0 0
285.7 20 20 1.46231847871 10.8249756059 6.44581227913e-09 0.614073881285 0.386777060869 0.999999828747 0.469145 0 0
285.8 20 20 1.46233826438 10.8252159541 6.46089088938e-09 0.614050157803 0.386800261282 0.999999824163 0.469064 0 0
285.9 20 20 1.46235820613 10.8255819718 6.47605323184e-09 0.614026441706 0.386823401926 0.999999818406 0.467225 0 0
286 20 20 1.46237806586 10.8255086825 6.4910890173e-09 0.614002729261 0.386846479481 0.99999982992 0.468178 0 0
286.1 20 20 1.46239762429 10.8256895982 6.50578932761e-09 0.613979014998 0.386869504346 0.999999838892 0.383602 0 0
286.2 20 20 1.46241696087 10.8260758742 6.51994904581e-09 0.613955292028 0.386892457509 0.999999829333 0.467517 0 0
286.3 20 20 1.46243566758 10.8259690293 6.53336921409e-09 0.613931560314 0.386915333512 0.999999811104 0.467811 0 0
286.4 20 20 1.46245470787 10.8263914012 6.54585930038e-09 0.613907844793 0.386938159269 0.999999821874 0.469324 0 0
286.5 20 20 1.46247320491 10.826250878 6.55723935426e-09 0.613884105921 0.386960925514 0.999999821379 0.385215 0 0
286.6 20 20 1.46249176131 10.8265238309 6.56734201594e-09 0.613860357886 0.386983623706 0.999999834663 0.468058 0 0
286.7 20 20 1.46250958315 10.8262475659 6.57601437323e-09 0.61383660058 0.387006276274 0.999999818503 0.469729 0 0
286.8 20 20 1.46252672978 10.8265027735 6.58311962509e-09 0.613812846623 0.387028868932 0.999999817279 0.382641 0 0
286.9 20 20 1.4625444923 10.8263271723 6.58853854605e-09 0.613789076909 0.387051421697 0.99999983452 0.468618 0 0
287 20 20 1.46256204282 10.8264180198 6.59217082352e-09 0.61376529407 0.387073933474 0.999999804121 0.469922 0 0
287.1 20 20 1.46257981078 10.8262892399 6.59393630225e-09 0.613741499813 0.387096391346 0.999999818143 0.385027 0 0
287.2 20 20 1.46259704439 10.8263724007 6.59377552242e-09 0.613717694454 0.387118816041 0.999999834632 0.470786 0 0
287.3 20 20 1.46261420087 10.8265395334 6.59165045377e-09 0.613693879463 0.387141184138 0.99999982131 0.387719 0 0
287.4 20 20 1.4626307674 10.8262135887 6.587544443e-09 0.613670056745 0.387163522451 0.99999981028 0.4714 0 0
287.5 20 20 1.46264767611 10.8266710492 6.58146236308e-09 0.613646214169 0.387185829555 0.999999820442 0.470189 0 0
287.6 20 20 1.46266371558 10.8261168668 6.57343036215e-09 0.613622371264 0.387208096959 0.999999826293 0.466985 0 0
287.7 20 20 1.46267958729 10.8262740914 6.56349544158e-09 0.613598509597 0.387230326448 0.999999800386 0.385324 0 0
287.8 20 20 1.46269572604 10.8261075387 6.62689474939e-09 0.613574655708 0.387252540869 0.999999820301 0.386625 0 0
287.9 20 20 1.46271187826 10.8258772322 6.53820491212e-09 0.613550792075 0.387274745621 0.999999824557 0.467695 0 0
288 20 20 1.46272799102 10.8260005778 6.52304076839e-09 0.613526902048 0.387296949854 0.999999829163 0.469617 0 0
288.1 20 20 1.46274373294 10.8256567028 6.50635609628e-09 0.613503009041 0.387319155083 0.999999807754 0.468773 0 0
288.2 20 20 1.46275978175 10.8255347275 6.48829041802e-09 0.613479109587 0.387341332316 0.999999832846 0.384382 0 0
288.3 20 20 1.46277521633 10.8253032301 6.46899693315e-09 0.613455198026 0.387363498949 0.999999822891 0.467784 0 0
288.4 20 20 1.46279016916 10.8252074605 6.44864075056e-09 0.613431286549 0.38738567456 0.999999791145 0.468349 0 0
288.5 20 20 1.46280609513 10.8250272996 6.54962712274e-09 0.613407379973 0.387407851321 0.999999841852 0.385344 0 0
288.6 20 20 1.46282138011 10.8248553077 6.40545002458e-09 0.613383454147 0.387430049066 0.999999826086 0.467681 0 0
288.7 20 20 1.46283689436 10.8247369699 6.38298809966e-09 0.613359522683 0.387452259733 0.999999834586 0.469311 0 0
288.8 20 20 1.46285170803 10.8245472787 6.36020572106e-09 0.613335593174 0.387474469874 0.999999821812 0.467664 0 0
288.9 20 20 1.46286657301 10.8248599569 6.33729857193e-09 0.613311669951 0.387496715963 0.999999818258 0.470374 0 0
289 20 20 1.46288147132 10.824230749 6.31446123943e-09 0.613287747333 0.387518976575 0.999999826314 0.388427 0 0
289.1 20 20 1.46289588852 10.8242745579 6.30186834133e-09 0.613263824875 0.38754127111 0.999999803431 0.470074 0 0
289.2 20 20 1.46290975139 10.8241849246 6.31384013642e-09 0.613239912458 0.387563585372 0.999999802807 0.386977 0 0
289.3 20 20 1.46292375809 10.8240286094 6.32527677227e-09 0.613215996088 0.387585932414 0.999999814877 0.46845 0 0
289.4 20 20 1.46293783551 10.8236738451 6.33606398388e-09 0.613192075064 0.38760831597 0.999999821243 0.46811 0 0
289.5 20 20 1.46295221511 10.8234185603 6.34602167686e-09 0.613168155311 0.387630729971 0.999999829414 0.468339 0 0
289.6 20 20 1.46296642315 10.8235235291 6.3550525189e-09 0.613144247782 0.387653171719 0.999999799343 0.472401 0 0
289.7 20 20 1.46298085241 10.8232614738 6.36307188816e-09 0.613120344466 0.387675660498 0.999999840663 0.386013 0 0
289.8 20 20 1.46299471687 10.823575963 6.37000993783e-09 0.613096430575 0.387698192201 0.999999807669 0.467197 0 0
289.9 20 20 1.46300887108 10.8233703073 6.37580866131e-09 0.613072532379 0.387720760569 0.999999832925 0.470102 0 0
290 20 20 1.4630229842 10.8228743008 6.38042354439e-09 0.613048636378 0.387743369571 0.999999814685 0.468436 0 0
290.1 20 20 1.46303674708 10.8228964294 6.38382443072e-09 0.61302473376 0.387766002925 0.999999821858 0.384707 0 0
290.2 20 20 1.46305042248 10.8232486199 6.38599393923e-09 0.613000833961 0.38778868999 0.999999819329 0.468233 0 0
290.3 20 20 1.4630640041 10.8229752229 6.38692779002e-09 0.612976953543 0.387811431442 0.999999808069 0.469144 0 0
290.4 20 20 1.46307744217 10.823123198 6.38663348698e-09 0.612953046657 0.387834200958 0.999999807501 0.467244 0 0
290.5 20 20 1.46309197188 10.8232930028 6.38513415729e-09 0.612929166298 0.387857018737 0.999999835697 0.467979 0 0
290.6 20 20 1.46310580334 10.822573247 6.38246643166e-09 0.612905279044 0.387879894007 0.999999815525 0.467169 0 0
290.7 20 20 1.46311920606 10.8226345942 6.37867889427e-09 0.612881400305 0.387902809538 0.999999816781 0.468367 0 0
290.8 20 20 1.46313323341 10.8226217409 6.37383337445e-09 0.612857525829 0.387925778443 0.99999981742 0.469048 0 0
290.9 20 20 1.46314675692 10.8227243871 6.36800349533e-09 0.612833637111 0.387948776442 0.999999804436 0.469643 0 0
291 20 20 1.4631605618 10.8224856688 6.36127237312e-09 0.61280975474 0.387971838488 0.999999819965 0.468866 0 0
291.1 20 20 1.46317432084 10.8225946635 6.35373124487e-09 0.61278587603 0.387994939301 0.999999817511 0.387132 0 0
291.2 20 20 1.46318822917 10.8227892184 6.34548082011e-09 0.612761989347 0.388018077706 0.999999815285 0.469206 0 0
291.3 20 20 1.46320221322 10.8228702919 6.33662856305e-09 0.612738111302 0.388041263898 0.999999823344 0.383735 0 0
291.4 20 20 1.46321589596 10.8232101383 6.32729394069e-09 0.612714229014 0.388064483094 0.999999799641 0.468437 0 0
291.5 20 20 1.4632294477 10.8235285928 6.31759158506e-09 0.612690354416 0.388087753075 0.999999797863 0.468777 0 0
291.6 20 20 1.46324344349 10.8234506661 6.52092250482e-09 0.612666476774 0.388111057524 0.999999826456 0.385927 0 0
291.7 20 20 1.4632580725 10.8236532765 6.29799966615e-09 0.612642582005 0.388134377189 0.999999824723 0.46753 0 0
291.8 20 20 1.46327222203 10.8242394174 6.28881044983e-09 0.612618676905 0.388157732731 0.999999827683 0.46692 0 0
291.9 20 20 1.46328633065 10.8240265853 6.27971107039e-09 0.612594758681 0.388181115883 0.99999980925 0.46881 0 0
292 20 20 1.46329976475 10.8245132909 6.27081115854e-09 0.612570856884 0.38820454906 0.999999793379 0.384534 0 0
292.1 20 20 1.4633139223 10.824529983 6.26221745712e-09 0.612546947178 0.388227970907 0.999999802019 0.385746 0 0
292.2 20 20 1.46332832444 10.8248990653 6.25402886467e-09 0.612523033569 0.388251422815 0.999999808387 0.467964 0 0
292.3 20 20 1.46334250889 10.825100882 6.24633730424e-09 0.612499114215 0.388274909327 0.999999819106 0.383319 0 0
292.4 20 20 1.46335660809 10.8256938887 6.2392276813e-09 0.612475198382 0.38829841095 0.999999812023 0.383788 0 0
292.5 20 20 1.46337095186 10.8258571627 6.23277465178e-09 0.612451275878 0.388321908241 0.999999826876 0.469654 0 0
292.6 20 20 1.46338528083 10.8262383401 6.22704157074e-09 0.612427347396 0.388345420144 0.999999820218 0.472527 0 0
292.7 20 20 1.46339931196 10.8268360068 6.2220798198e-09 0.612403406744 0.388368921235 0.999999827625 0.470096 0 0
292.8 20 20 1.46341384884 10.8270552569 6.2179287269e-09 0.612379468718 0.388392425761 0.999999820763 0.467957 0 0
292.9 20 20 1.46342818895 10.8277865857 6.21461215912e-09 0.612355519416 0.388415938532 0.999999836765 0.469675 0 0
293 20 20 1.46344132346 10.8278420081 6.21214262906e-09 0.612331562599 0.388439435228 0.999999803613 0.469749 0 0
293.1 20 20 1.4634558459 10.8286616291 6.21051913828e-09 0.612307619626 0.388462921345 0.999999815127 0.468771 0 0
293.2 20 20 1.46346995691 10.8288661444 6.20972671725e-09 0.61228366014 0.388486400544 0.999999823924 0.468587 0 0
293.3 20 20 1.4634839585 10.8291492406 6.20974182829e-09 0.612259696324 0.388509876522 0.999999828613 0.468845 0 0
293.4 20 20 1.46349682081 10.8295776895 6.21052792656e-09 0.612235740939 0.388533321946 0.999999809849 0.469565 0 0
293.5 20 20 1.46351054363 10.8299277596 6.21203752116e-09 0.612211782805 0.38855674827 0.99999984478 0.386016 0 0
293.6 20 20 1.46352378614 10.8303895855 6.21449602308e-09 0.612187813488 0.388580155436 0.999999812059 0.468206 0 0
293.7 20 20 1.46353604452 10.8307717097 6.21783278393e-09 0.612163847203 0.388603539027 0.999999822251 0.469586 0 0
293.8 20 20 1.46354855991 10.8310563649 6.22168395285e-09 0.612139871782 0.388626885157 0.999999812484 0.467455 0 0
293.9 20 20 1.46356135683 10.831616802 6.2259585951e-09 0.612115915483 0.388650190694 0.999999831805 0.385659 0 0
294 20 20 1.4635734408 10.8320076928 6.23055719651e-09 0.612091949393 0.388673459522 0.999999815161 0.468391 0 0
294.1 20 20 1.46358539771 10.83214924 6.23537764731e-09 0.612067989548 0.388696694843 0.999999833191 0.383932 0 0
294.2 20 20 1.46359735527 10.8324880673 6.24031134683e-09 0.612044020715 0.388719897199 0.999999832901 0.467021 0 0
294.3 20 20 1.46360902718 10.8327876477 6.2452426641e-09 0.612020055801 0.388743049263 0.9999998351 0.4688 0 0
294.4 20 20 1.46361985833 10.8330815864 6.25005692807e-09 0.61199611245 0.388766152511 0.999999825869 0.383885 0 0
294.5 20 20 1.46363145158 10.833483821 6.25463849576e-09 0.611972158984 0.388789211582 0.999999835394 0.385224 0 0
294.6 20 20 1.46364226913 10.8336052709 6.25887248064e-09 0.611948224269 0.388812244925 0.999999809613 0.386485 0 0
294.7 20 20 1.4636528607 10.833687438 6.26264821528e-09 0.611924298095 0.388835207737 0.99999982975 0.47052 0 0
294.8 20 20 1.46366319629 10.8339099694 6.26585766307e-09 0.611900383373 0.38885811559 0.999999836719 0.385727 0 0
294.9 20 20 1.46367311295 10.8341347026 6.26862953892e-09 0.611876466247 0.388880977884 0.999999826705 0.468975 0 0
295 20 20 1.46368255821 10.8346328834 6.2708669231e-09 0.611852559257 0.38890379832 0.999999812717 0.468108 0 0
295.1 20 20 1.46369223664 10.8342326511 6.27225093143e-09 0.611828677437 0.38892654365 0.999999838451 0.468719 0 0
295.2 20 20 1.46370180116 10.8344027798 6.27269830664e-09 0.611804788268 0.388949262324 0.999999833991 0.468901 0 0
295.3 20 20 1.46371042925 10.8343533361 6.27213613359e-09 0.611780901948 0.388971951646 0.999999817421 0.469005 0 0
295.4 20 20 1.463719104 10.834671941 6.2705037058e-09 0.611757040863 0.388994557017 0.999999832354 0.383542 0 0
295.5 20 21 1.46372721097 10.8350638333 6.26775064151e-09 0.611733188228 0.389017120455 0.999999810361 0.470277 0 0
295.6 20 20 1.46373510581 10.834388148 6.26383747584e-09 0.611709355538 0.389039638033 0.999999842705 0.468326 0 0
295.7 20 20 1.463743032 10.8344427064 6.2587374278e-09 0.611685529072 0.389062130161 0.999999841273 0.469693 0 0
295.8 20 20 1.46375080977 10.8344505428 6.25243785142e-09 0.611661709141 0.3890845661 0.999999841884 0.383879 0 0
295.9 20 20 1.46375797734 10.8346579224 6.24494028016e-09 0.611637905543 0.389106963576 0.999999829606 0.47044 0 0
296 20 20 1.4637648434 10.8342193925 6.23625754145e-09 0.611614122375 0.389129319284 0.999999818951 0.466255 0 0
296.1 20 20 1.46377158412 10.8344346907 6.22641736233e-09 0.611590352784 0.389151615851 0.999999809708 0.470395 0 0
296.2 20 21 1.46377829736 10.8344987551 6.21546212028e-09 0.611566610149 0.389173848356 0.999999828809 0.386468 0 0
296.3 20 20 1.46378425078 10.8343382551 6.20349783363e-09 0.61154288642 0.389196084453 0.999999805791 0.467464 0 0
296.4 20 20 1.46379053785 10.8337428654 6.19059213612e-09 0.611519175543 0.389218268941 0.999999824044 0.386559 0 0
296.5 20 20 1.46379569176 10.8334125369 6.17682445642e-09 0.61149546649 0.389240432853 0.999999832772 0.468623 0 0
296.6 20 20 1.46380131649 10.8330816989 6.1622807505e-09 0.611471768029 0.389262569244 0.999999846605 0.386266 0 0
296.7 20 20 1.4638068759 10.8329223597 6.14700330503e-09 0.611448078401 0.389284676802 0.999999828031 0.46697 0 0
296.8 20 20 1.46381175022 10.8325266015 6.13109353196e-09 0.611424414406 0.389306757671 0.999999813527 0.467355 0 0
296.9 20 20 1.46381615918 10.8328068544 6.11466235486e-09 0.611400765084 0.389328802357 0.999999830149 0.383229 0 0
297 20 20 1.46382036271 10.8321990375 6.09782983563e-09 0.61137712493 0.389350840274 0.999999813201 0.467056 0 0
297.1 20 20 1.46382482043 10.8317204375 6.08071680328e-09 0.611353499834 0.389372857766 0.999999833358 0.384601 0 0
297.2 20 20 1.46382889637 10.8317315312 6.06344732527e-09 0.611329888254 0.389394882136 0.999999826443 0.467628 0 0
297.3 20 20 1.46383312975 10.8310124825 6.04614609326e-09 0.611306283245 0.389416895758 0.999999829255 0.385321 0 0
297.4 20 20 1.46383699509 10.8313009265 6.02893498029e-09 0.611282702329 0.38943891003 0.999999842046 0.387251 0 0
297.5 20 20 1.46384059724 10.8302595412 6.01193350516e-09 0.611259121532 0.389460915459 0.999999828964 0.469965 0 0
297.6 20 20 1.46384400649 10.8300091107 5.9952565826e-09 0.611235544008 0.389482915655 0.999999797045 0.383493 0 0
297.7 20 20 1.46384823378 10.8296464488 5.97901722603e-09 0.611211976804 0.389504901393 0.999999824195 0.383518 0 0
297.8 20 20 1.46385130763 10.8291438969 5.96333164623e-09 0.611188419392 0.389526909772 0.999999830711 0.386412 0 0
297.9 20 20 1.46385432574 10.8288453325 5.94830392647e-09 0.611164877952 0.389548928653 0.999999815575 0.386035 0 0
298 20 20 1.46385647981 10.8285185931 5.93401904837e-09 0.611141325145 0.389570955529 0.999999829181 0.386442 0 0
298.1 20 20 1.46385918931 10.8285040131 5.92055836021e-09 0.611117784419 0.38959299124 0.999999817477 0.46873 0 0
298.2 20 20 1.46386160601 10.827871451 5.90799573206e-09 0.611094246071 0.389615037499 0.999999825385 0.469113 0 0
298.3 20 20 1.46386406019 10.8275559679 5.89639398533e-09 0.611070708051 0.389637105836 0.999999821626 0.470033 0 0
298.4 20 20 1.46386639754 10.8275530881 5.88580704422e-09 0.611047170186 0.389659198639 0.999999813905 0.467208 0 0
298.5 20 20 1.46386839263 10.8270637429 5.87627791709e-09 0.611023644759 0.389681311854 0.999999818303 0.467652 0 0
298.6 20 20 1.46386978357 10.826653544 5.86783194343e-09 0.61100012702 0.38970345274 0.999999829987 0.466651 0 0
298.7 20 20 1.4638714256 10.8268456787 5.86048164232e-09 0.610976585888 0.389725604145 0.999999822721 0.470017 0 0
298.8 20 20 1.46387312301 10.8261259966 5.85423033484e-09 0.610953050698 0.389747819639 0.999999831697 0.382878 0 0
298.9 20 20 1.46387478473 10.8258758901 5.84906776422e-09 0.610929507739 0.389770043864 0.999999835325 0.468901 0 0
299 20 20 1.46387619254 10.8260530464 5.84497154174e-09 0.610905963954 0.389792292944 0.999999820767 0.382996 0 0
299.1 20 20 1.46387738912 10.8255782254 5.84190794164e-09 0.61088242951 0.389814547917 0.999999844691 0.383821 0 0
299.2 20 20 1.4638780701 10.8254379114 5.83983255397e-09 0.610858882688 0.389836845099 0.999999829722 0.467913 0 0
299.3 20 20 1.46387925456 10.8254494299 5.83869047329e-09 0.610835331208 0.389859175144 0.999999828394 0.383211 0 0
299.4 20 20 1.46388014213 10.8253232787 5.83841867396e-09 0.610811762253 0.389881539153 0.999999831047 0.469139 0 0
299.5 20 20 1.46387992553 10.8253695518 5.83894788635e-09 0.610788211328 0.389903918969 0.999999831813 0.469128 0 0
299.6 20 20 1.46388000098 10.8251499021 5.8401989212e-09 0.610764636786 0.389926340215 0.999999834765 0.383728 0 0
299.7 20 20 1.46387940248 10.8253648876 5.8420870033e-09 0.610741066472 0.389948803012 0.999999814825 0.383252 0 0
299.8 20 20 1.46387868062 10.8251850646 5.84452243244e-09 0.610717493898 0.389971284109 0.999999822321 0.383958 0 0
299.9 20 20 1.46387743239 10.8252124175 5.84744999084e-09 0.610693897589 0.389993788404 0.999999821311 0.469259 0 0
300 20 20 1.4638768189 10.8258664558 5.85077655311e-09 0.610670317309 0.390016312953 0.999999831129 0.382962 0 0
300.1 20 20 1.46387646866 10.8257660293 5.85455044982e-09 0.610646717163 0.390038873984 0.999999839114 0.467934 0 0
300.2 20 20 1.4638751775 10.8256076987 5.85867549017e-09 0.610623097352 0.390061447471 0.999999839529 0.469007 0 0
300.3 20 20 1.46387424155 10.8259802104 5.86287379478e-09 0.610599463903 0.390084060659 0.999999837544 0.46943 0 0
300.4 20 20 1.46387296544 10.8262073119 5.86705302824e-09 0.610575829561 0.390106705698 0.999999849607 0.467307 0 0
300.5 20 20 1.46387126689 10.8261226027 5.87112416486e-09 0.610552201602 0.39012936183 0.999999832368 0.468065 0 0
300.6 20 20 1.46386966085 10.8265018456 5.87500462252e-09 0.610528562956 0.390152039247 0.999999838758 0.468217 0 0
300.7 20 20 1.46386760725 10.8266390933 5.87861974322e-09 0.610504907142 0.390174735542 0.999999836592 0.46781 0 0
300.8 20 20 1.46386487717 10.8271778779 5.88190032676e-09 0.610481265563 0.390197447058 0.999999842548 0.390688 0 0
300.9 20 20 1.46386270127 10.8272912997 5.8847840054e-09 0.610457594082 0.390220182189 0.99999985268 0.384822 0 0
301 20 20 1.46386026842 10.828070323 5.88721851825e-09 0.610433919086 0.390242941326 0.999999828009 0.471359 0 0
301.1 20 20 1.46385769586 10.8279527759 5.88915674027e-09 0.610410233994 0.390265712919 0.999999852114 0.38503 0 0
301.2 20 20 1.46385436568 10.8284695013 5.89056164522e-09 0.610386545845 0.390288499225 0.999999830451 0.468397 0 0
301.3 20 20 1.46385099335 10.8286354579 5.89140750886e-09 0.610362855719 0.390311274788 0.999999840863 0.385491 0 0
301.4 20 20 1.46384743863 10.8289932457 5.89168210118e-09 0.61033915967 0.390334065186 0.999999835772 0.468779 0 0
301.5 20 20 1.46384300403 10.8298128965 5.89138083252e-09 0.610315439579 0.390356863049 0.99999983315 0.384297 0 0
301.6 20 20 1.4638387623 10.8298385722 5.89051122163e-09 0.610291734465 0.39037964437 0.999999835714 0.472912 0 0
301.7 20 20 1.46383415235 10.8302208395 5.88909187589e-09 0.610268011832 0.390402430487 0.999999833426 0.470105 0 0
301.8 20 20 1.46382901397 10.8307686718 5.8871523523e-09 0.610244284383 0.390425225653 0.999999823643 0.469016 0 0
301.9 20 20 1.46382407974 10.8310294612 5.88473400768e-09 0.610220556398 0.390448003982 0.999999838608 0.385947 0 0
302 20 20 1.46381836162 10.8315024882 5.88188471865e-09 0.610196814361 0.390470777259 0.999999827124 0.468839 0 0
302.1 20 20 1.46381280731 10.8318565494 5.87866403224e-09 0.610173074498 0.390493517924 0.999999823482 0.46853 0 0
302.2 20 20 1.4638068643 10.8322796631 5.87513981344e-09 0.610149319583 0.390516261689 0.999999827327 0.468378 0 0
302.3 20 21 1.46380007123 10.8331600693 5.87138696898e-09 0.610125559697 0.39053897109 0.999999820654 0.468142 0 0
302.4 20 20 1.46379363383 10.8329882302 5.86748645334e-09 0.610101771062 0.390561662667 0.999999814853 0.469004 0 0
302.5 20 20 1.46378715928 10.8335171312 5.86352863384e-09 0.610077987537 0.390584327205 0.999999832363 0.471119 0 0
302.6 20 20 1.46378066325 10.8337152094 5.85961132928e-09 0.61005419468 0.390606974959 0.999999834992 0.471398 0 0
302.7 20 20 1.46377358457 10.8341294166 5.85583510288e-09 0.610030392101 0.390629604091 0.999999839986 0.468759 0 0
302.8 20 20 1.46376612201 10.8347150562 5.85230191169e-09 0.610006584486 0.39065219608 0.999999824498 0.469496 0 0
302.9 20 20 1.46375838472 10.8348291943 5.8491133304e-09 0.609982781102 0.390674747492 0.999999818457 0.468144 0 0
303 20 20 1.46375137295 10.8350752494 5.84636954895e-09 0.609958960346 0.390697265784 0.999999838116 0.468926 0 0
303.1 20 20 1.46374411813 10.8356534789 5.84417161256e-09 0.609935121761 0.390719765879 0.999999838347 0.384521 0 0
303.2 20 20 1.46373649903 10.8356915075 5.84262037301e-09 0.609911281324 0.390742230048 0.999999843918 0.4685 0 0
303.3 20 20 1.46372838345 10.8360256055 5.84181439892e-09 0.609887432397 0.390764667473 0.999999840687 0.468565 0 0
303.4 20 20 1.46371979992 10.8365548129 5.84185046162e-09 0.609863574913 0.390787074358 0.99999982632 0.468779 0 0
303.5 20 20 1.46371128856 10.836562785 5.84281524792e-09 0.609839712118 0.390809446057 0.999999847161 0.469158 0 0
303.6 20 20 1.46370221472 10.8367030736 5.844784674e-09 0.60981584376 0.390831780425 0.999999832782 0.473571 0 0
303.7 20 20 1.46369320775 10.8369725738 5.84782815764e-09 0.609791978023 0.390854099123 0.999999834204 0.384849 0 0
303.8 20 21 1.46368399471 10.8378999893 5.85200725707e-09 0.609768099358 0.390876367599 0.999999817255 0.387153 0 0
303.9 20 20 1.46367467352 10.837569012 5.85737431503e-09 0.60974420258 0.390898606456 0.999999819497 0.469122 0 0
304 20 20 1.46366523712 10.837363687 5.86397130483e-09 0.609720318378 0.390920820173 0.999999823206 0.384072 0 0
304.1 20 20 1.46365575165 10.8374729037 5.87184451919e-09 0.609696409296 0.390943010026 0.999999835039 0.468182 0 0
304.2 20 20 1.46364618631 10.8375365329 5.88101544269e-09 0.609672500062 0.390965166448 0.999999835423 0.468034 0 0
304.3 20 20 1.46363650026 10.8376961902 5.89148157355e-09 0.609648584255 0.390987300718 0.999999835444 0.385192 0 0
304.4 20 20 1.46362644775 10.8378173673 5.90324167414e-09 0.609624659863 0.391009417799 0.99999982106 0.468168 0 0
304.5 20 20 1.46361637216 10.8377133332 5.9162826389e-09 0.60960072971 0.391031503274 0.99999985528 0.469713 0 0
304.6 20 20 1.46360617451 10.8377939073 5.93057726381e-09 0.609576772988 0.391053598013 0.999999836672 0.468056 0 0
304.7 20 20 1.46359540269 10.8377197801 5.94608556384e-09 0.609552814085 0.391075663012 0.999999811849 0.467941 0 0
304.8 20 20 1.46358488767 10.8376955885 5.96275798826e-09 0.609528856583 0.391097722281 0.999999821544 0.387111 0 0
304.9 20 20 1.46357435534 10.8376831748 5.98053781592e-09 0.609504880355 0.391119785005 0.999999831154 0.386368 0 0
305 20 20 1.4635632072 10.8377452742 5.99935625495e-09 0.609480889548 0.391141849404 0.999999825855 0.467644 0 0
305.1 20 20 1.4635523172 10.8374024298 6.01913085191e-09 0.609456916895 0.391163897808 0.999999828398 0.468925 0 0
305.2 20 20 1.46354112097 10.8373889894 6.03976583162e-09 0.609432923793 0.391185954823 0.999999822675 0.385232 0 0
305.3 20 20 1.46352961437 10.8374377345 6.06115938468e-09 0.609408916978 0.391208025675 0.999999797155 0.468672 0 0
305.4 20 20 1.46351800751 10.8371907372 6.08320762956e-09 0.609384913968 0.391230093763 0.999999810905 0.383345 0 0
305.5 20 20 1.46350646724 10.8373058337 6.10600222362e-09 0.609360909812 0.391252187496 0.999999833914 0.384288 0 0
305.6 20 20 1.46349495295 10.8364011776 6.12942594544e-09 0.609336893253 0.39127432575 0.999999835065 0.468164 0 0
305.7 20 20 1.46348343689 10.8363787573 6.15315712224e-09 0.609312859899 0.39129648306 0.999999805927 0.4689 0 0
305.8 20 20 1.46347195691 10.8360056528 6.17707661288e-09 0.609288820687 0.391318681112 0.9999998249 0.384649 0 0
305.9 20 20 1.46346036053 10.8357404932 6.20106217023e-09 0.609264776267 0.391340894851 0.999999813812 0.469553 0 0
306 20 20 1.46344872246 10.8353735808 6.22499004839e-09 0.609240726199 0.391363134443 0.99999984236 0.469298 0 0
306.1 20 20 1.4634370923 10.8352688703 6.24873652395e-09 0.609216673498 0.391385431897 0.999999822216 0.468846 0 0
306.2 20 20 1.46342529432 10.8349660493 6.2721830072e-09 0.6091926009 0.391407764343 0.999999834179 0.3868 0 0
306.3 20 20 1.46341346913 10.8345552955 6.29521347029e-09 0.609168530911 0.391430137774 0.99999984399 0.47275 0 0
306.4 20 20 1.46340176237 10.8344683731 6.31771639695e-09 0.609144455069 0.391452576404 0.999999826587 0.470973 0 0
306.5 20 20 1.46339021354 10.8341167481 6.3395886426e-09 0.609120371153 0.39147505883 0.999999829348 0.466624 0 0
306.6 20 20 1.46337885772 10.8337554795 6.36073217255e-09 0.609096282765 0.39149758908 0.99999984709 0.470393 0 0
306.7 20 20 1.46336714516 10.8334056314 6.38105627706e-09 0.609072184289 0.391520185164 0.999999834933 0.468642 0 0
306.8 20 20 1.46335514336 10.833255663 6.40047977163e-09 0.609048113761 0.391542830968 0.999999839631 0.467867 0 0
306.9 20 20 1.4633437701 10.8332033435 6.41892920794e-09 0.609024017059 0.391565547824 0.999999828258 0.468001 0 0
307 20 20 1.46333244012 10.8325092564 6.4363427052e-09 0.608999930783 0.391588312366 0.999999827865 0.470168 0 0
307.1 20 20 1.46332138376 10.8322280907 6.45266838638e-09 0.608975828411 0.39161115572 0.999999844756 0.468684 0 0
307.2 20 20 1.46330999723 10.8321383245 6.46786368373e-09 0.608951737159 0.391634074603 0.999999850754 0.386182 0 0
307.3 20 20 1.4632984324 10.8317881668 6.4818951059e-09 0.608927640736 0.391657060006 0.999999823024 0.467247 0 0
307.4 20 20 1.4632865765 10.8314245501 6.49474177319e-09 0.608903565162 0.391680092122 0.999999810984 0.468739 0 0
307.5 20 20 1.46327521527 10.8311162378 6.50639489935e-09 0.608879488966 0.391703201343 0.999999815737 0.3845 0 0
307.6 20 20 1.46326391944 10.8309796283 6.51692615038e-09 0.608855402566 0.391726387713 0.999999829167 0.383085 0 0
307.7 20 20 1.46325298903 10.8307902748 6.52634564876e-09 0.608831313756 0.391749657682 0.999999830124 0.466652 0 0
307.8 20 20 1.46324208256 10.8306044506 6.53460709642e-09 0.60880723822 0.39177297702 0.999999822731 0.467419 0 0
307.9 20 20 1.4632307178 10.8302211957 6.54174624064e-09 0.608783164472 0.391796370795 0.999999817428 0.382753 0 0
308 20 20 1.46321973816 10.8307631326 6.54781097864e-09 0.608759087498 0.391819849509 0.999999807536 0.383992 0 0
308.1 20 20 1.46320897626 10.8299392074 6.5528569472e-09 0.608735027077 0.391843395618 0.999999840423 0.383188 0 0
308.2 20 20 1.4631987189 10.8300793643 6.55694563301e-09 0.6087109576 0.391867006076 0.9999998474 0.468395 0 0
308.3 20 20 1.46318808202 10.8296867288 6.56014547673e-09 0.608686893095 0.391890685771 0.999999828132 0.466872 0 0
308.4 20 20 1.46317787526 10.8295948881 6.56253157149e-09 0.608662821737 0.391914419141 0.999999837917 0.468874 0 0
308.5 20 20 1.46316749243 10.8296687324 6.56418451451e-09 0.608638763452 0.391938213141 0.999999820891 0.467928 0 0
308.6 20 20 1.4631560192 10.8298360748 6.56518965291e-09 0.608614718292 0.391962078487 0.999999825198 0.468915 0 0
308.7 20 20 1.4631455362 10.8297075338 6.56563512353e-09 0.608590663909 0.391985997467 0.999999810742 0.468336 0 0
308.8 20 20 1.46313556787 10.8292859322 6.5656136086e-09 0.60856661137 0.392009959554 0.99999983127 0.384628 0 0
308.9 20 20 1.46312585363 10.8292145715 6.56522066294e-09 0.608542564846 0.392034000075 0.99999984879 0.383857 0 0
309 20 20 1.46311597499 10.8292990423 6.56454798618e-09 0.608518515317 0.392058099253 0.999999839257 0.468734 0 0
309.1 20 20 1.46310644479 10.829378429 6.56368291695e-09 0.608494475572 0.392082251222 0.999999832676 0.385048 0 0
309.2 20 20 1.46309694433 10.829436968 6.56270472205e-09 0.608470436416 0.392106452001 0.999999842688 0.468052 0 0
309.3 20 20 1.46308752772 10.8296116144 6.5616889206e-09 0.608446401543 0.392130691402 0.999999824134 0.467972 0 0
309.4 20 20 1.46307843829 10.8295850501 6.56070777437e-09 0.608422379151 0.39215497847 0.999999843509 0.385156 0 0
309.5 20 20 1.46306925242 10.8296335432 6.55982754355e-09 0.60839835189 0.392179325509 0.999999823549 0.469947 0 0
309.6 20 20 1.46306024804 10.8301283683 6.55910915381e-09 0.608374323493 0.392203713617 0.999999825584 0.471508 0 0
309.7 20 20 1.46305136396 10.8299544692 6.55860546243e-09 0.608350305237 0.39222812616 0.999999817569 0.383768 0 0
309.8 20 20 1.46304273035 10.8300870291 6.55848389376e-09 0.608326287319 0.392252571401 0.999999831827 0.468109 0 0
309.9 20 20 1.46303394501 10.8305915471 6.55877563675e-09 0.608302270736 0.392277052889 0.999999818818 0.468182 0 0
310 20 20 1.4630258409 10.8304190942 6.55937919165e-09 0.608278260362 0.392301556363 0.999999835991 0.468063 0 0
310.1 20 20 1.46301798502 10.8306196363 6.56252615133e-09 0.608254234683 0.392326111581 0.999999825341 0.467997 0 0
310.2 20 20 1.46300927097 10.8309337657 6.58553261809e-09 0.608230217705 0.392350673271 0.999999816916 0.387215 0 0
310.3 20 20 1.46300165023 10.8309785397 6.60729159883e-09 0.608206200663 0.392375234371 0.999999834406 0.385215 0 0
310.4 20 20 1.46299425509 10.8312637174 6.62778877209e-09 0.608182185176 0.392399835572 0.99999984177 0.468328 0 0
310.5 20 20 1.46298704142 10.831318601 6.647024256e-09 0.608158178644 0.392424449069 0.999999831106 0.469995 0 0
310.6 20 20 1.46298025169 10.8318454889 6.66501243596e-09 0.608134167933 0.392449082681 0.999999834835 0.383579 0 0
310.7 20 20 1.46297339339 10.8318165114 6.68178164423e-09 0.608110157927 0.392473747538 0.999999827755 0.388101 0 0
310.8 20 20 1.4629668856 10.8320678581 6.69737365504e-09 0.608086143219 0.392498416086 0.999999835278 0.469348 0 0
310.9 20 20 1.46295976841 10.8323676855 6.71184309194e-09 0.60806213224 0.392523097829 0.999999820813 0.471923 0 0
311 20 20 1.46295332587 10.8325392981 6.72525786969e-09 0.608038125768 0.392547776988 0.999999812891 0.469961 0 0
311.1 20 20 1.46294748864 10.8331440011 6.73769712647e-09 0.608014128547 0.392572419278 0.999999836628 0.384048 0 0
311.2 20 20 1.46294185094 10.8332691283 6.74924977215e-09 0.607990113715 0.392597053096 0.999999821548 0.468594 0 0
311.3 20 20 1.46293638383 10.8333357167 6.76001322635e-09 0.607966111842 0.39262168948 0.999999831733 0.383346 0 0
311.4 20 20 1.46293131034 10.8341260914 6.77009203946e-09 0.607942098367 0.392646318879 0.999999842279 0.469045 0 0
311.5 20 20 1.46292624987 10.8343895563 6.77959641175e-09 0.60791808696 0.392670931015 0.99999981438 0.468763 0 0
311.6 20 20 1.46292104119 10.8341495163 6.78864071473e-09 0.60789407406 0.392695510911 0.999999795049 0.386205 0 0
311.7 20 20 1.46291711702 10.8342944312 6.79734181981e-09 0.607870067296 0.392720071679 0.999999839977 0.468838 0 0
311.8 20 20 1.46291324756 10.8345270155 6.80581744372e-09 0.607846048847 0.392744641025 0.999999838516 0.469566 0 0
311.9 20 20 1.46290974589 10.8348880064 6.8141844608e-09 0.607822029621 0.392769182373 0.999999840824 0.384482 0 0
312 20 20 1.46290662578 10.835471949 6.82255722999e-09 0.607798005241 0.392793679734 0.999999828346 0.468003 0 0
312.1 20 20 1.46290349668 10.8358631082 6.83104596262e-09 0.607773989258 0.392818142698 0.999999810164 0.46894 0 0
312.2 20 20 1.46290057135 10.8354136943 6.83975511364e-09 0.607749982817 0.392842574831 0.999999831132 0.468271 0 0
312.3 20 20 1.46289851484 10.8355794734 6.84878187487e-09 0.607725967645 0.392866969156 0.999999845918 0.468557 0 0
312.4 20 20 1.4628967054 10.835701875 6.85821474021e-09 0.607701946018 0.392891333204 0.999999815002 0.468776 0 0
312.5 20 20 1.46289505213 10.8358103078 6.86813218964e-09 0.607677935173 0.392915656836 0.999999811497 0.468408 0 0
312.6 20 20 1.46289349449 10.8360729707 6.87860153e-09 0.607653930252 0.392939931492 0.999999810363 0.384527 0 0
312.7 20 20 1.46289268389 10.8361402223 6.88967782585e-09 0.607629925351 0.392964138919 0.999999835969 0.384412 0 0
312.8 20 20 1.46289198801 10.8362571 6.901403052e-09 0.607605899344 0.392988319458 0.999999810856 0.470631 0 0
312.9 20 20 1.46289245282 10.8362462478 6.91380538536e-09 0.607581891187 0.393012467502 0.999999852615 0.384493 0 0
313 20 20 1.46289260093 10.8366080934 6.92689865716e-09 0.607557864166 0.393036576792 0.999999824187 0.468839 0 0
313.1 20 20 1.46289321308 10.8366031679 6.9406820512e-09 0.607533859998 0.393060623823 0.999999821376 0.469642 0 0
313.2 20 20 1.46289417034 10.8365614141 6.95513999295e-09 0.607509857163 0.393084621324 0.999999804065 0.470406 0 0
313.3 20 20 1.46289544359 10.8367226436 6.97024223922e-09 0.607485859404 0.393108592898 0.999999813377 0.385203 0 0
313.4 20 20 1.46289749232 10.8364697894 6.98594414346e-09 0.607461860263 0.393132494247 0.999999833442 0.470175 0 0
313.5 20 20 1.46289889789 10.836526158 7.00218713594e-09 0.607437850992 0.39315636797 0.999999821759 0.468713 0 0
313.6 20 20 1.462901077 10.836818392 7.01889977955e-09 0.607413859561 0.393180214463 0.999999822615 0.470104 0 0
313.7 20 20 1.46290370832 10.8364580654 7.03599830512e-09 0.607389873332 0.393204034832 0.99999983712 0.469419 0 0
313.8 20 20 1.46290735328 10.836434638 7.05338751925e-09 0.60736588068 0.393227808409 0.999999833832 0.466867 0 0
313.9 20 20 1.46291118235 10.8364737713 7.07096197805e-09 0.607341897227 0.393251535486 0.999999839291 0.38872 0 0
314 20 20 1.46291566289 10.8369616321 7.08860725319e-09 0.607317901936 0.393275212413 0.999999839072 0.468202 0 0
314.1 20 20 1.46291980768 10.8364958911 7.10620137245e-09 0.607293930613 0.393298844643 0.9999998196 0.467577 0 0
314.2 20 20 1.46292517938 10.8363310151 7.12361634429e-09 0.607269966497 0.39332244297 0.999999833178 0.467447 0 0
314.3 20 20 1.462930679 10.8361385834 7.14071977202e-09 0.607246008666 0.39334600657 0.99999983881 0.467864 0 0
314.4 20 20 1.46293680184 10.8360223115 7.1573765314e-09 0.60722204541 0.393369525006 0.999999829315 0.468722 0 0
314.5 20 20 1.46294295757 10.835923402 7.17345047617e-09 0.607198094637 0.393393007859 0.999999829498 0.468118 0 0
314.6 20 20 1.46294917834 10.8358808005 7.18880616991e-09 0.607174153649 0.393416442317 0.999999808415 0.468141 0 0
314.7 20 20 1.46295579052 10.8357928021 7.20331057937e-09 0.607150221871 0.393439847083 0.999999827225 0.385548 0 0
314.8 20 20 1.46296309625 10.8359071396 7.21683478882e-09 0.60712629713 0.393463230387 0.999999813665 0.467083 0 0
314.9 20 20 1.46297071901 10.8352843597 7.22925566071e-09 0.607102387867 0.393486587071 0.999999821339 0.468394 0 0
315 20 20 1.4629777758 10.8353169329 7.24045754195e-09 0.607078483377 0.393509921351 0.999999806787 0.386454 0 0
315.1 20 20 1.46298557401 10.8350310005 7.2503336227e-09 0.607054592233 0.393533226402 0.999999828094 0.383557 0 0
315.2 20 20 1.46299441454 10.8346845002 7.25878725942e-09 0.60703067912 0.393556500902 0.999999832397 0.468132 0 0
315.3 20 20 1.46300345693 10.8346920602 7.26573324102e-09 0.607006772202 0.39357975505 0.999999839508 0.467322 0 0
315.4 20 20 1.46301256006 10.8345158925 7.27109888237e-09 0.606982874395 0.393602985978 0.99999981815 0.470078 0 0
315.5 20 20 1.46302175642 10.8343432374 7.27482495178e-09 0.606958991574 0.393626205239 0.999999815068 0.384542 0 0
315.6 20 20 1.46303158124 10.8338646531 7.27686646291e-09 0.606935119578 0.393649391963 0.999999829743 0.467892 0 0
315.7 20 20 1.4630412447 10.8337197645 7.27719326349e-09 0.606911217431 0.393672580865 0.999999832486 0.389458 0 0
315.8 20 20 1.46305097594 10.8334213554 7.27579048376e-09 0.606887336977 0.393695741628 0.999999822043 0.46907 0 0
315.9 20 20 1.46306128064 10.8332085037 7.27265879412e-09 0.606863459475 0.393718897708 0.999999826622 0.470601 0 0
316 20 20 1.4630719089 10.8328901517 7.26781443128e-09 0.606839595144 0.393742030827 0.999999832643 0.468722 0 0
316.1 20 20 1.46308215593 10.8331117883 7.26128909469e-09 0.606815724151 0.393765159411 0.999999822324 0.467313 0 0
316.2 20 20 1.4630925924 10.8326455728 7.25312963623e-09 0.606791858106 0.393788294554 0.999999821211 0.384274 0 0
316.3 20 20 1.46310325645 10.8322932311 7.24339756161e-09 0.606767995069 0.393811411626 0.999999838131 0.383854 0 0
316.4 20 20 1.46311403697 10.8320090924 7.23216833987e-09 0.606744114692 0.393834524711 0.999999833269 0.470678 0 0
316.5 20 20 1.46312431264 10.8317963645 7.21953052331e-09 0.606720233265 0.393857631095 0.999999824697 0.46922 0 0
316.6 20 20 1.46313506827 10.8314980153 7.20558474008e-09 0.606696373396 0.393880725722 0.999999830291 0.471374 0 0
316.7 20 20 1.46314559912 10.8312857617 7.19044249683e-09 0.606672483728 0.393903841118 0.999999832415 0.385325 0 0
316.8 20 20 1.46315659098 10.8314023765 7.17422488819e-09 0.606648592515 0.393926957438 0.999999837797 0.468038 0 0
316.9 20 20 1.46316740298 10.8308530011 7.15706115109e-09 0.606624710969 0.393950064704 0.99999984738 0.385102 0 0
317 20 20 1.46317806307 10.8306228171 7.13908715904e-09 0.606600821684 0.393973176108 0.999999836684 0.38517 0 0
317.1 20 20 1.46318607636 10.8305436411 7.12044382031e-09 0.606576922114 0.393996275241 0.99999980633 0.469109 0 0
317.2 20 20 1.46319608016 10.8306620151 7.10127542616e-09 0.606553012501 0.394019372253 0.999999810096 0.383345 0 0
317.3 20 20 1.46320598596 10.8298472272 7.08172795106e-09 0.606529108474 0.394042485548 0.999999822857 0.383496 0 0
317.4 20 20 1.46321607427 10.82964995 7.06194731682e-09 0.606505188809 0.394065597508 0.999999818438 0.384838 0 0
317.5 20 20 1.46322631291 10.8294733361 7.04207772558e-09 0.606481263195 0.394088711638 0.999999833788 0.387021 0 0
317.6 20 20 1.46323617087 10.8291949806 7.02226031512e-09 0.60645733053 0.394111833722 0.999999845451 0.467788 0 0
317.7 20 20 1.46324540239 10.8290258955 7.0026312257e-09 0.606433385619 0.394134966479 0.999999829484 0.472992 0 0
317.8 20 20 1.46325469898 10.8289004487 6.98331996514e-09 0.606409427647 0.394158108356 0.9999998441 0.468543 0 0
317.9 20 20 1.46326384503 10.8285886768 6.96444793421e-09 0.606385453226 0.39418125988 0.99999984889 0.466939 0 0
318 20 20 1.46327268207 10.8283976619 6.94612702237e-09 0.606361471635 0.394204408342 0.999999840884 0.468605 0 0
318.1 20 20 1.46328094361 10.8284335189 6.92845843623e-09 0.606337485719 0.394227554539 0.999999830227 0.467444 0 0
318.2 20 20 1.46328924747 10.8282244861 6.91153161779e-09 0.606313485975 0.394250695837 0.999999847455 0.467771 0 0
318.3 20 20 1.46329662499 10.8282954815 6.89542333099e-09 0.606289470975 0.394273845177 0.999999816437 0.467654 0 0
318.4 20 20 1.46330321339 10.8276178449 6.88019689734e-09 0.606265437243 0.394296974973 0.999999829523 0.468886 0 0
318.5 20 20 1.46330959938 10.8273890537 6.86590163414e-09 0.606241385427 0.394320111677 0.999999846727 0.46803 0 0
318.6 20 20 1.46331612584 10.8273016486 6.85257242105e-09 0.606217323124 0.394343257031 0.999999829376 0.466064 0 0
318.7 20 20 1.46332158899 10.8274791697 6.84022950976e-09 0.606193259216 0.39436638639 0.999999812952 0.466865 0 0
318.8 20 20 1.46332711639 10.8267874353 6.82887854729e-09 0.606169191804 0.394389515447 0.999999822357 0.469134 0 0
318.9 20 20 1.4633319095 10.826599471 6.81851073888e-09 0.606145102961 0.394412653678 0.999999834696 0.38469 0 0
319 20 20 1.46333654771 10.826457583 6.80910322439e-09 0.606120987477 0.394435836511 0.99999982171 0.472378 0 0
319.1 20 20 1.46334147389 10.8263812971 6.80061962307e-09 0.606096871521 0.394459005671 0.999999833707 0.469402 0 0
319.2 20 20 1.46334606862 10.8261434079 6.79301074837e-09 0.60607274213 0.394482192601 0.999999845452 0.469127 0 0
319.3 20 20 1.46335015397 10.8258979046 6.78621545829e-09 0.60604859428 0.394505372344 0.999999842703 0.468872 0 0
319.4 20 20 1.46335336992 10.8257896462 6.78016167663e-09 0.606024439701 0.394528561882 0.999999820563 0.468976 0 0
319.5 20 20 1.46335669539 10.8255936184 6.77476753095e-09 0.606000267725 0.39455174013 0.999999861416 0.470641 0 0
319.6 20 20 1.46335975838 10.8254297994 6.76994259747e-09 0.605976074794 0.394574956035 0.999999834402 0.468109 0 0
319.7 20 20 1.46336201485 10.825469705 6.76558921369e-09 0.605951890315 0.394598149064 0.999999833245 0.47293 0 0
319.8 20 20 1.46336407879 10.825127052 6.76160388709e-09 0.60592769457 0.394621355657 0.999999833492 0.467494 0 0
319.9 20 20 1.46336579382 10.8249509391 6.7578788029e-09 0.605903484303 0.394644582534 0.999999830105 0.384238 0 0
320 20 20 1.46336693494 10.8247986809 6.75430330449e-09 0.605879266232 0.39466779743 0.999999829864 0.384652 0 0
320.1 20 20 1.46336812361 10.8247277153 6.75076545154e-09 0.605855046905 0.394691009674 0.999999826952 0.47072 0 0
320.2 20 20 1.46336856904 10.8245068157 6.74715356969e-09 0.605830814464 0.39471422604 0.999999827907 0.385378 0 0
320.3 20 20 1.46336926014 10.8244436013 6.74335775827e-09 0.605806577932 0.394737457585 0.999999838134 0.468925 0 0
320.4 20 20 1.46336925005 10.8244330414 6.73927135582e-09 0.605782334904 0.394760678837 0.999999838179 0.469869 0 0
320.5 20 20 1.46336947339 10.824280075 6.73479238344e-09 0.6057580798 0.394783895442 0.999999847546 0.467656 0 0
320.6 20 20 1.46336830051 10.8242936359 6.72982493642e-09 0.605733817361 0.394807139757 0.999999805953 0.470784 0 0
320.7 20 20 1.46336781897 10.8238562526 6.72428047321e-09 0.605709567726 0.394830358285 0.999999839643 0.470261 0 0
320.8 20 20 1.4633664072 10.8238861374 6.71807900731e-09 0.605685300143 0.394853584986 0.999999801274 0.468968 0 0
320.9 20 20 1.4633656444 10.8236990536 6.71115012688e-09 0.605661040715 0.394876802004 0.999999840252 0.385842 0 0
321 20 20 1.46336439214 10.8237080399 6.70343399184e-09 0.60563676981 0.394900047053 0.999999836732 0.467997 0 0
321.1 20 20 1.46336221786 10.8233988532 6.6948820541e-09 0.605612502906 0.394923290373 0.999999838893 0.467371 0 0
321.2 20 20 1.46336061063 10.8235342636 6.68545831281e-09 0.605588230091 0.394946554586 0.999999829381 0.4669 0 0
321.3 20 20 1.46335896969 10.8234147414 6.67513939669e-09 0.605563960838 0.394969790378 0.999999842973 0.471359 0 0
321.4 20 20 1.46335719688 10.8230965336 6.66391484084e-09 0.605539685143 0.394993022967 0.999999841573 0.384001 0 0
321.5 20 20 1.46335505655 10.8230448402 6.65178729583e-09 0.605515408992 0.395016267328 0.999999818815 0.470658 0 0
321.6 20 20 1.46335303187 10.823306475 6.63877261204e-09 0.605491143243 0.395039517585 0.999999826747 0.38524 0 0
321.7 20 20 1.46335032889 10.8230431639 6.62489971387e-09 0.605466878361 0.395062747697 0.999999822095 0.468048 0 0
321.8 20 20 1.46334718544 10.8231125762 6.6102103534e-09 0.60544261817 0.395085984115 0.999999830722 0.469344 0 0
321.9 20 20 1.46334429609 10.8227021016 6.59475870296e-09 0.605418353317 0.395109210282 0.999999836329 0.384623 0 0
322 20 20 1.46334155714 10.8227035235 6.57861076987e-09 0.605394072096 0.395132448862 0.999999806424 0.469928 0 0
322.1 20 20 1.46333853606 10.8225033071 6.56184371969e-09 0.605369817986 0.395155660559 0.999999822389 0.470337 0 0
322.2 20 20 1.46333503269 10.8225744152 6.54454564646e-09 0.6053455561 0.395178876774 0.99999982996 0.388237 0 0
322.3 20 20 1.46333270618 10.8223971729 6.52681410016e-09 0.605321301976 0.395202082253 0.999999853045 0.467399 0 0
322.4 20 20 1.46333039432 10.8230002867 6.50875491428e-09 0.605297050429 0.395225287208 0.999999829336 0.469368 0 0
322.5 20 20 1.46332810204 10.8223335383 6.49048099311e-09 0.605272807955 0.39524847353 0.999999857957 0.470397 0 0
322.6 20 20 1.46332575783 10.8222786624 6.47211110776e-09 0.605248558325 0.395271656468 0.999999842917 0.471531 0 0
322.7 20 20 1.46332366716 10.8225401551 6.45376858729e-09 0.605224319088 0.395294825162 0.999999849082 0.385014 0 0
322.8 20 20 1.46332123254 10.8223038309 6.43557996824e-09 0.605200070791 0.395318007692 0.999999831591 0.469921 0 0
322.9 20 20 1.46331878075 10.8221860559 6.41767360428e-09 0.605175834797 0.395341150028 0.999999824915 0.468581 0 0
323 20 20 1.46331661326 10.8223121404 6.40017827621e-09 0.605151615601 0.395364291185 0.999999836068 0.386495 0 0
323.1 20 20 1.46331458973 10.8221081759 6.38322176833e-09 0.605127390121 0.395387420002 0.999999838813 0.468864 0 0
323.2 20 20 1.46331289947 10.8220760272 6.36692950942e-09 0.605103157407 0.395410544307 0.999999848441 0.466869 0 0
323.3 20 20 1.4633110874 10.8220850124 6.35142320813e-09 0.60507893263 0.395433657735 0.999999830816 0.466643 0 0
323.4 20 20 1.46330983202 10.8219354181 6.33681954734e-09 0.605054714415 0.395456744779 0.999999859323 0.385373 0 0
323.5 20 20 1.46330911223 10.8221079127 6.32322895251e-09 0.605030494927 0.395479831197 0.999999851636 0.467874 0 0
323.6 20 20 1.46330825235 10.8218800648 6.31075444999e-09 0.605006274371 0.395502897947 0.999999821606 0.46734 0 0
323.7 20 20 1.46330799179 10.8222916122 6.29949060871e-09 0.604982068687 0.395525935041 0.999999824404 0.386539 0 0
323.8 20 20 1.46330769279 10.8217543862 6.28952258356e-09 0.604957861824 0.395548964534 0.999999825716 0.468103 0 0
323.9 20 20 1.46330790732 10.8216677133 6.2809252856e-09 0.604933661135 0.395571984407 0.999999836363 0.466521 0 0
324 20 20 1.46330739085 10.8218249226 6.27376262405e-09 0.604909472182 0.395594968333 0.99999979183 0.470083 0 0
324.1 20 20 1.46330848051 10.8214514734 6.26808691403e-09 0.604885304777 0.395617938827 0.999999852691 0.471517 0 0
324.2 20 20 1.46330989717 10.8215571286 6.26393840439e-09 0.604861107141 0.395640902663 0.999999822368 0.38587 0 0
324.3 20 20 1.46331132065 10.8216522919 6.26134490232e-09 0.604836931589 0.395663844195 0.999999825888 0.467914 0 0
324.4 20 20 1.4633132828 10.8215486396 6.26032172476e-09 0.604812760255 0.39568675894 0.999999828929 0.38629 0 0
324.5 20 20 1.46331546838 10.8213226608 6.2608716886e-09 0.604788595353 0.395709635206 0.99999982738 0.469078 0 0
324.6 20 20 1.4633185081 10.8209850992 6.26298515557e-09 0.60476444389 0.395732503362 0.999999836817 0.468168 0 0
324.7 20 20 1.46332232258 10.8211677893 6.26664023229e-09 0.604740290501 0.395755354607 0.999999828277 0.385091 0 0
324.8 20 20 1.46332617497 10.8206201698 6.27180315922e-09 0.604716139269 0.395778191111 0.999999826931 0.467487 0 0
324.9 20 20 1.4633307069 10.8205959014 6.27842881849e-09 0.604691997579 0.395801007437 0.999999829183 0.470195 0 0
325 20 20 1.46333598357 10.82046159 6.28646138609e-09 0.604667861751 0.395823795996 0.999999834934 0.469888 0 0
325.1 20 20 1.46334163068 10.8203558476 6.29583509553e-09 0.604643727561 0.395846569603 0.999999822873 0.468981 0 0
325.2 20 20 1.46334766264 10.8203016532 6.30647504991e-09 0.604619606403 0.395869317749 0.99999981297 0.46737 0 0
325.3 20 20 1.46335468412 10.8202703997 6.31829820678e-09 0.604595494319 0.395892040167 0.999999829977 0.384685 0 0
325.4 20 20 1.46336229038 10.8199038406 6.33121441378e-09 0.604571381116 0.395914720266 0.999999828654 0.46874 0 0
325.5 20 20 1.46337018461 10.8197722752 6.3451274953e-09 0.604547282546 0.395937385632 0.999999829992 0.384642 0 0
325.6 20 20 1.46337877643 10.8199093417 6.35993644397e-09 0.604523206924 0.39596004464 0.999999806158 0.468093 0 0
325.7 20 20 1.4633884259 10.8194176936 6.37553662158e-09 0.604499145288 0.395982655178 0.999999836573 0.469561 0 0
325.8 20 20 1.46339891262 10.8191927766 6.39182097605e-09 0.604475071484 0.396005266741 0.999999836515 0.466763 0 0
325.9 20 20 1.46341000897 10.8191590207 6.40868128416e-09 0.604451004423 0.396027856577 0.999999826339 0.468359 0 0
326 20 20 1.46342134687 10.8191134403 6.42600942404e-09 0.604426957552 0.396050429205 0.999999824814 0.38627 0 0
326.1 20 20 1.46343322734 10.8190029248 6.44369861006e-09 0.60440292762 0.39607297751 0.999999830011 0.471996 0 0
326.2 20 20 1.46344624812 10.8185435602 6.46164462644e-09 0.604378914651 0.39609549687 0.999999826018 0.467752 0 0
326.3 20 20 1.46346038298 10.8189604453 6.47974700532e-09 0.604354913279 0.396117991181 0.999999827534 0.47113 0 0
326.4 20 20 1.46347457904 10.8181314372 6.49791012765e-09 0.604330924128 0.396140474287 0.999999826256 0.467702 0 0
326.5 20 20 1.46348987623 10.8178413812 6.51604430769e-09 0.604306951799 0.396162940706 0.999999809567 0.383541 0 0
326.6 20 20 1.46350570718 10.817841742 6.53406682279e-09 0.604283003658 0.396185389171 0.999999821787 0.386496 0 0
326.7 20 20 1.46352259911 10.817469845 6.55190283983e-09 0.604259078088 0.396207823237 0.999999835179 0.385236 0 0
326.8 20 20 1.46354019077 10.8176840833 6.56948622792e-09 0.604235138252 0.396230229941 0.999999812042 0.470097 0 0
326.9 20 20 1.46355876332 10.8171654223 6.58676027828e-09 0.604211250448 0.396252615038 0.999999841082 0.469568 0 0
327 20 20 1.46357850008 10.8169626143 6.60367846726e-09 0.604187379695 0.396274984106 0.999999839746 0.467769 0 0
327.1 20 20 1.4635989208 10.817181459 6.6202048454e-09 0.604163507228 0.39629733385 0.999999833646 0.469513 0 0
327.2 20 20 1.46361967018 10.8164092859 6.63631433567e-09 0.604139670457 0.396319675897 0.999999816765 0.469491 0 0
327.3 20 20 1.46364143614 10.8162010513 6.65199300442e-09 0.604115863655 0.396342022568 0.999999842831 0.387189 0 0
327.4 20 20 1.46366370693 10.8159952225 6.66723817368e-09 0.604092065706 0.39636435592 0.999999829512 0.384243 0 0
327.5 20 20 1.4636865693 10.8157993755 6.68205836829e-09 0.604068308283 0.396386678397 0.999999836494 0.386187 0 0
327.6 20 20 1.46371008643 10.8156126915 6.69647315056e-09 0.604044577816 0.396409008874 0.999999829848 0.385592 0 0
327.7 20 20 1.46373479714 10.8156801452 6.71051282337e-09 0.604020877926 0.396431317452 0.999999834503 0.468712 0 0
327.8 20 20 1.46375977258 10.8153407739 6.72421798403e-09 0.603997196466 0.396453628057 0.999999816573 0.468714 0 0
327.9 20 20 1.46378524635 10.8152268243 6.73763894607e-09 0.60397353461 0.396475917554 0.999999822286 0.468556 0 0
328 20 20 1.46381140102 10.8147489865 6.75083503282e-09 0.603949910246 0.396498196475 0.999999814381 0.467752 0 0
328.1 20 20 1.46383718266 10.8148343519 6.76387376957e-09 0.603926328546 0.396520486592 0.999999807468 0.385186 0 0
328.2 20 20 1.46386494444 10.8145202694 6.77682999037e-09 0.603902762881 0.396542746909 0.999999832428 0.468338 0 0
328.3 20 20 1.46389278064 10.8143885029 6.78978482341e-09 0.603879228539 0.396565012029 0.999999818688 0.469163 0 0
328.4 20 20 1.46392176036 10.8143439595 6.80282458924e-09 0.603855730822 0.396587270913 0.999999840171 0.469041 0 0
328.5 20 20 1.46395089221 10.8139870833 6.816039665e-09 0.603832254745 0.396609524252 0.999999808349 0.468904 0 0
328.6 20 20 1.46398034481 10.8141963693 6.82952323766e-09 0.603808811638 0.396631775171 0.99999982563 0.467379 0 0
328.7 20 20 1.46401061212 10.8136714741 6.84337008194e-09 0.603785396598 0.396654016427 0.999999828579 0.46803 0 0
328.8 20 21 1.46404129395 10.8142708607 6.8576752464e-09 0.603762025963 0.396676250183 0.99999980007 0.4676 0 0
328.9 20 20 1.46407279042 10.813498141 6.87253278223e-09 0.603738694255 0.396698459346 0.999999818081 0.46691 0 0
329 20 20 1.46410461987 10.8132160267 6.88803444269e-09 0.603715383307 0.3967206815 0.999999831284 0.468756 0 0
329.1 20 20 1.46413724554 10.8131201024 6.90426838966e-09 0.60369210607 0.396742925561 0.999999829449 0.470287 0 0
329.2 20 20 1.46417019418 10.8131435152 6.92131796329e-09 0.603668846732 0.396765162994 0.999999836287 0.387993 0 0
329.3 20 20 1.46420328462 10.8129551429 6.93926049418e-09 0.603645628673 0.396787413584 0.999999817619 0.468834 0 0
329.4 20 20 1.46423526456 10.8130324456 6.9581661887e-09 0.603622433831 0.396809636605 0.999999835732 0.387353 0 0
329.5 20 20 1.4642680331 10.8128576582 6.97809709468e-09 0.603599260507 0.396831863467 0.999999781965 0.468006 0 0
329.6 20 20 1.46430059924 10.8131431009 6.99910615338e-09 0.603576146775 0.396854067852 0.999999796574 0.386807 0 0
329.7 20 20 1.46433429976 10.8128092274 7.02123636784e-09 0.603553053507 0.396876257169 0.999999829085 0.384694 0 0
329.8 20 20 1.4643684721 10.8127974277 7.04452006474e-09 0.603529988161 0.39689847639 0.999999819825 0.466968 0 0
329.9 20 20 1.46440303877 10.8126997204 7.06897846163e-09 0.603506952726 0.396920676512 0.999999816744 0.384336 0 0
330 20 20 1.46443734945 10.8127510238 7.09462411678e-09 0.603483951312 0.396942868444 0.99999982698 0.383503 0 0
330.1 20 20 1.46447126118 10.8128701538 7.12145813021e-09 0.603460963792 0.396965052585 0.999999805119 0.468306 0 0
330.2 20 20 1.46450622521 10.8126323034 7.14946926405e-09 0.603438009075 0.396987213776 0.999999844696 0.468525 0 0
330.3 20 20 1.46454043643 10.8127274415 7.17863388641e-09 0.60341506375 0.397009395959 0.999999810748 0.46755 0 0
330.4 20 20 1.46457508947 10.8128997188 7.20891606322e-09 0.603392160824 0.397031567818 0.999999830927 0.467567 0 0
330.5 20 20 1.46460906588 10.8128627085 7.24026782512e-09 0.603369273709 0.397053733078 0.99999982147 0.469283 0 0
330.6 20 20 1.46464320634 10.8133995705 7.2726295701e-09 0.60334641556 0.397075893823 0.999999810966 0.468929 0 0
330.7 20 20 1.4646771899 10.8129526275 7.30593057966e-09 0.603323587832 0.397098057271 0.99999982064 0.470493 0 0
330.8 20 20 1.46471094704 10.8134524089 7.34008973156e-09 0.60330077955 0.397120229316 0.999999833621 0.467609 0 0
330.9 20 20 1.46474500512 10.8131691771 7.37501632615e-09 0.603278000315 0.397142387758 0.999999831872 0.385258 0 0
331 20 20 1.4647791907 10.8132929962 7.41061102785e-09 0.60325525293 0.397164526863 0.999999843492 0.470599 0 0
331.1 20 20 1.46481307903 10.8136090538 7.44676693704e-09 0.603232529149 0.397186673685 0.999999833115 0.470713 0 0
331.2 20 20 1.46484658551 10.81351029 7.48337075471e-09 0.603209832949 0.397208832032 0.999999818376 0.471345 0 0
331.3 20 20 1.46487977821 10.8139391088 7.52030397711e-09 0.603187178041 0.397230977623 0.999999824507 0.467781 0 0
331.4 20 20 1.46491182909 10.8138852392 7.55744416228e-09 0.603164532938 0.397253096763 0.999999811743 0.467975 0 0
331.5 20 20 1.46494374036 10.8142601169 7.59466622648e-09 0.603141920986 0.397275204891 0.999999806657 0.385016 0 0
331.6 20 20 1.46497563379 10.8142924836 7.63184380946e-09 0.603119320669 0.39729729866 0.999999810817 0.469439 0 0
331.7 20 20 1.46500706274 10.8145642197 7.66885064402e-09 0.603096767472 0.39731937573 0.999999826362 0.470736 0 0
331.8 20 20 1.46503753059 10.8146439762 7.7055619257e-09 0.603074221358 0.397341434578 0.999999816825 0.468778 0 0
331.9 20 20 1.46506823015 10.8146031086 7.74185566431e-09 0.603051706934 0.397363487717 0.999999833104 0.38337 0 0
332 20 20 1.46509912972 10.8147827964 7.77761397184e-09 0.603029210378 0.397385524727 0.999999851374 0.386646 0 0
332.1 20 20 1.46512867549 10.8150457809 7.81272434456e-09 0.603006730751 0.39740755852 0.999999821276 0.469379 0 0
332.2 20 20 1.46515790376 10.8151309514 7.84708172584e-09 0.602984288409 0.3974295512 0.999999833054 0.385709 0 0
332.3 20 20 1.46518679982 10.8153233514 7.88058949416e-09 0.602961863628 0.397451502694 0.999999821226 0.471002 0 0
332.4 20 20 1.46521523114 10.8155855104 7.91315958856e-09 0.602939462799 0.397473461129 0.999999846654 0.470056 0 0
332.5 20 20 1.46524260521 10.8157081919 7.94471310784e-09 0.602917074828 0.397495406825 0.999999831505 0.470127 0 0
332.6 20 20 1.46526972453 10.8159115018 7.97518096668e-09 0.60289472375 0.397517322387 0.999999847618 0.470238 0 0
332.7 20 20 1.46529628165 10.8160633414 8.00450443988e-09 0.602872389821 0.397539209603 0.999999830958 0.47 0 0
332.8 20 20 1.46532142244 10.8162723277 8.0326355103e-09 0.60285008307 0.397561065467 0.999999817126 0.46904 0 0
332.9 20 20 1.46534660637 10.8165091943 8.05953708186e-09 0.602827811085 0.39758290995 0.999999818536 0.46783 0 0
333 20 20 1.46537128841 10.8166577857 8.08518305828e-09 0.602805536627 0.397604721538 0.999999815023 0.46883 0 0
333.1 20 20 1.46539542771 10.8167408427 8.10955825328e-09 0.602783307553 0.397626507882 0.999999846791 0.384825 0 0
333.2 20 20 1.46541847806 10.8169373884 8.1326581853e-09 0.602761092151 0.397648286197 0.999999837848 0.4694 0 0
333.3 20 20 1.46544066114 10.8168314269 8.1544887077e-09 0.6027388998 0.397670036817 0.999999828045 0.470007 0 0
333.4 20 20 1.46546262894 10.8169722832 8.17506552306e-09 0.602716733488 0.397691766898 0.999999832504 0.384587 0 0
333.5 20 20 1.46548386728 10.8172638667 8.19441357701e-09 0.602694585475 0.397713468466 0.999999817311 0.46719 0 0
333.6 20 20 1.46550376442 10.8170704837 8.21256631193e-09 0.602672465334 0.397735132276 0.999999829241 0.387447 0 0
333.7 20 20 1.46552362047 10.8171527584 8.22956483218e-09 0.602650358092 0.397756778863 0.999999826832 0.382744 0 0
333.8 20 20 1.46554330706 10.8171816196 8.245456948e-09 0.602628272123 0.397778409873 0.99999984963 0.468044 0 0
333.9 20 20 1.46556127388 10.8173994065 8.26029615357e-09 0.602606203921 0.397800028468 0.999999814173 0.47027 0 0
334 20 20 1.46557899163 10.8172005711 8.27414054286e-09 0.602584165885 0.397821602467 0.999999820707 0.46694 0 0
334.1 20 20 1.46559662848 10.8171470608 8.28705167195e-09 0.602562149084 0.397843153644 0.999999846409 0.468433 0 0
334.2 20 20 1.46561282065 10.8174136878 8.29909339702e-09 0.602540128318 0.397864677293 0.999999801255 0.468346 0 0
334.3 20 20 1.46562894741 10.8170924094 8.31033064227e-09 0.602518136839 0.397886189594 0.999999831582 0.468743 0 0
334.4 20 20 1.46564439618 10.8170577524 8.32082824585e-09 0.602496161705 0.397907691825 0.999999834406 0.467861 0 0
334.5 20 21 1.46565883845 10.8173952898 8.33064976652e-09 0.602474197387 0.397929171081 0.999999826578 0.469829 0 0
334.6 20 20 1.46567292191 10.816969317 8.3398563526e-09 0.602452267458 0.397950633659 0.99999982167 0.468248 0 0
334.7 20 20 1.46568635976 10.8166492591 8.34850564984e-09 0.602430331252 0.397972081357 0.999999839224 0.469124 0 0
334.8 20 20 1.46569938213 10.816730159 8.3566507593e-09 0.60240840707 0.397993518624 0.9999998326 0.46736 0 0
334.9 20 20 1.46571098176 10.8164189361 8.36433926716e-09 0.602386506329 0.398014935107 0.999999838792 0.468346 0 0
335 20 20 1.46572251866 10.8161602299 8.37161242244e-09 0.602364606558 0.398036350003 0.999999826824 0.466801 0 0
335.1 20 20 1.46573338542 10.8164567477 8.37850439774e-09 0.602342721958 0.398057767832 0.999999844388 0.386413 0 0
335.2 20 20 1.46574348836 10.8158227292 8.3850416501e-09 0.602320855529 0.39807918185 0.999999835938 0.470501 0 0
335.3 20 20 1.46575361641 10.8157455166 8.39124242781e-09 0.602298995762 0.398100604786 0.999999827177 0.468704 0 0
335.4 20 21 1.4657627759 10.8159732263 8.39711640494e-09 0.602277162521 0.39812201597 0.99999981711 0.385703 0 0
335.5 20 20 1.46577198226 10.8151375021 8.40266443923e-09 0.602255337168 0.398143424176 0.999999837509 0.469039 0 0
335.6 20 20 1.46578044404 10.8148826826 8.40787849605e-09 0.602233507622 0.398164820698 0.99999983491 0.469362 0 0
335.7 20 20 1.46578791805 10.8146001978 8.41274171991e-09 0.602211690199 0.398186229934 0.999999845704 0.467789 0 0
335.8 20 20 1.46579467806 10.8145376017 8.41722861266e-09 0.602189878013 0.398207639883 0.999999816636 0.385778 0 0
335.9 20 20 1.46580059574 10.814026202 8.4213053967e-09 0.602168094318 0.398229033123 0.999999845182 0.46869 0 0
336 20 20 1.46580661508 10.8138202716 8.42493045943e-09 0.602146293676 0.398250454901 0.999999830375 0.468685 0 0
336.1 20 20 1.46581305096 10.813628766 8.42805492773e-09 0.60212449461 0.398271883449 0.999999828262 0.384895 0 0
336.2 20 20 1.46581879541 10.8130470759 8.43062342206e-09 0.602102717438 0.398293308758 0.999999827528 0.467913 0 0
336.3 20 20 1.46582425651 10.8132389581 8.4325748947e-09 0.602080946092 0.398314755994 0.999999829423 0.384592 0 0
336.4 20 20 1.46582900235 10.8124590445 8.43384360532e-09 0.602059189929 0.398336199407 0.999999833303 0.383283 0 0
336.5 20 20 1.46583423482 10.8121721943 8.43436017206e-09 0.602037422221 0.398357664253 0.999999847488 0.468115 0 0
336.6 20 20 1.46583776192 10.8118874893 8.43405268616e-09 0.602015657667 0.398379131183 0.999999831887 0.468503 0 0
336.7 20 20 1.46584208149 10.8117420879 8.43284789549e-09 0.601993896845 0.398400624207 0.999999832471 0.470853 0 0
336.8 20 20 1.4658458619 10.8109291317 8.43067239755e-09 0.601972150948 0.398422122953 0.999999846958 0.467859 0 0
336.9 20 20 1.46584964354 10.8110969711 8.42745383773e-09 0.60195039157 0.398443646464 0.999999814778 0.468699 0 0
337 20 20 1.46585182419 10.8103491207 8.42312216471e-09 0.601928645843 0.398465167314 0.999999827565 0.467817 0 0
337.1 20 20 1.46585503362 10.809885991 8.41761085258e-09 0.601906906239 0.398486710455 0.999999821714 0.386017 0 0
337.2 20 20 1.46585722062 10.8093879629 8.41085810273e-09 0.601885178741 0.398508254074 0.999999827312 0.46969 0 0
337.3 20 20 1.46586023717 10.8091176608 8.40280801009e-09 0.601863453504 0.398529811214 0.999999832363 0.384441 0 0
337.4 20 20 1.46586312161 10.808810692 8.39341321635e-09 0.601841721509 0.398551403785 0.999999825486 0.468568 0 0
337.5 20 20 1.4658655104 10.8083116449 8.38263455475e-09 0.601819998175 0.398572999807 0.999999832584 0.468456 0 0
337.6 20 20 1.46586751036 10.8080352842 8.37044155265e-09 0.601798276635 0.398594624995 0.999999827356 0.471431 0 0
337.7 20 20 1.465869473 10.8077107386 8.35681320102e-09 0.60177656195 0.398616276173 0.999999845264 0.386356 0 0
337.8 20 20 1.46587169431 10.8072995416 8.34173861401e-09 0.601754851299 0.398637949914 0.999999832616 0.468965 0 0
337.9 20 20 1.46587347904 10.8070879692 8.32521753447e-09 0.601733150626 0.398659650184 0.999999836925 0.471396 0 0
338 20 20 1.46587484628 10.8071000244 8.3072607304e-09 0.601711447376 0.398681362065 0.999999821799 0.466892 0 0
338.1 20 20 1.46587602452 10.8067040451 8.28789020603e-09 0.601689789244 0.398703111843 0.999999835478 0.387602 0 0
338.2 20 20 1.46587774585 10.8064993186 8.26713928603e-09 0.601668120688 0.398724880499 0.999999836952 0.46942 0 0
338.3 20 20 1.46587915141 10.8060824432 8.24505262762e-09 0.601646456018 0.398746656166 0.999999829474 0.384693 0 0
338.4 20 20 1.46588081865 10.8057309589 8.22168717719e-09 0.601624814738 0.398768484134 0.99999983351 0.384165 0 0
338.5 20 20 1.46588170471 10.8055971116 8.19711086218e-09 0.601603187472 0.398790331395 0.999999822321 0.386259 0 0
338.6 20 20 1.46588329744 10.8053413239 8.17140187449e-09 0.601581553506 0.398812206422 0.999999842606 0.387443 0 0
338.7 20 20 1.46588451375 10.8052797815 8.1446480855e-09 0.601559942227 0.398834084922 0.999999837087 0.470826 0 0
338.8 20 20 1.46588591423 10.8049885689 8.11694621823e-09 0.601538342373 0.398856010078 0.999999832486 0.469646 0 0
338.9 20 20 1.46588788901 10.8050936513 8.08840104965e-09 0.601516766851 0.398877955012 0.999999837851 0.384042 0 0
339 20 20 1.46588912448 10.8046461285 8.05912439388e-09 0.601495192631 0.398899905837 0.999999828415 0.46873 0 0
339.1 20 20 1.46589049777 10.8048300582 8.0292340951e-09 0.601473633531 0.398921869069 0.999999821642 0.467636 0 0
339.2 20 20 1.46589118249 10.8046169879 7.99885279246e-09 0.60145209958 0.398943860495 0.999999827679 0.467814 0 0
339.3 20 20 1.46589238499 10.8045029052 7.96810671233e-09 0.601430581425 0.398965859879 0.999999822631 0.468868 0 0
339.4 20 20 1.46589445007 10.8045631786 7.93712442414e-09 0.601409077048 0.398987880844 0.999999842704 0.466284 0 0
339.5 20 20 1.46589557354 10.8043126 7.90603548543e-09 0.60138758815 0.399009927254 0.999999790014 0.471975 0 0
339.6 20 20 1.4658974244 10.8046514369 7.87496914275e-09 0.601366127179 0.399031967249 0.999999821051 0.385108 0 0
339.7 20 20 1.4658994773 10.8042561035 7.84405295574e-09 0.601344670351 0.399054027763 0.99999985258 0.469486 0 0
339.8 20 21 1.46590116318 10.8049459154 7.81341149112e-09 0.60132322162 0.399076106995 0.999999817284 0.468496 0 0
339.9 20 20 1.46590293893 10.8049360874 7.78316508675e-09 0.601301813336 0.399098187417 0.999999824364 0.385141 0 0
340 20 20 1.46590535664 10.8042843965 7.75342857819e-09 0.60128040866 0.399120270277 0.999999836998 0.467356 0 0
340.1 20 20 1.46590796601 10.8044077204 7.7243101925e-09 0.601259015172 0.39914235902 0.999999843494 0.468858 0 0
340.2 20 20 1.46591039333 10.8046189067 7.69591093909e-09 0.6012376372 0.399164468983 0.999999836777 0.46728 0 0
340.3 20 20 1.46591239526 10.8049734173 7.66832324936e-09 0.601216280602 0.399186579589 0.999999840934 0.470424 0 0
340.4 20 20 1.46591436959 10.8049294346 7.64162999832e-09 0.601194947591 0.399208688279 0.999999813672 0.390714 0 0
340.5 20 20 1.46591696777 10.8049902682 7.61590376669e-09 0.601173635207 0.399230800871 0.999999842699 0.386755 0 0
340.6 20 20 1.46591987206 10.8054042466 7.59120621214e-09 0.601152331701 0.399252902128 0.999999825902 0.468606 0 0
340.7 20 20 1.4659220561 10.8051467905 7.56758758888e-09 0.601131044333 0.399274983705 0.999999823703 0.470222 0 0
340.8 20 20 1.46592516651 10.8052986241 7.5450863956e-09 0.601109769841 0.399297047641 0.999999837778 0.46992 0 0
340.9 20 20 1.46592872253 10.8054617387 7.52372912093e-09 0.601088524868 0.399319106636 0.999999839898 0.469548 0 0
341 20 20 1.46593210593 10.8057292099 7.50353021946e-09 0.601067285972 0.399341143988 0.999999839665 0.470233 0 0
341.1 20 20 1.46593398991 10.8058107114 7.4844922088e-09 0.601046057899 0.399363153982 0.99999982621 0.468839 0 0
341.2 20 20 1.46593754297 10.8063824677 7.46660588119e-09 0.601024849771 0.399385142092 0.999999846901 0.386362 0 0
341.3 20 20 1.46594007201 10.8062010282 7.44985071651e-09 0.601003660252 0.399407102699 0.99999981919 0.469171 0 0
341.4 20 20 1.46594366855 10.8067570451 7.43419546094e-09 0.60098247832 0.399429023641 0.999999822185 0.384343 0 0
341.5 20 20 1.46594778159 10.806668332 7.41959873464e-09 0.600961309682 0.399450902845 0.999999859843 0.383419 0 0
341.6 20 20 1.46595135342 10.8069844566 7.40600983807e-09 0.600940155323 0.399472769685 0.999999841425 0.467784 0 0
341.7 20 20 1.46595530115 10.8069306647 7.39336959204e-09 0.600919020941 0.399494585028 0.999999848208 0.469504 0 0
341.8 20 20 1.46595948726 10.8074343906 7.38161141363e-09 0.600897886342 0.399516376786 0.999999841947 0.383921 0 0
341.9 20 20 1.46596360636 10.8075858277 7.37066230687e-09 0.6008767645 0.399538132958 0.999999836006 0.467657 0 0
342 20 20 1.46596773841 10.8078802335 7.36044403762e-09 0.600855654533 0.399559838459 0.999999828118 0.384139 0 0
342.1 20 20 1.46597151938 10.8083843375 7.35087433122e-09 0.600834565263 0.39958151987 0.999999833517 0.383258 0 0
342.2 20 20 1.46597546408 10.8084539652 7.34186809282e-09 0.600813482437 0.399603155754 0.999999820345 0.384708 0 0
342.3 20 20 1.46597957187 10.8080821249 7.3333386912e-09 0.600792405085 0.399624749741 0.999999838621 0.384365 0 0
342.4 20 20 1.46598358576 10.8086190551 7.32519920134e-09 0.600771330125 0.399646305228 0.99999983504 0.386755 0 0
342.5 20 20 1.46598625199 10.8085593874 7.31736465106e-09 0.600750262683 0.399667811727 0.999999808472 0.470924 0 0
342.6 20 20 1.46599018858 10.8085938671 7.30975245549e-09 0.600729221828 0.399689250307 0.999999838576 0.469092 0 0
342.7 20 20 1.46599411824 10.808882674 7.30228346014e-09 0.600708156511 0.399710671338 0.999999818185 0.387736 0 0
342.8 20 20 1.46599818552 10.808775446 7.29488284735e-09 0.600687117363 0.399732034556 0.999999822096 0.469572 0 0
342.9 20 20 1.46600217289 10.809266112 7.28748108264e-09 0.600666070916 0.399753367892 0.999999820365 0.4706 0 0
343 20 20 1.46600635904 10.8090881904 7.28001484279e-09 0.600645038074 0.39977463396 0.999999840196 0.386158 0 0
343.1 20 20 1.46601060095 10.8094881013 7.27242774421e-09 0.600623995928 0.399795855734 0.999999836813 0.468349 0 0
343.2 20 20 1.46601427937 10.809670329 7.26467101053e-09 0.600602966102 0.399817040233 0.99999982237 0.468601 0 0
343.3 20 20 1.46601847758 10.8092558302 7.25670408516e-09 0.600581937072 0.399838165323 0.999999845199 0.468633 0 0
343.4 20 20 1.46602278018 10.8093371277 7.24849499913e-09 0.600560918938 0.399859242148 0.999999845088 0.469117 0 0
343.5 20 20 1.46602662751 10.8095983191 7.24002070367e-09 0.600539906745 0.399880278787 0.999999831776 0.469129 0 0
343.6 20 20 1.46602990176 10.8097508949 7.23126723247e-09 0.600518908017 0.399901247996 0.999999797322 0.386576 0 0
343.7 20 20 1.46603388377 10.8097671374 7.22222976369e-09 0.600497923429 0.399922164221 0.999999822076 0.385006 0 0
343.8 20 20 1.46603800634 10.8094502078 7.212912505e-09 0.600476936715 0.399943059966 0.999999832506 0.468476 0 0
343.9 20 20 1.466041257 10.809572024 7.20332849911e-09 0.600455955168 0.399963903032 0.999999814506 0.38411 0 0
344 20 20 1.46604391529 10.8093343239 7.19349922738e-09 0.600434997773 0.399984689191 0.999999807344 0.468103 0 0
344.1 20 20 1.46604785959 10.8092629309 7.18345412136e-09 0.60041404335 0.40000543057 0.99999984464 0.468754 0 0
344.2 20 20 1.46605156302 10.8092361304 7.1732299545e-09 0.600393082589 0.400026125026 0.999999841287 0.468992 0 0
344.3 20 20 1.46605487626 10.8094447934 7.16287021085e-09 0.600372130853 0.400046778237 0.999999825107 0.467194 0 0
344.4 20 20 1.46605793315 10.809380309 7.1524241986e-09 0.600351207289 0.400067388224 0.999999826091 0.468643 0 0
344.5 20 20 1.4660612096 10.8092134838 7.14194623359e-09 0.600330280769 0.400087950166 0.999999814349 0.386417 0 0
344.6 20 20 1.46606452456 10.8090640967 7.13149471029e-09 0.60030937972 0.400108475632 0.999999821218 0.467601 0 0
344.7 20 20 1.46606750597 10.8087742236 7.12113109645e-09 0.60028848517 0.40012895956 0.999999836517 0.468333 0 0
344.8 20 20 1.46607052606 10.8086246072 7.11091899891e-09 0.600267587373 0.400149423391 0.999999850068 0.467683 0 0
344.9 20 20 1.46607362432 10.8085054689 7.10092309632e-09 0.600246693682 0.400169850208 0.99999983275 0.387797 0 0
345 20 20 1.46607693395 10.8086068916 7.09120812285e-09 0.6002258169 0.400190246343 0.999999828744 0.46917 0 0
345.1 20 20 1.46607966662 10.8082304729 7.08183778269e-09 0.600204948718 0.400210607454 0.99999982557 0.468763 0 0
345.2 20 20 1.46608259031 10.8080382519 7.07287373948e-09 0.600184103446 0.400230939172 0.999999839568 0.383552 0 0
345.3 20 20 1.46608480659 10.8078769646 7.06437468393e-09 0.600163249889 0.400251251482 0.999999853635 0.469798 0 0
345.4 20 20 1.46608689204 10.8076509713 7.05639536597e-09 0.600142409118 0.400271533849 0.999999823903 0.468237 0 0
345.5 20 20 1.46608942596 10.8077761042 7.04898577895e-09 0.60012159901 0.400291785226 0.999999834842 0.385127 0 0
345.6 20 20 1.46609149996 10.8077342388 7.04219034835e-09 0.600100794822 0.400312020579 0.99999984087 0.467379 0 0
345.7 20 20 1.46609304889 10.8070633064 7.03604731612e-09 0.600080023945 0.400332217991 0.999999815362 0.382367 0 0
345.8 20 20 1.46609462774 10.8073049995 7.03058873352e-09 0.600059271724 0.400352385613 0.999999821919 0.38383 0 0
345.9 20 20 1.4660957629 10.8065451333 7.02583939564e-09 0.600038522244 0.400372520428 0.999999827938 0.384161 0 0
346 20 20 1.46609706155 10.8062867306 7.02181611397e-09 0.600017785926 0.400392632912 0.999999834935 0.468083 0 0
346.1 20 20 1.46609833492 10.8059633887 7.01852825214e-09 0.599997065808 0.400412755747 0.999999844551 0.47198 0 0
346.2 20 20 1.46609954276 10.8057355054 7.01597686613e-09 0.59997635261 0.400432851737 0.999999857125 0.46719 0 0
346.3 20 20 1.46610030599 10.8056610437 7.01415442734e-09 0.599955662924 0.400452933504 0.999999834168 0.468962 0 0
346.4 20 20 1.46610052447 10.8055792363 7.01304474344e-09 0.599935004674 0.400472996673 0.999999812813 0.467628 0 0
346.5 20 20 1.46610097533 10.8051832045 7.01262305084e-09 0.599914357624 0.400493039013 0.999999832018 0.387128 0 0
346.6 20 20 1.46610090002 10.8047546213 7.0128561658e-09 0.599893713478 0.40051306189 0.999999826252 0.469538 0 0
346.7 20 20 1.4661009757 10.8051505268 7.01370268631e-09 0.599873099538 0.400533091921 0.999999820481 0.471629 0 0
346.8 20 20 1.46610062842 10.8045086375 7.01511337149e-09 0.599852495703 0.400553088668 0.999999832939 0.467468 0 0
346.9 20 20 1.46610004705 10.8042370225 7.01703163136e-09 0.599831901197 0.400573077349 0.999999844207 0.470852 0 0
347 20 20 1.46609948427 10.8038241819 7.01939407031e-09 0.599811299501 0.400593050213 0.999999829675 0.46861 0 0
347.1 20 20 1.46609806464 10.8036547157 7.02213112332e-09 0.59979071982 0.400613023211 0.999999817597 0.384537 0 0
347.2 20 20 1.46609698257 10.8032714825 7.02516771598e-09 0.599770178261 0.400632980719 0.999999830661 0.472542 0 0
347.3 20 20 1.4660949983 10.8033256871 7.02842412374e-09 0.599749629677 0.400652930141 0.999999808983 0.469136 0 0
347.4 20 20 1.46609305196 10.8028618746 7.03181680075e-09 0.599729099037 0.400672863112 0.999999826253 0.383485 0 0
347.5 20 20 1.46609115073 10.8028124438 7.03525920484e-09 0.599708573108 0.400692800045 0.99999983439 0.470262 0 0
347.6 20 20 1.46608879157 10.8024861761 7.03866269768e-09 0.599688041905 0.400712727149 0.999999836447 0.469179 0 0
347.7 20 20 1.46608654922 10.8026893805 7.04193743829e-09 0.599667534481 0.400732650362 0.999999813419 0.467477 0 0
347.8 20 20 1.46608440935 10.8020227461 7.04499333764e-09 0.599647037583 0.400752561143 0.999999848152 0.383394 0 0
347.9 20 20 1.46608165021 10.8018355297 7.04774100935e-09 0.599626519891 0.40077248332 0.999999830214 0.468211 0 0
348 20 20 1.46607911648 10.8017503667 7.05009262264e-09 0.599606023683 0.400792386496 0.99999985546 0.383671 0 0
348.1 20 20 1.46607583792 10.8017373351 7.05196284995e-09 0.599585515576 0.400812295592 0.999999839449 0.467405 0 0
348.2 20 20 1.46607247305 10.8017924578 7.05326977812e-09 0.599565017159 0.400832190635 0.999999814486 0.466586 0 0
348.3 20 20 1.46606886388 10.8015751554 7.05393572948e-09 0.599544499854 0.400852091203 0.999999823383 0.467421 0 0
348.4 20 20 1.4660652945 10.8013065292 7.05388816273e-09 0.599524004172 0.400871971365 0.999999839325 0.469419 0 0
348.5 20 20 1.46606157266 10.80120852 7.05306030266e-09 0.599503490881 0.400891865943 0.999999835084 0.470171 0 0
348.6 20 20 1.46605778323 10.8014539648 7.05139189339e-09 0.599482991033 0.400911751328 0.999999852238 0.383521 0 0
348.7 20 20 1.46605347165 10.8015362223 7.04882968056e-09 0.599462475738 0.400931636736 0.999999829103 0.467642 0 0
348.8 20 20 1.46604903888 10.8012403975 7.04532795677e-09 0.599441987544 0.400951512334 0.999999834774 0.46768 0 0
348.9 20 20 1.46604455031 10.8010754918 7.0408489502e-09 0.599421468683 0.400971383766 0.999999837339 0.467691 0 0
349 20 20 1.46603951195 10.8013993367 7.03536320016e-09 0.599400942064 0.400991244369 0.999999829721 0.468042 0 0
349.1 20 20 1.46603471116 10.8010656404 7.02884972514e-09 0.599380420389 0.401011118104 0.999999834484 0.47047 0 0
349.2 20 20 1.46603038739 10.8011116425 7.02129613186e-09 0.599359886551 0.401030973928 0.999999845979 0.38329 0 0
349.3 20 20 1.46602520913 10.8013156691 7.01269872219e-09 0.599339350846 0.401050848093 0.999999824851 0.46684 0 0
349.4 20 20 1.46602003633 10.8011769408 7.00306235638e-09 0.599318814971 0.401070683243 0.999999819438 0.383625 0 0
349.5 20 20 1.46601453613 10.8014394985 6.99240033416e-09 0.59929827064 0.401090539973 0.999999812718 0.466636 0 0
349.6 20 20 1.46600945849 10.8015210289 6.9807342325e-09 0.599277710517 0.401110382961 0.999999822284 0.469326 0 0
349.7 20 20 1.46600403724 10.8012845551 6.96809339372e-09 0.599257137117 0.401130233688 0.99999984037 0.468376 0 0
349.8 20 20 1.46599766301 10.8012854042 6.95451445061e-09 0.5992365658 0.401150090154 0.999999825247 0.469341 0 0
349.9 20 20 1.46599212951 10.8013765333 6.94004078347e-09 0.5992159911 0.401169919996 0.999999846538 0.383442 0 0
350 20 20 1.46598593749 10.8019088826 6.9247219805e-09 0.599195392157 0.401189764765 0.999999828158 0.47011 0 0
350.1 20 20 1.4659791945 10.8015361993 6.90861318002e-09 0.599174806783 0.401209598471 0.99999979931 0.384163 0 0
350.2 20 20 1.46597316307 10.8015837875 6.89177435077e-09 0.599154201978 0.401229403109 0.999999825072 0.381644 0 0
350.3 20 20 1.4659673733 10.8015809538 6.87426953876e-09 0.599133592956 0.401249205419 0.999999843326 0.384729 0 0
350.4 20 20 1.46596120162 10.8015831652 6.85616604986e-09 0.599112967276 0.401269017412 0.999999833176 0.47101 0 0
350.5 20 20 1.46595517706 10.8017062759 6.83753362809e-09 0.599092333034 0.401288814571 0.999999836727 0.470777 0 0
350.6 20 20 1.46594863255 10.8016870636 6.81844360383e-09 0.599071691385 0.401308608302 0.999999818708 0.469028 0 0
350.7 20 20 1.46594270716 10.801909521 6.79896804636e-09 0.599051063078 0.401328392475 0.999999836879 0.384742 0 0
350.8 20 20 1.4659364407 10.8020690233 6.77917893843e-09 0.599030414551 0.40134814964 0.99999982321 0.470799 0 0
350.9 20 20 1.46592881683 10.8018565065 6.75914734768e-09 0.599009752418 0.401367883058 0.999999807454 0.46801 0 0
351 20 20 1.46592244863 10.8019853484 6.73894256707e-09 0.598989099905 0.401387630536 0.999999839284 0.385329 0 0
351.1 20 20 1.46591569213 10.8019769005 6.71863138831e-09 0.598968432279 0.401407371534 0.999999827695 0.467342 0 0
351.2 20 20 1.46590912296 10.8021099637 6.69827732032e-09 0.598947766837 0.401427118635 0.999999828897 0.467244 0 0
351.3 20 20 1.46590244338 10.8022574649 6.67793994269e-09 0.598927092488 0.401446843511 0.999999840626 0.468368 0 0
351.4 20 20 1.46589566621 10.8022478031 6.6576742237e-09 0.598906421225 0.401466542898 0.999999826529 0.470803 0 0
351.5 20 20 1.46588872039 10.8021845645 6.63752996601e-09 0.598885747222 0.401486259205 0.999999822599 0.46937 0 0
351.6 20 20 1.46588236308 10.8021580257 6.61755130305e-09 0.598865060774 0.401505945388 0.999999851302 0.468919 0 0
351.7 20 20 1.46587608166 10.8022246428 6.59777625844e-09 0.598844366772 0.401525635652 0.99999983501 0.472598 0 0
351.8 20 20 1.46586890563 10.8021905306 6.57823640489e-09 0.598823673075 0.401545309415 0.999999804137 0.47017 0 0
351.9 20 20 1.46586154544 10.8021395009 6.55895665917e-09 0.598802988666 0.401564961977 0.999999812987 0.383558 0 0
352 20 20 1.4658550223 10.8021352061 6.53995506743e-09 0.598782298785 0.401584616541 0.999999843111 0.468674 0 0
352.1 20 20 1.46584837334 10.8022572442 6.52124277965e-09 0.598761603463 0.401604261218 0.99999984608 0.383216 0 0
352.2 20 20 1.46584104654 10.8021931957 6.50282411172e-09 0.598740910522 0.401623894757 0.99999981284 0.469622 0 0
352.3 20 20 1.4658343831 10.8025186036 6.48469657747e-09 0.598720229314 0.401643505462 0.999999832351 0.385751 0 0
352.4 20 20 1.46582709044 10.8020840657 6.46685111765e-09 0.598699541646 0.401663118992 0.999999822959 0.471615 0 0
352.5 20 20 1.46581994594 10.8021160683 6.44927246796e-09 0.598678862448 0.401682722295 0.999999838982 0.468527 0 0
352.6 20 20 1.46581245208 10.8021666973 6.43193990646e-09 0.598658172866 0.401702332879 0.999999796957 0.469102 0 0
352.7 20 20 1.46580532304 10.8021880918 6.4148273937e-09 0.598637495127 0.401721927225 0.999999849503 0.3858 0 0
352.8 20 20 1.46579766513 10.8021456296 6.39790394708e-09 0.598616812098 0.401741511452 0.999999809014 0.469058 0 0
352.9 20 20 1.46579054986 10.802002571 6.38113422204e-09 0.59859613603 0.401761074041 0.999999829223 0.387907 0 0
353 20 20 1.46578347449 10.8019472673 6.36447915323e-09 0.598575455262 0.401780637639 0.999999822888 0.385174 0 0
353.1 20 20 1.46577648868 10.801904413 6.34789661609e-09 0.598554786047 0.401800189647 0.999999835909 0.383981 0 0
353.2 20 20 1.46576917117 10.8018601911 6.33134248802e-09 0.598534118042 0.401819736109 0.999999818192 0.38233 0 0
353.3 20 20 1.46576062972 10.8026596271 6.31477115505e-09 0.598513450953 0.401839275611 0.999999811434 0.467748 0 0
353.4 20 20 1.46575337554 10.8017768674 6.29813616024e-09 0.59849278105 0.40185878922 0.999999823674 0.467377 0 0
353.5 20 20 1.46574631086 10.8018806826 6.28139098715e-09 0.598472119293 0.401878323039 0.999999828655 0.38386 0 0
353.6 20 20 1.46573945933 10.8016967032 6.26448980789e-09 0.598451457859 0.40189783615 0.999999846876 0.386368 0 0
353.7 20 20 1.46573250604 10.8017508919 6.24738827434e-09 0.598430785872 0.401917362446 0.999999819323 0.466912 0 0
353.8 20 20 1.46572558812 10.8016066352 6.23004420516e-09 0.598410136519 0.401936862852 0.999999819693 0.47026 0 0
353.9 20 20 1.46571881552 10.8015195605 6.21241831045e-09 0.598389483781 0.401956350099 0.999999836812 0.468178 0 0
354 20 20 1.4657116041 10.8015015332 6.19447481809e-09 0.598368823519 0.401975841734 0.999999835268 0.468611 0 0
354.1 20 20 1.46570490136 10.8016880149 6.17618209231e-09 0.598348163378 0.401995327242 0.99999982389 0.468633 0 0
354.2 20 20 1.46569856204 10.8014800644 6.15751314896e-09 0.598327504663 0.402014815008 0.999999852107 0.468303 0 0
354.3 20 20 1.46569170999 10.8016205351 6.13844613805e-09 0.598306837709 0.402034301908 0.999999819877 0.467336 0 0
354.4 20 20 1.46568472433 10.8016731038 6.11896473679e-09 0.598286180921 0.402053775422 0.999999829159 0.470911 0 0
354.5 20 20 1.46567776396 10.8015948081 6.09905844757e-09 0.598265518272 0.402073234905 0.999999814644 0.468343 0 0
354.6 20 20 1.4656704789 10.8013227983 6.07872284638e-09 0.598244861638 0.402092690383 0.999999820767 0.385305 0 0
354.7 20 20 1.46566385171 10.8014051952 6.05795971352e-09 0.598224202779 0.402112174895 0.99999984045 0.383183 0 0
354.8 20 20 1.46565674513 10.8016968589 6.03677710048e-09 0.598203533994 0.402131653251 0.999999805566 0.46618 0 0
354.9 20 20 1.46565031171 10.8014725233 6.01518926186e-09 0.598182861465 0.402151138916 0.999999837723 0.385905 0 0
355 20 20 1.46564276829 10.8013993451 5.99321656127e-09 0.598162194333 0.402170620667 0.999999820497 0.468028 0 0
355.1 20 20 1.46563604848 10.801648612 5.97088525582e-09 0.598141508611 0.402190082555 0.999999834601 0.469377 0 0
355.2 20 20 1.46562927632 10.8015129763 5.94822735762e-09 0.598120838478 0.402209567948 0.999999823934 0.467968 0 0
355.3 20 20 1.46562247971 10.8016094852 5.9252801861e-09 0.598100163937 0.40222905388 0.999999820151 0.466624 0 0
355.4 20 20 1.46561593503 10.8013596913 5.90208593491e-09 0.598079494589 0.40224856336 0.99999983865 0.466953 0 0
355.5 20 20 1.46560908107 10.8018329188 5.87869117795e-09 0.598058821658 0.402268085637 0.999999824139 0.468433 0 0
355.6 20 20 1.46560186558 10.8015160256 5.85514630753e-09 0.598038141382 0.402287608958 0.999999806235 0.467954 0 0
355.7 20 20 1.46559531953 10.8015005997 5.83150495548e-09 0.598017472873 0.402307115716 0.999999804851 0.383554 0 0
355.8 20 20 1.46558867009 10.8014751379 5.80782335354e-09 0.597996792415 0.402326662374 0.999999829866 0.383795 0 0
355.9 20 20 1.46558228008 10.8016833318 5.78415965525e-09 0.597976105492 0.402346224482 0.999999823068 0.4684 0 0
356 20 20 1.46557552997 10.8019147659 5.76057323742e-09 0.597955410848 0.402365799875 0.999999824636 0.467946 0 0
356.1 20 20 1.46556888543 10.801782088 5.73712397471e-09 0.597934722197 0.40238538936 0.99999981686 0.467789 0 0
356.2 20 20 1.46556249972 10.801748695 5.71387149538e-09 0.597914036621 0.4024050025 0.999999820009 0.468637 0 0
356.3 20 20 1.46555526627 10.8019311133 5.6908744951e-09 0.59789334159 0.402424640903 0.999999822909 0.468017 0 0
356.4 20 20 1.46554917243 10.8019494591 5.66818998878e-09 0.597872642723 0.402444272272 0.999999840175 0.467211 0 0
356.5 20 20 1.46554224131 10.8020710711 5.64587262468e-09 0.597851938748 0.402463920395 0.999999811738 0.467775 0 0
356.6 20 20 1.46553580634 10.8025667339 5.62397401305e-09 0.597831246658 0.402483583118 0.999999822831 0.384479 0 0
356.7 20 20 1.46552943222 10.8023504928 5.60254208374e-09 0.597810552017 0.402503254513 0.999999819212 0.467606 0 0
356.8 20 20 1.46552305466 10.8024698892 5.58162043153e-09 0.597789850348 0.402522957315 0.999999801346 0.469162 0 0
356.9 20 20 1.465517101 10.8027824965 5.56124834319e-09 0.597769148945 0.402542674026 0.999999814194 0.469273 0 0
357 20 20 1.46551096646 10.8029772981 5.54145992295e-09 0.597748444629 0.402562394331 0.99999981794 0.383476 0 0
357.1 20 20 1.46550529341 10.8029497154 5.52228360544e-09 0.597727747291 0.402582132302 0.999999847445 0.38365 0 0
357.2 20 20 1.46549958753 10.8032686293 5.50374184873e-09 0.597707045292 0.402601885782 0.999999844976 0.46765 0 0
357.3 20 20 1.46549332289 10.8034163642 5.48585089919e-09 0.597686339356 0.402621637575 0.999999824073 0.468933 0 0
357.4 20 20 1.46548795231 10.8036626931 5.46862065974e-09 0.59766563625 0.402641403089 0.999999842343 0.469545 0 0
357.5 20 20 1.4654824632 10.8038379321 5.45205462922e-09 0.597644931475 0.402661176634 0.999999851655 0.469533 0 0
357.6 20 20 1.4654761438 10.8044967203 5.43614990737e-09 0.597624230769 0.402680964532 0.999999806508 0.468849 0 0
357.7 20 20 1.46547043232 10.8043811176 5.42089729735e-09 0.59760354846 0.402700735744 0.999999836717 0.385096 0 0
357.8 20 20 1.46546471685 10.8046043944 5.40628147685e-09 0.597582855477 0.402720537342 0.999999813733 0.468441 0 0
357.9 20 20 1.46545921469 10.8048899805 5.39228123558e-09 0.597562182849 0.402740343788 0.999999836749 0.382967 0 0
358 20 20 1.46545397295 10.8054085217 5.37886982027e-09 0.597541504959 0.402760156674 0.999999809923 0.468716 0 0
358.1 20 20 1.46544844914 10.8052402757 5.3660153303e-09 0.597520849493 0.40277995179 0.999999812325 0.385031 0 0
358.2 20 20 1.46544296165 10.8059468971 5.35368117659e-09 0.597500192293 0.402799750064 0.999999808135 0.384633 0 0
358.3 20 20 1.46543776141 10.8057208008 5.34182659087e-09 0.597479540369 0.402819565432 0.999999833145 0.468214 0 0
358.4 20 20 1.46543210572 10.8060289593 5.33040719847e-09 0.597458882063 0.402839371535 0.999999819385 0.466682 0 0
358.5 20 20 1.46542683044 10.8071606177 5.31937563219e-09 0.597438219762 0.402859196357 0.999999809652 0.469091 0 0
358.6 20 20 1.46542194043 10.8065441317 5.30868219807e-09 0.597417569401 0.402879005218 0.999999829039 0.384237 0 0
358.7 20 20 1.46541733364 10.8068635752 5.29827556551e-09 0.597396912004 0.402898824471 0.999999837271 0.468904 0 0
358.8 20 20 1.46541223009 10.8078996003 5.28810347326e-09 0.597376251779 0.402918616563 0.999999825025 0.383946 0 0
358.9 20 20 1.46540776544 10.8073258481 5.27811344445e-09 0.597355602352 0.402938405185 0.999999821509 0.387593 0 0
359 20 20 1.46540306564 10.8077646107 5.26825352382e-09 0.597334965626 0.402958216968 0.999999821484 0.470313 0 0
359.1 20 20 1.46539908622 10.8079851739 5.25847299659e-09 0.59731432516 0.402978003472 0.999999844729 0.467341 0 0
359.2 20 20 1.46539510694 10.8091399287 5.24872307309e-09 0.597293681798 0.4029977711 0.999999831873 0.472579 0 0
359.3 20 20 1.46539121793 10.8085025609 5.23895757738e-09 0.597273042022 0.403017543625 0.999999853946 0.469122 0 0
359.4 20 20 1.4653875569 10.8091009993 5.2291335788e-09 0.597252403011 0.403037295679 0.999999821817 0.467756 0 0
359.5 20 20 1.46538354949 10.8090700584 5.21921199528e-09 0.597231762019 0.403057038878 0.999999816649 0.383971 0 0
359.6 20 20 1.46537907806 10.8093060624 5.20915812361e-09 0.597211136957 0.403076755321 0.99999981603 0.383536 0 0
359.7 20 20 1.46537600782 10.8095695587 5.19894211962e-09 0.597190495075 0.403096463648 0.999999840183 0.388958 0 0
359.8 20 20 1.46537266854 10.8103566163 5.18853941814e-09 0.597169850185 0.403116148836 0.999999811545 0.468449 0 0
359.9 20 20 1.46536957759 10.8104237285 5.17793106765e-09 0.597149232797 0.4031358148 0.999999817313 0.470659 0 0
360 20 20 1.46536691916 10.8105057109 5.16710401946e-09 0.597128601194 0.403155454196 0.999999840461 0.46739 0 0
360.1 20 20 1.46536420454 10.8108391811 5.15605134378e-09 0.597107966657 0.403175086873 0.999999825992 0.471469 0 0
360.2 20 20 1.46536167665 10.8108450442 5.14477236676e-09 0.597087342297 0.403194686422 0.999999841514 0.468239 0 0
360.3 20 20 1.46535917543 10.811102152 5.13327271581e-09 0.597066707388 0.403214272629 0.999999825685 0.467824 0 0
360.4 20 20 1.46535713164 10.8113102344 5.12156426333e-09 0.597046079571 0.403233844173 0.999999825551 0.468578 0 0
360.5 20 20 1.46535456706 10.8115254565 5.10966502858e-09 0.59702544816 0.403253402812 0.999999817162 0.470237 0 0
360.6 20 20 1.46535297805 10.8117609389 5.0975989706e-09 0.597004820541 0.403272933805 0.99999983643 0.384808 0 0
360.7 20 20 1.4653507895 10.811966167 5.08539572849e-09 0.596984171576 0.403292462094 0.999999824699 0.475592 0 0
360.8 20 20 1.46534921706 10.8126276231 5.0730902605e-09 0.596963533998 0.403311948508 0.999999812032 0.468964 0 0
360.9 20 20 1.46534735926 10.8122840319 5.06072240071e-09 0.596942887938 0.403331390873 0.999999804342 0.470346 0 0
361 20 20 1.46534614622 10.8124677441 5.04833638512e-09 0.596922245004 0.403350847878 0.99999982105 0.385244 0 0
361.1 20 20 1.46534519032 10.8129644685 5.03598030734e-09 0.596901606826 0.403370271782 0.99999980836 0.386608 0 0
361.2 20 20 1.46534413497 10.8129101087 5.02370555102e-09 0.596880956732 0.403389678113 0.999999815244 0.38445 0 0
361.3 20 20 1.46534372052 10.8131313126 5.01156614533e-09 0.596860296447 0.40340905068 0.999999817184 0.384895 0 0
361.4 20 20 1.46534371632 10.8130379621 4.99961811752e-09 0.596839627766 0.403428386304 0.999999831025 0.382944 0 0
361.5 20 20 1.46534391316 10.8131959798 4.98791880977e-09 0.596818951637 0.403447736248 0.999999833444 0.470711 0 0
361.6 20 20 1.46534456837 10.8133547959 4.97652615763e-09 0.596798262124 0.403467066659 0.999999829886 0.469883 0 0
361.7 20 20 1.46534513158 10.8135180921 4.9765923976e-09 0.596777569864 0.403486390925 0.999999837025 0.470559 0 0
361.8 20 20 1.46534627208 10.8135825091 4.97718270567e-09 0.596756864895 0.403505684963 0.999999833611 0.469645 0 0
361.9 20 20 1.46534531301 10.8136976924 4.97782486629e-09 0.596736158916 0.403524950337 0.999999829695 0.384465 0 0
362 20 20 1.46534660415 10.8138510614 4.97846388679e-09 0.596715429873 0.403544201842 0.999999833299 0.469365 0 0
362.1 20 20 1.4653484057 10.8139219677 4.97904480257e-09 0.596694699444 0.40356345 0.999999836792 0.468425 0 0
362.2 20 20 1.46534983933 10.813990663 4.97951561502e-09 0.596673970183 0.403582691206 0.999999828225 0.467223 0 0
362.3 20 20 1.46535199013 10.8140968663 4.97982825932e-09 0.596653229394 0.403601920932 0.999999825653 0.468572 0 0
362.4 20 20 1.46535424726 10.8143897627 4.97993740141e-09 0.596632488475 0.403621127429 0.999999816437 0.468553 0 0
362.5 20 20 1.46535640189 10.8143226181 4.97980249219e-09 0.596611752227 0.403640330055 0.999999827676 0.469254 0 0
362.6 20 20 1.46535910968 10.8143374197 4.9793891771e-09 0.59659099817 0.403659513477 0.999999818145 0.469079 0 0
362.7 20 20 1.46536175035 10.8143784314 4.97866837563e-09 0.59657024631 0.403678705762 0.999999822447 0.386003 0 0
362.8 20 20 1.46536462979 10.8144977473 4.97761526611e-09 0.596549481038 0.403697891238 0.999999816394 0.469455 0 0
362.9 20 20 1.46536828078 10.8147828445 4.97620919115e-09 0.596528712047 0.403717068983 0.999999822333 0.383696 0 0
363 20 20 1.46537210297 10.8146583409 4.97443480004e-09 0.596507945264 0.403736257947 0.999999827359 0.383543 0 0
363.1 20 20 1.46537597339 10.8147417498 4.9722932562e-09 0.59648715125 0.403755427752 0.999999833518 0.46917 0 0
363.2 20 20 1.46538018895 10.8150594119 4.96978087431e-09 0.596466361674 0.403774599394 0.999999806182 0.468585 0 0
363.3 20 20 1.46538432308 10.8149578863 4.96688923309e-09 0.596445576392 0.403793769344 0.999999811766 0.468785 0 0
363.4 20 20 1.46538773731 10.8150163453 4.9636255099e-09 0.596424785804 0.403812932989 0.999999800025 0.384308 0 0
363.5 20 20 1.46539158894 10.815617265 4.96012598847e-09 0.596403987781 0.403832102029 0.999999806725 0.386207 0 0
363.6 20 20 1.46539715181 10.8151674471 4.95690972361e-09 0.596383184084 0.403851286911 0.999999826129 0.467959 0 0
363.7 20 20 1.46540306749 10.815261992 4.95387194519e-09 0.596362357685 0.40387050206 0.999999833441 0.470097 0 0
363.8 20 20 1.46540907463 10.8151922528 4.95051945984e-09 0.596341540792 0.403889721078 0.999999844153 0.383362 0 0
363.9 20 20 1.46541502208 10.8153079842 4.94689585033e-09 0.59632071442 0.403908944702 0.99999983471 0.467363 0 0
364 20 20 1.46542159787 10.8153449828 4.94302367773e-09 0.596299885559 0.403928173945 0.999999841784 0.382184 0 0
364.1 20 20 1.46542825645 10.8154446778 4.93917653846e-09 0.596279054384 0.403947420722 0.999999832768 0.46765 0 0
364.2 20 20 1.46543489045 10.8154585714 4.93538241609e-09 0.596258217193 0.403966679522 0.999999828167 0.468256 0 0
364.3 20 20 1.46544166944 10.8158132874 4.93140279076e-09 0.59623738134 0.403985957783 0.9999998228 0.385436 0 0
364.4 20 20 1.46544875463 10.8157202008 4.92726673475e-09 0.596216540407 0.404005249705 0.999999827129 0.468664 0 0
364.5 20 20 1.4654557422 10.8161287991 4.9230021883e-09 0.596195693727 0.4040245652 0.999999808716 0.469975 0 0
364.6 20 20 1.46546338938 10.8162995226 4.92841001926e-09 0.596174845799 0.404043897405 0.999999811324 0.384826 0 0
364.7 20 20 1.46547022532 10.8160585319 4.93461414537e-09 0.596153991529 0.404063239507 0.999999818715 0.469143 0 0
364.8 20 20 1.46547803136 10.8162399184 4.94080918199e-09 0.596133135198 0.404082595171 0.999999844769 0.382641 0 0
364.9 20 20 1.46548594702 10.8163773812 4.94693419174e-09 0.596112273301 0.404101947337 0.999999837678 0.467211 0 0
365 20 20 1.46549437625 10.8164699307 4.95293072153e-09 0.596091409049 0.40412131776 0.999999830376 0.468869 0 0
365.1 20 20 1.46550197421 10.8167678324 4.95874342441e-09 0.596070530727 0.404140708683 0.999999822515 0.385217 0 0
365.2 20 20 1.46551026925 10.8168076352 4.96432066222e-09 0.596049656504 0.404160112267 0.999999833845 0.384385 0 0
365.3 20 20 1.46551857099 10.8173651125 4.96961506779e-09 0.596028768277 0.404179534259 0.999999826547 0.469722 0 0
365.4 20 20 1.4655274112 10.8173407415 4.97458409556e-09 0.596007898286 0.404198962696 0.999999823439 0.46762 0 0
365.5 20 20 1.46553665249 10.817818626 4.97919085329e-09 0.595987001627 0.404218394036 0.999999849316 0.383363 0 0
365.6 20 20 1.46554448424 10.8178959509 4.98340412776e-09 0.5959661045 0.404237849931 0.999999795847 0.467806 0 0
365.7 20 20 1.46555260347 10.8177583493 5.10279164292e-09 0.595945200782 0.404257293592 0.999999816587 0.384381 0 0
365.8 20 20 1.46556123139 10.818220856 4.99055526358e-09 0.595924299999 0.404276764719 0.999999821412 0.385349 0 0
365.9 20 20 1.46557033168 10.8184527805 4.9934619504e-09 0.595903387255 0.404296254418 0.999999838357 0.468163 0 0
366 20 20 1.46557939454 10.8187993688 4.99591808259e-09 0.595882464132 0.404315754309 0.999999824234 0.468296 0 0
366.1 20 20 1.46558844653 10.8188109895 4.99793057753e-09 0.595861541377 0.404335265153 0.999999842786 0.384946 0 0
366.2 20 20 1.46559772658 10.8192830973 4.99951254059e-09 0.595840610663 0.404354786818 0.999999838786 0.468083 0 0
366.3 20 21 1.46560685576 10.8198561332 5.00068307167e-09 0.595819665167 0.404374317186 0.999999845885 0.466494 0 0
366.4 20 20 1.46561484785 10.8195993722 5.00146700243e-09 0.595798722767 0.404393843212 0.999999812883 0.468127 0 0
366.5 20 20 1.46562377815 10.8198292313 5.00189456457e-09 0.595777778058 0.404413374538 0.999999832261 0.384333 0 0
366.6 20 20 1.46563276701 10.820170533 5.00200098109e-09 0.595756825509 0.404432930839 0.999999833003 0.384971 0 0
366.7 20 20 1.46564179848 10.8204322906 5.00182597621e-09 0.595735866295 0.404452494795 0.999999831412 0.469129 0 0
366.8 20 20 1.46565057133 10.8208150498 5.00141324586e-09 0.595714893017 0.404472048042 0.999999841207 0.385145 0 0
366.9 20 20 1.46565945172 10.821129163 5.00080990398e-09 0.595693926769 0.404491616432 0.999999847431 0.384649 0 0
367 20 20 1.46566850456 10.8214123502 5.0000659017e-09 0.595672945676 0.404511189994 0.99999985551 0.466996 0 0
367.1 20 20 1.46567700898 10.821686608 4.99923345222e-09 0.595651956915 0.40453076251 0.999999827243 0.46822 0 0
367.2 20 20 1.46568553452 10.8223034683 4.99836716582e-09 0.595630960306 0.404550334457 0.999999845718 0.471947 0 0
367.3 20 20 1.46569389324 10.8223697253 4.99752265506e-09 0.595609960919 0.40456991921 0.999999834452 0.467687 0 0
367.4 20 20 1.46570172964 10.822652726 4.99675560637e-09 0.59558896288 0.404589508932 0.999999821873 0.38594 0 0
367.5 20 20 1.46570859851 10.8229432102 4.99612108459e-09 0.595567965829 0.404609088513 0.999999821215 0.385601 0 0
367.6 20 20 1.4657165249 10.8240415929 4.99567283279e-09 0.595546968496 0.404628646978 0.99999983524 0.468118 0 0
367.7 20 20 1.46572434223 10.823486937 4.99546268765e-09 0.595525962474 0.404648211693 0.999999842978 0.382316 0 0
367.8 20 20 1.46573188781 10.8239615694 4.99554041038e-09 0.595504948211 0.404667800629 0.999999839391 0.470659 0 0
367.9 20 20 1.46573971723 10.8242374505 4.99595259978e-09 0.595483926803 0.404687370947 0.999999854289 0.46767 0 0
368 20 20 1.46574728495 10.8244871237 4.99674192627e-09 0.595462906585 0.404706960048 0.999999846798 0.468817 0 0
368.1 20 20 1.46575411495 10.8250388861 4.99794660308e-09 0.595441892147 0.404726547817 0.999999824332 0.468986 0 0
368.2 20 20 1.46576122924 10.8253912923 4.99959989148e-09 0.595420873541 0.404746107513 0.999999834964 0.470399 0 0
368.3 20 20 1.46576871198 10.8254182952 5.00172967673e-09 0.595399869157 0.4047656739 0.9999998401 0.386023 0 0
368.4 20 20 1.4657755578 10.8257158535 5.00435809795e-09 0.595378853181 0.40478522782 0.999999855106 0.466962 0 0
368.5 20 20 1.46578181279 10.8263808509 5.00750126935e-09 0.595357853913 0.404804780208 0.999999833388 0.468397 0 0
368.6 20 20 1.46578807929 10.8264900671 5.01116908164e-09 0.595336864789 0.40482430126 0.999999836198 0.466867 0 0
368.7 20 20 1.46579452764 10.826655299 5.01536505909e-09 0.595315875287 0.404843835514 0.999999834925 0.467468 0 0
368.8 20 20 1.4658002572 10.827006682 5.02008631169e-09 0.595294900805 0.404863344311 0.999999834557 0.383329 0 0
368.9 20 20 1.46580579215 10.8272488722 5.02532355382e-09 0.595273915972 0.404882846974 0.999999826846 0.468571 0 0
369 20 20 1.4658116984 10.8274506153 5.03106119821e-09 0.595252942204 0.404902345173 0.999999843535 0.468436 0 0
369.1 20 20 1.4658174099 10.8277204783 5.03727752079e-09 0.595231994068 0.404921834173 0.99999985331 0.468459 0 0
369.2 20 20 1.4658228274 10.828317787 5.04394494611e-09 0.595211043032 0.404941330945 0.999999827193 0.469497 0 0
369.3 20 20 1.46582816673 10.8282508338 5.05103038665e-09 0.595190114472 0.404960787925 0.999999842556 0.46825 0 0
369.4 20 20 1.46583324706 10.828466937 5.05849565922e-09 0.595169204517 0.404980264103 0.999999828946 0.468603 0 0
369.5 20 20 1.46583779551 10.8290926183 5.06629796949e-09 0.59514831445 0.404999729499 0.999999852103 0.384527 0 0
369.6 20 20 1.46584230344 10.8291445739 5.07439042837e-09 0.595127432968 0.405019182673 0.999999836775 0.47042 0 0
369.7 20 20 1.46584736513 10.8291907669 5.08272266401e-09 0.595106576074 0.405038621636 0.999999832384 0.469041 0 0
369.8 20 20 1.46585156665 10.8296017968 5.09124145901e-09 0.595085746643 0.405058053078 0.999999819119 0.470657 0 0
369.9 20 20 1.4658562454 10.8296779497 5.09989144144e-09 0.595064939201 0.405077453863 0.999999846716 0.467759 0 0
370 20 20 1.46585941501 10.8298184947 5.10861576112e-09 0.595044139493 0.405096871268 0.999999791701 0.467811 0 0
370.1 20 20 1.46586356934 10.8300045417 5.11735680278e-09 0.595023398658 0.405116265952 0.999999834056 0.384889 0 0
370.2 20 20 1.46586712173 10.8300917577 5.12605695307e-09 0.595002656516 0.405135680968 0.999999822435 0.46747 0 0
370.3 20 20 1.46587066928 10.8306705929 5.13465927402e-09 0.594981943911 0.40515506409 0.999999805077 0.468189 0 0
370.4 20 20 1.46587416432 10.8306125753 5.14310823719e-09 0.594961270141 0.405174410456 0.999999842575 0.383247 0 0
370.5 20 20 1.46587726429 10.8306436158 5.1513504182e-09 0.594940611204 0.405193777205 0.999999812682 0.46838 0 0
370.6 20 20 1.46588065885 10.8306521287 5.15933521259e-09 0.594919999867 0.405213134068 0.999999824583 0.468013 0 0
370.7 20 20 1.46588396343 10.8307154117 5.16701548761e-09 0.594899400818 0.405232497278 0.999999817941 0.468184 0 0
370.8 20 20 1.4658875601 10.8307620319 5.17434821639e-09 0.59487883972 0.405251840649 0.999999839638 0.467638 0 0
370.9 20 20 1.46589103553 10.8308852416 5.18129505153e-09 0.594858298991 0.40527118518 0.999999844748 0.468174 0 0
371 20 20 1.46589464516 10.8316205859 5.18782286211e-09 0.594837783953 0.405290508748 0.99999983828 0.384535 0 0
371.1 20 20 1.46589774626 10.8313312244 5.19390420503e-09 0.594817314011 0.405309831487 0.999999817681 0.468205 0 0
371.2 20 20 1.46590107396 10.8314247574 5.19951771536e-09 0.594796867229 0.405329143217 0.999999825299 0.384538 0 0
371.3 20 20 1.46590422334 10.8315916973 5.20464841641e-09 0.594776452892 0.405348445497 0.999999827781 0.467502 0 0
371.4 20 20 1.46590754354 10.8313937575 5.20928795565e-09 0.594756061301 0.405367731629 0.999999829009 0.469204 0 0
371.5 20 20 1.46591085846 10.8315161436 5.21343477676e-09 0.594735704451 0.405387032974 0.999999812652 0.473135 0 0
371.6 20 20 1.46591389423 10.8314017777 5.21709416935e-09 0.594715386408 0.40540631956 0.999999823237 0.468442 0 0
371.7 20 20 1.46591790318 10.8317718797 5.2202782667e-09 0.594695107655 0.405425597721 0.999999860796 0.384747 0 0
371.8 20 20 1.46592142323 10.831473317 5.22300596403e-09 0.594674851536 0.405444887281 0.999999831978 0.383624 0 0
371.9 20 20 1.46592561261 10.8316329105 5.22530275628e-09 0.594654640708 0.405464166798 0.999999841533 0.386102 0 0
372 20 20 1.46592997231 10.831589905 5.22720046601e-09 0.594634451852 0.405483442419 0.999999853993 0.470248 0 0
372.1 20 20 1.46593349083 10.8316041955 5.22873690208e-09 0.594614299854 0.40550271961 0.99999982332 0.467503 0 0
372.2 20 20 1.46593705265 10.8318412089 5.22995546032e-09 0.59459418368 0.405521988675 0.999999806617 0.383561 0 0
372.3 20 20 1.46594065235 10.8317664098 5.23090462485e-09 0.594574095882 0.405541240077 0.999999815557 0.46795 0 0
372.4 20 20 1.46594537199 10.8316327344 5.2316374045e-09 0.594554046774 0.405560479861 0.999999842621 0.466778 0 0
372.5 20 20 1.4659502941 10.8319261985 5.23221069637e-09 0.594534016021 0.405579720516 0.999999843206 0.467755 0 0
372.6 20 20 1.4659545562 10.8317369709 5.23268462241e-09 0.594514015775 0.405598963619 0.999999811486 0.468838 0 0
372.7 20 20 1.46595880899 10.8317054881 5.23312185718e-09 0.594494055539 0.405618197813 0.999999823672 0.383731 0 0
372.8 20 20 1.46596339274 10.8318995967 5.2335868963e-09 0.59447411874 0.405637428776 0.999999830901 0.469441 0 0
372.9 20 20 1.46596862961 10.8318151319 5.2341453158e-09 0.59445420989 0.405656668488 0.999999838582 0.385019 0 0
373 20 20 1.46597359374 10.8318235316 5.23486299963e-09 0.594434334964 0.405675895963 0.999999833993 0.469854 0 0
373.1 20 20 1.46597916211 10.8319217888 5.23580535887e-09 0.594414483457 0.405695114406 0.999999839769 0.468235 0 0
373.2 20 20 1.46598424061 10.8317905813 5.23703655011e-09 0.594394651177 0.405714345949 0.999999830735 0.383392 0 0
373.3 20 20 1.46598965066 10.8317996087 5.2386187385e-09 0.594374847709 0.405733571012 0.999999822024 0.467521 0 0
373.4 20 20 1.46599561626 10.8318612971 5.24061134859e-09 0.594355075404 0.405752782277 0.999999817403 0.468924 0 0
373.5 20 20 1.46600186442 10.8317782539 5.24307033948e-09 0.594335335881 0.405772005196 0.999999824166 0.38707 0 0
373.6 20 20 1.46600835962 10.8322179543 5.24604754378e-09 0.594315620011 0.405791196147 0.999999831547 0.470067 0 0
373.7 20 20 1.46601528232 10.8321088973 5.24959007018e-09 0.594295907996 0.405810385972 0.999999837761 0.467115 0 0
373.8 20 20 1.46602273943 10.8318384082 5.25373974654e-09 0.594276224281 0.40582957583 0.999999841094 0.470635 0 0
373.9 20 20 1.46603022843 10.8320769565 5.25853261887e-09 0.594256562895 0.405848761594 0.999999826206 0.471655 0 0
374 20 20 1.46603793644 10.8319640343 5.26399854507e-09 0.594236920661 0.4058679409 0.999999830437 0.468222 0 0
374.1 20 20 1.46604560115 10.8320226032 5.27016083546e-09 0.594217304717 0.405887134377 0.999999833615 0.469388 0 0
374.2 20 20 1.46605384636 10.8325652277 5.27703601141e-09 0.59419770801 0.405906314908 0.999999833719 0.468322 0 0
374.3 20 20 1.46606206039 10.8324965279 5.28463359387e-09 0.594178111043 0.405925506655 0.999999831021 0.469189 0 0
374.4 20 20 1.46607151321 10.8323357556 5.29295599359e-09 0.594158544854 0.405944687487 0.999999859871 0.467991 0 0
374.5 20 20 1.46608053999 10.8326520417 5.30199851098e-09 0.594138986756 0.405963870747 0.999999820448 0.469507 0 0
374.6 20 20 1.46608974276 10.8327736891 5.31174938096e-09 0.594119469291 0.405983040843 0.999999837086 0.467574 0 0
374.7 20 20 1.46609892543 10.83283789 5.32218995769e-09 0.594099961667 0.406002191555 0.999999813281 0.46874 0 0
374.8 20 20 1.46610842046 10.8326555205 5.33329496532e-09 0.594080477158 0.40602135222 0.999999825361 0.38513 0 0
374.9 20 20 1.46611831978 10.8327981304 5.34503281458e-09 0.59406100865 0.406040498757 0.999999837472 0.384387 0 0
375 20 20 1.4661281741 10.8329960352 5.35736595706e-09 0.594041544568 0.406059654294 0.999999809683 0.468405 0 0
375.1 20 20 1.4661384768 10.833105714 5.37025138903e-09 0.594022105882 0.406078788945 0.999999855085 0.384287 0 0
375.2 20 20 1.46614887741 10.8335420881 5.38364115921e-09 0.59400267197 0.406097950432 0.999999833382 0.46793 0 0
375.3 20 20 1.4661584551 10.8335739778 5.39748295557e-09 0.593983254526 0.406117093588 0.999999827443 0.467811 0 0
375.4 20 20 1.46616944782 10.8336375299 5.41172073724e-09 0.593963858558 0.406136206939 0.999999867807 0.468655 0 0
375.5 20 20 1.46617935615 10.8341296573 5.42629539118e-09 0.593944459321 0.4061553558 0.999999841731 0.468657 0 0
375.6 20 20 1.46619040411 10.8339905923 5.44114543781e-09 0.593925081427 0.406174476425 0.999999833111 0.46832 0 0
375.7 20 20 1.46620118358 10.8343093802 5.45620774243e-09 0.593905715758 0.406193599402 0.999999814042 0.467692 0 0
375.8 20 20 1.46621092922 10.8343466223 5.47141825623e-09 0.593886362363 0.406212685774 0.999999813625 0.391009 0 0
375.9 20 20 1.46622206588 10.8345631313 5.48671278982e-09 0.593867037114 0.406231764478 0.999999819916 0.470091 0 0
376 20 20 1.46623299553 10.834738793 5.50202776449e-09 0.59384771887 0.406250859449 0.999999833682 0.38462 0 0
376.1 20 20 1.46624428667 10.8350770757 5.51730091802e-09 0.593828402248 0.406269950207 0.999999845002 0.46771 0 0
376.2 20 20 1.46625582798 10.8352554957 5.53247206295e-09 0.593809111585 0.406289054764 0.999999807716 0.466978 0 0
376.3 20 20 1.46626743594 10.8353675597 5.54748376321e-09 0.593789841464 0.406308148822 0.999999847998 0.468267 0 0
376.4 20 20 1.46627971247 10.8358368311 5.56228195003e-09 0.593770573752 0.406327233456 0.999999856173 0.467656 0 0
376.5 20 20 1.46629117758 10.8363142918 5.57681657643e-09 0.593751313827 0.406346311715 0.999999838129 0.471314 0 0
376.6 20 20 1.46630248262 10.8361738046 5.59104216285e-09 0.593732069897 0.406365389478 0.999999830698 0.468119 0 0
376.7 20 20 1.46631366325 10.8364338237 5.60491833692e-09 0.593712838039 0.406384444588 0.999999835892 0.468785 0 0
376.8 20 20 1.46632365239 10.8365689571 5.6184102667e-09 0.593693616167 0.406403509987 0.999999842485 0.467774 0 0
376.9 20 20 1.46633498164 10.8368614073 5.63148903399e-09 0.593674399884 0.40642257448 0.999999841303 0.467469 0 0
377 20 20 1.46634575599 10.837180053 5.64413191924e-09 0.593655201291 0.406441642868 0.999999839539 0.468842 0 0
377.1 20 20 1.46635648928 10.8372477653 5.65632261279e-09 0.5936360187 0.406460697064 0.999999801695 0.467384 0 0
377.2 20 20 1.46636707564 10.8372840305 5.66805135128e-09 0.593616857075 0.40647973759 0.999999823848 0.384521 0 0
377.3 20 20 1.46637797993 10.8375445281 5.67931495114e-09 0.593597703466 0.406498791149 0.999999847251 0.383907 0 0
377.4 20 20 1.46638830521 10.8379648921 5.6901167532e-09 0.593578545336 0.406517838754 0.999999830186 0.468808 0 0
377.5 20 20 1.46639827641 10.8379978132 5.70046650036e-09 0.593559415192 0.406536886246 0.999999829396 0.46762 0 0
377.6 20 20 1.46640747551 10.8382061129 5.71038013484e-09 0.593540290436 0.406555920195 0.999999830952 0.471598 0 0
377.7 20 20 1.46641714024 10.8384380025 5.71987951318e-09 0.593521170225 0.406574947361 0.99999983503 0.468807 0 0
377.8 20 20 1.46642653487 10.8390540905 5.72899203601e-09 0.593502062183 0.406593941776 0.999999832391 0.46823 0 0
377.9 20 20 1.46643598851 10.8388964908 5.73775021975e-09 0.593482967677 0.406612937085 0.999999840652 0.468167 0 0
378 20 20 1.46644452252 10.839097739 5.74619123068e-09 0.593463888131 0.406631914504 0.999999834432 0.470809 0 0
378.1 20 20 1.46645285668 10.8392202708 5.75435633623e-09 0.593444817172 0.406650897898 0.999999837569 0.46767 0 0
378.2 20 20 1.46646062901 10.8394083574 5.7622903603e-09 0.593425756086 0.406669865146 0.999999837694 0.385087 0 0
378.3 20 20 1.4664683928 10.8393929244 5.77004101163e-09 0.593406702126 0.406688835496 0.999999840261 0.469682 0 0
378.4 20 20 1.46647599625 10.8396363836 5.77765820549e-09 0.593387650432 0.406707777352 0.999999838996 0.466594 0 0
378.5 20 20 1.46648235585 10.8400418815 5.78519338972e-09 0.593368603445 0.406726730402 0.999999802999 0.466365 0 0
378.6 20 20 1.46648896449 10.8402359893 5.79269880456e-09 0.593349585426 0.406745629302 0.999999819625 0.38337 0 0
378.7 20 20 1.46649471164 10.8402385913 5.800226768e-09 0.593330564763 0.406764555251 0.999999846123 0.468428 0 0
378.8 20 20 1.46650080135 10.8400149985 5.8078289544e-09 0.593311554187 0.406783466154 0.999999863158 0.466088 0 0
378.9 20 20 1.46650587941 10.8400742589 5.81555570174e-09 0.593292534642 0.406802380068 0.999999822537 0.468171 0 0
379 20 20 1.46651044698 10.8408627931 5.82345519762e-09 0.593273529681 0.406821263344 0.999999815197 0.468892 0 0
379.1 20 20 1.46651420387 10.8401951687 5.83157279318e-09 0.593254528527 0.406840140396 0.999999827889 0.468416 0 0
379.2 20 20 1.46651814927 10.8403713087 5.83995036262e-09 0.593235538899 0.406858989614 0.999999838925 0.46929 0 0
379.3 20 20 1.46652179823 10.8404395838 5.84862566585e-09 0.593216540215 0.406877831763 0.999999816872 0.469691 0 0
379.4 20 20 1.46652496276 10.8406162085 5.85763183281e-09 0.593197539829 0.406896658079 0.999999825954 0.471169 0 0
379.5 20 20 1.46652806045 10.8404997676 5.86699688733e-09 0.593178551377 0.406915451146 0.99999985168 0.383603 0 0
379.6 20 20 1.46652958294 10.8406503232 5.87674335008e-09 0.593159554741 0.406934255022 0.99999982402 0.470863 0 0
379.7 20 20 1.46653070811 10.8408322616 5.88688789258e-09 0.593140577364 0.406953042727 0.999999815606 0.469505 0 0
379.8 20 20 1.46653166341 10.8404082392 5.89744108666e-09 0.593121599964 0.406971777696 0.999999825826 0.386117 0 0
379.9 20 20 1.46653163539 10.8403266217 5.9084071497e-09 0.593102614176 0.406990520968 0.999999809813 0.46997 0 0
380 20 20 1.4665314914 10.8402837929 5.9197838587e-09 0.59308363784 0.407009236484 0.999999831199 0.467688 0 0
380.1 20 20 1.46653089903 10.8401291786 5.93156255414e-09 0.593064645855 0.407027950294 0.999999816505 0.470689 0 0
380.2 20 20 1.46653018435 10.8399343776 5.94372814207e-09 0.593045655632 0.407046630107 0.999999825288 0.382543 0 0
380.3 20 20 1.46652874815 10.8401976058 5.95625928814e-09 0.593026650385 0.407065315854 0.999999825951 0.469591 0 0
380.4 20 20 1.46652739207 10.8397820382 5.96912875844e-09 0.593007653709 0.407083970916 0.999999850439 0.471081 0 0
380.5 20 20 1.46652537166 10.8397184694 5.98230420729e-09 0.592988633605 0.407102637921 0.999999850304 0.467017 0 0
380.6 20 20 1.46652250433 10.8395170616 5.99574816693e-09 0.592969621433 0.407121275267 0.99999982984 0.467341 0 0
380.7 20 20 1.46651977527 10.8394106458 6.00941835159e-09 0.592950612454 0.407139873858 0.999999852302 0.466878 0 0
380.8 20 20 1.46651597721 10.8396090631 6.02326826135e-09 0.592931586446 0.407158471472 0.999999817348 0.468121 0 0
380.9 20 20 1.46651168549 10.8390962887 6.03724778566e-09 0.592912564381 0.407177062186 0.999999830254 0.385582 0 0
381 20 20 1.4665067343 10.8388987435 6.05130378265e-09 0.59289353273 0.407195619585 0.999999820269 0.46799 0 0
381.1 20 20 1.46650186512 10.8389276191 6.06538070476e-09 0.592874503917 0.407214177828 0.999999839188 0.382017 0 0
381.2 20 20 1.46649649817 10.8386164301 6.07942136366e-09 0.592855451779 0.407232730787 0.9999998219 0.47057 0 0
381.3 20 20 1.46649075049 10.838432105 6.09336769341e-09 0.592836392298 0.407251272252 0.999999832405 0.469551 0 0
381.4 20 20 1.46648417957 10.8382187724 6.10716157411e-09 0.592817335986 0.407269790198 0.999999808791 0.468733 0 0
381.5 20 20 1.46647745625 10.837902243 6.12074561293e-09 0.592798279068 0.407288288569 0.99999983909 0.385353 0 0
381.6 20 20 1.46646988044 10.8378752151 6.13406395478e-09 0.592779204086 0.407306807271 0.999999808425 0.469545 0 0
381.7 20 20 1.46646318021 10.8374717002 6.14706313436e-09 0.592760121646 0.407325310646 0.999999848788 0.382222 0 0
381.8 20 20 1.46645576322 10.8376250228 6.15969312632e-09 0.592741024289 0.407343824301 0.999999828146 0.4688 0 0
381.9 20 20 1.46644736823 10.8370455847 6.17190773249e-09 0.592721935339 0.407362313498 0.999999819489 0.38386 0 0
382 20 20 1.46643980235 10.8367911397 6.18366514555e-09 0.592702841499 0.407380819133 0.999999847273 0.467767 0 0
382.1 20 20 1.46643119451 10.8368081996 6.19492865646e-09 0.592683730756 0.407399332256 0.999999835181 0.469602 0 0
382.2 20 20 1.46642153013 10.8364082415 6.20566727785e-09 0.59266461933 0.40741782495 0.999999824471 0.476378 0 0
382.3 20 20 1.4664129911 10.8361133462 6.21585623869e-09 0.592645509104 0.407436316428 0.99999985002 0.46875 0 0
382.4 20 20 1.46640380507 10.8358575452 6.22547742563e-09 0.59262637255 0.407454834139 0.999999826234 0.46936 0 0
382.5 20 20 1.46639434024 10.8357479487 6.23451979168e-09 0.592607250341 0.4074733456 0.999999825647 0.385962 0 0
382.6 20 20 1.46638441943 10.8357041675 6.24297963814e-09 0.592588115206 0.407491870172 0.99999983848 0.466489 0 0
382.7 20 20 1.46637449052 10.835467879 6.25086088638e-09 0.59256899947 0.407510404694 0.999999825162 0.384706 0 0
382.8 20 20 1.46636464621 10.8351112789 6.25817522865e-09 0.592549858915 0.407528941763 0.999999827454 0.469507 0 0
382.9 20 20 1.46635465408 10.8347907403 6.26494215494e-09 0.592530723625 0.407547485096 0.999999816267 0.387828 0 0
383 20 20 1.46634482112 10.8345904531 6.2711898177e-09 0.592511587105 0.407566058765 0.999999839521 0.470351 0 0
383.1 20 20 1.46633438084 10.8345488035 6.2769543391e-09 0.592492442656 0.407584629511 0.999999834013 0.385211 0 0
383.2 20 20 1.46632407063 10.8344583143 6.2822794498e-09 0.592473301163 0.407603207685 0.999999825145 0.469374 0 0
383.3 20 20 1.46631338425 10.834047753 6.28721622495e-09 0.592454157767 0.407621813142 0.999999811343 0.466477 0 0
383.4 20 20 1.46630261009 10.8338787436 6.29182273356e-09 0.5924350205 0.407640422738 0.999999852372 0.38478 0 0
383.5 20 20 1.46629160023 10.8339274247 6.2961635773e-09 0.592415869599 0.40765905593 0.999999828878 0.3864 0 0
383.6 20 20 1.46628126414 10.8336184825 6.30030936559e-09 0.59239673196 0.40767767785 0.999999835449 0.473052 0 0
383.7 20 20 1.46627100633 10.8338794655 6.30433619128e-09 0.592377578065 0.407696325953 0.999999840837 0.467913 0 0
383.8 20 20 1.46625963741 10.8333926438 6.3083249308e-09 0.592358437418 0.40771498378 0.999999814269 0.46704 0 0
383.9 20 20 1.46624835166 10.8333969812 6.31236054547e-09 0.592339314456 0.40773366057 0.99999982263 0.386 0 0
384 20 20 1.46623712188 10.8332183573 6.31653134464e-09 0.592320197116 0.407752352608 0.999999815398 0.467778 0 0
384.1 20 20 1.46622651457 10.8331011255 6.3209281594e-09 0.592301065641 0.407771064579 0.999999828855 0.472932 0 0
384.2 20 20 1.46621559421 10.8331164049 6.32564349214e-09 0.592281942176 0.407789784261 0.99999982774 0.46826 0 0
384.3 20 20 1.46620466719 10.8329274907 6.33077063369e-09 0.592262818223 0.40780852605 0.999999831476 0.469308 0 0
384.4 20 20 1.46619364975 10.8330123166 6.33640282517e-09 0.592243709566 0.407827277506 0.999999827557 0.382514 0 0
384.5 20 20 1.4661826243 10.8329286841 6.3426324081e-09 0.592224603362 0.407846042456 0.999999819704 0.383985 0 0
384.6 20 20 1.46617169904 10.8330400697 6.34954998004e-09 0.592205513125 0.407864821405 0.999999824103 0.470204 0 0
384.7 20 20 1.46616081755 10.8328638678 6.35724356806e-09 0.592186428254 0.407883593705 0.999999824536 0.466735 0 0
384.8 20 20 1.46615065174 10.8330550201 6.36579779771e-09 0.592167350394 0.407902381323 0.999999840653 0.385536 0 0
384.9 20 20 1.46613938128 10.8329740451 6.37529300643e-09 0.59214828392 0.407921178365 0.999999806 0.468958 0 0
385 20 20 1.46612873707 10.8327951982 6.3858045348e-09 0.59212924754 0.407940004207 0.99999980746 0.385287 0 0
385.1 20 20 1.46611879802 10.8330079142 6.39740199707e-09 0.592110203027 0.407958823755 0.999999833009 0.386943 0 0
385.2 20 20 1.46610877489 10.8329505468 6.41014867161e-09 0.592091154382 0.40797764195 0.999999842634 0.471819 0 0
385.3 20 20 1.46609911089 10.833057421 6.42410278372e-09 0.592072123259 0.407996478343 0.99999983682 0.469103 0 0
385.4 20 20 1.4660890375 10.8331570905 6.43931546381e-09 0.592053108442 0.40801532302 0.999999837147 0.469269 0 0
385.5 20 20 1.46607950515 10.833341703 6.45582994419e-09 0.592034103049 0.40803416848 0.999999832975 0.38695 0 0
385.6 20 20 1.46606980707 10.8336988643 6.47368109201e-09 0.592015111191 0.40805301345 0.999999838213 0.469004 0 0
385.7 20 20 1.4660605373 10.8336733912 6.49289515455e-09 0.59199610924 0.408071853117 0.999999811409 0.38534 0 0
385.8 20 20 1.46605116822 10.8338090003 6.5134895559e-09 0.591977141368 0.408090715106 0.999999827793 0.384469 0 0
385.9 20 20 1.46604238428 10.8340454502 6.53547278709e-09 0.591958175667 0.408109554556 0.999999855175 0.469319 0 0
386 20 20 1.46603369158 10.8342127269 6.55884659975e-09 0.591939208632 0.408128396113 0.999999852505 0.469906 0 0
386.1 20 20 1.46602511277 10.8345415704 6.58360433545e-09 0.591920249265 0.408147234729 0.999999841664 0.468319 0 0
386.2 20 20 1.46601633242 10.8347806636 6.60973057296e-09 0.59190131299 0.408166048058 0.999999833636 0.469975 0 0
386.3 20 20 1.46600779812 10.8349011888 6.63720135144e-09 0.591882410279 0.408184857058 0.999999859119 0.471894 0 0
386.4 20 20 1.46599916043 10.8351710608 6.66598446209e-09 0.591863500804 0.408203673097 0.999999796177 0.470177 0 0
386.5 20 20 1.46599132537 10.835478605 6.69603980932e-09 0.591844620468 0.408222479705 0.999999838636 0.38447 0 0
386.6 20 20 1.46598296559 10.8357117028 6.72731981832e-09 0.591825757425 0.408241265249 0.999999829011 0.466827 0 0
386.7 20 20 1.46597511649 10.8359457349 6.75976991105e-09 0.591806906756 0.408260044381 0.99999982649 0.467889 0 0
386.8 20 20 1.46596741709 10.8361566022 6.7933290788e-09 0.591788056611 0.408278800109 0.999999822693 0.467667 0 0
386.9 20 20 1.46596053388 10.8364647758 6.82793043641e-09 0.591769234213 0.40829754106 0.999999847218 0.385986 0 0
387 20 20 1.46595355904 10.836942276 6.86350188354e-09 0.591750417553 0.408316274535 0.999999835099 0.468401 0 0
387.1 20 20 1.46594631562 10.8370670911 6.8999668039e-09 0.591731633615 0.408334997254 0.999999819309 0.469128 0 0
387.2 20 20 1.46593943074 10.8372129157 6.93724482302e-09 0.591712865635 0.40835370281 0.999999834336 0.466763 0 0
387.3 20 20 1.46593297393 10.8377966344 6.97525254933e-09 0.591694120195 0.408372387082 0.999999829659 0.471212 0 0
387.4 20 20 1.46592656765 10.8376486787 7.01390431734e-09 0.591675387893 0.408391052894 0.999999840519 0.467611 0 0
387.5 20 20 1.46592061185 10.8379282582 7.05311295164e-09 0.591656670313 0.408409672695 0.999999836556 0.468166 0 0
387.6 20 20 1.46591495668 10.838146404 7.0927905207e-09 0.591637976226 0.408428298933 0.999999847758 0.467169 0 0
387.7 20 20 1.46590953237 10.8385082002 7.13284899572e-09 0.591619302066 0.408446899204 0.999999841277 0.383 0 0
387.8 20 20 1.4659027265 10.8387270055 7.17320092364e-09 0.591600647515 0.408465470525 0.999999832411 0.467196 0 0
387.9 20 20 1.46589603769 10.8388651163 7.21376003402e-09 0.591582018899 0.408484003611 0.999999829362 0.468549 0 0
388 20 20 1.46589118926 10.8390768926 7.25444179687e-09 0.591563391542 0.408502528645 0.999999829171 0.468048 0 0
388.1 20 20 1.4658859304 10.8392901189 7.29516389083e-09 0.591544807448 0.408521011141 0.999999826302 0.470269 0 0
388.2 20 20 1.46588101627 10.839553318 7.33584667195e-09 0.591526238404 0.40853946033 0.999999848353 0.471378 0 0
388.3 20 20 1.46587623328 10.8397252432 7.3764134958e-09 0.591507689 0.408557897836 0.999999823654 0.469163 0 0
388.4 20 20 1.46587170955 10.8399679505 7.41679100226e-09 0.591489179987 0.408576279751 0.999999815513 0.468252 0 0
388.5 20 20 1.46586830282 10.8404231002 7.45690934441e-09 0.591470686498 0.408594638576 0.999999829464 0.384201 0 0
388.6 20 20 1.46586454259 10.8404885824 7.49670231558e-09 0.591452219431 0.408612958119 0.999999839131 0.466633 0 0
388.7 20 20 1.46586043005 10.8404679497 7.5361066068e-09 0.591433775571 0.40863125038 0.999999799925 0.468185 0 0
388.8 20 20 1.46585681832 10.8404815245 7.57506466432e-09 0.591415365921 0.408649493118 0.999999845543 0.383354 0 0
388.9 20 20 1.4658533972 10.8406586946 7.61352278317e-09 0.591396973169 0.408667727452 0.999999818064 0.467543 0 0
389 20 20 1.46585042888 10.8407055699 7.65143071009e-09 0.591378615896 0.408685932319 0.999999822726 0.468852 0 0
389.1 20 20 1.465846838 10.8409790887 7.68874190482e-09 0.591360278125 0.408704086521 0.999999817019 0.467691 0 0
389.2 20 20 1.46584391888 10.8408844324 7.72541285257e-09 0.591341957965 0.40872222073 0.999999831199 0.468131 0 0
389.3 20 20 1.46584145714 10.8411302888 7.76140260598e-09 0.591323667095 0.40874028946 0.999999820863 0.389247 0 0
389.4 20 20 1.46583919765 10.8414746513 7.79667240094e-09 0.591305396429 0.408758321597 0.999999820786 0.468716 0 0
389.5 20 20 1.46583746314 10.8410887124 7.83118530061e-09 0.591287173694 0.408776308866 0.999999843568 0.470267 0 0
389.6 20 20 1.46583564453 10.8411879771 7.86490577647e-09 0.591268954074 0.408794287182 0.999999831374 0.466618 0 0
389.7 20 20 1.46583355298 10.8412708514 7.89779935509e-09 0.591250778787 0.40881222505 0.999999824131 0.469374 0 0
389.8 20 20 1.46583111677 10.8411034384 7.92983225756e-09 0.591232621437 0.408830135368 0.999999832401 0.468234 0 0
389.9 20 20 1.4658292031 10.8410287512 7.96097101983e-09 0.591214497454 0.408848016843 0.999999834239 0.467944 0 0
390 20 20 1.465827067 10.8409812145 7.99118210292e-09 0.591196403933 0.408865867054 0.99999982082 0.469843 0 0
390.1 20 20 1.46582537832 10.8409409811 8.02043157497e-09 0.591178318948 0.408883702942 0.999999841092 0.392209 0 0
390.2 20 20 1.46582406212 10.840891076 8.04868482364e-09 0.591160265323 0.408901516881 0.999999818313 0.38584 0 0
390.3 20 20 1.46582290787 10.8408855755 8.07590632927e-09 0.591142245655 0.40891930988 0.999999815266 0.469713 0 0
390.4 20 20 1.46582107032 10.8409806123 8.10205944613e-09 0.591124247499 0.408937059976 0.999999830269 0.466537 0 0
390.5 20 20 1.46581965317 10.8410018688 8.12710625039e-09 0.591106286164 0.408954779761 0.999999794777 0.384566 0 0
390.6 20 20 1.46581934014 10.840713054 8.15100741133e-09 0.591088342539 0.408972478345 0.999999847432 0.386985 0 0
390.7 20 20 1.46581820774 10.8406081414 8.17372212609e-09 0.591070404321 0.408990176482 0.999999826552 0.467288 0 0
390.8 20 20 1.46581719484 10.840322372 8.19520860456e-09 0.591052487547 0.409007838812 0.99999983316 0.468927 0 0
390.9 20 20 1.46581602119 10.8405475718 8.21542372689e-09 0.591034606157 0.409025504556 0.999999830065 0.468281 0 0
391 20 20 1.46581443778 10.8401598827 8.23432303893e-09 0.59101674617 0.409043161426 0.999999820754 0.470195 0 0
391.1 20 20 1.46581368669 10.8397713414 8.25186091143e-09 0.590998901898 0.409060811037 0.999999828161 0.467851 0 0
391.2 20 20 1.4658130233 10.839538915 8.26799075415e-09 0.590981070281 0.40907846203 0.999999828234 0.467758 0 0
391.3 20 20 1.46581248528 10.8394080414 8.28266524917e-09 0.590963253961 0.409096106896 0.999999824128 0.386537 0 0
391.4 20 20 1.46581140001 10.8391500605 8.29583669345e-09 0.590945457568 0.409113721948 0.999999797045 0.467641 0 0
391.5 20 20 1.46581069488 10.8402837657 8.30745741265e-09 0.590927684105 0.409131357064 0.999999817181 0.38474 0 0
391.6 20 20 1.4658089868 10.8391583264 8.31748021596e-09 0.590909935133 0.409148966313 0.999999808349 0.387907 0 0
391.7 20 20 1.46580834848 10.8387959798 8.32585887582e-09 0.590892196412 0.409166575859 0.999999803077 0.382753 0 0
391.8 20 20 1.46580756689 10.8385106071 8.33254867224e-09 0.59087446844 0.409184204324 0.999999835335 0.385594 0 0
391.9 20 20 1.4658061369 10.8380932725 8.33750701408e-09 0.590856736552 0.409201831097 0.999999821019 0.467165 0 0
392 20 20 1.4658055131 10.8378312232 8.34069472825e-09 0.590839035395 0.409219450956 0.999999846449 0.466367 0 0
392.1 20 20 1.46580373582 10.8376549315 8.3420760135e-09 0.590821314255 0.409237092465 0.999999803499 0.467854 0 0
392.2 20 20 1.4658023471 10.8373934375 8.34161886563e-09 0.590803634044 0.409254726188 0.999999812287 0.383959 0 0
392.3 20 20 1.46580136453 10.8372443909 8.33929568209e-09 0.59078594548 0.40927237715 0.999999835549 0.467352 0 0
392.4 20 20 1.46580032616 10.837002159 8.33508385646e-09 0.590768274356 0.409290024168 0.999999844218 0.467664 0 0
392.5 20 20 1.46579909009 10.8369094814 8.32896632493e-09 0.590750615273 0.409307668827 0.999999833034 0.467985 0 0
392.6 20 20 1.46579795188 10.8366277146 8.32093212432e-09 0.590732954031 0.409325306986 0.999999841275 0.469637 0 0
392.7 20 20 1.46579680529 10.8364698926 8.31097690926e-09 0.590715302359 0.409342964414 0.99999984988 0.469495 0 0
392.8 20 20 1.46579448732 10.8363033176 8.29910341238e-09 0.590697647456 0.4093606225 0.999999811801 0.471018 0 0
392.9 20 20 1.46579247616 10.8364954854 8.28532189217e-09 0.590680014971 0.409378283917 0.999999811359 0.3853 0 0
393 20 20 1.46579079205 10.8359822639 8.26965049282e-09 0.590662386102 0.409395921454 0.999999853896 0.468268 0 0
393.1 20 20 1.46578767045 10.835926513 8.25211556746e-09 0.590644741903 0.409413589794 0.999999792558 0.470098 0 0
393.2 20 20 1.46578560119 10.8355909014 8.2327519328e-09 0.590627124953 0.409431251712 0.999999828149 0.384222 0 0
393.3 20 20 1.46578321559 10.8353822042 8.21160302537e-09 0.590609488417 0.409448945166 0.999999834375 0.467682 0 0
393.4 20 20 1.4657804841 10.8352930366 8.18872095442e-09 0.590591862537 0.409466637956 0.999999828536 0.38532 0 0
393.5 20 20 1.46577659329 10.8351999857 8.16416652251e-09 0.590574241061 0.409484303964 0.999999810133 0.469782 0 0
393.6 20 20 1.46577327952 10.8353129089 8.13800915592e-09 0.590556619607 0.409501973741 0.999999813084 0.387243 0 0
393.7 20 20 1.46576994115 10.8350775036 8.11032672403e-09 0.590539004557 0.409519685732 0.999999848198 0.384522 0 0
393.8 20 20 1.46576631426 10.8348825756 8.08120521857e-09 0.59052137987 0.40953738812 0.999999832751 0.47334 0 0
393.9 20 20 1.46576268996 10.8352895705 8.05073842858e-09 0.590503759345 0.409555086405 0.99999983035 0.388303 0 0
394 20 20 1.46575754646 10.8350738883 8.01902748117e-09 0.590486142832 0.409572793929 0.999999825094 0.472705 0 0
394.1 20 20 1.46575311357 10.8347239936 7.98618031748e-09 0.590468517674 0.409590504252 0.999999821685 0.473459 0 0
394.2 20 20 1.46574832393 10.8346886461 7.95231109507e-09 0.590450901183 0.409608191242 0.999999814415 0.390965 0 0
394.3 20 20 1.46574325476 10.8347371688 7.91753947407e-09 0.590433286166 0.40962589508 0.999999836406 0.393721 0 0
394.4 20 20 1.46573883858 10.8348528659 7.88198986548e-09 0.590415665198 0.409643592515 0.999999834407 0.470514 0 0
394.5 20 20 1.4657340563 10.834845325 7.84579060452e-09 0.590398042608 0.409661285294 0.999999852595 0.469471 0 0
394.6 20 20 1.46572866521 10.8348668103 7.80907301795e-09 0.590380409512 0.409678969024 0.999999841047 0.474975 0 0
394.7 20 20 1.4657232799 10.8351317344 7.77197052068e-09 0.590362787175 0.409696665869 0.99999983358 0.481847 0 0
394.8 20 20 1.46571700614 10.8351045301 7.73461763462e-09 0.590345165907 0.409714361562 0.999999804671 0.481889 0 0
394.9 20 20 1.46571064056 10.8353365354 7.69714900045e-09 0.590327551454 0.409732061129 0.999999806195 0.393939 0 0
395 20 20 1.46570377669 10.8352188539 7.65969834374e-09 0.590309936514 0.409749717486 0.999999821893 0.391807 0 0
395.1 20 20 1.46569743845 10.8353655448 7.62239743293e-09 0.590292313437 0.409767402298 0.999999841605 0.471639 0 0
395.2 20 20 1.46569035446 10.835340923 7.58537505898e-09 0.590274684002 0.409785092066 0.999999818008 0.47134 0 0
395.3 20 20 1.46568299803 10.8354613344 7.54875599476e-09 0.590257067467 0.409802737379 0.999999831126 0.391162 0 0
395.4 20 20 1.46567462382 10.8356433291 7.51266003843e-09 0.590239445241 0.409820387753 0.999999810371 0.390754 0 0
395.5 20 20 1.46566763158 10.8358392981 7.47720106974e-09 0.590221833968 0.409838031007 0.999999854174 0.391844 0 0
395.6 20 20 1.46565984919 10.8359898888 7.44248614759e-09 0.590204196363 0.409855664356 0.999999841646 0.485013 0 0
395.7 20 20 1.46565185514 10.83614965 7.40861462328e-09 0.590186572542 0.40987327287 0.999999841714 0.482836 0 0
395.8 20 20 1.46564350101 10.836414805 7.37567796544e-09 0.590168944031 0.409890858646 0.999999830736 0.48662 0 0
395.9 20 20 1.46563460161 10.8365145653 7.34375865448e-09 0.590151320118 0.409908431144 0.999999834757 0.473704 0 0
396 20 20 1.46562553206 10.8366913418 7.31292950749e-09 0.590133702702 0.409925982098 0.999999834095 0.486302 0 0
396.1 20 20 1.46561647437 10.8372020826 7.28325315599e-09 0.590116078219 0.40994351413 0.999999836854 0.476788 0 0
396.2 20 20 1.4656071888 10.8370564454 7.25478162242e-09 0.590098447924 0.409961007859 0.999999832044 0.481249 0 0
396.3 20 20 1.46559717858 10.8373351157 7.22755604433e-09 0.590080828907 0.4099784709 0.999999811496 0.477652 0 0
396.4 20 20 1.46558749778 10.8375368309 7.20160649089e-09 0.590063207928 0.409995898954 0.999999836095 0.471945 0 0
396.5 20 20 1.46557806257 10.8375808473 7.17695187996e-09 0.590045576764 0.410013306782 0.999999850451 0.466979 0 0
396.6 20 20 1.46556735488 10.837701597 7.15360001858e-09 0.590027948806 0.410030690112 0.99999979995 0.473397 0 0
396.7 20 20 1.46555635135 10.8378440039 7.13154774933e-09 0.590010332624 0.410048037702 0.999999824273 0.478951 0 0
396.8 20 20 1.46554565903 10.8379938252 7.11078121526e-09 0.589992705737 0.410065368789 0.999999828748 0.478455 0 0
396.9 20 20 1.46553398331 10.838266037 7.09127621883e-09 0.58997506455 0.410082655588 0.999999816531 0.47838 0 0
397 20 20 1.46552297536 10.838477212 7.07299868189e-09 0.589957421011 0.410099889431 0.999999812651 0.474958 0 0
397.1 20 20 1.46551163487 10.8385371197 7.05590520087e-09 0.589939791865 0.410117066633 0.999999825899 0.387482 0 0
397.2 20 20 1.46549984364 10.8388361046 7.0399436961e-09 0.589922151159 0.410134225996 0.999999820961 0.46882 0 0
397.3 20 20 1.46548790557 10.8385656084 7.02505414988e-09 0.589904515381 0.410151351787 0.999999839881 0.474936 0 0
397.4 20 20 1.46547557415 10.8388599014 7.0111694188e-09 0.58988686054 0.410168450057 0.999999833724 0.474135 0 0
397.5 20 20 1.46546414695 10.8387054351 6.99821610498e-09 0.589869211842 0.410185521229 0.999999855451 0.474544 0 0
397.6 20 20 1.4654523204 10.8388071467 6.98611546926e-09 0.589851551995 0.410202558927 0.999999838475 0.477037 0 0
397.7 20 20 1.46544014949 10.8388550454 6.97478440371e-09 0.589833882466 0.41021955616 0.999999822062 0.471425 0 0
397.8 20 20 1.4654275927 10.838899358 6.96413644264e-09 0.589816217992 0.410236518211 0.999999819869 0.471021 0 0
397.9 20 20 1.4654156377 10.8389392603 6.95408278734e-09 0.589798556567 0.410253446012 0.999999838349 0.39169 0 0
398 20 20 1.46540307138 10.8389721651 6.94453333237e-09 0.589780885994 0.410270345837 0.999999839474 0.480142 0 0
398.1 20 20 1.46539069038 10.8389648453 6.93539769312e-09 0.589763206154 0.410287202456 0.99999982117 0.480145 0 0
398.2 20 20 1.46537790882 10.8391169956 6.92658622222e-09 0.589745519439 0.410304024323 0.999999832902 0.478307 0 0
398.3 20 20 1.46536492519 10.8389988823 6.91801100845e-09 0.589727823756 0.410320791925 0.999999813464 0.398894 0 0
398.4 20 20 1.46535206483 10.8387220054 6.90958680077e-09 0.589710126787 0.410337530928 0.999999824616 0.468607 0 0
398.5 20 20 1.46533929506 10.8386902546 6.90123190821e-09 0.589692425742 0.410354242499 0.999999828385 0.390574 0 0
398.6 20 20 1.46532627915 10.8386052994 6.89286905192e-09 0.589674713704 0.410370929039 0.999999846213 0.476534 0 0
398.7 20 20 1.46531268829 10.8386029754 6.88442613115e-09 0.589656980883 0.410387590358 0.999999822503 0.477982 0 0
398.8 20 20 1.46529922103 10.8384781498 6.87583692981e-09 0.589639258762 0.410404200295 0.999999822322 0.400458 0 0
398.9 20 20 1.46528618492 10.8383740794 6.86704172554e-09 0.58962151745 0.410420802931 0.999999824053 0.480016 0 0
399 20 20 1.46527248136 10.838680511 6.85798782267e-09 0.589603776726 0.410437370329 0.999999803029 0.472421 0 0
399.1 20 20 1.46525921464 10.8380223853 6.84862997514e-09 0.589586024408 0.410453898527 0.999999832186 0.472858 0 0
399.2 20 20 1.46524571389 10.8378634407 6.83893072047e-09 0.589568260158 0.410470396205 0.999999833705 0.472678 0 0
399.3 20 20 1.46523190802 10.8377354871 6.82886063158e-09 0.589550480314 0.410486866213 0.999999827029 0.475246 0 0
399.4 20 20 1.46521799323 10.837491571 6.81839844656e-09 0.589532701145 0.410503292134 0.999999837682 0.48107 0 0
399.5 20 20 1.4652048508 10.8373708122 6.80753108275e-09 0.589514901618 0.410519708693 0.999999830091 0.478257 0 0
399.6 20 20 1.46519103047 10.83730726 6.79625356276e-09 0.58949710424 0.41053611507 0.999999821765 0.388942 0 0
399.7 20 20 1.46517790812 10.8369534949 6.78456883753e-09 0.589479307389 0.410552490804 0.999999842071 0.385489 0 0
399.8 20 20 1.46516442372 10.8366889098 6.77248750772e-09 0.589461487022 0.410568862613 0.999999844404 0.469476 0 0
399.9 20 20 1.46515218241 10.8365854649 6.76002745112e-09 0.589443659385 0.410585224398 0.99999985567 0.473296 0 0
400 20 20 1.4651392145 10.8364035719 6.74721338216e-09 0.589425814288 0.410601568624 0.9999998263 0.47567 0 0
400.1 20 20 1.46512590971 10.8361896758 6.73407629077e-09 0.589407978377 0.41061790121 0.99999983946 0.477537 0 0
400.2 20 20 1.46511307447 10.8359809648 6.72065282934e-09 0.589390136577 0.410634224097 0.999999836081 0.475022 0 0
400.3 20 20 1.46510015168 10.8356945422 6.70698463959e-09 0.589372292367 0.410650534587 0.999999805659 0.387578 0 0
400.4 20 20 1.46508732233 10.835821414 6.69311758505e-09 0.589354446968 0.410666850668 0.999999822438 0.383018 0 0
400.5 20 20 1.46507433526 10.8353509032 6.67910095545e-09 0.589336592548 0.410683164583 0.999999824062 0.387096 0 0
400.6 20 20 1.4650621552 10.8349304034 6.6649866379e-09 0.589318731731 0.410699488214 0.999999830485 0.477102 0 0
400.7 20 20 1.46504988028 10.8348899619 6.65082823539e-09 0.589300853951 0.410715827205 0.99999982822 0.476997 0 0
400.8 20 20 1.46503767701 10.8346856289 6.63668020179e-09 0.589282970575 0.410732148661 0.999999822551 0.475709 0 0
400.9 20 20 1.46502545417 10.8347040015 6.62259694079e-09 0.589265085667 0.410748472395 0.999999823387 0.481072 0 0
401 20 20 1.46501365976 10.8342954147 6.60863193366e-09 0.58924720492 0.410764815512 0.999999842938 0.469856 0 0
401.1 20 20 1.46500219764 10.833989789 6.59483688991e-09 0.58922931288 0.410781162029 0.999999827096 0.470189 0 0
401.2 20 20 1.46499034761 10.8337424945 6.5812609297e-09 0.589211397819 0.410797509771 0.999999821558 0.474519 0 0
401.3 20 20 1.4649786666 10.8337665466 6.56794981145e-09 0.589193501866 0.41081386966 0.999999821318 0.474788 0 0
401.4 20 20 1.46496771694 10.8335491264 6.55494521057e-09 0.589175602688 0.410830238467 0.999999844301 0.47301 0 0
401.5 20 20 1.4649572119 10.8333999241 6.54228406256e-09 0.589157688812 0.410846634288 0.999999850764 0.475314 0 0
401.6 20 20 1.46494653085 10.8331015443 6.52999795489e-09 0.589139783021 0.410863065752 0.999999834907 0.474371 0 0
401.7 20 20 1.46493603396 10.8329915491 6.51811262353e-09 0.589121871628 0.410879502051 0.999999839366 0.467852 0 0
401.8 20 20 1.46492581115 10.8330105865 6.50664752117e-09 0.589103957433 0.410895968966 0.99999983204 0.47102 0 0
401.9 20 20 1.46491514427 10.8326211383 6.49561549294e-09 0.589086049211 0.410912467181 0.999999830019 0.473281 0 0
402 20 20 1.46490543887 10.8330519507 6.48502253662e-09 0.58906814737 0.410928987485 0.999999813885 0.388344 0 0
402.1 20 20 1.46489590241 10.8327143714 6.47486764348e-09 0.589050245682 0.410945513039 0.999999840655 0.476395 0 0
402.2 20 20 1.46488712648 10.8324438695 6.46514273624e-09 0.589032336018 0.410962080296 0.999999852575 0.4726 0 0
402.3 20 20 1.46487803337 10.832499004 6.45583273382e-09 0.589014419923 0.410978669607 0.999999833621 0.471624 0 0
402.4 20 20 1.46486940109 10.832601352 6.44691567644e-09 0.588996512722 0.410995264749 0.999999835474 0.470813 0 0
402.5 20 20 1.46486125142 10.8324279947 6.43836297923e-09 0.588978602314 0.411011889518 0.999999839739 0.473852 0 0
402.6 20 20 1.46485308511 10.8326471853 6.43013977746e-09 0.588960688002 0.411028553052 0.999999815491 0.474132 0 0
402.7 20 20 1.46484538623 10.8326653723 6.4222053534e-09 0.588942780596 0.411045233607 0.999999832721 0.473953 0 0
402.8 20 20 1.4648378043 10.8328450711 6.41451365101e-09 0.588924880348 0.411061934466 0.999999838339 0.476896 0 0
402.9 20 20 1.46483061815 10.8327397543 6.40701384097e-09 0.588906980066 0.411078672194 0.999999827613 0.389227 0 0
403 20 20 1.46482373505 10.8327739482 6.39965097177e-09 0.58888907847 0.411095420428 0.999999826732 0.469051 0 0
403.1 20 20 1.46481752432 10.8331947749 6.39236666013e-09 0.588871194929 0.411112206088 0.999999841883 0.386983 0 0
403.2 20 20 1.46481087818 10.8331975938 6.38509986176e-09 0.588853308513 0.411128993745 0.999999822154 0.4782 0 0
403.3 20 20 1.46480515713 10.833315304 6.3777876227e-09 0.588835430403 0.411145799286 0.999999835162 0.390181 0 0
403.4 20 20 1.46480013084 10.8334777017 6.37036588089e-09 0.58881755096 0.411162636397 0.999999818351 0.475342 0 0
403.5 20 20 1.46479497174 10.8335719866 6.36277028392e-09 0.588799671115 0.411179480033 0.999999821226 0.47477 0 0
403.6 20 20 1.46479086305 10.8337950442 6.35493701323e-09 0.588781813479 0.411196349506 0.999999853796 0.474333 0 0
403.7 20 20 1.46478665534 10.8342862297 6.34680358585e-09 0.58876394323 0.411213213414 0.999999832192 0.385608 0 0
403.8 20 20 1.46478296454 10.834359403 6.33830964741e-09 0.588746086023 0.411230089409 0.999999835836 0.470435 0 0
403.9 20 20 1.4647797055 10.8348330305 6.32939773596e-09 0.588728229535 0.411246971312 0.99999981881 0.474559 0 0
404 20 20 1.46477636475 10.8349869493 6.32001400653e-09 0.58871038541 0.411263881129 0.999999827121 0.473684 0 0
404.1 20 20 1.4647736167 10.8351023399 6.31010890118e-09 0.588692562688 0.411280764349 0.999999828132 0.475204 0 0
404.2 20 20 1.46477090504 10.835211462 6.29963779597e-09 0.588674728096 0.411297663767 0.999999810994 0.471632 0 0
404.3 20 20 1.46476924023 10.8357483996 6.28856156699e-09 0.588656905247 0.411314547917 0.999999831283 0.385235 0 0
404.4 20 20 1.46476816212 10.8360625326 6.27684710832e-09 0.588639082465 0.411331439517 0.999999840669 0.385209 0 0
404.5 20 20 1.4647670102 10.8361689101 6.26446774921e-09 0.588621268151 0.411348327729 0.99999981511 0.473221 0 0
404.6 20 20 1.46476603609 10.8365849358 6.25140359771e-09 0.588603471616 0.411365207149 0.999999824731 0.390502 0 0
404.7 20 20 1.464765382 10.8369207592 6.23764178963e-09 0.588585682011 0.411382094897 0.999999825874 0.474267 0 0
404.8 20 20 1.4647658915 10.8370683599 6.22317670059e-09 0.588567885762 0.411398960808 0.999999827838 0.39146 0 0
404.9 20 20 1.4647656087 10.8373411441 6.20801001695e-09 0.588550096997 0.411415821954 0.999999826085 0.475415 0 0
405 20 20 1.46476686951 10.8384464959 6.19215073924e-09 0.588532316776 0.411432681761 0.999999831053 0.383886 0 0
405.1 20 20 1.46476861634 10.8379718454 6.17561509613e-09 0.588514550918 0.411449514159 0.999999831591 0.384132 0 0
405.2 20 20 1.46477072316 10.8385671345 6.15842638478e-09 0.588496785569 0.411466346266 0.999999809088 0.473466 0 0
405.3 20 20 1.46477344969 10.8389339929 6.14061473524e-09 0.588479043091 0.411483131451 0.999999815607 0.480563 0 0
405.4 20 20 1.46477620535 10.8386995739 6.12221676913e-09 0.588461296627 0.411499895873 0.999999811058 0.478058 0 0
405.5 20 20 1.46478006708 10.838978449 6.103275198e-09 0.588443570141 0.41151662868 0.999999834171 0.390322 0 0
405.6 20 20 1.46478433735 10.8393549105 6.08383837077e-09 0.588425843737 0.411533369481 0.999999841216 0.387751 0 0
405.7 20 20 1.46478903602 10.8396300038 6.06395975161e-09 0.588408123277 0.411550064996 0.999999849412 0.468231 0 0
405.8 20 20 1.46479387008 10.8401635809 6.06427243508e-09 0.588390408959 0.411566734699 0.999999843443 0.468531 0 0
405.9 20 20 1.46479918185 10.8403111227 6.06497026698e-09 0.588372705531 0.411583364755 0.999999822352 0.476219 0 0
406 20 20 1.46480487316 10.8403425438 6.06569262009e-09 0.58835501366 0.411599954812 0.999999840285 0.47456 0 0
406.1 20 20 1.46481084121 10.8405639036 6.06637271357e-09 0.588337342471 0.411616524002 0.999999827886 0.3905 0 0
406.2 20 20 1.46481737867 10.8409978109 6.06694212103e-09 0.588319678516 0.411633051877 0.999999824884 0.474105 0 0
406.3 20 20 1.4648241303 10.8410967375 6.06733169377e-09 0.58830203217 0.411649568483 0.999999829071 0.473675 0 0
406.4 20 20 1.46483136717 10.8413624921 6.06747226196e-09 0.5882844056 0.411666029705 0.999999832263 0.470579 0 0
406.5 20 20 1.46483897155 10.8417455101 6.06729550097e-09 0.588266784295 0.411682469936 0.999999811857 0.480753 0 0
406.6 20 20 1.46484582015 10.8415911437 6.06673475807e-09 0.588249188073 0.411698863501 0.999999799024 0.489291 0 0
406.7 20 20 1.46485406774 10.8416208416 6.06572581088e-09 0.588231603549 0.411715228676 0.999999829115 0.480115 0 0
406.8 20 20 1.46486194644 10.8415696203 6.06420763408e-09 0.588214016448 0.411731557087 0.999999826463 0.474903 0 0
406.9 20 20 1.46487071624 10.8420809768 6.0621232079e-09 0.588196446733 0.411747857582 0.999999818912 0.473908 0 0
407 20 20 1.46487913451 10.8417411573 6.0594200726e-09 0.588178901634 0.41176410493 0.999999816199 0.470059 0 0
407.1 20 20 1.46488884646 10.8416875258 6.0560510929e-09 0.588161381298 0.41178034108 0.999999821217 0.471779 0 0
407.2 20 20 1.46489980494 10.8417866484 6.05197494735e-09 0.588143862948 0.411796556056 0.999999858096 0.473954 0 0
407.3 20 20 1.46491070873 10.8417531882 6.04715665611e-09 0.588126352786 0.411812734024 0.999999831665 0.474689 0 0
407.4 20 20 1.46492178582 10.8418240029 6.04156801712e-09 0.588108864104 0.411828879905 0.999999827978 0.475488 0 0
407.5 20 20 1.46493337345 10.8418010108 6.03518793194e-09 0.588091396123 0.41184501857 0.999999845587 0.390602 0 0
407.6 20 20 1.46494485585 10.8416748978 6.02800268369e-09 0.588073941984 0.411861117009 0.999999828251 0.38883 0 0
407.7 20 20 1.46495656472 10.8414710195 6.02000613616e-09 0.588056518158 0.411877171562 0.999999837763 0.386029 0 0
407.8 20 20 1.46496896614 10.8416895037 6.01119969645e-09 0.588039099826 0.411893207789 0.999999823636 0.386149 0 0
407.9 20 20 1.46498222783 10.8413722781 6.00159249055e-09 0.588021708082 0.411909225755 0.999999842099 0.4727 0 0
408 20 20 1.46499411379 10.8412314983 5.99120107079e-09 0.588004312442 0.411925222307 0.999999830637 0.475844 0 0
408.1 20 20 1.46500657612 10.8411605794 5.98004937477e-09 0.587986943571 0.411941213711 0.999999828585 0.389407 0 0
408.2 20 20 1.46501997493 10.8412407653 5.96816835043e-09 0.587969590769 0.411957188275 0.999999833019 0.391449 0 0
408.3 20 20 1.46503408863 10.8408048394 5.9555956876e-09 0.587952266799 0.411973142374 0.99999983804 0.388366 0 0
408.4 20 20 1.46504817953 10.8406798928 5.94237528058e-09 0.587934958348 0.411989088069 0.99999982163 0.467419 0 0
408.5 20 20 1.46506250419 10.8404841936 5.92855684884e-09 0.587917666437 0.412005028955 0.999999820221 0.471559 0 0
408.6 20 20 1.46507747585 10.8401987246 5.9141952478e-09 0.587900387102 0.412020967341 0.999999839953 0.473373 0 0
408.7 20 20 1.46509216316 10.8401616378 5.89934989374e-09 0.587883134318 0.412036888482 0.999999830429 0.393189 0 0
408.8 20 20 1.46510710683 10.8402791608 5.88408407184e-09 0.58786589868 0.412052796285 0.999999829447 0.47492 0 0
408.9 20 20 1.46512191404 10.8395831578 5.86846422946e-09 0.587848681401 0.412068703358 0.99999982116 0.473939 0 0
409 20 20 1.46513736857 10.8394940796 5.85255925805e-09 0.587831490344 0.412084621655 0.999999816148 0.388381 0 0
409.1 20 20 1.46515203437 10.8392914319 5.83643968323e-09 0.587814307092 0.412100551013 0.999999816679 0.468035 0 0
409.2 20 20 1.46516796944 10.838975646 5.82017693564e-09 0.58779715304 0.412116487003 0.999999829106 0.477835 0 0
409.3 20 20 1.46518382446 10.839327225 5.80384252384e-09 0.587780010897 0.412132433838 0.999999823883 0.475528 0 0
409.4 20 20 1.46519935769 10.8389476184 5.78750728099e-09 0.587762902249 0.412148353808 0.999999825274 0.476596 0 0
409.5 20 20 1.46521512484 10.8384053192 5.77124058594e-09 0.587745807074 0.412164309908 0.999999819431 0.477565 0 0
409.6 20 20 1.46523161123 10.8380130852 5.75510962157e-09 0.587728717895 0.412180269477 0.999999835513 0.47562 0 0
409.7 20 20 1.46524795056 10.8379535774 5.73917867852e-09 0.587711659698 0.4121962456 0.99999984022 0.466738 0 0
409.8 20 20 1.46526367578 10.8377775046 5.72350847924e-09 0.587694619996 0.412212242042 0.999999827511 0.471305 0 0
409.9 20 20 1.4652801455 10.837431197 5.70815554242e-09 0.587677599166 0.412228247113 0.999999840317 0.389389 0 0
410 20 20 1.46529609867 10.8376334862 5.69317165657e-09 0.587660595447 0.412244280221 0.999999828757 0.473857 0 0
410.1 20 20 1.46531278231 10.8370731393 5.67860337453e-09 0.587643606377 0.41226030696 0.999999837749 0.477107 0 0
410.2 20 20 1.46532933646 10.8369104771 5.66449155049e-09 0.587626643162 0.412276375916 0.999999826587 0.478409 0 0
410.3 20 20 1.46534612496 10.8366765942 5.65087105174e-09 0.587609687112 0.412292472666 0.99999982666 0.472871 0 0
410.4 20 20 1.46536279889 10.8364235237 5.63777038502e-09 0.587592760087 0.412308593423 0.999999831345 0.385974 0 0
410.5 20 20 1.46537937316 10.8361742136 5.62521159152e-09 0.587575847303 0.412324730406 0.999999851065 0.470921 0 0
410.6 20 20 1.46539630666 10.8362124428 5.61321004675e-09 0.587558950705 0.41234090583 0.999999840394 0.38979 0 0
410.7 20 20 1.46541282282 10.8360372851 5.60177450582e-09 0.587542068539 0.412357099659 0.99999984543 0.47597 0 0
410.8 20 20 1.46542947226 10.8361436149 5.59090703877e-09 0.58752520434 0.412373325902 0.999999834464 0.471864 0 0
410.9 20 20 1.46544550959 10.835871412 5.58060328152e-09 0.587508379055 0.41238958255 0.999999817866 0.475493 0 0
411 20 20 1.46546179526 10.8357041217 5.570852533e-09 0.587491562116 0.412405844772 0.999999835937 0.471709 0 0
411.1 20 20 1.4654779217 10.8357577679 5.56163809998e-09 0.587474752434 0.412422158055 0.99999982776 0.474781 0 0
411.2 20 20 1.46549374254 10.8356645086 5.55293759765e-09 0.587457965594 0.412438478634 0.999999823938 0.480151 0 0
411.3 20 20 1.46550933608 10.8355328517 5.5447234024e-09 0.587441202876 0.412454827429 0.999999818177 0.476394 0 0
411.4 20 20 1.46552463482 10.8362728986 5.53696308486e-09 0.58742445282 0.412471185187 0.999999808842 0.394728 0 0
411.5 20 20 1.46553990891 10.8356752454 5.52961999183e-09 0.587407730441 0.412487588124 0.999999837603 0.476381 0 0
411.6 20 20 1.46555462315 10.8357456945 5.52265375945e-09 0.587391027228 0.412504023039 0.999999826978 0.473963 0 0
411.7 20 20 1.46556911698 10.8357523113 5.51602097292e-09 0.587374337339 0.412520485959 0.999999829735 0.492528 0 0
411.8 20 20 1.46558390204 10.8358557552 5.50967580502e-09 0.587357677143 0.412536973546 0.999999840497 0.481146 0 0
411.9 20 20 1.46559863237 10.8362752379 5.50357065564e-09 0.587341022446 0.412553487547 0.999999837643 0.478098 0 0
412 20 20 1.46561300425 10.8362591022 5.49765690983e-09 0.5873243951 0.41257000848 0.999999828171 0.395138 0 0
412.1 20 20 1.4656264677 10.836284984 5.49188554576e-09 0.587307794358 0.41258655308 0.999999808426 0.395797 0 0
412.2 20 20 1.46563984732 10.8364088767 5.48620790063e-09 0.587291208657 0.412603110148 0.999999821009 0.477582 0 0
412.3 20 20 1.46565255784 10.8363766884 5.48057631766e-09 0.587274636217 0.412619677886 0.999999845571 0.470326 0 0
412.4 20 20 1.46566602216 10.8366071042 5.47494483792e-09 0.587258077401 0.412636280146 0.999999847558 0.392588 0 0
412.5 20 20 1.46567843528 10.8368408888 5.46926979827e-09 0.587241544565 0.412652890992 0.999999818815 0.475986 0 0
412.6 20 20 1.46569103147 10.8369746359 5.46351052518e-09 0.587225054591 0.412669514653 0.999999823896 0.479501 0 0
412.7 20 20 1.46570317126 10.8371965134 5.45762978309e-09 0.587208566051 0.412686138545 0.999999839394 0.475442 0 0
412.8 20 20 1.46571504998 10.8375222854 5.4515944297e-09 0.587192108532 0.412702779837 0.999999834084 0.481517 0 0
412.9 20 20 1.4657264038 10.8378337663 5.44537578356e-09 0.587175678223 0.412719415123 0.99999983116 0.474527 0 0
413 20 20 1.46573746182 10.8381539939 5.43895010515e-09 0.587159269013 0.412736061051 0.999999819388 0.469789 0 0
413.1 20 20 1.46574823341 10.83816959 5.43229890526e-09 0.587142893023 0.412752707853 0.999999833128 0.472173 0 0
413.2 20 20 1.46575842932 10.8383833803 5.42540927875e-09 0.587126540839 0.412769341436 0.999999832586 0.476267 0 0
413.3 20 20 1.46576859241 10.8391874593 5.41827406793e-09 0.587110204313 0.412785988851 0.999999831764 0.394377 0 0
413.4 20 20 1.46577795735 10.8388142876 5.41089205903e-09 0.587093895279 0.412802637394 0.999999818799 0.39479 0 0
413.5 20 20 1.4657871493 10.8393720019 5.40326798697e-09 0.587077606607 0.412819280532 0.999999824871 0.475702 0 0
413.6 20 20 1.46579554259 10.8392965201 5.3954126063e-09 0.587061347267 0.412835938784 0.99999981996 0.387234 0 0
413.7 20 20 1.46580389306 10.8395129086 5.39296002774e-09 0.587045126385 0.412852557333 0.9999998175 0.389702 0 0
413.8 20 20 1.46581202583 10.8397099671 5.39974095468e-09 0.587028930009 0.412869164333 0.999999832147 0.389438 0 0
413.9 20 20 1.46582023558 10.8401936903 5.40699433592e-09 0.587012759608 0.412885769461 0.999999832335 0.471134 0 0
414 20 20 1.46582704089 10.8401753287 5.4146789286e-09 0.586996611814 0.412902357958 0.999999826725 0.470381 0 0
414.1 20 20 1.46583406808 10.8405160994 5.42274947751e-09 0.586980502008 0.412918941923 0.999999816786 0.38767 0 0
414.2 20 20 1.46584049681 10.8405484803 5.4311571269e-09 0.586964422234 0.412935506154 0.999999814508 0.466389 0 0
414.3 20 20 1.46584707323 10.8407260027 5.43984988376e-09 0.58694837374 0.412952042004 0.999999839286 0.466909 0 0
414.4 20 20 1.465852886 10.840916412 5.44877311419e-09 0.586932349398 0.412968556367 0.999999839869 0.468305 0 0
414.5 20 20 1.46585827712 10.8409366873 5.4578700718e-09 0.586916353216 0.412985061075 0.999999827108 0.466999 0 0
414.6 20 20 1.46586350991 10.8412138847 5.4670824809e-09 0.586900388454 0.413001548517 0.999999819453 0.385437 0 0
414.7 20 20 1.46586851735 10.8411966147 5.47635113099e-09 0.586884458315 0.413018001085 0.999999840004 0.468814 0 0
414.8 20 20 1.46587360287 10.8414552018 5.48561649333e-09 0.586868554898 0.413034451939 0.999999837412 0.38801 0 0
414.9 20 20 1.4658783895 10.8415773145 5.49481934081e-09 0.586852679044 0.413050873845 0.999999837218 0.468296 0 0
415 20 20 1.4658819805 10.8416015854 5.50390137141e-09 0.586836844437 0.413067286539 0.999999831139 0.467441 0 0
415.1 20 20 1.46588491615 10.8417019119 5.51280580109e-09 0.586821044188 0.413083664228 0.999999828173 0.468373 0 0
415.2 20 20 1.46588803391 10.8421227793 5.52147794899e-09 0.586805276304 0.413100013647 0.999999820138 0.468522 0 0
415.3 20 20 1.4658908023 10.8421539588 5.52986581519e-09 0.586789535538 0.413116336165 0.999999835323 0.473123 0 0
415.4 20 20 1.465892999 10.8423976624 5.5379206044e-09 0.58677382879 0.413132650589 0.999999821482 0.467814 0 0
415.5 20 20 1.4658948829 10.8423022977 5.54559722749e-09 0.586758164704 0.413148922806 0.999999822152 0.469351 0 0
415.6 20 20 1.46589678713 10.8421279519 5.55285475803e-09 0.586742517002 0.413165198105 0.999999817937 0.469204 0 0
415.7 20 20 1.46589816512 10.8419958061 5.55965684239e-09 0.586726910008 0.413181440188 0.999999813766 0.384738 0 0
415.8 20 20 1.46589868451 10.8420872972 5.56597205743e-09 0.586711338616 0.413197662514 0.999999829998 0.388206 0 0
415.9 20 20 1.4658987636 10.8417976193 5.57177421944e-09 0.586695788309 0.41321382937 0.999999808594 0.468681 0 0
416 20 20 1.46589971144 10.8417061334 5.57704262218e-09 0.586680286774 0.413229985597 0.999999846422 0.385825 0 0
416.1 20 20 1.46590001066 10.8418838622 5.58176221997e-09 0.586664800524 0.413246119958 0.999999823683 0.466964 0 0
416.2 20 20 1.4659005434 10.8416430677 5.58592372525e-09 0.58664936086 0.413262220252 0.999999830417 0.384747 0 0
416.3 20 20 1.4659001853 10.841537518 5.58952364486e-09 0.586633936561 0.413278296007 0.999999833744 0.46745 0 0
416.4 20 20 1.46590018293 10.84153444 5.59256426502e-09 0.586618553461 0.413294339771 0.999999841185 0.466904 0 0
416.5 20 20 1.46589953537 10.8412635792 5.59505357511e-09 0.586603196789 0.413310383869 0.99999983186 0.468863 0 0
416.6 20 20 1.46589857192 10.8414212986 5.59700512989e-09 0.586587867293 0.413326410975 0.999999817344 0.468214 0 0
416.7 20 20 1.46589764993 10.8410916644 5.59843783554e-09 0.586572575366 0.413342408932 0.999999816663 0.385784 0 0
416.8 20 20 1.46589646203 10.8410657658 5.5993756861e-09 0.586557306764 0.413358412285 0.999999820843 0.386011 0 0
416.9 20 20 1.46589512999 10.8407173674 5.59984743665e-09 0.58654206837 0.413374380292 0.999999845114 0.384197 0 0
417 20 20 1.46589350298 10.8412384103 5.59988624132e-09 0.586526857362 0.413390346894 0.999999818182 0.38294 0 0
417.1 20 20 1.46589162854 10.8403380447 5.59952924179e-09 0.586511692294 0.413406305792 0.999999847584 0.466422 0 0
417.2 20 20 1.46588973611 10.8405175918 5.59881713127e-09 0.586496534889 0.413422243818 0.999999813907 0.466933 0 0
417.3 20 20 1.46588773254 10.8400112357 5.5977936401e-09 0.58648141941 0.41343818562 0.999999834719 0.467672 0 0
417.4 20 20 1.46588566665 10.8396922492 5.59650500838e-09 0.586466317304 0.413454100223 0.999999841458 0.466745 0 0
417.5 20 20 1.46588242504 10.8395498988 5.59499943445e-09 0.58645123023 0.413470018036 0.999999823948 0.385521 0 0
417.6 20 20 1.46588004467 10.8393719858 5.59332650461e-09 0.586436177398 0.413485932449 0.999999830951 0.466813 0 0
417.7 20 20 1.46587684658 10.8392619032 5.59153663127e-09 0.586421148182 0.41350185031 0.999999797646 0.467308 0 0
417.8 20 20 1.46587439545 10.8388268256 5.58968047254e-09 0.586406148143 0.413517762555 0.999999835542 0.384195 0 0
417.9 20 20 1.46587190906 10.8386976236 5.58780837027e-09 0.586391164429 0.41353368046 0.999999831587 0.384063 0 0
418 20 20 1.46586908301 10.8383876629 5.58596980315e-09 0.586376198221 0.413549595491 0.999999830515 0.468109 0 0
418.1 20 20 1.46586625348 10.8383179627 5.58421285531e-09 0.586361258134 0.413565509583 0.999999817316 0.467994 0 0
418.2 20 20 1.46586321144 10.8376664457 5.58258370141e-09 0.586346335131 0.413581437736 0.999999829279 0.469166 0 0
418.3 20 20 1.46586062023 10.837825066 5.58112612648e-09 0.586331420412 0.413597369172 0.99999983341 0.383441 0 0
418.4 20 20 1.46585706682 10.8371539027 5.57988107927e-09 0.586316538357 0.413613302849 0.999999827917 0.46741 0 0
418.5 20 20 1.46585399813 10.8368997835 5.57888630681e-09 0.58630167246 0.413629260181 0.999999816489 0.383921 0 0
418.6 20 20 1.46585100425 10.8366402968 5.57817603041e-09 0.586286821251 0.413645245839 0.999999824209 0.469791 0 0
418.7 20 20 1.4658477699 10.8362402912 5.57778066403e-09 0.58627198443 0.413661222654 0.999999832937 0.467353 0 0
418.8 20 20 1.46584500993 10.8361037104 5.57772660149e-09 0.586257155304 0.413677228997 0.99999983781 0.383255 0 0
418.9 20 20 1.46584165023 10.8362511147 5.57803606673e-09 0.586242355964 0.413693251081 0.999999836074 0.471109 0 0
419 20 20 1.46583786721 10.8357699688 5.57872702545e-09 0.586227573134 0.413709285075 0.999999835362 0.478479 0 0
419.1 20 20 1.46583431911 10.8356192822 5.57981314407e-09 0.586212802035 0.413725346116 0.999999828746 0.467704 0 0
419.2 20 20 1.46583146182 10.8353450307 5.58130383942e-09 0.58619804709 0.413741428031 0.999999855563 0.467518 0 0
419.3 20 20 1.46582854815 10.835363378 5.5832043678e-09 0.586183301745 0.413757539489 0.99999983022 0.470874 0 0
419.4 20 20 1.46582536531 10.8351481869 5.5855159913e-09 0.586168571913 0.413773676744 0.999999837209 0.469214 0 0
419.5 20 20 1.46582204702 10.8348218428 5.58823618218e-09 0.586153851386 0.413789832582 0.999999834554 0.468656 0 0
419.6 20 20 1.46581849831 10.8348366897 5.59135889189e-09 0.586139152985 0.413806017494 0.999999811514 0.468509 0 0
419.7 20 20 1.46581504986 10.834458039 5.59487487695e-09 0.586124485916 0.413822200615 0.99999982949 0.384472 0 0
419.8 20 20 1.46581231093 10.834826677 5.59877207138e-09 0.586109819595 0.413838416621 0.999999832953 0.468135 0 0
419.9 20 20 1.46580943745 10.8344261261 5.60303597758e-09 0.586095157207 0.413854651577 0.999999840484 0.467037 0 0
420 20 20 1.46580665669 10.8346256413 5.60765011357e-09 0.586080504118 0.41387093039 0.999999837958 0.384225 0 0
420.1 20 20 1.46580297282 10.83424619 5.61259648026e-09 0.586065866943 0.413887227071 0.999999804549 0.468759 0 0
420.2 20 20 1.46580019596 10.8340892401 5.61785606483e-09 0.586051249445 0.413903538327 0.999999832629 0.384901 0 0
420.3 20 20 1.46579676386 10.8343103754 5.62340935323e-09 0.586036631194 0.413919869144 0.999999813383 0.383779 0 0
420.4 20 20 1.46579329396 10.8344331848 5.62923683369e-09 0.586022050437 0.413936192091 0.999999811251 0.467604 0 0
420.5 20 20 1.46578979213 10.8343719614 5.63531952182e-09 0.586007478693 0.413952542106 0.999999809563 0.469237 0 0
420.6 20 20 1.46578689909 10.8342438075 5.64163945808e-09 0.585992912349 0.413968903815 0.9999998266 0.383453 0 0
420.7 20 20 1.46578401816 10.8341835423 5.64818016539e-09 0.585978342905 0.413985265031 0.999999833644 0.46774 0 0
420.8 20 20 1.46578058961 10.8342502463 5.65492711351e-09 0.585963785825 0.414001632945 0.999999831572 0.466675 0 0
420.9 20 20 1.46577760907 10.834291531 5.66186812503e-09 0.585949251368 0.414018024639 0.999999842338 0.467253 0 0
421 20 20 1.46577469161 10.8344462684 5.66899378582e-09 0.585934716866 0.414034422124 0.99999983553 0.467084 0 0
421.1 20 20 1.46577162708 10.8346329876 5.67629776416e-09 0.585920189682 0.41405083632 0.999999834059 0.466716 0 0
421.2 20 20 1.46576832817 10.8346460779 5.68377713269e-09 0.585905685026 0.414067236415 0.999999832489 0.467796 0 0
421.3 20 20 1.46576527359 10.834779258 5.69143258372e-09 0.585891198381 0.414083635201 0.999999839665 0.468022 0 0
421.4 20 20 1.46576186255 10.8349859537 5.69926865336e-09 0.58587670715 0.414100052911 0.999999810146 0.382538 0 0
421.5 20 20 1.46575789938 10.8351825355 5.70729383696e-09 0.585862245414 0.414116442135 0.999999832404 0.466332 0 0
421.6 20 20 1.46575456052 10.8353268782 5.71552063848e-09 0.585847778456 0.414132843526 0.999999836324 0.384741 0 0
421.7 20 20 1.46575119118 10.8353579596 5.72396557577e-09 0.585833327958 0.414149220625 0.999999826609 0.468865 0 0
421.8 20 20 1.46574761189 10.8353412856 5.73264912442e-09 0.585818880802 0.414165595214 0.999999831832 0.467621 0 0
421.9 20 20 1.46574397853 10.8355999347 5.7415955941e-09 0.585804456465 0.414181984912 0.999999815588 0.38513 0 0
422 20 20 1.46574038222 10.8360567355 5.75083290127e-09 0.585790037767 0.414198329141 0.999999841952 0.386563 0 0
422.1 20 20 1.46573618666 10.8358734266 5.76039231744e-09 0.585775632545 0.414214669609 0.999999812551 0.468106 0 0
422.2 20 20 1.46573299287 10.8359165684 5.77030816998e-09 0.585761246788 0.414230996106 0.99999984808 0.467817 0 0
422.3 20 20 1.46572859272 10.8360115145 5.78061743888e-09 0.585746863221 0.4142472917 0.99999980549 0.468296 0 0
422.4 20 20 1.465723764 10.8363550027 5.79135931511e-09 0.58573249235 0.414263563249 0.999999814249 0.385297 0 0
422.5 20 20 1.46571949172 10.8364958671 5.80257469035e-09 0.585718130492 0.414279821728 0.999999833665 0.468396 0 0
422.6 20 20 1.46571436744 10.8369630001 5.81430557415e-09 0.585703783142 0.414296045801 0.999999828509 0.384249 0 0
422.7 20 20 1.46570876033 10.8363882653 5.82659460741e-09 0.585689440079 0.414312236536 0.999999832449 0.466812 0 0
422.8 20 20 1.46570386781 10.8364735927 5.83948435701e-09 0.585675112995 0.414328407149 0.999999832364 0.385532 0 0
422.9 20 20 1.46569852352 10.8366305123 5.85301704728e-09 0.585660800288 0.414344553901 0.999999818658 0.384286 0 0
423 20 20 1.46569308896 10.8366194842 5.86723349707e-09 0.585646482655 0.414360663332 0.999999839605 0.384375 0 0
423.1 20 20 1.46568780186 10.8369912354 5.88217233817e-09 0.585632175236 0.414376746582 0.999999843832 0.468565 0 0
423.2 20 20 1.46568233621 10.8371389154 5.89786929463e-09 0.585617890099 0.414392805944 0.999999836807 0.472091 0 0
423.3 20 20 1.46567616848 10.8368992786 5.91435652339e-09 0.585603590563 0.414408824542 0.999999832355 0.468522 0 0
423.4 20 20 1.46567032497 10.836912348 5.93166191298e-09 0.585589328127 0.414424801992 0.99999984555 0.466701 0 0
423.5 20 20 1.46566478056 10.8369502016 5.94980842734e-09 0.58557506068 0.41444074864 0.999999865038 0.467382 0 0
423.6 20 20 1.46565873929 10.8369785026 5.96881352992e-09 0.585560807736 0.414456668797 0.999999852816 0.46616 0 0
423.7 20 20 1.46565212068 10.8368011868 5.98868861554e-09 0.585546566818 0.414472556653 0.9999998235 0.467883 0 0
423.8 20 20 1.46564535407 10.8369806664 6.00943856743e-09 0.585532345447 0.414488389602 0.999999824581 0.385173 0 0
423.9 20 20 1.46563840178 10.836827892 6.0310612951e-09 0.585518136468 0.414504198543 0.999999823633 0.386148 0 0
424 20 20 1.4656312262 10.8366883794 6.05354743723e-09 0.585503941221 0.41451996433 0.999999828972 0.467511 0 0
424.1 20 20 1.46562424676 10.8366102652 6.07688008089e-09 0.585489745366 0.414535723688 0.999999858973 0.38315 0 0
424.2 20 20 1.46561733206 10.8366624876 6.10103457716e-09 0.585475561466 0.414551449144 0.999999861829 0.46703 0 0
424.3 20 20 1.46560976936 10.8364023163 6.12597845985e-09 0.5854613963 0.414567150532 0.999999842656 0.467049 0 0
424.4 20 20 1.46560206268 10.8365436299 6.15167260387e-09 0.585447246548 0.41458281474 0.999999842906 0.46924 0 0
424.5 20 20 1.46559411534 10.8364830408 6.17807041837e-09 0.585433115181 0.414598447297 0.999999840542 0.469208 0 0
424.6 20 20 1.46558550858 10.8360228011 6.20511775263e-09 0.585418996739 0.414614046276 0.999999833408 0.468134 0 0
424.7 20 20 1.46557696906 10.8359272433 6.23275313315e-09 0.585404881234 0.414629625215 0.999999835703 0.468564 0 0
424.8 20 20 1.46556838402 10.8357388764 6.26090816908e-09 0.585390780686 0.414645180979 0.999999847894 0.466828 0 0
424.9 20 20 1.46555882393 10.8354256972 6.28950795754e-09 0.58537668806 0.414660723084 0.999999839873 0.468426 0 0
425 20 20 1.4655496165 10.8352302654 6.31847169189e-09 0.585362609045 0.414676239458 0.999999832067 0.382948 0 0
425.1 20 20 1.46553987775 10.835103033 6.3477132319e-09 0.585348541119 0.414691738059 0.99999984231 0.466991 0 0
425.2 20 20 1.465530099 10.8349441223 6.37714183898e-09 0.585334483711 0.414707221779 0.99999984387 0.46735 0 0
425.3 20 20 1.4655199173 10.8348845905 6.40666291499e-09 0.585320436687 0.414722687863 0.999999824846 0.383565 0 0
425.4 20 20 1.46550946308 10.8347094427 6.436178868e-09 0.585306418531 0.414738115164 0.999999819096 0.466675 0 0
425.5 20 20 1.46549881658 10.8341329588 6.46558994685e-09 0.58529239781 0.414753527094 0.99999983317 0.466337 0 0
425.6 20 20 1.46548827329 10.8340768165 6.49479516564e-09 0.585278387083 0.414768910709 0.999999828566 0.466592 0 0
425.7 20 20 1.46547754433 10.8339667373 6.52369322147e-09 0.585264376357 0.414784288569 0.999999826228 0.472782 0 0
425.8 20 20 1.4654670076 10.8334925015 6.55218348624e-09 0.585250387528 0.414799653881 0.999999829789 0.470574 0 0
425.9 20 20 1.46545628409 10.8337300123 6.58016690993e-09 0.585236399133 0.414815004685 0.999999838038 0.467025 0 0
426 20 20 1.4654452842 10.8333047274 6.60754702108e-09 0.58522242359 0.414830357088 0.999999832623 0.384052 0 0
426.1 20 20 1.465434473 10.8328951971 6.6342308147e-09 0.585208469884 0.414845689732 0.999999841803 0.467578 0 0
426.2 20 20 1.46542305019 10.8325422425 6.66012963563e-09 0.585194519741 0.4148610188 0.999999829375 0.46758 0 0
426.3 20 20 1.46541182643 10.8322294302 6.68516002522e-09 0.585180562595 0.414876347248 0.999999827492 0.469116 0 0
426.4 20 20 1.4654002199 10.8321476205 6.70924459297e-09 0.585166626909 0.414891663163 0.999999824502 0.467196 0 0
426.5 20 20 1.46538833992 10.8320785293 6.73231272192e-09 0.585152695029 0.414906984166 0.999999821849 0.470045 0 0
426.6 20 20 1.46537642704 10.831453652 6.75430131497e-09 0.585138760432 0.414922291296 0.999999836219 0.467698 0 0
426.7 20 20 1.46536425568 10.8315072718 6.77515536078e-09 0.585124835262 0.41493760896 0.999999814612 0.468004 0 0
426.8 20 20 1.46535211553 10.8310649766 6.79482839779e-09 0.585110933342 0.414952906882 0.999999807054 0.469005 0 0
426.9 20 20 1.46534002782 10.8311634492 6.8132829844e-09 0.585097036392 0.414968222572 0.99999983148 0.385856 0 0
427 20 20 1.46532755729 10.8306822361 6.83049097337e-09 0.585083142023 0.414983536219 0.999999827942 0.385652 0 0
427.1 20 20 1.46531525334 10.8301529087 6.84643366772e-09 0.585069255464 0.414998839721 0.999999819158 0.471978 0 0
427.2 20 20 1.46530309173 10.8301352775 6.86110200186e-09 0.585055375366 0.415014169604 0.99999982987 0.47289 0 0
427.3 20 20 1.46529058158 10.8301814256 6.87449652084e-09 0.585041497556 0.415029486318 0.99999982091 0.46811 0 0
427.4 20 20 1.46527821661 10.8295187753 6.88662723905e-09 0.585027621335 0.415044827213 0.999999824916 0.473538 0 0
427.5 20 20 1.46526557337 10.8295198096 6.89751352527e-09 0.585013749919 0.415060167333 0.99999983059 0.468864 0 0
427.6 20 20 1.46525269406 10.8292700432 6.90718377816e-09 0.584999892975 0.415075506564 0.999999823545 0.473596 0 0
427.7 20 20 1.46523986461 10.8291739278 6.91567506787e-09 0.584986067238 0.415090837662 0.999999839336 0.472267 0 0
427.8 20 20 1.46522660814 10.828883654 6.92303260996e-09 0.584972219793 0.415106206733 0.999999821125 0.384454 0 0
427.9 20 20 1.46521369559 10.8286310336 6.92930919813e-09 0.584958387962 0.41512156577 0.999999832872 0.469786 0 0
428 20 20 1.46520100078 10.8285167358 6.93456448569e-09 0.584944550108 0.415136930052 0.999999834466 0.468521 0 0
428.1 20 20 1.46518740008 10.8283790263 6.93886429907e-09 0.584930723674 0.415152307182 0.999999812681 0.383775 0 0
428.2 20 20 1.46517506756 10.8285146753 6.94227985878e-09 0.584916913299 0.415167688148 0.999999838127 0.388099 0 0
428.3 20 20 1.46516215913 10.8283190933 6.94488687742e-09 0.584903105072 0.415183071464 0.999999832728 0.468968 0 0
428.4 20 20 1.46514954448 10.8282280152 6.94676471854e-09 0.584889294737 0.415198470117 0.99999982572 0.385103 0 0
428.5 20 20 1.4651366866 10.8282780051 6.94799545019e-09 0.584875483292 0.415213853983 0.999999827233 0.469017 0 0
428.6 20 20 1.46512429095 10.8283020371 6.94866287145e-09 0.58486168687 0.415229252042 0.999999839352 0.467464 0 0
428.7 20 20 1.46511158171 10.8283461259 6.94885147197e-09 0.584847889766 0.415244636625 0.999999817898 0.468069 0 0
428.8 20 20 1.46509924599 10.8281352337 6.94864552293e-09 0.584834115398 0.415260017486 0.999999844529 0.383872 0 0
428.9 20 20 1.46508654486 10.8282669292 6.94812809984e-09 0.584820330009 0.415275412058 0.999999836026 0.469919 0 0
429 20 20 1.46507349891 10.8282512524 6.94738012888e-09 0.584806552748 0.415290811042 0.999999827147 0.467194 0 0
429.1 20 20 1.46506083749 10.8283722807 6.9464794698e-09 0.584792776646 0.41530618364 0.999999823603 0.467586 0 0
429.2 20 20 1.46504893396 10.8283397448 6.94549999336e-09 0.584779021251 0.415321547837 0.999999850293 0.384271 0 0
429.3 20 20 1.4650360515 10.8285066374 6.94451076152e-09 0.584765253463 0.415336924576 0.999999818295 0.468589 0 0
429.4 20 20 1.46502330233 10.8283767251 6.94357522977e-09 0.584751506771 0.415352271361 0.999999821869 0.383581 0 0
429.5 20 20 1.4650105021 10.8288264446 6.94275062145e-09 0.584737752176 0.415367623285 0.999999821653 0.386565 0 0
429.6 20 20 1.4649979457 10.8286637504 6.94208730881e-09 0.584723998746 0.415382933266 0.999999833235 0.38458 0 0
429.7 20 20 1.46498500514 10.8287056079 6.94162822839e-09 0.584710251043 0.415398242473 0.999999837807 0.467194 0 0
429.8 20 20 1.46497185881 10.8288002179 6.94140845767e-09 0.584696501728 0.41541352636 0.999999814086 0.466462 0 0
429.9 20 20 1.46495907503 10.8289776389 6.9414548231e-09 0.584682774272 0.415428774782 0.999999824124 0.468036 0 0
430 20 20 1.46494632372 10.8294683155 6.94178564364e-09 0.584669046592 0.415443998024 0.999999803344 0.387093 0 0
430.1 20 20 1.46493369407 10.8293487307 6.94241057285e-09 0.584655319863 0.415459211893 0.999999841322 0.467776 0 0
430.2 20 20 1.46492116086 10.8295197306 6.94333051851e-09 0.584641604376 0.415474401637 0.999999829245 0.470432 0 0
430.3 20 20 1.46490866666 10.8303841026 6.94453764742e-09 0.584627885941 0.415489551082 0.999999838191 0.470113 0 0
430.4 20 20 1.46489579584 10.8298412404 6.94601553777e-09 0.584614180598 0.415504689181 0.999999825565 0.383729 0 0
430.5 20 20 1.46488318569 10.8298817663 6.95429649163e-09 0.584600487804 0.415519793007 0.999999821914 0.385709 0 0
430.6 20 20 1.4648705705 10.8300617295 6.97442984808e-09 0.584586784664 0.415534889773 0.9999998401 0.385975 0 0
430.7 20 20 1.46485884762 10.8302689529 6.99337903254e-09 0.584573093344 0.415549940554 0.999999845003 0.383376 0 0
430.8 20 20 1.46484702849 10.8305285822 7.01120482715e-09 0.584559405832 0.415564966398 0.999999845955 0.466803 0 0
430.9 20 20 1.46483501227 10.8306643826 7.02797566113e-09 0.584545716803 0.415579959717 0.999999847918 0.388147 0 0
431 20 20 1.46482287916 10.830943755 7.04376687984e-09 0.584532037658 0.415594893417 0.999999829605 0.467556 0 0
431.1 20 20 1.4648110729 10.8310839656 7.0586598253e-09 0.584518363358 0.415609801312 0.99999982248 0.466628 0 0
431.2 20 20 1.46479921783 10.8311886207 7.07274100568e-09 0.584504692346 0.415624670706 0.999999822051 0.384686 0 0
431.3 20 20 1.46478776279 10.8313058819 7.08610104525e-09 0.584491027186 0.415639506556 0.999999856939 0.383313 0 0
431.4 20 20 1.46477637685 10.8318139697 7.09883375178e-09 0.584477362245 0.415654321205 0.999999833319 0.466677 0 0
431.5 20 20 1.46476447352 10.8316405055 7.11103506199e-09 0.584463701576 0.415669074443 0.999999819654 0.468176 0 0
431.6 20 20 1.46475296138 10.8317257454 7.12280197589e-09 0.584450060918 0.415683795911 0.999999827902 0.383591 0 0
431.7 20 20 1.46474197034 10.8319468927 7.1342315118e-09 0.584436428507 0.415698481879 0.999999849713 0.46751 0 0
431.8 20 20 1.46473003368 10.8320738825 7.14541965198e-09 0.584422796787 0.415713096541 0.999999822327 0.467616 0 0
431.9 20 20 1.46471865793 10.8322484155 7.15646031621e-09 0.58440918822 0.415727656262 0.999999816796 0.468743 0 0
432 20 20 1.46470777805 10.8324409619 7.16744430688e-09 0.584395575745 0.415742186089 0.999999830052 0.468422 0 0
432.1 20 20 1.46469670286 10.8322642704 7.17845837801e-09 0.584381954844 0.415756658556 0.999999841793 0.467249 0 0
432.2 20 20 1.46468540012 10.8325688139 7.18958426319e-09 0.584368352021 0.415771094342 0.999999813351 0.468711 0 0
432.3 20 20 1.46467453335 10.8324931196 7.20089784298e-09 0.58435476706 0.415785470301 0.999999814912 0.389335 0 0
432.4 20 20 1.46466324966 10.8323597228 7.21246825486e-09 0.584341191187 0.415799810835 0.99999980733 0.384134 0 0
432.5 20 20 1.464653089 10.8324262909 7.22435727551e-09 0.584327621954 0.415814103322 0.999999837917 0.390269 0 0
432.6 20 20 1.46464298616 10.8327695045 7.23661852147e-09 0.584314039849 0.415828342502 0.999999832553 0.388813 0 0
432.7 20 20 1.46463304129 10.8325589875 7.24929697718e-09 0.584300476336 0.415842550683 0.99999983389 0.467421 0 0
432.8 20 20 1.46462334605 10.8325518858 7.26242850277e-09 0.584286918281 0.415856710389 0.999999831711 0.46712 0 0
432.9 20 20 1.46461329653 10.8325216848 7.27603942079e-09 0.584273367846 0.415870818794 0.999999820135 0.384275 0 0
433 20 20 1.46460430725 10.8327330548 7.29014629907e-09 0.584259828589 0.415884886587 0.999999839822 0.383825 0 0
433.1 20 20 1.46459559401 10.8326039071 7.30475572746e-09 0.584246288076 0.415898922664 0.999999837054 0.384184 0 0
433.2 20 20 1.46458689305 10.8323971656 7.31986432621e-09 0.584232755069 0.415912890597 0.999999843587 0.469038 0 0
433.3 20 20 1.46457797891 10.8324645609 7.33545875211e-09 0.584219226564 0.415926839676 0.999999805414 0.38516 0 0
433.4 20 20 1.46456965358 10.8323861101 7.35151586942e-09 0.58420570523 0.415940727436 0.999999822413 0.383266 0 0
433.5 20 20 1.46456176306 10.8321114018 7.36800304114e-09 0.584192199359 0.415954567918 0.999999843634 0.467297 0 0
433.6 20 20 1.46455386204 10.8320430938 7.38487847827e-09 0.584178687376 0.415968390794 0.999999811276 0.385201 0 0
433.7 20 20 1.46454665898 10.8319599387 7.40209176097e-09 0.584165189669 0.415982164153 0.999999843882 0.384987 0 0
433.8 20 20 1.464539203 10.831807265 7.41958438287e-09 0.584151690462 0.415995913725 0.999999820604 0.467755 0 0
433.9 20 20 1.46453266379 10.831783426 7.43729038208e-09 0.584138187379 0.416009641576 0.999999814996 0.384222 0 0
434 20 20 1.46452609639 10.8315241392 7.4551370866e-09 0.58412468332 0.416023320818 0.999999818584 0.470547 0 0
434.1 20 20 1.46451996238 10.8313027142 7.47304595135e-09 0.584111184613 0.416036965276 0.99999981664 0.385576 0 0
434.2 20 20 1.46451361832 10.8311180368 7.49093342421e-09 0.584097683995 0.416050570261 0.99999982761 0.384592 0 0
434.3 20 20 1.46450763121 10.8311665939 7.50871186296e-09 0.58408418644 0.416064169462 0.999999823296 0.385287 0 0
434.4 20 20 1.46450212705 10.8308880316 7.52629054451e-09 0.58407066742 0.416077741775 0.999999810235 0.468131 0 0
434.5 20 20 1.46449682973 10.8309572613 7.54357663177e-09 0.584057167013 0.416091277135 0.999999825259 0.466601 0 0
434.6 20 20 1.46449225501 10.8306297791 7.56047616792e-09 0.584043666325 0.416104769907 0.999999825529 0.468416 0 0
434.7 20 20 1.46448820785 10.8301703229 7.57689515293e-09 0.584030146321 0.416118240493 0.999999833704 0.46865 0 0
434.8 20 20 1.46448408623 10.8299472085 7.59274045359e-09 0.584016612991 0.416131708112 0.999999816118 0.469139 0 0
434.9 20 20 1.46448074087 10.8298633329 7.60792087445e-09 0.584003097264 0.416145158609 0.999999830625 0.383967 0 0
435 20 20 1.46447796877 10.8296981487 7.62234807283e-09 0.583989556397 0.416158600419 0.999999842236 0.468919 0 0
435.1 20 20 1.46447557009 10.8295189472 7.6359374218e-09 0.583976011855 0.416172038886 0.9999998486 0.467797 0 0
435.2 20 20 1.46447338684 10.8293653522 7.6486089976e-09 0.583962458714 0.416185460822 0.999999830345 0.469195 0 0
435.3 20 20 1.4644717381 10.8289768717 7.6602881658e-09 0.583948902079 0.416198875976 0.999999837821 0.384619 0 0
435.4 20 20 1.46447042523 10.8290984155 7.67090647781e-09 0.583935344141 0.41621229358 0.99999983182 0.470454 0 0
435.5 20 20 1.46446936941 10.8286239285 7.68040218899e-09 0.583921780744 0.416225704621 0.999999838812 0.468371 0 0
435.6 20 20 1.46446843028 10.8284242342 7.68872080915e-09 0.583908196125 0.416239109482 0.999999828206 0.469669 0 0
435.7 20 20 1.46446799344 10.8282450073 7.69581560434e-09 0.583894612141 0.416252532755 0.999999831585 0.387808 0 0
435.8 20 20 1.46446716987 10.8280653702 7.70164786457e-09 0.583881003703 0.416265955993 0.999999837642 0.467779 0 0
435.9 20 20 1.46446716077 10.8281257479 7.70618721647e-09 0.583867385666 0.416279390414 0.999999823331 0.468566 0 0
436 20 20 1.46446781785 10.8276939683 7.70941172488e-09 0.583853752351 0.416292824145 0.999999834046 0.47302 0 0
436.1 20 20 1.46446818987 10.8274631268 7.71130797602e-09 0.583840104614 0.41630624955 0.999999835087 0.469507 0 0
436.2 20 20 1.46446911112 10.827365638 7.71187093096e-09 0.583826444694 0.416319690775 0.999999838772 0.384466 0 0
436.3 20 20 1.4644705085 10.8272686179 7.71110387598e-09 0.58381276712 0.416333135911 0.999999833629 0.46797 0 0
436.4 20 20 1.46447237336 10.8270688874 7.70901808966e-09 0.583799075218 0.41634660247 0.999999837301 0.467181 0 0
436.5 20 20 1.46447429218 10.8268981729 7.70563249138e-09 0.583785358014 0.416360087168 0.999999822378 0.467894 0 0
436.6 20 20 1.46447651993 10.8267896331 7.70097329611e-09 0.583771611406 0.416373591813 0.999999824081 0.467956 0 0
436.7 20 20 1.46447918296 10.8268900025 7.69507338326e-09 0.583757856105 0.416387106723 0.999999831767 0.467221 0 0
436.8 20 20 1.46448220941 10.8267770139 7.68797183148e-09 0.583744075314 0.416400645565 0.999999835477 0.467612 0 0
436.9 20 20 1.46448546186 10.8265410727 7.67971318954e-09 0.583730265872 0.416414206133 0.999999828486 0.467123 0 0
437 20 20 1.46448885476 10.8263902087 7.67034689703e-09 0.583716435858 0.416427759365 0.999999823418 0.468869 0 0
437.1 20 20 1.46449243033 10.8262852867 7.65992640214e-09 0.583702574208 0.416441341319 0.999999817146 0.468528 0 0
437.2 20 20 1.46449592251 10.8262439472 7.64850854336e-09 0.583688688107 0.41645494651 0.999999815195 0.466756 0 0
437.3 20 20 1.46449951232 10.8260091017 7.63615267045e-09 0.583674788227 0.416468595854 0.999999809713 0.384107 0 0
437.4 20 20 1.46450440008 10.8259818954 7.62291990291e-09 0.583660864994 0.416482255564 0.999999844337 0.384506 0 0
437.5 20 20 1.46450929696 10.8261057749 7.60887227654e-09 0.583646911582 0.416495950649 0.999999844227 0.38443 0 0
437.6 20 20 1.46451417185 10.8262590895 7.59407203791e-09 0.583632926102 0.416509659982 0.999999829028 0.466474 0 0
437.7 20 20 1.46451916669 10.8261301765 7.57858084081e-09 0.583618910259 0.416523374962 0.999999830079 0.466288 0 0
437.8 20 20 1.46452485004 10.8261279795 7.56245901531e-09 0.583604890462 0.416537117164 0.999999842752 0.467757 0 0
437.9 20 20 1.46453088629 10.8263758508 7.54576492508e-09 0.583590823283 0.416550882214 0.999999810452 0.468266 0 0
438 20 20 1.46453590444 10.8262239997 7.52855433253e-09 0.583576744202 0.416564658007 0.999999828527 0.467662 0 0
438.1 20 20 1.46454222858 10.826319819 7.51087979067e-09 0.583562642336 0.416578441707 0.999999845958 0.468084 0 0
438.2 20 20 1.46454833935 10.826607002 7.49279021342e-09 0.583548501754 0.416592240037 0.999999818828 0.467212 0 0
438.3 20 20 1.4645542495 10.8265451814 7.47433038782e-09 0.583534344656 0.41660602089 0.999999836631 0.470397 0 0
438.4 20 20 1.46456062718 10.8266413109 7.45554067371e-09 0.583520157737 0.416619836775 0.999999804461 0.467464 0 0
438.5 20 20 1.46456698332 10.8270892912 7.4364567114e-09 0.583505961695 0.416633643765 0.999999823362 0.385546 0 0
438.6 20 20 1.46457383141 10.8270068461 7.41710926047e-09 0.5834917352 0.416647474872 0.999999831662 0.467424 0 0
438.7 20 20 1.46458112272 10.8270907038 7.39752407342e-09 0.583477483853 0.416661312174 0.999999843156 0.468858 0 0
438.8 20 20 1.46458839648 10.8276120143 7.37772193864e-09 0.583463204319 0.416675187168 0.999999842857 0.467612 0 0
438.9 20 20 1.46459538896 10.8277008029 7.35771873482e-09 0.583448899851 0.416689040387 0.999999825675 0.467585 0 0
439 20 20 1.46460266384 10.8278465384 7.3375255584e-09 0.583434570989 0.416702892938 0.999999829188 0.466461 0 0
439.1 20 20 1.46460975955 10.8280153982 7.31714904238e-09 0.583420218002 0.416716754328 0.999999826918 0.468356 0 0
439.2 20 20 1.46461677823 10.8284962288 7.29659157448e-09 0.583405826574 0.416730621431 0.999999810256 0.468032 0 0
439.3 20 20 1.46462417803 10.8282179814 7.27585173704e-09 0.583391431118 0.416744482624 0.999999825535 0.472666 0 0
439.4 20 20 1.46463145348 10.828529792 7.25492473828e-09 0.583377015655 0.416758334684 0.999999831285 0.47209 0 0
439.5 20 20 1.46463919825 10.8287057844 7.23380281705e-09 0.583362571555 0.416772184724 0.9999998189 0.468229 0 0
439.6 20 20 1.46464726529 10.8289087394 7.21247597458e-09 0.583348100902 0.416786037402 0.999999850053 0.467677 0 0
439.7 20 20 1.46465484585 10.8296232209 7.19093227755e-09 0.583333609649 0.416799874389 0.999999814096 0.385699 0 0
439.8 20 20 1.46466276294 10.829290661 7.16915870209e-09 0.58331911296 0.41681370504 0.999999842006 0.466755 0 0
439.9 20 20 1.4646703823 10.8298616066 7.14714159264e-09 0.58330459625 0.416827513785 0.999999817343 0.467374 0 0
440 20 20 1.46467772342 10.8296733664 7.12486732921e-09 0.58329006163 0.416841298938 0.999999840261 0.467937 0 0
440.1 20 20 1.46468583126 10.829894395 7.10232300039e-09 0.583275505556 0.416855084726 0.999999841543 0.385259 0 0
440.2 20 20 1.46469319579 10.8305163519 7.07949687857e-09 0.58326093212 0.416868832439 0.99999980948 0.38334 0 0
440.3 20 20 1.4647008352 10.8303396913 7.05637917969e-09 0.583246356863 0.416882572335 0.999999830136 0.387628 0 0
440.4 20 20 1.46470852352 10.8305947641 7.03296249856e-09 0.583231753302 0.416896290382 0.999999833438 0.384095 0 0
440.5 20 20 1.46471626034 10.8306484201 7.0092423695e-09 0.583217143651 0.416909976226 0.999999838968 0.467719 0 0
440.6 20 20 1.46472400354 10.8309177544 6.98521779218e-09 0.583202513585 0.416923644407 0.99999984355 0.468665 0 0
440.7 20 20 1.46473138753 10.8311058649 6.96089161253e-09 0.583187876927 0.416937271532 0.999999829271 0.468141 0 0
440.8 20 20 1.4647385449 10.831344471 6.93627088335e-09 0.583173240684 0.416950884823 0.999999819999 0.470747 0 0
440.9 20 20 1.46474499147 10.8316064006 6.91136726293e-09 0.583158592761 0.416964467249 0.999999809175 0.385464 0 0
441 20 20 1.46475238714 10.8317048346 6.88619712909e-09 0.583143951472 0.416978017739 0.999999842907 0.47019 0 0
441.1 20 20 1.46475968465 10.8317151448 6.8607818723e-09 0.58312928865 0.41699154431 0.99999981771 0.468696 0 0
441.2 20 20 1.46476735555 10.8317753067 6.83514794484e-09 0.583114622785 0.417005031597 0.999999835262 0.384743 0 0
441.3 20 20 1.46477469817 10.8324428616 6.80932685925e-09 0.583099938021 0.417018501073 0.999999818835 0.474328 0 0
441.4 20 20 1.46478189878 10.8318515441 6.78335523484e-09 0.583085252703 0.417031929524 0.999999842203 0.470662 0 0
441.5 20 20 1.46478837761 10.8320235024 6.75727452881e-09 0.583070569782 0.417045326665 0.999999802214 0.470446 0 0
441.6 20 20 1.46479532625 10.8321371988 6.73113100396e-09 0.583055881432 0.417058657395 0.999999837346 0.383943 0 0
441.7 20 20 1.46480213043 10.8321697003 6.70497526719e-09 0.583041192149 0.41707195954 0.999999817594 0.469691 0 0
441.8 20 20 1.46480888732 10.8322340673 6.67886207044e-09 0.583026508452 0.417085234059 0.999999827937 0.382732 0 0
441.9 20 20 1.4648146818 10.8321850484 6.65284984708e-09 0.583011820921 0.417098475675 0.999999813332 0.384258 0 0
442 20 20 1.46482157592 10.8321858767 6.62700016767e-09 0.582997135946 0.417111663798 0.999999834525 0.468434 0 0
442.1 20 20 1.46482762827 10.8322510171 6.60137735372e-09 0.582982423804 0.417124827394 0.999999794688 0.470575 0 0
442.2 20 20 1.4648340432 10.8322167471 6.57604773802e-09 0.58296773764 0.417137941884 0.99999981212 0.38353 0 0
442.3 20 20 1.46483984825 10.8320077518 6.55107918226e-09 0.582953051184 0.417151005112 0.999999841705 0.384055 0 0
442.4 20 20 1.46484652745 10.832204131 6.52654025007e-09 0.58293833801 0.417164054059 0.999999829013 0.471985 0 0
442.5 20 20 1.46485276011 10.8325841843 6.5024997042e-09 0.582923649708 0.417177060773 0.999999827399 0.469149 0 0
442.6 20 20 1.46485874771 10.8322420798 6.47902560422e-09 0.582908955692 0.417190045676 0.999999821995 0.386999 0 0
442.7 20 20 1.46486485108 10.8320614871 6.45618473499e-09 0.582894266434 0.417203014749 0.999999838176 0.46827 0 0
442.8 20 20 1.46487106936 10.831766248 6.43404175703e-09 0.582879566788 0.41721596245 0.999999841309 0.468571 0 0
442.9 20 20 1.46487641386 10.8317264397 6.41265856005e-09 0.582864889781 0.417228894826 0.999999838606 0.46644 0 0
443 20 20 1.46488142772 10.8317493187 6.39209351161e-09 0.582850209277 0.417241814795 0.999999826895 0.467623 0 0
443.1 20 20 1.46488693551 10.8317127897 6.37240075375e-09 0.582835528693 0.417254725458 0.999999833075 0.468402 0 0
443.2 20 20 1.46489167343 10.8314407847 6.35362959002e-09 0.582820858861 0.417267621173 0.999999844138 0.467083 0 0
443.3 20 20 1.46489709012 10.8312912487 6.33582384092e-09 0.582806187488 0.417280508431 0.999999839959 0.468999 0 0
443.4 20 20 1.46490218262 10.831152933 6.31902125008e-09 0.58279153039 0.417293396714 0.999999830215 0.466478 0 0
443.5 20 20 1.46490654757 10.8310474522 6.30325303571e-09 0.58277687618 0.417306274455 0.999999817785 0.469096 0 0
443.6 20 20 1.46491114162 10.830665083 6.2885433847e-09 0.5827622262 0.417319137844 0.999999836958 0.466795 0 0
443.7 20 20 1.46491606777 10.8306550661 6.27490907712e-09 0.582747580008 0.417331981321 0.999999846287 0.467613 0 0
443.8 20 20 1.46492080038 10.8302536983 6.26235919056e-09 0.582732949032 0.417344801596 0.999999819809 0.469434 0 0
443.9 20 20 1.46492492694 10.8303052511 6.25089488352e-09 0.582718311846 0.417357603778 0.999999826663 0.4673 0 0
444 20 20 1.46492918839 10.8297174681 6.24050918668e-09 0.582703694269 0.417370401585 0.999999821498 0.384409 0 0
444.1 20 20 1.46493343519 10.8295698027 6.23118702899e-09 0.582689082191 0.417383213196 0.999999825935 0.383855 0 0
444.2 20 20 1.46493726357 10.8292220703 6.22290516807e-09 0.582674484385 0.417396008651 0.999999817742 0.468715 0 0
444.3 20 20 1.46494084234 10.8289227287 6.21563238929e-09 0.58265990109 0.417408823096 0.999999824927 0.383665 0 0
444.4 20 20 1.46494427732 10.8288463264 6.20932960704e-09 0.582645328168 0.41742165026 0.99999983073 0.466906 0 0
444.5 20 20 1.46494781014 10.8287925799 6.20395026614e-09 0.582630763444 0.417434466496 0.999999828235 0.384406 0 0
444.6 20 20 1.46495138377 10.8282470997 6.19944059971e-09 0.582616213322 0.41744728476 0.999999859888 0.467395 0 0
444.7 20 20 1.46495399575 10.8278190086 6.19574015477e-09 0.582601665566 0.417460143089 0.999999845177 0.466829 0 0
444.8 20 20 1.46495701172 10.8275214339 6.19278228295e-09 0.582587124219 0.417473011851 0.999999829118 0.467771 0 0
444.9 20 20 1.46495961942 10.8272522671 6.19049478304e-09 0.582572604075 0.417485884094 0.999999832992 0.386314 0 0
445 20 20 1.46496219739 10.8272022233 6.18880043989e-09 0.582558097535 0.417498777022 0.9999998181 0.386117 0 0
445.1 20 20 1.4649643736 10.8267803132 6.18761787563e-09 0.582543600177 0.417511685748 0.999999829642 0.466302 0 0
445.2 20 20 1.46496678226 10.8262777718 6.18686219133e-09 0.582529126971 0.417524603416 0.999999854243 0.467098 0 0
445.3 20 20 1.46496914141 10.8261561684 6.1864458467e-09 0.582514662808 0.417537555092 0.999999844073 0.467278 0 0
445.4 20 20 1.46497071821 10.8258135308 6.1862794337e-09 0.582500224788 0.417550507992 0.999999824041 0.468093 0 0
445.5 20 20 1.46497248583 10.8257673658 6.18627257461e-09 0.582485804335 0.417563469785 0.999999819517 0.384949 0 0
445.6 20 20 1.46497405366 10.8250937263 6.1863347356e-09 0.582471387478 0.417576470987 0.999999854731 0.390484 0 0
445.7 20 20 1.46497568815 10.8247675452 6.18637610659e-09 0.582456986524 0.41758948038 0.999999845123 0.467567 0 0
445.8 20 20 1.46497682594 10.824615356 6.1863084602e-09 0.582442612566 0.417602498812 0.999999824405 0.466419 0 0
445.9 20 20 1.46497696343 10.8239696329 6.18604593354e-09 0.582428262779 0.417615540822 0.999999812906 0.466381 0 0
446 20 20 1.46497775918 10.823764966 6.18550588504e-09 0.582413943579 0.417628593427 0.999999835112 0.38388 0 0
446.1 20 20 1.46497831389 10.8233882161 6.18460959593e-09 0.582399630967 0.417641672289 0.999999837644 0.472155 0 0
446.2 20 20 1.46497874441 10.8231159791 6.1832830216e-09 0.582385345806 0.417654763773 0.999999841555 0.468907 0 0
446.3 20 20 1.46497902802 10.8227544434 6.18145744685e-09 0.582371063403 0.417667870134 0.999999848822 0.46911 0 0
446.4 20 20 1.46497837866 10.8225905403 6.17907004078e-09 0.58235680788 0.417680991417 0.999999837765 0.467772 0 0
446.5 20 20 1.4649779442 10.8222352739 6.1760644487e-09 0.582342554479 0.417694123223 0.999999836347 0.46805 0 0
446.6 20 20 1.46497688301 10.8219289607 6.17239118603e-09 0.582328324037 0.417707278994 0.999999828933 0.383973 0 0
446.7 20 20 1.46497661543 10.8217566257 6.16800802236e-09 0.582314120561 0.417720454172 0.999999837269 0.384054 0 0
446.8 20 20 1.46497554632 10.8217547371 6.16288035256e-09 0.58229993573 0.4177336522 0.999999831715 0.47586 0 0
446.9 20 20 1.4649744304 10.8214783179 6.15698123054e-09 0.582285790259 0.417746865914 0.999999827476 0.470572 0 0
447 20 20 1.46497334734 10.8210617747 6.15029166812e-09 0.582271658127 0.417760091366 0.999999838458 0.385618 0 0
447.1 20 20 1.46497258405 10.8208965796 6.14280054934e-09 0.582257538976 0.417773335901 0.999999846643 0.475136 0 0
447.2 20 20 1.46497112261 10.8206382916 6.13450463601e-09 0.582243435197 0.417786594634 0.999999831186 0.475089 0 0
447.3 20 20 1.46496891977 10.8205455551 6.12540836437e-09 0.582229373221 0.417799869357 0.999999823013 0.391358 0 0
447.4 20 20 1.46496740664 10.8203922503 6.11552371884e-09 0.582215343924 0.417813148867 0.999999818551 0.391657 0 0
447.5 20 20 1.46496574334 10.8201596782 6.10486979623e-09 0.58220132836 0.417826428168 0.999999835413 0.473782 0 0
447.6 20 20 1.46496420608 10.8202128811 6.09347256489e-09 0.582187317478 0.417839732515 0.999999848151 0.382751 0 0
447.7 20 20 1.46496274331 10.819946848 6.08136433842e-09 0.582173338487 0.417853030333 0.999999841925 0.388799 0 0
447.8 20 20 1.46495991516 10.8203110146 6.06858327063e-09 0.582159367594 0.417866326714 0.999999814239 0.389569 0 0
447.9 20 20 1.46495742912 10.8196870454 6.05517284406e-09 0.582145437429 0.417879629199 0.999999827159 0.390531 0 0
448 20 20 1.46495553911 10.8195538294 6.04118119061e-09 0.582131531022 0.417892938124 0.999999850836 0.473704 0 0
448.1 20 20 1.46495326213 10.8198465107 6.02666047435e-09 0.582117630856 0.417906239708 0.999999832885 0.474362 0 0
448.2 20 20 1.46495089296 10.8197117743 6.01166612724e-09 0.5821037619 0.417919531606 0.999999807039 0.473724 0 0
448.3 20 20 1.4649489938 10.8195165976 5.99625625545e-09 0.582089931926 0.417932797006 0.999999838169 0.465847 0 0
448.4 20 20 1.46494679568 10.8193127581 5.98049074356e-09 0.58207611211 0.417946065094 0.999999843954 0.468656 0 0
448.5 20 20 1.46494421656 10.819548309 5.96443061995e-09 0.582062306335 0.417959351153 0.999999830457 0.478372 0 0
448.6 20 20 1.46494073788 10.8193949126 5.94813722718e-09 0.582048525277 0.417972631624 0.999999817633 0.47293 0 0
448.7 20 20 1.46493835538 10.8193967053 5.93167157403e-09 0.58203476983 0.417985889954 0.999999852045 0.474787 0 0
448.8 20 20 1.46493574449 10.8195976147 5.91509349521e-09 0.582021026691 0.417999158711 0.999999835838 0.476519 0 0
448.9 20 20 1.46493317475 10.8193626505 5.89846104199e-09 0.582007315336 0.418012408616 0.999999837455 0.4734 0 0
449 20 20 1.46493059529 10.8194261356 5.8818297548e-09 0.581993619894 0.418025652997 0.999999814375 0.385051 0 0
449.1 20 20 1.46492771031 10.8199041634 5.86525207116e-09 0.581979952081 0.418038882703 0.999999813543 0.388226 0 0
449.2 20 20 1.46492534992 10.8194288727 5.84877671962e-09 0.581966305885 0.418052093425 0.999999854411 0.392664 0 0
449.3 20 20 1.46492277269 10.8195121842 5.83244817758e-09 0.58195265822 0.418065309953 0.999999843328 0.474814 0 0
449.4 20 20 1.4649202634 10.8196827015 5.81630623512e-09 0.581939050664 0.418078505092 0.999999831369 0.475431 0 0
449.5 20 20 1.46491810238 10.8194874451 5.80038553683e-09 0.581925459005 0.418091672382 0.999999844082 0.473521 0 0
449.6 20 20 1.46491591668 10.8198087393 5.78471530212e-09 0.581911878608 0.418104833615 0.999999844641 0.470522 0 0
449.7 20 20 1.46491330777 10.8196266622 5.76931895555e-09 0.581898312961 0.418117979974 0.999999836435 0.475378 0 0
449.8 20 20 1.46491055534 10.81971205 5.75421406158e-09 0.58188477168 0.418131100363 0.999999815782 0.390924 0 0
449.9 20 20 1.46490851718 10.8198557067 5.73941205135e-09 0.581871253745 0.418144169925 0.999999831523 0.475897 0 0
450 20 20 1.46490687693 10.8197527808 5.72491831125e-09 0.581857752309 0.418157221381 0.999999856042 0.47768 0 0
450.1 20 20 1.46490476894 10.8200507013 5.71073210061e-09 0.58184425689 0.418170267087 0.99999982975 0.47625 0 0
450.2 20 20 1.46490291661 10.8200510567 5.69684672003e-09 0.581830797659 0.418183302969 0.999999830769 0.39278 0 0
450.3 20 20 1.46490108563 10.8200357062 5.68324964592e-09 0.581817339564 0.418196303102 0.999999841988 0.38308 0 0
450.4 20 20 1.46489954032 10.8201296046 5.66992281999e-09 0.581803897875 0.418209274446 0.999999828134 0.468496 0 0
450.5 20 20 1.46489828896 10.8201014899 5.65684285013e-09 0.581790481431 0.418222221316 0.999999831318 0.475694 0 0
450.6 20 20 1.46489688479 10.8204349824 5.64398152593e-09 0.581777078388 0.418235138206 0.999999826346 0.39645 0 0
450.7 20 20 1.46489612323 10.8201009052 5.63130611126e-09 0.581763689387 0.418248022793 0.999999852241 0.476154 0 0
450.8 20 20 1.46489533942 10.8201531115 5.61877989897e-09 0.581750305282 0.418260888802 0.999999847788 0.475937 0 0
450.9 20 20 1.4648945746 10.8202243813 5.60636267873e-09 0.581736937991 0.418273732277 0.999999849477 0.47313 0 0
451 20 20 1.46489395893 10.8202330074 5.59401135542e-09 0.581723573899 0.418286565236 0.999999843563 0.468665 0 0
451.1 20 20 1.46489357268 10.8202687244 5.58168046217e-09 0.581710233341 0.418299363862 0.999999850383 0.472168 0 0
451.2 20 20 1.46489335656 10.820287262 5.5693228392e-09 0.581696902499 0.418312148438 0.99999983342 0.472618 0 0
451.3 20 20 1.46489326902 10.8202113854 5.55689020828e-09 0.581683579242 0.418324890523 0.999999843593 0.475903 0 0
451.4 20 20 1.46489308243 10.8201810405 5.54433388738e-09 0.581670282544 0.418337622379 0.999999823792 0.39406 0 0
451.5 20 20 1.46489384897 10.820249302 5.53160534732e-09 0.581656999079 0.418350323847 0.99999984205 0.394452 0 0
451.6 20 20 1.46489495962 10.8202489804 5.51865689987e-09 0.58164371354 0.418363007701 0.999999855277 0.470058 0 0
451.7 20 20 1.46489530318 10.8200339886 5.50544232981e-09 0.581630434984 0.418375682627 0.99999981034 0.469575 0 0
451.8 20 20 1.46489599987 10.8202720563 5.49191744454e-09 0.581617173806 0.418388331197 0.999999828954 0.39139 0 0
451.9 20 20 1.46489737302 10.8199075869 5.47804074589e-09 0.581603934841 0.418400973006 0.999999849803 0.485502 0 0
452 20 20 1.46489912718 10.820101531 5.46377384354e-09 0.581590680688 0.418413587524 0.999999843071 0.388473 0 0
452.1 20 20 1.46490077189 10.8199811794 5.44908211307e-09 0.581577439906 0.418426194814 0.999999840889 0.473562 0 0
452.2 20 20 1.464901927 10.8197864425 5.43393502395e-09 0.581564209093 0.418438773289 0.999999848391 0.393198 0 0
452.3 20 20 1.46490385598 10.8196573983 5.41830662975e-09 0.581550981512 0.418451341442 0.999999821838 0.468651 0 0
452.4 20 20 1.46490697332 10.8196615659 5.40217588635e-09 0.581537767172 0.418463865013 0.999999839929 0.385147 0 0
452.5 20 20 1.46490882194 10.8194561988 5.38552699871e-09 0.581524566016 0.418476391688 0.999999833711 0.474773 0 0
452.6 20 20 1.46491170924 10.8192484145 5.36834957273e-09 0.581511345909 0.418488918268 0.999999815896 0.473817 0 0
452.7 20 20 1.46491547119 10.8195982696 5.35063887824e-09 0.58149814547 0.418501436309 0.999999825853 0.390549 0 0
452.8 20 20 1.46491869641 10.8187885102 5.33239591562e-09 0.58148495237 0.41851389741 0.999999819553 0.475912 0 0
452.9 20 20 1.4649221799 10.8188056047 5.31362744632e-09 0.581471756264 0.418526365464 0.999999809312 0.476564 0 0
453 20 20 1.46492604715 10.8186939007 5.29434598789e-09 0.581458577502 0.418538838462 0.999999824992 0.383278 0 0
453.1 20 21 1.464930085 10.8186900204 5.27456975698e-09 0.581445393843 0.418551318337 0.999999827735 0.470446 0 0
453.2 20 20 1.46493537935 10.8181693563 5.25432243859e-09 0.581432207409 0.418563757506 0.999999847422 0.474125 0 0
453.3 20 20 1.46494059494 10.8177403235 5.2336330614e-09 0.581419013769 0.418576212497 0.999999844931 0.47411 0 0
453.4 20 20 1.46494621991 10.817611879 5.21253568233e-09 0.581405823935 0.418588673609 0.999999841485 0.391526 0 0
453.5 20 20 1.46495123713 10.8173128208 5.19106902491e-09 0.581392629964 0.418601132148 0.999999832213 0.475273 0 0
453.6 20 20 1.4649567971 10.8170016666 5.16927620053e-09 0.581379440596 0.418613599331 0.999999819019 0.472874 0 0
453.7 20 20 1.46496322595 10.8168815512 5.14720417005e-09 0.581366248853 0.418626048862 0.999999840561 0.384293 0 0
453.8 20 20 1.46496985178 10.8166084074 5.12490336521e-09 0.581353054434 0.418638507874 0.999999843093 0.385923 0 0
453.9 20 20 1.46497608093 10.8164407343 5.1024271164e-09 0.581339836589 0.41865097511 0.999999827031 0.391737 0 0
454 20 20 1.46498323609 10.8161156926 5.08483638317e-09 0.581326641009 0.418663447044 0.999999847692 0.474093 0 0
454.1 20 20 1.46499023348 10.8158196077 5.07098318019e-09 0.581313426878 0.418675938605 0.999999832977 0.474806 0 0
454.2 20 20 1.4649975956 10.8158038433 5.05686619798e-09 0.581300209756 0.418688435679 0.999999832155 0.476705 0 0
454.3 20 20 1.46500506749 10.8153737029 5.04244475237e-09 0.581287000296 0.41870093764 0.999999829932 0.386116 0 0
454.4 20 20 1.46501246864 10.8149564181 5.02767706141e-09 0.581273781465 0.418713465755 0.999999822054 0.467339 0 0
454.5 20 20 1.46502058789 10.8149195223 5.01252386177e-09 0.581260552324 0.418725994074 0.999999826642 0.470452 0 0
454.6 20 20 1.46502872212 10.8144067278 4.99694625209e-09 0.581247320244 0.418738545726 0.999999820124 0.391174 0 0
454.7 20 20 1.46503692898 10.8141593951 4.98090654385e-09 0.581234078356 0.418751108814 0.999999835539 0.476725 0 0
454.8 20 20 1.46504525579 10.8141090161 4.96437072066e-09 0.581220831513 0.418763672731 0.999999835941 0.388496 0 0
454.9 20 20 1.4650537189 10.8136984911 4.94730600289e-09 0.581207587157 0.418776275608 0.99999984038 0.391938 0 0
455 20 20 1.46506315279 10.8133436008 4.92968448245e-09 0.581194341821 0.418788877278 0.999999853463 0.471976 0 0
455.1 20 20 1.46507241151 10.8132304013 4.91147923915e-09 0.581181082797 0.418801527563 0.999999840688 0.467315 0 0
455.2 20 20 1.46508146507 10.8133688533 4.89266993189e-09 0.581167826568 0.418814174135 0.999999828239 0.472907 0 0
455.3 20 20 1.46509174409 10.8126202327 4.87323809698e-09 0.581154566117 0.418826849281 0.999999839763 0.476867 0 0
455.4 20 20 1.4651014608 10.8123822301 4.85317058277e-09 0.581141288617 0.418839559112 0.999999830718 0.475644 0 0
455.5 20 20 1.46511121812 10.8122525336 4.83245931335e-09 0.581128009624 0.41885228875 0.999999830931 0.390459 0 0
455.6 20 20 1.46512108063 10.8120678233 4.81109893053e-09 0.581114725095 0.418865053162 0.999999831195 0.474158 0 0
455.7 20 20 1.4651315063 10.8119470627 4.78909127574e-09 0.581101434569 0.418877858538 0.99999984492 0.38493 0 0
455.8 20 20 1.46514214054 10.8116307578 4.76644104605e-09 0.581088129537 0.41889068705 0.999999840793 0.468698 0 0
455.9 20 20 1.46515259758 10.8113486105 4.74315911292e-09 0.581074819177 0.418903545119 0.999999843489 0.476572 0 0
456 20 20 1.46516249579 10.8112809908 4.71925937762e-09 0.581061501337 0.418916449685 0.999999840868 0.474736 0 0
456.1 20 20 1.46517279706 10.8111237229 4.69476260697e-09 0.581048199192 0.418929375234 0.999999833893 0.47484 0 0
456.2 20 20 1.46518270356 10.8108605961 4.66969204715e-09 0.581034869724 0.418942348828 0.999999820274 0.476414 0 0
456.3 20 20 1.46519309316 10.8108106687 4.6469496701e-09 0.581021546807 0.418955314129 0.999999833626 0.471026 0 0
456.4 20 20 1.46520333884 10.8106979861 4.63516677702e-09 0.581008222047 0.418968327896 0.999999812379 0.384373 0 0
456.5 20 20 1.46521406926 10.8104840742 4.624002799e-09 0.580994898191 0.418981367337 0.999999827792 0.389879 0 0
456.6 20 20 1.46522454763 10.8103929921 4.61343220814e-09 0.580981552252 0.418994425622 0.99999982606 0.479872 0 0
456.7 20 20 1.46523473818 10.8101234682 4.60342614508e-09 0.580968231762 0.419007500112 0.999999808239 0.473619 0 0
456.8 20 20 1.46524510694 10.8101501069 4.59395301527e-09 0.580954910412 0.419020589624 0.999999834656 0.392225 0 0
456.9 20 20 1.46525598066 10.8099914798 4.58497889424e-09 0.580941577582 0.419033731075 0.99999984531 0.477241 0 0
457 20 20 1.46526636204 10.8100780877 4.57646807827e-09 0.580928236627 0.419046911212 0.999999812954 0.470072 0 0
457.1 20 20 1.46527651518 10.8100154993 4.56838367387e-09 0.580914917199 0.419060087883 0.999999833154 0.468767 0 0
457.2 20 20 1.46528727416 10.8100715999 4.56068806387e-09 0.580901602174 0.419073295044 0.999999826584 0.474366 0 0
457.3 20 20 1.46529809831 10.809990738 4.55334358729e-09 0.580888265195 0.419086526154 0.999999847993 0.475264 0 0
457.4 20 20 1.46530800311 10.8100839878 4.54631300308e-09 0.580874931956 0.419099792995 0.999999820237 0.47751 0 0
457.5 20 20 1.46531831582 10.8097704412 4.53956013162e-09 0.580861621643 0.419113052871 0.999999836213 0.391796 0 0
457.6 20 20 1.46532860537 10.8098011501 4.53305038065e-09 0.580848303033 0.419126370037 0.999999836217 0.389441 0 0
457.7 20 20 1.46533899318 10.8099578631 4.52675126521e-09 0.580834982461 0.419139677605 0.999999841171 0.383109 0 0
457.8 20 20 1.46534966847 10.8099135468 4.52063296313e-09 0.580821681243 0.419152989356 0.999999854425 0.4672 0 0
457.9 20 20 1.46535943139 10.8100138344 4.51466874125e-09 0.580808372864 0.419166331846 0.999999834293 0.474333 0 0
458 20 20 1.46536871071 10.8104196484 4.50883545777e-09 0.580795071149 0.419179664831 0.999999826412 0.475249 0 0
458.1 20 20 1.46537854571 10.8099774862 4.50311390773e-09 0.580781780981 0.41919299868 0.999999815745 0.473073 0 0
458.2 20 20 1.46538825915 10.8101158107 4.49851242179e-09 0.580768507282 0.419206339776 0.999999822766 0.390976 0 0
458.3 20 20 1.46539728114 10.8101786535 4.51344242017e-09 0.580755232638 0.419219691355 0.99999981114 0.389106 0 0
458.4 20 20 1.46540686746 10.8103408883 4.52895925749e-09 0.580741977718 0.419233038716 0.999999828634 0.385923 0 0
458.5 20 20 1.46541660577 10.8101991307 4.54504938971e-09 0.580728728854 0.419246392833 0.999999829966 0.468997 0 0
458.6 20 20 1.46542624591 10.8105662467 4.56169497087e-09 0.580715490813 0.419259734306 0.999999810641 0.391135 0 0
458.7 20 20 1.46543564522 10.8103727496 4.57887305076e-09 0.580702273492 0.419273101418 0.999999836067 0.389235 0 0
458.8 20 20 1.46544471205 10.8107174743 4.59655542136e-09 0.580689061721 0.419286468353 0.999999808345 0.481306 0 0
458.9 20 20 1.46545372678 10.8105187271 4.61470875461e-09 0.580675856039 0.419299840763 0.999999831248 0.475015 0 0
459 20 20 1.46546286844 10.8110307048 4.63329487754e-09 0.580662659617 0.419313195392 0.999999819198 0.39102 0 0
459.1 20 20 1.46547234235 10.8112131652 4.65227087476e-09 0.580649485703 0.419326539409 0.999999836254 0.46764 0 0
459.2 20 20 1.46548189038 10.811861091 4.6715893179e-09 0.580636322456 0.419339855046 0.99999984364 0.46937 0 0
459.3 20 20 1.4654907109 10.8110283953 4.69119860218e-09 0.58062317772 0.419353155286 0.999999824163 0.392591 0 0
459.4 20 20 1.46549986886 10.8110800862 4.71104332884e-09 0.580610040273 0.419366439326 0.999999828449 0.391469 0 0
459.5 20 20 1.4655087095 10.8112513506 4.73106474449e-09 0.580596916144 0.419379717477 0.999999838301 0.389153 0 0
459.6 20 20 1.46551712286 10.8115307167 4.75120122174e-09 0.580583816501 0.41939297242 0.999999832562 0.390916 0 0
459.7 20 20 1.46552576905 10.8115667172 4.77138878328e-09 0.58057072555 0.419406191491 0.999999850903 0.481402 0 0
459.8 20 20 1.46553478261 10.8116074463 4.79156165495e-09 0.580557635801 0.41941939909 0.999999837022 0.467421 0 0
459.9 20 20 1.46554318581 10.8117986966 4.81165282509e-09 0.580544566697 0.419432575608 0.999999822277 0.469351 0 0
460 20 20 1.46555171172 10.8119323976 4.83159465268e-09 0.580531509446 0.419445723444 0.999999836294 0.389766 0 0
460.1 20 20 1.46556007468 10.8123475712 4.85131947544e-09 0.580518463798 0.419458837527 0.999999795828 0.474294 0 0
460.2 20 20 1.4655685025 10.8121174451 4.87076021788e-09 0.5805054411 0.419471926558 0.999999845111 0.392103 0 0
460.3 20 20 1.46557709746 10.8121912756 4.88985097336e-09 0.580492423272 0.419484984013 0.99999983003 0.475331 0 0
460.4 20 20 1.46558590079 10.8123666276 4.90852760779e-09 0.580479426172 0.41949801065 0.999999844184 0.391683 0 0
460.5 20 20 1.4655945155 10.8125559589 4.92672836072e-09 0.580466447338 0.419510991984 0.999999835343 0.467839 0 0
460.6 20 20 1.46560311357 10.8126772321 4.94439433054e-09 0.580453464976 0.419523941305 0.999999843235 0.472102 0 0
460.7 20 20 1.46561178351 10.8128571224 4.96146997899e-09 0.580440504317 0.419536855005 0.999999831101 0.476652 0 0
460.8 20 20 1.46562040894 10.8127761505 4.97790360816e-09 0.58042755905 0.419549725888 0.999999843898 0.474948 0 0
460.9 20 20 1.46562951348 10.8130266964 4.99364781059e-09 0.58041462968 0.419562581297 0.999999845926 0.475201 0 0
461 20 20 1.46563836789 10.8133305728 5.00865986934e-09 0.580401714506 0.41957540001 0.999999834065 0.473692 0 0
461.1 20 20 1.46564652079 10.8132905465 5.02290209599e-09 0.580388807467 0.419588196146 0.999999797185 0.469213 0 0
461.2 20 20 1.46565488872 10.8134538572 5.0363421162e-09 0.580375927263 0.419600934844 0.999999811106 0.385306 0 0
461.3 20 20 1.46566310628 10.8131926683 5.04895309037e-09 0.580363070473 0.419613642774 0.999999817097 0.390511 0 0
461.4 20 20 1.46567116385 10.8132392706 5.06071386781e-09 0.580350208431 0.419626348525 0.999999830284 0.390186 0 0
461.5 20 20 1.46568015542 10.8132083843 5.07160908185e-09 0.580337361527 0.419638984115 0.999999829598 0.474233 0 0
461.6 20 20 1.4656893803 10.8132795771 5.08162915527e-09 0.580324517234 0.419651619845 0.99999984087 0.389466 0 0
461.7 20 20 1.46569899111 10.8137368124 5.09077022474e-09 0.580311693505 0.419664214426 0.999999802125 0.391522 0 0
461.8 20 20 1.46570796082 10.8132705706 5.09903402543e-09 0.58029887387 0.419676792067 0.999999829842 0.473097 0 0
461.9 20 21 1.46571726333 10.8135358782 5.10642773531e-09 0.580286067148 0.419689313284 0.999999822472 0.468011 0 0
462 20 20 1.46572689279 10.8133087034 5.11296377202e-09 0.58027327739 0.419701813449 0.999999812646 0.389631 0 0
462.1 20 20 1.46573624939 10.8131259601 5.11865948418e-09 0.58026049799 0.41971429788 0.999999825746 0.389422 0 0
462.2 20 20 1.46574553936 10.8130566291 5.12353681275e-09 0.580247729059 0.419726773619 0.99999981648 0.473261 0 0
462.3 20 20 1.46575521625 10.8128625627 5.1276220909e-09 0.580234971038 0.419739230498 0.999999817981 0.392965 0 0
462.4 20 20 1.46576504384 10.8129045649 5.13094562307e-09 0.58022222064 0.419751671335 0.999999842053 0.391271 0 0
462.5 20 20 1.465775476 10.8129684878 5.13354098045e-09 0.580209481992 0.41976409196 0.99999984567 0.474893 0 0
462.6 20 20 1.46578593668 10.8128753013 5.13544443287e-09 0.580196744493 0.419776496428 0.99999983726 0.469963 0 0
462.7 20 20 1.46579626532 10.8131382875 5.13669443465e-09 0.580184020679 0.419788885479 0.99999983767 0.393946 0 0
462.8 20 20 1.46580633074 10.812637964 5.13733108801e-09 0.580171302965 0.419801252935 0.999999810045 0.393525 0 0
462.9 20 20 1.46581736345 10.8124903049 5.13739563148e-09 0.58015861501 0.419813602077 0.999999839609 0.389689 0 0
463 20 20 1.46582834899 10.8128110383 5.13692988848e-09 0.580145925644 0.419825955577 0.999999818471 0.478583 0 0
463.1 20 20 1.46583890681 10.812509772 5.1359757372e-09 0.580133248631 0.419838291769 0.999999810487 0.400197 0 0
463.2 20 20 1.46585016067 10.8122922417 5.13457457594e-09 0.580120581648 0.419850609091 0.999999836093 0.388374 0 0
463.3 20 20 1.46586114613 10.8122761475 5.13276681493e-09 0.580107914139 0.419862936388 0.999999826727 0.467908 0 0
463.4 20 20 1.46587294751 10.8119541711 5.13059141941e-09 0.580095261287 0.419875241867 0.999999859419 0.472564 0 0
463.5 20 20 1.46588479227 10.812088323 5.12808548838e-09 0.580082615005 0.419887553981 0.99999981994 0.474372 0 0
463.6 20 20 1.46589578747 10.8118624538 5.1252838458e-09 0.580069973208 0.419899829565 0.999999817936 0.474381 0 0
463.7 20 20 1.46590800733 10.811754023 5.12221871661e-09 0.580057370616 0.419912113532 0.999999845092 0.476617 0 0
463.8 20 20 1.46592037231 10.8116709992 5.11891946058e-09 0.580044753961 0.419924409952 0.999999850064 0.473062 0 0
463.9 20 20 1.46593201029 10.8114161259 5.11541233967e-09 0.580032144375 0.419936687917 0.999999842975 0.469043 0 0
464 20 20 1.4659446763 10.8114476422 5.11172033014e-09 0.580019545964 0.419948978379 0.99999984587 0.38554 0 0
464.1 20 20 1.46595687594 10.8114526017 5.10786299268e-09 0.580006970442 0.419961238992 0.999999808775 0.475184 0 0
464.2 20 20 1.46596956885 10.8111321234 5.10385642801e-09 0.5799944035 0.419973502399 0.999999835249 0.391625 0 0
464.3 20 20 1.46598225523 10.811112161 5.09971329686e-09 0.579981830256 0.419985786149 0.999999837865 0.475574 0 0
464.4 20 20 1.46599533432 10.8108427246 5.09544288888e-09 0.579969270933 0.419998053076 0.999999832471 0.473229 0 0
464.5 20 20 1.46600853161 10.8107885763 5.09105125316e-09 0.57995673017 0.420010312394 0.999999835473 0.389687 0 0
464.6 20 20 1.4660220033 10.8111982907 5.08654134214e-09 0.57994420125 0.420022564189 0.999999835994 0.467821 0 0
464.7 20 20 1.46603525348 10.8106351283 5.09549481233e-09 0.579931670797 0.420034811336 0.999999822708 0.472403 0 0
464.8 20 20 1.46604850647 10.8107046685 5.10540522071e-09 0.579919160806 0.420047044684 0.999999817003 0.391612 0 0
464.9 20 20 1.46606172117 10.8106516351 5.11431853776e-09 0.579906650317 0.420059278938 0.999999817096 0.475945 0 0
465 20 20 1.46607572107 10.8104017262 5.12224310843e-09 0.579894152739 0.420071519256 0.999999829559 0.393393 0 0
465.1 20 20 1.46608957173 10.8104063319 5.12919310246e-09 0.579881652141 0.420083757395 0.999999826326 0.476424 0 0
465.2 20 21 1.46610362937 10.8108895756 5.13518806938e-09 0.579869168239 0.420095991577 0.999999829805 0.470842 0 0
465.3 20 20 1.46611770373 10.8102023413 5.14025243917e-09 0.579856696562 0.420108204089 0.999999853441 0.46807 0 0
465.4 20 20 1.46613136414 10.8103762158 5.14441497544e-09 0.579844226857 0.420120430198 0.999999817634 0.472627 0 0
465.5 20 20 1.46614510962 10.8102540735 5.1477082052e-09 0.579831772112 0.420132634116 0.999999829172 0.475464 0 0
465.6 20 20 1.46615911809 10.8101926065 5.15016781052e-09 0.579819330368 0.420144852271 0.999999845804 0.390835 0 0
465.7 20 20 1.46617271262 10.8100886713 5.15183200095e-09 0.579806891459 0.420157060545 0.999999819891 0.47573 0 0
465.8 20 20 1.46618657418 10.8101250023 5.1527408979e-09 0.579794459948 0.420169251183 0.999999849711 0.474416 0 0
465.9 20 20 1.46620028179 10.8102103619 5.15293590762e-09 0.579782037515 0.42018144957 0.99999983083 0.467288 0 0
466 20 20 1.46621388798 10.8101601705 5.15245907931e-09 0.579769632046 0.420193632486 0.999999803198 0.385476 0 0
466.1 20 20 1.4662281319 10.8104030424 5.15135253929e-09 0.579757233354 0.420205811652 0.999999841368 0.390332 0 0
466.2 20 20 1.46624113669 10.8101147646 5.14965790574e-09 0.57974483935 0.420217967025 0.999999815281 0.474773 0 0
466.3 20 20 1.46625445034 10.8101225092 5.14741572904e-09 0.579732454921 0.420230108266 0.999999820379 0.392248 0 0
466.4 20 20 1.46626785349 10.8099784775 5.14466504965e-09 0.579720071889 0.420242261464 0.9999998353 0.475658 0 0
466.5 20 20 1.46628110481 10.8100572008 5.14144285741e-09 0.57970769406 0.420254364563 0.999999849726 0.481718 0 0
466.6 20 20 1.4662944639 10.8100999973 5.13778379662e-09 0.579695324357 0.420266466215 0.999999846285 0.472109 0 0
466.7 20 20 1.46630762647 10.8100596515 5.13371971223e-09 0.579682960061 0.420278551239 0.999999859867 0.47088 0 0
466.8 20 20 1.46632025301 10.8103346093 5.12927947501e-09 0.579670588278 0.420290638841 0.999999825013 0.474619 0 0
466.9 20 20 1.46633263409 10.8104360239 5.12448868839e-09 0.579658230083 0.420302690974 0.999999819372 0.474268 0 0
467 20 20 1.46634448886 10.8102298508 5.11936958869e-09 0.579645876079 0.420314735852 0.999999830904 0.476433 0 0
467.1 20 20 1.4663559678 10.8102669701 5.11394093652e-09 0.579633530949 0.420326765381 0.999999820468 0.476901 0 0
467.2 20 20 1.46636730921 10.8101094772 5.1082179977e-09 0.579621187407 0.420338796384 0.999999837107 0.384324 0 0
467.3 20 20 1.46637842644 10.8101154385 5.10221262787e-09 0.579608854537 0.420350800702 0.999999826486 0.385818 0 0
467.4 20 21 1.46638942002 10.8107215681 5.09593333075e-09 0.579596520169 0.420362805597 0.999999823456 0.386332 0 0
467.5 20 20 1.46640008156 10.8102682523 5.08938549964e-09 0.579584196682 0.420374808388 0.999999828302 0.476536 0 0
467.6 20 20 1.46641006532 10.8103766879 5.08257156318e-09 0.579571869588 0.420386778373 0.999999836641 0.477805 0 0
467.7 20 20 1.46642045198 10.8103908316 5.07549132788e-09 0.579559538442 0.420398736042 0.999999841417 0.392534 0 0
467.8 20 20 1.46643010031 10.8106417681 5.06814226693e-09 0.579547200913 0.420410685076 0.999999823597 0.392341 0 0
467.9 20 20 1.46643856733 10.8104163873 5.06051988476e-09 0.579534882459 0.420422623254 0.999999814781 0.47368 0 0
468 20 20 1.46644757675 10.8103667709 5.0526181567e-09 0.579522561805 0.420434544024 0.999999826271 0.386583 0 0
468.1 20 20 1.46645626881 10.8105145543 5.04442987452e-09 0.579510227956 0.42044645652 0.999999850948 0.385916 0 0
468.2 20 20 1.46646452649 10.8106193929 5.03594719019e-09 0.579497902159 0.420458337854 0.999999837565 0.476088 0 0
468.3 20 20 1.466472164 10.8104277011 5.02716199122e-09 0.579485572976 0.42047019001 0.999999823359 0.473368 0 0
468.4 20 20 1.46647909871 10.8105648888 5.0180664318e-09 0.579473248636 0.420482034524 0.999999824574 0.392983 0 0
468.5 20 20 1.46648617224 10.8106451095 5.00865330697e-09 0.579460935499 0.420493874684 0.999999843052 0.392673 0 0
468.6 20 20 1.46649291014 10.8105644266 4.99891662253e-09 0.57944861092 0.420505705915 0.999999836089 0.474039 0 0
468.7 20 20 1.46649780457 10.8106175055 4.98885188037e-09 0.57943627471 0.420517514699 0.999999830462 0.469714 0 0
468.8 20 20 1.46650349137 10.8108217621 4.97845662552e-09 0.579423951581 0.420529298223 0.99999985458 0.387404 0 0
468.9 20 20 1.46650865145 10.810796257 4.96773069817e-09 0.579411620428 0.420541080494 0.999999836027 0.478695 0 0
469 20 20 1.46651319189 10.8107738562 4.95667670137e-09 0.579399309555 0.420552834213 0.999999850018 0.475501 0 0
469.1 20 20 1.46651767961 10.8115827534 4.94530015774e-09 0.579386983857 0.420564576131 0.999999844831 0.475354 0 0
469.2 20 20 1.46652110939 10.8107908483 4.93360990034e-09 0.579374656163 0.420576293011 0.999999841274 0.475118 0 0
469.3 20 20 1.46652437388 10.8108858872 4.9216181717e-09 0.57936232863 0.420587996213 0.999999837783 0.468886 0 0
469.4 20 20 1.46652738126 10.8108503745 4.90934082093e-09 0.579349997397 0.42059969786 0.999999837411 0.469811 0 0
469.5 20 20 1.46653017413 10.8109393236 4.89679738235e-09 0.579337671149 0.420611387741 0.999999841931 0.393127 0 0
469.6 20 20 1.46653198776 10.8108319542 4.88401115016e-09 0.579325335914 0.420623057215 0.999999831996 0.474156 0 0
469.7 20 20 1.46653327937 10.810762353 4.87100908379e-09 0.579313012092 0.420634702786 0.999999818806 0.391416 0 0
469.8 20 20 1.46653428442 10.810947577 4.85782179103e-09 0.579300697538 0.420646342911 0.999999827516 0.390424 0 0
469.9 20 20 1.46653498256 10.810804275 4.84448336892e-09 0.579288358364 0.420657984577 0.999999857258 0.474555 0 0
470 20 20 1.46653541924 10.8112576156 4.83103117541e-09 0.579276016337 0.420669637428 0.999999849827 0.467236 0 0
470.1 20 20 1.46653535635 10.8110515505 4.82084709444e-09 0.579263671211 0.420681270562 0.999999832888 0.468609 0 0
470.2 20 21 1.46653477892 10.8116272646 4.82676128921e-09 0.57925133156 0.420692867195 0.999999827902 0.473969 0 0
470.3 20 20 1.46653323224 10.8109543858 4.83319224288e-09 0.579239001328 0.420704455712 0.999999806389 0.47655 0 0
470.4 20 21 1.46653135875 10.810823313 4.84010032123e-09 0.579226669286 0.420716027095 0.999999810221 0.475958 0 0
470.5 20 20 1.46652951068 10.8105991524 4.84744370485e-09 0.579214325155 0.420727600252 0.999999837757 0.475697 0 0
470.6 20 20 1.46652662541 10.8103285332 4.85517886878e-09 0.579201969548 0.420739165586 0.999999812811 0.473229 0 0
470.7 20 20 1.46652369178 10.810127538 4.86326108058e-09 0.579189610303 0.420750690615 0.999999820889 0.39108 0 0
470.8 20 20 1.46652062867 10.8099906296 4.87164493549e-09 0.579177251551 0.420762234778 0.999999833857 0.391307 0 0
470.9 20 20 1.46651704602 10.809910469 4.88028489967e-09 0.579164883576 0.420773795732 0.999999820288 0.47462 0 0
471 20 20 1.46651324312 10.8098440518 4.88913585907e-09 0.579152520327 0.420785351866 0.999999828038 0.476339 0 0
471.1 20 20 1.46650819195 10.8094481784 4.89815364064e-09 0.57914014914 0.420796893498 0.999999831989 0.479725 0 0
471.2 20 20 1.46650316819 10.8092677831 4.90729554607e-09 0.579127783028 0.420808438829 0.999999838995 0.474109 0 0
471.3 20 20 1.4664982854 10.8091223976 4.91652085809e-09 0.579115409015 0.420820001306 0.999999841868 0.469949 0 0
471.4 20 20 1.46649203794 10.8092509275 4.92579129762e-09 0.579103026251 0.420831569489 0.999999815141 0.385188 0 0
471.5 20 20 1.46648589557 10.8101156423 4.9350713944e-09 0.579090665367 0.420843126223 0.999999810144 0.479714 0 0
471.6 20 20 1.46647956298 10.8088226824 4.94432892886e-09 0.579078290305 0.420854691821 0.999999827782 0.391794 0 0
471.7 20 20 1.46647250248 10.8086597874 4.95353530799e-09 0.579065910683 0.42086626813 0.99999983711 0.477834 0 0
471.8 20 20 1.46646585506 10.8087673588 4.9626658657e-09 0.579053518519 0.420877854214 0.999999833097 0.47472 0 0
471.9 20 20 1.46645890957 10.8085325656 4.971700106e-09 0.579041144468 0.420889449785 0.999999840603 0.473796 0 0
472 20 20 1.46645112044 10.8084485595 4.98062185406e-09 0.579028765032 0.420901059498 0.99999983251 0.467172 0 0
472.1 20 20 1.46644345019 10.8082446528 4.98941946311e-09 0.579016385908 0.420912668955 0.999999827074 0.472134 0 0
472.2 20 20 1.46643545508 10.8083892301 4.99808589871e-09 0.579003988687 0.420924283277 0.999999823867 0.475002 0 0
472.3 20 20 1.46642670655 10.8079152723 5.006618768e-09 0.578991599031 0.420935911658 0.999999814065 0.390954 0 0
472.4 20 20 1.46641842465 10.8080486309 5.01502029526e-09 0.578979211096 0.420947542174 0.99999986266 0.392701 0 0
472.5 20 20 1.46640996491 10.8079112808 5.02329724927e-09 0.578966812701 0.420959182871 0.999999846453 0.474745 0 0
472.6 20 20 1.46640071913 10.8077981548 5.03146079864e-09 0.578954406872 0.42097082847 0.999999831519 0.469021 0 0
472.7 20 20 1.46639089115 10.8078839002 5.03952628259e-09 0.578942012206 0.420982495708 0.999999819894 0.386848 0 0
472.8 20 20 1.46638184733 10.8076426638 5.04751298798e-09 0.578929634248 0.420994161195 0.999999835913 0.475858 0 0
472.9 20 20 1.4663722985 10.8075908186 5.05544384404e-09 0.578917217389 0.421005830388 0.999999857715 0.475279 0 0
473 20 20 1.46636260086 10.8076650082 5.06334506411e-09 0.57890480593 0.421017501266 0.999999831776 0.474282 0 0
473.1 20 20 1.46635190276 10.8079383937 5.07124572667e-09 0.578892405691 0.421029202219 0.999999803241 0.47785 0 0
473.2 20 20 1.46634173977 10.807351858 5.07917733222e-09 0.578880005386 0.421040894464 0.999999828386 0.394632 0 0
473.3 20 20 1.46633182841 10.8073072083 5.08717332515e-09 0.578867600366 0.421052608832 0.999999856941 0.469552 0 0
473.4 20 20 1.46632120021 10.8073794411 5.09526855181e-09 0.57885519178 0.421064338346 0.999999836376 0.471636 0 0
473.5 20 20 1.46631055777 10.8074998819 5.10349871019e-09 0.578842802284 0.421076085552 0.999999835145 0.390316 0 0
473.6 20 20 1.46629915678 10.8073736036 5.11189976154e-09 0.578830400507 0.421087838828 0.999999823493 0.473988 0 0
473.7 20 20 1.46628848749 10.8071929575 5.12050733624e-09 0.578817987916 0.421099608995 0.999999844442 0.389649 0 0
473.8 20 20 1.46627738692 10.8073334073 5.12935610257e-09 0.578805574262 0.42111138282 0.999999827717 0.392098 0 0
473.9 20 20 1.46626592348 10.8072876647 5.1384788794e-09 0.578793180137 0.42112315283 0.999999828241 0.473251 0 0
474 20 20 1.46625426684 10.8072348599 5.14790753107e-09 0.578780785178 0.421134935821 0.999999849671 0.470428 0 0
474.1 20 20 1.46624265042 10.8071662547 5.15767132391e-09 0.578768382948 0.421146726267 0.999999825034 0.468856 0 0
474.2 20 21 1.46623141351 10.8077561785 5.16779617534e-09 0.578756003333 0.421158526439 0.999999829535 0.389705 0 0
474.3 20 20 1.46621899527 10.807275021 5.17830407983e-09 0.578743604721 0.421170325993 0.99999982219 0.475166 0 0
474.4 20 20 1.46620734106 10.8073056418 5.18921258465e-09 0.578731216073 0.421182132638 0.999999831956 0.392329 0 0
474.5 20 20 1.46619560106 10.8071966212 5.20053431035e-09 0.578718830852 0.421193924985 0.999999848636 0.390214 0 0
474.6 20 20 1.46618398599 10.8073083775 5.21227650562e-09 0.578706444958 0.421205737042 0.99999984615 0.47169 0 0
474.7 20 20 1.46617209675 10.8073649328 5.2244407376e-09 0.578694060422 0.421217557215 0.999999852829 0.467447 0 0
474.8 20 20 1.46616014125 10.8073094405 5.23702249359e-09 0.578681677655 0.421229376415 0.999999834013 0.472217 0 0
474.9 20 20 1.46614782689 10.8073813823 5.25001087028e-09 0.578669302533 0.421241202591 0.999999848739 0.389708 0 0
475 20 20 1.46613567778 10.807786474 5.26338837279e-09 0.578656939261 0.421253036837 0.999999823351 0.391975 0 0
475.1 20 20 1.46612394884 10.8078342894 5.27713077136e-09 0.578644582651 0.421264876395 0.999999851641 0.476068 0 0
475.2 20 20 1.46611182689 10.8075649977 5.29120700237e-09 0.578632217125 0.421276727127 0.999999826283 0.473363 0 0
475.3 20 20 1.46609969733 10.8076496019 5.30557916397e-09 0.578619864027 0.421288565098 0.999999841105 0.384761 0 0
475.4 20 20 1.46608656768 10.8078550472 5.32020262239e-09 0.578607517161 0.421300416052 0.999999829576 0.470686 0 0
475.5 20 20 1.46607443322 10.808102701 5.33502616559e-09 0.578595178249 0.421312244748 0.999999833982 0.474959 0 0
475.6 20 20 1.46606259468 10.808564347 5.34999223954e-09 0.578582839217 0.421324104592 0.999999836309 0.474743 0 0
475.7 20 20 1.46605033595 10.8082663669 5.36503723915e-09 0.578570517012 0.421335969387 0.999999842454 0.476128 0 0
475.8 20 20 1.46603840151 10.8082413907 5.38009191321e-09 0.578558173347 0.421347822401 0.999999821304 0.474538 0 0
475.9 20 20 1.46602693805 10.8083088451 5.39508182612e-09 0.578545871397 0.4213596376 0.999999854236 0.4732 0 0
476 20 20 1.46601549316 10.8083256294 5.4099279381e-09 0.578533536588 0.421371473416 0.999999837677 0.467176 0 0
476.1 20 20 1.46600425653 10.8084327768 5.42454716054e-09 0.578521218868 0.421383293845 0.999999853475 0.384713 0 0
476.2 20 20 1.46599222603 10.8092952146 5.438853076e-09 0.578508897397 0.421395118784 0.999999818926 0.472738 0 0
476.3 20 20 1.46598102751 10.8089772706 5.45275666281e-09 0.578496596758 0.42140693251 0.999999846155 0.474516 0 0
476.4 20 20 1.46596967101 10.8089944518 5.46616706018e-09 0.578484301059 0.421418739712 0.999999844514 0.473643 0 0
476.5 20 20 1.46595822457 10.809252823 5.47899234576e-09 0.578471999954 0.421430558017 0.999999825819 0.476143 0 0
476.6 20 20 1.46594668854 10.8090988448 5.49114036565e-09 0.57845969802 0.421442374656 0.999999823487 0.470579 0 0
476.7 20 20 1.46593554805 10.8090089979 5.50251960539e-09 0.578447409932 0.421454160437 0.999999847673 0.468325 0 0
476.8 20 20 1.46592396318 10.8092166824 5.51304004152e-09 0.578435136706 0.421465949893 0.999999816169 0.473905 0 0
476.9 20 20 1.46591351393 10.8093650929 5.52261399693e-09 0.578422893257 0.421477703413 0.999999846133 0.391344 0 0
477 20 20 1.46590253685 10.8094649466 5.53115696252e-09 0.578410638934 0.421489447072 0.999999828978 0.4733 0 0
477.1 20 20 1.46589167438 10.8092933459 5.53858841e-09 0.578398403827 0.42150117637 0.999999830669 0.392551 0 0
477.2 20 20 1.46588051833 10.8096118682 5.54483255673e-09 0.578386165634 0.421512890853 0.99999980892 0.472332 0 0
477.3 20 20 1.46586981444 10.8099856642 5.54981917841e-09 0.57837393924 0.42152459139 0.999999821802 0.38622 0 0
477.4 20 20 1.46585979066 10.8100353644 5.55348577405e-09 0.578361729858 0.421536279071 0.99999981834 0.468312 0 0
477.5 20 20 1.46584980084 10.8095572225 5.55577692878e-09 0.578349515686 0.421547952087 0.999999840514 0.47549 0 0
477.6 20 20 1.46584036498 10.8097113899 5.5566445077e-09 0.578337304705 0.421559600618 0.999999844004 0.473868 0 0
477.7 20 20 1.46583069261 10.8095866555 5.55604818503e-09 0.578325089949 0.421571257472 0.999999843304 0.476548 0 0
477.8 20 20 1.46582103215 10.8098517604 5.55395584271e-09 0.578312887786 0.42158288959 0.999999829073 0.389296 0 0
477.9 20 20 1.4658113429 10.809865539 5.55034389431e-09 0.578300688166 0.421594514945 0.999999811746 0.388937 0 0
478 20 20 1.46580296545 10.8096942641 5.54519749523e-09 0.578288516011 0.421606122058 0.999999857019 0.468707 0 0
478.1 20 20 1.46579454287 10.8098250321 5.53851066008e-09 0.578276328626 0.421617718949 0.999999837285 0.470093 0 0
478.2 20 20 1.46578583306 10.8097735479 5.53028628791e-09 0.578264145731 0.421629291461 0.999999839273 0.475107 0 0
478.3 20 20 1.46577694196 10.809738121 5.52053612988e-09 0.578251988881 0.421640841964 0.999999822897 0.477212 0 0
478.4 20 20 1.46576904482 10.8097795935 5.50928063933e-09 0.578239830543 0.421652364394 0.999999834272 0.477618 0 0
478.5 20 20 1.46576070997 10.8097787524 5.49654871043e-09 0.578227674889 0.421663887566 0.999999816168 0.474293 0 0
478.6 20 20 1.46575295248 10.8096115693 5.48237734605e-09 0.578215533756 0.421675390716 0.999999846709 0.470312 0 0
478.7 20 20 1.46574565155 10.8095364213 5.4668112263e-09 0.578203399768 0.421686903505 0.999999837122 0.469492 0 0
478.8 20 20 1.46573907636 10.8094917567 5.44990218721e-09 0.578191265617 0.421698403082 0.999999849663 0.474858 0 0
478.9 20 20 1.46573162243 10.8095214664 5.43170864285e-09 0.578179136076 0.421709884256 0.999999826943 0.474691 0 0
479 20 20 1.46572451879 10.8100845548 5.42826134721e-09 0.578166998954 0.421721367953 0.999999820884 0.473577 0 0
479.1 20 20 1.46571735754 10.8092182646 5.46409763741e-09 0.578154890204 0.421732825685 0.999999840507 0.476764 0 0
479.2 20 20 1.465710323 10.8093164441 5.49991338022e-09 0.578142785029 0.421744289049 0.999999829914 0.471073 0 0
479.3 20 20 1.46570353286 10.8090999684 5.53556957538e-09 0.578130683586 0.421755737484 0.999999829367 0.467192 0 0
479.4 20 20 1.46569717178 10.8089046148 5.57092519803e-09 0.578118571281 0.42176718478 0.999999838677 0.385703 0 0
479.5 20 20 1.46569168367 10.8087951821 5.60583842787e-09 0.578106461233 0.421778642814 0.99999982898 0.474254 0 0
479.6 20 20 1.46568582792 10.8085636915 5.64016784742e-09 0.578094346384 0.421790102709 0.999999834887 0.477146 0 0
479.7 20 20 1.46568073114 10.8086456887 5.67377362753e-09 0.578082242883 0.421801563249 0.999999842505 0.475393 0 0
479.8 20 20 1.46567522901 10.8084180878 5.70651876496e-09 0.57807012892 0.42181303994 0.999999857944 0.476887 0 0
479.9 20 20 1.46566955456 10.8082186877 5.73827029407e-09 0.578058027476 0.421824506893 0.999999814127 0.471912 0 0
480 20 20 1.46566444032 10.8079740487 5.76890034161e-09 0.578045927613 0.421835969407 0.999999821958 0.387117 0 0
480.1 20 20 1.46565995226 10.8079081089 5.79828729047e-09 0.578033824285 0.421847414861 0.999999865909 0.390392 0 0
480.2 20 20 1.46565553679 10.8077622069 5.82631678366e-09 0.578021717617 0.421858892995 0.999999843363 0.474599 0 0
480.3 20 20 1.4656508924 10.8075763449 5.85288258967e-09 0.578009611355 0.421870354207 0.999999824019 0.473047 0 0
480.4 20 20 1.46564650126 10.8073204381 5.87788750063e-09 0.577997506154 0.421881816963 0.999999854552 0.475051 0 0
480.5 20 20 1.46564158642 10.8075847563 5.90124408513e-09 0.577985397236 0.421893290891 0.999999819008 0.475469 0 0
480.6 20 20 1.46563716695 10.807479717 5.92287517627e-09 0.577973281943 0.421904773759 0.999999811404 0.384691 0 0
480.7 20 20 1.46563275736 10.8076514314 5.94271455396e-09 0.577961183711 0.421916250811 0.9999998283 0.472955 0 0
480.8 20 20 1.46562824879 10.8067484258 5.96070712864e-09 0.577949070726 0.421927754002 0.999999842209 0.394039 0 0
480.9 20 20 1.46562392854 10.8063539689 5.97680936153e-09 0.577936953718 0.421939273751 0.999999832497 0.474254 0 0
481 20 20 1.46561968537 10.8060103821 5.99098921888e-09 0.577924832347 0.421950808402 0.99999984297 0.391461 0 0
481.1 20 20 1.46561541683 10.805770439 6.00322630126e-09 0.577912716722 0.421962342101 0.999999845873 0.477608 0 0
481.2 20 20 1.46561146453 10.8059425972 6.0135116151e-09 0.577900588203 0.421973886671 0.999999854075 0.392199 0 0
481.3 20 20 1.46560758392 10.8058483228 6.02184735723e-09 0.577888456141 0.42198543769 0.999999835582 0.469935 0 0
481.4 20 20 1.46560342528 10.8055259925 6.02824651744e-09 0.577876311254 0.42199697657 0.999999825595 0.396298 0 0
481.5 20 20 1.46559911441 10.8055352887 6.03273241415e-09 0.577864172392 0.422008559776 0.999999843283 0.476269 0 0
481.6 20 20 1.46559507385 10.805203116 6.03533807975e-09 0.577852032861 0.422020127881 0.999999839217 0.474462 0 0
481.7 20 20 1.46559077625 10.8048586776 6.03610561638e-09 0.577839886948 0.422031700594 0.999999851633 0.480724 0 0
481.8 20 20 1.46558709747 10.8047820023 6.03508539421e-09 0.577827732421 0.422043286412 0.999999857791 0.475573 0 0
481.9 20 20 1.46558265605 10.8043557521 6.03233531022e-09 0.577815573749 0.422054870808 0.999999814949 0.474769 0 0
482 20 20 1.46557839121 10.804251564 6.02791981166e-09 0.57780341331 0.422066467049 0.999999834838 0.385856 0 0
482.1 20 20 1.46557403036 10.8043924181 6.02190905288e-09 0.577791254699 0.422078055471 0.999999808237 0.474801 0 0
482.2 20 20 1.46557025453 10.8040833707 6.01437789691e-09 0.577779090333 0.422089643367 0.999999839312 0.393596 0 0
482.3 20 20 1.46556611212 10.8037581486 6.00540501209e-09 0.577766920505 0.42210125366 0.99999984403 0.475054 0 0
482.4 20 20 1.46556193476 10.8034844779 5.99507182513e-09 0.577754736787 0.422112870726 0.999999835462 0.389206 0 0
482.5 20 20 1.46555796805 10.8034918186 5.98346163133e-09 0.577742552556 0.42212448888 0.999999847564 0.478775 0 0
482.6 20 20 1.46555354972 10.803513685 5.97065869473e-09 0.57773035161 0.422136098927 0.999999816763 0.470314 0 0
482.7 20 20 1.46554974417 10.8030692227 5.95674722684e-09 0.577718167732 0.422147687883 0.999999841949 0.386883 0 0
482.8 20 20 1.46554555859 10.8028477543 5.94181072037e-09 0.577705963687 0.422159307083 0.999999846444 0.476221 0 0
482.9 20 20 1.46554129702 10.8029110789 5.92593101861e-09 0.577693763307 0.422170937397 0.999999833521 0.392616 0 0
483 20 20 1.46553716061 10.8026547684 5.90918765789e-09 0.577681552771 0.422182572189 0.999999833706 0.390804 0 0
483.1 20 20 1.46553320635 10.8025086531 5.89165722755e-09 0.577669337074 0.422194221607 0.999999857722 0.476852 0 0
483.2 20 20 1.4655291915 10.8024559358 5.87341277495e-09 0.577657117913 0.422205883541 0.999999857588 0.474311 0 0
483.3 20 20 1.46552463767 10.8023379651 5.85452330807e-09 0.577644893373 0.422217552832 0.999999839872 0.469545 0 0
483.4 20 20 1.46552040176 10.8023210825 5.83505344906e-09 0.577632675945 0.422229203527 0.999999833237 0.383595 0 0
483.5 20 20 1.46551587784 10.8023095061 5.81506301814e-09 0.577620443537 0.422240836198 0.99999983659 0.473736 0 0
483.6 20 20 1.46551104411 10.8019779523 5.79460698831e-09 0.577608216272 0.422252465523 0.999999833487 0.390127 0 0
483.7 20 20 1.46550604072 10.8019596502 5.77373512505e-09 0.577595975595 0.422264111798 0.999999841354 0.473527 0 0
483.8 20 20 1.46549984287 10.8021942791 5.75249212696e-09 0.577583744575 0.422275723302 0.999999826589 0.475223 0 0
483.9 20 20 1.46549488979 10.8018680929 5.7309175761e-09 0.577571516315 0.422287317721 0.999999822562 0.388939 0 0
484 20 20 1.46549011763 10.8020026041 5.70904603394e-09 0.577559286302 0.422298901392 0.999999838659 0.467916 0 0
484.1 20 20 1.4654855649 10.8018329088 5.68690728449e-09 0.577547044173 0.422310500025 0.999999841316 0.470306 0 0
484.2 20 20 1.46548019603 10.8017430722 5.66452653833e-09 0.577534798893 0.422322076105 0.999999830732 0.474779 0 0
484.3 20 20 1.46547458276 10.8016141221 5.64192476125e-09 0.577522548793 0.422333636796 0.99999983094 0.475611 0 0
484.4 20 20 1.46546892327 10.8017940714 5.6191190382e-09 0.577510300141 0.42234521113 0.999999800398 0.47567 0 0
484.5 20 20 1.46546387067 10.8014201285 5.59612297762e-09 0.5774980628 0.422356762727 0.999999849491 0.394973 0 0
484.6 20 20 1.46545792157 10.8013239635 5.57294713047e-09 0.577485807082 0.422368320658 0.999999834588 0.474779 0 0
484.7 20 20 1.4654521307 10.8016127629 5.54959949732e-09 0.577473541115 0.422379872604 0.999999816477 0.472729 0 0
484.8 20 20 1.4654460013 10.8012711183 5.52608599993e-09 0.577461279909 0.42239140443 0.999999815724 0.393801 0 0
484.9 20 20 1.46544052001 10.8011197011 5.50241093972e-09 0.577449034112 0.42240293136 0.999999842215 0.390817 0 0
485 20 20 1.46543480323 10.8009659819 5.47857760239e-09 0.577436765779 0.422414456724 0.99999983599 0.473239 0 0
485.1 20 20 1.46542830786 10.800977706 5.45458864792e-09 0.577424483307 0.422425990549 0.999999799723 0.390477 0 0
485.2 20 20 1.46542236267 10.8007748258 5.43044665019e-09 0.577412207476 0.422437492853 0.999999827808 0.388186 0 0
485.3 20 20 1.46541632608 10.8011949977 5.40615459603e-09 0.57739992258 0.422449014695 0.999999825319 0.391309 0 0
485.4 20 20 1.46541033841 10.8009265583 5.38171625404e-09 0.577387633373 0.422460518486 0.999999830722 0.390808 0 0
485.5 20 20 1.46540405857 10.8007100672 5.35713662746e-09 0.577375334804 0.422472013611 0.999999826463 0.476484 0 0
485.6 20 20 1.46539801586 10.8007474712 5.33242237655e-09 0.577363044053 0.422483505799 0.999999833014 0.472991 0 0
485.7 20 20 1.46539173784 10.8005451005 5.30758204238e-09 0.577350743592 0.422494979718 0.999999827987 0.470879 0 0
485.8 20 20 1.46538589738 10.8004938976 5.28262644518e-09 0.577338436455 0.422506441313 0.9999998537 0.384786 0 0
485.9 20 20 1.46537908798 10.8006457566 5.25756884174e-09 0.577326124553 0.422517883997 0.99999981182 0.472829 0 0
486 20 20 1.46537219483 10.80038744 5.23242518758e-09 0.577313812323 0.422529315549 0.99999982774 0.388027 0 0
486.1 20 20 1.46536616333 10.8005406371 5.20721418764e-09 0.577301489644 0.422540734943 0.999999842211 0.389541 0 0
486.2 20 20 1.46535968339 10.8006441428 5.18195744342e-09 0.577289150725 0.422552130248 0.999999816704 0.466555 0 0
486.3 20 20 1.46535348644 10.8003241456 5.15667947337e-09 0.577276815058 0.422563514892 0.999999844665 0.383358 0 0
486.4 20 20 1.46534646279 10.8003940632 5.13140764153e-09 0.577264463432 0.422574889447 0.999999816585 0.467262 0 0
486.5 20 20 1.46533965346 10.8003315099 5.10617212315e-09 0.577252120018 0.42258622196 0.999999809254 0.46597 0 0
486.6 20 20 1.46533314641 10.800960338 5.08100576639e-09 0.577239763887 0.422597536809 0.999999840025 0.386359 0 0
486.7 20 20 1.46532615138 10.8006461295 5.05594391018e-09 0.577227407018 0.422608837532 0.999999827204 0.475045 0 0
486.8 20 20 1.46531943787 10.8001617478 5.03102410561e-09 0.5772150515 0.42262011839 0.999999836242 0.469973 0 0
486.9 20 20 1.46531226547 10.8000904038 5.00628601128e-09 0.577202674184 0.422631377427 0.999999820872 0.473012 0 0
487 20 20 1.46530472876 10.8003112422 4.98177082766e-09 0.577190288761 0.422642602582 0.999999805884 0.384976 0 0
487.1 20 20 1.46529839122 10.8003442651 4.95752125813e-09 0.577177906117 0.422653791887 0.999999820779 0.466477 0 0
487.2 20 20 1.46529175346 10.8000678077 4.93358088292e-09 0.577165505527 0.422664979412 0.999999802222 0.468096 0 0
487.3 20 20 1.46528549783 10.7998737047 4.90999393799e-09 0.577153097611 0.422676162752 0.999999823838 0.384153 0 0
487.4 20 20 1.46527897638 10.7998360632 4.88680482053e-09 0.577140669571 0.422687316026 0.999999828122 0.468167 0 0
487.5 20 20 1.46527216164 10.7996376235 4.86405768922e-09 0.577128226072 0.42269845701 0.9999998148 0.382909 0 0
487.6 20 20 1.46526575327 10.7997456955 4.84179606457e-09 0.577115790558 0.422709580705 0.999999827214 0.386794 0 0
487.7 20 20 1.46525900563 10.7995029109 4.8200623376e-09 0.577103339104 0.422720678209 0.999999807675 0.467139 0 0
487.8 20 20 1.46525260658 10.7995874691 4.79889738476e-09 0.577090893277 0.42273176515 0.999999817134 0.468422 0 0
487.9 20 20 1.46524650621 10.7992464857 4.77834014668e-09 0.577078425661 0.422742831996 0.999999817944 0.467907 0 0
488 20 20 1.46524048809 10.7991587449 4.75842723095e-09 0.577065944686 0.422753899509 0.999999832759 0.468089 0 0
488.1 20 20 1.46523416566 10.7989427716 4.73919253066e-09 0.577053453701 0.422764938589 0.999999830584 0.466854 0 0
488.2 20 20 1.46522837271 10.7988311878 4.72066689954e-09 0.577040957462 0.422775956728 0.99999982745 0.382408 0 0
488.3 20 20 1.46522212656 10.7988447102 4.70287779252e-09 0.577028465774 0.422786966925 0.999999827509 0.466687 0 0
488.4 20 20 1.465216274 10.7987282755 4.68584903687e-09 0.577015959237 0.422797967464 0.999999819893 0.383255 0 0
488.5 20 20 1.46520897444 10.798533176 4.66960057434e-09 0.577003451171 0.422808939084 0.999999817238 0.466436 0 0
488.6 20 20 1.46520360873 10.7984830274 4.65414822007e-09 0.576990924582 0.422819902344 0.999999859195 0.466923 0 0
488.7 20 20 1.46519808634 10.7985514681 4.63950355419e-09 0.576978391297 0.422830867874 0.999999832494 0.466972 0 0
488.8 20 20 1.46519211103 10.7985107495 4.62567382027e-09 0.576965840511 0.422841827079 0.999999814783 0.466237 0 0
488.9 20 20 1.46518561428 10.7984264906 4.61266184966e-09 0.576953306372 0.422852778356 0.999999814591 0.383019 0 0
489 20 20 1.46518038232 10.7982737998 4.60046605027e-09 0.576940733621 0.422863731465 0.999999825335 0.383978 0 0
489.1 20 20 1.46517527633 10.798274584 4.58908044164e-09 0.576928183461 0.422874662402 0.999999833434 0.467724 0 0
489.2 20 20 1.46517078051 10.7982300462 4.57849482278e-09 0.576915620414 0.422885625689 0.999999859005 0.38443 0 0
489.3 20 20 1.46516616332 10.7981699943 4.56869477588e-09 0.576903056158 0.422896570438 0.999999847038 0.474049 0 0
489.4 20 20 1.46516140527 10.7983006369 4.55966196408e-09 0.576890476945 0.422907498402 0.999999822285 0.473671 0 0
489.5 20 20 1.46515677226 10.7982907039 4.55137432018e-09 0.576877908227 0.422918425129 0.999999826752 0.472629 0 0
489.6 20 20 1.46515209238 10.7984486555 4.5438063189e-09 0.576865329217 0.42292934611 0.999999824152 0.470607 0 0
489.7 20 20 1.46514772481 10.7979769421 4.53692932225e-09 0.576852746038 0.422940256281 0.999999827739 0.387676 0 0
489.8 20 20 1.46514335023 10.7982076417 4.53071188753e-09 0.57684014931 0.422951171749 0.999999831298 0.469918 0 0
489.9 20 20 1.46513930382 10.7980660485 4.52512021124e-09 0.576827566297 0.422962075027 0.999999844153 0.475192 0 0
490 20 20 1.46513500072 10.7980914253 4.52011848908e-09 0.576814974773 0.422972988076 0.999999812709 0.472367 0 0
490.1 20 20 1.46513101661 10.7978831551 4.51566934334e-09 0.576802390075 0.422983920263 0.99999983205 0.385442 0 0
490.2 20 20 1.46512700569 10.7979725802 4.51173435454e-09 0.576789790993 0.422994830586 0.999999811642 0.476432 0 0
490.3 20 20 1.46512276738 10.7977210984 4.50827440385e-09 0.576777199954 0.423005720996 0.99999981577 0.482121 0 0
490.4 20 20 1.46511893507 10.7980632279 4.5052502221e-09 0.576764616832 0.42301663516 0.999999816184 0.478428 0 0
490.5 20 20 1.4651147249 10.7978939893 4.50262283356e-09 0.576752024015 0.423027541322 0.999999804089 0.475287 0 0
490.6 20 20 1.46511036718 10.7978066857 4.50035398641e-09 0.576739441461 0.423038461833 0.999999829816 0.386292 0 0
490.7 20 20 1.46510668284 10.7978369239 4.49840664788e-09 0.576726843673 0.423049382384 0.999999840273 0.38613 0 0
490.8 20 20 1.46510336207 10.7975649621 4.49674541724e-09 0.576714240362 0.423060296088 0.999999845447 0.472779 0 0
490.9 20 20 1.46510014488 10.797521987 4.49533689896e-09 0.576701625876 0.423071225237 0.999999830258 0.476556 0 0
491 20 20 1.46509697357 10.7976364193 4.49415017473e-09 0.576689020085 0.423082149982 0.999999835742 0.47664 0 0
491.1 20 20 1.46509323806 10.7975884488 4.49315702386e-09 0.576676403209 0.423093075564 0.999999821184 0.477149 0 0
491.2 20 20 1.46508992426 10.7977126869 4.49233238242e-09 0.576663799228 0.423103994865 0.999999832784 0.391522 0 0
491.3 20 20 1.46508658553 10.7977417743 4.49165450263e-09 0.576651183725 0.423114946677 0.999999841524 0.466416 0 0
491.4 20 20 1.46508377796 10.7977720738 4.4911052117e-09 0.576638558384 0.423125882532 0.999999853201 0.46966 0 0
491.5 20 20 1.46508073757 10.7979688208 4.49067014626e-09 0.57662594529 0.423136833533 0.999999829541 0.474869 0 0
491.6 20 20 1.46507769684 10.7980843068 4.49033881175e-09 0.576613339569 0.423147799152 0.999999831862 0.392206 0 0
491.7 20 20 1.46507501544 10.7977588935 4.49010467961e-09 0.576600730697 0.423158780616 0.999999862957 0.390599 0 0
491.8 20 20 1.46507225089 10.7980093044 4.48996525858e-09 0.57658810794 0.423169769149 0.999999839485 0.392329 0 0
491.9 20 20 1.46506945847 10.7981145416 4.48992198054e-09 0.576575481752 0.423180764941 0.999999825965 0.393363 0 0
492 20 20 1.46506693032 10.7980571636 4.48998020286e-09 0.576562854564 0.423191753159 0.999999850819 0.46733 0 0
492.1 20 21 1.4650642176 10.7985617055 4.49014898244e-09 0.576550231188 0.423202766486 0.99999983186 0.469837 0 0
492.2 20 20 1.46506101512 10.798112102 4.49044095753e-09 0.576537609618 0.423213787738 0.999999837063 0.47538 0 0
492.3 20 20 1.465058359 10.7981762735 4.49087206272e-09 0.57652497567 0.423224844871 0.999999832658 0.393596 0 0
492.4 20 20 1.46505524537 10.7982854921 4.49146123409e-09 0.576512354839 0.423235902472 0.999999842348 0.475793 0 0
492.5 20 20 1.46505224541 10.7983689859 4.49223012278e-09 0.576499740862 0.423246968874 0.999999817933 0.475524 0 0
492.6 20 20 1.46504993429 10.7984491855 4.49320262509e-09 0.576487122999 0.423258056698 0.999999834633 0.386966 0 0
492.7 20 20 1.46504674538 10.7984073688 4.49440457399e-09 0.576474495017 0.423269144821 0.999999825999 0.467034 0 0
492.8 20 20 1.46504382129 10.7986033715 4.495863239e-09 0.576461871443 0.423280247775 0.999999831297 0.472202 0 0
492.9 20 20 1.46504045593 10.7982684655 4.49760683386e-09 0.576449232881 0.423291364562 0.999999814342 0.479867 0 0
493 20 20 1.46503776363 10.7986384511 4.49966410703e-09 0.576436579644 0.423302494399 0.999999815891 0.477019 0 0
493.1 20 20 1.46503520255 10.7984856349 4.5020637337e-09 0.576423918816 0.423313646189 0.999999824905 0.391452 0 0
493.2 20 20 1.46503277979 10.7984416447 4.50483390977e-09 0.57641126434 0.423324815722 0.999999843673 0.389834 0 0
493.3 20 20 1.46503055982 10.7985582682 4.50800176001e-09 0.576398601352 0.423335983517 0.999999841455 0.388522 0 0
493.4 20 20 1.46502781384 10.7985545842 4.51159288023e-09 0.576385938948 0.423347163861 0.999999821342 0.472583 0 0
493.5 20 20 1.4650253896 10.7984824565 4.51563079954e-09 0.576373270461 0.423358328589 0.99999982878 0.396392 0 0
493.6 20 20 1.46502290985 10.7987782268 4.52013655864e-09 0.576360596907 0.423369507726 0.999999842846 0.393435 0 0
493.7 20 20 1.4650205664 10.7984942578 4.52512821563e-09 0.576347920336 0.423380702451 0.999999826181 0.47524 0 0
493.8 20 20 1.46501832847 10.7986425382 4.53062041953e-09 0.576335243676 0.423391901754 0.999999864448 0.477928 0 0
493.9 20 20 1.46501593452 10.7986766754 4.53662409712e-09 0.576322550756 0.423403106631 0.999999844655 0.480022 0 0
494 20 20 1.46501356073 10.7986276426 4.54314602206e-09 0.576309862302 0.423414294542 0.999999820212 0.47199 0 0
494.1 20 20 1.46501082665 10.7987928557 4.55018857554e-09 0.576297157722 0.423425496353 0.999999840935 0.469895 0 0
494.2 20 20 1.46500849846 10.7986414362 4.55774952035e-09 0.576284449611 0.423436688463 0.999999830598 0.474752 0 0
494.3 20 20 1.46500639171 10.7988104359 4.56582174479e-09 0.576271733992 0.42344790309 0.999999843166 0.390517 0 0
494.4 20 20 1.46500415512 10.7991101775 4.57439321337e-09 0.576259023821 0.423459113247 0.999999820939 0.477541 0 0
494.5 20 20 1.46500051917 10.7989715656 4.58344685068e-09 0.576246304293 0.423470319135 0.999999806117 0.474148 0 0
494.6 20 20 1.46499818985 10.7987098854 4.59296056617e-09 0.576233574339 0.423481525964 0.999999828653 0.388871 0 0
494.7 20 20 1.46499617735 10.7987987512 4.60290726344e-09 0.576220840836 0.423492757232 0.999999833297 0.383411 0 0
494.8 20 20 1.46499414577 10.7989444313 4.61325507688e-09 0.576208102031 0.423503981603 0.999999821727 0.469815 0 0
494.9 20 20 1.46499221803 10.7990782472 4.62396734427e-09 0.576195363736 0.423515214521 0.999999843745 0.39163 0 0
495 20 20 1.46498972183 10.7988117607 4.63500306756e-09 0.576182614318 0.42352644371 0.999999848381 0.474254 0 0
495.1 20 20 1.46498814542 10.7990787852 4.64631707971e-09 0.576169846425 0.423537680854 0.99999983581 0.473995 0 0
495.2 20 20 1.46498621791 10.7994037576 4.65786044692e-09 0.576157082534 0.423548899293 0.999999816611 0.474184 0 0
495.3 20 20 1.46498432691 10.7992385004 4.66958087054e-09 0.576144334866 0.423560119952 0.999999826514 0.472003 0 0
495.4 20 20 1.46498177784 10.7989624246 4.68142311514e-09 0.576131563377 0.423571338445 0.99999981984 0.465118 0 0
495.5 20 20 1.4649790294 10.7990757234 4.69332952459e-09 0.576118788809 0.423582568485 0.999999819161 0.470036 0 0
495.6 20 20 1.46497794523 10.7993530498 4.70524049806e-09 0.576106005636 0.423593792926 0.999999836046 0.476358 0 0
495.7 20 20 1.4649766422 10.799138705 4.71709504019e-09 0.576093223373 0.423605050894 0.999999841273 0.474701 0 0
495.8 20 20 1.46497483467 10.7993081847 4.7288313567e-09 0.576080428389 0.423616303141 0.999999822596 0.47559 0 0
495.9 20 20 1.4649728533 10.7991597768 4.74038736701e-09 0.576067637132 0.423627537453 0.99999984017 0.471887 0 0
496 20 20 1.46497035382 10.7991608188 4.75170133813e-09 0.576054832417 0.423638812496 0.99999979776 0.468296 0 0
496.1 20 20 1.46496850717 10.7991749353 4.76271243724e-09 0.576042045593 0.423650056323 0.999999828367 0.384489 0 0
496.2 20 20 1.46496646209 10.7991794244 4.77336127082e-09 0.576029238053 0.423661311221 0.99999983815 0.388841 0 0
496.3 20 20 1.4649644507 10.7992943248 4.78359048468e-09 0.576016425573 0.423672586832 0.99999981623 0.475133 0 0
496.4 20 20 1.46496389362 10.7996703215 4.79334523109e-09 0.576003610678 0.423683865785 0.999999832091 0.391541 0 0
496.5 20 20 1.46496292346 10.799534479 4.8025737243e-09 0.575990787493 0.423695160169 0.999999835358 0.476239 0 0
496.6 20 20 1.46496156853 10.7997664538 4.81122764172e-09 0.575977964567 0.423706456065 0.999999837452 0.4745 0 0
496.7 20 20 1.46496017414 10.799792333 4.81926259847e-09 0.575965135669 0.423717750987 0.999999838091 0.466759 0 0
496.8 20 20 1.46495936538 10.7995784251 4.82663846875e-09 0.575952302298 0.423729036843 0.999999845452 0.46968 0 0
496.9 20 20 1.46495754002 10.7996749932 4.83331973586e-09 0.575939460594 0.423740345565 0.99999981429 0.39007 0 0
497 20 20 1.4649563275 10.7997956103 4.83927576677e-09 0.575926612813 0.423751655809 0.999999825426 0.389995 0 0
497.1 20 20 1.46495577353 10.7997434256 4.84448099894e-09 0.575913756427 0.423762979054 0.99999984467 0.391089 0 0
497.2 20 20 1.46495534289 10.799867278 4.84891512664e-09 0.575900891555 0.423774316617 0.999999867463 0.473573 0 0
497.3 20 20 1.46495349062 10.7999135938 4.85256316396e-09 0.575888025514 0.423785656008 0.999999823302 0.388503 0 0
497.4 20 20 1.46495233252 10.8000346372 4.85541553427e-09 0.575875159045 0.423796980049 0.999999846878 0.386665 0 0
497.5 20 20 1.46495097713 10.8001830167 4.8574679707e-09 0.575862286592 0.423808327923 0.999999826094 0.470425 0 0
497.6 20 21 1.46494929282 10.8007800055 4.85872151433e-09 0.57584940947 0.423819656685 0.999999800819 0.389353 0 0
497.7 20 20 1.46494811451 10.8002779147 4.8591823316e-09 0.575836543226 0.423830981978 0.999999824205 0.390625 0 0
497.8 20 20 1.46494566765 10.8003930523 4.85886154091e-09 0.575823654135 0.423842333681 0.999999801281 0.477802 0 0
497.9 20 20 1.46494519659 10.8003582901 4.85777499311e-09 0.575810772688 0.423853677453 0.99999985164 0.389698 0 0
498 20 20 1.46494353396 10.8005238115 4.85594295014e-09 0.575797873992 0.423865042664 0.999999818297 0.472862 0 0
498.1 20 20 1.46494267186 10.8005850192 4.85338983599e-09 0.575784977021 0.423876400687 0.999999838738 0.465974 0 0
498.2 20 20 1.46494163912 10.8005301519 4.85014380363e-09 0.575772075262 0.423887761913 0.999999838513 0.468063 0 0
498.3 20 20 1.46494068049 10.8006258468 4.84623636503e-09 0.575759168217 0.423899136514 0.999999839479 0.474862 0 0
498.4 20 20 1.46493948065 10.800729001 4.84170205802e-09 0.575746256961 0.423910492954 0.999999846842 0.476577 0 0
498.5 20 20 1.46493869615 10.8011916257 4.83657783798e-09 0.575733333038 0.423921868697 0.999999813364 0.392051 0 0
498.6 20 20 1.46493754061 10.8008879556 4.83090281491e-09 0.575720415687 0.423933246068 0.999999829369 0.473744 0 0
498.7 20 20 1.46493672816 10.8012895429 4.82471766733e-09 0.575707489002 0.423944622436 0.999999833654 0.387667 0 0
498.8 20 20 1.46493584295 10.8009361244 4.81806420002e-09 0.575694562476 0.423956000774 0.999999835649 0.465983 0 0
498.9 20 20 1.4649338922 10.8011116769 4.8109849177e-09 0.575681616797 0.423967404611 0.999999834888 0.469989 0 0
499 20 20 1.46493216414 10.8012405384 4.80352253921e-09 0.575668677348 0.423978798783 0.999999817164 0.472495 0 0
499.1 20 20 1.4649303977 10.8010488054 4.79571952224e-09 0.575655731948 0.423990180488 0.999999799034 0.390028 0 0
499.2 20 20 1.46492941267 10.8011784762 4.78761770824e-09 0.575642791966 0.424001550934 0.99999983219 0.389259 0 0
499.3 20 20 1.46492757266 10.8010729635 4.77925785144e-09 0.575629850436 0.424012947999 0.999999810987 0.474917 0 0
499.4 20 20 1.46492564421 10.8010512219 4.77067927916e-09 0.575616889435 0.424024329218 0.999999819269 0.387342 0 0
499.5 20 20 1.46492396006 10.8009426749 4.76191953079e-09 0.57560392614 0.424035717882 0.999999834519 0.382701 0 0
499.6 20 20 1.46492264657 10.8009777539 4.75301408972e-09 0.575590954032 0.424047109689 0.999999830285 0.471163 0 0
499.7 20 20 1.46492151732 10.8009771101 4.74399605158e-09 0.575577982505 0.424058498649 0.999999855749 0.476783 0 0
499.8 20 20 1.46492056946 10.8009794179 4.73489595698e-09 0.575564995491 0.424069886535 0.999999855434 0.473003 0 0
499.9 20 20 1.46491929784 10.8011152806 4.72574156422e-09 0.57555200371 0.424081286944 0.99999983333 0.475299 0 0
500 20 20 1.4649179893 10.8010769783 4.71655778239e-09 0.575539015184 0.424092667294 0.999999830372 0.475556 0 0
