# SIAM excitation B=c_0up^dag|gs> (normalized), method=star
# L=1000 U=0.1 V=0.1 dt=0.1 tmax=500 max_bond_dim=1024 mps_cutoff=1e-08 activity_tol=1e-08
# E_gs=-317.40074894 gs_bond_dim=112 gs_wall_s=279.934889
# nrm=0.707106781138  G00(t) = -i nrm^2 exp(i E_gs t) A(t)
# t  n_active  bond_dim  renyi_half  slater_activity  n0up  n0dw  norm  wall_s  ReA  ImA
0 1000 112 1.02218444132 0 1 0.720441819127 1 0.057715 1 0
0.1 1000 30 1.02104944601 0 0.999964676424 0.720424751756 1 4.009139 0.949927116817 0.312342107141
0.2 1000 26 1.02065780801 0 0.999853150844 0.720369897953 1 3.335915 0.804738010761 0.593358919447
0.3 1000 25 1.02061944455 0 0.999663669524 0.720278398049 1 3.309837 0.579011348576 0.814873905249
0.4 1000 25 1.02072658608 0 0.999396183269 0.720150350871 1 3.298422 0.295411747907 0.954692580733
0.5 1000 25 1.02086947558 0 0.99905108237 0.719986145902 1 3.301434 -0.0175926381008 0.998832713682
0.6 1000 25 1.02104586456 0 0.998629051498 0.719785815929 1 3.308162 -0.328594868473 0.942927074412
0.7 1000 25 1.02125216778 0 0.998130997451 0.71954975985 1 3.313724 -0.606408463664 0.792657520906
0.8 1000 25 1.02148871713 0 0.997557956004 0.719278137022 1 3.310949 -0.823202827553 0.563177709413
0.9 1000 25 1.02175376733 0 0.996911191913 0.718971416254 1 3.31561 -0.957298888456 0.277582482314
1 1000 25 1.0220465788 0 0.996192124227 0.718630042304 1 3.320085 -0.995343671736 -0.0354206794522
1.1 1000 25 1.02236653212 0 0.995402336506 0.718254599432 1 3.325042 -0.933644989476 -0.344403366239
1.2 1000 25 1.02271268276 0 0.994543574901 0.717845627457 1 3.325995 -0.778532570243 -0.61837916253
1.3 1000 25 1.02307161842 0 0.993617698821 0.717403657912 1 3.333988 -0.545710014761 -0.829918908741
1.4 1000 25 1.02345176486 0 0.992626727588 0.716929379106 1 3.337477 -0.258663895167 -0.957904463824
1.5 1000 25 1.02387022977 0 0.991572785062 0.716423319698 1 3.3383 0.0537087413832 -0.989643876578
1.6 1000 25 1.02431036169 0 0.990458123645 0.715886117386 1 3.344723 0.360014541752 -0.922135501369
1.7 1000 25 1.02476684992 0 0.989285140511 0.715318539419 1 3.335845 0.629525216164 -0.762354870717
1.8 1000 25 1.02524805258 0 0.988056304606 0.71472145139 1 3.32626 0.835267472716 -0.526536570303
1.9 1000 25 1.02574910801 0 0.986774179609 0.714095475403 1 3.334272 0.956729933518 -0.238524736762
2 1000 25 1.02626912893 0 0.985441426149 0.71344137686 1 3.320119 0.981914889544 0.0726398283033
2.1 1000 25 1.02680761822 0 0.984060809062 0.712760237497 1 3.325636 0.90852925201 0.375651835366
2.2 1000 25 1.02736367586 0 0.982635067078 0.712052592035 1 3.334649 0.744195464753 0.640096653947
2.3 1000 25 1.02791672745 0 0.981167017133 0.711319156638 1 3.321743 0.505663615871 0.839509410559
2.4 1000 25 1.02850385211 0 0.979659468137 0.710560551099 1 3.323127 0.217105367144 0.954030413844
2.5 1000 25 1.02910696723 0 0.978115372173 0.709777742691 1 3.319782 -0.0923362339174 0.972389607051
2.6 1000 25 1.02972317716 0 0.97653755638 0.708971168892 1 3.321336 -0.391493137933 0.893021138791
2.7 1000 25 1.0303517469 0 0.974929028958 0.708142031839 1 3.342476 -0.650315630769 0.724197902983
2.8 1000 25 1.0309955556 0 0.973292802713 0.707291071189 1 3.386332 -0.842896681354 0.483173499492
2.9 1000 25 1.03165209486 0 0.971631855193 0.706419155591 1 3.359204 -0.950071091543 0.194421245561
3 1000 25 1.03231970715 0 0.969949069385 0.705527069644 1 3.329454 -0.961328801251 -0.112850779932
3.1 1000 25 1.03299564102 0 0.968247132232 0.704615437263 1 3.329788 -0.875850820252 -0.407655990527
3.2 1000 25 1.03369657196 0 0.966528987483 0.703685117661 1 3.29555 -0.702565086593 -0.660357188902
3.3 1000 25 1.03441286756 0 0.964797385901 0.702737053614 1 3.293942 -0.459219103898 -0.845650806098
3.4 1000 25 1.03514374278 0 0.963054919177 0.701771849937 1 3.292855 -0.170564784997 -0.945105936743
3.5 1000 25 1.03588989403 0 0.961304188285 0.700790238102 1 3.290927 0.13415789412 -0.949002795602
3.6 1000 25 1.03665025764 0 0.959547845924 0.699792824566 1 3.287204 0.424184097384 -0.85728711634
3.7 1000 25 1.03742454068 0 0.957788150573 0.698780478804 1 3.339943 0.670332008528 -0.679546341601
3.8 1000 25 1.03821458918 0 0.956027389813 0.697753755814 1 3.352675 0.847942386763 -0.434013125818
3.9 1000 25 1.03900893459 0 0.954267058276 0.696711751503 1 3.340579 0.939354118642 -0.145695814373
4 1000 25 1.03981382409 0 0.952509693312 0.695655874272 1 3.349036 0.935662894697 0.156162602703
4.1 1000 25 1.04063068656 0 0.950757328149 0.694586826778 1 3.336395 0.837594425853 0.441053513238
4.2 1000 25 1.04145711368 0 0.949011657705 0.693504865673 1 3.35293 0.655399158054 0.680287564155
4.3 1000 25 1.04229382494 0 0.947274503929 0.692410650214 1 3.358341 0.407786477374 0.849885306343
4.4 1000 25 1.04314384976 0 0.945547491219 0.691304802224 1 3.364261 0.120006888475 0.932984886812
4.5 1000 25 1.04400128091 0 0.943831895464 0.690187238384 1 3.361599 -0.178722459536 0.92152214643
4.6 1000 25 1.04486856847 0 0.942129130493 0.689058707161 1 3.387069 -0.458181113194 0.817015453443
4.7 1000 25 1.04574992784 0 0.940440283457 0.687919996876 1 3.371677 -0.690204458456 0.63038101547
4.8 1000 25 1.04663793251 0 0.938766431265 0.686770726225 1 3.360304 -0.851525918372 0.380795889329
4.9 1000 25 1.04753532062 0 0.937108442019 0.685611689466 1 3.369089 -0.926109153055 0.0937323882081
5 1000 25 1.04844177278 0 0.935466941889 0.684443263099 1 3.380979 -0.906747383139 -0.201640529109
5.1 1000 25 1.04935300641 0 0.933842671267 0.683265263314 1 3.37239 -0.795761070789 -0.475421317266
5.2 1000 25 1.0502720296 0 0.932235903093 0.682078522846 1 3.39439 -0.604729648444 -0.700000271268
5.3 1000 25 1.05119293838 0 0.930647243662 0.680882628235 1 3.394465 -0.353287365345 -0.852848833712
5.4 1000 25 1.05211970126 0 0.929076510259 0.679678451145 1 3.39377 -0.0671096214163 -0.918777081883
5.5 1000 25 1.05304886622 0 0.927524135885 0.678465926939 1 3.47432 0.224708575001 -0.89144882143
5.6 1000 25 1.05398179204 0 0.925990260676 0.677245628772 1 3.479017 0.492607693374 -0.773989684839
5.7 1000 25 1.0549225624 0 0.924474774806 0.676017847708 1 3.462903 0.709559546461 -0.578638346228
5.8 1000 25 1.05586545701 0 0.922977555389 0.674782680721 1 3.47817 0.85379477604 -0.325474201567
5.9 1000 25 1.05680830559 0 0.921498696819 0.673539963604 1 3.465154 0.910988421787 -0.040355485904
6 1000 25 1.05775254673 0 0.920037455354 0.672290378549 1 3.480425 0.875682320253 0.247718461303
6.1 1000 25 1.05869734154 0 0.918593432422 0.671034103968 1 3.471667 0.751808558888 0.509557295109
6.2 1000 25 1.05964154669 0 0.917166298999 0.669771197727 1 3.462753 0.552256311126 0.71873726082
6.3 1000 25 1.06058511161 0 0.915755431914 0.668502029418 1 3.470739 0.297533794468 0.854267394629
6.4 1000 25 1.06152825019 0 0.914360141985 0.667226858659 1 3.461512 0.0136629361284 0.902697835932
6.5 1000 25 1.06246998891 0 0.91297985654 0.66594582379 1 3.44139 -0.270478056004 0.859455412269
6.6 1000 25 1.06341042155 0 0.911613846957 0.664659157207 1 3.434126 -0.526091499762 0.729274508111
6.7 1000 25 1.06434836509 0 0.910261627406 0.66336685322 1 3.470474 -0.727379524274 0.525683425369
6.8 1000 25 1.06527657708 0 0.908922345411 0.662068605822 1 3.451768 -0.854147118807 0.269600927493
6.9 1000 25 1.06620994761 0 0.907595206595 0.660766086508 1 3.499971 -0.893829417393 -0.0128121032234
7 1000 25 1.06714743038 0 0.90627806382 0.659460216445 1 3.57649 -0.842736882728 -0.292820816375
7.1 1000 25 1.06808406406 0 0.90497123595 0.658150094563 1 3.547997 -0.706401132483 -0.542045641298
7.2 1000 25 1.06901826248 0 0.903674404063 0.656835526712 1 3.528563 -0.498974727035 -0.735335713021
7.3 1000 25 1.06995103905 0 0.902386502645 0.65551696505 1 3.518193 -0.241765356776 -0.853306486306
7.4 1000 25 1.07088244767 0 0.901106808848 0.654194595924 1 3.523743 0.0389511626906 -0.884285969223
7.5 1000 25 1.07181383673 0 0.899834281032 0.652868918461 1 3.513061 0.314614435148 -0.825469201558
7.6 1000 25 1.07274502184 0 0.898568370206 0.651539998839 1 3.533891 0.557285982682 -0.6831706225
7.7 1000 25 1.07367223805 0 0.897309606868 0.650206977046 1 3.534543 0.742482552699 -0.472148375742
7.8 1000 25 1.07459343115 0 0.896057568476 0.648869483517 1 3.458486 0.851643736739 -0.214074071631
7.9 1000 25 1.07551558269 0 0.894810805713 0.647529136884 1 3.549387 0.873992618966 0.0646903325306
8 1000 25 1.07643700156 0 0.893568691097 0.646185844969 1 3.544418 0.807602320638 0.33578450531
8.1 1000 25 1.07735774482 0 0.892330814295 0.64483972172 1 3.441306 0.659557411451 0.571736358301
8.2 1000 25 1.07827780883 0 0.891096817574 0.643490897684 1 3.433141 0.445200190971 0.748746399883
8.3 1000 25 1.07919795309 0 0.889866247764 0.64213959887 1 3.434323 0.186542162459 0.849088812606
8.4 1000 25 1.08011773248 0 0.888639021284 0.640785837594 1 3.43393 -0.0899958856637 0.862887755931
8.5 1000 25 1.08103709539 0 0.887415001984 0.639429677583 1 3.428489 -0.356282611703 0.789088825848
8.6 1000 25 1.08195474817 0 0.886194429857 0.638070881691 1 3.422592 -0.585338590252 0.635531886048
8.7 1000 25 1.08287227635 0 0.884976858416 0.636709862629 1 3.418655 -0.754068970884 0.418120304101
8.8 1000 25 1.08378978174 0 0.883762380856 0.635346767185 1 3.423688 -0.845593966903 0.159175726818
8.9 1000 25 1.08471449267 0 0.882551096337 0.633982156559 1 3.358988 -0.850937914918 -0.114853780991
9 1000 25 1.08564017836 0 0.881342799224 0.632615993952 1 3.390254 -0.769909119411 -0.376093963021
9.1 1000 25 1.08655699237 0 0.88013789427 0.631246979962 1 3.42112 -0.611085246672 -0.598082109481
9.2 1000 25 1.08747425223 0 0.878936030889 0.629876468419 1 3.415989 -0.390906424689 -0.758446005489
9.3 1000 25 1.0883933001 0 0.877736899092 0.628504870882 1 3.416812 -0.131976032069 -0.841160737635
9.4 1000 25 1.08931140886 0 0.876541544504 0.627131340536 1 3.424189 0.139261558555 -0.838151598547
9.5 1000 25 1.09022969378 0 0.875350049431 0.625756403737 1 3.425378 0.395219273559 -0.75007899826
9.6 1000 25 1.09114766076 0 0.874162655534 0.624379959632 1 3.404949 0.609974917741 -0.586238385594
9.7 1000 25 1.09206468044 0 0.872979755267 0.623001836718 1 3.432616 0.761896704377 -0.363580225207
9.8 1000 25 1.09298868432 0 0.871801353313 0.621623158341 1 3.369574 0.83582183087 -0.104957812295
9.9 1000 25 1.09390443168 0 0.870627460391 0.620242183727 1 3.426491 0.824570894872 0.163216749782
10 1000 25 1.09481902542 0 0.869458591735 0.618859658357 1 3.39839 0.729644837581 0.41367194862
10.1 1000 25 1.09573262958 0 0.868294707217 0.617475771416 1 3.397013 0.561035929296 0.621048281197
10.2 1000 25 1.09664256373 0 0.867136719909 0.616089838421 1 3.386888 0.336178034237 0.764468189642
10.3 1000 25 1.09755051807 0 0.865984043305 0.61470245051 1 3.391699 0.0781461103031 0.829634772105
10.4 1000 25 1.09845649599 0 0.864836689788 0.613313706367 1 3.394501 -0.186711102115 0.81026037429
10.5 1000 25 1.09936828607 0 0.863693493215 0.611925634519 1 3.330076 -0.431459717466 0.708671438408
10.6 1000 25 1.10027188394 0 0.862556188997 0.610534774983 1 3.388741 -0.631325300817 0.535537970832
10.7 1000 25 1.1011771917 0 0.861422821425 0.609143890555 1 3.388927 -0.766192637943 0.308753744705
10.8 1000 25 1.10208030494 0 0.86029454142 0.607751954159 1 3.387717 -0.822639571276 0.0515874831066
10.9 1000 25 1.1029862054 0 0.859169252198 0.606360663471 1 3.390974 -0.795265116596 -0.209700133669
11 1000 25 1.10388843974 0 0.858049003438 0.604968264057 1 3.433507 -0.687212540268 -0.448545752085
11.1 1000 25 1.10478821817 0 0.856933257277 0.603575109819 1 3.450415 -0.509807110125 -0.640776168329
11.2 1000 25 1.10568611542 0 0.85582167819 0.602181353104 1 3.457348 -0.281374381358 -0.767058000604
11.3 1000 25 1.10658218666 0 0.85471389846 0.60078711976 1 3.444359 -0.025348152933 -0.814842271413
11.4 1000 25 1.10747290525 0 0.853609560519 0.599393198122 1 3.397245 0.23213343566 -0.779611873541
11.5 1000 25 1.10836459682 0 0.852508359765 0.597997909763 1 3.461098 0.464894282742 -0.665305721064
11.6 1000 25 1.10925440971 0 0.85140986147 0.596602386771 1 3.467456 0.649384030603 -0.483884921961
11.7 1000 25 1.11014218696 0 0.850313716724 0.595206752757 1 3.470877 0.767059612844 -0.254081468192
11.8 1000 25 1.11102122568 0 0.849219436783 0.59381163933 1 3.428454 0.806250138191 0.000534637660698
11.9 1000 25 1.11190409064 0 0.848126774687 0.592415764098 1 3.486065 0.763312729447 0.253971372161
12 1000 25 1.11278476207 0 0.847034890207 0.591020396798 1 3.52867 0.642971504635 0.480468132496
12.1 1000 25 1.11366286688 0 0.845939707759 0.589625261778 1 3.473982 0.457818816586 0.657147290075
12.2 1000 25 1.1145309184 0 0.844832769846 0.588231149465 1 3.413872 0.226938749856 0.766268137406
12.3 1000 25 1.11540528681 0 0.843709789419 0.586837680561 1 3.447165 -0.0260149454735 0.797002062504
12.4 1000 25 1.11627620652 0 0.842572120981 0.585444451739 1 3.455989 -0.275221728847 0.746563079059
12.5 1000 25 1.11714454697 0 0.841419368849 0.584052068315 1 3.458347 -0.495350187474 0.620433511676
12.6 1000 25 1.11801007726 0 0.840251658704 0.582660838611 1 3.446115 -0.664137071034 0.431773633935
12.7 1000 25 1.1188711798 0 0.839070886947 0.581269662441 1 3.44399 -0.764642614681 0.200047577888
12.8 1000 25 1.11972969107 0 0.837876051095 0.579879753489 1 3.44419 -0.786943261013 -0.0509832659315
12.9 1000 25 1.12058527414 0 0.836667646799 0.578491166359 1 3.439377 -0.729118944181 -0.295697385615
13 1000 25 1.12143806286 0 0.835446313221 0.577104036144 1 3.438983 -0.59741104764 -0.509229336869
13.1 1000 25 1.12228807294 0 0.834212723262 0.575718461384 1 3.439073 -0.40555144779 -0.669997308869
13.2 1000 25 1.12313552617 0 0.83296712021 0.574334912467 1 3.42436 -0.173332070208 -0.761884662504
13.3 1000 25 1.12398031173 0 0.83171067494 0.572953195353 1 3.423889 0.0754369876498 -0.775858436575
13.4 1000 25 1.12482448938 0 0.830442576581 0.571574518766 1 3.429241 0.315367021008 -0.7108543694
13.5 1000 25 1.1256678349 0 0.829164078133 0.570198498883 1 3.450481 0.522086504399 -0.573854394173
13.6 1000 25 1.12650886573 0 0.827877036985 0.568824810412 1 3.461766 0.674717532809 -0.37913549253
13.7 1000 25 1.12734779591 0 0.826582568545 0.567453442016 1 3.46401 0.757983170778 -0.146782925287
13.8 1000 25 1.12818478051 0 0.825281466866 0.566084682133 1 3.456222 0.76373791607 0.0993802711346
13.9 1000 25 1.12901964685 0 0.823975058164 0.564718420403 1 3.468672 0.691765245045 0.334236634336
14 1000 25 1.12985290481 0 0.822664091478 0.563355034209 1 3.462247 0.549762391822 0.533937096336
14.1 1000 25 1.13068431942 0 0.821349726955 0.56199452662 1 3.461413 0.352520592159 0.67832491433
14.2 1000 25 1.13151412737 0 0.820033098851 0.560637014175 1 3.471248 0.120385214956 0.752970855089
14.3 1000 25 1.13234237258 0 0.818715324414 0.559282596975 1 3.472026 -0.122842299628 0.75061620224
14.4 1000 25 1.1331689202 0 0.817397543979 0.557931321318 1 3.46627 -0.352345177458 0.671878477274
14.5 1000 25 1.1339939625 0 0.816080911516 0.556583270665 1 3.469903 -0.544824058803 0.525151248454
14.6 1000 25 1.13481763275 0 0.814766464533 0.555238553537 1 3.47028 -0.680863426712 0.325712244533
14.7 1000 25 1.13564021282 0 0.813455118604 0.553897355078 1 3.462141 -0.74689109919 0.0941342226866
14.8 1000 25 1.13646134887 0 0.812148352402 0.552559589696 1 3.44893 -0.736533898231 -0.145837255606
14.9 1000 25 1.13728157016 0 0.810847007079 0.551225372799 1 3.453201 -0.651231108145 -0.369717668813
15 1000 25 1.13810066647 0 0.809552420574 0.549894667597 1 3.459553 -0.500051416664 -0.554783477846
15.1 1000 25 1.13891868312 0 0.80826573435 0.548567493559 1 3.493979 -0.298730777542 -0.682378666584
15.2 1000 25 1.13973566957 0 0.806987939784 0.547243887553 1 3.441224 -0.0680364629622 -0.739796481002
15.3 1000 25 1.14055206686 0 0.805719924436 0.54592406278 1 3.437701 0.168374122421 -0.721545751572
15.4 1000 25 1.14136777689 0 0.804462817564 0.544607833458 1 3.437019 0.386380097309 -0.629875512062
15.5 1000 25 1.14218297441 0 0.803217521011 0.543295306006 1 3.439233 0.563857555521 -0.474507442398
15.6 1000 25 1.14299787271 0 0.801984743013 0.541986594183 1 3.44258 0.682925839527 -0.271608005876
15.7 1000 25 1.14381271936 0 0.800765306225 0.540681693093 1 3.440258 0.731750293521 -0.042108039771
15.8 1000 25 1.14462771471 0 0.799559923688 0.539380648378 1 3.441537 0.705718895099 0.190455424995
15.9 1000 25 1.14544308027 0 0.798369196444 0.538083576239 1 3.444693 0.607876871103 0.402352624053
16 1000 25 1.14625901162 0 0.79719377275 0.536790449755 1 3.443806 0.448578035345 0.572082818348
16.1 1000 25 1.14707570304 0 0.796034300947 0.535501209865 1 3.515229 0.244391843909 0.682556474293
16.2 1000 25 1.14789338814 0 0.794891286934 0.53421586643 1 3.611691 0.0163818004532 0.722816416626
16.3 1000 25 1.14871223902 0 0.793765227452 0.53293438563 1 3.5607 -0.212066225656 0.689125216083
16.4 1000 25 1.14953241773 0 0.792656441298 0.531656786185 1 3.438159 -0.41764186787 0.585310082651
16.5 1000 25 1.15035431255 0 0.791565256196 0.530383054044 1 3.44457 -0.579488873772 0.422334429838
16.6 1000 25 1.1511781359 0 0.790491911999 0.529113189187 1 3.44353 -0.68132132515 0.217142838717
16.7 1000 25 1.15200406849 0 0.789436563423 0.527847170038 1 3.448619 -0.713062903919 -0.00909865714243
16.8 1000 25 1.15283234793 0 0.788399327991 0.526585006167 1 3.439546 -0.671844184665 -0.233184645664
16.9 1000 25 1.15366340127 0 0.787380251378 0.525326668701 1 3.435818 -0.562259059734 -0.432249715565
17 1000 25 1.15449768648 0 0.786379158986 0.524072022828 1 3.444472 -0.395858149103 -0.58610136289
17.1 1000 25 1.15533723886 0 0.785395879195 0.522820715615 1 3.445538 -0.189933798265 -0.679268560212
17.2 1000 25 1.15618049126 0 0.784430274756 0.521573089224 1 3.454537 0.0342752477736 -0.702557493084
17.3 1000 25 1.1570277181 0 0.783482050593 0.520329054837 1 3.452603 0.253772432824 -0.653958797068
17.4 1000 25 1.15787915061 0 0.782550960959 0.519088672819 1 3.455518 0.446161656914 -0.538816202907
17.5 1000 25 1.15873500857 0 0.781636705252 0.517851934467 1 3.458413 0.591931730238 -0.369243437394
17.6 1000 25 1.15959579167 0 0.780738951761 0.51661885985 1 3.469229 0.676435021264 -0.162852302168
17.7 1000 25 1.16046126447 0 0.779857291725 0.515389420959 1 3.497225 0.691359274868 0.0590745001491
17.8 1000 25 1.16133227134 0 0.778991198077 0.514163568826 1 3.457742 0.635544822834 0.273776570959
17.9 1000 25 1.16220847316 0 0.778140242061 0.512941234646 1 3.460121 0.515066910011 0.45934930046
18 1000 25 1.16309074963 0 0.777303784751 0.511722442829 1 3.461541 0.342578021794 0.596977736711
18.1 1000 25 1.1639788109 0 0.776481264043 0.510507139523 1 3.459102 0.13598162761 0.672844167979
18.2 1000 25 1.16487345714 0 0.775672090762 0.509295290837 1 3.467633 -0.0834244635853 0.679515017502
18.3 1000 25 1.16577448073 0 0.774875490624 0.50808688622 1 3.466879 -0.293142102493 0.616668305586
18.4 1000 25 1.16668321354 0 0.774090825664 0.506881981901 1 3.473194 -0.471778999555 0.491090863563
18.5 1000 25 1.16759831918 0 0.77331733769 0.505680394989 1 3.458532 -0.601229969103 0.315948544262
18.6 1000 25 1.16852189074 0 0.772554300223 0.504482295917 1 3.478052 -0.668511580923 0.109407807993
18.7 1000 25 1.16945197001 0 0.771800928946 0.503287459996 1 3.462003 -0.667063864798 -0.107246726582
18.8 1000 25 1.17039080695 0 0.771056530158 0.50209605496 1 3.464843 -0.597388762615 -0.311804798841
18.9 1000 25 1.17133662289 0 0.770320382131 0.500907889732 1 3.459206 -0.466963254208 -0.483406151116
19 1000 25 1.17229058633 0 0.769591615977 0.499723001102 1 3.465915 -0.289439544093 -0.604666936347
19.1 1000 25 1.17325283419 0 0.768869503696 0.498541305104 1 3.439731 -0.0832178556113 -0.663440709211
19.2 1000 25 1.17422358873 0 0.768153299171 0.497362831719 1 3.432945 0.130459364446 -0.654033982244
19.3 1000 25 1.1752032682 0 0.767442260368 0.496187521587 1 3.434641 0.329694497927 -0.577756305197
19.4 1000 25 1.17619138532 0 0.766735560285 0.495015380799 1 3.417354 0.494177732859 -0.442751341165
19.5 1000 25 1.17718866338 0 0.766032513952 0.493846469748 1 3.447942 0.607257052491 -0.263129504622
19.6 1000 25 1.17819465883 0 0.765332393607 0.492680684947 1 3.420216 0.657623174695 -0.0574947600592
19.7 1000 25 1.17920964536 0 0.764634489737 0.491518051527 1 3.409551 0.640439921401 0.152981265494
19.8 1000 25 1.18023363837 0 0.763938163218 0.490358567761 1 3.395642 0.557806685478 0.346738115244
19.9 1000 25 1.18126667601 0 0.763242741355 0.489202261602 1 3.396214 0.41850893039 0.504034307448
20 1000 25 1.18230891854 0 0.762547578724 0.4880491827 1 3.404159 0.237085919158 0.608958205234
20.1 1000 25 1.18336000332 0 0.761852129744 0.486899251186 1 3.399854 0.0323143609352 0.651037023789
20.2 1000 25 1.18441996383 0 0.761155868936 0.485752477834 1 3.400562 -0.174734235349 0.626281273043
20.3 1000 25 1.18548889079 0 0.760458272728 0.484608998827 1 3.426415 -0.362861155743 0.537560519575
20.4 1000 25 1.18656648271 0 0.759758839621 0.483468696153 1 3.416325 -0.512910355185 0.394275557543
20.5 1000 25 1.1876526828 0 0.759057160757 0.482331661096 1 3.427657 -0.609718727281 0.211363693266
20.6 1000 25 1.18874734662 0 0.758352783042 0.481197856838 1 3.43349 -0.643647804706 0.00774230829703
20.7 1000 25 1.18985034523 0 0.757645406328 0.480067415441 1 3.428861 -0.611542547543 -0.195647005203
20.8 1000 25 1.19096149441 0 0.756934747376 0.478940323909 1 3.424315 -0.517021759486 -0.377992030938
20.9 1000 25 1.19208054303 0 0.756220553483 0.477816710847 1 3.438025 -0.370073512575 -0.520739263611
21 1000 25 1.19320719869 0 0.755502582795 0.476696540858 1 3.433244 -0.186000946635 -0.609481433722
21.1 1000 25 1.1943412397 0 0.754780675825 0.475579776227 1 3.431371 0.0161708106105 -0.635411405709
21.2 1000 25 1.19548234638 0 0.754054793435 0.474466459459 1 3.42879 0.215660814767 -0.596195268512
21.3 1000 25 1.19663001403 0 0.753324991773 0.473356748592 1 3.425645 0.392068442071 -0.496178524461
21.4 1000 25 1.19778384808 0 0.752591505028 0.472250745273 1 3.4333 0.527459729251 -0.345907341864
21.5 1000 25 1.19894361111 0 0.751854224464 0.471148474688 1 3.434582 0.608190253612 -0.161017302719
21.6 1000 25 1.20010894938 0 0.751113276532 0.470050010998 1 3.43109 0.626280394639 0.0393928893561
21.7 1000 25 1.20127971963 0 0.75036844202 0.46895546664 1 3.434279 0.580203062735 0.234734474726
21.8 1000 25 1.20245605532 0 0.749619711696 0.467864718755 1 3.43806 0.475006912603 0.405043963803
21.9 1000 25 1.20363746048 0 0.748867222124 0.46677790855 1 3.44012 0.321765460442 0.533023699135
22 1000 25 1.20482387291 0 0.748111179539 0.465695019181 1 3.436051 0.136412373761 0.605798901051
22.1 1000 25 1.2060146819 0 0.747351816316 0.464616265204 1 3.433135 -0.0619150935498 0.616212850762
22.2 1000 25 1.20720984368 0 0.746589420738 0.46354159511 1 3.421336 -0.252852174192 0.563530004868
22.3 1000 25 1.20840856544 0 0.7458243231 0.46247113801 1 3.427215 -0.416898206188 0.453477458196
22.4 1000 25 1.20961105935 0 0.745056872177 0.461404864814 1 3.415638 -0.537408457593 0.297624848059
22.5 1000 25 1.21081683787 0 0.744287453607 0.460342896795 1 3.413443 -0.602283761115 0.112168737985
22.6 1000 25 1.21202511009 0 0.743516447237 0.459285433773 1 3.418061 -0.605185198137 -0.0837503345783
22.7 1000 25 1.21323621818 0 0.742744327506 0.45823235737 1 3.415024 -0.546152730186 -0.270023468634
22.8 1000 25 1.21444928223 0 0.741971510843 0.457183841094 1 3.413216 -0.431566934731 -0.427638052068
22.9 1000 25 1.21566455146 0 0.741198435359 0.456139843569 1 3.417641 -0.273461694671 -0.540618705594
23 1000 25 1.2168829463 0 0.740425570159 0.455100320105 1 3.435616 -0.0882614078381 -0.597647276607
23.1 1000 25 1.2181021266 0 0.739653364636 0.454065694203 1 3.42115 0.104925283622 -0.593196910456
23.2 1000 25 1.21932207621 0 0.738882341222 0.45303585488 1 3.416787 0.286277005187 -0.528066700385
23.3 1000 25 1.22054253184 0 0.738112971292 0.452010880432 1 3.41601 0.437293851366 -0.409265240431
23.4 1000 25 1.22176300036 0 0.737345675477 0.450990932243 1 3.413424 0.542685165244 -0.249258920829
23.5 1000 25 1.22298315501 0 0.736580945218 0.449976012475 1 3.412866 0.591918715814 -0.0646648477941
23.6 1000 25 1.22420276299 0 0.735819244222 0.448966159557 1 3.41093 0.580273215241 0.125474529505
23.7 1000 25 1.22542172632 0 0.73506068591 0.447961258064 1 3.422552 0.509290022078 0.301655648638
23.8 1000 25 1.22663997519 0 0.734305654003 0.446961316342 1 3.414775 0.386580510415 0.445915023948
23.9 1000 25 1.22785632561 0 0.733554578364 0.445966452474 1 3.410336 0.225012213763 0.543661472888
24 1000 25 1.22907335524 0 0.732808034229 0.444976225686 1 3.43289 0.0413609836101 0.585152598358
24.1 1000 25 1.23028814217 0 0.732066090671 0.443991012982 1 3.441244 -0.145430414283 0.56646531738
24.2 1000 25 1.23150102891 0 0.731329025949 0.443010573142 1 3.448307 -0.316205609522 0.489866384911
24.3 1000 25 1.23271124584 0 0.730597510987 0.442035487129 1 3.397286 -0.453560265825 0.36354455083
24.4 1000 25 1.23392053604 0 0.729871461506 0.441065696394 1 3.446618 -0.54361464421 0.200737928509
24.5 1000 25 1.23512683431 0 0.729151323783 0.440101276883 1 3.447319 -0.577418873934 0.0183482297257
24.6 1000 25 1.23633007014 0 0.728437366576 0.439142066306 1 3.46281 -0.551841314295 -0.164813274366
24.7 1000 25 1.23752854986 0 0.727731436046 0.438187739358 1 3.406301 -0.469857123571 -0.329967068494
24.8 1000 25 1.23872612375 0 0.727030319713 0.437239732111 1 3.435974 -0.34020644948 -0.460284094814
24.9 1000 25 1.23992005533 0 0.726336060552 0.436297261826 1 3.428348 -0.176469023552 -0.542611481589
25 1000 25 1.24111083812 0 0.725647807773 0.435360753473 1 3.42819 0.00435923085509 -0.568792465728
25.1 1000 25 1.24229732299 0 0.724967508484 0.434429142742 1 3.427721 0.183630235989 -0.536479393084
25.2 1000 25 1.24347956553 0 0.72429437697 0.433503005982 1 3.463528 0.342963705771 -0.449336568987
25.3 1000 25 1.24465755132 0 0.723628502675 0.432582364673 1 3.457501 0.466132885613 -0.316632974924
25.4 1000 25 1.24583100257 0 0.72296996073 0.431667205227 1 3.458632 0.540717078435 -0.152258067037
25.5 1000 25 1.24700129957 0 0.722317439197 0.430758148362 1 3.459672 0.559353217817 0.0267290392692
25.6 1000 25 1.24816617558 0 0.721673464274 0.429853835583 1 3.451932 0.52046657604 0.201872412828
25.7 1000 25 1.24932623489 0 0.721036822996 0.428954926625 1 3.450765 0.428392873987 0.355216810629
25.8 1000 25 1.25048289095 0 0.720406025822 0.428062085422 1 3.460374 0.29290375494 0.471149264941
25.9 1000 25 1.25163496822 0 0.719782352938 0.427174619417 1 3.453026 0.128171207383 0.537992687439
26 1000 25 1.25278338399 0 0.71916495124 0.426292859126 1 3.430385 -0.0487132615914 0.549177127502
26.1 1000 25 1.25392636372 0 0.718555240499 0.42541607199 1 3.428733 -0.219512424026 0.503888499867
26.2 1000 25 1.2550647557 0 0.71795242081 0.424544601179 1 3.428552 -0.3667194114 0.407115622601
26.3 1000 25 1.25619972001 0 0.717355324684 0.42367885735 1 3.425602 -0.475352580618 0.269107097813
26.4 1000 25 1.25733004284 0 0.71676506246 0.422818078887 1 3.455802 -0.534483024438 0.10428734065
26.5 1000 25 1.25845611365 0 0.716180885018 0.421962702891 1 3.459671 -0.538329575878 -0.0702489557989
26.6 1000 25 1.25957771256 0 0.715603000679 0.421112561781 1 3.456796 -0.486826100673 -0.236509137863
26.7 1000 25 1.26069570497 0 0.715031341877 0.420267412337 1 3.427698 -0.385594042705 -0.377456127671
26.8 1000 25 1.26180859505 0 0.71446582945 0.419427375964 1 3.431751 -0.24533247085 -0.478753249138
26.9 1000 25 1.26291787938 0 0.713906285825 0.418592407999 1 3.425166 -0.0806894537652 -0.530222453419
27 1000 25 1.26402213294 0 0.713352728205 0.417762508364 1 3.439848 0.0912661179848 -0.526866448934
27.1 1000 25 1.2651218369 0 0.712805174033 0.416937570685 1 3.465157 0.252812562336 -0.469352669254
27.2 1000 25 1.26621754814 0 0.712263276012 0.416117665033 1 3.548536 0.3874007853 -0.363912088333
27.3 1000 25 1.26730821448 0 0.711726988535 0.415302682978 1 3.429664 0.481349079666 -0.22166730898
27.4 1000 25 1.26839509287 0 0.711196157304 0.41449267936 1 3.406576 0.52523323168 -0.0574612231194
27.5 1000 25 1.26947719039 0 0.7106707804 0.413687425346 1 3.432673 0.514831545508 0.111690752054
27.6 1000 25 1.27055478494 0 0.710150774975 0.412887083141 1 3.454658 0.451529156369 0.268362142793
27.7 1000 25 1.27162874238 0 0.709635978661 0.412091574125 1 3.425156 0.342143853814 0.396510178425
27.8 1000 25 1.27269782347 0 0.709126451166 0.411300721584 1 3.463589 0.198194083199 0.483117868001
27.9 1000 25 1.27376347155 0 0.708622058795 0.410514628783 1 3.450815 0.0346877411602 0.51951531064
28 1000 25 1.27482417658 0 0.708122858368 0.409733142588 1 3.455138 -0.131441559319 0.502247301974
28.1 1000 25 1.27588092744 0 0.707628804162 0.408956267324 1 3.459091 -0.2830869117 0.433398850136
28.2 1000 25 1.27693429214 0 0.707139738217 0.408183984604 1 3.460712 -0.404728954765 0.320349538089
28.3 1000 25 1.27798316486 0 0.706655814724 0.407416179913 1 3.484719 -0.484023776131 0.17498443432
28.4 1000 25 1.27902830115 0 0.706176964051 0.40665281225 1 3.468958 -0.513054475365 0.0124458476054
28.5 1000 25 1.28006991297 0 0.705703139217 0.405893813709 1 3.472546 -0.48912099814 -0.150442911564
28.6 1000 25 1.28110761637 0 0.70523442741 0.405139132104 1 3.460221 -0.414988557466 -0.296918224918
28.7 1000 25 1.28214142579 0 0.704770733628 0.40438875733 1 3.461437 -0.298572053485 -0.41200042892
28.8 1000 25 1.28317188785 0 0.704311934923 0.403642638144 1 3.441203 -0.152092864794 -0.48402534629
28.9 1000 25 1.2841990809 0 0.703858049482 0.402900763757 1 3.427459 0.00920304248728 -0.505826219883
29 1000 25 1.28522283906 0 0.703409143604 0.402163046752 1 3.439391 0.168631738617 -0.475445798486
29.1 1000 25 1.28624353968 0 0.702965105583 0.40142951122 1 3.441542 0.309795941003 -0.396308078312
29.2 1000 25 1.2872612306 0 0.702525920699 0.400700071122 1 3.443144 0.418271411076 -0.276835862944
29.3 1000 25 1.28827625763 0 0.702091650867 0.399974608698 1 3.503697 0.483080384312 -0.129555521116
29.4 1000 25 1.28928809026 0 0.701662342378 0.399253099283 1 3.547444 0.497801965687 0.0302158229266
29.5 1000 25 1.29029722008 0 0.701237935575 0.398535546648 1 3.616662 0.46120720721 0.185962336338
29.6 1000 25 1.2913037559 0 0.700818361051 0.397821920813 1 3.477011 0.377356372317 0.321676618045
29.7 1000 25 1.2923080971 0 0.700403616095 0.397112180868 1 3.501299 0.255150950322 0.42350462628
29.8 1000 25 1.29331145892 0 0.699993763373 0.396406188778 1 3.456334 0.107389608639 0.481159669009
29.9 1000 25 1.29431221456 0 0.699588621692 0.395704114677 1 3.529715 -0.0505709634662 0.488961032108
30 1000 25 1.29531036526 0 0.699188084389 0.395005789975 1 3.529199 -0.20241214541 0.446392865221
30.1 1000 25 1.29630665526 0 0.69879213217 0.394311131405 1 3.549143 -0.332538941181 0.358127878395
30.2 1000 25 1.29730099941 0 0.698400704237 0.393619994421 1 3.443303 -0.427681437852 0.233516612902
30.3 1000 25 1.29829345781 0 0.698013572892 0.392932441258 1 3.46402 -0.47824794395 0.0855981847126
30.4 1000 25 1.29928435709 0 0.69763065877 0.392248429379 1 3.494734 -0.479291846039 -0.070263746748
30.5 1000 25 1.30027368782 0 0.697251850717 0.391567787618 1 3.549424 -0.430994465865 -0.217976346813
30.6 1000 25 1.30126130113 0 0.696876968725 0.390890581152 1 3.559058 -0.338616849998 -0.342379012333
30.7 1000 25 1.30224686233 0 0.696505741343 0.390216845557 1 3.579979 -0.211928991635 -0.430799568624
30.8 1000 25 1.30323072683 0 0.696138066264 0.389546516921 1 3.567291 -0.0641773667472 -0.474345197273
30.9 1000 25 1.30421270317 0 0.695773677122 0.388879796062 1 3.578291 0.0892993188673 -0.468796583196
31 1000 25 1.30519299107 0 0.695412416626 0.388216424793 1 3.546084 0.23266255283 -0.415015552193
31.1 1000 25 1.30617162262 0 0.695053996882 0.387556663621 1 3.4889 0.351208073213 -0.318826839862
31.2 1000 25 1.3071490686 0 0.694698218765 0.38690046865 1 3.500416 0.432874478372 -0.190389335157
31.3 1000 25 1.30812496226 0 0.69434487969 0.386247863934 1 3.511142 0.469470431843 -0.0431241692122
31.4 1000 25 1.30909957245 0 0.693993763543 0.385598873166 1 3.492116 0.457496077562 0.107687084028
31.5 1000 25 1.3100731264 0 0.693644576472 0.384953717268 1 3.502781 0.398476322499 0.246487756917
31.6 1000 25 1.31104555679 0 0.693297158571 0.384312355367 1 3.497663 0.298774294275 0.359050967519
31.7 1000 25 1.31201744254 0 0.692951151151 0.383675003764 1 3.494771 0.168907422757 0.433937558549
31.8 1000 25 1.31298874753 0 0.692606444985 0.383041451032 1 3.492419 0.0224391125248 0.463659376697
31.9 1000 25 1.31395944765 0 0.692262923397 0.382411761049 1 3.486371 -0.12543724193 0.445427457708
32 1000 25 1.31493002684 0 0.69192026906 0.381786041004 1 3.500195 -0.259473651764 0.381411647261
32.1 1000 25 1.31590037209 0 0.691578382567 0.381164349725 1 3.506521 -0.365940024401 0.278488267042
32.2 1000 25 1.31687041088 0 0.691237077567 0.38054674674 1 3.501913 -0.434030471433 0.147503180398
32.3 1000 25 1.31783995593 0 0.690896768788 0.379932612929 1 3.460947 -0.456960895005 0.00212984072297
32.4 1000 25 1.31880979923 0 0.690556747737 0.379322461755 1 3.435976 -0.432642441758 -0.142556728285
32.5 1000 25 1.31977981033 0 0.690216848242 0.378716361712 1 3.423447 -0.363871577386 -0.27164262131
32.6 1000 25 1.32075086183 0 0.689876116011 0.37811396543 1 3.433378 -0.258011109748 -0.371909105505
32.7 1000 25 1.32172204697 0 0.689533952425 0.377515856744 1 3.430592 -0.126207963813 -0.433194602165
32.8 1000 25 1.32269337751 0 0.689190585303 0.376921621503 1 3.4168 0.0177839947117 -0.449417785692
32.9 1000 25 1.32366614741 0 0.688844987662 0.376331777964 1 3.441636 0.159036266626 -0.419181446785
33 1000 25 1.32464021324 0 0.688497526279 0.375745662044 1 3.431815 0.282993013992 -0.345891012298
33.1 1000 25 1.32561507996 0 0.688147931025 0.375163808953 1 3.431991 0.376970614575 -0.237373619566
33.2 1000 25 1.32659105221 0 0.687796170577 0.374586024138 1 3.427243 0.431455682638 -0.105044364213
33.3 1000 25 1.32756800348 0 0.68744212088 0.374012456103 1 3.436997 0.441068013978 0.0372929047287
33.4 1000 25 1.32854641432 0 0.687085807421 0.373442865914 1 3.429131 0.405091471576 0.174884618893
33.5 1000 25 1.32952641935 0 0.686727240587 0.372877271071 1 3.428482 0.327520329262 0.293555887992
33.6 1000 25 1.33050701014 0 0.68636690912 0.372315697315 1 3.400968 0.216619246711 0.38117083073
33.7 1000 25 1.33149004855 0 0.686003880126 0.371758276438 1 3.425197 0.0840442952417 0.428872287096
33.8 1000 25 1.33247484943 0 0.685638855533 0.371204884463 1 3.420174 -0.0563799484556 0.431979125292
33.9 1000 25 1.33346105851 0 0.685271942829 0.370655578266 1 3.428612 -0.190101440437 0.390443500923
34 1000 25 1.33444910979 0 0.684903327806 0.370110392546 1 3.4221 -0.303347746163 0.308829103846
34.1 1000 25 1.3354389822 0 0.684533250851 0.369569270686 1 3.429314 -0.384544161042 0.195812350519
34.2 1000 25 1.33642997106 0 0.684162257564 0.369032180228 1 3.516034 -0.425496474172 0.0632618867281
34.3 1000 25 1.33742264099 0 0.683790398064 0.368499166049 1 3.545804 -0.42221714797 -0.0750061507378
34.4 1000 25 1.33841822804 0 0.683417424858 0.367970644011 1 3.489581 -0.375312864575 -0.204666279816
34.5 1000 25 1.33941423643 0 0.683044608864 0.367445834364 1 3.504261 -0.289896392068 -0.312369930922
34.6 1000 25 1.34041217362 0 0.682671772044 0.366924936606 1 3.49831 -0.175029190888 -0.387115124905
34.7 1000 25 1.34141233741 0 0.68229917569 0.366408046946 1 3.532626 -0.0427641691852 -0.421372171622
34.8 1000 25 1.34241460503 0 0.681927169888 0.365895167809 1 3.511985 0.0931184057773 -0.411841847195
34.9 1000 25 1.34341891333 0 0.681556192657 0.365386454259 1 3.473524 0.218545487845 -0.359771586362
35 1000 25 1.34442560976 0 0.681186812103 0.364882017797 1 3.403014 0.320607802711 -0.270799951382
35.1 1000 25 1.34543410241 0 0.680819338913 0.364381689722 1 3.396863 0.388888498451 -0.154348627818
35.2 1000 25 1.3464455725 0 0.680454026606 0.363885587662 1 3.393932 0.416524375063 -0.0226262144144
35.3 1000 25 1.34745888785 0 0.680091442767 0.363393441873 1 3.412784 0.400897332582 0.110651139521
35.4 1000 25 1.34847393889 0 0.679731884891 0.36290527212 1 3.41527 0.34387886773 0.231686312468
35.5 1000 25 1.34949128793 0 0.679375520659 0.3624213613 1 3.428999 0.251611212003 0.328028034072
35.6 1000 25 1.35051057767 0 0.679022904624 0.361941621062 1 3.424856 0.133847750497 0.389852786758
35.7 1000 25 1.35153159397 0 0.678674232848 0.361465888889 1 3.431233 0.00292297660287 0.41096465569
35.8 1000 25 1.35255458303 0 0.678329900911 0.360994214582 1 3.428225 -0.127537943899 0.389415649373
35.9 1000 25 1.35357932747 0 0.677990124452 0.360526421314 1 3.428602 -0.244036400844 0.327683337338
36 1000 25 1.35460580909 0 0.677655280644 0.360062625776 1 3.432141 -0.334595879307 0.232389089643
36.1 1000 25 1.35563398997 0 0.677325470938 0.359602879521 1 3.414175 -0.389992883184 0.113589667204
36.2 1000 25 1.35666351553 0 0.67700109638 0.359147079422 1 3.543242 -0.404695599971 -0.0162831170582
36.3 1000 25 1.35769465277 0 0.676682303706 0.358695230973 1 3.546391 -0.377415531702 -0.143722167074
36.4 1000 25 1.35872718794 0 0.676369244797 0.358247280639 1 3.462945 -0.311217002027 -0.255549129339
36.5 1000 25 1.35976096803 0 0.676062006549 0.357803291031 1 3.433341 -0.213175369838 -0.340276467802
36.6 1000 25 1.36079610716 0 0.675760745548 0.357363177509 1 3.455591 -0.0936221830627 -0.389287007
36.7 1000 25 1.36183224159 0 0.675465460386 0.356927038685 1 3.452894 0.034942509999 -0.397709820285
36.8 1000 25 1.36286925504 0 0.675176231534 0.356494762919 1 3.463652 0.159156378864 -0.364903409596
36.9 1000 25 1.36390694633 0 0.674893013338 0.35606637127 1 3.464464 0.266182900615 -0.294498424057
37 1000 25 1.36494553831 0 0.674615743732 0.355641685898 1 3.424645 0.345037339268 -0.193997985904
37.1 1000 25 1.36598464246 0 0.674344467434 0.355220792809 1 3.436941 0.38771380307 -0.073979085271
37.2 1000 25 1.36702426075 0 0.674079080334 0.35480356545 1 3.441157 0.389997508787 0.0530195054895
37.3 1000 25 1.36806426959 0 0.67381948669 0.354389959607 1 3.428196 0.351880155081 0.173806671433
37.4 1000 25 1.36910436581 0 0.673565493468 0.353980088613 1 3.42966 0.277537357178 0.275908435093
37.5 1000 25 1.3701444322 0 0.673316990664 0.353573816056 1 3.43107 0.174872998905 0.34885595866
37.6 1000 25 1.3711844416 0 0.673073820279 0.353171052792 1 3.433315 0.054679931099 0.385258468978
37.7 1000 25 1.37222413597 0 0.672835745333 0.352771831483 1 3.446694 -0.0704938338294 0.381551654103
37.8 1000 25 1.373263466 0 0.672602587482 0.352376042041 1 3.43848 -0.187654600772 0.338345739834
37.9 1000 25 1.37430256894 0 0.672374037796 0.351983656419 1 3.417922 -0.28471126512 0.260339065376
38 1000 25 1.3753408127 0 0.672149934177 0.351594638387 1 3.430178 -0.35172303369 0.155808817011
38.1 1000 25 1.3763780446 0 0.671930035166 0.351208890232 1 3.433087 -0.381917146156 0.0357337202418
38.2 1000 25 1.37741429829 0 0.671713975143 0.350826413398 1 3.4447 -0.372373057771 -0.087358151287
38.3 1000 25 1.37844973506 0 0.671501459275 0.350447246111 1 3.444026 -0.324304179166 -0.200696077259
38.4 1000 25 1.37948402674 0 0.671292263817 0.350071309586 1 3.444733 -0.242908964945 -0.292591473559
38.5 1000 25 1.38051700211 0 0.671086090657 0.349698530765 1 3.460156 -0.136810261574 -0.353642882957
38.6 1000 25 1.38154856373 0 0.670882683946 0.349328914511 1 3.44056 -0.0171429943843 -0.377697932599
38.7 1000 25 1.38257851221 0 0.670681800125 0.348962431653 1 3.437829 0.10361386136 -0.362472883413
38.8 1000 25 1.38360670742 0 0.670483155745 0.348598989922 1 3.432674 0.212938002077 -0.30976796126
38.9 1000 25 1.38463322728 0 0.670286527781 0.348238598464 1 3.408401 0.299562109064 -0.22525857883
39 1000 25 1.38565761135 0 0.670091507209 0.347881312387 1 3.474354 0.354634550464 -0.117885305064
39.1 1000 25 1.38667975617 0 0.669897998518 0.347526996391 1 3.515153 0.372624542643 0.00109045953199
39.2 1000 25 1.38769965457 0 0.669705668399 0.347175742906 1 3.509774 0.351876696477 0.119267116059
39.3 1000 25 1.38871729626 0 0.66951426588 0.346827566371 1 3.52161 0.294761821545 0.224394964901
39.4 1000 25 1.38973258635 0 0.669323563584 0.346482428353 1 3.504124 0.207408818032 0.305645671095
39.5 1000 25 1.39074546528 0 0.669133329024 0.346140397258 1 3.48371 0.0990486562896 0.354727475592
39.6 1000 25 1.39175561039 0 0.668943601821 0.345801287916 1 3.481441 -0.0189602203777 0.366731534055
39.7 1000 25 1.39276288411 0 0.668754202245 0.34546510521 1 3.446433 -0.134321610885 0.340622154398
39.8 1000 25 1.3937672756 0 0.668564928304 0.345131865161 1 3.478388 -0.235082080419 0.279323223647
39.9 1000 25 1.39476868008 0 0.668375724744 0.344801500704 1 3.472751 -0.310869290974 0.189393430374
40 1000 25 1.39576695491 0 0.668186413664 0.344474154821 1 3.514759 -0.353959419817 0.080326057038
40.1 1000 25 1.39676213227 0 0.66799680642 0.344150052784 1 3.54266 -0.36006432979 -0.0364520712101
40.2 1000 25 1.3977540921 0 0.667807007728 0.343828844592 1 3.546915 -0.328757950155 -0.148776877597
40.3 1000 25 1.39874274572 0 0.667617009255 0.343510567892 1 3.475342 -0.263499619886 -0.245013365453
40.4 1000 25 1.39972827576 0 0.667426450651 0.343195571458 1 3.489928 -0.171253999693 -0.315260053047
40.5 1000 25 1.40071042773 0 0.667235569457 0.342883486726 1 3.493712 -0.0617495351848 -0.352368192263
40.6 1000 25 1.40168916428 0 0.667044300962 0.34257451189 1 3.496343 0.0535465049446 -0.352668623926
40.7 1000 25 1.40266433505 0 0.666852720136 0.342268782549 1 3.482856 0.16262795295 -0.316334211986
40.8 1000 25 1.40363592694 0 0.666660957805 0.341966201481 1 3.456288 0.254199190511 -0.247341318926
40.9 1000 25 1.40460381946 0 0.666469041927 0.341666914673 1 3.43155 0.318844294161 -0.153036639873
41 1000 25 1.40556805198 0 0.666277145191 0.34137082105 1 3.43705 0.349994888198 -0.0433563961066
41.1 1000 25 1.40652857886 0 0.666085332754 0.341078224831 1 3.49269 0.344597308747 0.0702193013423
41.2 1000 25 1.40748537193 0 0.665893875701 0.340788760119 1 3.488986 0.303411193038 0.175867149264
41.3 1000 25 1.40843859605 0 0.665702925 0.340502482098 1 3.505554 0.230910619996 0.262650488975
41.4 1000 25 1.40938793873 0 0.665512695406 0.340219346227 1 3.485961 0.134799807325 0.321651001184
41.5 1000 25 1.4103334127 0 0.665323388761 0.339939299226 1 3.489256 0.0251959015533 0.346884595476
41.6 1000 25 1.41127511132 0 0.665135182893 0.339662468426 1 3.463939 -0.086434826416 0.335908182092
41.7 1000 25 1.41221308627 0 0.664948379349 0.339388863847 1 3.463044 -0.188475575664 0.290055116104
41.8 1000 25 1.41314719876 0 0.664763119495 0.339118364498 1 3.464329 -0.270366888652 0.214277168532
41.9 1000 25 1.41407739587 0 0.664579612469 0.338851039881 1 3.45747 -0.323698840616 0.116611334827
42 1000 25 1.41500386839 0 0.664398115062 0.338586973334 1 3.47043 -0.343074083386 0.0073286884379
42.1 1000 25 1.41592668995 0 0.664218849129 0.338326214196 1 3.462391 -0.326653621587 -0.102144564309
42.2 1000 25 1.41684568222 0 0.664042060843 0.338068560598 1 3.460237 -0.276329953943 -0.200420913226
42.3 1000 25 1.41776094302 0 0.663867860798 0.337814106967 1 3.454646 -0.197511426797 -0.277335013747
42.4 1000 25 1.41867250379 0 0.663696542327 0.33756285649 1 3.471502 -0.0985423688782 -0.324994480843
42.5 1000 25 1.41958038138 0 0.663528243535 0.337314930011 1 3.460615 0.0101790403878 -0.338589272567
42.6 1000 25 1.42048444877 0 0.663363162096 0.337070193794 1 3.471681 0.117292552376 -0.316876421764
42.7 1000 25 1.42138517318 0 0.663201477517 0.336828829206 1 3.472857 0.211661592795 -0.262291625769
42.8 1000 25 1.42228231766 0 0.66304332509 0.336590333347 1 3.48053 0.283530701374 -0.18067774393
42.9 1000 25 1.42317594462 0 0.662888825349 0.336355166212 1 3.480439 0.325532744357 -0.0806604749696
43 1000 25 1.42406622062 0 0.662738112958 0.336123236397 1 3.479101 0.333443875583 0.0272622341741
43.1 1000 25 1.42495289537 0 0.662591223414 0.335894458131 1 3.472698 0.306607350877 0.131821277069
43.2 1000 25 1.42583629507 0 0.662448237844 0.335668739961 1 3.464506 0.247984738735 0.222152317655
43.3 1000 25 1.42671620525 0 0.662309225002 0.335446091831 1 3.464472 0.163830273505 0.288923802563
43.4 1000 25 1.42759297831 0 0.662174139704 0.335226587725 1 3.465899 0.0630243796085 0.325300138662
43.5 1000 25 1.42846655771 0 0.662042974123 0.335010217365 1 3.457774 -0.043862383752 0.327641164712
43.6 1000 25 1.42933709061 0 0.661915716035 0.334797023015 1 3.45134 -0.14567731486 0.29586537233
43.7 1000 25 1.43020459045 0 0.66179228972 0.334586885249 1 3.447286 -0.231848436715 0.233441488854
43.8 1000 25 1.43106917617 0 0.6616726642 0.334379769037 1 3.437794 -0.293481590626 0.147010896292
43.9 1000 25 1.43193077621 0 0.661556785498 0.334175712817 1 3.415615 -0.324277991805 0.0456815498458
44 1000 25 1.43278989499 0 0.661444556018 0.333974332042 1 3.418962 -0.321176983172 -0.0599310448444
44.1 1000 25 1.43364646399 0 0.661335734483 0.333775726927 1 3.427701 -0.284659695683 -0.158815323321
44.2 1000 25 1.43450049088 0 0.661230286577 0.333579784239 1 3.430691 -0.21868236803 -0.240711486143
44.3 1000 25 1.43535216856 0 0.661127969866 0.333386278847 1 3.424367 -0.130248333335 -0.297175213687
44.4 1000 25 1.43620179487 0 0.661028781206 0.3331950049 1 3.427252 -0.0286652971397 -0.322447988712
44.5 1000 25 1.43704882943 0 0.66093232648 0.333006545881 1 3.44433 0.0754335963048 -0.314043841844
44.6 1000 25 1.4378934487 0 0.660838357033 0.332820750637 1 3.419576 0.171202718037 -0.272992994591
44.7 1000 25 1.43873574906 0 0.660746783671 0.332637424196 1 3.422901 0.248713408254 -0.203718409087
44.8 1000 25 1.43957571006 0 0.660657316606 0.332456847141 1 3.420977 0.299982834133 -0.113559941144
44.9 1000 25 1.44041326715 0 0.660569648429 0.33227912724 1 3.42365 0.319795972925 -0.0119971017598
45 1000 25 1.44124854788 0 0.660483547568 0.332104193077 1 3.426646 0.306235566525 0.0903473594478
45.1 1000 25 1.44208172009 0 0.660398734286 0.331932110298 1 3.428936 0.260866564879 0.182818103392
45.2 1000 25 1.44291277393 0 0.660315044755 0.331762739965 1 3.433464 0.188557275116 0.255836428628
45.3 1000 25 1.44374182712 0 0.660232261426 0.331596047775 1 3.431369 0.0969575845906 0.301892159979
45.4 1000 25 1.44456891323 0 0.660150183664 0.331431968138 1 3.427365 -0.00430989337127 0.316315855712
45.5 1000 25 1.44539410989 0 0.660068589279 0.331270451523 1 3.414743 -0.104660354198 0.297751903495
45.6 1000 25 1.44621750431 0 0.659987254978 0.331111501411 1 3.418699 -0.193652890893 0.248284502069
45.7 1000 25 1.44703916995 0 0.659906001964 0.330955140161 1 3.420193 -0.262076685255 0.173205173151
45.8 1000 25 1.44785913245 0 0.659824652503 0.330801308435 1 3.421801 -0.302904203131 0.0804473048705
45.9 1000 25 1.44867741079 0 0.659743018636 0.330650057562 1 3.418981 -0.312012809387 -0.0202516995753
46 1000 25 1.44949406792 0 0.659660998925 0.330501210088 1 3.422444 -0.288600859934 -0.118372285788
46.1 1000 25 1.45030912923 0 0.659578401304 0.33035493687 1 3.424933 -0.235256031874 -0.203711408119
46.2 1000 25 1.45112264917 0 0.659495199007 0.330210993296 1 3.424006 -0.15767060213 -0.267443468962
46.3 1000 25 1.45193471256 0 0.659411197535 0.330069505125 1 3.42838 -0.064034778493 -0.30303278487
46.4 1000 25 1.45274540292 0 0.659326303835 0.32993057652 1 3.428164 0.0358274099447 -0.30690406497
46.5 1000 25 1.45355483392 0 0.659240562646 0.329793836872 1 3.402902 0.13148830878 -0.278801242521
46.6 1000 25 1.45436259418 0 0.659153982977 0.32965919215 1 3.427455 0.213005610738 -0.221799147285
46.7 1000 25 1.45516903413 0 0.65906644972 0.329526943077 1 3.433579 0.271955211119 -0.141968223439
46.8 1000 25 1.45597403253 0 0.658978043012 0.329396646412 1 3.428023 0.302301984174 -0.0477289517435
46.9 1000 25 1.45677782344 0 0.65888878827 0.32926839633 1 3.43065 0.301017479675 0.0510357615931
47 1000 25 1.45758014143 0 0.658798739553 0.32914218542 1 3.424794 0.268382046573 0.144016341891
47.1 1000 25 1.45838113883 0 0.658707964549 0.329017886537 1 3.427812 0.207940783499 0.221552870252
47.2 1000 25 1.45918079951 0 0.658616556697 0.328895453459 1 3.422239 0.126119722351 0.275638170735
47.3 1000 25 1.45997909647 0 0.658524623261 0.328774850537 1 3.422043 0.0315434807364 0.300744799931
47.4 1000 25 1.4607759944 0 0.658432288932 0.328656021784 1 3.421562 -0.0658731467717 0.294390023815
47.5 1000 25 1.46157138192 0 0.658339725812 0.328538891906 1 3.422667 -0.155964131132 0.257381047288
47.6 1000 25 1.46236529573 0 0.658247101368 0.328423447488 1 3.420468 -0.229372604721 0.193716155239
47.7 1000 25 1.46315772907 0 0.65815456908 0.328309636602 1 3.416736 -0.278522495777 0.110154237714
47.8 1000 25 1.46394860343 0 0.658062358899 0.328197416665 1 3.417831 -0.298400458705 0.0154980735684
47.9 1000 25 1.46473770267 0 0.657970733918 0.328086595097 1 3.423233 -0.287067100026 -0.0803322018773
48 1000 25 1.46552536035 0 0.657879760554 0.327977327438 1 3.417093 -0.2458458563 -0.167337990918
48.1 1000 25 1.4663113913 0 0.657789714053 0.327869525004 1 3.419356 -0.179170878994 -0.236485164946
48.2 1000 25 1.46709574467 0 0.657700836191 0.327763153815 1 3.423746 -0.094111184941 -0.28064175736
48.3 1000 25 1.46787816119 0 0.657613525715 0.327657994239 1 3.418056 0.000377848833959 -0.295313466728
48.4 1000 25 1.46865893134 0 0.657527857839 0.327554218906 1 3.411725 0.0943963025055 -0.279100988086
48.5 1000 25 1.46943790418 0 0.657444116855 0.327451757752 1 3.41329 0.178136424384 -0.233832823901
48.6 1000 25 1.47021487101 0 0.657362670803 0.32735036852 1 3.415638 0.242905166545 -0.164360775418
48.7 1000 25 1.47099001691 0 0.657283568878 0.32725039644 1 3.417414 0.282026172644 -0.0780411660932
48.8 1000 25 1.47176320176 0 0.657207142702 0.327151656899 1 3.41827 0.291527852144 0.0160432573295
48.9 1000 25 1.47253439174 0 0.657133638326 0.32705413257 1 3.418545 0.270546395738 0.108037984432
49 1000 25 1.47330337137 0 0.657063384281 0.326957640747 1 3.423341 0.221402926158 0.188348218204
49.1 1000 25 1.47407004266 0 0.656996485949 0.326862435976 1 3.413959 0.14934826598 0.248638917399
49.2 1000 25 1.47483458751 0 0.656933123638 0.326768559279 1 3.417148 0.0620028417098 0.282699457438
49.3 1000 25 1.47559684931 0 0.656873598444 0.326675801895 1 3.420428 -0.0314482965545 0.28708311159
49.4 1000 25 1.47635669293 0 0.656818150245 0.326583981746 1 3.452866 -0.121220396582 0.26145545368
49.5 1000 25 1.47711419269 0 0.656766889305 0.326493324772 1 3.441141 -0.197952669596 0.208616853907
49.6 1000 25 1.47786933252 0 0.656719944586 0.32640379808 1 3.443859 -0.2536837684 0.134197506262
49.7 1000 25 1.4786220248 0 0.656677506014 0.326315326603 1 3.455566 -0.282677301831 0.0460584742496
49.8 1000 25 1.47937225402 0 0.656639638336 0.326227976541 1 3.449887 -0.282011846935 -0.046537785864
49.9 1000 25 1.48011995062 0 0.65660647103 0.326141665038 1 3.466947 -0.251874956131 -0.13389997455
50 1000 25 1.48086499087 0 0.656577973455 0.326056658045 1 3.468602 -0.195531446228 -0.206921412721
50.1 1000 25 1.48160743716 0 0.65655427165 0.325972792466 1 3.451661 -0.11897056812 -0.258028728764
50.2 1000 25 1.48234725181 0 0.656535397179 0.325889986208 1 3.509618 -0.030270171507 -0.281966706705
50.3 1000 25 1.48308443139 0 0.656521341313 0.325808233835 1 3.628635 0.0612548010604 -0.276338212068
50.4 1000 25 1.48381894685 0 0.656512077185 0.325727530443 1 3.763912 0.146029673505 -0.241843716787
50.5 1000 25 1.48455081163 0 0.656507591239 0.325647876822 1 3.607213 0.215220982486 -0.182196532699
50.6 1000 25 1.48527995799 0 0.656507809658 0.325569260105 1 3.462694 0.261656261913 -0.103723723393
50.7 1000 25 1.4860064061 0 0.656512618527 0.325491682867 1 3.453068 0.280566957812 -0.0146956444752
50.8 1000 25 1.48673015642 0 0.656521919826 0.325415142758 1 3.457795 0.270077674626 0.075545017336
50.9 1000 25 1.48745118802 0 0.656535571918 0.325339632386 1 3.452537 0.231391459098 0.157562994109
51 1000 25 1.48816948696 0 0.656553429117 0.325265144686 1 3.455041 0.168653015716 0.22281625073
51.1 1000 25 1.48888511797 0 0.656575313981 0.325191709325 1 3.453703 0.088505068211 0.264545057318
51.2 1000 25 1.48959806771 0 0.656600989617 0.325119290378 1 3.454085 -0.000614289767924 0.27847185042
51.3 1000 25 1.49030832445 0 0.656630313675 0.325047889088 1 3.453324 -0.089359510215 0.263238840334
51.4 1000 25 1.49101596041 0 0.656662972355 0.324977468098 1 3.466099 -0.168457095812 0.220539974162
51.5 1000 25 1.49172095379 0 0.656698698874 0.32490806153 1 3.466198 -0.229673905317 0.15493296384
51.6 1000 25 1.49242322458 0 0.656737237485 0.324839666329 1 3.561644 -0.266673694083 0.0733533869219
51.7 1000 25 1.4931231713 0 0.656778335047 0.324772329989 1 3.695641 -0.275672549601 -0.0156181322614
51.8 1000 25 1.49382038923 0 0.656821738016 0.324705966843 1 3.817914 -0.255825278995 -0.102658005619
51.9 1000 25 1.49451532384 0 0.65686714248 0.324640629687 1 3.817169 -0.209303816206 -0.178676389215
52 1000 25 1.49520768274 0 0.656914223913 0.324576304727 1 3.788188 -0.141059669528 -0.23576578503
52.1 1000 25 1.49589777655 0 0.656962732788 0.324512984266 1 3.846852 -0.0582977516992 -0.26802333438
52.2 1000 25 1.49658518189 0 0.657012325651 0.324450614115 1 3.896992 0.0302843717084 -0.272160604897
52.3 1000 25 1.49727040754 0 0.657062751534 0.324389266708 1 3.866246 0.11540997963 -0.247838661948
52.4 1000 25 1.49795349592 0 0.657113721522 0.324328759071 1 3.846009 0.188194362894 -0.197693310197
52.5 1000 25 1.49863436019 0 0.657164906338 0.324269230591 1 3.90465 0.241071759939 -0.127050118469
52.6 1000 25 1.49931306655 0 0.65721602226 0.324210671222 1 3.967298 0.268581529673 -0.0433589522696
52.7 1000 25 1.4999896729 0 0.657266799169 0.324153091374 1 4.080354 0.267931765581 0.0445912936517
52.8 1000 25 1.50066425111 0 0.657316969739 0.324096483945 1 3.974435 0.239282215045 0.127595404257
52.9 1000 25 1.5013369677 0 0.657366324156 0.324040720535 1 3.914907 0.185718024054 0.196995042819
53 1000 25 1.50200801262 0 0.65741464463 0.32398566672 1 3.906497 0.112917813709 0.245581568145
53.1 1000 25 1.50267729006 0 0.657461677135 0.323931454631 1 3.939923 0.0285520982545 0.268344599185
53.2 1000 25 1.50334487302 0 0.657507195238 0.323878098963 1 3.949535 -0.0585247183373 0.262988550816
53.3 1000 25 1.50401071408 0 0.657550972257 0.323825697991 1 3.925052 -0.139203326539 0.230163780496
53.4 1000 25 1.50467496663 0 0.657592856473 0.323774117421 1 3.804487 -0.205072285083 0.1733892483
53.5 1000 25 1.50533777611 0 0.657632713534 0.32372321918 1 4.043437 -0.249294726949 0.0986755814989
53.6 1000 25 1.50599932885 0 0.657670402629 0.32367293738 1 3.984966 -0.267317801329 0.0138891847262
53.7 1000 25 1.50665955753 0 0.657705818766 0.323623227689 1 4.007609 -0.257341312521 -0.0720756886514
53.8 1000 25 1.50731867678 0 0.657738883749 0.323574048211 1 3.952226 -0.220497227078 -0.150229704598
53.9 1000 25 1.50797674912 0 0.657769526535 0.323525298431 1 3.943598 -0.160722185068 -0.21242819316
54 1000 25 1.50863381351 0 0.657797634424 0.323477114513 1 3.873974 -0.084337464069 -0.252219791241
54.1 1000 25 1.50928956408 0 0.657823134899 0.323429633444 1 3.664744 0.000619234149662 -0.265515416182
54.2 1000 25 1.50994417098 0 0.657845967017 0.323383030461 1 3.533462 0.0852390813409 -0.251008601428
54.3 1000 25 1.51059771014 0 0.657866181734 0.323337107836 1 3.543084 0.160676059874 -0.210303362954
54.4 1000 25 1.51124997429 0 0.657883757633 0.323292052386 1 3.606696 0.219071484235 -0.147737767482
54.5 1000 25 1.51190092101 0 0.657898672488 0.323247997018 1 3.951512 0.254372568233 -0.0699220021354
54.6 1000 25 1.51255094065 0 0.657911072115 0.323204792508 1 3.9657 0.262959693753 0.0149593832649
54.7 1000 25 1.51319985051 0 0.657920953708 0.32316265314 1 3.88084 0.244017554929 0.0980080836702
54.8 1000 25 1.51384775605 0 0.657928441833 0.323121484486 1 3.759195 0.19961196285 0.170544290348
54.9 1000 25 1.51449508398 0 0.657933643442 0.323081383991 1 3.782335 0.134465196545 0.225013842532
55 1000 25 1.51514143941 0 0.6579366951 0.323042343902 1 3.779094 0.0554547985233 0.255774352987
55.1 1000 25 1.51578686563 0 0.657937725815 0.323004170874 1 3.544174 -0.0291126137479 0.25968012019
55.2 1000 25 1.51643145303 0 0.657936917046 0.322967185101 1 3.470479 -0.110373493219 0.236403386732
55.3 1000 25 1.51707537428 0 0.657934461341 0.322931130707 1 3.457363 -0.179836576236 0.188460681964
55.4 1000 25 1.5177188072 0 0.657930678865 0.322895937436 1 3.457088 -0.230269143875 0.120941236791
55.5 1000 25 1.5183620441 0 0.657925676106 0.322861675663 1 3.414825 -0.256450349548 0.0409674599921
55.6 1000 25 1.51900488977 0 0.657919737131 0.322828296925 1 3.421033 -0.255711315183 -0.0430557023684
55.7 1000 25 1.51964705138 0 0.657913050678 0.322795721026 1 3.41448 -0.228207276579 -0.122323628462
55.8 1000 25 1.52028903952 0 0.657905926107 0.322764077137 1 3.420117 -0.176893447474 -0.188553977594
55.9 1000 25 1.52093070558 0 0.657898588584 0.322733216377 1 3.398965 -0.10720821047 -0.234851869915
56 1000 25 1.5215719194 0 0.657891230397 0.322703303744 1 3.400426 -0.0264972309395 -0.256427201931
56.1 1000 25 1.52221284469 0 0.657884136481 0.322674222526 1 3.415908 0.0567601356724 -0.251090214645
56.2 1000 25 1.52285353431 0 0.657877538146 0.322645972395 1 3.413978 0.133841025924 -0.219473601322
56.3 1000 25 1.5234938308 0 0.657871688953 0.32261853079 1 3.402723 0.196692428276 -0.164958734934
56.4 1000 25 1.52413378265 0 0.657866809098 0.322591931302 1 3.414449 0.238771992451 -0.0933146716436
56.5 1000 25 1.52477333008 0 0.657863148837 0.322566153806 1 3.415146 0.255728788491 -0.0120883041844
56.6 1000 25 1.52541247874 0 0.657860917725 0.322541215753 1 3.410643 0.245852852694 0.0701900150392
56.7 1000 25 1.52605117913 0 0.657860347191 0.322517104697 1 3.414651 0.210247565303 0.14490161583
56.8 1000 25 1.52668938348 0 0.657861660151 0.322493829459 1 3.418894 0.152706948312 0.204241768346
56.9 1000 25 1.52732709575 0 0.657865033612 0.322471406402 1 3.409628 0.0793120068657 0.242034421104
57 1000 25 1.5279642585 0 0.657870626348 0.322449829885 1 3.416023 -0.00221136267183 0.254374636328
57.1 1000 25 1.52860082166 0 0.657878620223 0.322429100081 1 3.416144 -0.0833049691462 0.240031805509
57.2 1000 25 1.52923675893 0 0.657889164856 0.322409227433 1 3.420111 -0.155476118887 0.200572016204
57.3 1000 25 1.52987200966 0 0.657902417648 0.322390218381 1 3.421256 -0.211186385175 0.140187546495
57.4 1000 25 1.5305065264 0 0.65791847949 0.322372077504 1 3.419597 -0.244638471163 0.0652518919473
57.5 1000 25 1.53114024634 0 0.657937490418 0.322354809894 1 3.422908 -0.252379044706 -0.0163523877899
57.6 1000 25 1.53177312644 0 0.657959514044 0.322338419565 1 3.423749 -0.233654889904 -0.0960622462389
57.7 1000 25 1.53240509463 0 0.657984640008 0.322322912719 1 3.455476 -0.190485732953 -0.165532063394
57.8 1000 25 1.53303611081 0 0.658012919656 0.322308305955 1 3.415731 -0.127446664068 -0.217506810626
57.9 1000 25 1.53366609916 0 0.658044376592 0.322294590887 1 3.419833 -0.0511836211145 -0.246579179668
58 1000 25 1.53429499352 0 0.658079063466 0.322281785208 1 3.424493 0.0302867810246 -0.249751645034
58.1 1000 25 1.5349227425 0 0.658116961094 0.32226988761 1 3.422095 0.108419391665 -0.226745182185
58.2 1000 25 1.53554927201 0 0.65815805671 0.322258909318 1 3.421275 0.175036202193 -0.180022779791
58.3 1000 25 1.53617442456 0 0.658202327428 0.322248855004 1 3.420523 0.223181721498 -0.114525974376
58.4 1000 25 1.53679832965 0 0.658249708941 0.32223973726 1 3.425175 0.247848672313 -0.0371524590727
58.5 1000 25 1.53742083593 0 0.658300137126 0.322231561595 1 3.43988 0.246498265613 0.043969908172
58.6 1000 25 1.53804186779 0 0.658353538792 0.322224329692 1 3.429284 0.219321132062 0.120336433982
58.7 1000 25 1.53866136335 0 0.658409811604 0.322218056017 1 3.431069 0.169212040744 0.183956682164
58.8 1000 25 1.53927930276 0 0.658468867226 0.322212692878 1 3.428983 0.101461674334 0.228189960395
58.9 1000 25 1.5398955894 0 0.658530560416 0.322208293728 1 3.432811 0.023198235008 0.24843795261
59 1000 25 1.5405101612 0 0.658594754914 0.322204865806 1 3.41379 -0.0573622026472 0.242622313089
59.1 1000 25 1.54112296293 0 0.658661300053 0.322202418758 1 3.440548 -0.131777805439 0.211397601867
59.2 1000 25 1.54173395566 0 0.658730030931 0.322200955701 1 3.405599 -0.192265105324 0.15807779465
59.3 1000 25 1.542343357 0 0.65880085063 0.322200399515 1 3.406598 -0.232512616016 0.0882845954926
59.4 1000 25 1.54295092594 0 0.658873550508 0.322200785122 1 3.393341 -0.248338896552 0.00935490980452
59.5 1000 25 1.54355649574 0 0.6589479085 0.322202152298 1 3.390792 -0.238126615833 -0.0704301442482
59.6 1000 25 1.54416026939 0 0.659023814034 0.322204426656 1 3.386969 -0.202987356889 -0.142713761849
59.7 1000 25 1.54476193934 0 0.659101002599 0.322207691137 1 3.389295 -0.14664078686 -0.199938303789
59.8 1000 25 1.54536147523 0 0.659179288325 0.322211954971 1 3.387773 -0.0750208222263 -0.236135053284
59.9 1000 25 1.54595883183 0 0.659258487783 0.322217249862 1 3.390351 0.00434913880877 -0.247546397795
60 1000 25 1.54655395944 0 0.6593383924 0.322223538532 1 3.391575 0.0831462364589 -0.233015523378
60.1 1000 25 1.54714683002 0 0.659418822768 0.322230856258 1 3.391557 0.153120628079 -0.194103256342
60.2 1000 25 1.54773740523 0 0.659499586492 0.32223920932 1 3.385683 0.206958833203 -0.134920454309
60.3 1000 25 1.5483257849 0 0.659580504446 0.322248520251 1 3.405319 0.239047760523 -0.0616937153261
60.4 1000 25 1.54891181847 0 0.659661399952 0.32225885398 1 3.383485 0.246059550912 0.0178895910496
60.5 1000 25 1.54949534082 0 0.659742057981 0.322270272708 1 3.3831 0.227296362155 0.0954881484456
60.6 1000 25 1.55007646085 0 0.659822339761 0.322282728479 1 3.386521 0.184759468936 0.16298068538
60.7 1000 25 1.5506552024 0 0.659902067083 0.322296233618 1 3.413413 0.122935743005 0.213315570908
60.8 1000 25 1.55123142857 0 0.659981082686 0.322310840125 1 3.402902 0.0483245099846 0.241247283849
60.9 1000 25 1.55180527082 0 0.660059279635 0.322326485017 1 3.408999 -0.0312457134599 0.24388276385
61 1000 25 1.55237671947 0 0.660136532035 0.32234316259 1 3.396613 -0.107438338765 0.220980742687
61.1 1000 25 1.55294578803 0 0.660212703743 0.322360872322 1 3.400577 -0.172281845789 0.174973251651
61.2 1000 25 1.55351246943 0 0.660287702692 0.322379604587 1 3.397217 -0.219003541917 0.110707349936
61.3 1000 25 1.55407676217 0 0.660361439739 0.322399349262 1 3.394806 -0.242736610175 0.0349345410769
61.4 1000 25 1.55463869382 0 0.660433814943 0.322420098968 1 3.387781 -0.241026802553 -0.0443983514793
61.5 1000 25 1.55519826182 0 0.660504764246 0.322441841848 1 3.407529 -0.214086015919 -0.118982415619
61.6 1000 25 1.55575548917 0 0.660574234281 0.322464570729 1 3.399249 -0.164766542133 -0.18101659349
61.7 1000 25 1.55631037704 0 0.660642171929 0.322488265191 1 3.409804 -0.0982591433219 -0.224023327237
61.8 1000 25 1.55686295763 0 0.660708557732 0.322512913305 1 3.403784 -0.0215468149309 -0.243524695033
61.9 1000 25 1.55741343726 0 0.660773395081 0.3225384054 1 3.410192 0.057328219141 -0.237508387969
62 1000 25 1.55796163765 0 0.660836643375 0.322564814234 1 3.39886 0.130107340182 -0.206635121093
62.1 1000 25 1.5585077574 0 0.660898363709 0.322591999373 1 3.395013 0.189180006387 -0.154166203738
62.2 1000 25 1.55905171975 0 0.660958523093 0.322620014346 1 3.40236 0.228379228272 -0.0856190615077
62.3 1000 25 1.55959380874 0 0.661017203169 0.322648704316 1 3.4076 0.243625171454 -0.0081871746258
62.4 1000 25 1.56013397009 0 0.661074408079 0.322678120514 1 3.409892 0.233349452704 0.0700145543317
62.5 1000 25 1.56067187209 0 0.661130111911 0.322708347597 1 3.409773 0.198656425798 0.14079997402
62.6 1000 25 1.56120773561 0 0.66118447931 0.322739388714 1 3.401241 0.143204179531 0.196768359678
62.7 1000 25 1.56174153186 0 0.661237485213 0.322771091413 1 3.40045 0.0728194563232 0.232077813012
62.8 1000 25 1.5622730917 0 0.661289214633 0.322803512759 1 3.403955 -0.00511474398075 0.243054635716
62.9 1000 25 1.56280249987 0 0.661339732585 0.322836687003 1 3.406409 -0.0824335989785 0.228575427671
63 1000 25 1.56332982619 0 0.661389105174 0.322870543149 1 3.402451 -0.151045108184 0.190181913909
63.1 1000 25 1.56385508958 0 0.661437418322 0.32290508769 1 3.407046 -0.203776932534 0.131916487145
63.2 1000 25 1.56437835784 0 0.66148478546 0.322940272255 1 3.409128 -0.235125576883 0.0598970669241
63.3 1000 25 1.56489959045 0 0.661531295392 0.322976079369 1 3.408739 -0.241830720653 -0.0183254304758
63.4 1000 25 1.56541888998 0 0.661577029116 0.32301244814 1 3.404273 -0.223213837014 -0.0945583256711
63.5 1000 25 1.56593635154 0 0.661622103379 0.323049298039 1 3.39813 -0.181246668755 -0.160825032168
63.6 1000 25 1.56645165039 0 0.661666605003 0.323086765455 1 3.402687 -0.120342287272 -0.210199167841
63.7 1000 25 1.56696513532 0 0.661710606368 0.32312468213 1 3.404232 -0.0468912956561 -0.237528284578
63.8 1000 25 1.56747707585 0 0.661754196749 0.323163090815 1 3.389719 0.0314086301545 -0.239970883711
63.9 1000 25 1.56798713135 0 0.661797505669 0.323201867812 1 3.408484 0.106359282004 -0.217292349351
64 1000 25 1.56849552293 0 0.661840638429 0.323241032615 1 3.409665 0.170119948821 -0.171885985131
64.1 1000 25 1.56900237274 0 0.661883613857 0.32328044818 1 3.409242 0.216027003542 -0.10852139526
64.2 1000 25 1.56950761468 0 0.661926610766 0.3233201734 1 3.406328 0.239290135449 -0.0338427969163
64.3 1000 25 1.57001133405 0 0.661969686304 0.323360252567 1 3.406684 0.237491738874 0.0443267929698
64.4 1000 25 1.5705134507 0 0.662012925132 0.323400544393 1 3.411935 0.210838195362 0.117805383016
64.5 1000 25 1.57101411339 0 0.662056378276 0.323441026282 1 3.413028 0.162135613442 0.178908121612
64.6 1000 25 1.57151338998 0 0.662100136525 0.323481718671 1 3.419089 0.0964944525405 0.221250071644
64.7 1000 25 1.5720112781 0 0.662144281624 0.323522517236 1 3.411507 0.020793667123 0.240413380472
64.8 1000 25 1.5725077832 0 0.662188808004 0.323563481136 1 3.413815 -0.0570405632071 0.23440769762
64.9 1000 25 1.57300288377 0 0.66223377006 0.323604571736 1 3.409101 -0.128864015028 0.203876648991
65 1000 25 1.57349666751 0 0.662279242695 0.323645715441 1 3.39929 -0.187166459447 0.152028695812
65.1 1000 25 1.57398912196 0 0.662325233663 0.323686894614 1 3.405791 -0.225856764572 0.084299729331
65.2 1000 25 1.57448026262 0 0.662371773235 0.323728133745 1 3.388121 -0.240898551258 0.00778311179953
65.3 1000 25 1.57497012307 0 0.662418860521 0.323769384578 1 3.389846 -0.230731035993 -0.0695129439399
65.4 1000 25 1.57545874536 0 0.662466504572 0.323810618076 1 3.385313 -0.196430627027 -0.139503378628
65.5 1000 25 1.57594608869 0 0.662514737777 0.323851824363 1 3.391008 -0.141596712668 -0.194871689086
65.6 1000 25 1.57643222803 0 0.662563509209 0.323892972412 1 3.390009 -0.0719737854213 -0.229834368588
65.7 1000 25 1.57691715927 0 0.662612792532 0.323934060868 1 3.405967 0.00515038508364 -0.240744602547
65.8 1000 25 1.57740088833 0 0.662662592113 0.323975071239 1 3.388937 0.0817075085561 -0.22647230706
65.9 1000 25 1.57788354885 0 0.662712851717 0.324015964819 1 3.407647 0.149692706203 -0.188520802458
66 1000 25 1.57836479811 0 0.662763604592 0.32405671893 1 3.399059 0.202001180478 -0.130868214158
66.1 1000 25 1.57884507454 0 0.662814689031 0.324097354584 1 3.411915 0.233170332896 -0.0595502658331
66.2 1000 25 1.5793241288 0 0.662866070029 0.324137845898 1 3.402582 0.239949952128 0.0179716242971
66.3 1000 25 1.57980210488 0 0.662917689352 0.324178175983 1 3.388391 0.221640678715 0.0935909568945
66.4 1000 25 1.58027899986 0 0.662969490881 0.324218332447 1 3.387579 0.180165862832 0.159403678127
66.5 1000 25 1.5807548323 0 0.663021403408 0.324258330659 1 3.40239 0.11986917735 0.208534194203
66.6 1000 25 1.58122959723 0 0.663073390384 0.324298146697 1 3.4084 0.0470596118773 0.235853299584
66.7 1000 25 1.58170339922 0 0.663125392377 0.324337752538 1 3.404963 -0.0306488243662 0.238513363603
66.8 1000 25 1.582176084 0 0.663177314668 0.324377144305 1 3.409194 -0.105133326441 0.216244820343
66.9 1000 25 1.5826477873 0 0.663229099126 0.324416306765 1 3.399854 -0.168611229083 0.171383119956
67 1000 25 1.5831183677 0 0.663280646513 0.324455251983 1 3.401759 -0.21445299866 0.108623550557
67.1 1000 25 1.58358775727 0 0.663331860637 0.324493983531 1 3.403604 -0.237874388287 0.0345295886875
67.2 1000 25 1.58405611336 0 0.663382702439 0.324532475315 1 3.401421 -0.236435425036 -0.0431535461414
67.3 1000 25 1.58452334559 0 0.663433077751 0.324570730599 1 3.394025 -0.210294283704 -0.116308611891
67.4 1000 25 1.58498945531 0 0.663482918539 0.324608743834 1 3.401109 -0.162189704249 -0.177294391536
67.5 1000 25 1.58545442311 0 0.663532165468 0.324646489948 1 3.403848 -0.0971537621148 -0.219743745295
67.6 1000 25 1.58591836272 0 0.663580755012 0.324683963828 1 3.400836 -0.0219853444272 -0.239228113618
67.7 1000 25 1.58638134304 0 0.663628634877 0.324721202401 1 3.399244 0.055460869554 -0.233719299964
67.8 1000 25 1.58684265579 0 0.663675688855 0.32475815979 1 3.404921 0.127094835559 -0.203800274647
67.9 1000 25 1.58730339995 0 0.663721882579 0.324795018399 1 3.398215 0.18543659773 -0.152603226096
68 1000 25 1.58776295528 0 0.663767153516 0.32483143215 1 3.398448 0.224397031468 -0.0854817268023
68.1 1000 25 1.58822123974 0 0.663811445341 0.324867771709 1 3.39911 0.23991304583 -0.00945028298683
68.2 1000 25 1.58867824126 0 0.663854785774 0.324903613147 1 3.402262 0.230371523367 0.0675482343706
68.3 1000 25 1.58913443154 0 0.663897013298 0.324939149872 1 3.407687 0.196776520564 0.137473095667
68.4 1000 25 1.58958949594 0 0.663938162272 0.324974678702 1 3.405466 0.142643167037 0.193024732065
68.5 1000 25 1.59004311868 0 0.663978240711 0.325009816331 1 3.404384 0.073630262114 0.228407000739
68.6 1000 25 1.59049622193 0 0.664017125864 0.325045104382 1 3.402229 -0.00305193099749 0.23993160839
68.7 1000 25 1.59094802971 0 0.66405491985 0.325080133716 1 3.403785 -0.0793944633293 0.226402523475
68.8 1000 25 1.59139897885 0 0.664091606002 0.325114791876 1 3.400764 -0.147426998378 0.189239977157
68.9 1000 25 1.59184933152 0 0.664127221201 0.325149276439 1 3.397537 -0.200049219698 0.132330955583
69 1000 25 1.59229883959 0 0.664161756379 0.325183667587 1 3.40254 -0.231772095335 0.0616227708252
69.1 1000 25 1.59274755764 0 0.664195222852 0.325217876348 1 3.405887 -0.239290208584 -0.015498564463
69.2 1000 25 1.59319534254 0 0.664227642791 0.325251949357 1 3.406528 -0.221826131626 -0.0909801259588
69.3 1000 25 1.59364236737 0 0.664259035826 0.325285882018 1 3.380182 -0.181210592069 -0.156942741668
69.4 1000 25 1.59408854975 0 0.664289466904 0.325319704288 1 3.360543 -0.121690479893 -0.206503568844
69.5 1000 25 1.59453397579 0 0.664319030242 0.32535342649 1 3.377663 -0.0494846604041 -0.234494163475
69.6 1000 25 1.59497861265 0 0.664347765984 0.32538704657 1 3.357807 0.027865855562 -0.237999277155
69.7 1000 25 1.59542285912 0 0.664375736465 0.325420536081 1 3.359729 0.102285532727 -0.216660447042
69.8 1000 25 1.59586649391 0 0.664403039083 0.325453878639 1 3.365063 0.166007290681 -0.172712520728
69.9 1000 25 1.5963096757 0 0.664429767236 0.325486972598 1 3.358303 0.212383181431 -0.110749479347
70 1000 25 1.59675223367 0 0.664455901816 0.325520175732 1 3.358796 0.236577828265 -0.0372441180107
70.1 1000 25 1.59719435526 0 0.664481570561 0.325553324523 1 3.361328 0.236072446962 0.0401280720149
70.2 1000 25 1.59763634077 0 0.664506980593 0.325586070269 1 3.355467 0.210926985299 0.113290373966
70.3 1000 25 1.59807781255 0 0.664532063637 0.325618935492 1 3.372085 0.163773005967 0.17460800415
70.4 1000 25 1.59851903352 0 0.664556957573 0.325651815007 1 3.393235 0.0995381911557 0.21768462268
70.5 1000 25 1.59896015712 0 0.664581913003 0.325684462565 1 3.35121 0.024931430583 0.238029476127
70.6 1000 25 1.59940094264 0 0.664606796406 0.325717347717 1 3.375971 -0.052258015255 0.23352555913
70.7 1000 25 1.59984167513 0 0.664631874593 0.325750033864 1 3.355881 -0.123973518664 0.204649616768
70.8 1000 25 1.60028222634 0 0.664657099338 0.325782931796 1 3.367525 -0.18273208186 0.154421732522
70.9 1000 25 1.60072274733 0 0.66468271548 0.32581569604 1 3.376884 -0.222404947776 0.0880893419544
71 1000 25 1.60116329471 0 0.664708669897 0.325848645007 1 3.374959 -0.238856670309 0.012578972141
71.1 1000 25 1.60160387513 0 0.664735148828 0.325881626147 1 3.374827 -0.230376133764 -0.0642269303989
71.2 1000 25 1.60204467105 0 0.66476227688 0.325914458138 1 3.374136 -0.197854321528 -0.134312827882
71.3 1000 25 1.60248563172 0 0.664790030999 0.325947630798 1 3.370255 -0.144690677163 -0.190366438146
71.4 1000 25 1.60292667221 0 0.664818597479 0.325980796746 1 3.372861 -0.0764377194882 -0.226541627329
71.5 1000 25 1.6033681398 0 0.664848020663 0.326014104787 1 3.377172 -0.000221032410362 -0.239067730375
71.6 1000 25 1.60380992903 0 0.664878385092 0.326047456868 1 3.373424 0.0760044462426 -0.226642718244
71.7 1000 25 1.60425202358 0 0.664909728458 0.32608090821 1 3.376696 0.144284846984 -0.190568199011
71.8 1000 25 1.60469434484 0 0.664942054604 0.326114470319 1 3.372801 0.197496989616 -0.134613045766
71.9 1000 25 1.60513716588 0 0.664975560985 0.326148192169 1 3.374193 0.230091320757 -0.0646194819848
72 1000 25 1.60558044289 0 0.665010222634 0.326181927547 1 3.377249 0.238670696619 0.0121067912535
72.1 1000 25 1.60602417064 0 0.665046098547 0.326215711186 1 3.372526 0.222344047169 0.0875591111226
72.2 1000 25 1.6064682903 0 0.665083179463 0.326249496104 1 3.373738 0.182818930973 0.153865376253
72.3 1000 25 1.60691299869 0 0.665121570363 0.326283193791 1 3.369037 0.124222651774 0.204109066509
72.4 1000 25 1.60735823537 0 0.665161264218 0.326316954113 1 3.373554 0.0526713413539 0.233050597676
72.5 1000 25 1.60780393439 0 0.665202295292 0.326350785059 1 3.368687 -0.0243684829816 0.237673513154
72.6 1000 25 1.60825013256 0 0.665244642226 0.326384530302 1 3.371964 -0.0988590186779 0.217498747031
72.7 1000 25 1.60869692816 0 0.665288288262 0.326418391968 1 3.369667 -0.163029670484 0.174633860652
72.8 1000 25 1.60914413011 0 0.665333197545 0.326452133073 1 3.367892 -0.210187553543 0.113553047193
72.9 1000 25 1.60959165531 0 0.665379328704 0.326485878702 1 3.374388 -0.235415257671 0.0406297824005
73 1000 25 1.61003977001 0 0.665426735958 0.326519545524 1 3.371658 -0.236083396678 -0.0365281668463
73.1 1000 25 1.61048826894 0 0.665475310984 0.326553235633 1 3.370197 -0.212124522927 -0.109872366516
73.2 1000 25 1.61093733495 0 0.665525024457 0.326586801193 1 3.359875 -0.166039684474 -0.171753175222
73.3 1000 25 1.61138696277 0 0.665575892159 0.326620204653 1 3.37259 -0.102637154778 -0.215717422372
73.4 1000 25 1.61183658103 0 0.665627761119 0.326653447291 1 3.369826 -0.0285306248922 -0.23718122609
73.5 1000 25 1.61228598291 0 0.665680470773 0.326686598147 1 3.371914 0.0485506446752 -0.233907622792
73.6 1000 25 1.61273570546 0 0.665734124002 0.326720042856 1 3.37194 0.120568096956 -0.206239178948
73.7 1000 25 1.61318555269 0 0.665788360166 0.326753315072 1 3.370704 0.180011982395 -0.157062686981
73.8 1000 25 1.61363555479 0 0.665843424548 0.326786684586 1 3.369996 0.220684126689 -0.091506867986
73.9 1000 25 1.61408537439 0 0.665898778708 0.326819816666 1 3.370893 0.238344559103 -0.0164083374174
74 1000 25 1.61453473293 0 0.665954571682 0.326852681677 1 3.36899 0.231152658371 0.0604025367767
74.1 1000 25 1.61498414292 0 0.666010559665 0.326885573072 1 3.370692 0.199859087255 0.130916985628
74.2 1000 25 1.61543333279 0 0.66606670938 0.326918500755 1 3.372662 0.147727008121 0.187783624713
74.3 1000 25 1.61588216555 0 0.666123011732 0.326951576582 1 3.369499 0.0801920062711 0.225074101471
74.4 1000 25 1.61633086807 0 0.666179073399 0.326984435041 1 3.370334 0.00429491819236 0.238901532508
74.5 1000 25 1.61677882023 0 0.666234806268 0.327017143139 1 3.371493 -0.0720522854382 0.227825051637
74.6 1000 25 1.61722588891 0 0.666290076453 0.327049603607 1 3.369777 -0.140891326139 0.192999746011
74.7 1000 25 1.61767248809 0 0.666344836745 0.327081880042 1 3.367871 -0.195046985463 0.138055863915
74.8 1000 25 1.61811829803 0 0.666398788487 0.327114399199 1 3.365332 -0.228874765814 0.0687208400063
74.9 1000 25 1.61856313143 0 0.66645185352 0.327146726301 1 3.371038 -0.238849594571 -0.00777894586743
75 1000 25 1.61900744073 0 0.666503896595 0.327178593672 1 3.370972 -0.223932200872 -0.0834708500972
75.1 1000 25 1.61945088946 0 0.666554776699 0.327210674094 1 3.375277 -0.185677634629 -0.150466264163
75.2 1000 25 1.61989337843 0 0.666604336571 0.327242405106 1 3.372773 -0.128072724593 -0.201784071651
75.3 1000 25 1.62033477389 0 0.666652543134 0.327274412899 1 3.374292 -0.0571205793437 -0.232076626824
75.4 1000 25 1.62077492874 0 0.666699225795 0.327306485543 1 3.37316 0.0197850909512 -0.238188069749
75.5 1000 25 1.62121400771 0 0.666744151935 0.327338423273 1 3.371761 0.0946310073586 -0.219482338795
75.6 1000 25 1.62165184679 0 0.666787306685 0.327370022882 1 3.373733 0.159619125242 -0.177908880596
75.7 1000 25 1.62208825583 0 0.666828699433 0.327401798473 1 3.372259 0.207978456819 -0.117799656297
75.8 1000 25 1.62252359962 0 0.666868183433 0.327433763919 1 3.372806 0.23467136875 -0.0454177526016
75.9 1000 25 1.6229574846 0 0.666905514258 0.327465402071 1 3.377842 0.236918062832 0.0316959012145
76 1000 25 1.62338985191 0 0.666940762853 0.327496893806 1 3.372476 0.214485298002 0.105508002269
76.1 1000 25 1.62382083642 0 0.666973842918 0.32752821418 1 3.37101 0.169710692224 0.168329663625
76.2 1000 25 1.62424974107 0 0.667004807241 0.327559858115 1 3.368669 0.107259547699 0.213617194288
76.3 1000 25 1.62467700415 0 0.667033482522 0.32759134261 1 3.368878 0.0336375609603 0.236654599192
76.4 1000 25 1.62510239862 0 0.667059911979 0.32762289811 1 3.370518 -0.0434862063455 0.235043432564
76.5 1000 25 1.62552588629 0 0.667084095855 0.327654414051 1 3.377213 -0.11607888244 0.208952893697
76.6 1000 25 1.625947391 0 0.667105967903 0.327685860634 1 3.373813 -0.176580203875 0.161101949232
76.7 1000 25 1.62636683642 0 0.66712559472 0.327717378869 1 3.372423 -0.218689772893 0.0964755923236
76.8 1000 25 1.62678418396 0 0.667142972555 0.327748916863 1 3.37331 -0.238023585087 0.0218054998924
76.9 1000 25 1.62719929793 0 0.667158165208 0.327780485773 1 3.37155 -0.232569926975 -0.0551313498714
77 1000 25 1.62761216195 0 0.667171262122 0.32781222191 1 3.372827 -0.202898743295 -0.126322569953
77.1 1000 25 1.6280227928 0 0.66718221726 0.327843907433 1 3.374419 -0.152102107615 -0.18435546317
77.2 1000 25 1.6284311179 0 0.667191187606 0.32787573723 1 3.373405 -0.0854714890652 -0.22318796723
77.3 1000 25 1.62883711343 0 0.667198232001 0.327907654255 1 3.372033 -0.00994665407808 -0.23877838538
77.4 1000 25 1.62924068981 0 0.667203474512 0.327939708687 1 3.372601 0.066607227129 -0.229505767431
77.5 1000 25 1.6296419776 0 0.667206935139 0.32797175696 1 3.373498 0.136219191294 -0.19633847626
77.6 1000 25 1.63004079152 0 0.667208851084 0.328003973737 1 3.382772 0.19164161532 -0.142732523517
77.7 1000 25 1.63043714774 0 0.667209340298 0.328036338139 1 3.376513 0.227105736432 -0.0742717862196
77.8 1000 25 1.63083100396 0 0.667208475433 0.328068735343 1 3.378012 0.238921644054 0.00191400322192
77.9 1000 25 1.63122221799 0 0.667206423372 0.328101582736 1 3.37946 0.225861987584 0.0778914573601
78 1000 25 1.63161130411 0 0.667203332727 0.328134547645 1 3.3783 0.189289852909 0.145750595937
78.1 1000 25 1.63199753111 0 0.667199411025 0.328167752461 1 3.376159 0.133016041964 0.198427374877
78.2 1000 25 1.63238127705 0 0.667194860158 0.328201180853 1 3.374814 0.0629020521136 0.230439702382
78.3 1000 25 1.632763079 0 0.667189578602 0.328234871796 1 3.374027 -0.0137506504246 0.238458360907
78.4 1000 25 1.63314229955 0 0.667184096716 0.328268882512 1 3.375566 -0.0889608728617 0.221651421317
78.5 1000 25 1.63351884964 0 0.667178494846 0.328303261625 1 3.372217 -0.154898943548 0.181772755361
78.6 1000 25 1.63389357518 0 0.667172922983 0.328337843616 1 3.3742 -0.204702114448 0.122977398096
78.7 1000 25 1.63426529884 0 0.667167644293 0.328372929207 1 3.376317 -0.233187818532 0.0513895520115
78.8 1000 25 1.63463523805 0 0.667162601165 0.328408162294 1 3.375784 -0.23739490327 -0.025536698268
78.9 1000 25 1.63500262813 0 0.66715826301 0.328443933412 1 3.377771 -0.216888771757 -0.0997918203032
79 1000 25 1.63536813624 0 0.667154722591 0.328479911834 1 3.375224 -0.173808581729 -0.163646681744
79.1 1000 25 1.63573132597 0 0.667152132198 0.328516492219 1 3.376223 -0.112642961633 -0.210455538153
79.2 1000 25 1.63609217881 0 0.66715073455 0.328553487387 1 3.376156 -0.039762421687 -0.235348663754
79.3 1000 25 1.63645103473 0 0.667150562439 0.328590945157 1 3.378635 0.0372443150698 -0.235739004065
79.4 1000 25 1.6368083539 0 0.667151713341 0.328628820497 1 3.372016 0.110360590862 -0.211590433806
79.5 1000 25 1.63716367048 0 0.66715448101 0.328667028566 1 3.374918 0.171976006411 -0.165420955617
79.6 1000 25 1.63751771002 0 0.667159066758 0.328705712188 1 3.370081 0.215678568811 -0.102040291239
79.7 1000 25 1.63786914095 0 0.667165376266 0.328744971589 1 3.376457 0.236922572769 -0.028050104539
79.8 1000 25 1.63821919692 0 0.667173760664 0.328784737099 1 3.377659 0.233500778635 0.04884621584
79.9 1000 25 1.63856822242 0 0.667184032194 0.328824970667 1 3.377248 0.205774521643 0.120644018038
80 1000 25 1.63891570923 0 0.667196510525 0.328865731253 1 3.375425 0.156633941667 0.179870601647
80.1 1000 25 1.639261684 0 0.667211181374 0.328906978084 1 3.372821 0.0911985941325 0.220363133215
80.2 1000 25 1.63960615449 0 0.667228092908 0.328948727217 1 3.376848 0.0162825855772 0.237910609522
80.3 1000 25 1.63994974449 0 0.667247374636 0.328990926637 1 3.374861 -0.0603142960696 0.230690716665
80.4 1000 25 1.64029209718 0 0.667268797169 0.329033631446 1 3.372918 -0.130618887373 0.19946011146
80.5 1000 25 1.64063363182 0 0.667292583025 0.329076916335 1 3.361321 -0.187314453308 0.147473738896
80.6 1000 25 1.64097424924 0 0.667318673182 0.32912069712 1 3.360169 -0.224502393245 0.0801468108504
80.7 1000 25 1.6413140179 0 0.667347028652 0.329164973691 1 3.356701 -0.238315688674 0.00449008321202
80.8 1000 25 1.64165297919 0 0.667377605871 0.329209743276 1 3.357411 -0.227321049619 -0.0716200558808
80.9 1000 25 1.64199139986 0 0.667410462718 0.329254508963 1 3.353302 -0.192667560416 -0.140261613789
81 1000 25 1.64232918644 0 0.667445373618 0.329299908676 1 3.358892 -0.137966661509 -0.194291582714
81.1 1000 25 1.64266632157 0 0.667482285079 0.329345858888 1 3.364316 -0.0689155683108 -0.228089127599
81.2 1000 25 1.64300308464 0 0.667521077418 0.32939223927 1 3.368214 0.00729616172924 -0.238140532488
81.3 1000 25 1.64333937558 0 0.667561671215 0.329439063715 1 3.372867 0.0827348534162 -0.223403933651
81.4 1000 25 1.64367534771 0 0.667603954062 0.329486339312 1 3.372553 0.149549030802 -0.185417787766
81.5 1000 25 1.64401102408 0 0.667647732833 0.329533998238 1 3.371491 0.200786582437 -0.128140085563
81.6 1000 25 1.64434672018 0 0.667692904489 0.329581950923 1 3.370717 0.231117647041 -0.0575355533744
81.7 1000 25 1.64468232352 0 0.667739313002 0.329630247147 1 3.3706 0.237389273255 0.0190451750904
81.8 1000 25 1.64501771587 0 0.66778674823 0.329678917761 1 3.373898 0.218953215686 0.0936306068161
81.9 1000 25 1.64535312198 0 0.667835070562 0.329727924121 1 3.377905 0.177732690096 0.158458907959
82 1000 25 1.64568868669 0 0.667884060872 0.329777218357 1 3.372554 0.118021725815 0.206785187753
82.1 1000 25 1.64602424516 0 0.667933665368 0.329826871609 1 3.369237 0.0460376234283 0.233582598053
82.2 1000 25 1.6463600636 0 0.667983583452 0.329876710198 1 3.37099 -0.0307258423125 0.23606662711
82.3 1000 25 1.64669604967 0 0.66803366334 0.329926795946 1 3.368081 -0.104279258684 0.213982940682
82.4 1000 25 1.64703209112 0 0.668083694672 0.329977118618 1 3.371957 -0.166968680021 0.169634223347
82.5 1000 25 1.64736856123 0 0.668133463381 0.330027681689 1 3.368333 -0.212272619008 0.107639217857
82.6 1000 25 1.64770531147 0 0.668182836284 0.330078439024 1 3.366703 -0.235479313249 0.0344525285954
82.7 1000 25 1.64804238018 0 0.668231605546 0.330129346717 1 3.37012 -0.234177778341 -0.0423079198728
82.8 1000 25 1.64837972607 0 0.668279589664 0.330180397194 1 3.373068 -0.208507792104 -0.114653852154
82.9 1000 25 1.64871725499 0 0.668326717781 0.330231562052 1 3.371724 -0.161144598812 -0.175057784184
83 1000 25 1.64905508514 0 0.668372714449 0.330282694925 1 3.367442 -0.0970204652822 -0.217236614436
83.1 1000 25 1.64939330999 0 0.66841741256 0.330334015313 1 3.374151 -0.022810734727 -0.236804434773
83.2 1000 25 1.6497325533 0 0.668460665702 0.3303853639 1 3.371218 0.053761482189 -0.231729076902
83.3 1000 25 1.65007225611 0 0.668502320195 0.330436681836 1 3.370126 0.124728046581 -0.202542982618
83.4 1000 25 1.65041193268 0 0.668542345143 0.330487842873 1 3.37401 0.182706149286 -0.152286824385
83.5 1000 25 1.65075190528 0 0.668580499029 0.330539075908 1 3.374156 0.221665594929 -0.0861934805243
83.6 1000 25 1.65109266993 0 0.668616882938 0.330590157692 1 3.372236 0.237555852921 -0.0111418024094
83.7 1000 25 1.65143361297 0 0.668651145649 0.33064115804 1 3.370591 0.228728089462 0.0650575227151
83.8 1000 25 1.65177452371 0 0.668683349905 0.330692181886 1 3.374383 0.196104806424 0.134476465492
83.9 1000 25 1.65211684043 0 0.668713336198 0.330742990641 1 3.373773 0.143083838907 0.189894795776
84 1000 25 1.65245960485 0 0.668741119812 0.330793689886 1 3.373655 0.0751850081441 0.225548552491
84.1 1000 25 1.65280222305 0 0.668766763276 0.330844177214 1 3.370402 -0.000525014007892 0.237731771879
84.2 1000 25 1.65314530756 0 0.668790068042 0.330894564415 1 3.375554 -0.076168527736 0.225181451024
84.3 1000 25 1.65348867485 0 0.668811119613 0.330944649935 1 3.378138 -0.143876397537 0.189207678686
84.4 1000 25 1.65383201583 0 0.66882978501 0.330994540705 1 3.368524 -0.196606689488 0.13355709151
84.5 1000 25 1.6541755122 0 0.668846311335 0.33104409262 1 3.374464 -0.228876308041 0.0640218354166
84.6 1000 25 1.65451908211 0 0.668860588113 0.331093391806 1 3.371664 -0.237332433246 -0.0121615893589
84.7 1000 25 1.65486284859 0 0.668872741391 0.331142533378 1 3.377471 -0.221099571741 -0.0870675785223
84.8 1000 25 1.65520687756 0 0.668882798578 0.331191335846 1 3.373348 -0.1818710314 -0.152904556214
84.9 1000 25 1.6555506507 0 0.668890816709 0.33123989153 1 3.370498 -0.123731672552 -0.202825862943
85 1000 25 1.65589454946 0 0.66889690641 0.331288170699 1 3.371254 -0.0527322824079 -0.231641957146
85.1 1000 25 1.65623819131 0 0.668901147607 0.33133615199 1 3.370281 0.0237397081866 -0.236359469619
85.2 1000 25 1.65658143706 0 0.668903718915 0.331383827881 1 3.371294 0.0977290189662 -0.216492336821
85.3 1000 25 1.65692416562 0 0.668904611334 0.331431197722 1 3.374677 0.161540679525 -0.174111660552
85.4 1000 25 1.65726667628 0 0.668904024967 0.331478398741 1 3.370685 0.208539543369 -0.113629895219
85.5 1000 25 1.6576086123 0 0.668902046582 0.331525342778 1 3.371358 0.233840835974 -0.0413411129504
85.6 1000 25 1.65795039619 0 0.668898928856 0.331571907595 1 3.366517 0.234817217509 0.0352338888373
85.7 1000 25 1.65829173754 0 0.668894852757 0.33161808386 1 3.370867 0.211372071223 0.108130193793
85.8 1000 25 1.6586322229 0 0.668889931655 0.331663919012 1 3.372989 0.165948988825 0.169766997985
85.9 1000 25 1.65897231531 0 0.668884333282 0.331709468879 1 3.369576 0.103276167543 0.213736532444
86 1000 25 1.65931196651 0 0.668878202297 0.331754628056 1 3.373712 0.0298753704266 0.235469616391
86.1 1000 25 1.65965101071 0 0.668871730118 0.33179936373 1 3.372704 -0.0466176742292 0.232710765779
86.2 1000 25 1.65998943945 0 0.668865065245 0.331843685721 1 3.367351 -0.118247354837 0.205752114987
86.3 1000 25 1.66032726515 0 0.668858341065 0.331887591102 1 3.372085 -0.177565666807 0.15740241737
86.4 1000 25 1.66066432886 0 0.668851746989 0.331931039186 1 3.37759 -0.218406431353 0.0926942951184
86.5 1000 25 1.66100072217 0 0.668845425768 0.33197408315 1 3.375597 -0.23652661198 0.0183605809656
86.6 1000 25 1.66133627917 0 0.668839493566 0.332016682408 1 3.373723 -0.23004698688 -0.0578665687067
86.7 1000 25 1.66167045976 0 0.668834073836 0.332058791007 1 3.36843 -0.199647242997 -0.128059908249
86.8 1000 25 1.66200452876 0 0.668829313025 0.332100599232 1 3.370073 -0.148493320338 -0.184921792267
86.9 1000 25 1.66233716467 0 0.668825376095 0.332141840064 1 3.372507 -0.0819096253412 -0.222542008344
87 1000 25 1.6626687124 0 0.668822303241 0.332182609559 1 3.372436 -0.00682358213144 -0.237013196646
87.1 1000 25 1.66299902063 0 0.668820183386 0.33222296578 1 3.37405 0.0689552013509 -0.226836030282
87.2 1000 25 1.66332826921 0 0.668819057456 0.332262811107 1 3.372433 0.137546939316 -0.193074604186
87.3 1000 25 1.6636566556 0 0.668819109789 0.332302294946 1 3.374868 0.191820844615 -0.139244682154
87.4 1000 25 1.66398418049 0 0.668820317291 0.332341367667 1 3.374731 0.22613685221 -0.0709483184462
87.5 1000 25 1.66430988811 0 0.668822755605 0.332379972832 1 3.378688 0.236931671285 0.00470909028007
87.6 1000 25 1.66463480018 0 0.668826403415 0.332418185577 1 3.37743 0.223088498193 0.0798595190329
87.7 1000 25 1.66495845492 0 0.668831388284 0.332456059484 1 3.375215 0.186052404358 0.146688799311
87.8 1000 25 1.66528018063 0 0.66883765977 0.33249329335 1 3.370197 0.129680087889 0.198250577716
87.9 1000 25 1.66560082779 0 0.668845217944 0.33253019906 1 3.371256 0.0598374798489 0.229187044666
88 1000 25 1.66592060786 0 0.6688540033 0.332566672169 1 3.372417 -0.0162105116247 0.236286798438
88.1 1000 25 1.66623922886 0 0.668864094632 0.332602828164 1 3.371054 -0.0905550864662 0.218816896158
88.2 1000 25 1.66655584329 0 0.668875427241 0.332638529579 1 3.374822 -0.155466557117 0.178600345227
88.3 1000 25 1.66687139098 0 0.668887932055 0.332673902294 1 3.374657 -0.204198453218 0.119823759387
88.4 1000 25 1.66718561385 0 0.668901492081 0.332708926942 1 3.371478 -0.231688149574 0.0486030867636
88.5 1000 25 1.66749879725 0 0.668916098772 0.332743670054 1 3.37327 -0.235082510358 -0.0276540655932
88.6 1000 25 1.66781024483 0 0.668931644966 0.332778031698 1 3.374085 -0.214034851135 -0.101017857511
88.7 1000 25 1.66812051629 0 0.668948156328 0.332812108221 1 3.376092 -0.170738984878 -0.16386173447
88.8 1000 25 1.6684290957 0 0.668965467287 0.33284583237 1 3.376584 -0.109702247545 -0.209654215234
88.9 1000 25 1.66873664697 0 0.668983485213 0.332879195529 1 3.376529 -0.0372744005709 -0.233638683793
89 1000 25 1.66904265482 0 0.669002066958 0.332912323524 1 3.376645 0.0390117489944 -0.233327264641
89.1 1000 25 1.66934777089 0 0.669021146621 0.332945238388 1 3.370899 0.111224149478 -0.208757976159
89.2 1000 25 1.66965110813 0 0.669040698953 0.332977788877 1 3.377351 0.171856051925 -0.162491144505
89.3 1000 25 1.66995323981 0 0.669060568009 0.333010194532 1 3.373078 0.214607275708 -0.0993419173724
89.4 1000 25 1.67025403788 0 0.669080635176 0.333042419398 1 3.377142 0.235037464186 -0.025879731103
89.5 1000 25 1.67055412943 0 0.669100757483 0.333074382375 1 3.373715 0.23102816099 0.0502560047197
89.6 1000 25 1.67085243553 0 0.669120862198 0.33310607511 1 3.373069 0.203002365081 0.121149354597
89.7 1000 25 1.67114959738 0 0.669140881896 0.333137534139 1 3.374496 0.153879073681 0.17943176825
89.8 1000 25 1.67144554771 0 0.669160677334 0.333168878492 1 3.375382 0.088770405837 0.219047636183
89.9 1000 25 1.67174042632 0 0.669180207274 0.333199946674 1 3.377159 0.0144484262875 0.235883057112
90 1000 25 1.67203430904 0 0.669199394784 0.333230666994 1 3.371566 -0.0613584408647 0.228193501344
90.1 1000 25 1.67232703995 0 0.669218086584 0.33326125888 1 3.371372 -0.130769563417 0.196784305454
90.2 1000 25 1.67261867929 0 0.669236183726 0.333291703707 1 3.350427 -0.18657115453 0.144926306635
90.3 1000 25 1.67290918771 0 0.669253626294 0.333322024783 1 3.348633 -0.222965977638 0.0780150519388
90.4 1000 25 1.67319870025 0 0.669270367686 0.333352194943 1 3.353338 -0.236175566582 0.00300948269582
90.5 1000 25 1.67348723316 0 0.669286365795 0.33338218885 1 3.349714 -0.224832452412 -0.0722919607106
90.6 1000 25 1.67377463569 0 0.669301547929 0.333412130698 1 3.349363 -0.190121688422 -0.140061895178
90.7 1000 25 1.67406103325 0 0.669315933536 0.333441991159 1 3.352323 -0.135656912087 -0.193257991838
90.8 1000 25 1.67434647656 0 0.669329452664 0.333471764675 1 3.3495 -0.0671040178883 -0.226354515941
90.9 1000 25 1.67463088848 0 0.669342177559 0.333501419647 1 3.369853 0.00840810106835 -0.235916290133
91 1000 25 1.67491430919 0 0.669354031344 0.333531012525 1 3.366314 0.0830292192846 -0.220955186564
91.1 1000 25 1.67519678368 0 0.669365024287 0.333560524923 1 3.370606 0.149003623695 -0.183032262687
91.2 1000 25 1.67547822214 0 0.669375144331 0.333590099744 1 3.369693 0.199476475597 -0.126094638132
91.3 1000 25 1.6757587709 0 0.669384462597 0.333619597491 1 3.36994 0.229205710865 -0.0560646978711
91.4 1000 25 1.6760384703 0 0.669392963066 0.333649049147 1 3.366894 0.235106781239 0.0197760614741
91.5 1000 25 1.67631723545 0 0.66940072743 0.333678431146 1 3.371526 0.216572195932 0.0935440729959
91.6 1000 25 1.67659509798 0 0.669407793691 0.3337077975 1 3.367761 0.175534250197 0.157573337371
91.7 1000 25 1.6768720514 0 0.669414207632 0.333737169842 1 3.374343 0.116263576349 0.205211960713
91.8 1000 25 1.67714802272 0 0.66942004309 0.333766541661 1 3.370133 0.0449244458538 0.231513284581
91.9 1000 25 1.67742306774 0 0.669425413565 0.333795833001 1 3.367205 -0.0310665411335 0.233749539854
92 1000 25 1.67769714385 0 0.669430338118 0.333825109408 1 3.373747 -0.103810927504 0.211694419231
92.1 1000 25 1.67797062419 0 0.669434892608 0.333854437186 1 3.368434 -0.165750333609 0.167646137889
92.2 1000 25 1.67824303177 0 0.669439144051 0.333883787136 1 3.372019 -0.210451043585 0.106187679102
92.3 1000 25 1.67851484427 0 0.669443273594 0.333912976623 1 3.370124 -0.233272235626 0.0337099279176
92.4 1000 25 1.67878590229 0 0.669447311603 0.333942279764 1 3.370069 -0.231848494427 -0.0422527986837
92.5 1000 25 1.67905580122 0 0.669451407101 0.33397135179 1 3.366936 -0.20633423013 -0.113806062167
92.6 1000 25 1.67932506896 0 0.669455652322 0.334000395452 1 3.370851 -0.159386886934 -0.173516313375
92.7 1000 25 1.67959342506 0 0.669459912493 0.334029534254 1 3.369105 -0.0958904331104 -0.215182278318
92.8 1000 25 1.67986093387 0 0.669464491523 0.334058533435 1 3.372587 -0.0224470387236 -0.234479504732
92.9 1000 25 1.68012753986 0 0.669469375752 0.334087562647 1 3.37072 0.0533094567678 -0.229409073433
93 1000 25 1.68039329672 0 0.669474586563 0.334116656789 1 3.365951 0.123507312859 -0.200504683942
93.1 1000 25 1.68065788763 0 0.669480252673 0.334145633371 1 3.366369 0.18085438145 -0.150776173607
93.2 1000 25 1.68092160705 0 0.669486440391 0.334174572307 1 3.36859 0.219396045349 -0.0853961061052
93.3 1000 25 1.68118439037 0 0.669493179537 0.334203566797 1 3.366457 0.235133393702 -0.0111616671766
93.4 1000 25 1.68144615567 0 0.669500503069 0.33423259405 1 3.366476 0.22643798666 0.0642117246087
93.5 1000 25 1.68170682588 0 0.669508524911 0.33426153518 1 3.366233 0.194220200197 0.132893025146
93.6 1000 25 1.68196668846 0 0.669517202059 0.334290435886 1 3.370794 0.14183434591 0.187748810123
93.7 1000 25 1.68222567092 0 0.669526563502 0.334319436909 1 3.37588 0.074728634768 0.223084224405
93.8 1000 25 1.68248344819 0 0.669536707705 0.334348294351 1 3.371145 -0.000120811981677 0.23523397396
93.9 1000 25 1.6827401415 0 0.669547594196 0.334377059828 1 3.365813 -0.0749354406674 0.222943052554
94 1000 25 1.68299583362 0 0.669559169061 0.334405869115 1 3.373284 -0.141943426893 0.18749599029
94.1 1000 25 1.68325046325 0 0.669571442384 0.334434679285 1 3.368121 -0.194185972731 0.132582238713
94.2 1000 25 1.6835040842 0 0.669584501175 0.334463347397 1 3.364422 -0.226240464087 0.0639125614816
94.3 1000 25 1.68375645656 0 0.669598198288 0.334492008993 1 3.374388 -0.234783607178 -0.0113750398168
94.4 1000 25 1.68400784674 0 0.66961256579 0.334520628945 1 3.369801 -0.218935364958 -0.0854576802971
94.5 1000 25 1.6842581681 0 0.669627593691 0.334548956517 1 3.369629 -0.18035001939 -0.150639946857
94.6 1000 25 1.68450726343 0 0.669643205637 0.334577111666 1 3.367899 -0.123043077721 -0.200153769198
94.7 1000 25 1.68475515841 0 0.669659299114 0.334605240659 1 3.345352 -0.0529736184419 -0.228861056474
94.8 1000 25 1.68500211357 0 0.669675873233 0.334633112001 1 3.34979 0.0225756273793 -0.233786687977
94.9 1000 25 1.68524750622 0 0.669692719605 0.334660969917 1 3.354909 0.0957552059693 -0.21442698667
95 1000 25 1.68549154774 0 0.669709815669 0.334688724732 1 3.346762 0.158964534977 -0.172801142866
95.1 1000 25 1.68573426187 0 0.66972705248 0.334716340122 1 3.349791 0.205641333644 -0.113240485497
95.2 1000 25 1.68597523473 0 0.669744263167 0.334743973075 1 3.351313 0.230942956466 -0.0419377861246
95.3 1000 25 1.68621441239 0 0.669761320861 0.334771634933 1 3.355598 0.232248740815 0.033696722442
95.4 1000 25 1.68645131443 0 0.669778008446 0.334799523664 1 3.365308 0.20943142617 0.105805514631
95.5 1000 25 1.68668669777 0 0.669794391285 0.334827406979 1 3.366336 0.164869466607 0.166900087415
95.6 1000 25 1.68692026421 0 0.669810298108 0.334855411666 1 3.370763 0.103199034593 0.210638702171
95.7 1000 25 1.68715190214 0 0.669825615421 0.33488353275 1 3.365363 0.0308316217473 0.232484659173
95.8 1000 25 1.68738179706 0 0.669840236352 0.33491171167 1 3.347274 -0.0447125931449 0.230176830782
95.9 1000 25 1.68760948335 0 0.669854029088 0.334940108306 1 3.371105 -0.11558622978 0.203963628771
96 1000 25 1.68783514508 0 0.669866847286 0.33496877642 1 3.372954 -0.174430068216 0.156576376029
96.1 1000 25 1.68805881684 0 0.669878603905 0.334997628669 1 3.368664 -0.215136935888 0.0929444201602
96.2 1000 25 1.68828069929 0 0.669889315233 0.335026426628 1 3.372532 -0.233485953943 0.019682486587
96.3 1000 25 1.68850098536 0 0.669898824462 0.335055380035 1 3.368772 -0.227579598596 -0.0555971703418
96.4 1000 25 1.68871942813 0 0.669907075214 0.335084294829 1 3.367081 -0.198040339811 -0.125075322513
96.5 1000 25 1.68893596617 0 0.669913963075 0.335113310351 1 3.370156 -0.147944825496 -0.181538760996
96.6 1000 25 1.68915078616 0 0.669919416538 0.335142335794 1 3.370811 -0.0825035169245 -0.219128406063
96.7 1000 25 1.68936385871 0 0.66992336674 0.335171332133 1 3.369725 -0.00851847643061 -0.233947693384
96.8 1000 25 1.68957514522 0 0.669925747738 0.335200371655 1 3.366828 0.0663235925567 -0.224466384936
96.9 1000 25 1.68978444484 0 0.669926487414 0.335229471885 1 3.36912 0.134250208751 -0.191678558417
97 1000 25 1.6899921252 0 0.66992560518 0.335258619325 1 3.370972 0.188209992133 -0.138998044822
97.1 1000 25 1.69019801084 0 0.66992301232 0.335287793582 1 3.368274 0.2226047973 -0.0719034922288
97.2 1000 25 1.69040208731 0 0.669918661264 0.335317024759 1 3.374276 0.23387087291 0.00263205265517
97.3 1000 25 1.69060433091 0 0.669912554523 0.335346255898 1 3.370129 0.220847358817 0.0768656078674
97.4 1000 25 1.69080470614 0 0.669904701635 0.335375530289 1 3.36984 0.184896464194 0.143088889728
97.5 1000 25 1.69100354526 0 0.669895153758 0.335404786016 1 3.365786 0.129760376998 0.194428629458
97.6 1000 25 1.69120063549 0 0.669883824269 0.335434157188 1 3.366987 0.0611722575843 0.225559689019
97.7 1000 25 1.69139606695 0 0.669870790981 0.335463482532 1 3.368299 -0.0137403603807 0.233257794298
97.8 1000 25 1.6915896548 0 0.669856062516 0.335492881671 1 3.365022 -0.0871965781768 0.216733548996
97.9 1000 25 1.69178182088 0 0.669839731174 0.335522249811 1 3.36774 -0.15156973441 0.177712683819
98 1000 25 1.69197231819 0 0.669821811207 0.335551604007 1 3.376435 -0.200179803662 0.120256222974
98.1 1000 25 1.69216129786 0 0.669802364026 0.335581047068 1 3.370624 -0.22798627494 0.0503376096068
98.2 1000 25 1.69234896083 0 0.669781497104 0.335610419133 1 3.369912 -0.232111211294 -0.0247784677291
98.3 1000 25 1.69253506419 0 0.669759191836 0.335639811213 1 3.37306 -0.212136342826 -0.0972907203407
98.4 1000 25 1.69271985609 0 0.66973561651 0.335669200941 1 3.368588 -0.170146061834 -0.159671788111
98.5 1000 25 1.69290298772 0 0.669710775368 0.33569853778 1 3.369952 -0.110509917455 -0.20544992215
98.6 1000 25 1.69308484707 0 0.669684828218 0.335727909983 1 3.369128 -0.0394266582314 -0.229879676334
98.7 1000 25 1.6932656914 0 0.669657881665 0.335757274872 1 3.368465 0.0357188255088 -0.230434399871
98.8 1000 25 1.69344508439 0 0.669629929188 0.335786561629 1 3.366332 0.107122976632 -0.2070675174
98.9 1000 25 1.69362361722 0 0.669601118286 0.335815866892 1 3.367791 0.167375212512 -0.162215810453
99 1000 25 1.69380098377 0 0.669571601564 0.335845082138 1 3.370033 0.210225675788 -0.100545496795
99.1 1000 25 1.69397744885 0 0.669541363069 0.335874284666 1 3.371496 0.231234548649 -0.0284663927649
99.2 1000 25 1.69415285723 0 0.669510587867 0.335903362417 1 3.370954 0.228231404594 0.046534015233
99.3 1000 25 1.69432737362 0 0.669479377437 0.33593242196 1 3.372723 0.20153923825 0.116669123835
99.4 1000 25 1.69450102933 0 0.669447757702 0.335961396466 1 3.367463 0.153940964282 0.174660842489
99.5 1000 25 1.69467398771 0 0.669415888189 0.335990270859 1 3.367607 0.0903873351374 0.214495779474
99.6 1000 25 1.69484627159 0 0.669383872114 0.336018971671 1 3.367777 0.0174833754619 0.232048019929
99.7 1000 25 1.69501810785 0 0.669351798352 0.336047505178 1 3.371493 -0.0571988464607 0.225506990739
99.8 1000 25 1.69518954782 0 0.669319767924 0.336075740679 1 3.368142 -0.125906573633 0.195564205895
99.9 1000 25 1.69536057512 0 0.669287812157 0.336103799328 1 3.353656 -0.181511413081 0.145339895296
100 1000 25 1.69553138476 0 0.669256145606 0.336131288684 1 3.360217 -0.218248917819 0.0800578337663
100.1 1000 25 1.69570173196 0 0.669224691406 0.336158636179 1 3.365997 -0.232316318636 0.00650196657277
100.2 1000 25 1.69587169527 0 0.669193502127 0.336185846287 1 3.369456 -0.222265998647 -0.0676888243775
100.3 1000 25 1.69604144188 0 0.669162653867 0.336212873822 1 3.368609 -0.189154511328 -0.134813992644
100.4 1000 25 1.69621083726 0 0.669132134142 0.336239833573 1 3.372625 -0.136431497793 -0.187910809575
100.5 1000 25 1.69638001541 0 0.669102037084 0.336266614645 1 3.367577 -0.0695801305542 -0.221476612425
100.6 1000 25 1.69654897163 0 0.669072330362 0.336293351141 1 3.366612 0.00445319201167 -0.232039182713
100.7 1000 25 1.69671769693 0 0.669043038232 0.336320056393 1 3.368746 0.0779807811165 -0.218515930905
100.8 1000 25 1.69688639786 0 0.669014172754 0.33634667434 1 3.367969 0.143372055924 -0.182324781224
100.9 1000 25 1.69705518786 0 0.668985812901 0.336373065212 1 3.368139 0.193845559405 -0.127235525207
101 1000 25 1.69722395588 0 0.66895788118 0.336399365326 1 3.369114 0.224172345704 -0.0589770685481
101.1 1000 25 1.69739276813 0 0.668930445022 0.336425423511 1 3.367374 0.231217933681 0.015358432014
101.2 1000 25 1.69756215977 0 0.668903552057 0.336451096015 1 3.3687 0.214265519731 0.0880528711286
101.3 1000 25 1.69773193927 0 0.668877101439 0.336476590118 1 3.3719 0.175090036546 0.151562903749
101.4 1000 25 1.69790193175 0 0.668851069203 0.336501749489 1 3.370244 0.117771800275 0.199303643657
101.5 1000 25 1.69807218345 0 0.668825440773 0.336526616632 1 3.368751 0.0482711145613 0.226331096952
101.6 1000 25 1.69824293456 0 0.668800167453 0.336551130149 1 3.374107 -0.0261912379019 0.229854449107
101.7 1000 25 1.69841414646 0 0.668775176622 0.336575356343 1 3.371465 -0.0978841756477 0.209524063483
101.8 1000 25 1.69858574314 0 0.668750433188 0.336599162082 1 3.372464 -0.159370025181 0.167466362079
101.9 1000 25 1.69875794908 0 0.668725943467 0.336622649319 1 3.370205 -0.204274720069 0.10806097894
102 1000 25 1.69893071819 0 0.66870163217 0.336645744594 1 3.372512 -0.227949786595 0.0374851831583
102.1 1000 25 1.69910396864 0 0.668677411424 0.336668451856 1 3.370276 -0.227953760765 -0.0369287030719
102.2 1000 25 1.69927798194 0 0.66865321705 0.336690602857 1 3.375067 -0.204303613003 -0.107455338815
102.3 1000 25 1.69945242435 0 0.66862893213 0.336712378796 1 3.369713 -0.159470916529 -0.166778581212
102.4 1000 25 1.69962753678 0 0.668604575416 0.33673365686 1 3.368375 -0.0981239866767 -0.208750246843
102.5 1000 25 1.6998032061 0 0.66858000392 0.336754531869 1 3.373968 -0.0266420536079 -0.229027734248
102.6 1000 25 1.69997940883 0 0.668555247713 0.336774861068 1 3.369002 0.0475489574366 -0.22552298749
102.7 1000 25 1.700156333 0 0.668530202137 0.336794697386 1 3.370117 0.116747425611 -0.19861799742
102.8 1000 25 1.70033406499 0 0.668504821531 0.336814056359 1 3.375949 0.173775612112 -0.15112306622
102.9 1000 25 1.70051229656 0 0.668479061854 0.336832626291 1 3.372452 0.212724464749 -0.0879836388053
103 1000 25 1.70069117249 0 0.668452688035 0.336850987716 1 3.369285 0.229566225359 -0.0157651415918
103.1 1000 25 1.70087062173 0 0.668425825227 0.336868740401 1 3.366188 0.222570453278 0.0580304675339
103.2 1000 25 1.70105068251 0 0.66839840498 0.336885833214 1 3.370031 0.192482478 0.12574271859
103.3 1000 25 1.70123168594 0 0.668370304928 0.336902624321 1 3.36976 0.142443721927 0.180349059542
103.4 1000 25 1.70141307768 0 0.668341555054 0.336918591926 1 3.369886 0.0776639936788 0.216192684059
103.5 1000 25 1.70159502888 0 0.668312150561 0.336934044872 1 3.368915 0.004878703969 0.229568761367
103.6 1000 25 1.70177777109 0 0.668281972849 0.336948979461 1 3.37172 -0.0683508956572 0.219107509325
103.7 1000 25 1.70196111902 0 0.668251003138 0.336963345632 1 3.354416 -0.134423700909 0.18591473645
103.8 1000 25 1.70214503707 0 0.668219253089 0.33697712065 1 3.359573 -0.18648780113 0.13345474744
103.9 1000 25 1.70232949773 0 0.668186716137 0.336990318186 1 3.348836 -0.219150992104 0.0671889261062
104 1000 25 1.70251464963 0 0.668153399279 0.337002894073 1 3.347688 -0.229039396818 -0.00599280026478
104.1 1000 25 1.70270035166 0 0.668119295895 0.337014876289 1 3.353098 -0.215146048214 -0.0784883599994
104.2 1000 25 1.70288666341 0 0.668084415023 0.33702624647 1 3.345237 -0.178933463346 -0.142773251787
104.3 1000 25 1.70307360738 0 0.668048739204 0.337036986156 1 3.350203 -0.124179796069 -0.192181627911
104.4 1000 25 1.70326126349 0 0.668012364031 0.337047027868 1 3.347058 -0.0565847253958 -0.221597576432
104.5 1000 25 1.70344953143 0 0.667975247772 0.33705640553 1 3.346262 0.0168238787037 -0.227984878349
104.6 1000 25 1.7036382152 0 0.667937346526 0.337065176369 1 3.351798 0.0884206119191 -0.210700527198
104.7 1000 25 1.70382776682 0 0.667898860771 0.33707314012 1 3.348037 0.150774672127 -0.171559463197
104.8 1000 25 1.70401778603 0 0.667859697132 0.337080427229 1 3.343993 0.197421135818 -0.11464402013
104.9 1000 25 1.70420842964 0 0.667819883677 0.337087025734 1 3.341678 0.223531280292 -0.0458783154114
105 1000 25 1.70439925731 0 0.667779387373 0.337092984385 1 3.346187 0.22641255737 0.0275884227324
105.1 1000 25 1.70459013842 0 0.667738211797 0.337098376439 1 3.342374 0.205786260101 0.0981250598846
105.2 1000 25 1.70478131375 0 0.667696416826 0.33710314177 1 3.349946 0.163814417157 0.158411275872
105.3 1000 25 1.70497258215 0 0.667654031101 0.337107344105 1 3.351431 0.104873305901 0.202197247547
105.4 1000 25 1.70516394325 0 0.66761106557 0.337111022193 1 3.361858 0.0350971798493 0.224951629621
105.5 1000 25 1.70535534207 0 0.667567537952 0.337114200601 1 3.360726 -0.0382601066346 0.224330560523
105.6 1000 25 1.70554668603 0 0.667523468193 0.337116912278 1 3.367199 -0.107579185423 0.20041915013
105.7 1000 25 1.70573770476 0 0.667478783963 0.337119372229 1 3.36804 -0.165666624628 0.155720540871
105.8 1000 25 1.70592864849 0 0.667433681364 0.337121520212 1 3.366233 -0.206501106008 0.0948938885884
105.9 1000 25 1.70611921459 0 0.667388048512 0.33712334268 1 3.364447 -0.225858266666 0.0242690363762
106 1000 25 1.70630935835 0 0.667341932111 0.337124771005 1 3.364479 -0.221747268306 -0.0488124572406
106.1 1000 25 1.70649926437 0 0.667295298853 0.337126256004 1 3.371503 -0.194615566379 -0.116760416379
106.2 1000 25 1.70668930291 0 0.667248344522 0.337127373142 1 3.369469 -0.147300516083 -0.172524127771
106.3 1000 25 1.70687955636 0 0.667201080712 0.337128067087 1 3.375039 -0.0847326289744 -0.210324358203
106.4 1000 25 1.7070696863 0 0.667153499304 0.337128395216 1 3.370964 -0.0134221218918 -0.226251734517
106.5 1000 25 1.70725931944 0 0.667105542688 0.33712841641 1 3.368944 0.0592186555394 -0.218672051091
106.6 1000 25 1.70744903793 0 0.667057381547 0.337127999173 1 3.368886 0.125646029813 -0.188392456161
106.7 1000 25 1.70763826003 0 0.667008862692 0.337127401769 1 3.369667 0.178967759698 -0.138577478228
106.8 1000 25 1.70782729741 0 0.666960008252 0.337126546459 1 3.366483 0.213658685306 -0.0744168311205
106.9 1000 25 1.7080163893 0 0.666911002458 0.337125195064 1 3.368146 0.226132597717 -0.0025850138441
107 1000 25 1.70820542412 0 0.666861655509 0.337123802481 1 3.367822 0.215113798659 0.0694518963278
107.1 1000 25 1.70839423624 0 0.666812019262 0.337122233191 1 3.368228 0.181767026261 0.134213486571
107.2 1000 25 1.70858299228 0 0.666762086467 0.337120561845 1 3.370778 0.129574612212 0.184981136559
107.3 1000 25 1.70877133385 0 0.666711865286 0.337118637105 1 3.367543 0.063972725036 0.216495496931
107.4 1000 25 1.70895930605 0 0.666661278251 0.337116435948 1 3.369851 -0.0082145808139 0.22550106306
107.5 1000 25 1.70914738897 0 0.666610456043 0.337114086585 1 3.369002 -0.0794859319014 0.211081956931
107.6 1000 25 1.70933485894 0 0.66655925415 0.337111646109 1 3.36856 -0.142440780803 0.174756238495
107.7 1000 25 1.70952212989 0 0.666507768755 0.337108900329 1 3.36837 -0.19054910466 0.120314934044
107.8 1000 25 1.70970939057 0 0.666455980655 0.337106079757 1 3.366217 -0.218827932862 0.0534272741688
107.9 1000 25 1.70989612274 0 0.666403702641 0.337103365702 1 3.367487 -0.224358444625 -0.0189496437618
108 1000 25 1.71008266228 0 0.666351067599 0.337100473007 1 3.365151 -0.20658593252 -0.08929554624
108.1 1000 25 1.71026904946 0 0.666297989998 0.337097659446 1 3.367351 -0.16737647533 -0.150307107746
108.2 1000 25 1.71045498891 0 0.666244535549 0.337094567591 1 3.373275 -0.110820428656 -0.195656895344
108.3 1000 25 1.71064070985 0 0.666190640534 0.337091563164 1 3.370134 -0.0428060062108 -0.220649210856
108.4 1000 25 1.71082607341 0 0.666136253357 0.337088639576 1 3.370198 0.0295936538115 -0.222706761959
108.5 1000 25 1.71101131595 0 0.666081453859 0.33708559108 1 3.368105 0.0988566051931 -0.201635988379
108.6 1000 25 1.71119649837 0 0.666026211983 0.337082551973 1 3.368398 0.157792914038 -0.159645270776
108.7 1000 25 1.71138130755 0 0.665970407243 0.33707965096 1 3.365854 0.200291698456 -0.101113780517
108.8 1000 25 1.71156589197 0 0.665914135575 0.33707679204 1 3.368563 0.221954071253 -0.0321341036435
108.9 1000 25 1.71175009244 0 0.665857414615 0.337073876454 1 3.366131 0.22054902304 0.0401213306895
109 1000 25 1.7119341255 0 0.665800148819 0.337071160109 1 3.370982 0.196242926107 0.108146178265
109.1 1000 25 1.71211786893 0 0.665742402915 0.337068570655 1 3.371175 0.151580228455 0.164880267251
109.2 1000 25 1.71230141291 0 0.665684196202 0.337066015915 1 3.36882 0.0912171314318 0.204442193518
109.3 1000 25 1.71248475125 0 0.665625572784 0.337063550824 1 3.368132 0.0214359471432 0.222738950353
109.4 1000 25 1.71266778824 0 0.665566530046 0.337061253745 1 3.369923 -0.0505083956974 0.217889606683
109.5 1000 25 1.71285041579 0 0.665507051533 0.337059089102 1 3.371059 -0.117142902522 0.190418646892
109.6 1000 25 1.71303321613 0 0.66544731647 0.337056813097 1 3.369955 -0.171552667807 0.143199032171
109.7 1000 25 1.71321578121 0 0.665387269718 0.33705461935 1 3.369939 -0.208098540825 0.0811522797729
109.8 1000 25 1.71339815466 0 0.665326962782 0.33705252356 1 3.370687 -0.22300158646 0.0107351422224
109.9 1000 25 1.71358052364 0 0.665266465334 0.337050437542 1 3.370835 -0.214733882394 -0.0607322030934
110 1000 25 1.71376280626 0 0.665205849445 0.337048347666 1 3.368746 -0.184175169296 -0.125827130127
110.1 1000 25 1.71394477364 0 0.665145106481 0.337046451806 1 3.371921 -0.13451936432 -0.177795585128
110.2 1000 25 1.71412642007 0 0.665084307609 0.337044768677 1 3.36642 -0.0709406487683 -0.211252837282
110.3 1000 25 1.71430773695 0 0.665023484761 0.337043371554 1 3.367243 -5.44008872481e-05 -0.222741553506
110.4 1000 25 1.71448869888 0 0.664962697497 0.337042303697 1 3.367162 0.070771211434 -0.211088976703
110.5 1000 25 1.71466934219 0 0.664902068748 0.337041438655 1 3.366949 0.134181076591 -0.177526664021
110.6 1000 25 1.71484930302 0 0.664841631224 0.337040965918 1 3.363504 0.183597046206 -0.125560506273
110.7 1000 25 1.71502891275 0 0.66478143211 0.337040880653 1 3.367305 0.213900330537 -0.0606043261872
110.8 1000 25 1.71520799016 0 0.664721572616 0.33704111722 1 3.370005 0.221961786379 0.0105839299338
110.9 1000 25 1.71538678965 0 0.664662120158 0.337041730593 1 3.368967 0.206965049148 0.0806053639572
111 1000 25 1.71556529571 0 0.664603208141 0.337042588716 1 3.369325 0.170489167141 0.142189117002
111.1 1000 25 1.7157435748 0 0.664544932003 0.337043631474 1 3.367164 0.116342653282 0.188947389139
111.2 1000 25 1.71592125927 0 0.664487307392 0.337044957254 1 3.365334 0.0501655587022 0.216038132772
111.3 1000 25 1.71609868465 0 0.664430484399 0.337046560249 1 3.363896 -0.02115767468 0.220666296918
111.4 1000 25 1.71627564749 0 0.664374484609 0.337048228605 1 3.371683 -0.0902148588645 0.20237266858
111.5 1000 25 1.71645230029 0 0.664319359071 0.337050393467 1 3.376152 -0.149835756447 0.163079016738
111.6 1000 25 1.71662849846 0 0.664265212868 0.337052743946 1 3.365687 -0.193837219097 0.106886309031
111.7 1000 25 1.7168042292 0 0.664212095914 0.337055163212 1 3.364918 -0.217664153943 0.0396468006787
111.8 1000 25 1.71697947332 0 0.664160111466 0.337057884537 1 3.370514 -0.218860883636 -0.0316450696414
111.9 1000 25 1.71715409132 0 0.664109282023 0.337061007328 1 3.36325 -0.197324854331 -0.099580652576
112 1000 25 1.7173280323 0 0.664059608637 0.337064338424 1 3.367443 -0.155314737607 -0.157107173548
112.1 1000 25 1.71750156537 0 0.66401121953 0.337067902157 1 3.365961 -0.0972136459552 -0.198259451237
112.2 1000 25 1.71767443643 0 0.663964071301 0.337071776719 1 3.364005 -0.0290718379445 -0.21877868457
112.3 1000 25 1.71784658111 0 0.663918223167 0.337076143103 1 3.364096 0.0420230963028 -0.216553629175
112.4 1000 25 1.71801785017 0 0.663873679945 0.337080641977 1 3.362763 0.108683924653 -0.191836812558
112.5 1000 25 1.71818848799 0 0.663830465137 0.337085303303 1 3.366294 0.163990539748 -0.147217290618
112.6 1000 25 1.71835849717 0 0.663788658065 0.337090104432 1 3.364545 0.202208572947 -0.0873487607684
112.7 1000 25 1.71852760817 0 0.663748197782 0.337095200632 1 3.371444 0.219384598474 -0.0184649078386
112.8 1000 25 1.71869588007 0 0.663709082911 0.337100496269 1 3.367907 0.213754383338 0.0522702871484
112.9 1000 25 1.71886355266 0 0.663671366721 0.337105861796 1 3.371055 0.185924390183 0.117506974929
113 1000 25 1.71903010167 0 0.663634922831 0.33711162084 1 3.366604 0.138807035188 0.170473710891
113.1 1000 25 1.71919576926 0 0.663599765406 0.337117667242 1 3.366788 0.0773151222008 0.205679556609
113.2 1000 25 1.71936058714 0 0.663565849098 0.33712394788 1 3.366607 0.00785037241118 0.21948414115
113.3 1000 25 1.71952442057 0 0.663533133741 0.337130466682 1 3.365003 -0.0623632802435 0.210473628377
113.4 1000 25 1.71968723488 0 0.663501532053 0.337137282906 1 3.338353 -0.126030827903 0.179605623964
113.5 1000 25 1.71984896993 0 0.663471035571 0.337144336195 1 3.356847 -0.176544148535 0.130107537215
113.6 1000 25 1.72000962006 0 0.663441577741 0.337151640046 1 3.363715 -0.208667768582 0.0671391839942
113.7 1000 25 1.72016919393 0 0.663413076527 0.337159198439 1 3.340395 -0.219081553759 -0.00274501597605
113.8 1000 25 1.72032771532 0 0.663385470806 0.337166981182 1 3.337916 -0.206723803888 -0.0722782033485
113.9 1000 25 1.72048506596 0 0.663358754147 0.337174913018 1 3.342189 -0.172899549543 -0.134236670022
114 1000 25 1.72064140437 0 0.663332800567 0.337183059336 1 3.340755 -0.121142829665 -0.182190256343
114.1 1000 25 1.72079664598 0 0.663307514083 0.337191409975 1 3.341148 -0.0568474795967 -0.211169719123
114.2 1000 25 1.72095068152 0 0.663282807679 0.337199983045 1 3.341146 0.013294913338 -0.218181656152
114.3 1000 25 1.72110355525 0 0.663258610272 0.337208734329 1 3.338878 0.0819913882552 -0.202517623995
114.4 1000 25 1.72125551134 0 0.663234833855 0.337217644775 1 3.339538 0.142105816724 -0.1658257666
114.5 1000 25 1.72140612587 0 0.663211348291 0.337226774452 1 3.344865 0.187400181218 -0.111937443176
114.6 1000 25 1.72155543093 0 0.663188044528 0.337236126183 1 3.3376 0.213181807747 -0.0464671637233
114.7 1000 25 1.72170344026 0 0.663164830956 0.337245690123 1 3.339384 0.216789559858 0.0237722620081
114.8 1000 25 1.72185024159 0 0.663141662296 0.337255405569 1 3.340777 0.197868483885 0.0914786403544
114.9 1000 25 1.72199573813 0 0.663118384095 0.337265338669 1 3.338512 0.158404615692 0.149619472116
115 1000 25 1.72213991952 0 0.663094912333 0.337275499228 1 3.342519 0.102516587887 0.192162370575
115.1 1000 25 1.72228257364 0 0.663071113322 0.337285968592 1 3.351776 0.0360257891361 0.214700888001
115.2 1000 25 1.72242376351 0 0.663046930639 0.337296704795 1 3.355931 -0.0341499291599 0.214910878535
115.3 1000 25 1.72256362787 0 0.663022339251 0.337307530724 1 3.359283 -0.100715998251 0.192790101802
115.4 1000 25 1.72270195267 0 0.662997167018 0.337318627513 1 3.366708 -0.156759107675 0.150656406266
115.5 1000 25 1.72283874035 0 0.662971349593 0.337330204028 1 3.36393 -0.196465525172 0.0929052475033
115.6 1000 25 1.7229741699 0 0.662944821307 0.337342009677 1 3.362764 -0.215723892826 0.0255504229976
115.7 1000 25 1.72310799334 0 0.662917586709 0.337354099033 1 3.366453 -0.212550845974 -0.0444013212634
115.8 1000 25 1.72323978581 0 0.662889412127 0.337367025919 1 3.364105 -0.187295746402 -0.109679661166
115.9 1000 25 1.72337004346 0 0.662860376223 0.337380375453 1 3.367374 -0.142601473584 -0.163506496439
116 1000 25 1.72349850602 0 0.662830404773 0.337394501299 1 3.368028 -0.0831284989982 -0.200298990288
116.1 1000 25 1.72362542221 0 0.66279948928 0.337409121054 1 3.363554 -0.0150684723109 -0.216249040228
116.2 1000 25 1.7237507191 0 0.662767572158 0.337424302449 1 3.367366 0.0545001758561 -0.209717158154
116.3 1000 25 1.72387468549 0 0.662734748367 0.33743990144 1 3.367866 0.118347883279 -0.181400982681
116.4 1000 25 1.72399732248 0 0.662701003743 0.337456071391 1 3.370424 0.169845947489 -0.134261072083
116.5 1000 25 1.72411871467 0 0.662666386531 0.337472545222 1 3.364691 0.203654198712 -0.0732109149101
116.6 1000 25 1.72423888478 0 0.662630891106 0.33748919199 1 3.366136 0.216274917502 -0.00460509015961
116.7 1000 25 1.72435776338 0 0.662594497006 0.337506523653 1 3.367232 0.206415163488 0.0644219525124
116.8 1000 25 1.72447557132 0 0.662557260638 0.337524156126 1 3.36548 0.175117898557 0.126698405163
116.9 1000 25 1.72459189937 0 0.662519164224 0.337542678397 1 3.364198 0.125653274605 0.17575995452
117 1000 25 1.72470700532 0 0.662480345021 0.337561651906 1 3.36574 0.0631752340174 0.206520606853
117.1 1000 25 1.7248214207 0 0.662440816298 0.337580663593 1 3.369894 -0.00581444978329 0.215799658792
117.2 1000 25 1.72493427193 0 0.662400602121 0.337600760897 1 3.369886 -0.0741426227644 0.202651953924
117.3 1000 25 1.72504640516 0 0.662359829966 0.337620868917 1 3.368626 -0.134711377361 0.168461440983
117.4 1000 25 1.72515747072 0 0.66231853403 0.337641366952 1 3.372413 -0.18123450313 0.116798238556
117.5 1000 25 1.72526725505 0 0.662276716949 0.337662827076 1 3.365999 -0.208891208593 0.0530446660355
117.6 1000 25 1.7253763427 0 0.662234555265 0.337684440336 1 3.369285 -0.214823739253 -0.0161664009486
117.7 1000 25 1.72548456386 0 0.662192089048 0.337706478651 1 3.371078 -0.198434325081 -0.083639967632
117.8 1000 25 1.72559175121 0 0.662149383145 0.337729121117 1 3.362869 -0.161444652718 -0.142367973148
117.9 1000 25 1.7256982275 0 0.66210653009 0.337752180808 1 3.367025 -0.107714775733 -0.186256886821
118 1000 25 1.72580381528 0 0.662063621843 0.337775607852 1 3.365596 -0.0428406858754 -0.210759816152
118.1 1000 25 1.72590885232 0 0.662020652045 0.337799759142 1 3.367925 0.026428706462 -0.213348184302
118.2 1000 25 1.72601323591 0 0.661977783729 0.337824380687 1 3.366435 0.0928937875297 -0.193771631086
118.3 1000 25 1.72611679509 0 0.661935116067 0.337849460201 1 3.36913 0.1496523321 -0.154082846476
118.4 1000 25 1.72622014143 0 0.661892716312 0.337874576736 1 3.365981 0.190816202869 -0.0984218142722
118.5 1000 25 1.72632279156 0 0.661850618659 0.337900460027 1 3.366453 0.212123107654 -0.0325849603277
118.6 1000 25 1.72642467449 0 0.661808912873 0.337926922133 1 3.366823 0.211376736296 0.0365798341966
118.7 1000 25 1.72652630813 0 0.661767726807 0.337953661407 1 3.369772 0.188673465441 0.10188477631
118.8 1000 25 1.72662765575 0 0.661727053147 0.337980846289 1 3.368023 0.146391026758 0.156549247782
118.9 1000 25 1.72672845208 0 0.661686983594 0.338008528566 1 3.363615 0.0889390361475 0.194903926477
119 1000 25 1.72682884839 0 0.661647542236 0.338036907223 1 3.380442 0.0222988824579 0.212979158953
119.1 1000 25 1.72692931849 0 0.661608875512 0.338065264735 1 3.36903 -0.0465990227512 0.208914439856
119.2 1000 25 1.72702957288 0 0.661570937607 0.338094081571 1 3.369205 -0.110595231674 0.183151860843
119.3 1000 25 1.72712967576 0 0.66153380571 0.338123293615 1 3.366132 -0.163046087482 0.138386903688
119.4 1000 25 1.72722968392 0 0.661497517082 0.338152887584 1 3.367046 -0.198513226866 0.0792866757377
119.5 1000 25 1.72732964296 0 0.661462116691 0.338182792465 1 3.370038 -0.21332736174 0.0120033426496
119.6 1000 25 1.72742959717 0 0.661427637005 0.338213029152 1 3.366418 -0.205968052119 -0.0564662660918
119.7 1000 25 1.72752957215 0 0.661394068712 0.338243625463 1 3.366236 -0.177219703614 -0.119008313235
119.8 1000 25 1.72762954564 0 0.661361455606 0.338274466363 1 3.368378 -0.130087922347 -0.169131077948
119.9 1000 25 1.7277298437 0 0.661329827248 0.338305434801 1 3.366908 -0.0694854435089 -0.201638882765
120 1000 25 1.7278302241 0 0.661299120336 0.338336662448 1 3.362792 -0.00172011220122 -0.213170538124
120.1 1000 25 1.72793092188 0 0.661269386588 0.338368023529 1 3.375147 0.0661618316627 -0.202547138726
120.2 1000 25 1.72803174252 0 0.661240561347 0.338399583674 1 3.367099 0.127108350501 -0.170892343629
120.3 1000 25 1.72813279115 0 0.661212592289 0.338431480089 1 3.365095 0.174794352872 -0.121513837066
120.4 1000 25 1.72823401208 0 0.661185480841 0.338463614578 1 3.369803 0.204278007393 -0.0595575011808
120.5 1000 25 1.72833550202 0 0.661159172499 0.338495964231 1 3.362477 0.212512944623 0.00852876959652
120.6 1000 25 1.72843746423 0 0.661133653354 0.3385285412 1 3.366274 0.198663042186 0.0756662291644
120.7 1000 25 1.72853903765 0 0.661108781239 0.338561452442 1 3.366303 0.164187443194 0.134880552363
120.8 1000 25 1.72864143495 0 0.661084613212 0.338594424326 1 3.366855 0.112686448222 0.180027554747
120.9 1000 25 1.72874431183 0 0.661061081443 0.338627394696 1 3.366409 0.0495262143359 0.206429558994
121 1000 25 1.72884717953 0 0.661038046169 0.33866075397 1 3.367949 -0.0187207390144 0.211361206375
121.1 1000 25 1.72895052835 0 0.661015546542 0.338693898069 1 3.366325 -0.084959415 0.194329297361
121.2 1000 25 1.72905408149 0 0.660993432995 0.338727312332 1 3.367322 -0.142310037419 0.157123898668
121.3 1000 25 1.72915799476 0 0.660971709301 0.338760642533 1 3.365141 -0.184822353589 0.103628629353
121.4 1000 25 1.72926239458 0 0.660950264611 0.338794017225 1 3.365889 -0.208093083447 0.0394163870227
121.5 1000 25 1.72936720078 0 0.66092908352 0.338827349319 1 3.368409 -0.209722197646 -0.028831726262
121.6 1000 25 1.72947260458 0 0.660908071231 0.338860607212 1 3.367535 -0.189560102932 -0.0940212108372
121.7 1000 25 1.72957808928 0 0.660887154297 0.338893883958 1 3.370467 -0.149721755796 -0.14938178133
121.8 1000 25 1.72968434821 0 0.660866298015 0.338926905666 1 3.371809 -0.0943639358736 -0.189170650663
121.9 1000 25 1.72979083394 0 0.660845375461 0.338960039691 1 3.366364 -0.0292527237499 -0.209268054963
122 1000 25 1.72989784435 0 0.660824348457 0.338993047672 1 3.368112 0.0388381765483 -0.207603730789
122.1 1000 25 1.73000495138 0 0.660803132891 0.339025942884 1 3.364222 0.102831350987 -0.184370582029
122.2 1000 25 1.73011253745 0 0.660781687023 0.339058735939 1 3.368553 0.156081598809 -0.142001914558
122.3 1000 25 1.7302203502 0 0.660759969919 0.339091493314 1 3.366183 0.193066027442 -0.0849173684421
122.4 1000 25 1.73032853144 0 0.660738060431 0.339123680065 1 3.366291 0.209956046696 -0.0190613202846
122.5 1000 25 1.73043660989 0 0.660715740258 0.339155832353 1 3.36865 0.205015519306 0.0487154456351
122.6 1000 25 1.73054531984 0 0.660693013555 0.339187738218 1 3.369214 0.178777124925 0.111369170041
122.7 1000 25 1.73065422868 0 0.66066983426 0.339219459918 1 3.36773 0.133986486808 0.162394503984
122.8 1000 25 1.73076327542 0 0.660646211212 0.339250843097 1 3.369605 0.0753141042074 0.196500070557
122.9 1000 25 1.73087249706 0 0.660622113761 0.339281990024 1 3.369124 0.00886871948713 0.210157426248
123 1000 25 1.73098196379 0 0.660597514873 0.33931283048 1 3.370066 -0.0584387791378 0.201965760507
123.1 1000 25 1.73109145946 0 0.660572398998 0.339343392555 1 3.368943 -0.119613977699 0.172795765655
123.2 1000 25 1.73120104397 0 0.660546754151 0.33937365879 1 3.367319 -0.168306015497 0.125697047938
123.3 1000 25 1.73131069582 0 0.660520570914 0.339403588137 1 3.373421 -0.1994666427 0.0655792960881
123.4 1000 25 1.73142030318 0 0.66049389626 0.339433149759 1 3.370663 -0.209873687041 -0.00129937460509
123.5 1000 25 1.73152992848 0 0.660466699141 0.339462367024 1 3.342591 -0.198464185131 -0.0679839268508
123.6 1000 25 1.73163951121 0 0.660438980585 0.339491303014 1 3.352116 -0.166443025163 -0.127545741848
123.7 1000 25 1.73174900904 0 0.660410805464 0.339519882184 1 3.340495 -0.117155495745 -0.173802356932
123.8 1000 25 1.73185839552 0 0.660382177172 0.339548085743 1 3.342297 -0.0557380170705 -0.201959207207
123.9 1000 25 1.73196771957 0 0.66035318492 0.33957587195 1 3.343415 0.0114171631192 -0.209106628217
124 1000 25 1.73207694609 0 0.660323816235 0.339603262389 1 3.343425 0.0773272880465 -0.194520436951
124.1 1000 25 1.73218623798 0 0.660294179784 0.339630159316 1 3.340348 0.135145106629 -0.159735292018
124.2 1000 25 1.73229522199 0 0.660264228292 0.339656686717 1 3.344121 0.178870238158 -0.108383263744
124.3 1000 25 1.73240389333 0 0.660234001651 0.339682847542 1 3.337478 0.203971843774 -0.0458145393532
124.4 1000 25 1.7325124709 0 0.660203612254 0.339708525091 1 3.341197 0.207858108142 0.0214599472164
124.5 1000 25 1.73262077264 0 0.660173082394 0.339733747236 1 3.34262 0.190143853815 0.0864460380971
124.6 1000 25 1.732728789 0 0.660142440038 0.339758564269 1 3.338929 0.152688565843 0.142393515248
124.7 1000 25 1.73283642747 0 0.660111736661 0.339782988123 1 3.339952 0.0994012402746 0.183497222194
124.8 1000 25 1.73294352239 0 0.660080952063 0.339807109449 1 3.343409 0.0358324285727 0.205499421453
124.9 1000 25 1.73305032084 0 0.660050242797 0.339830764568 1 3.357882 -0.0314039411373 0.206130776128
125 1000 25 1.73315667232 0 0.660019614948 0.33985402427 1 3.360312 -0.0953186904123 0.185344457
125.1 1000 25 1.73326250538 0 0.659989084281 0.339876955224 1 3.355952 -0.149273928831 0.145318998775
125.2 1000 25 1.73336794462 0 0.659958757223 0.339899491043 1 3.344602 -0.187672417258 0.0902299906302
125.3 1000 25 1.73347273865 0 0.659928594782 0.339921789972 1 3.361962 -0.206538269186 0.0258144668331
125.4 1000 25 1.73357719745 0 0.659898723891 0.339943599168 1 3.367278 -0.203928272273 -0.0412265152577
125.5 1000 25 1.73368022721 0 0.659869041632 0.339965279198 1 3.363047 -0.180133078157 -0.10392495125
125.6 1000 25 1.73378292325 0 0.659839601223 0.339986808882 1 3.363249 -0.137643415006 -0.155770790883
125.7 1000 25 1.73388512129 0 0.659810456629 0.34000811481 1 3.367391 -0.080890318201 -0.191386562161
125.8 1000 25 1.73398679556 0 0.659781545698 0.340029577128 1 3.367306 -0.0157829629114 -0.207086514855
125.9 1000 25 1.73408750329 0 0.65975303607 0.3400508642 1 3.365079 0.0509062924711 -0.201256393926
126 1000 25 1.73418745171 0 0.65972480909 0.34007217649 1 3.371044 0.112247307623 -0.174521569944
126.1 1000 25 1.73428651256 0 0.659696910443 0.340093565155 1 3.368333 0.16187150162 -0.129678183143
126.2 1000 25 1.734385034 0 0.659669404425 0.340114958582 1 3.368739 0.194633443263 -0.0714015677283
126.3 1000 25 1.73448306675 0 0.659642217743 0.340136420889 1 3.37223 0.20714423661 -0.00575846585804
126.4 1000 25 1.7345803279 0 0.659615551513 0.34015780294 1 3.365631 0.19812173851 0.0604239776285
126.5 1000 25 1.73467700099 0 0.659589256482 0.340179185676 1 3.365272 0.168522910966 0.1202690513
126.6 1000 25 1.73477315477 0 0.659563324329 0.340200574627 1 3.369538 0.121441473462 0.167564549702
126.7 1000 25 1.73486850126 0 0.659537735493 0.340221873762 1 3.362675 0.0617848832225 0.19740767689
126.8 1000 25 1.7349636888 0 0.659512537004 0.340243260344 1 3.364832 -0.00423733566736 0.206713305222
126.9 1000 25 1.73505823172 0 0.659487660251 0.340264755994 1 3.363332 -0.0697595091141 0.194532991338
127 1000 25 1.73515229594 0 0.659463077717 0.340286307078 1 3.364537 -0.12797424847 0.162151696706
127.1 1000 25 1.7352457151 0 0.659438640283 0.340308068773 1 3.365005 -0.172839643933 0.112952134643
127.2 1000 25 1.73533846228 0 0.659414457545 0.340329811674 1 3.368058 -0.19970588966 0.0520613942257
127.3 1000 25 1.73543095132 0 0.659390390282 0.340351806816 1 3.369004 -0.205797873275 -0.0141834441532
127.4 1000 25 1.73552265541 0 0.65936640299 0.340373992015 1 3.36722 -0.190501443846 -0.0788943425125
127.5 1000 25 1.73561408765 0 0.659342499362 0.340396223106 1 3.371658 -0.155424962141 -0.135348893525
127.6 1000 25 1.73570501646 0 0.659318686733 0.340418562808 1 3.363854 -0.104231113014 -0.17768854646
127.7 1000 25 1.73579578009 0 0.659294818197 0.340441003197 1 3.367197 -0.0422537666297 -0.201526775225
127.8 1000 25 1.73588606711 0 0.659270794332 0.34046371475 1 3.36371 0.0240575409903 -0.204403654413
127.9 1000 25 1.73597596044 0 0.659246489926 0.340486793345 1 3.369138 0.087808922562 -0.186039108417
128 1000 25 1.73606544082 0 0.659221987984 0.340510000478 1 3.364617 0.142378171219 -0.148360268808
128.1 1000 25 1.73615430172 0 0.659197175066 0.340533442376 1 3.370447 0.182103576449 -0.0952999123455
128.2 1000 25 1.7362430319 0 0.65917195123 0.340557135822 1 3.368667 0.202870808966 -0.0323850410739
128.3 1000 25 1.73633138995 0 0.659146272963 0.340581180001 1 3.366251 0.20253904079 0.0338380582545
128.4 1000 25 1.73641945733 0 0.659120100896 0.340605421939 1 3.369482 0.18116142754 0.0964850545709
128.5 1000 25 1.73650727901 0 0.659093325447 0.34063011915 1 3.366441 0.140978520106 0.149049747363
128.6 1000 25 1.73659536685 0 0.659065852828 0.340655296661 1 3.366438 0.0861821839419 0.186079330631
128.7 1000 25 1.73668273377 0 0.659037754577 0.340680805432 1 3.366897 0.022479750317 0.203739486248
128.8 1000 25 1.73676974618 0 0.659008871387 0.340706864716 1 3.36746 -0.0435016490977 0.200212821129
128.9 1000 25 1.73685696939 0 0.658979204867 0.340733243751 1 3.370528 -0.104903968468 0.175884376431
129 1000 25 1.73694428288 0 0.658948691625 0.340760042496 1 3.388193 -0.155350791547 0.133300584023
129.1 1000 25 1.73703128657 0 0.658917367426 0.340787286189 1 3.365117 -0.189609627254 0.0769027057488
129.2 1000 25 1.73711816577 0 0.65888511165 0.340815056559 1 3.364563 -0.204135130219 0.01256333936
129.3 1000 25 1.73720478586 0 0.658852014099 0.340843181895 1 3.366894 -0.197435146805 -0.0530248796157
129.4 1000 25 1.73729138306 0 0.658817932559 0.340871704807 1 3.368419 -0.170224752189 -0.113045653722
129.5 1000 25 1.7373780229 0 0.658782867531 0.340900662143 1 3.366532 -0.12534925883 -0.161267081891
129.6 1000 25 1.73746486481 0 0.658746878778 0.340930076531 1 3.365451 -0.0674870964431 -0.192688481086
129.7 1000 25 1.73755157079 0 0.65870987987 0.340960087815 1 3.363457 -0.00266219458982 -0.204059799053
129.8 1000 25 1.73763824448 0 0.658671940582 0.34099053814 1 3.369802 0.0623832871992 -0.194216559683
129.9 1000 25 1.73772503875 0 0.658633009323 0.341021500347 1 3.366702 0.120890701991 -0.164200141542
130 1000 25 1.7378116 0 0.658593170135 0.341052946932 1 3.386222 0.166785790074 -0.117146956016
130.1 1000 25 1.73789871095 0 0.658552377819 0.341084790659 1 3.36672 0.195310674597 -0.057960789614
130.2 1000 25 1.73798561852 0 0.658510735638 0.341117132557 1 3.365245 0.203516191903 0.00719760840724
130.3 1000 25 1.73807203081 0 0.658468236347 0.341149997661 1 3.363492 0.190567595349 0.0715527366097
130.4 1000 25 1.73815883416 0 0.658424878392 0.341183335196 1 3.368202 0.157828248676 0.128418829666
130.5 1000 25 1.73824571037 0 0.658380787007 0.3412169681 1 3.363998 0.108716840263 0.171892912622
130.6 1000 25 1.73833263886 0 0.658336032669 0.341251134707 1 3.368738 0.0483505859952 0.197469474065
130.7 1000 25 1.73841932456 0 0.658290645757 0.341285764086 1 3.367834 -0.0169883650413 0.202506415737
130.8 1000 25 1.73850613159 0 0.658244559254 0.341320858136 1 3.365613 -0.0805076615242 0.186498514431
130.9 1000 25 1.73859278616 0 0.658197957478 0.341356364051 1 3.364614 -0.135608754567 0.151126525897
131 1000 25 1.73867969594 0 0.658150882311 0.341392257281 1 3.365711 -0.176573889671 0.100082063178
131.1 1000 25 1.73876673818 0 0.658103390812 0.341428542984 1 3.363327 -0.199159020475 0.0386819144541
131.2 1000 25 1.73885364507 0 0.658055622108 0.341465232655 1 3.364373 -0.201033133764 -0.0266855542801
131.3 1000 25 1.73894049608 0 0.658007583308 0.341502145388 1 3.367251 -0.182019376893 -0.0892255804615
131.4 1000 25 1.73902724256 0 0.657959386128 0.341539564293 1 3.372035 -0.144111158958 -0.142443073487
131.5 1000 25 1.73911393498 0 0.657911154328 0.341577308093 1 3.362528 -0.0912631235235 -0.180816971108
131.6 1000 25 1.73920030831 0 0.657862923771 0.341615381354 1 3.365867 -0.0289787144282 -0.20037364926
131.7 1000 25 1.73928660991 0 0.657814779393 0.341653747045 1 3.363872 0.0362631508041 -0.199097525489
131.8 1000 25 1.73937250965 0 0.657766776211 0.341692388309 1 3.363937 0.0976821702217 -0.177139576893
131.9 1000 25 1.73945824092 0 0.657719021641 0.341731276509 1 3.368291 0.14890113926 -0.136798855905
132 1000 25 1.73954424675 0 0.657671576535 0.3417703128 1 3.369223 0.184608297203 -0.0822819682093
132.1 1000 25 1.73962965656 0 0.657624519255 0.341809648031 1 3.36897 0.201107658002 -0.0192651679844
132.2 1000 25 1.73971503604 0 0.657577876497 0.341849108454 1 3.367787 0.196702362879 0.0456981965901
132.3 1000 25 1.73979991198 0 0.657531800335 0.341888841056 1 3.366642 0.171868507021 0.10585752377
132.4 1000 25 1.73988457972 0 0.657486342775 0.341928638755 1 3.362169 0.129204040443 0.154968098753
132.5 1000 25 1.73996859187 0 0.657441522709 0.341968590931 1 3.366247 0.0731572394174 0.187938120365
132.6 1000 25 1.74005209126 0 0.657397381867 0.342008647423 1 3.361796 0.00956181551917 0.201357821101
132.7 1000 25 1.74013556077 0 0.65735392601 0.342048586203 1 3.364895 -0.0549698682728 0.193850822985
132.8 1000 25 1.74021828761 0 0.65731134189 0.342088886303 1 3.365906 -0.11373249045 0.166215949602
132.9 1000 25 1.74030046379 0 0.65726958859 0.34212923877 1 3.364287 -0.160628219041 0.121342681728
133 1000 25 1.74038199373 0 0.657228700845 0.342169635854 1 3.367373 -0.190797038717 0.0639082251075
133.1 1000 25 1.74046298591 0 0.657188687185 0.342210006301 1 3.366638 -0.201121111953 -0.00010997774687
133.2 1000 25 1.74054333237 0 0.657149569611 0.342250371429 1 3.367573 -0.190546850911 -0.0640560705808
133.3 1000 25 1.74062304671 0 0.657111364723 0.342290718984 1 3.365191 -0.160192571099 -0.121288029751
133.4 1000 25 1.74070211668 0 0.657074061647 0.342330954615 1 3.361933 -0.11323018903 -0.165867902414
133.5 1000 25 1.74078038544 0 0.657037652936 0.342371176048 1 3.337681 -0.0545538391997 -0.193177401718
133.6 1000 25 1.74085786688 0 0.657002158143 0.342411296889 1 3.335468 0.00973046595673 -0.200396973657
133.7 1000 25 1.74093454272 0 0.656967552149 0.342451318919 1 3.333656 0.0729400659318 -0.186796576017
133.8 1000 25 1.74101045032 0 0.656933878503 0.342491157148 1 3.339171 0.128510653756 -0.153809660671
133.9 1000 25 1.74108555567 0 0.656901042469 0.342530850245 1 3.353483 0.170677885766 -0.104882006827
134 1000 25 1.741159788 0 0.656869028446 0.342570352105 1 3.352098 0.195075555334 -0.0451118046951
134.1 1000 25 1.74123310334 0 0.656837775282 0.342609673676 1 3.353723 0.199187698811 0.019281614394
134.2 1000 25 1.74130570927 0 0.656807299514 0.342648714478 1 3.354415 0.182608105415 0.0816049721882
134.3 1000 25 1.74137748083 0 0.656777535268 0.342687466603 1 3.35545 0.147080425272 0.135386939051
134.4 1000 25 1.74144827708 0 0.656748410953 0.342725944531 1 3.339749 0.0963148091384 0.175050092249
134.5 1000 25 1.74151802942 0 0.656719771677 0.34276423362 1 3.333958 0.035600447822 0.196489486352
134.6 1000 25 1.74158683435 0 0.656691647743 0.342802222561 1 3.336744 -0.0287455075694 0.197497524121
134.7 1000 25 1.7416546636 0 0.656664015778 0.342839863664 1 3.364693 -0.0900352726068 0.17799144533
134.8 1000 25 1.74172156167 0 0.65663672501 0.342877208604 1 3.36157 -0.1419057023 0.140019557968
134.9 1000 25 1.7417870373 0 0.65660976387 0.342914348123 1 3.369366 -0.178978905033 0.0875465377724
135 1000 25 1.74185133986 0 0.656583063173 0.342951212292 1 3.364172 -0.197420117741 0.0260389500434
135.1 1000 25 1.74191563096 0 0.656556552265 0.342987719693 1 3.36164 -0.195333735937 -0.0381037131306
135.2 1000 25 1.7419787352 0 0.656530080839 0.3430237689 1 3.364023 -0.172959731796 -0.098215599355
135.3 1000 25 1.74203988742 0 0.656503563119 0.343059571188 1 3.362748 -0.132645084317 -0.14805669894
135.4 1000 25 1.74210051007 0 0.656476954715 0.343095111406 1 3.366909 -0.0785977276964 -0.182460135204
135.5 1000 25 1.74216066244 0 0.656450086964 0.343130014961 1 3.363117 -0.0164475014496 -0.197869433546
135.6 1000 25 1.74221984089 0 0.656422999255 0.343164628519 1 3.364221 0.0473389194357 -0.192704954809
135.7 1000 25 1.74227795999 0 0.656395641606 0.343199212012 1 3.364074 0.10613243041 -0.167526952476
135.8 1000 25 1.74233498425 0 0.656367820601 0.343233258269 1 3.36403 0.153831093566 -0.124973807268
135.9 1000 25 1.74239015748 0 0.656339525586 0.343267189053 1 3.364167 0.185491674437 -0.069486788357
136 1000 25 1.7424449086 0 0.656310678747 0.343300923373 1 3.363562 0.197842581011 -0.00684568230825
136.1 1000 25 1.74249902378 0 0.656281235886 0.343334284425 1 3.366044 0.1896226401 0.0564325562814
136.2 1000 25 1.74255218528 0 0.656251188958 0.343367515045 1 3.36162 0.161710074 0.113771929213
136.3 1000 25 1.742604727 0 0.656220420506 0.343400373438 1 3.361518 0.11702769549 0.159221493176
136.4 1000 25 1.74265575816 0 0.656188961982 0.343433175745 1 3.361667 0.0602383800675 0.188072401215
136.5 1000 25 1.74270721321 0 0.656156753153 0.343465386974 1 3.368809 -0.00274301478627 0.197345096666
136.6 1000 25 1.74275729189 0 0.656123712119 0.343497127635 1 3.36293 -0.0653646582641 0.186099318855
136.7 1000 25 1.74280662125 0 0.656089864422 0.343528704214 1 3.367691 -0.12111873118 0.1555271979
136.8 1000 25 1.74285598032 0 0.65605518198 0.34355966023 1 3.363675 -0.164218819891 0.108828044569
136.9 1000 25 1.74290462529 0 0.656019714148 0.343590522878 1 3.363184 -0.190200381395 0.050874720775
137 1000 25 1.74295239761 0 0.655983426189 0.34362110926 1 3.366104 -0.196383478765 -0.0122970247675
137.1 1000 25 1.74299971467 0 0.655946302522 0.343651636529 1 3.365368 -0.182148373445 -0.0741152462159
137.2 1000 25 1.74304686816 0 0.65590833506 0.343681533024 1 3.364455 -0.14899797471 -0.128156933877
137.3 1000 25 1.74309343851 0 0.655869572846 0.343710799395 1 3.365201 -0.1003995732 -0.168814117192
137.4 1000 25 1.74313976882 0 0.655830017364 0.343739903899 1 3.36434 -0.0414229572125 -0.19187568697
137.5 1000 25 1.74318594552 0 0.655789675816 0.343768601865 1 3.365364 0.0217899207111 -0.194964966252
137.6 1000 25 1.74323193261 0 0.655748562976 0.343796979365 1 3.366962 0.0826631629107 -0.177783910015
137.7 1000 25 1.74327756744 0 0.655706714037 0.343825127496 1 3.362043 0.134871859207 -0.14214205668
137.8 1000 25 1.7433231547 0 0.655664179035 0.343852912239 1 3.363921 0.172998777973 -0.0917652687104
137.9 1000 25 1.74336869982 0 0.655620986526 0.343880438798 1 3.36494 0.193096354831 -0.0319075958712
138 1000 25 1.74341413011 0 0.655577184661 0.343907713191 1 3.363839 0.193096187828 0.0311975630842
138.1 1000 25 1.74345965167 0 0.655532789149 0.343934770485 1 3.365503 0.173021082849 0.0909862082992
138.2 1000 25 1.74350519403 0 0.655487844206 0.343961637835 1 3.36563 0.134980964188 0.141246457714
138.3 1000 25 1.74355099009 0 0.6554424388 0.34398809831 1 3.365107 0.0829505815931 0.176763780051
138.4 1000 25 1.74359689017 0 0.65539665349 0.344014264186 1 3.36267 0.0223553948911 0.193862247819
138.5 1000 25 1.74364290879 0 0.655350454968 0.344040404256 1 3.364053 -0.040495077023 0.190784934178
138.6 1000 25 1.74368960722 0 0.655303885205 0.344066259457 1 3.361681 -0.0990635482587 0.167874030408
138.7 1000 25 1.74373654842 0 0.655257062318 0.34409197378 1 3.367444 -0.147265430739 0.127534173822
138.8 1000 25 1.74378407682 0 0.655209994566 0.344117350633 1 3.363878 -0.180100397902 0.0739788590984
138.9 1000 25 1.74383165867 0 0.655162801205 0.344142666241 1 3.363516 -0.194171832265 0.0127914638007
139 1000 25 1.74387982258 0 0.655115558684 0.344167661239 1 3.36295 -0.188037132046 -0.0496576097552
139.1 1000 25 1.74392856373 0 0.655068226296 0.344192559302 1 3.364826 -0.162356615934 -0.106873457363
139.2 1000 25 1.74397761931 0 0.655020906883 0.34421719026 1 3.364871 -0.119821796507 -0.152912624582
139.3 1000 25 1.7440273486 0 0.654973655886 0.344241680694 1 3.363857 -0.0648740632946 -0.183000208742
139.4 1000 25 1.7440777626 0 0.654926480983 0.344265966515 1 3.36642 -0.00324093199145 -0.19402467295
139.5 1000 25 1.74412875086 0 0.654879475398 0.344290070621 1 3.364559 0.0586616898359 -0.184860646515
139.6 1000 25 1.74418055679 0 0.654832626709 0.344313975666 1 3.362837 0.114396280207 -0.156482785256
139.7 1000 25 1.7442329244 0 0.654786063822 0.344337682082 1 3.367144 0.158174025497 -0.111862933995
139.8 1000 25 1.74428649068 0 0.65473974433 0.344361408895 1 3.367368 0.185455079906 -0.0556588775187
139.9 1000 25 1.74434060565 0 0.654693701669 0.344384891681 1 3.366279 0.19342039137 0.00627258641822
140 1000 25 1.74439578328 0 0.654647924629 0.344408117564 1 3.363743 0.181261958813 0.067484879875
140.1 1000 25 1.74445174485 0 0.654602547354 0.344431215306 1 3.365515 0.150266319349 0.121612836089
140.2 1000 25 1.74450863514 0 0.654557464354 0.344454192165 1 3.365778 0.103676650635 0.1630350217
140.3 1000 25 1.74456635171 0 0.654512791593 0.34447713667 1 3.362537 0.0463549379233 0.187457438014
140.4 1000 25 1.74462471027 0 0.654468595316 0.344499754567 1 3.366517 -0.0157264380165 0.192358226347
140.5 1000 25 1.74468399332 0 0.654424811839 0.344522315237 1 3.365559 -0.076105872313 0.177248303903
140.6 1000 25 1.7447442031 0 0.654381475325 0.344544709154 1 3.367911 -0.12850562 0.143720323466
140.7 1000 25 1.74480517438 0 0.654338622289 0.344567135821 1 3.365756 -0.167484803613 0.095280946721
140.8 1000 25 1.74486718808 0 0.654296196186 0.344589364153 1 3.36656 -0.189003470757 0.0369833606818
140.9 1000 25 1.74493025401 0 0.654254213752 0.344611509272 1 3.368451 -0.190842020459 -0.0250987585636
141 1000 25 1.74499417219 0 0.654212712923 0.344633329041 1 3.364064 -0.172829564318 -0.084505000038
141.1 1000 25 1.74505884152 0 0.654171625967 0.3446550837 1 3.363414 -0.136860595372 -0.135059105538
141.2 1000 25 1.74512434733 0 0.654131093881 0.344676651533 1 3.366004 -0.0866950277031 -0.171512492671
141.3 1000 25 1.74519063562 0 0.65409097118 0.344698057128 1 3.367335 -0.0275648909311 -0.190088282797
141.4 1000 25 1.74525782768 0 0.65405126943 0.34471940783 1 3.369723 0.0343698781441 -0.188872941423
141.5 1000 25 1.74532586775 0 0.654012045688 0.344740514176 1 3.363419 0.0926644847387 -0.168013568919
141.6 1000 25 1.74539446997 0 0.653973246771 0.344761378028 1 3.36614 0.14125943083 -0.129700100672
141.7 1000 25 1.74546384596 0 0.653934897339 0.344782081667 1 3.365881 0.175110015949 -0.0779357071387
141.8 1000 25 1.74553375752 0 0.653897008438 0.344802627462 1 3.367296 0.190710614811 -0.0181187824528
141.9 1000 25 1.74560440432 0 0.653859525715 0.344823000879 1 3.365149 0.186457092863 0.0435204119779
142 1000 25 1.7456756018 0 0.653822396 0.344843254339 1 3.366095 0.162812065215 0.100568373866
142.1 1000 25 1.74574740684 0 0.653785673029 0.344863320909 1 3.364117 0.122255435232 0.147095416947
142.2 1000 25 1.74581971536 0 0.653749311156 0.344883156807 1 3.367757 0.0690229006621 0.178272328705
142.3 1000 25 1.74589246081 0 0.653713329152 0.344902775355 1 3.368107 0.00866512469023 0.190871531438
142.4 1000 25 1.74596564316 0 0.653677764513 0.344922111127 1 3.365647 -0.0525318139187 0.183601282918
142.5 1000 25 1.74603918937 0 0.653642555503 0.344941247517 1 3.365412 -0.108200701681 0.157237948222
142.6 1000 25 1.74611296625 0 0.653607704281 0.344960202068 1 3.363761 -0.152555835946 0.114543395323
142.7 1000 25 1.74618702242 0 0.653573268665 0.344978834157 1 3.359935 -0.180994057125 0.0599755815592
142.8 1000 25 1.74626130341 0 0.653539146155 0.344997291362 1 3.361664 -0.190572732546 -0.000776345037137
142.9 1000 25 1.74633561801 0 0.653505375631 0.345015565395 1 3.360706 -0.180314144194 -0.0613859001868
143 1000 25 1.74641011624 0 0.6534719922 0.345033569705 1 3.363373 -0.151305241075 -0.115547380379
143.1 1000 25 1.74648453318 0 0.653438974854 0.345051378722 1 3.363633 -0.106582689923 -0.157632175618
143.2 1000 25 1.74655894106 0 0.653406341096 0.345068971473 1 3.363811 -0.0508150258019 -0.183273487766
143.3 1000 25 1.74663323596 0 0.653374168111 0.345086211927 1 3.358738 0.0101847948529 -0.189819190493
143.4 1000 25 1.74670731612 0 0.653342365046 0.345103304663 1 3.365451 0.0700645058264 -0.176607075738
143.5 1000 25 1.74678116591 0 0.653311000315 0.345120138729 1 3.361569 0.122594782148 -0.145030746471
143.6 1000 25 1.74685475179 0 0.65328010461 0.345136718941 1 3.360993 0.162316710165 -0.0983933463344
143.7 1000 25 1.74692813578 0 0.653249683755 0.345153073915 1 3.365894 0.185109248064 -0.0415622183808
143.8 1000 25 1.74700107535 0 0.653219776104 0.345169150921 1 3.367224 0.188616610927 0.0195395065166
143.9 1000 25 1.74707359899 0 0.653190328847 0.345185033188 1 3.365699 0.172492073646 0.0785495022536
144 1000 25 1.74714565504 0 0.653161488577 0.345200656515 1 3.364116 0.138431937815 0.129329350816
144.1 1000 25 1.74721721853 0 0.653133175857 0.34521603695 1 3.365349 0.0899967789721 0.166602242687
144.2 1000 25 1.74728813507 0 0.653105410845 0.345231200998 1 3.364953 0.0322403843721 0.186501816025
144.3 1000 25 1.74735827239 0 0.65307823728 0.345246147433 1 3.367414 -0.0288184636652 0.186972642633
144.4 1000 25 1.74742783017 0 0.653051702554 0.345260824377 1 3.36296 -0.0868225035365 0.167983620264
144.5 1000 25 1.74749661421 0 0.653025766498 0.345275309349 1 3.364694 -0.135737703689 0.131527807282
144.6 1000 25 1.74756475682 0 0.653000445778 0.345289697022 1 3.365763 -0.170481856959 0.0814151836811
144.7 1000 25 1.74763200841 0 0.65297573101 0.345303872482 1 3.367585 -0.1874512454 0.0228726760339
144.8 1000 25 1.74769856977 0 0.65295173059 0.345317841682 1 3.365209 -0.184895071193 -0.0379997319973
144.9 1000 25 1.74776396208 0 0.652928374107 0.345331616997 1 3.368536 -0.163095942036 -0.0948645841934
145 1000 25 1.74782834205 0 0.652905741302 0.345345155708 1 3.36087 -0.124338808738 -0.14180688845
145.1 1000 25 1.74789203914 0 0.652883807411 0.345358518586 1 3.366026 -0.0726720217781 -0.173949487524
145.2 1000 25 1.74795479686 0 0.652862429285 0.3453718432 1 3.366239 -0.0134835697449 -0.18795888172
145.3 1000 25 1.74801653136 0 0.652841786877 0.345384947278 1 3.363023 0.0470602118115 -0.182391971547
145.4 1000 25 1.74807732744 0 0.652821776592 0.345397914941 1 3.365844 0.102656584402 -0.157843871438
145.5 1000 25 1.74813690752 0 0.652802401924 0.345410806911 1 3.366712 0.147523045603 -0.116884840954
145.6 1000 25 1.74819551597 0 0.652783688261 0.345423534646 1 3.366461 0.17699825633 -0.06379073645
145.7 1000 25 1.74825315551 0 0.652765551882 0.345436234005 1 3.365544 0.188026076369 -0.00409734549345
145.8 1000 25 1.7483096932 0 0.652747985132 0.345448838946 1 3.364434 0.179473060635 0.0559773421678
145.9 1000 25 1.74836509498 0 0.652730887337 0.345461416828 1 3.375929 0.152243977895 0.110179959422
146 1000 25 1.74841958501 0 0.652714293166 0.34547399357 1 3.357721 0.109187262544 0.152873649687
146.1 1000 25 1.74847309703 0 0.652698174575 0.345486497229 1 3.363407 0.0547957761762 0.179622705838
146.2 1000 25 1.74852532424 0 0.652682498919 0.345498853404 1 3.362172 -0.00526078024032 0.187654954854
146.3 1000 25 1.74857684573 0 0.652667268539 0.345511234574 1 3.363555 -0.06472754278 0.176147698
146.4 1000 25 1.74862730574 0 0.652652414488 0.345523521731 1 3.36508 -0.117415438791 0.146312383444
146.5 1000 25 1.7486767207 0 0.652637837184 0.345535802667 1 3.364431 -0.157845082696 0.101267106819
146.6 1000 25 1.74872521735 0 0.652623575416 0.345548051121 1 3.363081 -0.181817051135 0.0457107933823
146.7 1000 25 1.74877267809 0 0.652609555483 0.345560199868 1 3.362819 -0.186847341877 -0.0145669218363
146.8 1000 25 1.74881922763 0 0.65259567061 0.345572375188 1 3.365128 -0.172425227581 -0.073289135633
146.9 1000 25 1.74886475191 0 0.652581947601 0.345584494016 1 3.372054 -0.140064391644 -0.124345031143
147 1000 25 1.74890951934 0 0.652568254919 0.3455966334 1 3.358927 -0.0931448354694 -0.162425694365
147.1 1000 25 1.74895340222 0 0.65255461541 0.345608754346 1 3.3597 -0.0365591421356 -0.183576176222
147.2 1000 25 1.74899637948 0 0.652540958848 0.345620834324 1 3.364176 0.0237972353377 -0.185605770482
147.3 1000 25 1.74903867042 0 0.652527179391 0.345633030669 1 3.36282 0.0816401925693 -0.168315305563
147.4 1000 25 1.74908015459 0 0.652513247791 0.345645302522 1 3.365253 0.130951283255 -0.133516219277
147.5 1000 25 1.74912094305 0 0.65249911527 0.345657670693 1 3.363816 0.166603758264 -0.0848409290761
147.6 1000 25 1.74916102293 0 0.652484746733 0.345670078906 1 3.363379 0.184895371067 -0.0273635419737
147.7 1000 25 1.74920041332 0 0.652470146132 0.345682537943 1 3.364319 0.183932748632 0.0329290044487
147.8 1000 25 1.74923923626 0 0.65245520581 0.345695091948 1 3.363151 0.163827554451 0.0897603342044
147.9 1000 25 1.74927749395 0 0.652439880661 0.345707746024 1 3.364106 0.126683216948 0.137218164998
148 1000 25 1.74931524487 0 0.652424094021 0.34572062728 1 3.363213 0.0763749752487 0.170369059841
148.1 1000 25 1.74935243934 0 0.652407881216 0.345733587652 1 3.365798 0.018145713639 0.185771425192
148.2 1000 25 1.74938940287 0 0.652391184663 0.34574681116 1 3.365577 -0.0419406113703 0.18183233873
148.3 1000 25 1.74942592331 0 0.65237389206 0.345760312866 1 3.362892 -0.0976303085878 0.158972793253
148.4 1000 25 1.74946194554 0 0.652356076235 0.345773906347 1 3.362852 -0.143130651705 0.119581650298
148.5 1000 25 1.74949792609 0 0.652337687749 0.345787790629 1 3.362838 -0.173712720798 0.0677672171222
148.6 1000 25 1.74953362976 0 0.65231876083 0.345801816918 1 3.361813 -0.186202380931 0.00892760395787
148.7 1000 25 1.74956911248 0 0.652299291042 0.345815991407 1 3.365354 -0.179309701878 -0.0508108971596
148.8 1000 25 1.74960445492 0 0.652279349062 0.345830271256 1 3.365879 -0.153762082749 -0.1052320018
148.9 1000 25 1.7496398436 0 0.652258802094 0.345844852763 1 3.365528 -0.112227650801 -0.148675595292
149 1000 25 1.749675172 0 0.652237713785 0.345859656197 1 3.36338 -0.0590365792365 -0.176627333955
149.1 1000 25 1.74971051872 0 0.652216100794 0.345874645822 1 3.36466 0.000270794475518 -0.186187090732
149.2 1000 25 1.74974594635 0 0.652193970408 0.345889927725 1 3.365045 0.0595205688286 -0.176369644139
149.3 1000 25 1.74978136913 0 0.652171332769 0.345905395936 1 3.363743 0.112548426215 -0.148206780686
149.4 1000 25 1.74981708062 0 0.652148194993 0.345921239676 1 3.36498 0.153840308836 -0.104637669011
149.5 1000 25 1.74985302799 0 0.652124689761 0.345937288216 1 3.362374 0.179106187716 -0.0502030448127
149.6 1000 25 1.74988910427 0 0.652100788807 0.345953556906 1 3.364447 0.185725935038 0.00942810043682
149.7 1000 25 1.74992525323 0 0.652076579384 0.345969960188 1 3.360643 0.173020321188 0.0680496732263
149.8 1000 25 1.7499617675 0 0.652052091384 0.345986612052 1 3.364031 0.142320574076 0.119563545255
149.9 1000 25 1.74999869164 0 0.65202741318 0.346003547963 1 3.366923 0.0968294663055 0.158614239713
150 1000 25 1.75003621328 0 0.652002613104 0.346020799754 1 3.364801 0.0412866618023 0.181145517635
150.1 1000 25 1.75007405088 0 0.651977667952 0.34603830111 1 3.362791 -0.0185244661796 0.184821712172
150.2 1000 25 1.75011226843 0 0.651952747282 0.346055917966 1 3.364693 -0.0763803628951 0.169269790819
150.3 1000 25 1.75015098479 0 0.651927852557 0.346073821224 1 3.363511 -0.126263321561 0.136116910609
150.4 1000 25 1.75019025154 0 0.651903067104 0.346091939091 1 3.364112 -0.162988392998 0.0888203881723
150.5 1000 25 1.75023016996 0 0.651878468674 0.346110337534 1 3.362954 -0.182742044578 0.0323069416396
150.6 1000 25 1.7502703343 0 0.651854060002 0.346128894529 1 3.363073 -0.183477726305 -0.0275403506568
150.7 1000 25 1.75031129859 0 0.651829855763 0.346147868862 1 3.368516 -0.165128375366 -0.0844948831022
150.8 1000 25 1.75035277841 0 0.651806110727 0.346166851047 1 3.362908 -0.129611637908 -0.13263416278
150.9 1000 25 1.75039493348 0 0.651782773013 0.346186087737 1 3.36221 -0.0806301187275 -0.166955169879
151 1000 25 1.75043781159 0 0.651759930507 0.346205468335 1 3.363571 -0.0232849968826 -0.183894839286
151.1 1000 25 1.75048126682 0 0.65173759292 0.346225077209 1 3.365053 0.0364553088863 -0.181699807357
151.2 1000 25 1.75052527612 0 0.651715781341 0.346244807152 1 3.363868 0.0923760359916 -0.160607758335
151.3 1000 25 1.75056991358 0 0.651694514879 0.346264811944 1 3.360848 0.138663148079 -0.122821451035
151.4 1000 25 1.75061527592 0 0.651673959533 0.346284971962 1 3.360272 0.170507406724 -0.0722786381213
151.5 1000 25 1.75066131867 0 0.65165415112 0.346305107149 1 3.361281 0.184603829061 -0.01424201957
151.6 1000 25 1.75070761275 0 0.651634928459 0.346325413086 1 3.359768 0.179495117427 0.0452486353903
151.7 1000 25 1.75075487324 0 0.651616431757 0.346346017891 1 3.359878 0.15572144139 0.100006046771
151.8 1000 25 1.75080278709 0 0.651598706765 0.346366704784 1 3.36235 0.115764394408 0.144337993545
151.9 1000 25 1.75085131256 0 0.651581755198 0.346387405661 1 3.359936 0.063787131814 0.173639154796
152 1000 25 1.75090037999 0 0.651565557452 0.34640820722 1 3.358238 0.00520052110517 0.184869767491
152.1 1000 25 1.75094992148 0 0.651550024832 0.346429286773 1 3.357498 -0.0538997535305 0.176870584113
152.2 1000 25 1.75100002228 0 0.651535211422 0.346450472489 1 3.357642 -0.107367854236 0.150482835277
152.3 1000 25 1.75105067525 0 0.651521103214 0.346471763382 1 3.355964 -0.149646616322 0.108459295406
152.4 1000 25 1.75110187052 0 0.651507680008 0.346493136485 1 3.356615 -0.176345053031 0.0551771443069
152.5 1000 25 1.75115352754 0 0.651494932678 0.346514579717 1 3.356062 -0.184694532337 -0.00381782493084
152.6 1000 25 1.75120549919 0 0.65148274684 0.346536183619 1 3.351837 -0.173835791284 -0.0623885243903
152.7 1000 25 1.7512578755 0 0.65147111271 0.346557899796 1 3.353073 -0.144907167874 -0.114445180222
152.8 1000 25 1.75131068033 0 0.651460019758 0.346579645505 1 3.357362 -0.100925232657 -0.154578250565
152.9 1000 25 1.75136396701 0 0.651449427494 0.34660141423 1 3.356198 -0.0464702111529 -0.178620771335
153 1000 25 1.75141753714 0 0.651439256806 0.346623234429 1 3.35277 0.0127909767566 -0.184080814237
153.1 1000 25 1.75147150942 0 0.651429455665 0.346645067745 1 3.356503 0.0706946587195 -0.170399898489
153.2 1000 25 1.75152575327 0 0.651419929596 0.346666993889 1 3.360798 0.121221493782 -0.139009578607
153.3 1000 25 1.751580361 0 0.65141065155 0.346688930262 1 3.357788 0.159122059929 -0.0931821497186
153.4 1000 25 1.7516353217 0 0.651401580018 0.346710844184 1 3.357667 0.180462314921 -0.0376889412558
153.5 1000 25 1.75169058923 0 0.651392661372 0.34673270015 1 3.356521 0.183031964222 0.0216961837846
153.6 1000 25 1.75174608442 0 0.651383741234 0.346754626733 1 3.362958 0.166573216011 0.0787977350294
153.7 1000 25 1.75180181415 0 0.651374863292 0.34677644814 1 3.362827 0.132806185749 0.127680868911
153.8 1000 25 1.75185797042 0 0.651365870538 0.346798364373 1 3.362898 0.0852499846389 0.163267801084
153.9 1000 25 1.75191426555 0 0.651356699829 0.346820207619 1 3.360881 0.0288552984201 0.18186623504
154 1000 25 1.75197066173 0 0.651347356431 0.346841876081 1 3.357628 -0.0305115486908 0.181551433574
154.1 1000 25 1.75202749361 0 0.651337746689 0.346863554197 1 3.360038 -0.0866779891758 0.162365617605
154.2 1000 25 1.75208452339 0 0.651327808467 0.346885139086 1 3.366434 -0.133807213975 0.126312634225
154.3 1000 25 1.75214187732 0 0.65131748706 0.346906685577 1 3.361697 -0.167005310965 0.0771489012812
154.4 1000 25 1.75219939003 0 0.651306722826 0.34692811496 1 3.36368 -0.18282884716 0.0199912916738
154.5 1000 25 1.7522570142 0 0.651295420828 0.346949431849 1 3.361121 -0.179642581703 -0.0392151285222
154.6 1000 25 1.75231508006 0 0.651283591699 0.346970734471 1 3.362041 -0.157787445311 -0.0943156969009
154.7 1000 25 1.75237335402 0 0.651271199858 0.346991897198 1 3.360018 -0.119544839661 -0.139585665727
154.8 1000 25 1.75243200524 0 0.651258150145 0.347013020139 1 3.360202 -0.0688984581602 -0.170325571966
154.9 1000 25 1.75249070527 0 0.651244458799 0.347033997177 1 3.358132 -0.0111186459414 -0.183348501932
155 1000 25 1.75254980817 0 0.651230075029 0.347054908684 1 3.362918 0.0477859346141 -0.177310677442
155.1 1000 25 1.75260916797 0 0.651214997844 0.347075720851 1 3.360532 0.101692933716 -0.152850232712
155.2 1000 25 1.75266885024 0 0.651199244627 0.347096477482 1 3.361945 0.145002922828 -0.112519418173
155.3 1000 25 1.75272856776 0 0.651182796312 0.347117079253 1 3.382055 0.173221127243 -0.0605186199187
155.4 1000 25 1.75278872247 0 0.651165638379 0.347137570108 1 3.35951 0.183423797633 -0.00225824098598
155.5 1000 25 1.7528491695 0 0.651147802923 0.347157983373 1 3.377863 0.174561136524 0.0562037399415
155.6 1000 25 1.75291004195 0 0.65112925949 0.347178326766 1 3.360355 0.147565400873 0.108792153884
155.7 1000 25 1.75297107535 0 0.651110112671 0.347198506077 1 3.361402 0.105252386124 0.150045673039
155.8 1000 25 1.7530325292 0 0.651090318318 0.347218506641 1 3.367566 0.0520283052375 0.175684737287
155.9 1000 25 1.75309441646 0 0.651069963906 0.347238458315 1 3.365427 -0.00656972918302 0.183054193397
156 1000 25 1.75315665764 0 0.651049085382 0.34725826377 1 3.358682 -0.0644494865599 0.171399852617
156.1 1000 25 1.75321931925 0 0.651027730497 0.347277950027 1 3.360685 -0.115597274425 0.14194446403
156.2 1000 25 1.75328243424 0 0.651005933354 0.347297529961 1 3.361684 -0.154702839651 0.0977599848768
156.3 1000 25 1.75334600018 0 0.65098372909 0.347316977844 1 3.357452 -0.177710742552 0.043446804154
156.4 1000 25 1.75341007824 0 0.650961232608 0.347336272632 1 3.361414 -0.182240698088 -0.0153452710851
156.5 1000 25 1.75347470722 0 0.650938475273 0.34735547674 1 3.362628 -0.16783422941 -0.0725046599318
156.6 1000 25 1.75353985421 0 0.650915534429 0.347374553217 1 3.357094 -0.136000742836 -0.122093521502
156.7 1000 25 1.75360556634 0 0.65089247446 0.347393456196 1 3.360125 -0.0900594324786 -0.158964699782
156.8 1000 25 1.75367180984 0 0.650869348571 0.347412232122 1 3.357766 -0.0347932543354 -0.179295998963
156.9 1000 25 1.75373860072 0 0.650846249875 0.347430838667 1 3.358992 0.0240493565112 -0.180986435898
157 1000 25 1.75380602919 0 0.6508232209 0.347449314381 1 3.359527 0.0803523203511 -0.163873311093
157.1 1000 25 1.75387410687 0 0.650800353474 0.34746768536 1 3.361543 0.128267701181 -0.129748035067
157.2 1000 25 1.75394296872 0 0.650777657029 0.347485970799 1 3.363189 0.162823337878 -0.0821681018206
157.3 1000 25 1.75401251492 0 0.650755206167 0.347504150357 1 3.358961 0.180438577682 -0.0260866595641
157.4 1000 25 1.7540828206 0 0.650733052172 0.347522273446 1 3.362666 0.179295677241 0.0326633900626
157.5 1000 25 1.75415394159 0 0.650711213596 0.347540296337 1 3.360064 0.15952736934 0.0879763745118
157.6 1000 25 1.75422582213 0 0.650689808443 0.347558179265 1 3.361674 0.123201149869 0.134107952837
157.7 1000 25 1.75429858382 0 0.650668828312 0.347575886452 1 3.362299 0.0741036646366 0.166272371384
157.8 1000 25 1.75437208028 0 0.650648277614 0.347593573294 1 3.363095 0.0173457865606 0.181138281503
157.9 1000 25 1.75444639453 0 0.650628239241 0.347611240773 1 3.355566 -0.0411695935415 0.177174483323
158 1000 25 1.75452169849 0 0.650608684195 0.34762891095 1 3.359518 -0.0953616693273 0.154807565529
158.1 1000 25 1.75459793352 0 0.650589627879 0.347646457234 1 3.357762 -0.139603632416 0.116375885291
158.2 1000 25 1.75467492831 0 0.650571130906 0.347663874767 1 3.36073 -0.169306489458 0.0658849900859
158.3 1000 25 1.75475279164 0 0.65055314205 0.347681183388 1 3.359293 -0.181395881867 0.00859044771052
158.4 1000 25 1.75483177022 0 0.650535632103 0.347698452287 1 3.361958 -0.174630019482 -0.0495494530799
158.5 1000 25 1.75491161862 0 0.650518635245 0.347715639093 1 3.361263 -0.149727105362 -0.102493383077
158.6 1000 25 1.75499238138 0 0.650502131826 0.347732763792 1 3.361654 -0.109289357635 -0.144744470297
158.7 1000 25 1.75507414669 0 0.650486054852 0.347749845865 1 3.362317 -0.057531283847 -0.171921884921
158.8 1000 25 1.75515685046 0 0.650470389732 0.347766815447 1 3.360185 0.000159999022839 -0.181214136439
158.9 1000 25 1.75524054524 0 0.650455006734 0.347783672714 1 3.364528 0.0577852653554 -0.17167093624
159 1000 25 1.75532513825 0 0.650439979899 0.347800492173 1 3.363451 0.109356852535 -0.144299465172
159.1 1000 25 1.75541080292 0 0.650425142486 0.347817241965 1 3.363595 0.149521448341 -0.101959099551
159.2 1000 25 1.75549731237 0 0.650410528767 0.347833959521 1 3.367462 0.174115289462 -0.0490621608662
159.3 1000 25 1.75558471954 0 0.650396029131 0.347850606536 1 3.366012 0.180596264671 0.00888587017758
159.4 1000 25 1.75567322232 0 0.650381541961 0.347867209575 1 3.36257 0.168306631958 0.0658592423167
159.5 1000 25 1.75576243782 0 0.650367030623 0.347883763207 1 3.368129 0.138539732583 0.115938528699
159.6 1000 25 1.75585262287 0 0.650352406081 0.347900262071 1 3.358922 0.0944040838881 0.15392593028
159.7 1000 25 1.75594386925 0 0.650337547516 0.347916683887 1 3.360171 0.040498571163 0.175884768937
159.8 1000 25 1.75603602592 0 0.650322380972 0.347933104676 1 3.368034 -0.0175665517566 0.179547065962
159.9 1000 25 1.75612909291 0 0.650306823576 0.34794947416 1 3.364164 -0.0737536277976 0.16454851343
160 1000 25 1.7562229337 0 0.650290831258 0.347965823379 1 3.366701 -0.122225164614 0.132464218888
160.1 1000 25 1.75631752474 0 0.650274301175 0.347982111585 1 3.362754 -0.157950972744 0.0866437995247
160.2 1000 25 1.75641306672 0 0.650257152842 0.34799836604 1 3.361503 -0.177229701097 0.03186134098
160.3 1000 25 1.75650929958 0 0.650239310403 0.348014498997 1 3.361608 -0.178072394484 -0.0261818209706
160.4 1000 25 1.75660633984 0 0.650220660355 0.348030607139 1 3.361075 -0.160408275742 -0.08145058435
160.5 1000 25 1.75670401265 0 0.650201130087 0.348046770454 1 3.36091 -0.126089807252 -0.128203350043
160.6 1000 25 1.75680245717 0 0.650180622909 0.348062868085 1 3.363787 -0.0786986508808 -0.161588884514
160.7 1000 25 1.75690145536 0 0.650159170949 0.348078923304 1 3.365018 -0.0231722402153 -0.178149212973
160.8 1000 25 1.75700097853 0 0.650136656172 0.348094868882 1 3.361168 0.0347109629709 -0.176178631727
160.9 1000 25 1.75710116799 0 0.650113018747 0.348110811868 1 3.363295 0.0889326599588 -0.155898721798
161 1000 25 1.75720185313 0 0.65008825819 0.348126674681 1 3.361547 0.133860413117 -0.119433972781
161.1 1000 25 1.75730307404 0 0.65006229794 0.34814241363 1 3.361115 0.164832976396 -0.0705893257585
161.2 1000 25 1.75740462607 0 0.650035129498 0.348158199222 1 3.359647 0.178643721756 -0.0144530820784
161.3 1000 25 1.75750653969 0 0.650006695609 0.348173939291 1 3.363637 0.173872728153 0.0431330727435
161.4 1000 25 1.75760886661 0 0.649977029016 0.348189635009 1 3.360768 0.151032904346 0.0961820224169
161.5 1000 25 1.75771150005 0 0.649946090101 0.348205300925 1 3.358228 0.112514923396 0.139183636194
161.6 1000 25 1.75781430195 0 0.649913941147 0.348220912862 1 3.358362 0.0623370699351 0.167677022639
161.7 1000 25 1.75791737168 0 0.649880573058 0.348236447455 1 3.356644 0.00572600043675 0.178713607091
161.8 1000 25 1.75802050723 0 0.649846013662 0.348251957336 1 3.35438 -0.0514274590839 0.171162077082
161.9 1000 25 1.75812370537 0 0.649810291248 0.348267449533 1 3.360581 -0.103181527978 0.145824459074
162 1000 25 1.75822690213 0 0.649773477583 0.348282928292 1 3.359994 -0.144160933034 0.10535105399
162.1 1000 25 1.75833011541 0 0.649735605196 0.348298374901 1 3.360264 -0.170115476677 0.0539630979945
162.2 1000 25 1.75843312185 0 0.649696735043 0.348313874063 1 3.355349 -0.178360598915 -0.00298706010596
162.3 1000 25 1.75853594889 0 0.649656920221 0.348329421206 1 3.353795 -0.168055362532 -0.0595738427533
162.4 1000 25 1.75863861852 0 0.64961630034 0.348344969801 1 3.352541 -0.140287981506 -0.109914597501
162.5 1000 25 1.75874110958 0 0.649574949532 0.348360504201 1 3.356255 -0.0979611669376 -0.148781416397
162.6 1000 25 1.75884328051 0 0.649532947478 0.348376088179 1 3.354465 -0.0454887152296 -0.172143902364
162.7 1000 25 1.75894508113 0 0.649490419199 0.348391732647 1 3.352152 0.0116646630809 -0.177587182539
162.8 1000 25 1.75904652827 0 0.649447457171 0.348407425096 1 3.353214 0.0675526152341 -0.164561602563
162.9 1000 25 1.75914751031 0 0.649404186028 0.348423140997 1 3.361157 0.116365627773 -0.134438175087
163 1000 25 1.75924809101 0 0.64936077678 0.348438913243 1 3.36086 0.153034820669 -0.0903643467927
163.1 1000 25 1.75934836052 0 0.649317345164 0.348454666339 1 3.364084 0.17375855149 -0.0369351637963
163.2 1000 25 1.7594480765 0 0.649273988878 0.348470471683 1 3.363368 0.176396404483 0.020285502534
163.3 1000 25 1.75954699548 0 0.649230804119 0.348486452443 1 3.365685 0.160690522924 0.0753445009971
163.4 1000 25 1.75964539268 0 0.649187960983 0.348502465887 1 3.365292 0.128290428202 0.122519140206
163.5 1000 25 1.75974336882 0 0.649145562663 0.348518547976 1 3.36559 0.0825799643504 0.156911295332
163.6 1000 25 1.75984090013 0 0.649103753044 0.348534691508 1 3.363442 0.0283240549487 0.174956174019
163.7 1000 25 1.75993777944 0 0.649062648013 0.348550912033 1 3.364334 -0.0288279044011 0.17479202211
163.8 1000 25 1.76003394219 0 0.649022361858 0.348567260697 1 3.364188 -0.0829304382623 0.156452353126
163.9 1000 25 1.76012956427 0 0.648983001226 0.348583695704 1 3.361857 -0.128360620485 0.121860257741
164 1000 25 1.76022450528 0 0.648944669954 0.348600239992 1 3.357724 -0.160401979941 0.0746273987827
164.1 1000 25 1.76031887251 0 0.648907453945 0.34861688184 1 3.359247 -0.175734579002 0.019676467488
164.2 1000 25 1.76041269364 0 0.648871440958 0.34863369825 1 3.358515 -0.172778776657 -0.0372715215115
164.3 1000 25 1.76050559483 0 0.648836748795 0.34865059838 1 3.358089 -0.151858053917 -0.0902924938186
164.4 1000 25 1.7605978826 0 0.64880339678 0.348667604442 1 3.362345 -0.11516390979 -0.133876396583
164.5 1000 25 1.76068942777 0 0.648771514917 0.348684814962 1 3.361987 -0.0665262578577 -0.163499225728
164.6 1000 25 1.76078037255 0 0.648741080965 0.348702200239 1 3.361003 -0.0110133308427 -0.176092708692
164.7 1000 25 1.76087073276 0 0.648712148978 0.348719745589 1 3.357797 0.0455958051179 -0.170362057919
164.8 1000 25 1.76096028951 0 0.648684797299 0.34873746025 1 3.3614 0.0974129021205 -0.146919374296
164.9 1000 25 1.76104931712 0 0.648659017955 0.348755366079 1 3.377822 0.139053582944 -0.108217952486
165 1000 25 1.76113761167 0 0.648634823204 0.348773393867 1 3.360132 0.166195947379 -0.0582961241021
165.1 1000 25 1.7612250643 0 0.648612225875 0.34879172277 1 3.361702 0.176030149203 -0.00235551406405
165.2 1000 25 1.76131218388 0 0.648591179535 0.34881020945 1 3.363927 0.167548319434 0.0537810620484
165.3 1000 25 1.7613985556 0 0.648571687673 0.348828916178 1 3.366191 0.141648495982 0.104275120286
165.4 1000 25 1.7614844047 0 0.648553706255 0.3488478326 1 3.363741 0.101039357252 0.143880024283
165.5 1000 25 1.76156963134 0 0.648537197249 0.348866989518 1 3.360376 0.0499571844801 0.168486176911
165.6 1000 25 1.76165432797 0 0.648522114233 0.348886312368 1 3.362646 -0.00627631727998 0.175547375903
165.7 1000 25 1.76173847153 0 0.64850837535 0.34890587633 1 3.359746 -0.0618080917786 0.164344402235
165.8 1000 25 1.76182212461 0 0.648495888038 0.348925667431 1 3.36389 -0.110863177672 0.13605803687
165.9 1000 25 1.76190522092 0 0.648484595506 0.348945734894 1 3.362009 -0.148345020084 0.0936450624261
166 1000 25 1.76198783834 0 0.648474391072 0.348966042389 1 3.363192 -0.170365130599 0.0415287644716
166.1 1000 25 1.76207003399 0 0.648465158762 0.348986642013 1 3.378363 -0.174646462187 -0.0148619507932
166.2 1000 25 1.76215186081 0 0.648456801488 0.349007452898 1 3.36331 -0.160758776613 -0.0696583048922
166.3 1000 25 1.76223327377 0 0.648449215407 0.349028555867 1 3.363041 -0.130162167601 -0.117162195057
166.4 1000 25 1.76231428979 0 0.648442293959 0.349049922344 1 3.362214 -0.0860531575423 -0.152438837115
166.5 1000 25 1.76239491849 0 0.648435934021 0.349071490673 1 3.360689 -0.0330311220438 -0.171829355259
166.6 1000 25 1.76247527986 0 0.648429972457 0.34909333427 1 3.36313 0.0233813757157 -0.173330329863
166.7 1000 25 1.76255527231 0 0.648424304829 0.349115411502 1 3.365043 0.0773136258011 -0.15680075133
166.8 1000 25 1.76263504744 0 0.64841878506 0.349137749586 1 3.35942 0.12315802617 -0.123975123026
166.9 1000 25 1.76271459184 0 0.648413315693 0.349160305512 1 3.365433 0.156152651818 -0.0782815976792
167 1000 25 1.76279388673 0 0.64840775509 0.349183147262 1 3.360934 0.17287633719 -0.0244839885565
167.1 1000 25 1.7628729949 0 0.648401997267 0.349206187325 1 3.359441 0.171602992509 0.0318150239388
167.2 1000 25 1.76295194715 0 0.648395884492 0.349229488052 1 3.365155 0.152480132561 0.0847571075007
167.3 1000 25 1.7630307649 0 0.648389287955 0.349253088555 1 3.364509 0.11751182806 0.128837812514
167.4 1000 25 1.76310941388 0 0.648382141366 0.349276880344 1 3.360486 0.0703487322455 0.159479217166
167.5 1000 25 1.76318812048 0 0.648374258726 0.349301071726 1 3.363223 0.0159069298364 0.173505040308
167.6 1000 25 1.76326669065 0 0.64836559783 0.349325560758 1 3.358575 -0.0401441175186 0.169469887812
167.7 1000 25 1.76334525765 0 0.648356011094 0.349350311463 1 3.359981 -0.0919724919325 0.147808283536
167.8 1000 25 1.7634238107 0 0.648345408628 0.349375495575 1 3.367246 -0.134190042997 0.110788227003
167.9 1000 25 1.76350234685 0 0.648333766514 0.349400853546 1 3.361671 -0.162412659867 0.0622733470756
168 1000 25 1.76358087381 0 0.648320963584 0.349426588705 1 3.363287 -0.173716023697 0.0073199579506
168.1 1000 25 1.76365941342 0 0.648306981347 0.349452561778 1 3.360571 -0.166937911218 -0.0483498304905
168.2 1000 25 1.76373806311 0 0.64829173796 0.349478762683 1 3.358437 -0.142797816922 -0.0989441553629
168.3 1000 25 1.76381665161 0 0.648275222528 0.349505184413 1 3.36428 -0.103821286482 -0.139203470779
168.4 1000 25 1.76389540887 0 0.648257360388 0.349531970977 1 3.359291 -0.0540750062143 -0.164947896905
168.5 1000 25 1.76397426196 0 0.648238175506 0.349558880612 1 3.364701 0.0012569958938 -0.173510507541
168.6 1000 25 1.76405319083 0 0.648217637389 0.349586061357 1 3.362815 0.0564137396391 -0.164014366167
168.7 1000 25 1.76413215497 0 0.648195731158 0.349613480722 1 3.362594 0.105657032505 -0.137461499888
168.8 1000 25 1.76421121743 0 0.6481724907 0.349641129789 1 3.362462 0.143868449405 -0.0966279336805
168.9 1000 25 1.76429026395 0 0.64814791728 0.34966897274 1 3.365483 0.167080994316 -0.0457731729539
169 1000 25 1.76436963868 0 0.64812203916 0.349697025658 1 3.369951 0.17289133336 0.00980406375874
169.1 1000 25 1.76444902546 0 0.648094897519 0.349725244245 1 3.35939 0.160708503143 0.0643176992766
169.2 1000 25 1.76452835975 0 0.648066537148 0.349753679926 1 3.362816 0.131813980472 0.112096892915
169.3 1000 25 1.7646078566 0 0.648036993924 0.349782254527 1 3.363086 0.0892266383187 0.1481756516
169.4 1000 25 1.7646873456 0 0.648006336513 0.349811020277 1 3.358088 0.0373880957095 0.168809067524
169.5 1000 25 1.76476699124 0 0.647974629806 0.349839995475 1 3.360466 -0.0183010950991 0.171862155511
169.6 1000 25 1.76484678458 0 0.647941942499 0.349869130434 1 3.362715 -0.0720439211125 0.15703031787
169.7 1000 25 1.76492658575 0 0.647908382454 0.349898356684 1 3.362817 -0.118249808542 0.125870190379
169.8 1000 25 1.76500640228 0 0.647874000265 0.349927750307 1 3.366559 -0.152116844516 0.0816361069391
169.9 1000 25 1.76508638353 0 0.647838886698 0.349957284688 1 3.358431 -0.170130341719 0.0289402675275
170 1000 25 1.76516618862 0 0.647803163908 0.349986923107 1 3.363104 -0.170427558983 -0.0267281515169
170.1 1000 25 1.76524605173 0 0.647766896284 0.350016676852 1 3.362854 -0.152990476442 -0.079574605292
170.2 1000 25 1.76532560786 0 0.647730198737 0.350046529321 1 3.365575 -0.119646443489 -0.124102447763
170.3 1000 25 1.76540532323 0 0.647693163492 0.350076458469 1 3.365085 -0.0738760671768 -0.155684435268
170.4 1000 25 1.7654850673 0 0.647655882203 0.350106457134 1 3.35857 -0.0204509681803 -0.171043486341
170.5 1000 25 1.76556473242 0 0.647618457128 0.350136513245 1 3.363846 0.0350643737547 -0.168592992167
170.6 1000 25 1.76564418318 0 0.647581002965 0.350166619453 1 3.358706 0.0868919513099 -0.148600715481
170.7 1000 25 1.76572330178 0 0.647543593592 0.350196716588 1 3.365373 0.129641527455 -0.113158905239
170.8 1000 25 1.76580247626 0 0.647506314122 0.350226882333 1 3.359827 0.158871071312 -0.0659660777673
170.9 1000 25 1.76588150738 0 0.647469260686 0.350257106805 1 3.359151 0.171548323585 -0.0119410444285
171 1000 25 1.76596035349 0 0.647432529529 0.350287259617 1 3.361029 0.166365447745 0.0432900219728
171.1 1000 25 1.76603888624 0 0.647396190486 0.350317416592 1 3.359898 0.143873842283 0.093979192576
171.2 1000 25 1.76611707133 0 0.647360310727 0.35034753317 1 3.357286 0.106425334906 0.134854992232
171.3 1000 25 1.76619531416 0 0.647324973304 0.350377614939 1 3.353789 0.0579267460172 0.161670445647
171.4 1000 25 1.76627329775 0 0.647290261908 0.350407603801 1 3.358608 0.00343199189288 0.171644618429
171.5 1000 25 1.7663510055 0 0.647256204415 0.350437518936 1 3.353944 -0.0513844913008 0.163750637177
171.6 1000 25 1.76642842548 0 0.647222831766 0.3504673821 1 3.356846 -0.100818520751 0.13882157206
171.7 1000 25 1.76650549628 0 0.647190193535 0.350497179398 1 3.356318 -0.139729646477 0.0994624861305
171.8 1000 25 1.76658226002 0 0.647158308452 0.350526925778 1 3.353801 -0.164075639615 0.049778137472
171.9 1000 25 1.7666586746 0 0.647127189932 0.350556626402 1 3.359685 -0.171332476249 -0.00505495779063
172 1000 25 1.76673476564 0 0.647096884354 0.350586216229 1 3.359749 -0.1607558044 -0.0593278659812
172.1 1000 25 1.76681049945 0 0.647067412527 0.350615697206 1 3.358377 -0.133457369933 -0.107393476645
172.2 1000 25 1.76688577945 0 0.647038756293 0.350645052343 1 3.365404 -0.0922881337449 -0.144254224294
172.3 1000 25 1.76696050922 0 0.647010908968 0.350674328986 1 3.363227 -0.0415406240144 -0.166081515943
172.4 1000 25 1.76703510246 0 0.646983870307 0.350703489415 1 3.363738 0.0134989210891 -0.170613356139
172.5 1000 25 1.76710931678 0 0.646957640931 0.350732493079 1 3.361263 0.0671007279184 -0.157388762645
172.6 1000 25 1.76718298569 0 0.646932170881 0.35076133272 1 3.363479 0.113688198099 -0.12779445575
172.7 1000 25 1.76725644487 0 0.646907459989 0.350790026224 1 3.36999 0.148417882169 -0.0849198358579
172.8 1000 25 1.76732958915 0 0.64688344336 0.350818588119 1 3.362271 0.167683281322 -0.0332340461712
172.9 1000 25 1.76740218116 0 0.646860090566 0.350846921244 1 3.368241 0.169488843132 0.0218795883492
173 1000 25 1.76747440188 0 0.646837352526 0.350875071118 1 3.362118 0.153657271227 0.0746843834386
173.1 1000 25 1.76754637259 0 0.646815196969 0.350903054968 1 3.361023 0.121846247336 0.119687358248
173.2 1000 25 1.76761783351 0 0.64679351683 0.350930890704 1 3.361515 0.0773749792116 0.152210373916
173.3 1000 25 1.76768911028 0 0.646772318737 0.350958494013 1 3.37014 0.0248781942721 0.168876820395
173.4 1000 25 1.76776010889 0 0.646751500284 0.35098596906 1 3.363506 -0.0301772203532 0.167961615963
173.5 1000 25 1.76783070659 0 0.646731022876 0.351013208354 1 3.361543 -0.0820612424529 0.149570359306
173.6 1000 25 1.7679012007 0 0.646710819114 0.351040302224 1 3.364027 -0.125377245321 0.115626501594
173.7 1000 25 1.76797125353 0 0.646690835014 0.351067099074 1 3.358505 -0.155623041511 0.0696708853264
173.8 1000 25 1.76804105367 0 0.646671012668 0.351093697992 1 3.362263 -0.16965927297 0.016492024317
173.9 1000 25 1.76811058275 0 0.646651282085 0.351120100758 1 3.362155 -0.166034767269 -0.0383727758767
174 1000 25 1.76818007007 0 0.646631600807 0.35114631647 1 3.362373 -0.145136719743 -0.0892141398225
174.1 1000 25 1.76824932756 0 0.646611910212 0.351172270856 1 3.360655 -0.109149295863 -0.130744407128
174.2 1000 25 1.76831820328 0 0.646592132716 0.351197998243 1 3.365167 -0.0618253427391 -0.158647964129
174.3 1000 25 1.76838705452 0 0.646572208706 0.351223572632 1 3.360075 -0.00809512703087 -0.170029181911
174.4 1000 25 1.76845579848 0 0.646552125838 0.351248923469 1 3.361724 0.0464472866607 -0.163713198677
174.5 1000 25 1.76852453435 0 0.64653183128 0.351274042332 1 3.361275 0.0961268361174 -0.14036725884
174.6 1000 25 1.76859326659 0 0.646511313442 0.351298890075 1 3.361381 0.135777081238 -0.102429796999
174.7 1000 25 1.76866200395 0 0.646490433583 0.351323680654 1 3.361761 0.161278648495 -0.0538561712737
174.8 1000 25 1.76873081461 0 0.646469226201 0.351348201465 1 3.362826 0.169985992916 0.00029383993247
174.9 1000 25 1.7687995929 0 0.646447665864 0.351372510184 1 3.359416 0.161002618254 0.0543833302286
175 1000 25 1.76886851975 0 0.646425709181 0.351396635615 1 3.362183 0.135272935602 0.10278473359
175.1 1000 25 1.76893755758 0 0.646403318249 0.351420559642 1 3.358972 0.0954832456398 0.140465254486
175.2 1000 25 1.76900674308 0 0.646380498206 0.351444328508 1 3.363335 0.0457812517872 0.163510519407
175.3 1000 25 1.76907613292 0 0.646357215752 0.351467902553 1 3.362183 -0.008656550736 0.169531085428
175.4 1000 25 1.76914580519 0 0.646333479819 0.351491296592 1 3.355034 -0.0621636677834 0.157909926447
175.5 1000 25 1.76921575049 0 0.646309306059 0.351514490418 1 3.357921 -0.109173655878 0.129865845749
175.6 1000 25 1.76928596748 0 0.646284668605 0.351537533776 1 3.360939 -0.144799160493 0.0883256565006
175.7 1000 25 1.76935646518 0 0.646259573043 0.351560401921 1 3.361152 -0.165339849271 0.0376186775581
175.8 1000 25 1.76942745509 0 0.646234049924 0.351583130805 1 3.362662 -0.168666974181 -0.0169744643849
175.9 1000 25 1.76949883673 0 0.646208088624 0.351605722016 1 3.35788 -0.154443791816 -0.0697716781463
176 1000 25 1.76957063087 0 0.646181748897 0.351628147285 1 3.357706 -0.124159678827 -0.115280849752
176.1 1000 25 1.76964287568 0 0.64615500712 0.351650441062 1 3.359344 -0.0809741755457 -0.14877116186
176.2 1000 25 1.76971564916 0 0.646127895668 0.351672615544 1 3.358411 -0.0293873533387 -0.166764755527
176.3 1000 25 1.76978897046 0 0.646100445035 0.351694667547 1 3.356657 0.0252290806959 -0.167397920653
176.4 1000 25 1.76986288959 0 0.646072709299 0.351716551235 1 3.359464 0.0771911195399 -0.150614184645
176.5 1000 25 1.76993740035 0 0.646044683291 0.351738328524 1 3.35579 0.121093994018 -0.118169088216
176.6 1000 25 1.77001255485 0 0.646016420585 0.351760006258 1 3.359337 0.15237427847 -0.0734466695321
176.7 1000 25 1.77008835282 0 0.645987967737 0.351781607252 1 3.32953 0.167784294073 -0.0211065013167
176.8 1000 25 1.77016483643 0 0.645959340274 0.351803115586 1 3.335201 0.165729186916 0.0334018243126
176.9 1000 25 1.77024203723 0 0.645930569433 0.351824545777 1 3.331983 0.146432021538 0.0844060008796
177 1000 25 1.77031996588 0 0.645901688473 0.351845898321 1 3.329673 0.111909612265 0.126601308685
177.1 1000 25 1.77039865863 0 0.645872739748 0.351867175627 1 3.331191 0.0657617403319 0.155602281447
177.2 1000 25 1.77047810481 0 0.645843831524 0.351888216949 1 3.362121 0.0127958019797 0.168398507685
177.3 1000 25 1.77055833202 0 0.645814858008 0.351909334544 1 3.359486 -0.0414739260826 0.163667096516
177.4 1000 25 1.7706394474 0 0.645785893447 0.351930465394 1 3.361091 -0.0914004587553 0.141909339916
177.5 1000 25 1.77072126472 0 0.645757002459 0.351951526611 1 3.360433 -0.131791672069 0.105397773856
177.6 1000 25 1.77080383229 0 0.645728198452 0.351972584417 1 3.356566 -0.15844985163 0.0579386145197
177.7 1000 25 1.77088711411 0 0.645699489993 0.351993680166 1 3.359212 -0.168608471353 0.00447530435861
177.8 1000 25 1.77097140362 0 0.64567086108 0.352014878667 1 3.360213 -0.161219028297 -0.049426657974
177.9 1000 25 1.77105631858 0 0.645642387371 0.352036126439 1 3.360509 -0.137059049131 -0.0981590509013
178 1000 25 1.77114221253 0 0.64561407568 0.352057421729 1 3.362065 -0.0986506837544 -0.136654114098
178.1 1000 25 1.77122880943 0 0.645585987375 0.352078651928 1 3.362678 -0.0499970946175 -0.160911804731
178.2 1000 25 1.77131632815 0 0.645558112604 0.352099853987 1 3.356 0.00383453634916 -0.16841542066
178.3 1000 25 1.77140461468 0 0.645530451238 0.352120998512 1 3.359655 0.0572409679389 -0.158392510489
178.4 1000 25 1.77149367919 0 0.645503019212 0.352142197838 1 3.359381 0.104665850192 -0.131894480316
178.5 1000 25 1.77158355143 0 0.645475787373 0.352163462973 1 3.364422 0.141177965457 -0.0916861168031
178.6 1000 25 1.77167397462 0 0.645448775172 0.352184745931 1 3.358211 0.162983843494 -0.0419574558908
178.7 1000 25 1.77176510214 0 0.645421991947 0.352205991669 1 3.360227 0.167821744687 0.0121131024777
178.8 1000 25 1.77185689954 0 0.645395335311 0.352227463667 1 3.356651 0.155196510422 0.0648978710294
178.9 1000 25 1.77194913129 0 0.645368782219 0.352249084113 1 3.357769 0.126429929906 0.110905883064
179 1000 25 1.77204202225 0 0.645342388897 0.352270836644 1 3.360086 0.0845224494352 0.145353559189
179.1 1000 25 1.77213539498 0 0.645316105215 0.352292643088 1 3.361032 0.0338401748055 0.164662377527
179.2 1000 25 1.77222928882 0 0.645289882718 0.352314653067 1 3.358385 -0.0203397690647 0.166830483857
179.3 1000 25 1.7723234669 0 0.64526374257 0.352336750748 1 3.361323 -0.0723789782906 0.151640176464
179.4 1000 25 1.77241803729 0 0.645237625905 0.352359020214 1 3.362006 -0.1168644343 0.120679900502
179.5 1000 25 1.77251297252 0 0.645211497118 0.352381425368 1 3.362279 -0.14917130167 0.0771778085251
179.6 1000 25 1.77260822191 0 0.645185385103 0.352403855343 1 3.359101 -0.165944080003 0.0256654006618
179.7 1000 25 1.77270377333 0 0.645159203631 0.352426452901 1 3.362292 -0.165444750385 -0.0284945337814
179.8 1000 25 1.77279976651 0 0.645132912549 0.352449164679 1 3.358201 -0.147733009811 -0.0796661599707
179.9 1000 25 1.77289567318 0 0.645106514923 0.3524719785 1 3.35898 -0.11465916291 -0.122527380227
180 1000 25 1.77299184774 0 0.645079931145 0.352494962225 1 3.359263 -0.0696708218481 -0.152622600926
180.1 1000 25 1.77308809328 0 0.645053184867 0.352518110487 1 3.358601 -0.0174535114276 -0.166826669024
180.2 1000 25 1.77318446349 0 0.645026198098 0.352541404393 1 3.360907 0.0365572215063 -0.16366883144
180.3 1000 25 1.77328076521 0 0.644999007221 0.352564759321 1 3.357954 0.0867418744553 -0.143485225687
180.4 1000 25 1.77337686976 0 0.644971493438 0.352588295783 1 3.359225 0.127881263424 -0.108382899979
180.5 1000 25 1.77347285137 0 0.644943710643 0.352611963654 1 3.360963 0.155699616821 -0.0620199834621
180.6 1000 25 1.77356873055 0 0.644915604859 0.352635804962 1 3.355853 0.167308712618 -0.00922441077985
180.7 1000 25 1.77366435927 0 0.64488713184 0.352659801765 1 3.36331 0.16150777907 0.044508830132
180.8 1000 25 1.77375960561 0 0.644858279894 0.352683918803 1 3.362405 0.138907716092 0.0935896128524
180.9 1000 25 1.77385465637 0 0.644829040434 0.352708236864 1 3.359535 0.101866616198 0.132914126884
181 1000 25 1.77394938191 0 0.644799410776 0.352732738505 1 3.358043 0.0542437787335 0.15839582984
181.1 1000 25 1.77404372141 0 0.644769351431 0.352757396909 1 3.354904 0.000997696943224 0.167389723702
181.2 1000 25 1.77413762284 0 0.644738861512 0.352782219886 1 3.358362 -0.0523304125472 0.158967192544
181.3 1000 25 1.77423109635 0 0.644707941715 0.352807191915 1 3.353935 -0.100193183245 0.134011685936
181.4 1000 25 1.77432399282 0 0.6446765881 0.352832332577 1 3.351559 -0.137614149765 0.0951260103987
181.5 1000 25 1.7744163478 0 0.644644788529 0.352857649294 1 3.355926 -0.160705067027 0.0463608796139
181.6 1000 25 1.77450810749 0 0.644612550918 0.352883127802 1 3.35612 -0.167069978458 -0.00720706327328
181.7 1000 25 1.77459925352 0 0.644579878664 0.352908770833 1 3.356549 -0.156053744698 -0.0600037889647
181.8 1000 25 1.77468976436 0 0.644546756466 0.352934631406 1 3.352031 -0.12880939775 -0.106537802467
181.9 1000 25 1.77477959361 0 0.64451321238 0.352960675679 1 3.354082 -0.0881774804482 -0.141971335792
182 1000 25 1.77486872355 0 0.644479260389 0.352986894944 1 3.351481 -0.0383898442694 -0.162623298847
182.1 1000 25 1.77495711583 0 0.644444930333 0.353013294423 1 3.358974 0.0153711001089 -0.166351680402
182.2 1000 25 1.77504479614 0 0.644410209765 0.353039870743 1 3.360961 0.0675118170864 -0.15277547744
182.3 1000 25 1.77513157982 0 0.644375152728 0.353066591 1 3.359683 0.112609725442 -0.123313888822
182.4 1000 25 1.77521762925 0 0.644339735537 0.353093478668 1 3.357552 0.145976907752 -0.0810376999414
182.5 1000 25 1.77530297256 0 0.644303995471 0.353120635327 1 3.357221 0.16414752446 -0.0303493874571
182.6 1000 25 1.77538750865 0 0.64426795028 0.353147946237 1 3.358259 0.165237758264 0.0234756499271
182.7 1000 25 1.77547118087 0 0.644231632113 0.353175435945 1 3.359943 0.149141147982 0.0748377430932
182.8 1000 25 1.77555411381 0 0.644195109482 0.353203117186 1 3.35472 0.117538839833 0.118395805344
182.9 1000 25 1.77563622255 0 0.644158371108 0.353231034041 1 3.35862 0.0737239523086 0.14962259009
183 1000 25 1.77571755248 0 0.644121475234 0.353259129776 1 3.360037 0.0222583841714 0.165275291677
183.1 1000 25 1.77579812647 0 0.644084394403 0.353287503747 1 3.359172 -0.0315020027358 0.16373211233
183.2 1000 25 1.77587798053 0 0.644047252775 0.35331602752 1 3.35648 -0.0819650127555 0.14516053651
183.3 1000 25 1.77595695495 0 0.644009989652 0.353344793559 1 3.359092 -0.123883514067 0.111498775339
183.4 1000 25 1.77603518667 0 0.643972708213 0.353373757698 1 3.356322 -0.152901357201 0.0662538511535
183.5 1000 25 1.77611262747 0 0.643935417219 0.353402932282 1 3.356599 -0.166005684638 0.0141359792014
183.6 1000 25 1.77618938768 0 0.643898146739 0.353432374734 1 3.3571 -0.161839944134 -0.0394317738462
183.7 1000 25 1.7762654785 0 0.64386095733 0.35346203915 1 3.361255 -0.140844278572 -0.0888778089002
183.8 1000 25 1.77634081277 0 0.643823858424 0.353491936636 1 3.358263 -0.105208927847 -0.129061328712
183.9 1000 25 1.77641554269 0 0.643786907179 0.353521990088 1 3.359992 -0.0586457190101 -0.155806984017
184 1000 25 1.77648961901 0 0.643750141734 0.353552301451 1 3.358358 -0.00600144642662 -0.166338631615
184.1 1000 25 1.77656318564 0 0.64371354289 0.353582898773 1 3.359587 0.0472466064752 -0.15956737314
184.2 1000 25 1.77663614633 0 0.643677176319 0.35361370067 1 3.356546 0.0955606597902 -0.13620430283
184.3 1000 25 1.77670861493 0 0.643641065782 0.353644727482 1 3.356401 0.133918254016 -0.0986855479608
184.4 1000 25 1.77678047334 0 0.643605250185 0.353675969906 1 3.355905 0.158334338972 -0.050918408198
184.5 1000 25 1.77685183894 0 0.643569729539 0.353707469675 1 3.361065 0.166275270947 0.00212562277071
184.6 1000 25 1.77692296628 0 0.643534538674 0.353739263521 1 3.361224 0.156921745288 0.0549282415663
184.7 1000 25 1.77699371982 0 0.643499701367 0.35377130126 1 3.35745 0.131253241817 0.101998608942
184.8 1000 25 1.77706408801 0 0.643465238489 0.353803524137 1 3.358262 0.0919454113474 0.138444136313
184.9 1000 25 1.77713421867 0 0.643431153222 0.353835972717 1 3.360234 0.0430912034261 0.160478962224
185 1000 25 1.77720410763 0 0.643397447514 0.353868670163 1 3.361992 -0.0102253445068 0.165817437073
185.1 1000 25 1.77727376571 0 0.643364132962 0.353901603965 1 3.364434 -0.0624582754522 0.153911002356
185.2 1000 25 1.7773432876 0 0.643331210182 0.353934783181 1 3.354643 -0.108176547281 0.126004516761
185.3 1000 25 1.77741272117 0 0.643298686939 0.353968196519 1 3.360686 -0.142628749028 0.0850060708986
185.4 1000 25 1.77748209276 0 0.643266555508 0.354001856286 1 3.356882 -0.16223681971 0.0351839697324
185.5 1000 25 1.77755144769 0 0.643234816022 0.35403575979 1 3.36102 -0.164967693711 -0.0182777213149
185.6 1000 25 1.77762077325 0 0.643203487926 0.354069851354 1 3.357643 -0.150544030576 -0.069818609297
185.7 1000 25 1.77769019003 0 0.643172541297 0.35410417351 1 3.355602 -0.120472321064 -0.114080227754
185.8 1000 25 1.77775974464 0 0.643141993659 0.354138685528 1 3.36008 -0.0778855209797 -0.146463172676
185.9 1000 25 1.77782945195 0 0.643111806407 0.354173422434 1 3.359444 -0.0272165964473 -0.163605048209
186 1000 25 1.77789935633 0 0.643081961193 0.354208390928 1 3.357371 0.026262928088 -0.163729514452
186.1 1000 25 1.77796948922 0 0.643052481693 0.354243526644 1 3.32822 0.0769914626858 -0.146830326916
186.2 1000 25 1.77803991334 0 0.643023321222 0.354278885702 1 3.333284 0.119695686644 -0.114671263843
186.3 1000 25 1.77811063799 0 0.642994494524 0.354314450664 1 3.331082 0.149938761346 -0.0706019914066
186.4 1000 25 1.77818171206 0 0.64296598163 0.354350162902 1 3.334022 0.16458122496 -0.019209112589
186.5 1000 25 1.77825318321 0 0.6429377392 0.354386079669 1 3.327963 0.162106924891 0.03416120595
186.6 1000 25 1.7783250677 0 0.642909763739 0.354422189312 1 3.333499 0.142779933283 0.083959406869
186.7 1000 25 1.77839741211 0 0.642882024386 0.354458487067 1 3.335124 0.108616327919 0.125009601048
186.8 1000 25 1.77847026835 0 0.642854482298 0.354495029891 1 3.331584 0.0631738836851 0.15304754155
186.9 1000 25 1.77854361839 0 0.642827158022 0.354531743626 1 3.3299 0.0111814529977 0.165163572213
187 1000 25 1.77861749436 0 0.642800026642 0.35456862558 1 3.327498 -0.0419530893746 0.160104538178
187.1 1000 25 1.77869184105 0 0.642773102847 0.354605578013 1 3.367306 -0.0907054472438 0.138403388972
187.2 1000 25 1.77876683309 0 0.642746319966 0.354642698394 1 3.3617 -0.130009201682 0.102322915988
187.3 1000 25 1.7788423095 0 0.642719684752 0.354679929155 1 3.36096 -0.155782358944 0.0556198419633
187.4 1000 25 1.77891838847 0 0.642693159485 0.354717362902 1 3.360547 -0.165351215322 0.00315349697022
187.5 1000 25 1.77899511382 0 0.642666732781 0.354755014962 1 3.360175 -0.157727784386 -0.0496195859911
187.6 1000 25 1.77907234459 0 0.64264033831 0.35479282409 1 3.362899 -0.133711719181 -0.0972133652112
187.7 1000 25 1.77915017599 0 0.64261396526 0.354830807064 1 3.358552 -0.0958063378307 -0.134682640806
187.8 1000 25 1.77922871542 0 0.642587758911 0.354868678275 1 3.365744 -0.0479578472314 -0.158136689002
187.9 1000 25 1.7793078385 0 0.642561636726 0.354906576216 1 3.360764 0.00485570887568 -0.165143578809
188 1000 25 1.77938746271 0 0.642535544677 0.354944497453 1 3.360424 0.0571424571465 -0.154981988933
188.1 1000 25 1.77946769059 0 0.64250946554 0.354982494147 1 3.358672 0.103467616855 -0.128715638405
188.2 1000 25 1.77954851227 0 0.642483317794 0.355020675128 1 3.359063 0.139018550801 -0.0890818172639
188.3 1000 25 1.77962971103 0 0.642457157681 0.355058930196 1 3.364818 0.160104820798 -0.0402060801708
188.4 1000 25 1.77971145139 0 0.642430891557 0.355097422215 1 3.36111 0.164541103561 0.0128272624048
188.5 1000 25 1.77979368705 0 0.64240455631 0.355135973841 1 3.355314 0.151873744888 0.0645040670394
188.6 1000 25 1.77987634332 0 0.642378114946 0.355174652742 1 3.358558 0.123427082137 0.109453706908
188.7 1000 25 1.77995953766 0 0.642351561163 0.355213412405 1 3.368162 0.0821651375035 0.143007227873
188.8 1000 25 1.78004301463 0 0.642324941954 0.355252228534 1 3.358877 0.0323823291494 0.161682524775
188.9 1000 25 1.78012694564 0 0.642298152897 0.355291193806 1 3.359271 -0.0207430405924 0.163545411469
189 1000 25 1.78021108225 0 0.64227123821 0.355330146878 1 3.356996 -0.07168783571 0.148410229188
189.1 1000 25 1.78029571174 0 0.642244202555 0.355369120366 1 3.359208 -0.115158189084 0.117858140932
189.2 1000 25 1.7803806141 0 0.642217009211 0.355408117335 1 3.361991 -0.14663969447 0.0750719062367
189.3 1000 25 1.78046564994 0 0.642189665146 0.3554470545 1 3.356417 -0.162866263606 0.0245044044257
189.4 1000 25 1.78055090612 0 0.642162154978 0.355486028031 1 3.361102 -0.162158855686 -0.0285849834873
189.5 1000 25 1.78063621166 0 0.642134518541 0.355524865081 1 3.361574 -0.144599489798 -0.0786774432031
189.6 1000 25 1.78072170053 0 0.642106668515 0.355563717295 1 3.3589 -0.112021515767 -0.120568305465
189.7 1000 25 1.7808072289 0 0.642078615343 0.355602514635 1 3.361529 -0.0678184732244 -0.149908054928
189.8 1000 25 1.78089275716 0 0.642050385026 0.355641230854 1 3.353544 -0.0165901498919 -0.163653857144
189.9 1000 25 1.78097831832 0 0.642021967866 0.355679868122 1 3.357666 0.0363356678484 -0.160385160167
190 1000 25 1.78106375112 0 0.641993296808 0.355718448038 1 3.355464 0.0854575903592 -0.140450658701
190.1 1000 25 1.78114911959 0 0.641964412647 0.355756947543 1 3.361553 0.12567246801 -0.105930910788
190.2 1000 25 1.78123428495 0 0.641935322111 0.355795306688 1 3.353469 0.152805682275 -0.0604211801195
190.3 1000 25 1.78131935332 0 0.641906033817 0.355833567701 1 3.364326 0.164044273919 -0.0086571058804
190.4 1000 25 1.78140405436 0 0.641876481165 0.355871692459 1 3.357314 0.158229040146 0.0439781354254
190.5 1000 25 1.78148847746 0 0.641846710038 0.355909698383 1 3.356296 0.135973622317 0.0920138325046
190.6 1000 25 1.78157261419 0 0.641816683688 0.35594756315 1 3.352811 0.0996000868983 0.130460283936
190.7 1000 25 1.78165642785 0 0.641786421955 0.35598528711 1 3.350496 0.0528966045346 0.155327205974
190.8 1000 25 1.78173985126 0 0.641755892868 0.35602286725 1 3.350915 0.000722820204572 0.164037946098
190.9 1000 25 1.78182284875 0 0.641725123734 0.356060274517 1 3.354627 -0.0514958360261 0.155696421016
191 1000 25 1.78190538716 0 0.641694097825 0.356097510263 1 3.356196 -0.0983323371029 0.1311793644
191.1 1000 25 1.78198743765 0 0.641662798395 0.356134558045 1 3.355254 -0.134922172085 0.0930441815826
191.2 1000 25 1.78206899126 0 0.641631234504 0.356171417305 1 3.357279 -0.157468556268 0.0452622137408
191.3 1000 25 1.78215004283 0 0.641599401604 0.356208091136 1 3.355153 -0.163636517999 -0.00719490767124
191.4 1000 25 1.78223056844 0 0.641567279868 0.356244569066 1 3.355789 -0.152794778347 -0.0588725104307
191.5 1000 25 1.78231053365 0 0.641534844916 0.356280884544 1 3.350581 -0.126080288666 -0.104400189039
191.6 1000 25 1.78238994681 0 0.641502115992 0.356317006227 1 3.355318 -0.0862790744425 -0.139049866057
191.7 1000 25 1.7824687782 0 0.64146908711 0.356352914233 1 3.350185 -0.0375356839631 -0.159226919658
191.8 1000 25 1.78254703056 0 0.641435760297 0.356388606178 1 3.353665 0.0150783709063 -0.162843092258
191.9 1000 25 1.78262468904 0 0.641402122934 0.356424087184 1 3.358056 0.0660923145991 -0.149532708497
192 1000 25 1.78270176513 0 0.641368195548 0.356459308945 1 3.360311 0.110205027334 -0.120689557405
192.1 1000 25 1.78277826929 0 0.641333957465 0.356494323225 1 3.361567 0.142835870282 -0.0793212438444
192.2 1000 25 1.78285412334 0 0.641299393205 0.356529101417 1 3.362973 0.160600568145 -0.0297351376191
192.3 1000 25 1.78292943115 0 0.641264508182 0.356563723142 1 3.359013 0.161661862743 0.0229097215154
192.4 1000 25 1.7830041828 0 0.641229311708 0.356598056319 1 3.359085 0.145919880273 0.0731396778144
192.5 1000 25 1.78307833974 0 0.64119385703 0.356632124693 1 3.360376 0.115021594703 0.115735191391
192.6 1000 25 1.78315204033 0 0.64115807084 0.356666032323 1 3.361483 0.0721881339431 0.146273680957
192.7 1000 25 1.78322523326 0 0.64112197006 0.356699741697 1 3.360241 0.0218792636995 0.161588634185
192.8 1000 25 1.78329785828 0 0.641085579951 0.356733186767 1 3.363289 -0.0306709932034 0.160097892094
192.9 1000 25 1.78337009899 0 0.641048883322 0.356766476211 1 3.361522 -0.0799988732279 0.141967010371
193 1000 25 1.78344190157 0 0.64101192026 0.356799537665 1 3.357087 -0.120979021668 0.109091320595
193.1 1000 25 1.78351324073 0 0.640974686623 0.356832374346 1 3.360768 -0.149357020641 0.0648975946964
193.2 1000 25 1.78358428675 0 0.640937214499 0.356865027797 1 3.357122 -0.162191109668 0.0139869813627
193.3 1000 25 1.78365503498 0 0.64089948448 0.356897549938 1 3.355692 -0.158157271947 -0.0383440502254
193.4 1000 25 1.78372541615 0 0.640861599102 0.356929775341 1 3.355724 -0.137685465481 -0.0866548694401
193.5 1000 25 1.78379559777 0 0.640823532973 0.356961852279 1 3.357086 -0.102914525391 -0.12592593056
193.6 1000 25 1.78386559168 0 0.640785296167 0.356993755846 1 3.359363 -0.0574681685828 -0.152080707634
193.7 1000 25 1.7839353557 0 0.640746971175 0.357025418125 1 3.360668 -0.0060776666304 -0.162408746224
193.8 1000 25 1.78400493589 0 0.640708521859 0.357056899397 1 3.363798 0.045910848646 -0.155846667033
193.9 1000 25 1.7840744845 0 0.640669991422 0.357088218332 1 3.359241 0.0930924145595 -0.133087412047
194 1000 25 1.78414403398 0 0.640631373182 0.357119432803 1 3.361662 0.130565239538 -0.0965075790399
194.1 1000 25 1.78421358059 0 0.640592752318 0.35715045482 1 3.355154 0.154439903213 -0.0499187124403
194.2 1000 25 1.78428316617 0 0.640554146411 0.357181327195 1 3.359504 0.16224311881 0.00182936312678
194.3 1000 25 1.78435283903 0 0.640515594614 0.357212057042 1 3.357478 0.153173968097 0.0533534422657
194.4 1000 25 1.78442266928 0 0.640477165531 0.357242592393 1 3.35855 0.128186093196 0.0992970296924
194.5 1000 25 1.78449265495 0 0.64043885865 0.357272979941 1 3.361233 0.0898875383439 0.134887335585
194.6 1000 25 1.78456289257 0 0.640400729036 0.357303233651 1 3.362383 0.0422684752901 0.156430786239
194.7 1000 25 1.78463348533 0 0.640362750358 0.357333401606 1 3.360871 -0.00971437875417 0.161696579698
194.8 1000 25 1.78470447879 0 0.640324996949 0.35736344931 1 3.35783 -0.0606537542553 0.150147463182
194.9 1000 25 1.78477584065 0 0.640287556663 0.357393318642 1 3.356802 -0.105254218696 0.122994901269
195 1000 25 1.78484762207 0 0.640250419303 0.357423064035 1 3.354729 -0.138882713713 0.0830717727909
195.1 1000 25 1.78491993963 0 0.64021361813 0.357452728956 1 3.352771 -0.158049807954 0.0345370003331
195.2 1000 25 1.78499275589 0 0.640177227145 0.357482214036 1 3.353248 -0.160771769182 -0.0175578767271
195.3 1000 25 1.78506610897 0 0.640141266289 0.357511570067 1 3.35552 -0.146775885976 -0.06779421777
195.4 1000 25 1.78514007099 0 0.640105751351 0.357540833118 1 3.354783 -0.117527798153 -0.110949965554
195.5 1000 25 1.78521467947 0 0.640070724955 0.35757000902 1 3.355796 -0.0760780396333 -0.142542496605
195.6 1000 25 1.78528987818 0 0.640036266947 0.357599003409 1 3.357511 -0.0267438503469 -0.159294181136
195.7 1000 25 1.78536582397 0 0.640002371249 0.357627905646 1 3.359068 0.0253403815809 -0.159472426056
195.8 1000 25 1.78544254566 0 0.639969049005 0.3576567394 1 3.327842 0.0747574713569 -0.143068950825
195.9 1000 25 1.78552004955 0 0.639936328735 0.35768550054 1 3.329584 0.116370879791 -0.111799481171
196 1000 25 1.78559836398 0 0.639904236773 0.357714200078 1 3.324931 0.145858567622 -0.0689244064079
196.1 1000 25 1.78567751954 0 0.639872826588 0.357742788242 1 3.324657 0.16016188268 -0.0189088272436
196.2 1000 25 1.78575748051 0 0.639842130061 0.357771293144 1 3.327361 0.157802840426 0.0330424423381
196.3 1000 25 1.78583831336 0 0.639812128369 0.357799744659 1 3.32504 0.139036803175 0.081526441654
196.4 1000 25 1.78592002257 0 0.639782843063 0.357828138683 1 3.326318 0.105824922379 0.121503983491
196.5 1000 25 1.78600252883 0 0.639754363986 0.357856334899 1 3.323218 0.0616291932066 0.148823367714
196.6 1000 25 1.78608591833 0 0.639726626033 0.357884463957 1 3.323042 0.0110516218192 0.160651531504
196.7 1000 25 1.78617017058 0 0.639699651289 0.357912514229 1 3.327172 -0.0406449818984 0.15576784917
196.8 1000 25 1.7862553917 0 0.639673372284 0.357940624707 1 3.323581 -0.0880845653746 0.134690062911
196.9 1000 25 1.78634139025 0 0.63964786826 0.357968575851 1 3.357849 -0.126337003231 0.0996193882427
197 1000 25 1.78642829512 0 0.639623169453 0.357996382247 1 3.356638 -0.151430075089 0.0542107078811
197.1 1000 25 1.78651602204 0 0.639599187499 0.35802409709 1 3.35603 -0.160762416864 0.00319165763442
197.2 1000 25 1.78660461936 0 0.639575985888 0.358051714032 1 3.356458 -0.153372940636 -0.0481293196043
197.3 1000 25 1.78669406511 0 0.639553471496 0.358079326747 1 3.354253 -0.130039848672 -0.0944158397798
197.4 1000 25 1.78678421026 0 0.639531620529 0.358106853286 1 3.355874 -0.0931985737948 -0.130858134034
197.5 1000 25 1.78687507357 0 0.639510403246 0.358134373052 1 3.358348 -0.0466875274093 -0.15367249012
197.6 1000 25 1.78696669692 0 0.639489793773 0.358161934127 1 3.359789 0.00465119822394 -0.160494679473
197.7 1000 25 1.78705896251 0 0.639469736646 0.35818942614 1 3.359911 0.0554769988475 -0.150624619161
197.8 1000 25 1.78715186132 0 0.639450236854 0.358216874446 1 3.363146 0.100505138326 -0.12509800277
197.9 1000 25 1.78724535941 0 0.639431255232 0.358244335125 1 3.357272 0.135056840055 -0.0865781392231
198 1000 25 1.78733943375 0 0.639412668188 0.358271864651 1 3.357734 0.155545716489 -0.0390778832403
198.1 1000 25 1.78743401032 0 0.639394472546 0.358299474991 1 3.364297 0.159849309811 0.0124586889428
198.2 1000 25 1.78752895463 0 0.639376608086 0.358327039262 1 3.361713 0.147529317747 0.0626707187758
198.3 1000 25 1.78762427998 0 0.639359005999 0.358354670692 1 3.356942 0.119876163276 0.106337818438
198.4 1000 25 1.78771997886 0 0.639341661356 0.358382271942 1 3.357616 0.0797741171638 0.138923327868
198.5 1000 25 1.78781597652 0 0.639324481463 0.358409886459 1 3.35858 0.0313998949569 0.157045429797
198.6 1000 25 1.78791227892 0 0.639307412945 0.358437520887 1 3.368729 -0.0202120639859 0.15882792856
198.7 1000 25 1.78800877632 0 0.639290381616 0.358465162724 1 3.358501 -0.0696934139989 0.144094842213
198.8 1000 25 1.7881052795 0 0.639273366976 0.358492742038 1 3.357949 -0.111900375162 0.114387243777
198.9 1000 25 1.7882018451 0 0.639256282079 0.35852030849 1 3.359886 -0.142448558459 0.0728026207346
199 1000 25 1.78829846577 0 0.639239077249 0.358547839098 1 3.35918 -0.158168196774 0.0236714652246
199.1 1000 25 1.78839504713 0 0.639221698359 0.358575348633 1 3.363568 -0.157433199658 -0.0278933826375
199.2 1000 25 1.78849149275 0 0.639204070988 0.358602886494 1 3.35919 -0.140329238982 -0.0765290678522
199.3 1000 25 1.78858772424 0 0.639186192567 0.358630316837 1 3.358325 -0.108643930667 -0.117180360965
199.4 1000 25 1.78868373632 0 0.639167923766 0.358657766199 1 3.35718 -0.065680033463 -0.145625005289
199.5 1000 25 1.7887793329 0 0.639149281271 0.358685120672 1 3.360618 -0.0159109850226 -0.158912145586
199.6 1000 25 1.78887463978 0 0.639130170918 0.358712386328 1 3.359134 0.0354846549966 -0.155668915957
199.7 1000 25 1.78896949908 0 0.639110529923 0.358739723848 1 3.355946 0.083161831236 -0.136241775702
199.8 1000 25 1.78906388809 0 0.639090354086 0.358766968581 1 3.35231 0.12216560439 -0.102659750979
199.9 1000 25 1.78915770299 0 0.639069548279 0.358794235607 1 3.353197 0.148445248626 -0.058422542058
200 1000 25 1.78925086863 0 0.639048077449 0.358821532708 1 3.359105 0.159275718494 -0.00813572853114
200.1 1000 25 1.78934347848 0 0.639025967062 0.358848722451 1 3.357653 0.153539525307 0.0429688321312
200.2 1000 25 1.78943545204 0 0.63900314509 0.358875960577 1 3.360325 0.131842499348 0.0895769854672
200.3 1000 25 1.78952674837 0 0.638979575461 0.358903141993 1 3.356485 0.0964493598643 0.126845367487
200.4 1000 25 1.78961727067 0 0.638955252685 0.35893027058 1 3.354256 0.0510478499968 0.150904243432
200.5 1000 25 1.78970695302 0 0.638930155528 0.358957367007 1 3.354153 0.00036420556101 0.159259493763
200.6 1000 25 1.78979577001 0 0.638904264182 0.358984384047 1 3.358171 -0.0503289279108 0.151051205734
200.7 1000 25 1.7898836876 0 0.638877581488 0.359011344688 1 3.357733 -0.0957606171962 0.127142099045
200.8 1000 25 1.78997069511 0 0.63885008798 0.3590382855 1 3.35586 -0.131210150727 0.0900269798004
200.9 1000 25 1.79005672906 0 0.63882180258 0.359065150595 1 3.35662 -0.152997359096 0.0435721931375
201 1000 25 1.79014177991 0 0.638792728559 0.359091953003 1 3.352539 -0.158864474498 -0.00738693373667
201.1 1000 25 1.7902258304 0 0.638762858912 0.359118739904 1 3.352826 -0.148210448494 -0.0575493666114
201.2 1000 25 1.79030891435 0 0.638732248928 0.359145459593 1 3.353047 -0.12215229808 -0.101699908825
201.3 1000 25 1.79039096545 0 0.638700899848 0.359172127974 1 3.349861 -0.0834080402139 -0.135251492421
201.4 1000 25 1.79047196001 0 0.638668806621 0.359198801407 1 3.351912 -0.0360131825586 -0.154721521728
201.5 1000 25 1.79055192371 0 0.63863607348 0.359225378072 1 3.351356 0.0150996049403 -0.15809345619
201.6 1000 25 1.79063086266 0 0.638602672013 0.359251961908 1 3.348094 0.0646137867296 -0.145025763064
201.7 1000 25 1.79070873744 0 0.638568671744 0.359278473243 1 3.354954 0.107382064645 -0.116886254388
201.8 1000 25 1.79078551078 0 0.638534112331 0.359304966574 1 3.35913 0.13896146204 -0.0766092347048
201.9 1000 25 1.790861245 0 0.638499023004 0.359331482638 1 3.363266 0.156074619024 -0.0283892565454
202 1000 25 1.79093594845 0 0.638463445653 0.359357910815 1 3.358249 0.156950296239 0.0227558550793
202.1 1000 25 1.79100973031 0 0.638427507141 0.35938428289 1 3.353813 0.141506526786 0.0715065898322
202.2 1000 25 1.79108244082 0 0.63839120431 0.359410627592 1 3.359657 0.111357915672 0.112795247455
202.3 1000 25 1.79115424614 0 0.638354635947 0.359436864202 1 3.358372 0.0696473298989 0.142333094718
202.4 1000 25 1.79122508712 0 0.638317850824 0.359463087444 1 3.35412 0.0207181609075 0.157055364526
202.5 1000 25 1.79129490271 0 0.638280870208 0.359489278482 1 3.354102 -0.0303384109302 0.155439410857
202.6 1000 25 1.79136380626 0 0.638243808577 0.359515443958 1 3.356223 -0.0782123303884 0.137662291763
202.7 1000 25 1.79143191557 0 0.638206731232 0.359541557616 1 3.353823 -0.117927812166 0.105581268956
202.8 1000 25 1.79149907079 0 0.638169691817 0.359567661573 1 3.359888 -0.145359960496 0.0625398845139
202.9 1000 25 1.79156560187 0 0.638132759985 0.359593745567 1 3.35882 -0.157663295429 0.0130192397848
203 1000 25 1.79163133496 0 0.638095992121 0.359619795365 1 3.352764 -0.153566694588 -0.0378282688072
203.1 1000 25 1.79169647376 0 0.6380594528 0.359645699514 1 3.359106 -0.133504905846 -0.0847152257757
203.2 1000 25 1.79176081341 0 0.638023176022 0.359671663829 1 3.35483 -0.0995728034352 -0.122768486163
203.3 1000 25 1.79182449206 0 0.637987229018 0.359697615007 1 3.35534 -0.0553057788785 -0.148036430362
203.4 1000 25 1.79188786818 0 0.6379517007 0.359723435005 1 3.358035 -0.0053118337196 -0.157898783363
203.5 1000 25 1.79195065009 0 0.637916616757 0.359749246385 1 3.357971 0.045207717273 -0.151338378915
203.6 1000 25 1.79201278223 0 0.637881992309 0.359775007894 1 3.358182 0.0909999728363 -0.129046065958
203.7 1000 25 1.79207453174 0 0.637847880695 0.359800826903 1 3.35792 0.127306495882 -0.0933481809173
203.8 1000 25 1.7921358923 0 0.637814326154 0.359826567475 1 3.357508 0.150357262855 -0.0479632614381
203.9 1000 25 1.79219712248 0 0.637781391113 0.359852172996 1 3.358618 0.157762817809 0.00238485819587
204 1000 25 1.79225818861 0 0.637749048216 0.359877738068 1 3.35555 0.148761365253 0.0524586537504
204.1 1000 25 1.79231916898 0 0.637717361516 0.359903205085 1 3.360177 0.124297448383 0.0970519729778
204.2 1000 25 1.79237969393 0 0.637686294434 0.359928744426 1 3.355741 0.0869230477166 0.131531356539
204.3 1000 25 1.79244034151 0 0.637655917607 0.359954255062 1 3.353592 0.0405307095995 0.152317441057
204.4 1000 25 1.79250074733 0 0.63762616659 0.359979863719 1 3.352929 -0.0100514869013 0.157256513516
204.5 1000 25 1.79256140407 0 0.637597059599 0.360005334358 1 3.357726 -0.0595626141664 0.145843247507
204.6 1000 25 1.79262234076 0 0.637568617583 0.360030731648 1 3.355851 -0.102855641717 0.119272844815
204.7 1000 25 1.79268324133 0 0.6375407975 0.360056212913 1 3.355154 -0.135432840771 0.0803158403008
204.8 1000 25 1.79274437486 0 0.637513596373 0.360081656978 1 3.353054 -0.153912992046 0.0330287708025
204.9 1000 25 1.79280573117 0 0.637486981801 0.360107101686 1 3.354255 -0.156382224224 -0.0176678094193
205 1000 25 1.7928674389 0 0.637460958077 0.360132430495 1 3.355883 -0.142592179485 -0.0665016469238
205.1 1000 25 1.7929294857 0 0.637435464621 0.360157766488 1 3.354553 -0.113985148949 -0.108396768582
205.2 1000 25 1.79299180122 0 0.637410511931 0.360182951127 1 3.355766 -0.0735427638169 -0.13900143462
205.3 1000 25 1.79305467739 0 0.637385983579 0.36020821029 1 3.354446 -0.0254757436849 -0.155139945698
205.4 1000 25 1.79311810779 0 0.637361880159 0.360233441209 1 3.352704 0.0252149678196 -0.155142207554
205.5 1000 25 1.79318208272 0 0.637338138752 0.36025864709 1 3.352699 0.0732583948475 -0.13901645808
205.6 1000 25 1.79324666764 0 0.637314675059 0.360283911791 1 3.353485 0.113661538727 -0.108447576564
205.7 1000 25 1.79331194864 0 0.6372914664 0.360309142976 1 3.345674 0.142228349168 -0.0666209699319
205.8 1000 25 1.79337791995 0 0.637268487868 0.360334315528 1 3.352849 0.155995431315 -0.0178905665701
205.9 1000 25 1.7934445371 0 0.637245694781 0.36035945518 1 3.354697 0.153539569905 0.0326742271814
206 1000 25 1.7935118611 0 0.63722302017 0.360384492184 1 3.348024 0.135124651226 0.0798162521245
206.1 1000 25 1.79357996343 0 0.637200389097 0.360409475984 1 3.325581 0.102673493153 0.118636903677
206.2 1000 25 1.7936488187 0 0.637177765712 0.360434380348 1 3.334459 0.0595668577064 0.145105295653
206.3 1000 25 1.7937184538 0 0.637155072578 0.360459276306 1 3.325118 0.0102913252233 0.156476761896
206.4 1000 25 1.79378891736 0 0.637132238377 0.360484159015 1 3.323369 -0.0400277416748 0.151577454227
206.5 1000 25 1.79386025976 0 0.637109320649 0.360508849027 1 3.321288 -0.086159352916 0.130925505638
206.6 1000 25 1.79393243588 0 0.637086156822 0.360533501808 1 3.321171 -0.123310707833 0.0966761685852
206.7 1000 25 1.79400545805 0 0.63706276252 0.360557952621 1 3.31747 -0.147625091695 0.0523969054524
206.8 1000 25 1.79407932148 0 0.637039038829 0.360582350554 1 3.3236 -0.156582369 0.00269578321758
206.9 1000 25 1.79415402247 0 0.637014969851 0.360606586736 1 3.322551 -0.149260020077 -0.0472582220626
207 1000 25 1.79422952914 0 0.636990467205 0.360630904954 1 3.323504 -0.12642833566 -0.0922727734632
207.1 1000 25 1.79430590186 0 0.636965494095 0.360655252773 1 3.350727 -0.0904691405963 -0.127671878
207.2 1000 25 1.79438304566 0 0.636940019155 0.360679593644 1 3.35324 -0.0451273966792 -0.149781711491
207.3 1000 25 1.79446098995 0 0.636913993924 0.360703960735 1 3.358615 0.00487881526141 -0.156311847315
207.4 1000 25 1.7945397327 0 0.636887418681 0.360728428001 1 3.360009 0.0543494776124 -0.146592499159
207.5 1000 25 1.79461923152 0 0.636860222865 0.360753021398 1 3.35439 0.0981430954825 -0.12164333759
207.6 1000 25 1.79469954243 0 0.63683246078 0.360777545452 1 3.359372 0.131711218929 -0.0840661959846
207.7 1000 25 1.79478025519 0 0.636804102068 0.360802144931 1 3.359128 0.151570997332 -0.0377741996104
207.8 1000 25 1.79486166552 0 0.636775128174 0.36082676464 1 3.356811 0.155666569129 0.0124163486103
207.9 1000 25 1.79494396076 0 0.636745609772 0.360851307598 1 3.355372 0.143581347924 0.0612865885424
208 1000 25 1.79502718266 0 0.63671551511 0.360875770625 1 3.365721 0.116581307642 0.103758160305
208.1 1000 25 1.79511068596 0 0.636684820273 0.360900233286 1 3.354899 0.0774815440631 0.135420458302
208.2 1000 25 1.79519454932 0 0.636653588401 0.360924691683 1 3.359096 0.0303533819003 0.152989433271
208.3 1000 25 1.79527920418 0 0.636621816599 0.360949131658 1 3.356426 -0.0199002326909 0.154647901971
208.4 1000 25 1.79536415171 0 0.636589556786 0.360973595024 1 3.356632 -0.068054321999 0.140233306092
208.5 1000 25 1.79544950784 0 0.636556778861 0.360998039384 1 3.35576 -0.109105479136 0.111253803265
208.6 1000 25 1.79553535993 0 0.636523578358 0.361022374498 1 3.35524 -0.138791722998 0.0707302864727
208.7 1000 25 1.79562157464 0 0.636489956938 0.361046619645 1 3.356188 -0.15403468044 0.0228818351373
208.8 1000 25 1.79570810322 0 0.63645595251 0.361070935879 1 3.356677 -0.153259477593 -0.0273138922389
208.9 1000 25 1.79579496894 0 0.636421599159 0.361095173797 1 3.35577 -0.136556869287 -0.074638395686
209 1000 25 1.79588200909 0 0.636386961678 0.361119490855 1 3.356367 -0.105673078522 -0.114175009293
209.1 1000 25 1.79596922901 0 0.636352056591 0.361143726069 1 3.361325 -0.0638270995931 -0.141819491376
209.2 1000 25 1.79605654216 0 0.636316952285 0.361167946812 1 3.360288 -0.0153754494979 -0.154706481604
209.3 1000 25 1.79614416412 0 0.636281693202 0.361192067537 1 3.360189 0.0346421224081 -0.151506218115
209.4 1000 25 1.79623189224 0 0.636246306916 0.361216167432 1 3.361683 0.0810257839057 -0.132561977404
209.5 1000 25 1.79631940356 0 0.636210824163 0.361240290388 1 3.356428 0.118957002672 -0.0998531829117
209.6 1000 25 1.79640696481 0 0.63617531015 0.361264417677 1 3.356223 0.144499053528 -0.0567885900393
209.7 1000 25 1.796494307 0 0.636139813536 0.361288514273 1 3.355059 0.155005509722 -0.00785116773683
209.8 1000 25 1.79658189945 0 0.636104381371 0.361312515734 1 3.357008 0.149394471167 0.0418689762018
209.9 1000 25 1.79666935745 0 0.636069038947 0.361336561029 1 3.356127 0.128259963265 0.0872033796739
210 1000 25 1.79675653415 0 0.636033834063 0.361360477068 1 3.352904 0.0938090068668 0.123442849864
210.1 1000 25 1.79684375585 0 0.635998778781 0.361384400301 1 3.359066 0.049631610116 0.146826910153
210.2 1000 25 1.79693062175 0 0.63596393271 0.361408259466 1 3.357417 0.000326282615889 0.154933991819
210.3 1000 25 1.79701727401 0 0.635929314604 0.361432035025 1 3.357454 -0.048978604502 0.146931565164
210.4 1000 25 1.79710367663 0 0.635894925699 0.361455800895 1 3.356889 -0.0931583130376 0.123662492852
210.5 1000 25 1.79718984367 0 0.635860788398 0.361479540938 1 3.350961 -0.12762404879 0.0875559965334
210.6 1000 25 1.7972757468 0 0.635826911092 0.361503237103 1 3.347478 -0.14880005309 0.0423739636328
210.7 1000 25 1.79736137248 0 0.635793303214 0.361526934777 1 3.351446 -0.154494344173 -0.00718088571261
210.8 1000 25 1.7974466144 0 0.635759986355 0.36155058277 1 3.353081 -0.144125662026 -0.0559545152864
210.9 1000 25 1.79753154982 0 0.635726955014 0.361574155917 1 3.350387 -0.118782903579 -0.0988775965177
211 1000 25 1.7976161136 0 0.635694200576 0.361597680646 1 3.353589 -0.0811108057645 -0.131492406658
211.1 1000 25 1.79770026115 0 0.635661684144 0.361621233124 1 3.354076 -0.0350338628259 -0.150415849044
211.2 1000 25 1.79778409927 0 0.635629432267 0.361644728366 1 3.352042 0.0146524076608 -0.153690201332
211.3 1000 25 1.79786752853 0 0.635597424835 0.361668175116 1 3.35017 0.0627805645163 -0.140986064325
211.4 1000 25 1.79795062968 0 0.635565617449 0.361691605783 1 3.332167 0.104348700476 -0.113635145642
211.5 1000 25 1.79803336681 0 0.635534003496 0.361714987204 1 3.329354 0.135040263854 -0.0744907805141
211.6 1000 25 1.7981156829 0 0.635502595174 0.361738208102 1 3.35683 0.151672242968 -0.0276302422771
211.7 1000 25 1.79819765965 0 0.635471302068 0.361761437575 1 3.354255 0.15252551362 0.0220695943113
211.8 1000 25 1.79827926309 0 0.635440093614 0.361784664579 1 3.35687 0.137522381248 0.0694402882634
211.9 1000 25 1.79836031427 0 0.635408914963 0.36180791079 1 3.356376 0.108233514503 0.109559028422
212 1000 25 1.7984411109 0 0.63537777337 0.361831022209 1 3.359995 0.0677133876645 0.138260196453
212.1 1000 25 1.7985215841 0 0.635346610213 0.361854120377 1 3.358591 0.0201822691738 0.152568051282
212.2 1000 25 1.79860174341 0 0.635315369468 0.361877137638 1 3.357639 -0.0294137374539 0.151005095228
212.3 1000 25 1.79868150408 0 0.635284024761 0.361900056532 1 3.3542 -0.0759172429793 0.133744826509
212.4 1000 25 1.79876090615 0 0.635252501887 0.361922962746 1 3.355155 -0.114495901976 0.102592562538
212.5 1000 25 1.79883980649 0 0.635220736086 0.361945911564 1 3.357654 -0.14114468743 0.0607965335311
212.6 1000 25 1.79891877501 0 0.635188748766 0.361968762866 1 3.359472 -0.153101341853 0.0127089032089
212.7 1000 25 1.79899745764 0 0.635156473986 0.361991582815 1 3.355499 -0.149132893087 -0.0366663675095
212.8 1000 25 1.79907574094 0 0.635123857577 0.3620143354 1 3.353186 -0.129663044495 -0.0821953236001
212.9 1000 25 1.79915382268 0 0.635090828767 0.362037128996 1 3.355092 -0.0967267207382 -0.119147370574
213 1000 25 1.79923184725 0 0.635057395799 0.36205987807 1 3.358903 -0.0537572281499 -0.143686804464
213.1 1000 25 1.79930956618 0 0.63502346532 0.362082670427 1 3.354432 -0.00522882993678 -0.153271073113
213.2 1000 25 1.79938711153 0 0.634989076518 0.362105306317 1 3.357917 0.0438095451749 -0.146913910249
213.3 1000 25 1.79946459628 0 0.63495416093 0.362127942495 1 3.354567 0.0882591615861 -0.125287342389
213.4 1000 25 1.79954210539 0 0.63491870332 0.362150519725 1 3.356417 0.123501978279 -0.0906503469129
213.5 1000 25 1.7996194316 0 0.634882678773 0.362173075214 1 3.355036 0.145880365462 -0.0466129730148
213.6 1000 25 1.7996965951 0 0.634846063969 0.362195641461 1 3.355742 0.153076677957 0.00223988183367
213.7 1000 25 1.79977381494 0 0.634808833827 0.362218245114 1 3.352546 0.144353211735 0.050825858381
213.8 1000 25 1.79985086558 0 0.634770991596 0.362240794909 1 3.354315 0.120628024851 0.0940937936365
213.9 1000 25 1.79992796821 0 0.634732561931 0.362263326655 1 3.358571 0.0843780215837 0.127548922427
214 1000 25 1.80000521623 0 0.634693500813 0.362285961504 1 3.358755 0.0393808009297 0.14771985047
214.1 1000 25 1.80008241949 0 0.634653818977 0.362308572072 1 3.353273 -0.00967925886913 0.152518631322
214.2 1000 25 1.80015974278 0 0.634613583552 0.362331048217 1 3.35645 -0.0576986939727 0.141456958851
214.3 1000 25 1.80023709211 0 0.634572769884 0.362353664675 1 3.35443 -0.0996856043692 0.115696014185
214.4 1000 25 1.80031469758 0 0.634531423178 0.362376234514 1 3.356844 -0.131278881121 0.077924348319
214.5 1000 25 1.80039251886 0 0.634489540662 0.362398847485 1 3.361252 -0.149201002961 0.0320774351408
214.6 1000 25 1.80047034446 0 0.634447198366 0.362421436818 1 3.352912 -0.151598083784 -0.0170723348648
214.7 1000 25 1.80054847094 0 0.634404412606 0.362444088981 1 3.358559 -0.138231672022 -0.0644124885705
214.8 1000 25 1.80062660884 0 0.634361249463 0.362466653679 1 3.352413 -0.11050251921 -0.105022174198
214.9 1000 25 1.80070513123 0 0.634317721649 0.362489324082 1 3.355765 -0.0713037155065 -0.134683858962
215 1000 25 1.80078363237 0 0.634273906459 0.362511949795 1 3.357165 -0.0247190152197 -0.150321007461
215.1 1000 25 1.80086225797 0 0.634229839106 0.362534728869 1 3.355228 0.024402885433 -0.150317669227
215.2 1000 25 1.80094126606 0 0.634185550716 0.362557593382 1 3.354544 0.0709526497382 -0.134685041477
215.3 1000 25 1.801020502 0 0.634141119595 0.362580531764 1 3.353169 0.110092069207 -0.105059550345
215.4 1000 25 1.80109999084 0 0.634096617507 0.362603536462 1 3.351652 0.137756676292 -0.0645313514456
215.5 1000 25 1.80117968597 0 0.634052096852 0.362626608701 1 3.344617 0.151077988128 -0.0173222045449
215.6 1000 25 1.80125955254 0 0.63400763284 0.362649740464 1 3.347232 0.148680955587 0.0316544887809
215.7 1000 25 1.80133961249 0 0.633963293067 0.362672868008 1 3.350433 0.130825854144 0.077304941851
215.8 1000 25 1.80141997741 0 0.633919108861 0.362696145815 1 3.352489 0.0993800950705 0.11488472445
215.9 1000 25 1.80150045194 0 0.633875202498 0.362719425326 1 3.353715 0.0576229488242 0.140491853275
216 1000 25 1.80158117866 0 0.633831641307 0.362742679758 1 3.350154 0.00990366182321 0.151471978276
216.1 1000 25 1.8016620452 0 0.633788482106 0.362765908424 1 3.344021 -0.0388115887381 0.146693581136
216.2 1000 25 1.80174312719 0 0.633745701995 0.362789267127 1 3.321313 -0.0834564325861 0.126664527916
216.3 1000 25 1.80182429429 0 0.633703427406 0.362812649526 1 3.332011 -0.119391278551 0.0934781822299
216.4 1000 25 1.80190556127 0 0.633661691578 0.362836092936 1 3.323954 -0.142885416799 0.0505946571468
216.5 1000 25 1.80198690133 0 0.633620530292 0.362859642847 1 3.325011 -0.151504391203 0.00248005053698
216.6 1000 25 1.80206826417 0 0.633579983743 0.362883289095 1 3.318723 -0.144362183067 -0.0458586296813
216.7 1000 25 1.80214966313 0 0.633540080306 0.362907046756 1 3.318279 -0.122212414369 -0.0893944620995
216.8 1000 25 1.80223104796 0 0.633500878286 0.362930907212 1 3.318702 -0.0873687814525 -0.12360339262
216.9 1000 25 1.80231239904 0 0.633462335909 0.36295504216 1 3.344956 -0.0434634761425 -0.144934368542
217 1000 25 1.80239364774 0 0.633424528444 0.362979327225 1 3.347358 0.00493147501578 -0.151177890866
217.1 1000 25 1.80247470463 0 0.633387511172 0.363003705793 1 3.356091 0.0527802047937 -0.141694989371
217.2 1000 25 1.80255567652 0 0.63335129958 0.363028227601 1 3.354407 0.0951070375556 -0.117482334505
217.3 1000 25 1.80263655018 0 0.633315831281 0.363053063979 1 3.35737 0.127513806065 -0.0810679417605
217.4 1000 25 1.80271703994 0 0.633281105647 0.363078166688 1 3.355433 0.146636909178 -0.0362470873795
217.5 1000 25 1.80279728307 0 0.633247236058 0.36310338719 1 3.355454 0.150496386485 0.0123134029337
217.6 1000 25 1.8028772247 0 0.633214145262 0.363128811886 1 3.360111 0.138701065466 0.0595606646858
217.7 1000 25 1.80295678988 0 0.633181862201 0.363154472661 1 3.356845 0.112487947096 0.100581940899
217.8 1000 25 1.80303591982 0 0.633150337899 0.363180220558 1 3.353905 0.0745927657338 0.131114823778
217.9 1000 25 1.80311463403 0 0.633119543004 0.363206296368 1 3.355789 0.0289644223242 0.147990942493
218 1000 25 1.80319289066 0 0.63308957544 0.363232361259 1 3.358501 -0.0196469956114 0.149463898597
218.1 1000 25 1.80327072607 0 0.633060306809 0.363258694399 1 3.356548 -0.0661835829143 0.135390347784
218.2 1000 25 1.80334798035 0 0.633031720004 0.363285162018 1 3.356422 -0.105806603436 0.107244000011
218.3 1000 25 1.8034246193 0 0.63300382644 0.363311886515 1 3.353794 -0.134399505696 0.0679610167972
218.4 1000 25 1.80350070144 0 0.632976523206 0.363338765618 1 3.356839 -0.148995474973 0.0216341718546
218.5 1000 25 1.80357597395 0 0.632949794029 0.363365885211 1 3.351205 -0.14808530459 -0.026913833183
218.6 1000 25 1.80365057714 0 0.63292361162 0.363393121751 1 3.351945 -0.131773239628 -0.072632538128
218.7 1000 25 1.80372450494 0 0.632897920441 0.363420636524 1 3.355386 -0.101765369345 -0.110768650945
218.8 1000 25 1.80379757936 0 0.632872640584 0.363448441406 1 3.358 -0.0611910913173 -0.137360503151
218.9 1000 25 1.80386995853 0 0.632847775221 0.363476442823 1 3.357094 -0.014276736346 -0.149649409232
219 1000 25 1.80394162529 0 0.632823233741 0.363504704732 1 3.355898 0.0340945664801 -0.146365894392
219.1 1000 25 1.80401247205 0 0.632799040421 0.363533150074 1 3.355364 0.0788911924478 -0.127860729226
219.2 1000 25 1.80408228036 0 0.632775107617 0.363561679477 1 3.354148 0.115455969732 -0.0960676992837
219.3 1000 25 1.80415135079 0 0.6327513952 0.363590420116 1 3.355564 0.139990970886 -0.0543012036758
219.4 1000 25 1.80421935243 0 0.632727806674 0.363619459284 1 3.354432 0.149951653471 -0.0069112131237
219.5 1000 25 1.80428659469 0 0.632704307529 0.363648759689 1 3.358498 0.144310529831 0.041170631693
219.6 1000 25 1.80435279846 0 0.632680932935 0.363678247409 1 3.356421 0.123663238817 0.0849429054251
219.7 1000 25 1.80441799458 0 0.632657560052 0.363707933788 1 3.360594 0.09016604198 0.119855890303
219.8 1000 25 1.8044823003 0 0.632634101383 0.363737971711 1 3.357429 0.047310101682 0.142283841597
219.9 1000 25 1.80454568831 0 0.632610650924 0.363768196217 1 3.356895 -0.000442516228722 0.149901385738
220 1000 25 1.80460810042 0 0.632587077123 0.363798689878 1 3.353473 -0.0481225437625 0.141924629683
220.1 1000 25 1.80466960691 0 0.632563454399 0.363829357618 1 3.355408 -0.0907713740542 0.119191934349
220.2 1000 25 1.80473008804 0 0.632539649447 0.363860322857 1 3.350726 -0.123956568453 0.0840760449098
220.3 1000 25 1.80478962994 0 0.632515656454 0.363891563568 1 3.352039 -0.144232516777 0.0402358145688
220.4 1000 25 1.80484819507 0 0.632491462704 0.363923049923 1 3.350286 -0.149497878798 -0.0077647063039
220.5 1000 25 1.80490590115 0 0.632467056638 0.363954838982 1 3.349811 -0.139213614407 -0.0549316125157
220.6 1000 25 1.80496268309 0 0.632442451717 0.363986884253 1 3.348807 -0.114457887457 -0.0963604454213
220.7 1000 25 1.80501854023 0 0.632417612356 0.364019205134 1 3.352324 -0.0778132085321 -0.127746221482
220.8 1000 25 1.80507353369 0 0.632392547039 0.364051797804 1 3.354165 -0.0330968043619 -0.145830907408
220.9 1000 25 1.8051277202 0 0.632367253237 0.364084661031 1 3.353001 0.0150368992069 -0.148741357734
221 1000 25 1.80518109483 0 0.632341691618 0.364117804394 1 3.350137 0.0615806827114 -0.136183520915
221.1 1000 25 1.80523364832 0 0.63231590672 0.364151238158 1 3.349969 0.101695783768 -0.109471943772
221.2 1000 25 1.80528542537 0 0.632289843869 0.364185014036 1 3.352728 0.131214667911 -0.0713921979901
221.3 1000 25 1.80533659076 0 0.632263578356 0.364219067485 1 3.327493 0.147073922237 -0.0259100668009
221.4 1000 25 1.80538710679 0 0.632237125991 0.364253365389 1 3.333956 0.147632295888 0.0222410108169
221.5 1000 25 1.80543696402 0 0.632210454891 0.3642879944 1 3.328195 0.132840435559 0.0680529298859
221.6 1000 25 1.80548620238 0 0.632183643819 0.364322900737 1 3.354864 0.104245003449 0.106763878322
221.7 1000 25 1.80553488838 0 0.632156640437 0.36435809991 1 3.354273 0.064827243537 0.13435274617
221.8 1000 25 1.80558305725 0 0.632129477716 0.364393609047 1 3.351444 0.0186917316623 0.147957574339
221.9 1000 25 1.80563069168 0 0.63210214884 0.36442940426 1 3.361336 -0.0293609509809 0.146172134349
222 1000 25 1.80567800701 0 0.632074708272 0.364465442611 1 3.357016 -0.0743334525345 0.129190857227
222.1 1000 25 1.80572496118 0 0.632047211249 0.364501761379 1 3.351247 -0.111552321773 0.0987882656102
222.2 1000 25 1.80577170063 0 0.632019599464 0.364538389975 1 3.353156 -0.137152347783 0.0581333012566
222.3 1000 25 1.80581816886 0 0.631991914141 0.364575328095 1 3.352127 -0.148479068487 0.0114583454385
222.4 1000 25 1.8058644188 0 0.631964162367 0.364612497129 1 3.355924 -0.144363238331 -0.0363802102313
222.5 1000 25 1.80591057763 0 0.631936359114 0.364649953483 1 3.353766 -0.125242293855 -0.0804081010778
222.6 1000 25 1.8059566227 0 0.631908496083 0.364687746168 1 3.358155 -0.0931131177017 -0.116050554747
222.7 1000 25 1.80600267007 0 0.631880638592 0.364725778551 1 3.352513 -0.0513238790852 -0.139607410929
222.8 1000 25 1.80604876822 0 0.631852771331 0.3647641067 1 3.35451 -0.00422488281354 -0.14863687681
222.9 1000 25 1.8060949495 0 0.631824850524 0.364802711129 1 3.35269 0.0432840414298 -0.142209627891
223 1000 25 1.80614130298 0 0.631796968719 0.364841543997 1 3.351967 0.0862638103478 -0.121003215066
223.1 1000 25 1.80618785988 0 0.631769099921 0.364880628352 1 3.357808 0.120249164414 -0.0872317577729
223.2 1000 25 1.80623463989 0 0.631741216606 0.364920020711 1 3.352497 0.141712802862 -0.0444139438202
223.3 1000 25 1.80628174215 0 0.631713345382 0.364959638919 1 3.35442 0.148431342337 0.00299314663615
223.4 1000 25 1.80632928641 0 0.631685473722 0.364999481037 1 3.351071 0.139716050902 0.0500582770548
223.5 1000 25 1.8063772223 0 0.631657624359 0.36503957033 1 3.351632 0.116482929735 0.0918888993238
223.6 1000 25 1.80642551042 0 0.63162976793 0.365079910087 1 3.354014 0.0811567868926 0.124139899655
223.7 1000 25 1.8064744616 0 0.631601904343 0.365120461994 1 3.355932 0.0374179579018 0.143464963724
223.8 1000 25 1.8065239289 0 0.631574018122 0.365161224873 1 3.352915 -0.0101809057182 0.147863684761
223.9 1000 25 1.80657414171 0 0.631546119076 0.365202195111 1 3.356151 -0.0566890890084 0.136888871007
224 1000 25 1.80662493943 0 0.631518156 0.365243370844 1 3.354027 -0.0972723697075 0.11169205618
224.1 1000 25 1.80667641607 0 0.631490132834 0.365284783644 1 3.354273 -0.127716153514 0.0749020272782
224.2 1000 25 1.80672872243 0 0.631462072779 0.365326335801 1 3.356201 -0.144862340738 0.0303514616654
224.3 1000 25 1.80678169804 0 0.631433939142 0.365368077151 1 3.352395 -0.146937736882 -0.0173230385174
224.4 1000 25 1.80683565037 0 0.631405727826 0.365409965373 1 3.355318 -0.133736910813 -0.0631629944788
224.5 1000 25 1.80689046168 0 0.63137741304 0.365452010397 1 3.355799 -0.106643053169 -0.102404249056
224.6 1000 25 1.80694602052 0 0.63134899207 0.365494187697 1 3.351357 -0.0684826040698 -0.130972272334
224.7 1000 25 1.80700254596 0 0.631320421222 0.365536535556 1 3.351091 -0.0232303480972 -0.145904218901
224.8 1000 25 1.80705996519 0 0.631291709445 0.365578989251 1 3.360818 0.024403924131 -0.14565758362
224.9 1000 25 1.80711835469 0 0.631262817094 0.365621565437 1 3.355011 0.0694666166352 -0.130269004756
225 1000 25 1.80717763189 0 0.631233744244 0.365664292768 1 3.355997 0.107274753219 -0.10134907613
225.1 1000 25 1.8072380168 0 0.631204495713 0.365707090303 1 3.349377 0.133902790801 -0.0619141119575
225.2 1000 25 1.80729938601 0 0.631175055488 0.365749959195 1 3.346828 0.146590516486 -0.0160715982974
225.3 1000 25 1.80736176819 0 0.631145402148 0.365792907709 1 3.35112 0.144028902071 0.0314077781512
225.4 1000 25 1.80742516408 0 0.631115540893 0.365835920008 1 3.350974 0.126495472726 0.0755866890155
225.5 1000 25 1.8074895434 0 0.631085457327 0.365878980856 1 3.349077 0.0958240052046 0.111874276611
225.6 1000 25 1.80755490409 0 0.631055162665 0.365922064914 1 3.349535 0.0552129878506 0.136503579666
225.7 1000 25 1.8076212016 0 0.631024642633 0.365965188546 1 3.353043 0.00889202644898 0.146922575231
225.8 1000 25 1.80768849711 0 0.630993936926 0.366008295294 1 3.355485 -0.0383186450796 0.142058371815
225.9 1000 25 1.80775695439 0 0.630963068759 0.366051323642 1 3.35999 -0.0815098387047 0.122427946721
226 1000 25 1.80782634407 0 0.630932009619 0.366094345396 1 3.352889 -0.116193786131 0.0900833512258
226.1 1000 25 1.80789665471 0 0.630900871942 0.366137159075 1 3.351956 -0.138770633412 0.0483969800949
226.2 1000 25 1.80796784603 0 0.630869603096 0.36617989196 1 3.354765 -0.146901916727 0.0017101164043
226.3 1000 25 1.80803980189 0 0.630838214797 0.366222609853 1 3.350464 -0.139753007496 -0.0451192786222
226.4 1000 25 1.8081126956 0 0.6308067267 0.366265206998 1 3.321876 -0.118078585044 -0.0872219290448
226.5 1000 25 1.80818635763 0 0.630775186513 0.366307725531 1 3.321878 -0.0841431234276 -0.120223668
226.6 1000 25 1.80826076655 0 0.630743601234 0.366350151613 1 3.314871 -0.0414843049086 -0.140699828465
226.7 1000 25 1.80833557462 0 0.630712014303 0.366392512577 1 3.356901 0.00545577130042 -0.146530750513
226.8 1000 25 1.80841123578 0 0.630680450752 0.366434785712 1 3.351216 0.051793114195 -0.137120901292
226.9 1000 25 1.8084874689 0 0.630648957059 0.366476965687 1 3.352467 0.0927099343244 -0.11346022573
227 1000 25 1.80856428058 0 0.630617572837 0.36651901072 1 3.352774 0.1239556197 -0.0780195726534
227.1 1000 25 1.80864155061 0 0.630586381618 0.366560869022 1 3.350141 0.142288498958 -0.0344930128151
227.2 1000 25 1.80871924857 0 0.63055539571 0.366602561845 1 3.350952 0.145811844919 0.0125875722513
227.3 1000 25 1.80879726903 0 0.630524608027 0.366644252355 1 3.352613 0.134170241869 0.058323597592
227.4 1000 25 1.80887572194 0 0.630494070366 0.366685862701 1 3.354458 0.108585800236 0.0979603695594
227.5 1000 25 1.80895471458 0 0.630463906619 0.366727258524 1 3.351829 0.0717292068964 0.127380697619
227.6 1000 25 1.80903393957 0 0.630434179824 0.366768450566 1 3.353589 0.02744148005 0.143533032913
227.7 1000 25 1.80911329414 0 0.630404872552 0.366809435027 1 3.352594 -0.0196665001746 0.144747629871
227.8 1000 25 1.80919291535 0 0.630376059823 0.366850259321 1 3.355509 -0.064693953103 0.130909215804
227.9 1000 25 1.8092725622 0 0.630347791341 0.366890789919 1 3.382942 -0.102960091287 0.103468142029
228 1000 25 1.80935242801 0 0.630320050663 0.366931176655 1 3.361128 -0.130490627758 0.06528815103
228.1 1000 25 1.80943224282 0 0.630292943879 0.366971301736 1 3.357031 -0.144430923255 0.0203474401245
228.2 1000 25 1.80951218684 0 0.630266470438 0.367011143029 1 3.350466 -0.143341178005 -0.0266754598811
228.3 1000 25 1.80959192593 0 0.63024061876 0.367050810961 1 3.355025 -0.127345995111 -0.0708887579807
228.4 1000 25 1.80967147637 0 0.63021548782 0.367090131149 1 3.356474 -0.0981200183283 -0.107697066801
228.5 1000 25 1.80975099317 0 0.630191045623 0.367129263117 1 3.354585 -0.0587120943595 -0.133278226152
228.6 1000 25 1.80983022163 0 0.630167332879 0.367168054369 1 3.353168 -0.0132282731935 -0.144979912309
228.7 1000 25 1.80990941309 0 0.630144349916 0.367206571544 1 3.348366 0.0335970269785 -0.14159592327
228.8 1000 25 1.80998833144 0 0.630122047977 0.367244945437 1 3.351132 0.0768930686697 -0.123489280772
228.9 1000 25 1.81006685966 0 0.63010049934 0.36728296197 1 3.351113 0.112160049154 -0.0925540922997
229 1000 25 1.81014495724 0 0.630079661454 0.367320667749 1 3.351302 0.135736300944 -0.0520172096982
229.1 1000 25 1.8102227946 0 0.630059543691 0.367358082203 1 3.354485 0.145178744667 -0.00610122709082
229.2 1000 25 1.81030014252 0 0.630040106606 0.367395260144 1 3.356158 0.139515992109 0.0404145013557
229.3 1000 25 1.81037703881 0 0.630021325333 0.367432185533 1 3.354596 0.119348264558 0.0826920135617
229.4 1000 25 1.81045340218 0 0.630003216357 0.367468777155 1 3.356401 0.0867838496735 0.116337660308
229.5 1000 25 1.81052960552 0 0.629985682668 0.367505252798 1 3.35459 0.0452187495584 0.137858892143
229.6 1000 25 1.81060504956 0 0.629968769383 0.367541294777 1 3.351513 -0.0010174436277 0.14502646238
229.7 1000 25 1.81068007787 0 0.629952375154 0.367577110912 1 3.350466 -0.0471126225713 0.137105728592
229.8 1000 25 1.8107546599 0 0.629936454758 0.367612703628 1 3.34609 -0.0882728400064 0.11493193181
229.9 1000 25 1.81082870638 0 0.629920980654 0.36764804058 1 3.349059 -0.120221073611 0.080821913915
230 1000 25 1.81090224713 0 0.629905899806 0.36768311114 1 3.349233 -0.13964155879 0.0383322332833
230.1 1000 25 1.81097532866 0 0.629891144426 0.36771795009 1 3.355454 -0.144523871875 -0.0081115812178
230.2 1000 25 1.81104783179 0 0.629876676726 0.3677525308 1 3.348353 -0.134371243395 -0.0536761747237
230.3 1000 25 1.81111990378 0 0.629862418213 0.367786869699 1 3.349584 -0.110250929622 -0.0936231704949
230.4 1000 25 1.81119142558 0 0.629848307781 0.367820954789 1 3.35174 -0.0746822014801 -0.123801914407
230.5 1000 25 1.81126241738 0 0.629834336992 0.367854726792 1 3.353702 -0.0313732146628 -0.141081006133
230.6 1000 25 1.81133302926 0 0.629820377287 0.367888293129 1 3.3514 0.0151656287527 -0.143672898925
230.7 1000 25 1.811403207 0 0.629806355631 0.367921650706 1 3.349619 0.0600912187686 -0.131319159361
230.8 1000 25 1.81147293415 0 0.629792216718 0.367954804056 1 3.352487 0.0987319818636 -0.105315987936
230.9 1000 25 1.81154226594 0 0.629777864673 0.367987778479 1 3.351813 0.127073395126 -0.0683783765594
231 1000 25 1.81161121215 0 0.62976325915 0.368020557813 1 3.347542 0.142175273892 -0.024356711487
231.1 1000 25 1.81167978854 0 0.629748334852 0.3680531495 1 3.353573 0.142476699592 0.0221646295299
231.2 1000 25 1.81174807755 0 0.629733013383 0.368085592953 1 3.347251 0.127957479497 0.0663446558703
231.3 1000 25 1.81181604751 0 0.62971725153 0.368117865288 1 3.351139 0.100138997637 0.103589515175
231.4 1000 25 1.81188375523 0 0.6297009808 0.368149992133 1 3.345969 0.0619250253883 0.130030040528
231.5 1000 25 1.81195122113 0 0.629684152092 0.368181957192 1 3.351355 0.0172984687353 0.142923873547
231.6 1000 25 1.81201841153 0 0.629666685849 0.368213834791 1 3.350332 -0.0290934337654 0.140939850403
231.7 1000 25 1.81208546546 0 0.62964853518 0.368245683242 1 3.350324 -0.0724234710058 0.124295537959
231.8 1000 25 1.81215238559 0 0.6296296987 0.368277331517 1 3.353422 -0.108186426377 0.0947330683657
231.9 1000 25 1.81221931079 0 0.62961011154 0.368308859705 1 3.350253 -0.13266721796 0.0553375994411
232 1000 25 1.81228620339 0 0.629589711685 0.368340390516 1 3.349728 -0.143327507741 0.0102147035891
232.1 1000 25 1.81235310827 0 0.629568483823 0.368371923537 1 3.352262 -0.139068244765 -0.0359370883309
232.2 1000 25 1.81242013394 0 0.629546444171 0.368403348224 1 3.350411 -0.120343562712 -0.0783155235889
232.3 1000 25 1.81248717674 0 0.629523569057 0.36843472073 1 3.352753 -0.0891120448238 -0.11251438475
232.4 1000 25 1.81255437403 0 0.629499858047 0.368465933864 1 3.35442 -0.0486320582219 -0.134981497127
232.5 1000 25 1.81262178134 0 0.629475277757 0.368497310511 1 3.360942 -0.0031217438788 -0.143387922482
232.6 1000 25 1.812689487 0 0.629449844486 0.368528648565 1 3.344867 0.0426801012465 -0.136869011111
232.7 1000 25 1.81275738628 0 0.629423590339 0.368559913901 1 3.351958 0.0840081479902 -0.116113566234
232.8 1000 25 1.81282556987 0 0.629396496014 0.368591178512 1 3.348667 0.116565227192 -0.0832911083854
232.9 1000 25 1.81289421197 0 0.629368678602 0.368622421106 1 3.354068 0.13697006109 -0.0418252542216
233 1000 25 1.81296311434 0 0.629340052791 0.368653715107 1 3.353408 0.143107871338 0.00396330533041
233.1 1000 25 1.81303249735 0 0.629310683844 0.368685199445 1 3.352671 0.134349908722 0.0493075300203
233.2 1000 25 1.81310210918 0 0.629280646642 0.368716603351 1 3.353656 0.111617731448 0.0894892945158
233.3 1000 25 1.81317226676 0 0.629249997333 0.368748055633 1 3.351696 0.0772861245327 0.120331226889
233.4 1000 25 1.81324312612 0 0.629218798899 0.36877963576 1 3.355055 0.0349352865427 0.138630215412
233.5 1000 25 1.81331441793 0 0.629187087719 0.368811131413 1 3.352518 -0.0110226269238 0.142490559907
233.6 1000 25 1.81338624444 0 0.629154931726 0.368842679733 1 3.351778 -0.0558028469541 0.131520022912
233.7 1000 25 1.81345853038 0 0.629122397309 0.368874164166 1 3.3565 -0.0947465971362 0.106869956698
233.8 1000 25 1.81353158203 0 0.629089511036 0.368905879741 1 3.356227 -0.123804954997 0.0711141215349
233.9 1000 25 1.81360523394 0 0.629056392531 0.368937637512 1 3.35058 -0.13996051345 0.0279803599223
234 1000 25 1.81367945969 0 0.629023074376 0.368969492352 1 3.353247 -0.141540291348 -0.0180379437778
234.1 1000 25 1.81375449908 0 0.628989660338 0.369001465553 1 3.350926 -0.128388921821 -0.0621503197322
234.2 1000 25 1.8138302927 0 0.628956197777 0.369033596266 1 3.352943 -0.101884113132 -0.0997676227404
234.3 1000 25 1.8139066719 0 0.62892276755 0.36906579483 1 3.350966 -0.0647920525293 -0.126979115021
234.4 1000 25 1.8139837088 0 0.628889442946 0.369098097582 1 3.350569 -0.02097920643 -0.140959343988
234.5 1000 25 1.81406144553 0 0.628856289235 0.369130445408 1 3.351154 0.024991275164 -0.140261355618
234.6 1000 25 1.8141398075 0 0.62882338888 0.369162850462 1 3.348093 0.0683341949926 -0.124966489337
234.7 1000 25 1.81421888054 0 0.628790787329 0.369195429191 1 3.35311 0.104540625682 -0.0966746638471
234.8 1000 25 1.81429863098 0 0.628758545541 0.369228066379 1 3.355527 0.129846892669 -0.0583374700995
234.9 1000 25 1.81437881663 0 0.628726775081 0.369260748762 1 3.352813 0.141625596666 -0.013950255726
235 1000 25 1.81445965245 0 0.628695479721 0.369293430518 1 3.349704 0.138658592037 0.03186468678
235.1 1000 25 1.81454120358 0 0.628664698225 0.369326307787 1 3.352465 0.121262776368 0.0743387371915
235.2 1000 25 1.81462334194 0 0.628634514379 0.369359251635 1 3.34822 0.091256067822 0.109053857337
235.3 1000 25 1.81470605758 0 0.628604960194 0.369392264616 1 3.351169 0.0517678431176 0.132401629796
235.4 1000 25 1.81478922784 0 0.628576058205 0.369425352245 1 3.348378 0.00691244703228 0.141958421514
235.5 1000 25 1.81487295501 0 0.628547838415 0.369458493754 1 3.350553 -0.0386397932874 0.136736919207
235.6 1000 25 1.81495708263 0 0.628520329287 0.369491697387 1 3.34788 -0.0801482185694 0.117288105719
235.7 1000 25 1.81504163162 0 0.628493557224 0.369524996071 1 3.350713 -0.113295606559 0.0856429802557
235.8 1000 25 1.81512655858 0 0.628467549434 0.369558257442 1 3.348326 -0.134636873811 0.0451005919931
235.9 1000 25 1.81521182093 0 0.628442355534 0.3695914022 1 3.350004 -0.141957136188 -0.000115903089045
236 1000 25 1.81529742853 0 0.628417926775 0.369624565602 1 3.349038 -0.134501532074 -0.0452991772882
236.1 1000 25 1.81538326308 0 0.628394240028 0.369657790762 1 3.348681 -0.113053009324 -0.0857477205722
236.2 1000 25 1.81546930051 0 0.628371292642 0.369691008892 1 3.345872 -0.0798499993317 -0.117255043577
236.3 1000 25 1.81555553951 0 0.628349086722 0.369724201102 1 3.342924 -0.0383528860114 -0.13654691011
236.4 1000 25 1.81564188395 0 0.628327582429 0.369757378761 1 3.34321 0.00711669597913 -0.141621743432
236.5 1000 25 1.81572828325 0 0.628306761451 0.36979051617 1 3.315364 0.051825831823 -0.131958029502
236.6 1000 25 1.81581471425 0 0.628286638624 0.36982357958 1 3.357281 0.0911231020666 -0.108567998561
236.7 1000 25 1.81590086633 0 0.628267084878 0.369856662412 1 3.354654 0.120922125861 -0.0738914941275
236.8 1000 25 1.81598692332 0 0.628248096003 0.369889765882 1 3.357413 0.138126892946 -0.031541396749
236.9 1000 25 1.81607259557 0 0.628229606646 0.369922791374 1 3.357302 0.140953020286 0.0140726974172
237 1000 25 1.81615812383 0 0.628211578826 0.36995590429 1 3.354559 0.129112696691 0.058203620423
237.1 1000 25 1.81624324663 0 0.628193937619 0.369988975348 1 3.351566 0.103844202116 0.0962609301006
237.2 1000 25 1.81632809674 0 0.628176648003 0.370021934672 1 3.355356 0.0677822263271 0.124287833548
237.3 1000 25 1.81641247109 0 0.628159673965 0.37005483726 1 3.3529 0.02468296141 0.139372843621
237.4 1000 25 1.81649647452 0 0.628142959418 0.370087730343 1 3.356719 -0.020966681034 0.139952403182
237.5 1000 25 1.81658002231 0 0.628126454219 0.370120514386 1 3.357303 -0.0644170151938 0.125972182301
237.6 1000 25 1.81666311784 0 0.628110078204 0.370153214214 1 3.356312 -0.101148808877 0.0988928052616
237.7 1000 25 1.8167455411 0 0.628093794093 0.37018577524 1 3.353147 -0.127343924526 0.0615366030001
237.8 1000 25 1.81682741635 0 0.628077536948 0.370218275429 1 3.354798 -0.140281855498 0.0177938669141
237.9 1000 25 1.81690857477 0 0.628061251058 0.370250631651 1 3.357578 -0.138622359948 -0.0277826565154
238 1000 25 1.81698906316 0 0.62804489342 0.370282761374 1 3.3592 -0.122544053797 -0.0704514996509
238.1 1000 25 1.81706875855 0 0.628028424487 0.370314774726 1 3.354108 -0.0937255371789 -0.105775433409
238.2 1000 25 1.81714771889 0 0.628011766742 0.370346610252 1 3.353715 -0.0551693814995 -0.130083467329
238.3 1000 25 1.8172258642 0 0.627994869347 0.370378280944 1 3.352345 -0.0108899851714 -0.140851818442
238.4 1000 25 1.81730312863 0 0.627977680077 0.370409844124 1 3.357393 0.0345047276503 -0.13696609735
238.5 1000 25 1.81737954357 0 0.627960189525 0.370441163462 1 3.358243 0.0762930477035 -0.118836531517
238.6 1000 25 1.81745508629 0 0.627942330332 0.370472357529 1 3.358973 0.110130228326 -0.088354593586
238.7 1000 25 1.81752968738 0 0.627924065211 0.370503401686 1 3.356274 0.132500474 -0.048695578761
238.8 1000 25 1.8176033574 0 0.627905410569 0.370534268127 1 3.353322 0.141082131531 -0.00398791407943
238.9 1000 25 1.81767603332 0 0.627886313012 0.370564864067 1 3.359792 0.1349884453 0.0411169857301
239 1000 25 1.81774777338 0 0.627866739692 0.370595166466 1 3.356496 0.114859175501 0.0819282847472
239.1 1000 25 1.81781857427 0 0.627846694542 0.370625345936 1 3.356445 0.0827935424387 0.114203634214
239.2 1000 25 1.8178883135 0 0.62782617829 0.370655189095 1 3.356981 0.0421310245022 0.134590396236
239.3 1000 25 1.81795711128 0 0.62780519431 0.37068484624 1 3.356241 -0.00289650708155 0.140973509918
239.4 1000 25 1.81802504837 0 0.627783716134 0.370714313361 1 3.357674 -0.0476049155439 0.13269505381
239.5 1000 25 1.81809184821 0 0.627761767985 0.370743630306 1 3.35344 -0.0873452772635 0.110622094
239.6 1000 25 1.81815774108 0 0.627739356007 0.370772716946 1 3.357453 -0.117987561891 0.0770557494082
239.7 1000 25 1.81822272188 0 0.627716487345 0.370801583251 1 3.351866 -0.136349545876 0.0354909062906
239.8 1000 25 1.81828673223 0 0.627693186331 0.370830216147 1 3.353197 -0.140527233675 -0.00974714366174
239.9 1000 25 1.8183498312 0 0.627669475577 0.370858676179 1 3.351134 -0.130092366004 -0.0539532043088
240 1000 25 1.81841202399 0 0.627645385464 0.370886874828 1 3.35132 -0.10613620876 -0.0925315983263
240.1 1000 25 1.81847335861 0 0.62762094962 0.370914832438 1 3.354049 -0.0711553052276 -0.12147379079
240.2 1000 25 1.81853377331 0 0.627596206238 0.370942634545 1 3.355297 -0.0287914174855 -0.137774943038
240.3 1000 25 1.81859330029 0 0.627571202958 0.370970071971 1 3.355087 0.0165479575189 -0.13974599554
240.4 1000 25 1.81865218837 0 0.627545938047 0.370997508459 1 3.359316 0.0601478205754 -0.127188180818
240.5 1000 25 1.81871024016 0 0.627520480806 0.371024676973 1 3.357311 0.0974763783836 -0.101413550561
240.6 1000 25 1.81876753832 0 0.627494870202 0.371051683398 1 3.356481 0.124655744952 -0.0651076187238
240.7 1000 25 1.81882420871 0 0.627469131514 0.371078520706 1 3.353176 0.138865062805 -0.0220492591889
240.8 1000 25 1.8188802016 0 0.627443328703 0.371105192348 1 3.360378 0.138633185448 0.0232823364887
240.9 1000 25 1.81893548062 0 0.627417522513 0.371131624543 1 3.353653 0.123990835812 0.0661738521211
241 1000 25 1.81899023962 0 0.627391735961 0.371157869728 1 3.353067 0.0964667687414 0.102167892016
241.1 1000 25 1.81904443665 0 0.627366006313 0.371183964061 1 3.356625 0.0589280216562 0.127526218855
241.2 1000 25 1.81909806928 0 0.627340391572 0.371209872936 1 3.355036 0.0152812814057 0.139617979384
241.3 1000 25 1.81915133905 0 0.627314906514 0.371235612602 1 3.349989 -0.0299338601892 0.137192639157
241.4 1000 25 1.81920425089 0 0.627289603262 0.371261207442 1 3.348567 -0.0720169353418 0.120509317242
241.5 1000 25 1.81925690003 0 0.627264509586 0.371286630545 1 3.353885 -0.106595518324 0.0913088800858
241.6 1000 25 1.81930928498 0 0.627239646465 0.371311954397 1 3.351707 -0.130079311767 0.0526324376322
241.7 1000 25 1.81936146015 0 0.627215063147 0.371337111324 1 3.35394 -0.140033139668 0.00850442928125
241.8 1000 25 1.81941341173 0 0.627190783845 0.371362130088 1 3.350552 -0.135429105834 -0.0364861727716
241.9 1000 25 1.81946521461 0 0.627166823522 0.371387015642 1 3.354615 -0.116753122516 -0.0776631000721
242 1000 25 1.81951701815 0 0.627143205049 0.371411774309 1 3.352144 -0.085953292209 -0.110748936157
242.1 1000 25 1.81956877058 0 0.627119939995 0.371436421441 1 3.350002 -0.0462368047418 -0.13230947596
242.2 1000 25 1.819620614 0 0.627097039592 0.371460973463 1 3.349207 -0.00173564755947 -0.140110115716
242.3 1000 25 1.81967244631 0 0.627074551344 0.371485260221 1 3.352574 0.0429231367824 -0.133347517491
242.4 1000 25 1.81972449759 0 0.627052437851 0.371509575854 1 3.350563 0.0830985409421 -0.112732151073
242.5 1000 25 1.81977676877 0 0.6270307097 0.371533692385 1 3.351597 0.114618233055 -0.0804138307925
242.6 1000 25 1.8198291564 0 0.62700935028 0.371557778759 1 3.349898 0.134211548195 -0.0397572392928
242.7 1000 25 1.81988182658 0 0.626988357684 0.371581692908 1 3.352472 0.139849234508 0.0050082637993
242.8 1000 25 1.81993482541 0 0.626967731058 0.371605521445 1 3.354216 0.130953363145 0.0492288822364
242.9 1000 25 1.81998809758 0 0.626947408013 0.371629279633 1 3.349668 0.108456456954 0.0883099248852
243 1000 25 1.82004187407 0 0.626927398756 0.371652931634 1 3.347934 0.0747040545142 0.118193772924
243.1 1000 25 1.82009610524 0 0.626907674157 0.371676508583 1 3.347108 0.0332097485536 0.135780781015
243.2 1000 25 1.82015085142 0 0.626888201554 0.371699991031 1 3.347394 -0.011710552714 0.139250961535
243.3 1000 25 1.82020605328 0 0.62686895204 0.37172336722 1 3.351456 -0.0553876018068 0.128252353118
243.4 1000 25 1.82026180396 0 0.626849878758 0.371746673146 1 3.356829 -0.093284232377 0.103936524716
243.5 1000 25 1.82031815891 0 0.626830961842 0.371769881865 1 3.350058 -0.121466751753 0.0688381064296
243.6 1000 25 1.82037510883 0 0.626812135123 0.371793006828 1 3.352572 -0.137013317412 0.0266104142538
243.7 1000 25 1.82043271549 0 0.626793357833 0.37181608882 1 3.350227 -0.13831688946 -0.0183549230415
243.8 1000 25 1.82049098755 0 0.626774594629 0.371839066005 1 3.349867 -0.125251280145 -0.06138454893
243.9 1000 25 1.82054993487 0 0.626755785475 0.371861982719 1 3.35285 -0.0991834477061 -0.0980095147551
244 1000 25 1.82060950426 0 0.62673690426 0.371884794778 1 3.350309 -0.062830202963 -0.124429346608
244.1 1000 25 1.82066985977 0 0.626717873103 0.371907525244 1 3.352216 -0.0199750619514 -0.137906193299
244.2 1000 25 1.8207308072 0 0.626698667727 0.371930171016 1 3.351806 0.024925410724 -0.137049060813
244.3 1000 25 1.82079256054 0 0.626679218211 0.371952695432 1 3.351242 0.0672053837826 -0.121956947144
244.4 1000 25 1.82085499834 0 0.626659489034 0.371975178231 1 3.347185 0.102474563587 -0.0942080530157
244.5 1000 25 1.82091817706 0 0.626639391752 0.371997591278 1 3.3508 0.127074309574 -0.0566939030533
244.6 1000 25 1.82098204506 0 0.626618916164 0.372019955654 1 3.34977 0.138457002048 -0.0133189118567
244.7 1000 25 1.82104645938 0 0.626598026793 0.372042184622 1 3.353845 0.135450182173 0.0314069659214
244.8 1000 25 1.82111163162 0 0.62657666529 0.372064352449 1 3.352861 0.118377052815 0.0728366781045
244.9 1000 25 1.82117751955 0 0.626554790304 0.372086435088 1 3.355848 0.0890219804301 0.106669088814
245 1000 25 1.82124408715 0 0.626532390656 0.372108362065 1 3.354601 0.0504438886262 0.129395794636
245.1 1000 25 1.82131125163 0 0.626509411299 0.372130206745 1 3.35328 0.0066574959977 0.138664797494
245.2 1000 25 1.82137910929 0 0.626485821978 0.372151949416 1 3.350904 -0.0377846885126 0.1335241409
245.3 1000 25 1.82144748339 0 0.626461600784 0.372173589625 1 3.3528 -0.078265649044 0.114519622323
245.4 1000 25 1.8215163341 0 0.626436724977 0.372195108873 1 3.352833 -0.110583729934 0.083636840513
245.5 1000 25 1.82158581522 0 0.626411150026 0.372216503816 1 3.349813 -0.131388601853 0.0440936944734
245.6 1000 25 1.82165573671 0 0.626384896842 0.372237777192 1 3.350921 -0.138529096707 5.32846623649e-06
245.7 1000 25 1.8217259673 0 0.626357971407 0.372258934505 1 3.348853 -0.131275465691 -0.0440445900301
245.8 1000 25 1.8217966063 0 0.626330327185 0.372279966472 1 3.351675 -0.110393671684 -0.0834804928991
245.9 1000 25 1.82186760661 0 0.626301991555 0.372300860536 1 3.349006 -0.0780650982662 -0.114210027864
246 1000 25 1.8219389404 0 0.626272938419 0.372321650121 1 3.350721 -0.0376582760013 -0.133048941012
246.1 1000 25 1.82201053751 0 0.626243201874 0.372342269266 1 3.35194 0.00662205663322 -0.138051253669
246.2 1000 25 1.82208236757 0 0.626212785066 0.372362728646 1 3.348005 0.050172524185 -0.128710096565
246.3 1000 25 1.82215432005 0 0.626181717749 0.372383084181 1 3.349417 0.0884698110996 -0.106009448324
246.4 1000 25 1.82222647435 0 0.626150012352 0.37240329274 1 3.349194 0.117540654635 -0.0723200471621
246.5 1000 25 1.82229870252 0 0.626117685755 0.372423364261 1 3.350232 0.134374063017 -0.0311522700048
246.6 1000 25 1.82237101001 0 0.626084772412 0.372443226764 1 3.346182 0.137233167919 0.0132100954498
246.7 1000 25 1.82244319108 0 0.626051309975 0.372462985179 1 3.351215 0.125834861886 0.0561552029364
246.8 1000 25 1.82251554621 0 0.626017303126 0.372482564432 1 3.350421 0.101377377705 0.0932231996816
246.9 1000 25 1.82258764591 0 0.625982851473 0.372501974155 1 3.355348 0.0664149159374 0.120569154987
247 1000 25 1.82265968702 0 0.625947939701 0.37252121952 1 3.352434 0.0245902709803 0.13536201158
247.1 1000 25 1.82273150541 0 0.625912682698 0.372540247836 1 3.352158 -0.0197441754266 0.136077882366
247.2 1000 25 1.82280300788 0 0.625877079311 0.372559155163 1 3.351323 -0.0619798944032 0.122657233858
247.3 1000 25 1.82287429483 0 0.625841182602 0.372577854612 1 3.350974 -0.0977310277893 0.0965091545074
247.4 1000 25 1.82294519391 0 0.625805040102 0.372596431578 1 3.352171 -0.123290011891 0.0603640104129
247.5 1000 25 1.82301580281 0 0.62576870518 0.37261484375 1 3.346093 -0.136012252958 0.0179878675906
247.6 1000 25 1.82308598634 0 0.62573223629 0.372633104276 1 3.345627 -0.1345898618 -0.0262094799133
247.7 1000 25 1.82315571512 0 0.625695699028 0.372651193319 1 3.35069 -0.119186117047 -0.0676337559565
247.8 1000 25 1.82322497619 0 0.625659093053 0.372669186794 1 3.349185 -0.0914170526951 -0.10198384612
247.9 1000 25 1.82329360445 0 0.625622538244 0.3726870244 1 3.350053 -0.0541818848093 -0.12569835091
248 1000 25 1.82336174525 0 0.625586054041 0.372704704184 1 3.353385 -0.0113603253361 -0.136324951759
248.1 1000 25 1.8234293249 0 0.6255497143 0.372722252294 1 3.344861 0.0325914492361 -0.132774158375
248.2 1000 25 1.82349624605 0 0.625513556737 0.372739649584 1 3.343436 0.0731047663573 -0.115431183044
248.3 1000 25 1.82356252011 0 0.625477685645 0.372756845361 1 3.343901 0.105973404065 -0.0861141269831
248.4 1000 25 1.82362814081 0 0.625442075677 0.372773921723 1 3.347775 0.127790397201 -0.0478836419189
248.5 1000 25 1.82369307423 0 0.625406807467 0.372790838635 1 3.347466 0.136301160473 -0.0047232789404
248.6 1000 25 1.82375723512 0 0.625371914122 0.372807612317 1 3.348789 0.130636841195 0.0388756068093
248.7 1000 25 1.82382073279 0 0.625337427105 0.372824320634 1 3.348993 0.11140274521 0.0783810352468
248.8 1000 25 1.82388342193 0 0.625303495387 0.372840743032 1 3.35133 0.0806141827164 0.109691762056
248.9 1000 25 1.82394537837 0 0.625270086534 0.372857022792 1 3.350481 0.0414850257621 0.129563087107
249 1000 25 1.82400650516 0 0.625237188753 0.372873224784 1 3.350112 -0.00190743748697 0.135943186296
249.1 1000 25 1.82406686531 0 0.625204835047 0.372889340627 1 3.354654 -0.0450475086106 0.128185079204
249.2 1000 25 1.82412638451 0 0.625173090415 0.372905352994 1 3.349659 -0.0834510573046 0.107112361028
249.3 1000 25 1.82418511485 0 0.625141930676 0.372921276823 1 3.349632 -0.113131518934 0.0749317341187
249.4 1000 25 1.82424304789 0 0.625111401669 0.372937084356 1 3.354356 -0.131013999243 0.0350022739619
249.5 1000 25 1.82430027535 0 0.625081475084 0.372952863866 1 3.348509 -0.135253774881 -0.00851543639294
249.6 1000 25 1.82435669176 0 0.625052200276 0.372968595289 1 3.351428 -0.125426762459 -0.0510925795211
249.7 1000 25 1.82441227872 0 0.625023550169 0.37298426885 1 3.35233 -0.102572036405 -0.0883034254359
249.8 1000 25 1.82446712272 0 0.624995518464 0.372999897591 1 3.348221 -0.0690819064942 -0.116285833187
249.9 1000 25 1.82452121719 0 0.624968068847 0.373015563467 1 3.350327 -0.0284517687242 -0.132141454041
250 1000 25 1.82457459299 0 0.624941204375 0.373031284267 1 3.351171 0.0150846856091 -0.134236627408
250.1 1000 25 1.82462719773 0 0.624914926607 0.373046988077 1 3.347568 0.0569966086438 -0.122370561767
250.2 1000 25 1.82467904916 0 0.624889230404 0.37306267014 1 3.350262 0.0929275763896 -0.0977945939131
250.3 1000 25 1.82473036148 0 0.624864068822 0.373078321374 1 3.350407 0.119148444907 -0.0630802336563
250.4 1000 25 1.8247809812 0 0.624839430394 0.373094000186 1 3.346799 0.132944332808 -0.0218504279771
250.5 1000 25 1.82483106505 0 0.624815260638 0.373109731437 1 3.350338 0.132895895818 0.0215987422321
250.6 1000 25 1.82488038367 0 0.624791558341 0.373125452072 1 3.348334 0.119025506806 0.0627454005218
250.7 1000 25 1.8249291464 0 0.62476826747 0.373141211475 1 3.348361 0.0927930146248 0.0973127243908
250.8 1000 25 1.82497723349 0 0.624745353858 0.373157003825 1 3.348362 0.0569424829255 0.121713478624
250.9 1000 25 1.82502479337 0 0.624722732835 0.373172955645 1 3.346252 0.0152150567666 0.133422241856
251 1000 25 1.82507181126 0 0.624700411488 0.373188919871 1 3.348523 -0.028041412919 0.131236745238
251.1 1000 25 1.82511835038 0 0.624678320193 0.373204957462 1 3.345815 -0.0683251388509 0.115401707233
251.2 1000 25 1.82516440287 0 0.624656386369 0.373221104667 1 3.347733 -0.101449050508 0.0875814570479
251.3 1000 25 1.82520990049 0 0.624634614021 0.373237311016 1 3.340844 -0.123976048552 0.0506851639265
251.4 1000 25 1.82525495413 0 0.624612926937 0.37325357515 1 3.345455 -0.133575531132 0.00856278398204
251.5 1000 25 1.82529978277 0 0.624591281693 0.373269948157 1 3.348512 -0.12926477029 -0.0343967061397
251.6 1000 25 1.82534410621 0 0.624569623135 0.373286403078 1 3.341773 -0.111509488881 -0.0737224745947
251.7 1000 25 1.82538811767 0 0.624547900917 0.37330295908 1 3.353763 -0.0821738242087 -0.105327060313
251.8 1000 25 1.82543190343 0 0.624526025823 0.373319659138 1 3.347489 -0.0443244653107 -0.125931339325
251.9 1000 25 1.82547523318 0 0.624503995458 0.373336459616 1 3.344513 -0.00191055898961 -0.133404832401
252 1000 25 1.82551830793 0 0.624481743657 0.373353382628 1 3.346703 0.0406486741793 -0.126985983703
252.1 1000 25 1.82556126257 0 0.624459220417 0.373370423967 1 3.346548 0.0789240703633 -0.10735969234
252.2 1000 25 1.82560399196 0 0.624436388259 0.373387604658 1 3.346163 0.108937503152 -0.0765845466264
252.3 1000 25 1.82564633805 0 0.624413198302 0.373404914136 1 3.344215 0.127575445704 -0.0378770672936
252.4 1000 25 1.82568847081 0 0.624389633321 0.373422367312 1 3.343947 0.132911874322 0.00472468430289
252.5 1000 25 1.82573053119 0 0.624365618744 0.373439969261 1 3.342403 0.124407259853 0.0467818992071
252.6 1000 25 1.82577245645 0 0.624341121774 0.373457748089 1 3.345088 0.102963524547 0.0839176991322
252.7 1000 25 1.82581418264 0 0.624316129047 0.373475659612 1 3.343772 0.070828257149 0.11227241094
252.8 1000 25 1.82585568982 0 0.624290608701 0.373493718183 1 3.3454 0.0313591595364 0.128905184406
252.9 1000 25 1.82589719628 0 0.624264502237 0.373511955395 1 3.344792 -0.0113264260182 0.132098422315
253 1000 25 1.82593851348 0 0.624237810524 0.373530359583 1 3.348598 -0.0527811799432 0.121535656629
253.1 1000 25 1.82597973102 0 0.624210525858 0.373548927947 1 3.35288 -0.0886909752461 0.098332552633
253.2 1000 25 1.82602074749 0 0.624182651457 0.373567586265 1 3.348571 -0.115323827438 0.0649196042003
253.3 1000 25 1.8260617961 0 0.624154140405 0.373586429335 1 3.345299 -0.129917768645 0.0247872530081
253.4 1000 25 1.82610270991 0 0.624124966338 0.373605440814 1 3.348058 -0.130967334192 -0.0178783101534
253.5 1000 25 1.82614350775 0 0.624095153438 0.373624635335 1 3.346062 -0.118378867534 -0.0586319924464
253.6 1000 25 1.82618426872 0 0.624064697069 0.37364400982 1 3.344488 -0.093478636378 -0.0932326809195
253.7 1000 25 1.82622481249 0 0.62403359461 0.373663570751 1 3.347766 -0.0588734989551 -0.118084595222
253.8 1000 25 1.82626525609 0 0.624001851183 0.373683313629 1 3.34364 -0.0181777221206 -0.130611124338
253.9 1000 25 1.82630567635 0 0.623969470903 0.373703275483 1 3.350083 0.0243642326993 -0.12952165
254 1000 25 1.82634594607 0 0.623936488215 0.373723407986 1 3.344924 0.0643200548831 -0.114944951224
254.1 1000 25 1.82638612286 0 0.623902911383 0.37374378126 1 3.335144 0.0975318460327 -0.0884139327554
254.2 1000 25 1.82642618296 0 0.623868760162 0.373764338514 1 3.335458 0.120548386273 -0.0527048387545
254.3 1000 25 1.82646610175 0 0.623834060594 0.373785083228 1 3.339393 0.13098387681 -0.0115466180638
254.4 1000 25 1.82650585558 0 0.623798836497 0.373806016008 1 3.339226 0.127765247886 0.0307683073832
254.5 1000 25 1.82654532342 0 0.623763151087 0.373827041239 1 3.350067 0.111242592361 0.069831663339
254.6 1000 25 1.82658462714 0 0.623727076003 0.373848100236 1 3.346765 0.0831509964746 0.101578331779
254.7 1000 25 1.82662376244 0 0.623690583148 0.373869392276 1 3.333704 0.0464287789687 0.122709589792
254.8 1000 25 1.82666254639 0 0.623653733223 0.373890774771 1 3.346913 0.00491005458861 0.131035760105
254.9 1000 25 1.82670125312 0 0.623616570297 0.373912314035 1 3.338196 -0.0370754947463 0.125703007196
255 1000 25 1.82673971173 0 0.623579163292 0.373933865267 1 3.343579 -0.07515406643 0.107281111298
255.1 1000 25 1.82677798678 0 0.623541527558 0.373955571037 1 3.334908 -0.105362990876 0.0777026623178
255.2 1000 25 1.82681587768 0 0.623503702682 0.373977357825 1 3.342846 -0.124563668945 0.0400603094819
255.3 1000 25 1.82685353182 0 0.623465759244 0.373999208528 1 3.330304 -0.13076706037 -0.0017163412717
255.4 1000 25 1.82689065494 0 0.623427689572 0.374021198592 1 3.344948 -0.123340246392 -0.043270987876
255.5 1000 25 1.82692747041 0 0.623389514445 0.374043418423 1 3.33738 -0.103070508631 -0.0802748477509
255.6 1000 25 1.82696393183 0 0.623351330447 0.374065710986 1 3.33189 -0.0720824214722 -0.108877306619
255.7 1000 25 1.8269997333 0 0.623313072602 0.374088289579 1 3.343851 -0.0336150362631 -0.126106836299
255.8 1000 25 1.82703516443 0 0.623274854244 0.37411108961 1 3.334803 0.00831657577171 -0.130179377863
255.9 1000 25 1.82707020863 0 0.623236721128 0.374134026077 1 3.337629 0.0493402490454 -0.120683431638
256 1000 25 1.82710457293 0 0.623198680368 0.374157200241 1 3.344004 0.0851826488608 -0.0986214282388
256.1 1000 25 1.82713830857 0 0.623160730657 0.374180687339 1 3.343619 0.112113977683 -0.0663040821141
256.2 1000 25 1.82717150162 0 0.623122892614 0.374204525711 1 3.337721 0.127336584499 -0.0271082836561
256.3 1000 25 1.82720404988 0 0.623085194341 0.374228725904 1 3.335279 0.129275195254 0.0148753530902
256.4 1000 25 1.82723596132 0 0.623047760152 0.374253076866 1 3.343925 0.11774009836 0.0552694816869
256.5 1000 25 1.8272673818 0 0.623010608083 0.374277622018 1 3.336878 0.0939454600978 0.0898664375843
256.6 1000 25 1.82729796856 0 0.622973712672 0.374302481639 1 3.345985 0.0603819404575 0.115066238022
256.7 1000 25 1.82732794328 0 0.622937102537 0.3743275986 1 3.336916 0.020555805094 0.128251170155
256.8 1000 25 1.82735716858 0 0.622900825646 0.374352942621 1 3.346545 -0.0213771686726 0.128057912576
256.9 1000 25 1.82738575741 0 0.622864935297 0.374378466947 1 3.347002 -0.0610451984865 0.114518172119
257 1000 25 1.82741378571 0 0.622829436581 0.374404167993 1 3.340121 -0.0943161738212 0.0890544386538
257.1 1000 25 1.82744103073 0 0.62279437155 0.374430010567 1 3.343814 -0.117728266738 0.0543306697845
257.2 1000 25 1.8274677591 0 0.622759712093 0.374456023064 1 3.34272 -0.128849668931 0.0139734045397
257.3 1000 25 1.82749377284 0 0.622725487037 0.3744821699 1 3.348706 -0.12653158025 -0.0278065840126
257.4 1000 25 1.82751918607 0 0.6226917148 0.374508470669 1 3.347269 -0.111026472929 -0.0666538314051
257.5 1000 25 1.82754394016 0 0.62265838371 0.374534931613 1 3.344436 -0.0839610242197 -0.098521709979
257.6 1000 25 1.82756797522 0 0.622625512967 0.374561519373 1 3.343787 -0.0481653619375 -0.120094433547
257.7 1000 25 1.8275914377 0 0.622593083215 0.374588263645 1 3.343482 -0.00737722267162 -0.129131554057
257.8 1000 25 1.82761418103 0 0.622561113932 0.374615144064 1 3.349211 0.0341482474577 -0.124700904246
257.9 1000 25 1.8276362772 0 0.622529591989 0.374642150873 1 3.348773 0.0720822604863 -0.107274562129
258 1000 25 1.82765787428 0 0.622498491991 0.374669307666 1 3.339344 0.102473608146 -0.0786785425655
258.1 1000 25 1.8276788944 0 0.622467819681 0.374696593425 1 3.339279 0.122160068337 -0.0419018300601
258.2 1000 25 1.82769922959 0 0.622437570177 0.374724021594 1 3.348654 0.129097500737 -0.00078376444315
258.3 1000 25 1.82771910585 0 0.622407740544 0.374751559979 1 3.341198 0.122571798155 0.0403865821611
258.4 1000 25 1.82773835653 0 0.622378307053 0.374779237084 1 3.347556 0.103272748383 0.0773177655462
258.5 1000 25 1.82775720138 0 0.622349258043 0.374807027679 1 3.341183 0.0732208418756 0.106163070693
258.6 1000 25 1.82777558239 0 0.622320578018 0.374834941121 1 3.343701 0.0355559730484 0.12392125887
258.7 1000 25 1.82779353059 0 0.622292281879 0.37486291194 1 3.340312 -0.00579059554431 0.128748643827
258.8 1000 25 1.82781096643 0 0.622264320706 0.374891004748 1 3.348136 -0.0465065522889 0.120150529853
258.9 1000 25 1.82782812429 0 0.622236673266 0.374919218359 1 3.341242 -0.0823479159289 0.0990318891798
259 1000 25 1.82784494763 0 0.622209328493 0.374947549777 1 3.343189 -0.10958174031 0.0676021002123
259.1 1000 25 1.8278613579 0 0.622182257427 0.374976002962 1 3.346492 -0.125374526619 0.029143856126
259.2 1000 25 1.8278776158 0 0.62215546879 0.375004576699 1 3.342071 -0.128086950189 -0.0123295319231
259.3 1000 25 1.82789365837 0 0.622128933538 0.375033266314 1 3.344595 -0.117444175288 -0.0524930073575
259.4 1000 25 1.82790935223 0 0.622102612167 0.375062064246 1 3.346468 -0.0945635676258 -0.0871606821469
259.5 1000 25 1.82792495919 0 0.622076513836 0.375090990372 1 3.347802 -0.0618372375711 -0.112721839168
259.6 1000 25 1.82794060181 0 0.622050646817 0.375120051196 1 3.344612 -0.0226822434936 -0.126517120902
259.7 1000 25 1.82795620501 0 0.622024973677 0.375149222112 1 3.346546 0.0188162165263 -0.127115047363
259.8 1000 25 1.827971657 0 0.621999456447 0.375178447563 1 3.347642 0.0583310531501 -0.114460564087
259.9 1000 25 1.82798730325 0 0.621974134438 0.375207845764 1 3.347164 0.0917441902517 -0.0898797410683
260 1000 25 1.82800293973 0 0.621948942526 0.375237306761 1 3.34884 0.115575924446 -0.0559412871359
260.1 1000 25 1.82801860144 0 0.621923894222 0.375266864063 1 3.349429 0.127346873458 -0.0161876151225
260.2 1000 25 1.8280346531 0 0.621899015256 0.375296594948 1 3.341943 0.125836089687 0.0252343633737
260.3 1000 25 1.82805082778 0 0.621874203516 0.375326452915 1 3.344832 0.111207700732 0.0640060500691
260.4 1000 25 1.8280673826 0 0.621849537478 0.375356468319 1 3.34032 0.0849927859936 0.0960872885546
260.5 1000 25 1.82808411322 0 0.621824955057 0.375386528932 1 3.352128 0.0499294052746 0.118137221325
260.6 1000 25 1.82810137872 0 0.621800488547 0.375416771362 1 3.341807 0.00967653791601 0.127862004889
260.7 1000 25 1.82811887975 0 0.621776104657 0.37544703032 1 3.348237 -0.0315677535764 0.124253675747
260.8 1000 25 1.82813682712 0 0.621751799136 0.375477426427 1 3.343664 -0.0695039591153 0.107694223583
260.9 1000 25 1.82815539366 0 0.621727623377 0.375507963274 1 3.341728 -0.100179339165 0.0799152667737
261 1000 25 1.82817449391 0 0.621703525902 0.375538596341 1 3.345127 -0.120399688428 0.0438170518965
261.1 1000 25 1.82819408382 0 0.621679486318 0.375569265879 1 3.346544 -0.128061872155 0.00316551945484
261.2 1000 25 1.82821423395 0 0.621655504422 0.375600016662 1 3.347701 -0.122372317013 -0.0378004971714
261.3 1000 25 1.82823511111 0 0.62163162924 0.375630933415 1 3.344171 -0.103929359556 -0.0748110346491
261.4 1000 25 1.8282566738 0 0.621607798942 0.375661941957 1 3.341754 -0.0746602363086 -0.104010284549
261.5 1000 25 1.82827892546 0 0.621584023052 0.375693031546 1 3.34141 -0.0376196326244 -0.12235801736
261.6 1000 25 1.82830184199 0 0.621560281825 0.375724155233 1 3.347377 0.00332912828362 -0.127946169396
261.7 1000 25 1.82832540039 0 0.621536591664 0.375755323262 1 3.347986 0.0439170390685 -0.12019697257
261.8 1000 25 1.82834985481 0 0.621512950405 0.375786658025 1 3.345069 0.079914207226 -0.0999228243905
261.9 1000 25 1.82837509272 0 0.621489337742 0.375818059056 1 3.341276 0.107570830314 -0.0692410649218
262 1000 25 1.82840112929 0 0.621465758717 0.375849526827 1 3.342332 0.12400762625 -0.0313527437019
262.1 1000 25 1.82842797531 0 0.621442194647 0.375881057485 1 3.34109 0.127515521438 0.00979131382073
262.2 1000 25 1.82845555403 0 0.621418606489 0.375912578129 1 3.34471 0.117733343678 0.0499025062599
262.3 1000 25 1.82848402992 0 0.621395052235 0.375944245434 1 3.340743 0.0956846758952 0.0848012374349
262.4 1000 25 1.82851332782 0 0.62137146653 0.375975900691 1 3.343766 0.0636711438234 0.110852651794
262.5 1000 25 1.82854339064 0 0.621347875357 0.376007604547 1 3.347638 0.0250317229066 0.125344903729
262.6 1000 25 1.82857434366 0 0.621324285819 0.376039420393 1 3.341547 -0.0162053247238 0.126771499778
262.7 1000 25 1.82860616443 0 0.621300624717 0.376071294076 1 3.340324 -0.0557423853594 0.114987773884
262.8 1000 25 1.82863882195 0 0.621276916392 0.376103208393 1 3.341644 -0.0894604021404 0.0912255152766
262.9 1000 25 1.82867233305 0 0.621253143281 0.376135106512 1 3.347813 -0.113847966753 0.0579641121348
263 1000 25 1.82870651594 0 0.621229277563 0.37616705873 1 3.342247 -0.126366856819 0.0186718548275
263.1 1000 25 1.8287415796 0 0.621205311148 0.37619903334 1 3.343644 -0.125716112866 -0.022555793173
263.2 1000 25 1.8287773529 0 0.621181298527 0.376231100854 1 3.343884 -0.111967233111 -0.061422935091
263.3 1000 25 1.82881392756 0 0.621157153362 0.376263210524 1 3.338642 -0.0865563160244 -0.0938809348709
263.4 1000 25 1.82885129238 0 0.621132863505 0.376295285174 1 3.34789 -0.0521339275481 -0.116550113321
263.5 1000 25 1.82888937741 0 0.621108446574 0.376327396119 1 3.345031 -0.012288574469 -0.127071524121
263.6 1000 25 1.82892807244 0 0.621083882039 0.376359588568 1 3.339066 0.0288274730058 -0.124352275958
263.7 1000 25 1.82896740939 0 0.621059148758 0.376391741456 1 3.348119 0.0669306564943 -0.108679297171
263.8 1000 25 1.82900734989 0 0.621034214759 0.37642391792 1 3.350646 0.0980525134428 -0.0816885450525
263.9 1000 25 1.82904785849 0 0.621009161676 0.376456090593 1 3.343336 0.11895298296 -0.0461945931548
264 1000 25 1.82908896735 0 0.620983886738 0.376488300775 1 3.338793 0.127457612407 -0.00589690651248
264.1 1000 25 1.8291306478 0 0.620958391886 0.376520471027 1 3.350127 0.122683791616 0.0350057858934
264.2 1000 25 1.82917276967 0 0.620932662886 0.376552670923 1 3.345924 0.105132134243 0.0722528948771
264.3 1000 25 1.82921524281 0 0.620906726914 0.376584873594 1 3.345507 0.0766339963595 0.101965769111
264.4 1000 25 1.8292581693 0 0.620880558912 0.376617145803 1 3.335415 0.0401603471231 0.121051518899
264.5 1000 25 1.82930148029 0 0.620854150129 0.376649425334 1 3.332221 -0.000487884183732 0.127525019796
264.6 1000 25 1.82934508534 0 0.620827492417 0.376681662158 1 3.342329 -0.0410761784274 0.120715293956
264.7 1000 25 1.82938893938 0 0.620800612078 0.376713952921 1 3.339198 -0.077377328625 0.101334791153
264.8 1000 25 1.82943303183 0 0.620773493019 0.376746178994 1 3.336761 -0.105611824732 0.0714050819866
264.9 1000 25 1.8294774083 0 0.620746114054 0.376778370905 1 3.340623 -0.122841311908 0.0340457871251
265 1000 25 1.82952181769 0 0.620718464151 0.376810699299 1 3.333669 -0.127274176119 -0.00685065709041
265.1 1000 25 1.8295664233 0 0.620690530994 0.376842989077 1 3.347002 -0.118452084594 -0.0470245151572
265.2 1000 25 1.82961094138 0 0.620662416665 0.376875339189 1 3.331355 -0.0972968813781 -0.0822924053002
265.3 1000 25 1.82965553043 0 0.620634063793 0.376907649206 1 3.343625 -0.0660147349054 -0.10898300995
265.4 1000 25 1.82970012244 0 0.620605539334 0.376939914934 1 3.357617 -0.0278655240064 -0.12431908797
265.5 1000 25 1.82974465428 0 0.620576852051 0.37697212204 1 3.36213 0.0131765169912 -0.126706605646
265.6 1000 25 1.82978911105 0 0.620548016401 0.377004291401 1 3.356845 0.0528371270495 -0.11590025612
265.7 1000 25 1.82983346405 0 0.62051900054 0.377036448631 1 3.36545 0.0869870763663 -0.0930286484483
265.8 1000 25 1.82987748599 0 0.620489825428 0.377068616927 1 3.364945 0.112072003374 -0.0604760826786
265.9 1000 25 1.82992123313 0 0.620460523046 0.377100826769 1 3.359577 0.125482397518 -0.0216344804924
266 1000 25 1.82996430304 0 0.620431250997 0.377133080345 1 3.359322 0.125824985469 0.019450537688
266.1 1000 25 1.83000737208 0 0.620401748941 0.377165464432 1 3.357568 0.11306734404 0.0585007797613
266.2 1000 25 1.83005013762 0 0.620372206605 0.377197803551 1 3.36845 0.0885412027491 0.0914511517612
266.3 1000 25 1.83009222476 0 0.620342623382 0.377230222755 1 3.370565 0.054803013365 0.114872737923
266.4 1000 25 1.83013410433 0 0.620313058094 0.377262690132 1 3.365048 0.0153676865158 0.12632960968
266.5 1000 25 1.83017524028 0 0.620283686768 0.377295067595 1 3.357634 -0.0256578765348 0.124632271477
266.6 1000 25 1.83021613262 0 0.620254298516 0.377327532282 1 3.35535 -0.0640022793665 0.109960800545
266.7 1000 25 1.83025654194 0 0.620225006009 0.377360040201 1 3.347396 -0.0956744765986 0.0838460564249
266.8 1000 25 1.8302964654 0 0.62019587742 0.377392520865 1 3.364044 -0.11737927688 0.0490097014521
266.9 1000 25 1.83033589714 0 0.620166940013 0.377425020567 1 3.365086 -0.126859825028 0.00908045307497
267 1000 25 1.83037473962 0 0.620138220429 0.377457539144 1 3.373723 -0.123132578389 -0.0317837554942
267.1 1000 25 1.83041299924 0 0.620109757786 0.377490095393 1 3.362651 -0.106589275187 -0.0693289668207
267.2 1000 25 1.83045066767 0 0.620081590373 0.3775226417 1 3.372765 -0.0789554292745 -0.0996479307272
267.3 1000 25 1.83048759188 0 0.620053831155 0.377555143179 1 3.357911 -0.04311059927 -0.119586737536
267.4 1000 25 1.83052415031 0 0.620026310076 0.377587739373 1 3.357515 -0.00278815174123 -0.127072879084
267.5 1000 25 1.8305601481 0 0.619999125992 0.377620388188 1 3.352774 0.0378135757753 -0.121330739323
267.6 1000 25 1.83059556809 0 0.619972330276 0.37765307687 1 3.358685 0.0744684807585 -0.102961935718
267.7 1000 25 1.83063042858 0 0.619945935775 0.377685798717 1 3.354141 0.103362511741 -0.0738818377346
267.8 1000 25 1.83066466556 0 0.619919980637 0.377718529793 1 3.365416 0.121490561318 -0.0371204720124
267.9 1000 25 1.83069846398 0 0.619894447312 0.37775130792 1 3.36704 0.126969287248 0.00349379249566
268 1000 25 1.83073142361 0 0.619869531067 0.37778400784 1 3.366549 0.119232217831 0.043732828578
268.1 1000 25 1.83076414801 0 0.619844903884 0.377816898656 1 3.358333 0.0990884869103 0.0794087388538
268.2 1000 25 1.83079639556 0 0.61982073698 0.377849840242 1 3.353603 0.0686384645164 0.10680998715
268.3 1000 25 1.83082817812 0 0.619797033269 0.377882836378 1 3.349591 0.0310543805568 0.12308742262
268.4 1000 25 1.83085941777 0 0.61977379609 0.377915849763 1 3.361244 -0.00975010623476 0.126550595582
268.5 1000 25 1.8308903501 0 0.619751068034 0.377948875801 1 3.361056 -0.049527413873 0.116843056075
268.6 1000 25 1.83092059148 0 0.61972894047 0.377981872966 1 3.361771 -0.0841384435633 0.0949794221369
268.7 1000 25 1.83095075465 0 0.619707088156 0.378015073033 1 3.362726 -0.109982904285 0.0632387853305
268.8 1000 25 1.83098059686 0 0.619685657217 0.378048364841 1 3.369252 -0.124374219385 0.0249275571255
268.9 1000 25 1.83100997603 0 0.619664648801 0.378081687737 1 3.368736 -0.125818589768 -0.0159652991568
269 1000 25 1.83103926174 0 0.619644021866 0.378115159118 1 3.361545 -0.114170059923 -0.0551834064961
269.1 1000 25 1.83106835577 0 0.619623767293 0.378148731116 1 3.358876 -0.090645279866 -0.0886463175601
269.2 1000 25 1.83109713733 0 0.619603842547 0.378182399556 1 3.360849 -0.0576963787391 -0.112874048361
269.3 1000 25 1.83112574997 0 0.619584236303 0.378216194045 1 3.362874 -0.0187551721765 -0.125348587363
269.4 1000 25 1.83115448413 0 0.619564927056 0.378250100187 1 3.365655 0.0221241620032 -0.124776095003
269.5 1000 25 1.83118304522 0 0.619545877946 0.378284169861 1 3.368497 0.0606871282317 -0.111220769265
269.6 1000 25 1.83121157564 0 0.619527144165 0.378318312151 1 3.366501 0.0929220419914 -0.0860978613524
269.7 1000 25 1.83124007857 0 0.619508643404 0.378352558361 1 3.359252 0.115477086268 -0.0520257085906
269.8 1000 25 1.83126886578 0 0.619490192757 0.378387023362 1 3.364399 0.126008902991 -0.0125528707307
269.9 1000 25 1.83129767603 0 0.619471841649 0.378421674484 1 3.366375 0.123426319249 0.0282113823091
270 1000 25 1.83132660851 0 0.619453591995 0.378456425606 1 3.362975 0.108002935644 0.0660251980595
270.1 1000 25 1.83135587596 0 0.619435389412 0.378491383184 1 3.3541 0.0813484950433 0.0969551903975
270.2 1000 25 1.8313850272 0 0.619417205676 0.378526451991 1 3.364025 0.046240773864 0.117785935377
270.3 1000 25 1.8314144735 0 0.619398986979 0.378561678068 1 3.360176 0.0063359062355 0.126354025888
270.4 1000 25 1.83144452865 0 0.619380687635 0.37859720373 1 3.36939 -0.0342122712711 0.121773068459
270.5 1000 25 1.83147470708 0 0.619362328101 0.378632876192 1 3.367255 -0.0711848886488 0.104524906027
270.6 1000 25 1.83150533331 0 0.619344000507 0.378668629434 1 3.363057 -0.100736542034 0.076409329754
270.7 1000 25 1.83153663734 0 0.619325396459 0.378704653866 1 3.363978 -0.119795696258 0.0403560280405
270.8 1000 25 1.83156840281 0 0.619306593825 0.378740883416 1 3.355677 -0.126383891911 0.000119423551613
270.9 1000 25 1.83160065542 0 0.619287589467 0.378777286175 1 3.351923 -0.119821032839 -0.040112467769
271 1000 25 1.83163321252 0 0.619268378327 0.378813807667 1 3.366264 -0.100795715042 -0.0761540028793
271.1 1000 25 1.83166629144 0 0.619248893724 0.378850536397 1 3.365367 -0.0712926416563 -0.104257255842
271.2 1000 25 1.83170013214 0 0.619229184681 0.378887456103 1 3.364738 -0.0343859081754 -0.121501967049
271.3 1000 25 1.83173455881 0 0.619209170842 0.378924589147 1 3.362713 0.00608143656162 -0.126098913594
271.4 1000 25 1.83176961422 0 0.619188859638 0.378961879742 1 3.369193 0.0458976752694 -0.117575815504
271.5 1000 25 1.83180523796 0 0.619168262034 0.378999352534 1 3.356937 0.0809208465706 -0.0968250623172
271.6 1000 25 1.83184124507 0 0.619147350839 0.379036895511 1 3.371018 0.1075095322 -0.0660113278907
271.7 1000 25 1.8318780978 0 0.619126146733 0.379074719445 1 3.355981 0.122901430133 -0.0283451254548
271.8 1000 25 1.83191536854 0 0.619104620883 0.379112657224 1 3.365453 0.125500838136 0.0122517395818
271.9 1000 25 1.8319530127 0 0.619083089846 0.379150576911 1 3.355856 0.115043312759 0.0515544205793
272 1000 25 1.83199172902 0 0.619061008423 0.379188859391 1 3.35542 0.0926230704965 0.085474644044
272.1 1000 25 1.83203107908 0 0.619038635784 0.37922729439 1 3.336497 0.0605786337794 0.110486222229
272.2 1000 25 1.83207073282 0 0.619016027544 0.379265766041 1 3.368261 0.0222484907553 0.123991582315
272.3 1000 25 1.83211116646 0 0.618993186563 0.379304357324 1 3.367093 -0.0183765296144 0.124591546159
272.4 1000 25 1.83215222706 0 0.618970129235 0.379343167827 1 3.364619 -0.057068919692 0.112230224784
272.5 1000 25 1.83219385113 0 0.618946900435 0.379382129136 1 3.368739 -0.0898044628463 0.0882005865721
272.6 1000 25 1.8322359907 0 0.618923579352 0.37942113586 1 3.361711 -0.113180693808 0.0550082160602
272.7 1000 25 1.83227862705 0 0.618900143666 0.379460236453 1 3.360746 -0.124770620983 0.0161111481012
272.8 1000 25 1.83232190749 0 0.618876528778 0.379499494926 1 3.363946 -0.123374724792 -0.0244410077344
272.9 1000 25 1.83236546218 0 0.618852818153 0.379538817138 1 3.365804 -0.109145247386 -0.0624286061098
273 1000 25 1.83240931451 0 0.618829080903 0.379578280274 1 3.367353 -0.0835695334818 -0.093901101967
273.1 1000 25 1.83245394183 0 0.618805334245 0.379617823568 1 3.365984 -0.0493143473116 -0.115587804943
273.2 1000 25 1.83249859813 0 0.618781617612 0.379657389563 1 3.370361 -0.00994821971313 -0.125238033603
273.3 1000 25 1.83254380641 0 0.618757921191 0.379697074091 1 3.366041 0.0304304391695 -0.121854502637
273.4 1000 25 1.83258945963 0 0.618734339339 0.379736830797 1 3.357676 0.0676206075106 -0.105796592723
273.5 1000 25 1.83263532453 0 0.618710860397 0.379776641561 1 3.364366 0.0977549049876 -0.0787421169254
273.6 1000 25 1.83268152742 0 0.618687555145 0.379816470644 1 3.364919 0.117702643295 -0.0435117217935
273.7 1000 25 1.8327278412 0 0.618664435484 0.379856316879 1 3.353637 0.125393991381 -0.003775284052
273.8 1000 25 1.83277448564 0 0.618641487512 0.379896133605 1 3.365727 0.120036181263 0.0363305934578
273.9 1000 25 1.83282087231 0 0.618618764779 0.379935969412 1 3.372156 0.102194044728 0.0726332554453
274 1000 25 1.83286739058 0 0.618596350253 0.379975796861 1 3.419054 0.0737311442278 0.101358144696
274.1 1000 25 1.83291403976 0 0.618574095078 0.380015706726 1 3.351948 0.0376149501649 0.119521299766
274.2 1000 25 1.83296068131 0 0.61855208705 0.380055586989 1 3.355987 -0.00239256671907 0.12523941778
274.3 1000 25 1.83300725971 0 0.618530351249 0.380095419157 1 3.363529 -0.0421268959979 0.117925199924
274.4 1000 25 1.83305368208 0 0.618508900875 0.380135192447 1 3.36792 -0.0774542463695 0.098347204208
274.5 1000 25 1.83309994789 0 0.618487690336 0.380174943489 1 3.361578 -0.104701943084 0.0685498656039
274.6 1000 25 1.83314590844 0 0.618466695846 0.380214620964 1 3.366604 -0.121040046622 0.0316395242895
274.7 1000 25 1.833191711 0 0.618445994599 0.380254284903 1 3.360338 -0.124775716435 -0.00853937981558
274.8 1000 25 1.83323729768 0 0.618425453694 0.380293949899 1 3.357645 -0.115527935825 -0.0478046560827
274.9 1000 25 1.83328230049 0 0.618405108172 0.380333503332 1 3.371673 -0.0942670733999 -0.0820717909681
275 1000 25 1.83332721464 0 0.618384915581 0.380373051673 1 3.337505 -0.0632124002148 -0.107778644336
275.1 1000 25 1.83337173695 0 0.61836487543 0.38041245088 1 3.371641 -0.025601083113 -0.122256143202
275.2 1000 25 1.83341586673 0 0.618344943256 0.380451799664 1 3.372064 0.01464944454 -0.124005077543
275.3 1000 25 1.83345935372 0 0.618325101377 0.380491072306 1 3.368834 0.0533499971767 -0.112851778225
275.4 1000 25 1.83350243838 0 0.618305323714 0.380530297317 1 3.36599 0.0864749140381 -0.0899646924937
275.5 1000 25 1.83354490911 0 0.618285577691 0.380569456128 1 3.366816 0.110581502508 -0.0577326996865
275.6 1000 25 1.83358686286 0 0.618265771037 0.380608525535 1 3.363531 0.123167430101 -0.0195153119796
275.7 1000 25 1.83362840951 0 0.618245751207 0.380647598348 1 3.35894 0.122930632446 0.0207072996702
275.8 1000 25 1.83366930688 0 0.618225578781 0.380686497978 1 3.367544 0.109904206703 0.0587487820173
275.9 1000 25 1.83370989477 0 0.618205198133 0.380725306244 1 3.365831 0.0854518832676 0.0906527645063
276 1000 25 1.83374982654 0 0.618184569824 0.380764034872 1 3.373522 0.0521253229502 0.113103697629
276.1 1000 25 1.8337890971 0 0.618163626532 0.380802573286 1 3.3704 0.0133977943119 0.123771880464
276.2 1000 25 1.83382750672 0 0.61814236308 0.380841109972 1 3.364624 -0.0266974472826 0.121555217389
276.3 1000 25 1.83386541594 0 0.618120628659 0.380879567144 1 3.362536 -0.0639877344115 0.10669294414
276.4 1000 25 1.83390274922 0 0.618098393646 0.380917910432 1 3.371741 -0.0945951109301 0.0807401644327
276.5 1000 25 1.83393937967 0 0.61807564642 0.380956151976 1 3.363739 -0.115339197534 0.0464043695873
276.6 1000 25 1.83397524564 0 0.618052320817 0.380994185479 1 3.372544 -0.124068286077 0.00726411449367
276.7 1000 25 1.83401060075 0 0.618028386805 0.381032140867 1 3.371526 -0.119882604633 -0.0326047711919
276.8 1000 25 1.83404546662 0 0.618003791703 0.381069926105 1 3.368285 -0.103226323726 -0.0690535308257
276.9 1000 25 1.83407928424 0 0.617978684589 0.381107484839 1 3.36729 -0.0758412437655 -0.0982917497772
277 1000 25 1.83411290442 0 0.617952640825 0.381145052509 1 3.361511 -0.0405842509949 -0.117282132376
277.1 1000 25 1.83414597197 0 0.617925822402 0.381182476934 1 3.3618 -0.00112952468499 -0.124055878235
277.2 1000 25 1.83417865709 0 0.617898191459 0.38121972481 1 3.378401 0.0384145574933 -0.11791694089
277.3 1000 25 1.83421074455 0 0.617869730415 0.381256839926 1 3.376387 0.0739332686077 -0.0995129732978
277.4 1000 25 1.83424215176 0 0.617840413037 0.381293803847 1 3.371546 0.101733357306 -0.070767676975
277.5 1000 25 1.83427295856 0 0.61781035425 0.381330553332 1 3.367236 0.118927714629 -0.0346796792829
277.6 1000 25 1.8343035574 0 0.617779303716 0.381367239321 1 3.365688 0.123734555375 0.00499052437869
277.7 1000 25 1.83433379535 0 0.617747340468 0.381403774865 1 3.343067 0.115662595736 0.0441122919756
277.8 1000 25 1.83436367287 0 0.617714516033 0.381440147826 1 3.367095 0.0955612349654 0.078614964538
277.9 1000 25 1.83439324265 0 0.617680813326 0.381476392634 1 3.369176 0.0655310457091 0.10491143892
278 1000 25 1.83442234701 0 0.617646250039 0.381512447503 1 3.367276 0.0287043313559 0.120271312096
278.1 1000 25 1.83445149215 0 0.617610841099 0.381548369468 1 3.367034 -0.0110815909999 0.123104336274
278.2 1000 25 1.83448017969 0 0.61757471127 0.38158410769 1 3.365839 -0.0496843488947 0.113124935544
278.3 1000 25 1.83450891999 0 0.617537686876 0.381619771506 1 3.362669 -0.0830874592482 0.0913810357603
278.4 1000 25 1.83453752814 0 0.617499944838 0.381655149385 1 3.372438 -0.107818703079 0.0601441833914
278.5 1000 25 1.83456610291 0 0.617461494601 0.381690408174 1 3.371887 -0.121310696395 0.0226724393207
278.6 1000 25 1.83459452262 0 0.617422482257 0.381725489991 1 3.367227 -0.122167748735 -0.0171297528558
278.7 1000 25 1.83462315275 0 0.617382746014 0.38176053154 1 3.361579 -0.110310234155 -0.055118319177
278.8 1000 25 1.83465174894 0 0.61734243801 0.381795434524 1 3.372804 -0.08698209607 -0.0873411052282
278.9 1000 25 1.8346806701 0 0.617301662838 0.381830170073 1 3.367873 -0.0546195771479 -0.110448833627
279 1000 25 1.83470958716 0 0.617260450587 0.381864791253 1 3.36972 -0.0165982064289 -0.122043355948
279.1 1000 25 1.83473884667 0 0.61721884728 0.3818993668 1 3.363821 0.0231204427819 -0.120926935985
279.2 1000 25 1.83476841632 0 0.617177007649 0.381933715474 1 3.361706 0.0604012409254 -0.107225474351
279.3 1000 25 1.83479839633 0 0.617134936669 0.38196788631 1 3.364738 0.0913656017351 -0.0823748547066
279.4 1000 25 1.83482877295 0 0.61709267717 0.38200198738 1 3.359054 0.112795493298 -0.0489704032901
279.5 1000 25 1.83485939948 0 0.617050283037 0.382036058385 1 3.369286 0.122467857635 -0.0104958760909
279.6 1000 25 1.83489068869 0 0.617007880072 0.38207003329 1 3.37715 0.119385033995 0.0290400551363
279.7 1000 25 1.83492246785 0 0.616965527567 0.382103917641 1 3.370392 0.103877975112 0.0655211765832
279.8 1000 25 1.83495489955 0 0.616923309016 0.382137636948 1 3.367599 0.077570450758 0.0951524473636
279.9 1000 25 1.83498781434 0 0.616881375046 0.382171210613 1 3.366006 0.0432096387327 0.1148545339
280 1000 25 1.83502153683 0 0.616839619486 0.382204748048 1 3.365444 0.00437886328745 0.122584279574
280.1 1000 25 1.83505594284 0 0.61679817447 0.382238202964 1 3.365054 -0.0348759342062 0.117546488203
280.2 1000 25 1.83509101492 0 0.616757110777 0.382271605959 1 3.365817 -0.0704677304427 0.100275836148
280.3 1000 25 1.83512671457 0 0.616716484186 0.38230490684 1 3.365376 -0.0986941266129 0.0725799896236
280.4 1000 25 1.83516322543 0 0.616676333573 0.382338155377 1 3.366648 -0.116622079915 0.0373504830716
280.5 1000 25 1.83520066634 0 0.61663670987 0.382371337873 1 3.359016 -0.122393399393 -0.00173867648074
280.6 1000 25 1.83523893341 0 0.616597648495 0.382404431475 1 3.33657 -0.115416698437 -0.0406145923033
280.7 1000 25 1.83527779836 0 0.616559228004 0.382437367259 1 3.363266 -0.0964285017673 -0.0752297115272
280.8 1000 25 1.83531774204 0 0.61652146885 0.382470279346 1 3.358981 -0.067415589957 -0.101983039677
280.9 1000 25 1.83535854158 0 0.616484337124 0.382503119071 1 3.33987 -0.031406738653 -0.11809511472
281 1000 25 1.83540037395 0 0.616447921398 0.382535801331 1 3.367584 0.00784305986896 -0.121896753215
281.1 1000 25 1.8354429314 0 0.616412199158 0.382568456187 1 3.366323 0.0462437661196 -0.113001537852
281.2 1000 25 1.83548625298 0 0.616377173799 0.382601047264 1 3.371644 0.0797971701419 -0.0923459832315
281.3 1000 25 1.83553047499 0 0.616342919705 0.382633423473 1 3.366691 0.105013005316 -0.0620900736515
281.4 1000 25 1.83557527826 0 0.616309261986 0.382665927204 1 3.366553 0.119271890429 -0.0253929785659
281.5 1000 25 1.83562133849 0 0.616276320453 0.382698277898 1 3.366011 0.121097318117 0.0139191331503
281.6 1000 25 1.83566826906 0 0.616244011445 0.382730571987 1 3.358024 0.110308834445 0.0517498046416
281.7 1000 25 1.83571577566 0 0.616212326421 0.382762788326 1 3.365594 0.0880399357728 0.0841600114781
281.8 1000 25 1.83576411573 0 0.616181273818 0.382794877589 1 3.368488 0.0566185549297 0.107778387318
281.9 1000 25 1.83581312804 0 0.616150758819 0.382826861619 1 3.368373 0.0193248487103 0.120151498538
282 1000 25 1.83586320809 0 0.616120762179 0.382858764753 1 3.365794 -0.0199525829524 0.11999935582
282.1 1000 25 1.83591405699 0 0.616091264684 0.38289059497 1 3.356077 -0.0571205842953 0.107346971295
282.2 1000 25 1.83596561299 0 0.616062181777 0.38292232213 1 3.362399 -0.0883092043857 0.0835218445484
282.3 1000 25 1.83601751363 0 0.616033461412 0.382953905078 1 3.367919 -0.110273958994 0.0510141027485
282.4 1000 25 1.83607035917 0 0.616005013994 0.382985468753 1 3.362653 -0.120733616296 0.013216765087
282.5 1000 25 1.83612385397 0 0.615976811874 0.383016899911 1 3.359863 -0.118606864966 -0.0259287953101
282.6 1000 25 1.83617794651 0 0.615948829698 0.383048120274 1 3.369154 -0.104124370964 -0.0623435553697
282.7 1000 25 1.83623215331 0 0.615920908797 0.383079318359 1 3.368595 -0.0788041501139 -0.0922352914424
282.8 1000 25 1.83628702255 0 0.615893011086 0.383110428837 1 3.368151 -0.0452917861532 -0.112494893238
282.9 1000 25 1.8363422778 0 0.615865206139 0.383141324307 1 3.365041 -0.00708464327451 -0.121018097583
283 1000 25 1.8363980871 0 0.615837215892 0.38317215618 1 3.365472 0.0318331446546 -0.116925058551
283.1 1000 25 1.83645422098 0 0.615809022667 0.383202914055 1 3.347163 0.0674060168929 -0.100651047152
283.2 1000 25 1.83651032188 0 0.615780560503 0.383233627483 1 3.364122 0.0959297825161 -0.0739003314706
283.3 1000 25 1.83656659265 0 0.615751818182 0.383264122352 1 3.360145 0.114436932378 -0.039467086425
283.4 1000 25 1.83662335408 0 0.61572273234 0.383294445049 1 3.369418 0.121005852534 -0.000944407912564
283.5 1000 25 1.83668026675 0 0.61569319018 0.383324679539 1 3.346463 0.114959748427 0.0376505135762
283.6 1000 25 1.83673695359 0 0.61566318712 0.383354660177 1 3.348915 0.0969370265637 0.0722958029464
283.7 1000 25 1.83679387978 0 0.615632646276 0.383384544651 1 3.334187 0.0688233599347 0.0993837432833
283.8 1000 25 1.8368505664 0 0.615601536652 0.383414211149 1 3.344644 0.0335549597369 0.116096176021
283.9 1000 25 1.83690707708 0 0.615569759847 0.38344375719 1 3.344089 -0.00518818985902 0.120697991166
284 1000 25 1.83696371416 0 0.615537318459 0.38347320296 1 3.334376 -0.0433663437029 0.112716854101
284.1 1000 25 1.83702001973 0 0.615504140725 0.383502496115 1 3.347301 -0.077000992702 0.0929923397019
284.2 1000 25 1.83707581259 0 0.615470463194 0.38353141646 1 3.333758 -0.102589469756 0.0635871446209
284.3 1000 25 1.8371313606 0 0.615435994836 0.383560214519 1 3.339984 -0.117469593072 0.0275714692725
284.4 1000 25 1.83718681856 0 0.615400538083 0.383589078567 1 3.334945 -0.120096585778 -0.0112971244404
284.5 1000 25 1.83724185727 0 0.615364286767 0.383617768828 1 3.341315 -0.110203668092 -0.0489659783862
284.6 1000 25 1.83729642298 0 0.615327238192 0.38364632053 1 3.341715 -0.0888289049902 -0.0815095866572
284.7 1000 25 1.83735040943 0 0.615289421092 0.38367469827 1 3.351938 -0.05820641513 -0.105538857357
284.8 1000 25 1.83740378163 0 0.615250790524 0.38370296612 1 3.346129 -0.0215329500895 -0.118553850333
284.9 1000 25 1.83745657805 0 0.615211379407 0.383731104871 1 3.343984 0.0173658653306 -0.119203784829
285 1000 25 1.83750862659 0 0.615171168662 0.38375921882 1 3.349718 0.0544344403438 -0.107427462579
285.1 1000 25 1.83756026526 0 0.615130289627 0.383787087246 1 3.34944 0.0858101137223 -0.0844581967566
285.2 1000 25 1.83761123266 0 0.61508880398 0.383814718848 1 3.344667 0.108225090001 -0.0526957975911
285.3 1000 25 1.83766143072 0 0.61504669615 0.383842186208 1 3.339616 0.119347334635 -0.0154553176265
285.4 1000 25 1.83771108967 0 0.615003868076 0.383869598162 1 3.339451 0.118022785979 0.0233788829812
285.5 1000 25 1.83775998682 0 0.614960447418 0.38389691025 1 3.33494 0.104395324726 0.0597581161014
285.6 1000 25 1.83780787902 0 0.614916449556 0.383924235844 1 3.345029 0.0798911121855 0.0898915350101
285.7 1000 25 1.83785492533 0 0.614871957368 0.383951485681 1 3.341157 0.0470691512058 0.110640946641
285.8 1000 25 1.83790119835 0 0.61482709549 0.383978546528 1 3.342078 0.00935417852145 0.119847412948
285.9 1000 25 1.83794669185 0 0.614781871535 0.384005542492 1 3.343625 -0.0293204476287 0.116556350819
286 1000 25 1.83799137982 0 0.614736359592 0.38403233107 1 3.344596 -0.0649230193753 0.101115776029
286.1 1000 25 1.83803538813 0 0.614690658656 0.384059015228 1 3.338847 -0.0937434797247 0.0751400279502
286.2 1000 25 1.83807862582 0 0.614644735059 0.384085708012 1 3.339037 -0.112780361337 0.0413409984927
286.3 1000 25 1.83812099233 0 0.614598711045 0.384112326584 1 3.312854 -0.120053047179 0.00324477764194
286.4 1000 25 1.83816268942 0 0.614552749251 0.384138687744 1 3.341576 -0.114807613156 -0.0351760643218
286.5 1000 25 1.83820330033 0 0.614506768787 0.384165035602 1 3.341344 -0.0975958161493 -0.06991622065
286.6 1000 25 1.83824311927 0 0.614460904149 0.38419126313 1 3.344882 -0.0702158009676 -0.0973559217073
286.7 1000 25 1.83828189602 0 0.614415180507 0.384217533236 1 3.342334 -0.0355253899763 -0.114637638693
286.8 1000 25 1.83832012528 0 0.614369712077 0.38424364094 1 3.337196 0.00285736275939 -0.119963320969
286.9 1000 25 1.83835758366 0 0.614324508391 0.384269675611 1 3.33615 0.0409302573806 -0.112781781388
287 1000 25 1.83839427945 0 0.614279632581 0.384295629584 1 3.339114 0.0747248740246 -0.0938456404443
287.1 1000 25 1.83843016885 0 0.614235153163 0.384321495638 1 3.341214 0.100720163192 -0.0651323409565
287.2 1000 25 1.83846537444 0 0.614191097892 0.384347299918 1 3.336132 0.11620860986 -0.0296376543114
287.3 1000 25 1.83849970065 0 0.614147524598 0.384373050903 1 3.344631 0.119579185635 0.00893661530562
287.4 1000 25 1.83853353367 0 0.614104481145 0.384398705195 1 3.316722 0.110483787743 0.0465690492564
287.5 1000 25 1.83856691447 0 0.614062047044 0.384424167176 1 3.342777 0.0898739631465 0.0793374081884
287.6 1000 25 1.83859956924 0 0.614020187525 0.384449616242 1 3.340063 0.0599011007375 0.103827524235
287.7 1000 25 1.83863164335 0 0.613978966514 0.384474987131 1 3.340496 0.0236917146054 0.117488983503
287.8 1000 25 1.83866319852 0 0.613938362346 0.384500311944 1 3.335916 -0.0149786351989 0.118900650482
287.9 1000 25 1.83869414243 0 0.613898412678 0.384525586777 1 3.34136 -0.0520788733533 0.107918625547
288 1000 25 1.83872470915 0 0.613859141253 0.38455081904 1 3.314467 -0.0837425527338 0.0856902711809
288.1 1000 25 1.83875467361 0 0.613820552565 0.384576024507 1 3.343905 -0.106670919856 0.0545351800598
288.2 1000 25 1.83878450214 0 0.613782718517 0.384601068648 1 3.343821 -0.118476401528 0.0177020870355
288.3 1000 25 1.83881393413 0 0.613745572855 0.384626060409 1 3.341495 -0.117930698305 -0.0209686878914
288.4 1000 25 1.83884308994 0 0.61370919217 0.38465091678 1 3.33843 -0.10509346611 -0.057446545136
288.5 1000 25 1.83887207133 0 0.613673492281 0.384675654642 1 3.338911 -0.0813051316021 -0.0879301620684
288.6 1000 25 1.83890086467 0 0.613638442704 0.38470035122 1 3.346379 -0.0490470859315 -0.109243747643
288.7 1000 25 1.83892944458 0 0.613604054144 0.384725019795 1 3.343894 -0.0116828108835 -0.119168101371
288.8 1000 25 1.83895794775 0 0.613570309026 0.384749663017 1 3.342189 0.0268929097116 -0.116670963168
288.9 1000 25 1.83898660641 0 0.613537197036 0.384774123122 1 3.338082 0.0626596165624 -0.102014407905
289 1000 25 1.83901489404 0 0.613504665812 0.384798576578 1 3.344442 0.0918905838125 -0.0767286816953
289.1 1000 25 1.8390431547 0 0.61347277053 0.384822884998 1 3.338124 0.111540592764 -0.0434501805635
289.2 1000 25 1.839071671 0 0.613441323961 0.384847126977 1 3.338367 0.11956353272 -0.0056482557858
289.3 1000 25 1.8391002555 0 0.613410355158 0.384871325909 1 3.337829 0.115125275344 0.0327370738063
289.4 1000 25 1.83912890185 0 0.613379812016 0.384895505346 1 3.340439 0.0986902602109 0.0677056262899
289.5 1000 25 1.83915754723 0 0.613349699804 0.384919581789 1 3.339186 0.0719729304764 0.0956143429005
289.6 1000 25 1.83918662242 0 0.613319960478 0.38494358825 1 3.338864 0.0377586073169 0.113555876362
289.7 1000 25 1.83921592824 0 0.613290503841 0.384967643409 1 3.338776 -0.000386416519104 0.119662123014
289.8 1000 25 1.83924538249 0 0.613261328329 0.384991655882 1 3.339458 -0.0384868919636 0.113298410143
289.9 1000 25 1.83927521859 0 0.613232411907 0.385015600519 1 3.33175 -0.0725729848783 0.0951294134716
290 1000 25 1.83930509983 0 0.61320370612 0.385039546309 1 3.339402 -0.0990935264562 0.0670498726866
290.1 1000 25 1.83933559253 0 0.613175197113 0.385063367624 1 3.339803 -0.115286121882 0.0319863547049
290.2 1000 25 1.8393663878 0 0.613146818578 0.385087148089 1 3.33957 -0.119464908104 -0.00640679942811
290.3 1000 25 1.83939759542 0 0.613118502627 0.385110937579 1 3.340629 -0.111195753734 -0.0441290902276
290.4 1000 25 1.83942904075 0 0.613090252568 0.385134698516 1 3.340801 -0.091341633086 -0.077250339619
290.5 1000 25 1.83946093527 0 0.613062051924 0.385158376341 1 3.340196 -0.0619721233532 -0.102320421696
290.6 1000 25 1.83949324243 0 0.613033882413 0.385181969721 1 3.343093 -0.026147957155 -0.116728174744
290.7 1000 25 1.83952564722 0 0.613005886303 0.385205374256 1 3.336612 0.0123980265106 -0.118973680049
290.8 1000 25 1.83955852988 0 0.612977821253 0.385228745602 1 3.339919 0.0496499726672 -0.108823941384
290.9 1000 25 1.83959201595 0 0.612949595558 0.385252137224 1 3.34206 0.0817271487932 -0.0873373544813
291 1000 25 1.83962589814 0 0.612921272467 0.385275492427 1 3.313835 0.105288328567 -0.0567532490928
291.1 1000 25 1.8396600523 0 0.612892886291 0.385298772603 1 3.345549 0.117879807413 -0.0202584214262
291.2 1000 25 1.83969462732 0 0.612864448675 0.385322030261 1 3.341133 0.118190844021 0.0183451639843
291.3 1000 25 1.83972950295 0 0.612835916774 0.385345205379 1 3.344322 0.106189729565 0.0550360398805
291.4 1000 25 1.83976471647 0 0.612807309958 0.385368308894 1 3.345352 0.0831274660826 0.0859925478096
291.5 1000 25 1.83980016985 0 0.612778753217 0.38539119608 1 3.339525 0.0514069839629 0.107990431283
291.6 1000 25 1.83983615725 0 0.612749999744 0.385414085938 1 3.337694 0.0143327997999 0.118738921888
291.7 1000 25 1.83987246942 0 0.612721143677 0.385436922483 1 3.332888 -0.0242331777453 0.117119188327
291.8 1000 25 1.83990896502 0 0.612692202784 0.385459685874 1 3.342109 -0.0602739740695 0.103300625071
291.9 1000 25 1.83994567848 0 0.612663213951 0.385482385381 1 3.341529 -0.0900360675474 0.0787232544206
292 1000 25 1.83998253464 0 0.612634203872 0.385504993492 1 3.347471 -0.110420255634 0.0459473062748
292.1 1000 25 1.84001976171 0 0.612605148408 0.385527470574 1 3.341846 -0.119303788973 0.00838657879272
292.2 1000 25 1.8400569655 0 0.612576213885 0.385549743152 1 3.336853 -0.115762225737 -0.0300468985233
292.3 1000 25 1.84009455357 0 0.612547161337 0.385572006857 1 3.340937 -0.100164867946 -0.0653505582577
292.4 1000 25 1.84013228785 0 0.612518105084 0.385594200543 1 3.337351 -0.0741366194623 -0.0938480666288
292.5 1000 25 1.84016982914 0 0.612489131913 0.38561632654 1 3.342755 -0.0403884841075 -0.112572361459
292.6 1000 25 1.8402077033 0 0.612460172686 0.385638314246 1 3.333073 -0.00243494312133 -0.119573681274
292.7 1000 25 1.8402454307 0 0.612431297524 0.385660232541 1 3.336143 0.0357716490675 -0.11412373094
292.8 1000 25 1.84028336181 0 0.612402523028 0.385681987641 1 3.341647 0.070252906519 -0.0967905050736
292.9 1000 25 1.84032121909 0 0.612373858967 0.385703662773 1 3.331163 0.0974187202936 -0.0693793669466
293 1000 25 1.8403587793 0 0.612345363057 0.385725243255 1 3.34253 0.114440998929 -0.0347448092209
293.1 1000 25 1.84039638082 0 0.612317009125 0.385746681457 1 3.342123 0.119547718187 0.00350672571123
293.2 1000 25 1.84043399582 0 0.612288814739 0.385768014607 1 3.333575 0.112207830919 0.0413925673701
293.3 1000 25 1.84047132202 0 0.612260825044 0.385789210093 1 3.342198 0.0931861284423 0.0749683607731
293.4 1000 25 1.84050845224 0 0.612233145535 0.385810202023 1 3.340403 0.0644635442782 0.100738837814
293.5 1000 25 1.84054558158 0 0.612205571945 0.385831164967 1 3.334469 0.0290306779655 0.1160214842
293.6 1000 25 1.84058247204 0 0.612178250288 0.385851933666 1 3.314077 -0.00942340436311 0.119225890061
293.7 1000 25 1.84061895486 0 0.612151192853 0.385872564217 1 3.343841 -0.046895599108 0.110019291174
293.8 1000 25 1.84065524604 0 0.612124356082 0.385893074031 1 3.342712 -0.0794850525479 0.0893606822682
293.9 1000 25 1.84069126734 0 0.612097836569 0.385913390151 1 3.342656 -0.103799854505 0.0594012826764
294 1000 25 1.84072701731 0 0.612071527368 0.385933549628 1 3.340221 -0.117309505285 0.0232601499576
294.1 1000 25 1.84076223152 0 0.612045505922 0.385953611112 1 3.343063 -0.118608861564 -0.0153004446079
294.2 1000 25 1.8407972483 0 0.612019695932 0.385973558687 1 3.342268 -0.107563324925 -0.052266766371
294.3 1000 25 1.84083207578 0 0.611994142015 0.385993334632 1 3.34016 -0.0853235155181 -0.0837914585651
294.4 1000 25 1.84086656826 0 0.611968796164 0.38601300818 1 3.33731 -0.0542051038916 -0.106593892423
294.5 1000 25 1.84090030986 0 0.611943689701 0.38603256967 1 3.341221 -0.0174476162209 -0.118301766042
294.6 1000 25 1.84093387768 0 0.61191879659 0.386051994145 1 3.337816 0.0211231422048 -0.117697528093
294.7 1000 25 1.84096710363 0 0.611894083297 0.386071299067 1 3.344181 0.0574928356925 -0.104845306198
294.8 1000 25 1.84099989382 0 0.611869563166 0.386090464269 1 3.34333 0.0878768963861 -0.0810839060695
294.9 1000 25 1.84103256715 0 0.611845199154 0.386109426285 1 3.347087 0.109113891479 -0.0488871837032
295 1000 25 1.84106494213 0 0.611820935469 0.38612827689 1 3.354371 0.11899501939 -0.0116066441919
295.1 1000 25 1.84109681812 0 0.611796790732 0.386147003656 1 3.365184 0.116493513221 0.0268776409992
295.2 1000 25 1.84112836761 0 0.611772739539 0.386165596596 1 3.379865 0.101871304371 0.0625610366164
295.3 1000 25 1.84115956455 0 0.611748746398 0.386184033259 1 3.375526 0.076651450902 0.0917309589847
295.4 1000 25 1.8411906234 0 0.611724770709 0.38620229812 1 3.381119 0.0434597967809 0.111353037742
295.5 1000 25 1.84122141563 0 0.611700768244 0.386220446576 1 3.365765 0.00575110462351 0.119387102397
295.6 1000 25 1.84125194136 0 0.611676696411 0.386238579514 1 3.380712 -0.0325503819177 0.114999125362
295.7 1000 25 1.84128224602 0 0.611652528952 0.386256574031 1 3.375813 -0.0674594612796 0.0986477157855
295.8 1000 25 1.84131214132 0 0.611628276242 0.386274431662 1 3.377431 -0.0953446814152 0.0720363783021
295.9 1000 25 1.84134188051 0 0.611603881323 0.386292158483 1 3.370491 -0.113306126204 0.0379354872078
296 1000 25 1.84137152592 0 0.611579347761 0.386309757066 1 3.362224 -0.119477089953 -0.000105480078659
296.1 1000 25 1.84140118369 0 0.611554509183 0.386327328981 1 3.354892 -0.113217827005 -0.0381280953896
296.2 1000 25 1.84143061424 0 0.611529430659 0.38634477596 1 3.364229 -0.095182222919 -0.0721765642767
296.3 1000 25 1.84146013017 0 0.611504106075 0.386362049089 1 3.363462 -0.0672492311052 -0.0987096651325
296.4 1000 25 1.84148962292 0 0.611478458357 0.38637924434 1 3.358165 -0.0323270176607 -0.114968718023
296.5 1000 25 1.84151906036 0 0.611452501655 0.386396312993 1 3.37505 0.00594966527385 -0.119264726986
296.6 1000 25 1.8415486479 0 0.611426169719 0.386413259035 1 3.340668 0.0435981079448 -0.11115373283
296.7 1000 25 1.84157806801 0 0.611399481403 0.38643009057 1 3.363604 0.0767019358605 -0.0914826899955
296.8 1000 25 1.84160768849 0 0.611372389539 0.386446782796 1 3.362095 0.101818560412 -0.0623010730727
296.9 1000 25 1.84163758178 0 0.611344962283 0.386463261023 1 3.35463 0.116337426995 -0.0266471204006
297 1000 25 1.84166785156 0 0.611317015607 0.386479683451 1 3.364869 0.118751117866 0.0117683845519
297.1 1000 25 1.84169838591 0 0.611288610744 0.38649600499 1 3.334084 0.10881209708 0.0489483556352
297.2 1000 25 1.8417291332 0 0.611259778716 0.386512200742 1 3.359659 0.0875581543446 0.0810256324107
297.3 1000 25 1.84176012417 0 0.611230447323 0.386528291611 1 3.358569 0.0572036515374 0.10466485823
297.4 1000 25 1.84179178161 0 0.611200667821 0.386544223126 1 3.354947 0.0209089972462 0.117409702844
297.5 1000 25 1.84182391638 0 0.61117043035 0.386559996216 1 3.360159 -0.0175481937002 0.117938049454
297.6 1000 25 1.84185660185 0 0.611139713379 0.386575670523 1 3.361359 -0.0541667359912 0.106198962262
297.7 1000 25 1.84188971054 0 0.611108521814 0.386591239715 1 3.366208 -0.0851380538899 0.0834180375682
297.8 1000 25 1.84192333017 0 0.611076890945 0.386606654264 1 3.36334 -0.10724259254 0.0519688081399
297.9 1000 25 1.84195762108 0 0.611044796774 0.386621951903 1 3.361268 -0.118184012063 0.0151259271491
298 1000 25 1.84199247952 0 0.611012262689 0.386637145598 1 3.3585 -0.116828378718 -0.0232760341145
298.1 1000 25 1.84202814149 0 0.610979430373 0.386652069645 1 3.356216 -0.103321400126 -0.0592417948994
298.2 1000 25 1.84206476146 0 0.610946097257 0.386666930324 1 3.361505 -0.0790728153158 -0.0890309215341
298.3 1000 25 1.84210222665 0 0.61091236255 0.386681668673 1 3.391623 -0.0466094135395 -0.109547059921
298.4 1000 25 1.84214031962 0 0.610878285191 0.38669630732 1 3.378314 -0.00931154464102 -0.118659834864
298.5 1000 25 1.8421795198 0 0.610843857873 0.386710819298 1 3.383905 0.028938724628 -0.115425922884
298.6 1000 25 1.84221960118 0 0.61080910567 0.386725158279 1 3.365744 0.0641620684898 -0.100186979702
298.7 1000 25 1.84226044674 0 0.610774108302 0.3867392994 1 3.359337 0.0926955924503 -0.0745334869211
298.8 1000 25 1.84230234111 0 0.610738851596 0.386753318726 1 3.358518 0.11157377066 -0.0411386403558
298.9 1000 25 1.84234528779 0 0.610703394673 0.386767131468 1 3.363586 0.118837092084 -0.00347993590548
299 1000 25 1.84238927191 0 0.610667720238 0.386780827158 1 3.365148 0.11373515829 0.0345230125555
299.1 1000 25 1.84243429124 0 0.610631894098 0.386794397189 1 3.367482 0.0968044566582 0.0689165181786
299.2 1000 25 1.84248032935 0 0.610595960336 0.386807716595 1 3.370673 0.0698117758275 0.0961242019817
299.3 1000 25 1.84252735712 0 0.610559945041 0.386820901625 1 3.370405 0.035570028804 0.113319037216
299.4 1000 25 1.8425755549 0 0.610523842522 0.3868339314 1 3.366767 -0.00235492133057 0.118716696663
299.5 1000 25 1.84262483224 0 0.610487702821 0.386846825836 1 3.368385 -0.0400156867763 0.111761458001
299.6 1000 25 1.84267501885 0 0.610451579397 0.386859564714 1 3.376561 -0.0734942935182 0.0931830445921
299.7 1000 25 1.8427264659 0 0.610415467701 0.38687216311 1 3.354579 -0.099309592276 0.0649200134491
299.8 1000 25 1.84277886394 0 0.610379382836 0.386884731535 1 3.364881 -0.114779668365 0.0299178479233
299.9 1000 25 1.84283249561 0 0.610343380481 0.386897141061 1 3.352709 -0.118300137871 -0.00817839649451
300 1000 25 1.84288709562 0 0.61030753889 0.386909412662 1 3.364006 -0.109510920743 -0.0454033853793
300.1 1000 25 1.84294257374 0 0.610271977739 0.386921385798 1 3.365853 -0.0893328295782 -0.077884515765
300.2 1000 25 1.84299934715 0 0.610236451351 0.386933312797 1 3.365787 -0.0598712043057 -0.102244570186
300.3 1000 25 1.8430571389 0 0.61020105476 0.386945236589 1 3.367244 -0.0241964494668 -0.115953174988
300.4 1000 25 1.8431159133 0 0.610165875693 0.386957012725 1 3.336157 0.0139760976418 -0.117589577997
300.5 1000 25 1.8431755301 0 0.610130938237 0.386968658637 1 3.368439 0.0506730969971 -0.106990038894
300.6 1000 25 1.84323623283 0 0.610096260952 0.386980185742 1 3.344538 0.0820768720039 -0.0852641001285
300.7 1000 25 1.84329765257 0 0.610061953244 0.386991465511 1 3.353826 0.104922582785 -0.05467839604
300.8 1000 25 1.84336005149 0 0.610027853099 0.387002658554 1 3.35723 0.116837498168 -0.0184205158572
300.9 1000 25 1.84342328161 0 0.609994025221 0.387013749066 1 3.33361 0.116587756822 0.0197333660269
301 1000 25 1.84348711084 0 0.609960508975 0.38702473684 1 3.343719 0.104206137046 0.0558117865166
301.1 1000 25 1.84355154847 0 0.609927286998 0.387035576662 1 3.360392 0.0809877326952 0.0860615248298
301.2 1000 25 1.84361690696 0 0.609894389066 0.38704625575 1 3.361905 0.0493549718589 0.107337653296
301.3 1000 25 1.84368281255 0 0.60986176957 0.387056837154 1 3.35567 0.0126045058343 0.117431053799
301.4 1000 25 1.84374936871 0 0.609829469881 0.387067352192 1 3.360384 -0.0254360372893 0.115297730194
301.5 1000 25 1.84381625714 0 0.60979755458 0.387077634188 1 3.355557 -0.0608070429435 0.101166547792
301.6 1000 25 1.84388379319 0 0.609765826582 0.387087878929 1 3.355398 -0.0898287112136 0.0765149666557
301.7 1000 25 1.84395165254 0 0.609734367316 0.387098058095 1 3.359579 -0.109484192547 0.043914710178
301.8 1000 25 1.84401988582 0 0.609703200355 0.387108139328 1 3.357239 -0.117733123227 0.00676336692709
301.9 1000 25 1.84408837575 0 0.609672284291 0.387118059256 1 3.358617 -0.113723440327 -0.031069745958
302 1000 25 1.84415710341 0 0.609641569252 0.387127926257 1 3.361518 -0.0978795276486 -0.0656463817781
302.1 1000 25 1.84422587431 0 0.609611069037 0.387137697668 1 3.370632 -0.0718573725478 -0.0933695032131
302.2 1000 25 1.84429475212 0 0.609580756074 0.387147429783 1 3.368499 -0.0383714635466 -0.111357381149
302.3 1000 25 1.84436374096 0 0.609550621093 0.387157044392 1 3.356167 -0.00091158514 -0.117743281365
302.4 1000 25 1.84443272572 0 0.609520624758 0.387166603864 1 3.363878 0.0366205989211 -0.111869170865
302.5 1000 25 1.84450153332 0 0.609490777531 0.387176135416 1 3.357165 0.0703181538369 -0.0943537123751
302.6 1000 25 1.84457022224 0 0.609461014289 0.387185564441 1 3.365441 0.0966754663949 -0.0670268146789
302.7 1000 25 1.84463874703 0 0.609431398131 0.387194940367 1 3.362408 0.11295308124 -0.0327388410036
302.8 1000 25 1.84470693271 0 0.609401755948 0.387204291604 1 3.339612 0.117462072886 0.00493656310919
302.9 1000 25 1.84477476743 0 0.60937216189 0.387213594159 1 3.364725 0.109739969747 0.0420753069658
303 1000 25 1.8448420599 0 0.609342544842 0.387222868572 1 3.369403 0.0905978001581 0.0748112862924
303.1 1000 25 1.84490873656 0 0.609312929009 0.387232168735 1 3.370973 0.0620351173431 0.0997390219918
303.2 1000 25 1.84497505056 0 0.609283345341 0.387241354382 1 3.361456 0.0270309171898 0.114267717449
303.3 1000 25 1.84504078497 0 0.609253698897 0.387250537366 1 3.342839 -0.0107666439009 0.116890702727
303.4 1000 25 1.84510603554 0 0.609223880815 0.387259792286 1 3.336742 -0.0474205937942 0.107341663797
303.5 1000 25 1.84517044039 0 0.609193997397 0.387269025604 1 3.347363 -0.079115218927 0.086621871234
303.6 1000 25 1.84523398906 0 0.609163983803 0.387278318695 1 3.337309 -0.10255326924 0.0568951351292
303.7 1000 25 1.84529703947 0 0.609133848548 0.387287547232 1 3.33892 -0.115298982656 0.021261677172
303.8 1000 25 1.84535927757 0 0.609103569885 0.387296762389 1 3.335318 -0.116031218268 -0.0165646842235
303.9 1000 25 1.84542052987 0 0.609073107297 0.387306064355 1 3.346867 -0.104680564002 -0.0526438933922
304 1000 25 1.84548093518 0 0.609042458571 0.387315448105 1 3.340515 -0.0824357403144 -0.0832199731241
304.1 1000 25 1.84554052605 0 0.609011702806 0.387324870246 1 3.345528 -0.0516191961992 -0.105112059353
304.2 1000 25 1.84559891553 0 0.608980794574 0.38733427544 1 3.333746 -0.0154448851597 -0.116045099175
304.3 1000 25 1.84565653087 0 0.608949566676 0.387343861201 1 3.336989 0.0223171034304 -0.114886558652
304.4 1000 25 1.845713098 0 0.608918106433 0.387353593914 1 3.330784 0.0577332789447 -0.101763766018
304.5 1000 25 1.84576843144 0 0.608886441637 0.387363465694 1 3.339338 0.0871166078821 -0.0780499414008
304.6 1000 25 1.84582254823 0 0.608854599591 0.387373438085 1 3.339473 0.10741006283 -0.0462204208836
304.7 1000 25 1.84587582023 0 0.608822548722 0.387383498937 1 3.344154 0.116505062436 -0.00959462114076
304.8 1000 25 1.84592792591 0 0.60879043815 0.38739355662 1 3.33746 0.113460266317 0.028010234269
304.9 1000 25 1.84597917892 0 0.608758008987 0.387403845976 1 3.333317 0.0985991154612 0.0626769387122
305 1000 25 1.84602931503 0 0.608725401429 0.387414275867 1 3.341396 0.073475762719 0.0907962490046
305.1 1000 25 1.8460778536 0 0.608692637401 0.387424835465 1 3.336671 0.0407122598528 0.109442763518
305.2 1000 25 1.84612562532 0 0.608659735972 0.387435607401 1 3.340026 0.00372530240766 0.116678963784
305.3 1000 25 1.84617237701 0 0.608626685343 0.387446494283 1 3.334683 -0.0336303364366 0.111756868801
305.4 1000 25 1.84621802428 0 0.608593490607 0.387457607685 1 3.331491 -0.0674632409093 0.0951952702324
305.5 1000 25 1.84626241857 0 0.608560160214 0.387469044262 1 3.337737 -0.0942508446435 0.068725154055
305.6 1000 25 1.84630590618 0 0.608526725445 0.387480616962 1 3.33094 -0.111206080813 0.0351087266252
305.7 1000 25 1.8463482998 0 0.608493217757 0.387492422262 1 3.314172 -0.11656737467 -0.00214865489491
305.8 1000 25 1.84638911018 0 0.608459668127 0.387504536333 1 3.338506 -0.109781769694 -0.0391640384271
305.9 1000 25 1.84642943811 0 0.608426048577 0.38751686051 1 3.334928 -0.0915617072726 -0.0720812386469
306 1000 25 1.8464688314 0 0.60839242656 0.387529475869 1 3.337486 -0.0638106884733 -0.0974729150369
306.1 1000 25 1.84650709098 0 0.608358806429 0.38754228847 1 3.327973 -0.0294240868458 -0.112697091291
306.2 1000 25 1.84654436697 0 0.608325230834 0.387555357672 1 3.337296 0.00801258179421 -0.116172150537
306.3 1000 25 1.84658067353 0 0.608291718647 0.387568671543 1 3.356026 0.0445976560078 -0.107541192038
306.4 1000 25 1.84661582072 0 0.60825832488 0.387582256864 1 3.357423 0.0765198893065 -0.0877086771173
306.5 1000 25 1.84665018564 0 0.608225091966 0.387595999649 1 3.354121 0.10045523295 -0.0587455519248
306.6 1000 25 1.84668369923 0 0.608191982865 0.387610013388 1 3.361939 0.113913127458 -0.0236732136597
306.7 1000 25 1.84671648649 0 0.608158918623 0.387624392909 1 3.360617 0.115495491568 0.013851616045
306.8 1000 25 1.84674810064 0 0.608126060132 0.387639073649 1 3.367039 0.105042180562 0.0499181061391
306.9 1000 25 1.84677904674 0 0.608093358383 0.387654036938 1 3.360125 0.0836470673048 0.0807689092941
307 1000 25 1.84680963944 0 0.608060898696 0.387669238057 1 3.364153 0.0535433375358 0.103191382758
307.1 1000 25 1.84683948405 0 0.608028613765 0.387684693923 1 3.367871 0.0178711036678 0.11485221017
307.2 1000 25 1.84686872747 0 0.607996532151 0.387700448595 1 3.364547 -0.0196507183146 0.114540217726
307.3 1000 25 1.84689737891 0 0.607964658321 0.387716513889 1 3.368987 -0.0551117146312 0.102292065505
307.4 1000 25 1.84692529455 0 0.607933039125 0.387732920353 1 3.363314 -0.0848175144764 0.0793880365964
307.5 1000 25 1.84695287005 0 0.60790166505 0.387749611279 1 3.379388 -0.105674693097 0.0482182941956
307.6 1000 25 1.84697992317 0 0.607870517607 0.387766601991 1 3.37935 -0.115512559348 0.0120334004503
307.7 1000 25 1.84700656768 0 0.607839624755 0.387783820201 1 3.374298 -0.113309530053 -0.0253944694278
307.8 1000 25 1.84703284193 0 0.607808957301 0.387801353614 1 3.378046 -0.0992987383501 -0.0601648925566
307.9 1000 25 1.84705878528 0 0.607778534325 0.387819229265 1 3.372533 -0.0749436254244 -0.0886555312176
308 1000 25 1.84708436897 0 0.607748335237 0.387837348288 1 3.366695 -0.0427849234779 -0.107899166601
308.1 1000 25 1.8471096997 0 0.607718353493 0.387855812333 1 3.357747 -0.00617584096614 -0.115893186884
308.2 1000 25 1.84713462141 0 0.60768860964 0.387874578164 1 3.36099 0.0310676679676 -0.111807536602
308.3 1000 25 1.84715938263 0 0.607659086313 0.387893521269 1 3.365809 0.0650645285429 -0.0960708853826
308.4 1000 25 1.84718402312 0 0.607629709657 0.387912783243 1 3.369891 0.0922729043371 -0.0703259500075
308.5 1000 25 1.8472085238 0 0.607600503107 0.38793233771 1 3.369326 0.109859199645 -0.0372578171627
308.6 1000 25 1.84723270041 0 0.607571451309 0.387952176072 1 3.370244 0.115993103167 -0.000313909866139
308.7 1000 25 1.8472569514 0 0.60754253443 0.387972276833 1 3.358792 0.11003784316 0.0366552334274
308.8 1000 25 1.84728108426 0 0.60751377366 0.387992613661 1 3.363339 0.0926165774805 0.069797330664
308.9 1000 25 1.84730523936 0 0.607485104783 0.388013153416 1 3.32981 0.065546940249 0.0956597669268
309 1000 25 1.84732938003 0 0.607456507209 0.38803395473 1 3.332665 0.0316514725313 0.111549093308
309.1 1000 25 1.84735343788 0 0.607427974173 0.388054991404 1 3.361314 -0.00553673512091 0.11581153832
309.2 1000 25 1.84737759332 0 0.607399528913 0.388076147539 1 3.366506 -0.0421420952186 0.108005011032
309.3 1000 25 1.84740182251 0 0.607371071875 0.388097561504 1 3.365402 -0.0743505814906 0.0889449780445
309.4 1000 25 1.84742607306 0 0.607342604263 0.388119220807 1 3.34503 -0.0988069145577 0.0606192706227
309.5 1000 25 1.8474502846 0 0.607314121351 0.38814113094 1 3.364597 -0.112964153077 0.0259807780277
309.6 1000 25 1.84747478737 0 0.60728560353 0.388163178513 1 3.364986 -0.115348647021 -0.0113605722117
309.7 1000 25 1.84749933045 0 0.607257021827 0.388185429882 1 3.356479 -0.105713778894 -0.0475136611155
309.8 1000 25 1.84752396538 0 0.607228392301 0.388207843043 1 3.361785 -0.0850650584919 -0.0787119012164
309.9 1000 25 1.847548743 0 0.607199619181 0.388230638218 1 3.366366 -0.0555553379583 -0.101705553035
310 1000 25 1.84757354739 0 0.607170806998 0.388253471465 1 3.369408 -0.0202600577349 -0.114099901913
310.1 1000 25 1.84759853709 0 0.607141837634 0.388276514069 1 3.364578 0.0171427417767 -0.114604932235
310.2 1000 25 1.84762335439 0 0.607112753157 0.388299784228 1 3.375332 0.0527561472642 -0.103169461045
310.3 1000 25 1.84764843932 0 0.607083536192 0.38832332176 1 3.373746 0.0828700132357 -0.0809862978032
310.4 1000 25 1.84767371764 0 0.607054209577 0.388346913118 1 3.37158 0.104347689511 -0.0503673489777
310.5 1000 25 1.84769911534 0 0.607024776651 0.388370581697 1 3.368443 0.114952615793 -0.0145034606387
310.6 1000 25 1.84772463032 0 0.60699521953 0.388394378304 1 3.358226 0.113581083271 0.0228687057794
310.7 1000 25 1.84775027139 0 0.606965587685 0.38841832353 1 3.370039 0.10037717762 0.057855800411
310.8 1000 25 1.84777590407 0 0.606935841078 0.388442334675 1 3.364202 0.0767174188372 0.0868133996594
310.9 1000 25 1.84780136078 0 0.606906032683 0.388466456949 1 3.3704 0.0450674173144 0.106725606151
311 1000 25 1.84782698286 0 0.606876185573 0.388490654705 1 3.368174 0.00872474800855 0.115519008011
311.1 1000 25 1.84785250658 0 0.606846390756 0.388514813169 1 3.370405 -0.0285244751372 0.112278495006
311.2 1000 25 1.84787823596 0 0.60681647482 0.388539119017 1 3.369058 -0.0628001448414 0.0973426446207
311.3 1000 25 1.84790394883 0 0.606786572692 0.388563476486 1 3.370296 -0.0905323190283 0.0722682438869
311.4 1000 25 1.84792968605 0 0.606756719842 0.388587904581 1 3.367568 -0.108832964564 0.0396678126165
311.5 1000 25 1.84795531681 0 0.606726928181 0.388612340188 1 3.362678 -0.11579670558 0.00293764034576
311.6 1000 25 1.84798089574 0 0.606697241138 0.388636804414 1 3.368234 -0.110699144927 -0.0340963291187
311.7 1000 25 1.84800612475 0 0.606667695544 0.388661348851 1 3.372355 -0.0940722673247 -0.0675768527492
311.8 1000 25 1.84803146472 0 0.606638318024 0.388685851502 1 3.37297 -0.067648548039 -0.0940171748328
311.9 1000 25 1.84805669163 0 0.606609151264 0.388710370018 1 3.367133 -0.0341808906775 -0.11066408586
312 1000 25 1.84808168032 0 0.606580262648 0.388734887529 1 3.37937 0.00284459826848 -0.115784668341
312.1 1000 25 1.84810643826 0 0.606551762018 0.388759295766 1 3.371014 0.0395715075872 -0.10884655657
312.2 1000 25 1.84813123994 0 0.606523477409 0.388783774145 1 3.363981 0.0721749703271 -0.090573206195
312.3 1000 25 1.84815585462 0 0.606495557537 0.388808252622 1 3.360034 0.0972599239032 -0.0628686591795
312.4 1000 25 1.8481802656 0 0.606468050565 0.388832708107 1 3.363904 0.112214613749 -0.02861887631
312.5 1000 25 1.84820428161 0 0.606441012789 0.388857144177 1 3.36914 0.115482577642 0.00860885639732
312.6 1000 25 1.84822813716 0 0.606414542263 0.388881455595 1 3.363408 0.106724483134 0.0449374738009
312.7 1000 25 1.84825178024 0 0.606388595657 0.388905733648 1 3.369717 0.0868533870434 0.0765839521562
312.8 1000 25 1.8482753575 0 0.606363124584 0.388930034393 1 3.369159 0.0579394972999 0.100253185279
312.9 1000 25 1.84829867228 0 0.606338245034 0.388954314164 1 3.346616 0.022994558192 0.113481146132
313 1000 25 1.8483217545 0 0.606313987768 0.388978531476 1 3.360727 -0.014342001447 0.114891346312
313.1 1000 25 1.84834456975 0 0.606290381206 0.389002707636 1 3.368641 -0.0501820641449 0.104338061639
313.2 1000 25 1.84836719317 0 0.606267470653 0.389026812131 1 3.365869 -0.0807938819663 0.0829213809724
313.3 1000 25 1.848389529 0 0.606245292116 0.389050844464 1 3.374923 -0.102990433361 0.0528723921058
313.4 1000 25 1.84841158082 0 0.606223872491 0.389074735101 1 3.369965 -0.114461262171 0.0173207415496
313.5 1000 25 1.84843351849 0 0.606203117625 0.389098622402 1 3.375473 -0.11401300565 -0.020031166965
313.6 1000 25 1.84845509345 0 0.606183158863 0.38912240176 1 3.376176 -0.101693667276 -0.0552938886214
313.7 1000 25 1.8484766993 0 0.606163917833 0.389146127652 1 3.375851 -0.0787870877213 -0.0847960805637
313.8 1000 25 1.84849802283 0 0.606145425057 0.389169797912 1 3.370615 -0.0476794449915 -0.10546652501
313.9 1000 25 1.84851913499 0 0.606127663339 0.389193395923 1 3.38927 -0.0116106140276 -0.115153826415
314 1000 25 1.84854011245 0 0.606110605929 0.389216972603 1 3.367676 0.0256633933601 -0.112850603619
314.1 1000 25 1.84856081804 0 0.606094262492 0.389240525651 1 3.374829 0.0602615618074 -0.0987980116455
314.2 1000 25 1.84858146985 0 0.606078631908 0.389264005402 1 3.37015 0.0885818442636 -0.0744604953383
314.3 1000 25 1.84860207649 0 0.606063628046 0.389287499061 1 3.368828 0.107676350393 -0.0423731586682
314.4 1000 25 1.84862249375 0 0.6060492829 0.38931103276 1 3.377219 0.115558215158 -0.00587774652308
314.5 1000 25 1.84864297902 0 0.606035523668 0.389334472924 1 3.376042 0.111407960915 0.0312255724041
314.6 1000 25 1.84866341195 0 0.606022354456 0.389357827118 1 3.36012 0.0956591878851 0.06507367674
314.7 1000 25 1.84868377654 0 0.606009754311 0.38938112621 1 3.369233 0.0699529642424 0.0921428937109
314.8 1000 25 1.84870426108 0 0.605997615841 0.38940436921 1 3.367473 0.036966896511 0.109615835543
314.9 1000 25 1.84872454903 0 0.605985927666 0.389427639677 1 3.373243 0.000136081044143 0.115674639074
315 1000 25 1.84874518123 0 0.605974634889 0.389450795664 1 3.367087 -0.0367044876168 0.109689742392
315.1 1000 25 1.84876594279 0 0.605963650279 0.389473966392 1 3.370932 -0.0697192960815 0.0922858247114
315.2 1000 25 1.84878686973 0 0.605952933065 0.389497124255 1 3.367072 -0.0954716536947 0.0652763023837
315.3 1000 25 1.84880791256 0 0.6059424127 0.389520389608 1 3.374549 -0.11128151905 0.031474384732
315.4 1000 25 1.84882934887 0 0.605932019899 0.389543614667 1 3.368088 -0.115504133511 -0.00560006604093
315.5 1000 25 1.84885106706 0 0.605921672511 0.389566962606 1 3.345703 -0.10770141495 -0.0420868342413
315.6 1000 25 1.84887306834 0 0.605911347474 0.389590312933 1 3.375025 -0.088687279089 -0.0741874511406
315.7 1000 25 1.84889548789 0 0.605900970524 0.389613690264 1 3.371746 -0.0604427704044 -0.0985605636055
315.8 1000 25 1.84891831133 0 0.605890502196 0.389637068974 1 3.373524 -0.0259095880868 -0.112669917939
315.9 1000 25 1.84894142412 0 0.60587987703 0.389660540115 1 3.375825 0.0113163852775 -0.115048034145
316 1000 25 1.84896519474 0 0.605868985481 0.389684002518 1 3.374587 0.0473594009234 -0.105448910022
316.1 1000 25 1.8489892412 0 0.605857786468 0.389707577444 1 3.375622 0.078467407891 -0.0848736606864
316.2 1000 25 1.84901408514 0 0.605846262154 0.389731114847 1 3.364797 0.101402665674 -0.0554655108679
316.3 1000 25 1.8490395219 0 0.605834365379 0.389754751427 1 3.365365 0.113778719388 -0.0202873160001
316.4 1000 25 1.84906563202 0 0.605821963108 0.389778416901 1 3.364465 0.114308605896 0.0169980687179
316.5 1000 25 1.84909238353 0 0.605809041301 0.389802228079 1 3.369037 0.102938990798 0.0525088628319
316.6 1000 25 1.84911988112 0 0.605795598281 0.389826013529 1 3.366217 0.0808550070647 0.0825486240606
316.7 1000 25 1.84914815837 0 0.60578155474 0.389849889342 1 3.36706 0.0503572375292 0.103990991699
316.8 1000 25 1.84917708617 0 0.6057669009 0.38987391426 1 3.365365 0.0146217501154 0.114605155801
316.9 1000 25 1.84920684414 0 0.605751579085 0.389898019416 1 3.370011 -0.0226306946957 0.113287836006
317 1000 25 1.84923755384 0 0.605735615916 0.389922132768 1 3.359642 -0.0575220856729 0.100177873028
317.1 1000 25 1.84926920768 0 0.605718928749 0.389946369548 1 3.365204 -0.0864206093504 0.0766417678622
317.2 1000 25 1.84930162092 0 0.605701541574 0.389970790517 1 3.363253 -0.106318995424 0.0451311800628
317.3 1000 25 1.8493351412 0 0.605683439754 0.389995239129 1 3.365436 -0.115147239452 0.00892743095437
317.4 1000 25 1.84936962589 0 0.605664622768 0.390019819461 1 3.369002 -0.111988136282 -0.0282001186938
317.5 1000 25 1.84940501406 0 0.605645111449 0.390044542702 1 3.368971 -0.0971724487431 -0.0623865917933
317.6 1000 25 1.84944144912 0 0.605624929688 0.390069387743 1 3.365737 -0.0722442566332 -0.0900738571933
317.7 1000 25 1.84947893576 0 0.605604081914 0.390094279131 1 3.368653 -0.0398000513194 -0.108380828745
317.8 1000 25 1.84951755745 0 0.605582528178 0.390119340443 1 3.365922 -0.00321827339083 -0.115403478481
317.9 1000 25 1.84955724465 0 0.605560342879 0.390144557244 1 3.367584 0.0336924887595 -0.110412714246
318 1000 25 1.84959801556 0 0.605537560498 0.390169917705 1 3.36339 0.0670900837492 -0.0939300831304
318.1 1000 25 1.84963967313 0 0.605514266699 0.39019542903 1 3.37062 0.0934988614838 -0.0676732570174
318.2 1000 25 1.8496826625 0 0.605490422967 0.39022104893 1 3.372548 0.11017093202 -0.0343770412825
318.3 1000 25 1.84972672584 0 0.605466112581 0.390246834368 1 3.349334 0.115372712098 0.00249151912236
318.4 1000 25 1.84977192386 0 0.605441382463 0.390272760733 1 3.373187 0.108564850678 0.0390941178757
318.5 1000 25 1.84981825974 0 0.605416294346 0.390298829146 1 3.368337 0.0904582210071 0.0716209115193
318.6 1000 25 1.84986560915 0 0.605390925375 0.390325083225 1 3.367668 0.062939603111 0.0966870423094
318.7 1000 25 1.84991403492 0 0.605365349498 0.390351406485 1 3.369989 0.028875096753 0.111684749108
318.8 1000 25 1.84996365356 0 0.605339519541 0.39037794989 1 3.364938 -0.00818832084833 0.11505485753
318.9 1000 25 1.85001429041 0 0.605313601213 0.39040455276 1 3.370785 -0.0443921621621 0.106448844055
319 1000 25 1.85006602115 0 0.605287619275 0.390431329118 1 3.358511 -0.0759682459207 0.0867649181477
319.1 1000 25 1.85011859748 0 0.605261714532 0.390458177468 1 3.37039 -0.0996308374421 0.0580541916343
319.2 1000 25 1.8501723396 0 0.605235847555 0.390485162449 1 3.371168 -0.11291844321 0.0233068289779
319.3 1000 25 1.85022706685 0 0.605210157532 0.390512255643 1 3.369818 -0.114450276092 -0.0138590512942
319.4 1000 25 1.85028287599 0 0.605184605288 0.390539539502 1 3.364644 -0.104069251149 -0.0495744490804
319.5 1000 25 1.85033938804 0 0.605159312956 0.390567022236 1 3.365023 -0.0828585532912 -0.0801221496518
319.6 1000 25 1.85039707332 0 0.60513431502 0.390594619022 1 3.366992 -0.0530281297774 -0.102323535243
319.7 1000 25 1.85045548474 0 0.605109702517 0.390622390903 1 3.375438 -0.0176850058874 -0.113869595663
319.8 1000 25 1.85051476588 0 0.605085491673 0.390650311078 1 3.375426 0.0194908399969 -0.113560837839
319.9 1000 25 1.85057493766 0 0.605061794871 0.390678290519 1 3.367435 0.0546293662105 -0.101431938207
320 1000 25 1.85063603102 0 0.605038509081 0.390706568675 1 3.362795 0.0840734031646 -0.0787481025003
320.1 1000 25 1.8506977278 0 0.605015733728 0.390735158025 1 3.374742 0.104759368437 -0.047872933068
320.2 1000 25 1.85076032551 0 0.604993532353 0.390763826044 1 3.365647 0.114536111218 -0.0120222194912
320.3 1000 25 1.85082358227 0 0.604971937571 0.390792650829 1 3.35924 0.112388449875 0.0250711340689
320.4 1000 25 1.85088728108 0 0.604950990822 0.390821644444 1 3.364246 0.0985428203315 0.0595457436146
320.5 1000 25 1.85095174357 0 0.604930684368 0.390850748959 1 3.367204 0.0744430632173 0.087813513258
320.6 1000 25 1.85101642067 0 0.604911061292 0.390880015646 1 3.368095 0.0426004397646 0.106933529606
320.7 1000 25 1.85108181563 0 0.60489213851 0.390909358834 1 3.369437 0.00633134576356 0.114917542402
320.8 1000 25 1.8511477179 0 0.604873851731 0.390938873337 1 3.366135 -0.0305875832195 0.110937131699
320.9 1000 25 1.85121397601 0 0.604856230497 0.390968539246 1 3.36204 -0.0643129894698 0.0954095660691
321 1000 25 1.85128035092 0 0.604839297265 0.390998373704 1 3.372069 -0.0913348422159 0.0699541178946
321.1 1000 25 1.85134726237 0 0.60482300236 0.391028279778 1 3.365047 -0.108841867715 0.0372230300659
321.2 1000 25 1.85141438221 0 0.604807335291 0.391058333001 1 3.364632 -0.115013825766 0.000625460671964
321.3 1000 25 1.85148161154 0 0.604792298057 0.39108851263 1 3.375659 -0.109211044079 -0.0360277300265
321.4 1000 25 1.85154908737 0 0.604777821528 0.391118798312 1 3.372257 -0.0920404083969 -0.0689208203581
321.5 1000 25 1.85161661552 0 0.604763874765 0.391149233884 1 3.368412 -0.0652922895535 -0.0946303444696
321.6 1000 25 1.85168421837 0 0.604750439335 0.391179774345 1 3.369346 -0.0317536918808 -0.110481543963
321.7 1000 25 1.85175176234 0 0.604737461947 0.391210449317 1 3.350276 0.00508212132599 -0.114826550038
321.8 1000 25 1.85181926442 0 0.604724897638 0.391241242268 1 3.344181 0.0413793987492 -0.107215787477
321.9 1000 25 1.85188653047 0 0.604712694918 0.391272196528 1 3.366461 0.0733594002792 -0.0884445545809
322 1000 25 1.85195382214 0 0.604700823566 0.391303192699 1 3.368604 0.0976935791381 -0.0604697074302
322.1 1000 25 1.85202095922 0 0.604689185599 0.391334322541 1 3.39103 0.111850245214 -0.0262060016528
322.2 1000 25 1.85208786281 0 0.604677728855 0.391365599207 1 3.36841 0.114357853741 0.0107777063992
322.3 1000 25 1.85215440197 0 0.604666443469 0.391396998402 1 3.372861 0.104958037776 0.0466302090522
322.4 1000 25 1.8522207403 0 0.604655239306 0.391428468212 1 3.369044 0.0846322452753 0.0776189081895
322.5 1000 25 1.85228676833 0 0.604644034304 0.391460072991 1 3.369179 0.0554991863269 0.100518388629
322.6 1000 25 1.85235222249 0 0.604632806737 0.391491815895 1 3.362109 0.0205942101424 0.11294622484
322.7 1000 25 1.8524175082 0 0.604621474248 0.391523653042 1 3.361529 -0.0164471691571 0.113610627068
322.8 1000 25 1.85248230396 0 0.604609991778 0.391555622409 1 3.363153 -0.0517675671854 0.102444935771
322.9 1000 25 1.85254664829 0 0.604598299621 0.391587707276 1 3.361393 -0.081689694576 0.0806143578977
323 1000 25 1.85261058109 0 0.60458635401 0.391619910385 1 3.364266 -0.103099077826 0.0503942109068
323.1 1000 25 1.85267394561 0 0.604574110166 0.391652247059 1 3.369551 -0.113768124636 0.01493286395
323.2 1000 25 1.85273682512 0 0.604561520488 0.391684700845 1 3.365618 -0.1125880761 -0.0220761285672
323.3 1000 25 1.85279913026 0 0.604548580282 0.391717177675 1 3.362136 -0.0996841741366 -0.0567788530456
323.4 1000 25 1.85286079784 0 0.60453524391 0.391749804863 1 3.362777 -0.0764023222755 -0.0855621899238
323.5 1000 25 1.85292203285 0 0.604521466955 0.391782423239 1 3.362091 -0.0451687477735 -0.105430109598
323.6 1000 25 1.85298247174 0 0.604507180691 0.391815207693 1 3.363824 -0.00923722087372 -0.114315361447
323.7 1000 25 1.85304255154 0 0.604492397358 0.391848091076 1 3.359127 0.0276499166712 -0.111294693582
323.8 1000 25 1.85310195018 0 0.604477085953 0.391881165415 1 3.3721 0.0616514467688 -0.0966846754965
323.9 1000 25 1.85316090849 0 0.604461199842 0.391914344766 1 3.371516 0.089227141773 -0.0720084823079
324 1000 25 1.85321912912 0 0.6044447694 0.391947716941 1 3.36324 0.107506617009 -0.0398373609013
324.1 1000 25 1.85327692649 0 0.6044277604 0.391981203126 1 3.36288 0.114587717883 -0.00352245608351
324.2 1000 25 1.85333414472 0 0.604410181376 0.392014869443 1 3.360754 0.109734790355 0.0331540362555
324.3 1000 25 1.85339065237 0 0.604392077215 0.392048738466 1 3.365912 0.0934548452217 0.0663729278994
324.4 1000 25 1.85344670473 0 0.604373435974 0.3920826502 1 3.355293 0.06744476569 0.0926754104335
324.5 1000 25 1.85350223114 0 0.604354285587 0.392116621819 1 3.36047 0.0344142949231 0.10932350972
324.6 1000 25 1.85355721927 0 0.604334653943 0.392150670489 1 3.370008 -0.00219615341861 0.114584850433
324.7 1000 25 1.85361168634 0 0.604314547622 0.392184824378 1 3.371392 -0.0385738240011 0.107912942989
324.8 1000 25 1.85366558879 0 0.604294019676 0.392219109069 1 3.371615 -0.0709307835512 0.0900039372317
324.9 1000 25 1.85371906174 0 0.604273043952 0.392253480584 1 3.373282 -0.0958979469991 0.0627238571014
325 1000 25 1.85377205652 0 0.604251678013 0.392287970997 1 3.368609 -0.110876317127 0.0289144270717
325.1 1000 25 1.85382460523 0 0.604229906797 0.392322701605 1 3.364942 -0.114307173897 -0.00790314662898
325.2 1000 25 1.85387670384 0 0.604207776964 0.392357677156 1 3.370603 -0.105834393968 -0.0438948120792
325.3 1000 25 1.85392841481 0 0.604185383297 0.392392723261 1 3.360489 -0.0863412382251 -0.0753128852554
325.4 1000 25 1.85397979525 0 0.604162709888 0.392427905804 1 3.36688 -0.0578583774566 -0.0988862498697
325.5 1000 25 1.85403080492 0 0.60413982015 0.392463214078 1 3.368512 -0.0233523597032 -0.112160895406
325.6 1000 25 1.85408146814 0 0.604116758909 0.392498629552 1 3.370189 0.0135834068569 -0.113755367714
325.7 1000 25 1.85413160745 0 0.604093592626 0.392534197968 1 3.375845 0.0491028229602 -0.103504521311
325.8 1000 25 1.85418171567 0 0.60407031554 0.392569795115 1 3.368564 0.0795076435398 -0.0824763317358
325.9 1000 25 1.85423155602 0 0.60404698219 0.392605492989 1 3.366398 0.101632317178 -0.0528610010126
326 1000 25 1.85428107825 0 0.604023631123 0.392641328614 1 3.366406 0.113173716884 -0.0177425931464
326.1 1000 25 1.85433049388 0 0.604000291282 0.392677194759 1 3.362564 0.112930623832 0.0192221119194
326.2 1000 25 1.85437971329 0 0.603976995944 0.392713144759 1 3.36348 0.100928952332 0.0541843237951
326.3 1000 25 1.85442876776 0 0.603953768344 0.392749191196 1 3.367446 0.0784188154197 0.0835039795779
326.4 1000 25 1.85447767699 0 0.603930641487 0.392785314009 1 3.369511 0.047744279967 0.10412870408
326.5 1000 25 1.85452648483 0 0.603907643925 0.392821498136 1 3.370371 0.0120992976123 0.113911496009
326.6 1000 25 1.85457497772 0 0.603884802559 0.392857780456 1 3.373302 -0.0248048585588 0.111834330672
326.7 1000 25 1.85462358609 0 0.603862166789 0.392894017355 1 3.368356 -0.0591261515398 0.0981137617123
326.8 1000 25 1.85467222237 0 0.603839673673 0.392930332886 1 3.364715 -0.0872914555049 0.0741785342174
326.9 1000 25 1.8547208316 0 0.60381737197 0.392966691962 1 3.364944 -0.106368739031 0.0425207893948
327 1000 25 1.85476943148 0 0.603795267367 0.393003083643 1 3.364409 -0.114372190268 0.00643644882253
327.1 1000 25 1.85481802912 0 0.603773356268 0.393039527582 1 3.368639 -0.110468863714 -0.0303178886924
327.2 1000 25 1.85486656988 0 0.603751659774 0.393076035694 1 3.375719 -0.0950654500608 -0.0639160251519
327.3 1000 25 1.85491520084 0 0.603730176537 0.393112463636 1 3.372783 -0.069765566284 -0.0908605027928
327.4 1000 25 1.8549639328 0 0.603708848684 0.393148928261 1 3.371073 -0.0372030949598 -0.108346529426
327.5 1000 25 1.85501269154 0 0.603687698429 0.39318541896 1 3.349994 -0.000767816614909 -0.114554061066
327.6 1000 25 1.85506154704 0 0.603666699359 0.39322188293 1 3.370455 0.0357475463757 -0.108837177642
327.7 1000 25 1.85511046455 0 0.603645838367 0.393258337289 1 3.365136 0.06854201819 -0.0917911196294
327.8 1000 25 1.85515941155 0 0.603625091101 0.393294799798 1 3.345178 0.094202065338 -0.0651904113117
327.9 1000 25 1.85520847884 0 0.603604420952 0.393331237067 1 3.363969 0.110056912272 -0.0318040053872
328 1000 25 1.85525760351 0 0.603583812069 0.393367626461 1 3.370946 0.114456389523 0.00489294941195
328.1 1000 25 1.85530683315 0 0.603563233189 0.393403978779 1 3.379903 0.106942839637 0.0410807496462
328.2 1000 25 1.85535607429 0 0.603542634702 0.39344031974 1 3.382931 0.0882984542591 0.0729928837404
328.3 1000 25 1.85540540087 0 0.603522021054 0.393476566247 1 3.374578 0.0604639271836 0.0973081163891
328.4 1000 25 1.85545470033 0 0.603501300374 0.393512781576 1 3.379313 0.0263363257965 0.111495772606
328.5 1000 25 1.85550415075 0 0.60348046654 0.393548932742 1 3.365531 -0.0105322682216 0.114079474974
328.6 1000 25 1.85555357164 0 0.603459473111 0.393585029517 1 3.368205 -0.0463047117162 0.10479047914
328.7 1000 25 1.85560301268 0 0.603438301267 0.393621032076 1 3.372846 -0.0772581773294 0.0845958640938
328.8 1000 25 1.85565245862 0 0.603416876042 0.393656997559 1 3.368587 -0.100171331502 0.0555974585739
328.9 1000 25 1.85570189344 0 0.603395177254 0.393692864917 1 3.369135 -0.112659887507 0.0208132559695
329 1000 25 1.85575117384 0 0.603373205485 0.393728569562 1 3.379699 -0.113424352593 -0.0161366615485
329.1 1000 25 1.85580046112 0 0.603350888177 0.393764168309 1 3.375205 -0.102385567145 -0.0514071190442
329.2 1000 25 1.85584945159 0 0.60332822517 0.393799616808 1 3.372683 -0.080692524167 -0.0813278219157
329.3 1000 25 1.85589837096 0 0.60330515385 0.393834969982 1 3.365561 -0.0506028325533 -0.102785221698
329.4 1000 25 1.85594725452 0 0.603281627708 0.393870220811 1 3.362414 -0.0152480087392 -0.113546822908
329.5 1000 25 1.8559957298 0 0.603257631638 0.393905424036 1 3.373252 0.0216930008607 -0.112493184243
329.6 1000 25 1.85604396922 0 0.603233153377 0.393940493427 1 3.367354 0.0563761178368 -0.0997342173545
329.7 1000 25 1.85609216919 0 0.603208205135 0.393975381846 1 3.36602 0.0851925047754 -0.0765980393747
329.8 1000 25 1.85614011642 0 0.603182733156 0.394010151651 1 3.370595 0.105144027055 -0.0454924056315
329.9 1000 25 1.85618747932 0 0.603156741038 0.394044791745 1 3.377107 0.114155156267 -0.00965410375747
330 1000 25 1.85623478233 0 0.603130174279 0.394079414089 1 3.371632 0.111288671154 0.0271875781785
330.1 1000 25 1.85628142062 0 0.603103024389 0.394114132631 1 3.368655 0.0968436380331 0.0611994199976
330.2 1000 25 1.85632790817 0 0.603075359956 0.394148609637 1 3.360919 0.072323201693 0.0888429539681
330.3 1000 25 1.85637396578 0 0.603047151307 0.394182981565 1 3.365219 0.0402791995287 0.107242305143
330.4 1000 25 1.8564195232 0 0.603018418626 0.394217230108 1 3.367793 0.00404593590793 0.114483730356
330.5 1000 25 1.85646404864 0 0.602989183192 0.394251356861 1 3.366385 -0.0326067037087 0.10981447929
330.6 1000 25 1.85650849812 0 0.602959456628 0.394285354796 1 3.360244 -0.0658654031804 0.0937210977923
330.7 1000 25 1.85655235347 0 0.602929263189 0.394319225047 1 3.365221 -0.0922703597194 0.0678786109719
330.8 1000 25 1.85659555062 0 0.602898624121 0.394352974885 1 3.361631 -0.109075075768 0.0349761655323
330.9 1000 25 1.85663809063 0 0.602867565501 0.39438663017 1 3.362849 -0.114532114029 -0.00156288290787
331 1000 25 1.85667991506 0 0.602836122403 0.394420116171 1 3.361008 -0.108074520536 -0.0379370700171
331.1 1000 25 1.85672096752 0 0.602804322563 0.394453488525 1 3.356026 -0.0903750865392 -0.0703625125532
331.2 1000 25 1.8567612618 0 0.602772206233 0.394486731349 1 3.362505 -0.0632759856689 -0.0954664683406
331.3 1000 25 1.85680078462 0 0.602739809774 0.394519833292 1 3.36126 -0.0295969814589 -0.11063820245
331.4 1000 25 1.85683937352 0 0.602707190992 0.394552844125 1 3.36728 0.00715787933727 -0.114300505011
331.5 1000 25 1.85687718689 0 0.602674350873 0.394585700239 1 3.365781 0.0431651478572 -0.10607346435
331.6 1000 25 1.85691411549 0 0.602641371292 0.394618395106 1 3.363965 0.0746794584751 -0.0868141348409
331.7 1000 25 1.85695015473 0 0.602608252839 0.39465099124 1 3.367093 0.0984232537794 -0.0585269646135
331.8 1000 25 1.8569852884 0 0.602575054805 0.394683471201 1 3.35954 0.111927733256 -0.0241553127046
331.9 1000 25 1.85701946685 0 0.602541816263 0.394715821773 1 3.361857 0.113789482275 0.0127250147482
332 1000 25 1.85705234511 0 0.602508606918 0.394748054147 1 3.372786 0.103816443454 0.0482776638088
332.1 1000 25 1.85708461337 0 0.602475447566 0.394780110873 1 3.372185 0.0830472534188 0.0788051912134
332.2 1000 25 1.85711593472 0 0.602442363158 0.394812058724 1 3.368609 0.0536436073929 0.101133051386
332.3 1000 25 1.85714587137 0 0.602409424812 0.394843928185 1 3.377887 0.0186649649899 0.112940353458
332.4 1000 25 1.85717521503 0 0.602376653915 0.394875608486 1 3.375053 -0.0182500493184 0.113000375979
332.5 1000 25 1.85720359638 0 0.602344072158 0.394907180276 1 3.371652 -0.0532617609549 0.101308815207
332.6 1000 25 1.85723098497 0 0.602311727887 0.39493863047 1 3.368713 -0.0827292257626 0.0790835508829
332.7 1000 25 1.85725738123 0 0.602279646307 0.394969977397 1 3.364165 -0.103588759578 0.0486377681248
332.8 1000 25 1.85728283483 0 0.602247877771 0.39500118064 1 3.368199 -0.113672560946 0.0131392880466
332.9 1000 25 1.8573067076 0 0.602216430231 0.395032315749 1 3.371896 -0.111933958558 -0.0237192891778
333 1000 25 1.85733025082 0 0.602185336037 0.395063282884 1 3.375882 -0.0985559701168 -0.0581045244041
333.1 1000 25 1.85735285786 0 0.602154605647 0.395094130967 1 3.369853 -0.0749321938939 -0.0864410801608
333.2 1000 25 1.85737451128 0 0.60212426765 0.395124886038 1 3.367659 -0.0435215157067 -0.105783394604
333.3 1000 25 1.85739527023 0 0.602094335842 0.395155520604 1 3.350891 -0.00759201233287 -0.114122011322
333.4 1000 25 1.85741519527 0 0.60206485642 0.395185925507 1 3.372307 0.0291189488466 -0.110592301625
333.5 1000 25 1.85743428412 0 0.602035808371 0.395216240816 1 3.346166 0.0627936285746 -0.0955640679862
333.6 1000 25 1.85745266147 0 0.602007212695 0.39524634902 1 3.367952 0.089930981381 -0.070602889306
333.7 1000 25 1.85746996455 0 0.601979038222 0.395276355194 1 3.370577 0.107710762507 -0.038306925033
333.8 1000 25 1.85748667968 0 0.60195128342 0.395306259072 1 3.371634 0.114286593527 -0.00203641701521
333.9 1000 25 1.85750299047 0 0.601923952273 0.395336127298 1 3.372358 0.108977818538 0.0344358979361
334 1000 25 1.85751836419 0 0.601897003358 0.395365865837 1 3.361287 0.0923395641614 0.0673175444148
334.1 1000 25 1.85753308009 0 0.601870441888 0.395395540734 1 3.335728 0.0661053422114 0.0931902968934
334.2 1000 25 1.8575470165 0 0.601844279091 0.39542518093 1 3.338991 0.0330060173725 0.109365855982
334.3 1000 25 1.85756054793 0 0.601818482975 0.395454605377 1 3.33973 -0.00351457734032 0.114165357713
334.4 1000 25 1.85757353457 0 0.601793066756 0.395483847343 1 3.337539 -0.0396578069294 0.107093303935
334.5 1000 25 1.85758611732 0 0.601767994211 0.395512970987 1 3.338407 -0.0716655421259 0.0888889695349
334.6 1000 25 1.85759817834 0 0.60174325285 0.395541903048 1 3.336589 -0.0962108582994 0.0614491190435
334.7 1000 25 1.85760990563 0 0.601718781288 0.395570732042 1 3.336063 -0.110744093452 0.0276302394943
334.8 1000 25 1.85762127704 0 0.601694515803 0.395599579536 1 3.337744 -0.113757675298 -0.00904874427622
334.9 1000 25 1.8576325277 0 0.601670445231 0.395628484562 1 3.338818 -0.104942530366 -0.0447728212893
335 1000 25 1.85764344227 0 0.601646558573 0.395657244134 1 3.341098 -0.0852197625121 -0.0758275748808
335.1 1000 25 1.85765414237 0 0.601622831718 0.395685912573 1 3.341766 -0.0566444936801 -0.0989856315117
335.2 1000 25 1.85766467607 0 0.601599260234 0.395714498055 1 3.341424 -0.0221916792782 -0.111842003069
335.3 1000 25 1.85767514711 0 0.601575789584 0.395742941357 1 3.338761 0.0145535669639 -0.113064211497
335.4 1000 25 1.85768560344 0 0.601552374122 0.395771303668 1 3.341733 0.0497693288484 -0.102529969112
335.5 1000 25 1.85769599442 0 0.601528999281 0.395799582548 1 3.334858 0.0797942409558 -0.0813397972668
335.6 1000 25 1.85770658241 0 0.601505660257 0.395827815643 1 3.339073 0.101508449709 -0.0517021028089
335.7 1000 25 1.85771710891 0 0.601482305497 0.39585587463 1 3.340029 0.112657498124 -0.0167024408037
335.8 1000 25 1.85772778102 0 0.601458892364 0.395883856521 1 3.336133 0.112086873794 0.0200169133923
335.9 1000 25 1.85773858755 0 0.601435405909 0.395911773074 1 3.333452 0.099861447541 0.0546365565817
336 1000 25 1.85774958637 0 0.601411854614 0.395939559256 1 3.337921 0.0772582156829 0.0835572579596
336.1 1000 25 1.85776081965 0 0.601388174379 0.395967272559 1 3.34005 0.0466328715735 0.103774124841
336.2 1000 25 1.85777237653 0 0.601364368917 0.395994934672 1 3.342502 0.0111744090888 0.113188995619
336.3 1000 25 1.85778419953 0 0.601340403723 0.396022470921 1 3.337116 -0.0254270174997 0.11082813161
336.4 1000 25 1.85779635386 0 0.601316262975 0.396049942297 1 3.333013 -0.0593641783082 0.0969431107214
336.5 1000 25 1.85780884199 0 0.60129194558 0.39607731547 1 3.339179 -0.0871087732744 0.0729840530233
336.6 1000 25 1.85782167969 0 0.601267429562 0.396104624188 1 3.333778 -0.105778457599 0.0414483764389
336.7 1000 25 1.85783499568 0 0.601242726815 0.396131814498 1 3.333908 -0.113436356139 0.0056200295075
336.8 1000 25 1.85784879706 0 0.601217795592 0.396158941327 1 3.336997 -0.109291859042 -0.0307720347408
336.9 1000 25 1.85786306693 0 0.601192642243 0.396186011232 1 3.337505 -0.0937826182615 -0.0639421341774
337 1000 25 1.85787774952 0 0.601167272602 0.396212985495 1 3.331852 -0.0685281550942 -0.0904418326033
337.1 1000 25 1.85789290884 0 0.601141677733 0.396239883376 1 3.333237 -0.0361609580921 -0.107518344504
337.2 1000 25 1.85790863632 0 0.601115854898 0.396266713428 1 3.33561 -5.20307783887e-05 -0.113400604841
337.3 1000 25 1.85792484143 0 0.601089812385 0.396293469463 1 3.338116 0.0360401468002 -0.107483215595
337.4 1000 25 1.85794153454 0 0.601063542007 0.396320173535 1 3.331956 0.0683609395975 -0.0903885243853
337.5 1000 25 1.85795869601 0 0.601037048566 0.396346801828 1 3.338644 0.0935500578247 -0.0639014534264
337.6 1000 25 1.85797642358 0 0.601010351939 0.396373354227 1 3.341984 0.108991164077 -0.030783198436
337.7 1000 25 1.85799466919 0 0.600983446621 0.396399863458 1 3.330701 0.113083479602 0.0055167361971
337.8 1000 25 1.85801344651 0 0.600956367495 0.396426330297 1 3.340012 0.10540802653 0.0412197350914
337.9 1000 25 1.8580326957 0 0.60092910607 0.396452679741 1 3.355339 0.0867702974268 0.0726113268676
338 1000 25 1.85805223109 0 0.600901658094 0.396479012624 1 3.380131 0.0591162360292 0.0964278084243
338.1 1000 25 1.85807251747 0 0.600874040259 0.396505266689 1 3.363199 0.0253286266486 0.11019548869
338.2 1000 25 1.85809325554 0 0.600846272481 0.396531466928 1 3.364144 -0.0110728858024 0.112487787316
338.3 1000 25 1.85811453123 0 0.600818378101 0.396557657104 1 3.366842 -0.0462987100692 0.103073270015
338.4 1000 25 1.85813616241 0 0.600790361627 0.396583741483 1 3.358759 -0.07668395284 0.0829383884395
338.5 1000 25 1.85815825799 0 0.60076221553 0.39660979698 1 3.356582 -0.0990692621626 0.0541851484439
338.6 1000 25 1.85818077229 0 0.600733970721 0.396635808135 1 3.358914 -0.11112978148 0.0198111643728
338.7 1000 25 1.85820342358 0 0.600705631218 0.396661825352 1 3.357701 -0.111616457172 -0.0166026792252
338.8 1000 25 1.85822663216 0 0.600677243791 0.396687741677 1 3.378635 -0.100485740594 -0.0512652037338
338.9 1000 25 1.85825021108 0 0.60064878371 0.396713640151 1 3.365217 -0.0789030216127 -0.0805696832683
339 1000 25 1.85827408943 0 0.60062027217 0.396739522037 1 3.368755 -0.0491210481138 -0.101469101654
339.1 1000 25 1.85829821127 0 0.600591764795 0.396765278097 1 3.380727 -0.0142447412615 -0.111793057551
339.2 1000 25 1.85832259082 0 0.600563277785 0.396790991447 1 3.381108 0.0220924443774 -0.110473159808
339.3 1000 25 1.85834711753 0 0.600534777533 0.396816639422 1 3.371461 0.0561070755308 -0.0976537189764
339.4 1000 25 1.8583718642 0 0.60050624658 0.396842330669 1 3.367432 0.0842595243347 -0.0746759703826
339.5 1000 25 1.85839677904 0 0.600477714422 0.396868074825 1 3.367561 0.103622407616 -0.0439379642254
339.6 1000 25 1.85842177121 0 0.600449205622 0.39689382072 1 3.368168 0.112185008254 -0.00864430675756
339.7 1000 25 1.85844685855 0 0.600420772494 0.39691946299 1 3.366192 0.109062109962 0.0275279141323
339.8 1000 25 1.85847192375 0 0.600392410836 0.396945035717 1 3.361982 0.0945855114149 0.0608121177122
339.9 1000 25 1.85849702336 0 0.600364135856 0.396970520493 1 3.366608 0.070268966322 0.087744468213
340 1000 25 1.85852201288 0 0.600335956082 0.396995990103 1 3.368679 0.0386499590282 0.10552437344
340.1 1000 25 1.85854705998 0 0.600307745529 0.397021664121 1 3.367576 0.00302473107704 0.112305511598
340.2 1000 25 1.85857200254 0 0.600279620804 0.39704733646 1 3.366876 -0.0328948574825 0.107387898632
340.3 1000 25 1.85859680094 0 0.600251577823 0.397073028412 1 3.366426 -0.0653683064048 0.0912899795409
340.4 1000 25 1.85862140989 0 0.600223632637 0.397098715849 1 3.362721 -0.0910158953319 0.065694186776
340.5 1000 25 1.85864579548 0 0.600195792859 0.397124414006 1 3.363965 -0.107170408419 0.0332710599581
340.6 1000 25 1.85866991964 0 0.600168066791 0.397150096309 1 3.376553 -0.112154576392 -0.00259924182814
340.7 1000 25 1.85869377959 0 0.600140462196 0.397175799598 1 3.352319 -0.105455135731 -0.0381793000236
340.8 1000 25 1.85871730104 0 0.600112960288 0.397201511937 1 3.365416 -0.0877758773293 -0.0697637714517
340.9 1000 25 1.85874047887 0 0.600085592508 0.397227220206 1 3.370336 -0.0609636637554 -0.0940652429087
341 1000 25 1.85876325875 0 0.600058350993 0.397252936047 1 3.365571 -0.0278155854051 -0.108556362056
341.1 1000 25 1.85878563962 0 0.600031256688 0.397278639825 1 3.369351 0.00821271280286 -0.111732792366
341.2 1000 25 1.85880753958 0 0.600004279235 0.397304379721 1 3.379258 0.0433672984363 -0.103269143789
341.3 1000 25 1.85882906033 0 0.599977445078 0.397330128614 1 3.37212 0.0739869727144 -0.084052640891
341.4 1000 25 1.85885006193 0 0.599950768094 0.397355866159 1 3.376509 0.0968846350372 -0.0560899973816
341.5 1000 25 1.85887056234 0 0.599924229848 0.397381639416 1 3.369841 0.10967876059 -0.0222979156239
341.6 1000 25 1.8588905457 0 0.599897845552 0.397407406892 1 3.377341 0.111041346362 0.0138009911511
341.7 1000 25 1.85890986893 0 0.599871622861 0.3974331995 1 3.3713 0.100835605984 0.0484453463441
341.8 1000 25 1.85892860215 0 0.599845563494 0.397459006638 1 3.375576 0.0801298591608 0.0780269960254
341.9 1000 25 1.85894687581 0 0.599819679355 0.397484811508 1 3.371098 0.0510856067766 0.0994666697628
342 1000 25 1.85896450501 0 0.599793983977 0.397510630586 1 3.371517 0.0167320423062 0.110534392565
342.1 1000 25 1.8589815368 0 0.59976848408 0.397536439298 1 3.373803 -0.0193498614373 0.110081677121
342.2 1000 25 1.85899788351 0 0.599743170189 0.397562326378 1 3.374153 -0.0534005443935 0.0981605117689
342.3 1000 25 1.8590137102 0 0.599718047867 0.397588166752 1 3.374524 -0.0818735556992 0.076017264382
342.4 1000 25 1.85902875165 0 0.599693113895 0.397614083746 1 3.375467 -0.101804731079 0.0459630214298
342.5 1000 25 1.85904319651 0 0.599668430945 0.397639973206 1 3.376685 -0.111121174804 0.0111319084365
342.6 1000 25 1.85905712847 0 0.599643969086 0.397665821756 1 3.373325 -0.108856196848 -0.0248454940698
342.7 1000 25 1.85907057663 0 0.599619755911 0.397691727211 1 3.374816 -0.0952501308528 -0.0582205021077
342.8 1000 25 1.85908327047 0 0.599595764094 0.397717596625 1 3.372376 -0.0717247191058 -0.0855168659479
342.9 1000 25 1.8590953736 0 0.599572048094 0.397743510505 1 3.375189 -0.0407345293813 -0.103892960247
343 1000 25 1.85910685136 0 0.599548566742 0.397769388025 1 3.37055 -0.00551097939708 -0.111437228473
343.1 1000 25 1.85911767357 0 0.599525383374 0.397795302808 1 3.372282 0.0302745996959 -0.107367486124
343.2 1000 25 1.85912799226 0 0.599502449421 0.397821185292 1 3.369467 0.0628935022068 -0.0921115382426
343.3 1000 25 1.85913772751 0 0.599479801332 0.397847071902 1 3.372952 0.0889481735708 -0.0672626438106
343.4 1000 25 1.8591467711 0 0.599457457252 0.397873000897 1 3.378132 0.105726092836 -0.0354129068721
343.5 1000 25 1.85915544352 0 0.599435394703 0.397898889317 1 3.37409 0.111481843014 0.000116992478947
343.6 1000 25 1.85916360636 0 0.599413636281 0.397924778317 1 3.372812 0.105619122047 0.0356239088421
343.7 1000 25 1.85917097001 0 0.59939226078 0.397950574972 1 3.379762 0.0887522911086 0.0674082565086
343.8 1000 25 1.85917816421 0 0.599371164823 0.397976351735 1 3.371286 0.0626417962817 0.0921591967122
343.9 1000 25 1.85918492164 0 0.599350372386 0.398002156385 1 3.370921 0.0300109248116 0.107299757087
344 1000 25 1.85919119266 0 0.599329908002 0.398028012741 1 3.371411 -0.00573851683417 0.111255008737
344.1 1000 25 1.85919712458 0 0.599309744031 0.398053826013 1 3.366267 -0.0408807035602 0.103615557326
344.2 1000 25 1.85920267851 0 0.599289911218 0.398079599116 1 3.374379 -0.0717539556928 0.0851804298844
344.3 1000 25 1.85920786808 0 0.59927041265 0.398105318786 1 3.372745 -0.0951423103733 0.0578732296666
344.4 1000 25 1.85921270879 0 0.599251277792 0.398131021767 1 3.373506 -0.108610491959 0.024541447295
344.5 1000 25 1.85921730097 0 0.599232446617 0.398156639504 1 3.364656 -0.110757313191 -0.0113403351954
344.6 1000 25 1.85922173307 0 0.599213825145 0.398182505007 1 3.365228 -0.101361540186 -0.0460325937138
344.7 1000 25 1.85922593906 0 0.599195513155 0.39820836368 1 3.365058 -0.0814046802447 -0.0759205836284
344.8 1000 25 1.85922996139 0 0.599177493029 0.398234228966 1 3.374095 -0.0529684099107 -0.0978908204789
344.9 1000 25 1.85923382171 0 0.599159762018 0.398260089063 1 3.377655 -0.0190175286849 -0.109655473748
345 1000 25 1.85923734494 0 0.599142335233 0.398285950426 1 3.382319 0.0169091398826 -0.109990587442
345.1 1000 25 1.85924097901 0 0.599125169768 0.398311771231 1 3.376056 0.0510675713201 -0.0988631151271
345.2 1000 25 1.85924454584 0 0.599108258912 0.398337597176 1 3.387643 0.0798985757394 -0.0774345454451
345.3 1000 25 1.85924805417 0 0.599091588719 0.398363429119 1 3.378395 0.100398678609 -0.047939479102
345.4 1000 25 1.85925152921 0 0.599075150695 0.398389252604 1 3.381325 0.110432914678 -0.013452663292
345.5 1000 25 1.85925501435 0 0.59905894904 0.398415037946 1 3.381685 0.108957178056 0.0224315172921
345.6 1000 25 1.85925852597 0 0.59904295213 0.398440872908 1 3.378389 0.0961267572048 0.0559735913113
345.7 1000 25 1.85926209531 0 0.599027126992 0.398466639251 1 3.369945 0.0732800404499 0.0836785841672
345.8 1000 25 1.85926573774 0 0.599011468982 0.398492390662 1 3.373978 0.0427989084322 0.102660188646
345.9 1000 25 1.85926946554 0 0.598995953551 0.398518138625 1 3.358161 0.00786045769297 0.110941348675
346 1000 25 1.85927330101 0 0.598980568418 0.398543869037 1 3.355085 -0.0278941159257 0.107660189291
346.1 1000 25 1.85927726544 0 0.59896528623 0.398569587006 1 3.359338 -0.0607389616911 0.0931596456119
346.2 1000 25 1.8592813584 0 0.598950089117 0.398595277432 1 3.363319 -0.0872517808885 0.0689516595868
346.3 1000 25 1.85928553369 0 0.598934955154 0.398621000079 1 3.370183 -0.104670389273 0.0375595262077
346.4 1000 25 1.85928997297 0 0.598919865547 0.398646600733 1 3.36845 -0.111180185526 0.00225475083354
346.5 1000 25 1.85929459245 0 0.598904790555 0.39867216797 1 3.368531 -0.106103479773 -0.0332835685179
346.6 1000 25 1.85929940998 0 0.598889704553 0.398697696387 1 3.378182 -0.0899698218994 -0.0653522808594
346.7 1000 25 1.85930434611 0 0.598874595967 0.398723220125 1 3.374112 -0.0644607564237 -0.0906100652498
346.8 1000 25 1.85930958052 0 0.598859409205 0.39874865588 1 3.372887 -0.0322346097373 -0.106425000428
346.9 1000 25 1.85931502626 0 0.598844129439 0.398774057764 1 3.365881 0.00335051032486 -0.111149523744
347 1000 25 1.85932071159 0 0.598828737732 0.398799398098 1 3.362768 0.0385866537856 -0.104291468869
347.1 1000 25 1.85932657262 0 0.598813209017 0.398824680632 1 3.363576 0.0698022594045 -0.0865655158693
347.2 1000 25 1.85933270166 0 0.598797505558 0.398849914274 1 3.365187 0.093744833921 -0.0598187094171
347.3 1000 25 1.8593390372 0 0.598781617037 0.398875061616 1 3.367008 0.107919576053 -0.0268377684788
347.4 1000 25 1.85934564435 0 0.598765518141 0.398900136173 1 3.362787 0.110849410115 0.0089409769183
347.5 1000 25 1.85935247962 0 0.598749190522 0.398925108901 1 3.362685 0.102228901051 0.0437897400483
347.6 1000 25 1.8593595185 0 0.598732588699 0.398950023611 1 3.365167 0.0829557382345 0.0740775746451
347.7 1000 25 1.85936681644 0 0.598715715729 0.39897482083 1 3.362625 0.0550376310729 0.0966486596194
347.8 1000 25 1.859374326 0 0.598698524723 0.398999548494 1 3.364165 0.0213828753713 0.109150944925
347.9 1000 25 1.85938208768 0 0.598681013553 0.399024162394 1 3.364481 -0.0145024859106 0.110281419207
348 1000 25 1.8593900154 0 0.598663152336 0.399048675585 1 3.365626 -0.0488798940438 0.0999215553148
348.1 1000 25 1.85939822086 0 0.598644932875 0.399073079707 1 3.370952 -0.0781676876398 0.0791499213814
348.2 1000 25 1.85940664563 0 0.598626346209 0.399097355293 1 3.365689 -0.0993143268307 0.0501297935904
348.3 1000 25 1.85941527374 0 0.59860737032 0.399121509216 1 3.366796 -0.110116113581 0.0158837636853
348.4 1000 25 1.85942401577 0 0.598588007266 0.399145573845 1 3.366425 -0.109446897569 -0.0200209939804
348.5 1000 25 1.85943288672 0 0.598568221346 0.399169492088 1 3.368205 -0.097375352856 -0.053844237957
348.6 1000 25 1.85944211014 0 0.598548009177 0.399193259007 1 3.368712 -0.0751577940581 -0.0820623328082
348.7 1000 25 1.85945135263 0 0.598527372433 0.399216973318 1 3.378467 -0.0451077056089 -0.101735206336
348.8 1000 25 1.85946094356 0 0.598506315029 0.399240470829 1 3.370809 -0.0103544166717 -0.110812690095
348.9 1000 25 1.85947071864 0 0.598484814331 0.39926380368 1 3.366392 0.0254824324163 -0.108347953366
349 1000 25 1.85948053553 0 0.598462890422 0.39928701524 1 3.36643 0.0586701086852 -0.0945964716128
349.1 1000 25 1.85949064125 0 0.598440519882 0.399310041949 1 3.366152 0.0857513956674 -0.0709891499871
349.2 1000 25 1.85950088531 0 0.59841774839 0.399332837189 1 3.372428 0.103904783 -0.0399837189846
349.3 1000 25 1.85951113567 0 0.598394574214 0.399355433913 1 3.440826 0.111238424494 -0.00480860169169
349.4 1000 25 1.85952167637 0 0.598370967538 0.399377878369 1 3.448729 0.106986910435 0.0308731215817
349.5 1000 25 1.85953224732 0 0.598346946617 0.399400249262 1 3.453272 0.0915916603264 0.0633452147652
349.6 1000 25 1.85954310629 0 0.598322531822 0.399422369173 1 3.449707 0.0666542876242 0.0892254055121
349.7 1000 25 1.85955410384 0 0.598297744328 0.399444291734 1 3.439027 0.0347706673227 0.10581738202
349.8 1000 25 1.85956523402 0 0.598272598867 0.399466007235 1 3.434787 -0.000739741291831 0.111391881462
349.9 1000 25 1.85957644119 0 0.598247123083 0.399487491315 1 3.43607 -0.0361794741798 0.105366792695
350 1000 25 1.85958787953 0 0.59822120922 0.399509033643 1 3.447956 -0.0678578078191 0.0883677578381
350.1 1000 25 1.85959945599 0 0.598194979839 0.399530409367 1 3.441719 -0.0924754163608 0.0621633701293
350.2 1000 25 1.85961117026 0 0.598168453856 0.399551618889 1 3.432877 -0.107467753897 0.029480954834
350.3 1000 25 1.85962289682 0 0.598141668296 0.399572662804 1 3.44294 -0.111272272343 -0.00627729560452
350.4 1000 25 1.85963490535 0 0.59811461996 0.399593539465 1 3.466492 -0.103491000757 -0.0413884784753
350.5 1000 25 1.85964704994 0 0.598087352893 0.399614244904 1 3.458036 -0.0849324443099 -0.0721965930501
350.6 1000 25 1.85965935931 0 0.598059881305 0.399634796268 1 3.454143 -0.0575272493963 -0.0954932042633
350.7 1000 25 1.85967182564 0 0.598032241557 0.399655190362 1 3.476966 -0.0241274413119 -0.108851568716
350.8 1000 25 1.85968445805 0 0.598004456882 0.399675440356 1 3.480886 0.0117904829992 -0.110879352158
350.9 1000 25 1.85969726596 0 0.597976559811 0.399695537838 1 3.470305 0.0464874074381 -0.101363704511
351 1000 25 1.85971025298 0 0.597948592614 0.399715458056 1 3.448785 0.0763508775952 -0.0812935622976
351.1 1000 25 1.85972344641 0 0.597920562797 0.399735243219 1 3.461875 0.0982711694729 -0.0527567303539
351.2 1000 25 1.8597368394 0 0.597892512873 0.399754891928 1 3.472946 0.109965085722 -0.0187227645097
351.3 1000 25 1.85975044472 0 0.597864469782 0.399774399893 1 3.447896 0.110213797903 0.0172661788061
351.4 1000 25 1.8597642775 0 0.597836478737 0.399793740538 1 3.446669 0.0989897481517 0.0514640155673
351.5 1000 25 1.85977837483 0 0.597808550706 0.399812960293 1 3.451597 0.0774596154855 0.0803106343594
351.6 1000 25 1.85979272131 0 0.597780732195 0.399832062113 1 3.441034 0.0478629441369 0.100802626545
351.7 1000 25 1.85980735715 0 0.597753034571 0.399851009813 1 3.42327 0.0132795714397 0.110805616771
351.8 1000 25 1.85982230211 0 0.597725486936 0.399869841842 1 3.408788 -0.0226916058624 0.109277066002
351.9 1000 25 1.85983754393 0 0.597698116807 0.399888566171 1 3.415647 -0.0563066986276 0.0963745288896
352 1000 25 1.85985313949 0 0.597670957854 0.399907163647 1 3.41018 -0.0840666795094 0.0734394378787
352.1 1000 25 1.85986907012 0 0.597644025085 0.399925658755 1 3.433516 -0.10308152219 0.0428575615265
352.2 1000 25 1.85988538853 0 0.597617341464 0.399944059091 1 3.411002 -0.111371103038 0.0078108029943
352.3 1000 25 1.85990211394 0 0.597590936184 0.399962329413 1 3.405034 -0.108071360525 -0.0280538695775
352.4 1000 25 1.85991924637 0 0.597564820028 0.399980522376 1 3.41747 -0.0935243157469 -0.0610040163446
352.5 1000 25 1.85993682985 0 0.597539011942 0.399998601643 1 3.490445 -0.0692426145461 -0.087610179266
352.6 1000 25 1.85995488737 0 0.597513523346 0.400016596741 1 3.48133 -0.0377520928543 -0.10510279687
352.7 1000 25 1.8599734457 0 0.597488366488 0.40003450483 1 3.477846 -0.00232903389632 -0.111660497731
352.8 1000 25 1.85999248378 0 0.597463556344 0.400052307803 1 3.468513 0.0333407191195 -0.106599694754
352.9 1000 25 1.86001202378 0 0.597439083415 0.400070060055 1 3.417672 0.0655453108541 -0.0904458961666
353 1000 25 1.86003216477 0 0.597414958194 0.400087719102 1 3.416298 0.0909332429677 -0.0648789815959
353.1 1000 25 1.86005292988 0 0.597391189417 0.400105300178 1 3.413873 0.106862116199 -0.032558554971
353.2 1000 25 1.86007433092 0 0.597367755641 0.400122841154 1 3.395236 0.111673563647 0.00315290172476
353.3 1000 25 1.86009636627 0 0.597344667489 0.400140302693 1 3.358609 0.104866157536 0.0385398369413
353.4 1000 25 1.86011907593 0 0.59732190344 0.400157718273 1 3.362431 0.0871472138963 0.0699200804673
353.5 1000 25 1.86014245431 0 0.597299481987 0.400175058716 1 3.362132 0.0603596166829 0.0940284401564
353.6 1000 25 1.86016656154 0 0.597277367155 0.400192358189 1 3.35976 0.0272898309179 0.108355916994
353.7 1000 25 1.86019139571 0 0.597255546033 0.400209618175 1 3.358728 -0.00862178127447 0.111411167398
353.8 1000 25 1.86021697713 0 0.597234062029 0.400226765544 1 3.361659 -0.0436391207264 0.102875676762
353.9 1000 25 1.86024332548 0 0.597212832822 0.400243834471 1 3.357539 -0.0741187645589 0.0836367214268
354 1000 25 1.86027039283 0 0.597191864688 0.400260884568 1 3.36307 -0.0968894241441 0.0556954429178
354.1 1000 25 1.86029832476 0 0.59717108981 0.400277879876 1 3.36379 -0.109581733444 0.0219583307618
354.2 1000 25 1.86032707902 0 0.597150518784 0.400294818469 1 3.364223 -0.110874784678 -0.0140649447428
354.3 1000 25 1.86035665416 0 0.597130096431 0.400311793503 1 3.364679 -0.100633687624 -0.0486268289158
354.4 1000 25 1.86038716303 0 0.597109776387 0.400328840683 1 3.36687 -0.0799233337077 -0.078131674786
354.5 1000 25 1.86041855859 0 0.597089559041 0.400345894979 1 3.359238 -0.0508980045234 -0.0995098658263
354.6 1000 25 1.86045065073 0 0.597069409008 0.400363030618 1 3.360204 -0.0165770357576 -0.110537299969
354.7 1000 25 1.86048382844 0 0.597049320415 0.400380079996 1 3.364653 0.0194693795183 -0.110066483503
354.8 1000 25 1.86051788539 0 0.597029248708 0.400397140148 1 3.362001 0.0534913845382 -0.0981462607719
354.9 1000 25 1.8605526554 0 0.597009149407 0.400414296614 1 3.362865 0.0819497143577 -0.0760166840169
355 1000 25 1.86058851566 0 0.596989027102 0.400431369787 1 3.36027 0.10188419155 -0.0459794299605
355.1 1000 25 1.86062526942 0 0.596968819466 0.400448480896 1 3.35999 0.111220980238 -0.0111591975597
355.2 1000 25 1.86066293463 0 0.596948503139 0.400465620733 1 3.361028 0.108988912209 0.0248219334443
355.3 1000 25 1.8607015032 0 0.596928055333 0.400482791111 1 3.359221 0.0954202246884 0.058221157184
355.4 1000 25 1.86074115159 0 0.596907432339 0.400500074984 1 3.364985 0.0719265430272 0.0855642848327
355.5 1000 25 1.86078145269 0 0.596886622589 0.400517323457 1 3.357881 0.0409517146801 0.1040073069
355.6 1000 25 1.86082262484 0 0.596865593187 0.400534632957 1 3.359247 0.00571785240383 0.111631945441
355.7 1000 25 1.86086462257 0 0.596844313457 0.400552003689 1 3.355846 -0.0301099864972 0.107645408096
355.8 1000 25 1.86090747431 0 0.596822769218 0.400569429105 1 3.359203 -0.0628051907437 0.0924627255757
355.9 1000 25 1.86095108177 0 0.596800942129 0.400586900223 1 3.363474 -0.088967058194 0.0676634905333
356 1000 25 1.86099537097 0 0.596778814531 0.400604428047 1 3.361825 -0.105874676756 0.0358275907062
356.1 1000 25 1.86104055069 0 0.596756371121 0.400622029499 1 3.358372 -0.111769868737 0.000266554908574
356.2 1000 25 1.86108642663 0 0.596733586635 0.400639726351 1 3.357718 -0.106039984572 -0.0353205963402
356.3 1000 25 1.86113302466 0 0.596710465782 0.400657497735 1 3.363672 -0.0892816162483 -0.0672324382805
356.4 1000 25 1.86118026422 0 0.59668699743 0.400675359524 1 3.355436 -0.0632384255958 -0.0921500145085
356.5 1000 25 1.86122814739 0 0.596663181163 0.400693287449 1 3.357455 -0.0306197727998 -0.10748215013
356.6 1000 25 1.86127649289 0 0.596639045787 0.400711240064 1 3.367764 0.00518144885221 -0.111634788956
356.7 1000 25 1.86132555822 0 0.596614533311 0.400729345054 1 3.357579 0.0404411854242 -0.10417684727
356.8 1000 25 1.86137515063 0 0.59658966993 0.400747576468 1 3.360052 0.0714923256629 -0.0858848941369
356.9 1000 25 1.8614251952 0 0.596564471106 0.400765910708 1 3.353698 0.0951057283442 -0.0586623319859
357 1000 25 1.86147573224 0 0.596538954976 0.400784333365 1 3.3584 0.108826148355 -0.0253411770678
357.1 1000 25 1.8615266412 0 0.596513128686 0.400802871682 1 3.358904 0.111227478063 0.010612441745
357.2 1000 25 1.86157791728 0 0.596487009852 0.400821516614 1 3.354253 0.102061099869 0.0454589494089
357.3 1000 25 1.86162954014 0 0.596460641934 0.400840228129 1 3.359317 0.0822815168696 0.0755743655617
357.4 1000 25 1.86168128228 0 0.596434025604 0.400859069822 1 3.359089 0.0539469016107 0.0978271192881
357.5 1000 25 1.86173345793 0 0.59640718798 0.400878003089 1 3.361116 0.0200051405997 0.109903699558
357.6 1000 25 1.86178585056 0 0.596380149179 0.400897053751 1 3.362483 -0.0160131699557 0.11054933282
357.7 1000 25 1.86183839524 0 0.596352937124 0.40091623502 1 3.36418 -0.0503617846773 0.0996982066476
357.8 1000 25 1.86189101437 0 0.596325578375 0.400935543952 1 3.379025 -0.0794686984124 0.0784803910236
357.9 1000 25 1.86194364302 0 0.596298114156 0.400954964793 1 3.359356 -0.100307416547 0.0491038763182
358 1000 25 1.86199641889 0 0.596270599049 0.400974466853 1 3.363465 -0.110711969639 0.014624833257
358.1 1000 25 1.86204916452 0 0.596243033329 0.400994111453 1 3.359693 -0.109601729151 -0.0213701678526
358.2 1000 25 1.86210187424 0 0.596215450958 0.401013885748 1 3.355673 -0.0970938491961 -0.0551374628873
358.3 1000 25 1.86215456697 0 0.596187888007 0.401033764665 1 3.365415 -0.0744908489998 -0.0831657542273
358.4 1000 25 1.86220696443 0 0.596160404134 0.401053733255 1 3.364156 -0.044144910764 -0.102540996403
358.5 1000 25 1.86225936346 0 0.596133024007 0.401073821062 1 3.361025 -0.00921319005019 -0.111249655922
358.6 1000 25 1.8623115496 0 0.596105753032 0.401094037469 1 3.35793 0.0266707694154 -0.108387724711
358.7 1000 25 1.86236355805 0 0.596078620703 0.401114355407 1 3.359039 0.0597749405265 -0.0942549110438
358.8 1000 25 1.86241531773 0 0.596051651603 0.401134786092 1 3.359749 0.0866571120308 -0.0703229085072
358.9 1000 25 1.86246678124 0 0.596024891056 0.401155340294 1 3.354704 0.104522734855 -0.0390823381503
359 1000 25 1.8625179625 0 0.595998350593 0.40117603698 1 3.363764 0.111515613411 -0.00378359834158
359.1 1000 25 1.86256863676 0 0.595972022865 0.401196875424 1 3.361414 0.106910577513 0.0319019414431
359.2 1000 25 1.86261912194 0 0.595945956135 0.401217749121 1 3.359256 0.0911885991642 0.0642628112712
359.3 1000 25 1.86266902101 0 0.595920153061 0.401238751096 1 3.373186 0.0659870496873 0.0899343065871
359.4 1000 25 1.8627187719 0 0.595894628196 0.401259833751 1 3.360865 0.0339287288968 0.10624802123
359.5 1000 25 1.86276810222 0 0.59586940358 0.401281020628 1 3.360363 -0.00165097720651 0.111509375083
359.6 1000 25 1.86281680724 0 0.595844486757 0.401302289333 1 3.359977 -0.0370511960741 0.105173620603
359.7 1000 25 1.86286529032 0 0.595819843758 0.401323676342 1 3.361016 -0.0685903874405 0.0879020774211
359.8 1000 25 1.86291300379 0 0.595795498759 0.401345151897 1 3.363729 -0.0929895380427 0.0614935072365
359.9 1000 25 1.8629605804 0 0.595771434388 0.401366736423 1 3.370945 -0.107712765358 0.0286962863874
360 1000 25 1.86300769859 0 0.595747653607 0.401388412981 1 3.368634 -0.111231182867 -0.00707723693126
