# SIAM excitation B=c_0up^dag|gs> (normalized), method=fbr
# L=1000 U=0.05 V=0.1 dt=0.1 tmax=500 max_bond_dim=1024 mps_cutoff=1e-08 activity_tol=1e-08
# gs loaded from cache app/output/gs_cache/siam_L1000_U0.05 gs_n_active=19 gs_bond_dim=18
# nrm=0.707149375436
# t  n_active  bond_dim  renyi_half  renyi_sum  slater_activity  n0up  n0dw  norm  wall_s  ReA  ImA
0 19 18 0.795944951632 2.0645110188 6.94543284753e-10 1 0.619256109464 1 0.064111 0 0
0.1 20 14 0.795537762012 1.80450804836 2.8413366027e-10 0.999960897484 0.619246304923 0.99999988342 0.455833 0 0
0.2 18 14 0.795474584958 1.84167801346 4.71661371746e-09 0.999843762804 0.619216883954 0.999999905861 0.458893 0 0
0.3 17 14 0.79542448939 1.87241663389 6.10006101187e-09 0.999648789396 0.619167885002 0.999999919258 0.365032 0 0
0.4 18 14 0.795405994909 1.90051793546 8.85609260025e-09 0.999376471403 0.619099393003 0.999999953777 0.443215 0 0
0.5 16 12 0.795389092139 1.92743758534 8.16200218523e-09 0.999027530915 0.619011480422 0.999999938133 0.362916 0 0
0.6 16 12 0.795370409972 1.9531183972 1.65939184615e-09 0.998602868371 0.618904320566 0.999999931698 0.516892 0 0
0.7 17 11 0.795397221261 1.97821911207 9.30553079037e-10 0.99810359103 0.618778028256 0.999999938361 0.516038 0 0
0.8 16 11 0.79542034471 2.00296701583 6.79023215433e-09 0.997530957099 0.618632793899 0.999999956549 0.446445 0 0
0.9 16 10 0.79545656632 2.02474107857 6.82548773057e-09 0.996886445345 0.618468825518 0.999999945573 0.515261 0 0
1 17 10 0.795515544543 2.04542105796 1.93644058166e-10 0.996171705911 0.61828633855 0.999999957092 0.513962 0 0
1.1 16 10 0.795580613259 2.06406432951 9.9516128671e-09 0.99538855543 0.618085596461 0.999999949343 0.443055 0 0
1.2 17 10 0.79565189325 2.08062292911 2.44159687315e-10 0.994538961508 0.61786688107 0.999999949567 0.513825 0 0
1.3 16 10 0.795732444273 2.09573127243 9.95835036655e-09 0.993625017337 0.617630481519 0.999999937606 0.444514 0 0
1.4 17 10 0.795818234441 2.10898843842 2.9093302543e-10 0.992649019678 0.617376726846 0.999999954579 0.511433 0 0
1.5 17 10 0.795915273297 2.12153125587 3.1262194732e-10 0.991613295508 0.617105932491 0.999999944667 0.442062 0 0
1.6 17 10 0.796015354192 2.13273331888 3.33034862405e-10 0.990520405799 0.616818463728 0.999999947786 0.444114 0 0
1.7 17 10 0.796127842495 2.14337932912 3.52072681846e-10 0.989372919463 0.616514677695 0.999999953699 0.444536 0 0
1.8 17 10 0.796244289747 2.1531860244 3.69644179318e-10 0.988173557242 0.616194957456 0.999999952577 0.444359 0 0
1.9 17 10 0.796368637496 2.16255637508 3.85666429197e-10 0.986925101504 0.615859682788 0.999999937901 0.441105 0 0
2 17 10 0.796495280128 2.17136306482 4.00065193224e-10 0.985630450064 0.615509270553 0.999999951073 0.4424 0 0
2.1 17 10 0.796629941292 2.17988978648 4.12775247832e-10 0.984292436415 0.615144117025 0.99999995975 0.515002 0 0
2.2 17 10 0.796770631414 2.18813612485 4.23740651413e-10 0.982914047243 0.614764643762 0.999999955574 0.515008 0 0
2.3 17 10 0.796915763827 2.19610231476 4.32914979428e-10 0.981498292782 0.614371269298 0.999999950451 0.518731 0 0
2.4 17 10 0.797070671313 2.20402771848 4.40261485063e-10 0.980048182412 0.613964417439 0.999999964228 0.516513 0 0
2.5 17 10 0.797226616891 2.21159121029 4.45753226112e-10 0.978566726319 0.613544515269 0.999999947336 0.444713 0 0
2.6 17 10 0.797391568234 2.21919285683 4.4937315201e-10 0.977056943822 0.61311199538 0.999999965755 0.521396 0 0
2.7 17 10 0.797561343946 2.22660903309 4.51114149796e-10 0.975521813851 0.612667278917 0.999999959734 0.441339 0 0
2.8 17 10 0.797734183582 2.23374620188 4.50979070402e-10 0.973964318579 0.612210791517 0.999999956034 0.445103 0 0
2.9 17 10 0.797911733355 2.24086672322 4.48980713178e-10 0.972387354213 0.611742953075 0.999999953819 0.521229 0 0
3 17 10 0.798095342488 2.24786180268 4.4514178982e-10 0.970793806555 0.611264185394 0.999999955236 0.446332 0 0
3.1 17 10 0.798280991384 2.25463586448 4.39494871065e-10 0.969186468961 0.610774893351 0.999999950893 0.446776 0 0
3.2 17 10 0.798474993007 2.26140208021 4.32082310348e-10 0.967568065204 0.61027548605 0.999999947829 0.516155 0 0
3.3 17 10 0.79867450106 2.26810745268 4.22956118121e-10 0.96594127264 0.609766345311 0.999999960309 0.446538 0 0
3.4 16 10 0.798878749613 2.27468972136 9.93157023288e-09 0.964308600646 0.609247861048 0.999999956923 0.445824 0 0
3.5 16 10 0.799091154465 2.28106899367 9.13883868581e-09 0.962672520039 0.608720408018 0.999999957504 0.514727 0 0
3.6 17 10 0.799309050228 2.28720370909 3.85958032196e-10 0.961035366189 0.608184357157 0.99999995589 0.512464 0 0
3.7 17 10 0.799529913245 2.29306022554 3.70685688986e-10 0.959399361555 0.607640056847 0.999999949014 0.444953 0 0
3.8 16 10 0.799757483125 2.29896914156 7.38670991041e-09 0.957766616272 0.607087847769 0.999999950285 0.51854 0 0
3.9 16 10 0.799994421632 2.30516079154 3.92562238272e-09 0.956139106592 0.606528056285 0.9999999512 0.514078 0 0
4 16 10 0.800242357168 2.31090747506 2.95847812914e-09 0.954518670386 0.605961002915 0.999999951084 0.514419 0 0
4.1 16 10 0.800499670162 2.31596648391 2.97554921985e-10 0.952907016988 0.605386992543 0.999999967107 0.520203 0 0
4.2 16 10 0.800767656005 2.32188847609 9.00355234812e-10 0.951305724894 0.604806296037 0.999999962647 0.438488 0 0
4.3 16 10 0.801043765613 2.32781284349 4.72867189849e-10 0.949716211589 0.604219207055 0.999999965587 0.438668 0 0
4.4 16 10 0.801329963804 2.33377691118 4.8392478913e-10 0.948139754975 0.603625977651 0.999999969933 0.439597 0 0
4.5 16 11 0.801625085495 2.33985613799 4.94247087701e-10 0.946577503442 0.603026856819 0.999999972725 0.439791 0 0
4.6 16 11 0.801928066708 2.34563762968 5.03795449802e-10 0.945030451802 0.602422081203 0.999999963318 0.441028 0 0
4.7 16 10 0.802238003991 2.35108952933 5.12534126251e-10 0.943499470072 0.601811874389 0.999999957417 0.441194 0 0
4.8 16 11 0.802555908787 2.35698243474 5.20431031603e-10 0.941985238272 0.601196440735 0.999999967024 0.51606 0 0
4.9 16 11 0.80288105042 2.36262482516 5.27456189836e-10 0.940488374914 0.600575977497 0.999999948881 0.440164 0 0
5 16 11 0.803214150493 2.36845901489 5.33582289464e-10 0.939009358029 0.599950669535 0.999999956919 0.513658 0 0
5.1 16 11 0.803556248001 2.3743970941 5.38783462289e-10 0.937548473553 0.59932068687 0.999999952392 0.44255 0 0
5.2 16 11 0.803907004369 2.38070709084 5.43035616474e-10 0.936105959753 0.598686182971 0.999999973247 0.514314 0 0
5.3 16 11 0.804263296233 2.38690863472 5.46314549155e-10 0.934681887289 0.598047298276 0.999999945318 0.440023 0 0
5.4 16 11 0.804627498824 2.39328883435 5.48599055072e-10 0.933276277635 0.59740418819 0.999999970973 0.514162 0 0
5.5 16 11 0.804997938612 2.39988742557 5.49868151012e-10 0.931888934523 0.596756962311 0.999999967099 0.443591 0 0
5.6 16 11 0.805369704967 2.40619850394 5.50102630115e-10 0.930519659599 0.596105747144 0.999999959495 0.440652 0 0
5.7 16 11 0.80574563949 2.41267684856 5.49285061879e-10 0.929168126707 0.59545065065 0.999999958047 0.442512 0 0
5.8 16 11 0.806129413142 2.41922101584 5.47400347273e-10 0.927833930791 0.594791774995 0.999999970573 0.512988 0 0
5.9 16 11 0.806516609088 2.42578078869 5.44435163619e-10 0.926516574235 0.594129207662 0.999999968074 0.441458 0 0
6 16 11 0.806908378629 2.4323437692 5.40379740954e-10 0.925215480777 0.593463037718 0.999999964891 0.514597 0 0
6.1 16 11 0.807297663169 2.43888393897 5.35228084075e-10 0.923930058047 0.59279334638 0.999999965752 0.51078 0 0
6.2 16 11 0.807695172671 2.44576749198 5.28978527647e-10 0.92265956392 0.592120207548 0.9999999587 0.546341 0 0
6.3 16 11 0.808098200755 2.45262054139 5.21633292117e-10 0.921403235057 0.591443683212 0.999999962837 0.515801 0 0
6.4 16 11 0.808501774215 2.45947074807 5.13201370289e-10 0.920160311179 0.590763850259 0.99999995456 0.442595 0 0
6.5 16 11 0.808908761814 2.46636513905 5.03697417109e-10 0.918929986748 0.590080760077 0.999999942749 0.441278 0 0
6.6 16 11 0.809319563808 2.47334877839 4.93142415792e-10 0.9177114451 0.589394482234 0.999999954537 0.511862 0 0
6.7 16 11 0.809729658532 2.48031416816 4.81563566801e-10 0.916503815459 0.588705057999 0.99999994548 0.442488 0 0
6.8 16 11 0.81014279179 2.48737547374 4.68995842162e-10 0.91530628105 0.588012550626 0.999999958684 0.43896 0 0
6.9 16 11 0.810556788007 2.49447704035 4.55481652395e-10 0.914117957757 0.587317008953 0.999999955654 0.511444 0 0
7 16 11 0.810968705185 2.50168292638 4.41069847312e-10 0.912937998723 0.58661848538 0.999999942914 0.511404 0 0
7.1 16 11 0.811382081814 2.50857441035 4.47281434113e-10 0.911765598693 0.585917031699 0.999999950752 0.513326 0 0
7.2 16 11 0.811797145386 2.51565986931 4.59073334902e-10 0.910599947838 0.585212700706 0.99999994912 0.44148 0 0
7.3 16 11 0.812210851504 2.52271446301 4.70461669622e-10 0.90944028079 0.584505546394 0.999999947227 0.442023 0 0
7.4 16 11 0.812623927827 2.52980393024 4.81352957493e-10 0.908285809382 0.583795612627 0.999999941209 0.44071 0 0
7.5 16 11 0.813036869471 2.53680895401 4.91654827961e-10 0.907135820669 0.583082959054 0.999999945677 0.442638 0 0
7.6 16 11 0.813450903958 2.5439032659 5.01277575005e-10 0.905989651327 0.582367635484 0.999999955555 0.513 0 0
7.7 16 11 0.81385810561 2.55102269438 5.10133602027e-10 0.904846631371 0.581649695677 0.999999928941 0.43942 0 0
7.8 16 11 0.814265609154 2.55783176486 5.18140641503e-10 0.903706211417 0.58092921158 0.999999938363 0.512649 0 0
7.9 16 11 0.814674848761 2.5649711514 5.25219534531e-10 0.902567833584 0.580206229237 0.999999948685 0.514025 0 0
8 16 11 0.815083132648 2.5719436976 5.31296673323e-10 0.901431006194 0.579480815959 0.99999994722 0.440593 0 0
8.1 16 11 0.815490034221 2.57867784193 5.36305000409e-10 0.900295301325 0.578753035146 0.999999946966 0.512856 0 0
8.2 16 11 0.815895105039 2.58555311702 5.53302070827e-10 0.899160341324 0.578022952682 0.999999948234 0.513468 0 0
8.3 16 11 0.816298689793 2.59256411159 5.93494253742e-10 0.898025818426 0.577290638292 0.999999950665 0.512246 0 0
8.4 16 11 0.816695564964 2.59898497844 6.34815200407e-10 0.896891476594 0.576556159935 0.999999933807 0.441238 0 0
8.5 16 11 0.817092268288 2.60580156742 6.76959710511e-10 0.895757072244 0.575819599953 0.99999994993 0.443579 0 0
8.6 16 11 0.817490200274 2.61207589086 7.1989336714e-10 0.894622465695 0.575081017163 0.999999959069 0.516403 0 0
8.7 16 11 0.817884073901 2.61876841503 7.63387353331e-10 0.893487576239 0.574340496473 0.999999941216 0.512764 0 0
8.8 16 11 0.818275533699 2.62468063105 8.07093281097e-10 0.892352384489 0.573598119611 0.999999947574 0.440202 0 0
8.9 16 11 0.81866489769 2.63106619397 8.50923553841e-10 0.891216871387 0.572853963344 0.999999946579 0.442363 0 0
9 16 11 0.819054056568 2.63705171486 8.94563534359e-10 0.89008111512 0.572108105959 0.999999955077 0.440632 0 0
9.1 16 11 0.819438682311 2.6433706455 9.3802088319e-10 0.888945215848 0.571360632115 0.999999956803 0.439547 0 0
9.2 16 11 0.81982264373 2.64916946545 9.80876047052e-10 0.887809338851 0.570611624248 0.999999952051 0.4419 0 0
9.3 16 11 0.820199954173 2.65509521124 1.02303199245e-09 0.886673659855 0.569861163663 0.999999937803 0.44024 0 0
9.4 16 11 0.82057923089 2.66099865955 1.06417419321e-09 0.885538417528 0.569109340305 0.999999953194 0.513156 0 0
9.5 16 11 0.820954281766 2.66678133318 1.1044065662e-09 0.884403869851 0.568356231483 0.999999953613 0.515584 0 0
9.6 16 11 0.821325172967 2.6724383621 1.14341403012e-09 0.883270310169 0.56760192119 0.999999943425 0.444201 0 0
9.7 16 11 0.821695644875 2.67803214056 1.18100429436e-09 0.882138058593 0.566846498699 0.999999942807 0.44111 0 0
9.8 16 11 0.822062197116 2.68350254221 1.21715659773e-09 0.881007465178 0.566090043733 0.999999943944 0.443139 0 0
9.9 16 11 0.822427692515 2.68895524271 1.25178223342e-09 0.87987884617 0.565332637709 0.999999943154 0.514221 0 0
10 16 11 0.82279571091 2.69441219965 1.28479227257e-09 0.878752578746 0.56457436259 0.999999962241 0.443978 0 0
10.1 16 11 0.823157070602 2.69967757037 1.31620592203e-09 0.877629027885 0.563815291792 0.999999922328 0.446256 0 0
10.2 16 11 0.823518815751 2.70504205227 1.34561850551e-09 0.876508577094 0.563055511667 0.999999939391 0.518982 0 0
10.3 16 11 0.823875846533 2.71012065251 1.37349120966e-09 0.875391606303 0.562295095496 0.999999930522 0.440814 0 0
10.4 16 11 0.824233620247 2.71507758101 1.39944988931e-09 0.874278504844 0.561534116567 0.999999946487 0.441454 0 0
10.5 16 11 0.824589729299 2.72005933578 1.42367673206e-09 0.873169629132 0.560772641762 0.999999939735 0.44312 0 0
10.6 16 11 0.824948551351 2.72508235864 1.44604839214e-09 0.872065342002 0.560010744714 0.999999952754 0.511868 0 0
10.7 16 11 0.825298013687 2.73002567608 1.46679879354e-09 0.87096598528 0.559248491949 0.999999915632 0.442057 0 0
10.8 16 11 0.825652653699 2.73476889409 1.48545731271e-09 0.869871881512 0.55848595395 0.999999943637 0.514693 0 0
10.9 16 11 0.826002238273 2.73947998444 1.50269507948e-09 0.868783304885 0.557723184453 0.99999992165 0.513159 0 0
11 16 11 0.826354591754 2.74415680042 1.51813905891e-09 0.867700575085 0.556960244499 0.999999922431 0.51349 0 0
11.1 16 11 0.826708984689 2.74886655959 1.53204737785e-09 0.866623938956 0.556197194166 0.999999942099 0.513721 0 0
11.2 16 11 0.827061581359 2.75361383584 1.54451829104e-09 0.865553623698 0.555434076326 0.99999993191 0.514829 0 0
11.3 16 11 0.827413382349 2.75821052349 1.55545887282e-09 0.864489840809 0.554670950442 0.999999947886 0.444146 0 0
11.4 16 11 0.827767981499 2.76276795279 1.56510782112e-09 0.86343273405 0.553907858737 0.999999932089 0.440528 0 0
11.5 16 11 0.828124692819 2.76732793939 1.57348267749e-09 0.862382453183 0.553144853588 0.999999949778 0.515513 0 0
11.6 16 11 0.828477502401 2.77176633503 1.58074375811e-09 0.861339106643 0.552381968613 0.99999991547 0.443103 0 0
11.7 16 11 0.828834116255 2.7761717575 1.58666246808e-09 0.86030276924 0.55161925553 0.999999942328 0.514873 0 0
11.8 16 11 0.829188198147 2.78027386441 1.59168112024e-09 0.859273450541 0.550856739177 0.999999921134 0.442311 0 0
11.9 16 11 0.829545000307 2.78456537854 1.59561275304e-09 0.858251184308 0.550094460025 0.99999990897 0.514189 0 0
12 16 11 0.829904681804 2.78890860027 1.59878121853e-09 0.857235954247 0.549332450037 0.999999926253 0.516875 0 0
12.1 16 11 0.830262694661 2.79336134625 1.60132329619e-09 0.856227677637 0.548570734826 0.999999929849 0.515443 0 0
12.2 16 11 0.830613402993 2.79735162653 6.62177757071e-10 0.855226281857 0.547809352577 0.999999912727 0.44031 0 0
12.3 16 11 0.830967207298 2.80158705229 6.94348578634e-10 0.85423162886 0.547048319805 0.999999938096 0.513226 0 0
12.4 16 11 0.831332286966 2.8058559629 7.25151716452e-10 0.85324356721 0.546287660467 0.999999934434 0.441417 0 0
12.5 16 11 0.831691053262 2.81004583865 7.54415085957e-10 0.852261938302 0.545527398073 0.999999918077 0.512261 0 0
12.6 16 11 0.832059758532 2.81435253931 7.81969711205e-10 0.851286529209 0.544767556333 0.999999928891 0.512712 0 0
12.7 16 11 0.832428337038 2.81845086485 8.07650946122e-10 0.850317162093 0.544008155031 0.99999992467 0.442697 0 0
12.8 16 11 0.832807338996 2.82281675772 8.31302138238e-10 0.849353566043 0.54324921146 0.999999949793 0.514678 0 0
12.9 16 12 0.833181403352 2.82726510644 8.52772741311e-10 0.848395476657 0.542490739865 0.999999916366 0.442178 0 0
13 16 11 0.833553036308 2.83122004423 8.71920202705e-10 0.847442647015 0.541732763376 0.999999928523 0.514501 0 0
13.1 16 11 0.833942804234 2.83560259931 8.88606854765e-10 0.84649478639 0.540975291273 0.999999935854 0.443332 0 0
13.2 16 11 0.834330727408 2.84001757594 9.02709795803e-10 0.845551596697 0.54021834859 0.999999933621 0.442272 0 0
13.3 16 11 0.834722038323 2.84453379517 9.14119779871e-10 0.844612766668 0.539461951905 0.999999913134 0.442581 0 0
13.4 16 11 0.835113534435 2.84882568157 9.22744880505e-10 0.843677972323 0.538706117485 0.999999931967 0.512651 0 0
13.5 16 11 0.835509678588 2.85329208646 9.28510823783e-10 0.842746936242 0.537950855737 0.999999913023 0.441207 0 0
13.6 16 11 0.835908006512 2.85768928352 9.3135943402e-10 0.841819358103 0.537196180244 0.999999910713 0.51828 0 0
13.7 16 11 0.836307148355 2.86227522235 9.31252186476e-10 0.840894969488 0.536442116982 0.999999931873 0.51438 0 0
13.8 16 11 0.836719543138 2.86689175714 9.28171095538e-10 0.839973475607 0.535688680618 0.999999928649 0.442592 0 0
13.9 16 11 0.83712396176 2.87152014215 9.22119047786e-10 0.839054612861 0.534935895706 0.99999992043 0.440409 0 0
14 16 11 0.837538970782 2.87622305914 9.1312302164e-10 0.838138120673 0.53418377095 0.999999923577 0.51561 0 0
14.1 16 11 0.837951806136 2.8809225862 9.01236973938e-10 0.837223770745 0.533432334584 0.99999992029 0.515503 0 0
14.2 16 11 0.838373006495 2.88626258136 8.86534068378e-10 0.836311353972 0.532681605073 0.999999934391 0.516095 0 0
14.3 16 11 0.838794502468 2.89063101215 8.69111560498e-10 0.835400664166 0.531931605435 0.999999937209 0.445354 0 0
14.4 16 12 0.839217806401 2.89566802032 8.4909068665e-10 0.834491552565 0.531182355337 0.999999926385 0.444356 0 0
14.5 16 11 0.839647896348 2.90044324881 8.26615775829e-10 0.833584097651 0.530433884434 0.999999929375 0.515299 0 0
14.6 16 11 0.840071437261 2.90565054804 8.01855137844e-10 0.832677798851 0.529686211062 0.999999911595 0.5148 0 0
14.7 16 11 0.840504113816 2.91034287798 7.74996844477e-10 0.831772566946 0.528939363263 0.99999991758 0.517465 0 0
14.8 16 11 0.840933739539 2.91503121425 7.46247841299e-10 0.830868319853 0.528193381072 0.999999921028 0.515527 0 0
14.9 16 11 0.841365595122 2.92011622054 7.15832726428e-10 0.829965015329 0.527448268007 0.999999919809 0.441523 0 0
15 16 11 0.841804561803 2.92459459067 6.83995748929e-10 0.829062628256 0.526704073907 0.999999924504 0.513591 0 0
15.1 16 11 0.842233924478 2.92933740795 6.50994480544e-10 0.828161178243 0.525960815827 0.999999913496 0.441073 0 0
15.2 16 11 0.842676145439 2.93425298337 6.17099815692e-10 0.827260645108 0.525218530875 0.999999938249 0.441649 0 0
15.3 16 11 0.843107822097 2.93914769235 6.01485750096e-10 0.826361094625 0.524477242404 0.999999920963 0.44671 0 0
15.4 16 11 0.843549489105 2.94411490706 6.22399687344e-10 0.82546263475 0.523736985649 0.999999924833 0.439284 0 0
15.5 16 11 0.843983906232 2.94899680409 6.42222164338e-10 0.824565323626 0.522997798869 0.999999912178 0.511979 0 0
15.6 16 11 0.844426973671 2.95404298814 6.60769106098e-10 0.823669257943 0.522259705409 0.999999936071 0.441268 0 0
15.7 16 11 0.844862950858 2.95907177318 6.77858658094e-10 0.82277459481 0.521522751987 0.999999928192 0.510736 0 0
15.8 16 11 0.845293585706 2.96408681483 6.93313073619e-10 0.821881452891 0.520786946863 0.999999913318 0.440291 0 0
15.9 16 11 0.845736882515 2.96920335002 7.06961378327e-10 0.820989973974 0.520052357681 0.999999937248 0.440402 0 0
16 16 11 0.846157279519 2.97435028128 7.18642589881e-10 0.820100348377 0.519318998967 0.999999916686 0.441459 0 0
16.1 16 11 0.846594428669 2.9798288414 7.28208493506e-10 0.819212820644 0.518586888578 0.999999930618 0.511031 0 0
16.2 16 11 0.847013043709 2.98537944616 7.35525307327e-10 0.818327521219 0.51785608896 0.999999910602 0.442075 0 0
16.3 16 11 0.847452562184 2.99115720796 7.40477568151e-10 0.817444575534 0.517126611492 0.999999935166 0.438351 0 0
16.4 16 11 0.847887299331 2.99734600355 7.42969796796e-10 0.816564184918 0.51639849302 0.999999930769 0.512924 0 0
16.5 16 11 0.848323156268 3.00372910202 7.42927275255e-10 0.815686532308 0.515671770571 0.999999937535 0.51747 0 0
16.6 16 11 0.848755270451 3.0103032175 7.40300154511e-10 0.814811939058 0.514946463568 0.999999930934 0.440315 0 0
16.7 16 11 0.849183687407 3.01690632381 7.3506256637e-10 0.813940564478 0.514222605986 0.999999917729 0.512209 0 0
16.8 16 11 0.849617140899 3.02363418355 7.27216731278e-10 0.813072646995 0.513500222838 0.999999926115 0.44094 0 0
16.9 16 12 0.850051284767 3.0309651308 7.1678951663e-10 0.812208329783 0.512779341933 0.999999927848 0.511233 0 0
17 16 11 0.850478849292 3.03722489644 7.03834879268e-10 0.811347876794 0.512060010271 0.999999936381 0.439503 0 0
17.1 16 11 0.850906016795 3.04404260975 6.88433643425e-10 0.810491440896 0.511342232632 0.999999944998 0.509662 0 0
17.2 16 11 0.851332014495 3.05078920279 6.7069316767e-10 0.809639222635 0.510626042099 0.999999936504 0.440841 0 0
17.3 16 11 0.851756940065 3.05749530987 6.50745679565e-10 0.808791423571 0.509911456771 0.99999992603 0.511856 0 0
17.4 16 11 0.852178717023 3.06410259015 6.28746388287e-10 0.807948210533 0.509198513781 0.999999926686 0.512519 0 0
17.5 16 11 0.852600007647 3.07072662268 6.0487237441e-10 0.807109708251 0.508487217998 0.999999932388 0.513021 0 0
17.6 16 11 0.853022064425 3.07728690779 5.79322034788e-10 0.8062760475 0.507777598036 0.999999935261 0.445177 0 0
17.7 16 11 0.853440545821 3.08378158254 5.52310530644e-10 0.805447373701 0.507069663294 0.999999943805 0.440899 0 0
17.8 16 11 0.853853848233 3.09018782921 5.24069565522e-10 0.804623754603 0.506363428895 0.999999922623 0.442066 0 0
17.9 16 11 0.854268317627 3.09696744706 4.94842167242e-10 0.803805337472 0.505658921225 0.999999933674 0.440038 0 0
18 16 11 0.854680113831 3.10282684591 4.64882576878e-10 0.802992128025 0.504956155376 0.999999929733 0.440155 0 0
18.1 16 11 0.855091694437 3.10955060599 4.4443926317e-10 0.802184179734 0.504255128224 0.999999930575 0.51294 0 0
18.2 16 11 0.855499505333 3.11526051591 4.56438664642e-10 0.801381575836 0.503555876187 0.999999936767 0.445485 0 0
18.3 16 11 0.855905687445 3.12182549299 4.67467398124e-10 0.800584322506 0.502858396613 0.999999936033 0.445182 0 0
18.4 16 11 0.856300698353 3.1271425518 4.77420769585e-10 0.799792414032 0.502162698408 0.999999919813 0.440765 0 0
18.5 16 11 0.856699803543 3.13325659453 4.86198192817e-10 0.799005820949 0.50146879008 0.999999916617 0.517085 0 0
18.6 16 11 0.857095218629 3.13954765641 4.93708185445e-10 0.798224547228 0.500776689945 0.999999922132 0.513046 0 0
18.7 16 11 0.857498819424 3.14519278832 4.99866592563e-10 0.797448516573 0.500086403782 0.999999924273 0.443418 0 0
18.8 16 11 0.857898648382 3.15029752897 5.04599362294e-10 0.79667763103 0.499397941931 0.999999926005 0.4413 0 0
18.9 16 11 0.858302115056 3.15610071317 5.07843989084e-10 0.795911821963 0.498711288523 0.999999948807 0.441066 0 0
19 16 12 0.858695019249 3.1617193761 5.09549513694e-10 0.795150941747 0.498026467237 0.999999915811 0.441434 0 0
19.1 16 11 0.859086863221 3.16627715433 5.09676745253e-10 0.794394894125 0.497343474557 0.999999904055 0.441351 0 0
19.2 16 11 0.859483718279 3.17189904522 5.11659270508e-10 0.793643526493 0.496662314815 0.999999940303 0.51219 0 0
19.3 16 11 0.859877385312 3.17692522912 5.31729438258e-10 0.792896719538 0.495982999125 0.999999923318 0.441663 0 0
19.4 16 11 0.860267518289 3.18196052809 5.50461454196e-10 0.792154304971 0.495305513771 0.999999926693 0.514187 0 0
19.5 16 11 0.860659924762 3.18737453383 5.67687563624e-10 0.791416144452 0.49462987983 0.999999915732 0.440742 0 0
19.6 16 11 0.861051015301 3.19218157054 5.83250225894e-10 0.790682067954 0.49395609535 0.999999929006 0.513225 0 0
19.7 16 11 0.861439166597 3.19757657987 5.97008886771e-10 0.78995190035 0.493284157112 0.999999937134 0.514485 0 0
19.8 16 11 0.861824856745 3.20253960539 6.08856076667e-10 0.789225484873 0.492614068318 0.999999920815 0.513943 0 0
19.9 16 12 0.862210661737 3.20831442249 6.1870397694e-10 0.788502663104 0.491945849734 0.999999933032 0.439745 0 0
20 16 12 0.862599501961 3.21346380848 6.26464990994e-10 0.787783232513 0.491279484424 0.999999952018 0.441134 0 0
20.1 16 11 0.862983806536 3.2175597986 6.32075281004e-10 0.787067000376 0.490614983314 0.999999928908 0.439682 0 0
20.2 16 11 0.86324561726 3.22245957213 6.35516417269e-10 0.786353837321 0.489952355654 0.999999931826 0.514821 0 0
20.3 16 11 0.863648012476 3.22738433889 6.36813379806e-10 0.78564352069 0.489291589931 0.999999941419 0.439263 0 0
20.4 16 11 0.864050807586 3.23198020713 6.35983155028e-10 0.784935923844 0.488632704624 0.999999945948 0.442472 0 0
20.5 16 11 0.864451093233 3.23732108046 6.33044949794e-10 0.784230857197 0.487975698842 0.999999921578 0.44147 0 0
20.6 16 11 0.864852859424 3.24197868162 6.28067819974e-10 0.783528189164 0.487320582327 0.999999952998 0.51593 0 0
20.7 16 12 0.865252129862 3.24747060006 6.21143914081e-10 0.782827751749 0.486667356456 0.99999993754 0.439823 0 0
20.8 16 11 0.865651714769 3.2525256375 6.12386252818e-10 0.782129403976 0.486016024719 0.999999939031 0.44162 0 0
20.9 16 11 0.866048729359 3.2570671969 6.01922733878e-10 0.781433025087 0.485366604095 0.999999918057 0.442415 0 0
21 16 11 0.866447183372 3.26201726799 5.89903348391e-10 0.780738487566 0.484719097687 0.999999940203 0.513871 0 0
21.1 16 11 0.866845583155 3.26658493892 5.76481640202e-10 0.780045704303 0.484073502997 0.999999926514 0.441076 0 0
21.2 16 11 0.867244873163 3.27151242727 5.61806490218e-10 0.779354613852 0.483429840205 0.999999929963 0.514236 0 0
21.3 16 11 0.867643908367 3.27646012277 5.46073186669e-10 0.778665106292 0.482788117452 0.999999935639 0.51388 0 0
21.4 16 11 0.868041075506 3.28141239611 5.29496557711e-10 0.777977158256 0.482148335676 0.999999933779 0.441443 0 0
21.5 16 11 0.868437815045 3.28653532673 5.12287878784e-10 0.777290655786 0.481510510519 0.999999940235 0.513846 0 0
21.6 16 11 0.868836678401 3.29182677778 4.94642105053e-10 0.776605605886 0.480874649119 0.999999941742 0.440751 0 0
21.7 16 11 0.869233667708 3.2968164054 4.76739980826e-10 0.775921954617 0.480240762841 0.999999932247 0.44155 0 0
21.8 16 11 0.86963100172 3.30132965101 4.58792892566e-10 0.775239724069 0.479608854437 0.999999941537 0.442586 0 0
21.9 16 11 0.870029506742 3.30623104276 4.56494619883e-10 0.774558887177 0.478978935103 0.999999942012 0.440614 0 0
22 16 11 0.870428593002 3.31119972199 4.7941972614e-10 0.773879452465 0.478351030477 0.999999931959 0.514272 0 0
22.1 16 11 0.870828781698 3.31674056137 5.0102855198e-10 0.773201467064 0.477725130324 0.999999953388 0.43827 0 0
22.2 16 11 0.871228877856 3.3218724199 5.21128473707e-10 0.772524952553 0.4771012589 0.999999960017 0.441329 0 0
22.3 16 11 0.871626152635 3.32636722002 5.39545963463e-10 0.771849923869 0.476479424056 0.999999936841 0.442192 0 0
22.4 16 11 0.872024002452 3.33138329122 5.56128365581e-10 0.771176427997 0.475859633013 0.999999939391 0.520104 0 0
22.5 16 11 0.872422547346 3.33692518715 5.70745228856e-10 0.770504560399 0.475241897139 0.99999994164 0.446153 0 0
22.6 16 11 0.87281986355 3.34135482304 5.83288972678e-10 0.769834359602 0.474626224404 0.999999930269 0.443856 0 0
22.7 16 11 0.873217677336 3.34677574881 5.93677551564e-10 0.769165898227 0.474012630223 0.999999940841 0.514119 0 0
22.8 16 11 0.87361396994 3.35172137503 6.01852567783e-10 0.768499267505 0.473401120022 0.999999929866 0.441702 0 0
22.9 16 11 0.874009258049 3.35644997818 6.07781602824e-10 0.767834552786 0.472791712173 0.999999930982 0.441787 0 0
23 16 11 0.874405991753 3.36182813907 6.11457329214e-10 0.767171839034 0.47218439565 0.9999999282 0.512066 0 0
23.1 16 11 0.874799520949 3.36689112034 6.128983987e-10 0.766511237038 0.471579186075 0.999999922701 0.441296 0 0
23.2 16 11 0.875194880649 3.37070759686 6.12146444645e-10 0.76585283208 0.470976098693 0.999999935254 0.444101 0 0
23.3 16 11 0.875589721172 3.37560660094 6.09265971008e-10 0.765196699775 0.47037514143 0.999999920768 0.515096 0 0
23.4 16 11 0.875985201932 3.38036791701 6.04345573585e-10 0.76454294632 0.469776320153 0.999999941022 0.516123 0 0
23.5 16 11 0.876382184301 3.38569567046 5.97493610144e-10 0.763891660505 0.469179635056 0.999999940263 0.512475 0 0
23.6 16 11 0.876775615058 3.39000802932 5.88837423265e-10 0.763242945371 0.468585102757 0.999999913313 0.443106 0 0
23.7 16 11 0.877171389231 3.39523587772 5.78522452166e-10 0.762596865443 0.467992726161 0.999999932869 0.513208 0 0
23.8 16 11 0.877565486113 3.39994675207 5.66709568162e-10 0.761953542745 0.467402504905 0.999999937935 0.440381 0 0
23.9 16 11 0.877955240042 3.40490414674 5.53574297513e-10 0.761313025069 0.466814449937 0.999999909409 0.439628 0 0
24 16 11 0.878345157694 3.40918548974 5.39302047464e-10 0.760675387831 0.466228568517 0.999999911492 0.515623 0 0
24.1 16 11 0.878738948154 3.41334796132 5.24088106246e-10 0.760040734315 0.465644843188 0.999999931368 0.513023 0 0
24.2 16 11 0.879132673953 3.41838044852 5.08134312405e-10 0.759409069976 0.46506330837 0.999999934357 0.516756 0 0
24.3 16 11 0.879525429234 3.42265718044 4.91647278444e-10 0.758780469844 0.464483940249 0.999999929671 0.51273 0 0
24.4 16 11 0.87991680466 3.42735151502 4.74835282205e-10 0.758154981187 0.463906745352 0.999999914872 0.513479 0 0
24.5 16 11 0.880304682757 3.43229127976 4.5790682357e-10 0.757532649164 0.463331738767 0.999999925439 0.517478 0 0
24.6 16 11 0.880693401624 3.43694867506 4.41067848911e-10 0.756913515622 0.462758903408 0.99999991828 0.440899 0 0
24.7 16 11 0.881080477457 3.44112882967 4.30995683587e-10 0.756297555302 0.462188251423 0.99999992263 0.51238 0 0
24.8 16 12 0.881466974808 3.44612938708 4.4453862813e-10 0.755684784242 0.461619778681 0.999999926724 0.512989 0 0
24.9 16 12 0.881858601057 3.45064646657 4.57850202196e-10 0.755075686411 0.461053486493 0.999999937304 0.442343 0 0
25 16 12 0.882247758629 3.45487421776 4.70776306827e-10 0.754470205526 0.460489364382 0.9999999388 0.440922 0 0
25.1 16 12 0.882632796986 3.45910525021 4.83166173737e-10 0.753868325658 0.459927411911 0.999999923511 0.509672 0 0
25.2 16 12 0.883020569842 3.46395098814 4.94886576163e-10 0.75326996761 0.45936762588 0.999999934532 0.512729 0 0
25.3 16 12 0.883406869202 3.46803238834 5.05803510187e-10 0.752675134328 0.458810025234 0.999999936146 0.442711 0 0
25.4 16 12 0.883790727036 3.47277398807 5.15800069323e-10 0.75208381184 0.458254589338 0.999999925559 0.441465 0 0
25.5 16 12 0.884175705727 3.47711111681 5.24767562737e-10 0.751495910371 0.457701312453 0.999999943831 0.440306 0 0
25.6 16 12 0.884559434453 3.48137106725 5.32642929763e-10 0.750911384462 0.457150197064 0.999999927882 0.514579 0 0
25.7 16 12 0.884943291819 3.48591937465 5.39373656849e-10 0.750330170057 0.456601236178 0.999999930472 0.513186 0 0
25.8 16 12 0.885324705884 3.48983793636 5.44883693721e-10 0.74975210203 0.456054429129 0.999999916124 0.515633 0 0
25.9 16 12 0.88570914055 3.49386236592 5.49144618667e-10 0.749177165234 0.455509779579 0.999999957073 0.441868 0 0
26 16 12 0.886092226515 3.4982179876 5.52152989997e-10 0.748605247957 0.454967269117 0.999999952401 0.513303 0 0
26.1 16 12 0.88647166612 3.5024513932 5.53912582468e-10 0.748036227092 0.454426913668 0.999999945711 0.511013 0 0
26.2 16 12 0.88685315879 3.50684755461 5.54443824186e-10 0.747469989078 0.453888695958 0.999999941318 0.515347 0 0
26.3 16 12 0.887234138611 3.51123096372 5.53778911616e-10 0.74690640903 0.453352631184 0.999999938343 0.441384 0 0
26.4 16 12 0.88761413823 3.51564374987 5.51946044425e-10 0.746345351488 0.452818702077 0.999999944774 0.444602 0 0
26.5 16 12 0.887992539664 3.52002294292 5.48984524507e-10 0.745786724564 0.452286901882 0.999999945726 0.449424 0 0
26.6 16 12 0.888371743493 3.52450407599 5.44982614592e-10 0.745230401956 0.451757231859 0.99999995313 0.513938 0 0
26.7 16 12 0.888748612422 3.52906240291 5.40042233155e-10 0.744676248508 0.451229697 0.999999952293 0.516983 0 0
26.8 16 12 0.889125016628 3.53358812513 5.34274180453e-10 0.744124296618 0.450704279129 0.999999944872 0.519099 0 0
26.9 16 12 0.889500890034 3.53811983113 5.27803467598e-10 0.743574281791 0.450180988464 0.999999927191 0.514361 0 0
27 16 12 0.889875060297 3.5425495588 5.2074766721e-10 0.743026101512 0.449659820219 0.999999941763 0.440907 0 0
27.1 16 12 0.890252501189 3.54753925983 5.13259656998e-10 0.742479667802 0.449140773145 0.999999945778 0.511208 0 0
27.2 16 12 0.890628034004 3.55179593437 5.05501973613e-10 0.741934903047 0.448623844916 0.999999940909 0.441618 0 0
27.3 16 12 0.891001534178 3.55644988665 4.97618390938e-10 0.741391690998 0.4481090444 0.999999924407 0.514654 0 0
27.4 16 12 0.891377984477 3.56124787916 4.89752349786e-10 0.740849949025 0.447596364785 0.999999955227 0.440758 0 0
27.5 16 12 0.891754367405 3.56610501513 4.82044404393e-10 0.740309568135 0.447085798995 0.999999958275 0.512689 0 0
27.6 16 12 0.892128444195 3.57088785089 4.74628114588e-10 0.739770484019 0.446577360697 0.999999939758 0.509201 0 0
27.7 16 12 0.892497426396 3.57570630462 4.67623384459e-10 0.739232638184 0.446071042446 0.999999927124 0.515403 0 0
27.8 16 12 0.892870626604 3.58067774659 4.74265959838e-10 0.73869592676 0.445566836698 0.999999956585 0.51507 0 0
27.9 16 12 0.893240786161 3.58585466561 4.83013740116e-10 0.738160301463 0.445064756464 0.999999941718 0.513823 0 0
28 16 12 0.893609214966 3.59097657467 4.90721463464e-10 0.737625753103 0.444564787845 0.999999915087 0.438874 0 0
28.1 16 12 0.893978937253 3.59602726497 4.97305530089e-10 0.73709224945 0.44406693827 0.999999940408 0.440182 0 0
28.2 16 12 0.894348860748 3.60060714583 5.02701769101e-10 0.736559742247 0.44357120578 0.999999953712 0.439918 0 0
28.3 16 12 0.894718549833 3.60560588958 5.06866548733e-10 0.73602821462 0.443077598129 0.999999952118 0.511844 0 0
28.4 16 12 0.895089385021 3.61061566728 5.09776665325e-10 0.735497662559 0.442586113694 0.999999949514 0.513872 0 0
28.5 16 12 0.895456782355 3.61606704797 5.11429454342e-10 0.73496813631 0.442096754419 0.999999937188 0.512989 0 0
28.6 16 12 0.895822017544 3.62060764175 5.11842568329e-10 0.734439648357 0.441609504823 0.999999940377 0.440198 0 0
28.7 16 12 0.89618896403 3.6255849506 5.11051867491e-10 0.733912204749 0.441124393016 0.999999943069 0.514667 0 0
28.8 16 12 0.896555853027 3.63106433802 5.09112974001e-10 0.73338585368 0.44064140737 0.99999993755 0.51338 0 0
28.9 16 12 0.896920721757 3.63575571297 5.06097386221e-10 0.732860648415 0.440160539555 0.999999934948 0.440462 0 0
29 16 13 0.897286080942 3.6413753935 5.02092034615e-10 0.732336644464 0.439681804001 0.999999938383 0.513881 0 0
29.1 16 12 0.897648767949 3.64524060803 4.97196839255e-10 0.731813892409 0.439205184044 0.999999928519 0.440823 0 0
29.2 16 12 0.898010854392 3.65001877596 4.91523488577e-10 0.731292469156 0.438730697974 0.999999927242 0.513708 0 0
29.3 16 12 0.898374651167 3.65546950528 4.85193996091e-10 0.730772373104 0.438258332686 0.999999935962 0.513193 0 0
29.4 16 12 0.898738935854 3.66015974806 4.78337369714e-10 0.730253766214 0.437788093455 0.999999949256 0.514223 0 0
29.5 16 12 0.899104090981 3.66540976501 4.7108650314e-10 0.729736702639 0.437319986271 0.999999946639 0.512617 0 0
29.6 16 12 0.899465243106 3.67030065888 4.6777914875e-10 0.729221250848 0.436853997844 0.999999923045 0.511584 0 0
29.7 16 12 0.899827357099 3.67520330214 4.73080241647e-10 0.728707450136 0.436390129962 0.999999938419 0.513178 0 0
29.8 16 13 0.900184773173 3.68100200291 4.78410422389e-10 0.728195413363 0.43592837839 0.999999923998 0.512239 0 0
29.9 16 13 0.900541300663 3.68559182746 4.83682538466e-10 0.727685274378 0.435468741111 0.999999931941 0.439165 0 0
30 16 13 0.900902460975 3.69034485783 4.88813323152e-10 0.727177073931 0.435011221816 0.999999949165 0.513739 0 0
30.1 16 13 0.901263630643 3.69520561611 4.93721730166e-10 0.726670877708 0.434555821355 0.99999993613 0.514421 0 0
30.2 16 12 0.901622570303 3.69943069425 4.98336705235e-10 0.726166783386 0.434102523973 0.999999916912 0.441056 0 0
30.3 16 12 0.901979012353 3.70432899168 5.02594299512e-10 0.725664848264 0.43365133479 0.999999919528 0.441207 0 0
30.4 16 12 0.902341290715 3.70923071401 5.06435893222e-10 0.725165152381 0.433202249879 0.999999943126 0.440424 0 0
30.5 16 12 0.902696165073 3.71374265772 5.09808639748e-10 0.724667719015 0.432755273808 0.999999917657 0.442622 0 0
30.6 16 12 0.903055897548 3.71859338443 5.1266857426e-10 0.724172609885 0.432310397227 0.999999938571 0.516995 0 0
30.7 16 13 0.903413845296 3.72340786914 5.1498549869e-10 0.723679892913 0.431867603737 0.99999992147 0.442378 0 0
30.8 16 12 0.90376794742 3.72799509887 5.16738651868e-10 0.723189592589 0.431426910351 0.999999922932 0.444605 0 0
30.9 16 12 0.904127618428 3.73298077689 5.17912712716e-10 0.722701726027 0.430988298936 0.99999994275 0.442545 0 0
31 16 12 0.90448543927 3.73777450802 5.18506348968e-10 0.722216389562 0.430551777637 0.999999934393 0.441702 0 0
31.1 16 12 0.904842833322 3.74200909653 5.18525555826e-10 0.721733576868 0.430117317077 0.99999993944 0.439903 0 0
31.2 16 12 0.905201567331 3.74693606038 5.17985432325e-10 0.72125327832 0.429684936233 0.999999937563 0.513036 0 0
31.3 16 12 0.905560337407 3.75107878418 5.16909959281e-10 0.720775516334 0.429254623315 0.999999931621 0.442202 0 0
31.4 16 12 0.905918950786 3.75606830399 5.15330000894e-10 0.720300303072 0.428826369743 0.999999930215 0.438475 0 0
31.5 16 12 0.906278596711 3.76022744545 5.13282527592e-10 0.719827614536 0.428400179345 0.99999994376 0.514521 0 0
31.6 16 12 0.906635974059 3.7647682576 5.10810171939e-10 0.71935749707 0.427976044289 0.999999946271 0.440834 0 0
31.7 16 12 0.906996009646 3.76928674621 5.15270714985e-10 0.718889904628 0.427553954132 0.999999944156 0.511317 0 0
31.8 16 12 0.907353573951 3.77370521276 5.25559151754e-10 0.718424807843 0.427133909219 0.999999936807 0.514048 0 0
31.9 16 12 0.907708525215 3.77840161882 5.37095590225e-10 0.717962138424 0.426715903699 0.99999993498 0.513453 0 0
32 16 12 0.908067814412 3.78249708969 5.48716849735e-10 0.717501961982 0.426299926658 0.999999951083 0.440132 0 0
32.1 16 12 0.908421833196 3.78698737309 5.60338664357e-10 0.717044218363 0.425885994099 0.999999929174 0.44094 0 0
32.2 16 12 0.90877962579 3.79146844851 5.74270409004e-10 0.716588840642 0.425474069161 0.999999942249 0.511336 0 0
32.3 16 12 0.909138298542 3.79550151086 5.87737858382e-10 0.716135778866 0.425064184656 0.999999944458 0.445063 0 0
32.4 16 12 0.90949517393 3.79979026372 5.97764060473e-10 0.715684968725 0.42465631532 0.999999921282 0.512804 0 0
32.5 16 12 0.90985130676 3.80402487108 6.05609673521e-10 0.715236426739 0.424250455947 0.999999930346 0.508241 0 0
32.6 16 12 0.910209423424 3.80842235144 6.18321394086e-10 0.714790021787 0.423846615941 0.99999993602 0.506556 0 0
32.7 16 12 0.910568600426 3.81252085297 6.27319862723e-10 0.714345723765 0.423444784079 0.999999945046 0.435747 0 0
32.8 16 12 0.910927030729 3.81678038115 6.38068042846e-10 0.713903442208 0.423044958389 0.999999943596 0.437507 0 0
32.9 16 12 0.911285900408 3.82113787086 6.48666453884e-10 0.713463103278 0.422647128656 0.999999935339 0.510852 0 0
33 16 12 0.911644146036 3.82547962791 6.60760557381e-10 0.713024707853 0.42225129877 0.999999948149 0.43655 0 0
33.1 16 12 0.91200180948 3.82977027977 6.71624533766e-10 0.712588118642 0.421857466652 0.999999939125 0.506379 0 0
33.2 16 12 0.912360051789 3.8339779946 6.81854350759e-10 0.712153283546 0.421465629682 0.999999942867 0.508295 0 0
33.3 16 12 0.912716560402 3.83860526693 6.94506674392e-10 0.711720135441 0.421075787957 0.99999993278 0.434311 0 0
33.4 16 12 0.913073858867 3.84076182596 7.05494662689e-10 0.711288576375 0.420687924313 0.99999992049 0.43658 0 0
33.5 16 12 0.913432259891 3.84465409077 2.4588689973e-09 0.710858607443 0.420302044151 0.99999994355 0.509045 0 0
33.6 16 12 0.913790171094 3.84846665746 7.37633953918e-10 0.71043010696 0.419918148468 0.999999939065 0.437486 0 0
33.7 16 12 0.914148771777 3.85244498104 7.5700890001e-10 0.710003039514 0.419536241923 0.999999950775 0.50955 0 0
33.8 16 12 0.914507179995 3.85643915155 7.56549711767e-10 0.70957735441 0.419156309018 0.999999941091 0.507841 0 0
33.9 16 12 0.914867344446 3.86048385103 7.68300423282e-10 0.709153029792 0.418778349489 0.999999962151 0.508811 0 0
34 16 12 0.915226999431 3.86434864022 7.75739472658e-10 0.708730024192 0.418402365397 0.999999943509 0.437068 0 0
34.1 16 12 0.915584208081 3.86840217588 7.84125764319e-10 0.708308360201 0.418028354139 0.999999935221 0.437461 0 0
34.2 16 12 0.915942339934 3.87219790943 7.92548582318e-10 0.707887891227 0.417656308946 0.99999994187 0.43709 0 0
34.3 16 12 0.916301369387 3.87624397971 8.04589062042e-10 0.707468610767 0.41728622301 0.999999951471 0.435923 0 0
34.4 16 12 0.916661263097 3.88006508839 8.11410938439e-10 0.707050516467 0.416918109197 0.999999947636 0.436514 0 0
34.5 16 12 0.917021647593 3.88401362807 8.21462453615e-10 0.706633633767 0.416551953137 0.999999947656 0.510172 0 0
34.6 16 12 0.917381139249 3.88796966881 8.29199486851e-10 0.706217897555 0.416187757034 0.999999945749 0.507573 0 0
34.7 16 12 0.917739477092 3.89182191793 8.38947133985e-10 0.705803270428 0.415825517499 0.999999939497 0.435963 0 0
34.8 16 12 0.91809750773 3.89583934175 2.24721918851e-09 0.705389773159 0.415465231504 0.999999925546 0.510194 0 0
34.9 16 12 0.918454859939 3.89903368124 8.54287085517e-10 0.704977389556 0.415106911316 0.999999924046 0.438003 0 0
35 16 12 0.918814850987 3.90296383174 8.46224423867e-10 0.704566184823 0.41475053266 0.999999946996 0.509161 0 0
35.1 16 12 0.919172931252 3.90706326465 8.5511708825e-10 0.704156148135 0.414396101118 0.999999938965 0.507173 0 0
35.2 16 12 0.919531507888 3.91072564098 8.63150884101e-10 0.703747324009 0.414043605679 0.999999947498 0.436147 0 0
35.3 16 12 0.919891259047 3.91466504765 8.69593952402e-10 0.70333971774 0.413693059816 0.999999954572 0.509811 0 0
35.4 16 12 0.920249381482 3.91848719628 8.76650196879e-10 0.702933361085 0.413344444361 0.99999993668 0.43645 0 0
35.5 16 12 0.920610413431 3.92246734841 8.82484196829e-10 0.702528270521 0.41299774681 0.999999963211 0.507313 0 0
35.6 16 13 0.920967168393 3.92652433086 8.92638296612e-10 0.702124481654 0.412652979701 0.999999931443 0.433845 0 0
35.7 16 12 0.92132459596 3.93011835187 8.9900020761e-10 0.701722042548 0.412310113539 0.999999938873 0.506651 0 0
35.8 16 12 0.921683001706 3.93396207693 9.0489882254e-10 0.701320981602 0.411969173572 0.999999937244 0.436686 0 0
35.9 16 12 0.922041504523 3.93784608894 9.11702602302e-10 0.700921316861 0.411630137324 0.99999994527 0.508745 0 0
36 16 12 0.922400529502 3.94170103265 9.17045328563e-10 0.700523119301 0.411293015053 0.999999944348 0.50872 0 0
36.1 16 12 0.922760534738 3.9455708588 9.23095822003e-10 0.700126399627 0.410957797163 0.999999942991 0.4362 0 0
36.2 16 12 0.92312078051 3.94936654433 9.29574417441e-10 0.699731229491 0.410624477952 0.999999945806 0.508402 0 0
36.3 16 12 0.923481211644 3.95311547923 9.35479582687e-10 0.699337607895 0.410293050746 0.99999995049 0.438217 0 0
36.4 16 12 0.923841355749 3.95716512767 9.41500988283e-10 0.698945561632 0.409963510417 0.999999947532 0.436849 0 0
36.5 16 12 0.924200680675 3.96109383771 9.46931422163e-10 0.698555163652 0.409635849196 0.999999947305 0.435826 0 0
36.6 16 12 0.924560618592 3.96491173954 9.51012379957e-10 0.69816642996 0.409310067019 0.999999949665 0.436003 0 0
36.7 16 12 0.924919232437 3.96880287945 9.56211998471e-10 0.697779394098 0.408986158748 0.999999930021 0.506409 0 0
36.8 16 12 0.925279520905 3.97271796017 9.60523660609e-10 0.69739407603 0.408664103783 0.999999944784 0.436896 0 0
36.9 16 12 0.925639767481 3.97663713569 9.65628355054e-10 0.697010493666 0.408343913185 0.999999945351 0.434291 0 0
37 16 12 0.925996644728 3.98050252612 9.70231339714e-10 0.696628664759 0.408025569586 0.999999943911 0.435025 0 0
37.1 16 12 0.926355916479 3.9843710951 9.72027680568e-10 0.696248618222 0.407709075187 0.999999939893 0.434782 0 0
37.2 16 12 0.926713471424 3.98834074079 9.76436820288e-10 0.695870369857 0.407394416974 0.999999934675 0.434379 0 0
37.3 16 12 0.927070811448 3.99201577129 9.79984760008e-10 0.695493920284 0.407081584624 0.999999929041 0.435696 0 0
37.4 16 12 0.927429498177 3.99595724824 9.83344849992e-10 0.695119298356 0.406770572579 0.999999943851 0.433966 0 0
37.5 16 12 0.927788233952 3.99957851952 9.8604358012e-10 0.694746551662 0.406461390924 0.999999942938 0.509218 0 0
37.6 16 12 0.928147908685 4.00339216805 9.89301973675e-10 0.694375653121 0.406154020134 0.999999949278 0.43504 0 0
37.7 16 13 0.928505492051 4.00784837225 9.93758519918e-10 0.694006581947 0.405848460495 0.999999935347 0.506589 0 0
37.8 16 12 0.928862231911 4.0112875214 9.96365434602e-10 0.69363935646 0.405544695245 0.999999922908 0.434918 0 0
37.9 16 12 0.92922127962 4.01507399099 1.00111041679e-09 0.693273961684 0.405242717625 0.999999949515 0.43698 0 0
38 16 12 0.929577682332 4.01872221916 1.00395225466e-09 0.692910366442 0.404942533394 0.9999999301 0.509959 0 0
38.1 16 12 0.929932830298 4.02242357333 1.00608432696e-09 0.692548538631 0.404644122847 0.999999909784 0.508825 0 0
38.2 16 13 0.930290065335 4.02652256229 1.00911512479e-09 0.692188485475 0.40434749003 0.999999937647 0.509295 0 0
38.3 16 12 0.930647504581 4.02930728019 1.0124947547e-09 0.69183016233 0.404052626958 0.999999936801 0.508153 0 0
38.4 16 12 0.931004611704 4.03296347282 1.01531516528e-09 0.69147357024 0.403759533605 0.999999931392 0.507759 0 0
38.5 16 12 0.931360135248 4.03691338205 1.01927388751e-09 0.691118669999 0.403468195985 0.99999992488 0.508545 0 0
38.6 16 12 0.931716321002 4.04023187549 1.02290709236e-09 0.690765425457 0.403178608102 0.999999938913 0.508984 0 0
38.7 16 12 0.932073712468 4.04389299212 1.02573516347e-09 0.690413840717 0.402890776244 0.999999947269 0.507022 0 0
38.8 16 12 0.93243115433 4.04752534656 1.03034170085e-09 0.690063840746 0.402604687922 0.999999951954 0.506278 0 0
38.9 16 12 0.932787632223 4.0511356668 1.03479858016e-09 0.689715411874 0.402320336546 0.999999938306 0.435597 0 0
39 16 12 0.93314155751 4.05470944824 1.04024211467e-09 0.689368508674 0.402037720696 0.99999993906 0.507272 0 0
39.1 16 12 0.933497437951 4.05828135242 1.04478048435e-09 0.689023099602 0.401756835473 0.999999945182 0.5098 0 0
39.2 16 12 0.933850656103 4.06197604089 1.05176978238e-09 0.688679176411 0.401477675359 0.999999927953 0.435147 0 0
39.3 16 13 0.934205306821 4.06566150561 1.05688435781e-09 0.688336677807 0.40120023723 0.999999935572 0.507362 0 0
39.4 16 12 0.934557888489 4.06900959374 1.06277353584e-09 0.687995566214 0.400924521742 0.999999928514 0.508023 0 0
39.5 16 12 0.934911613536 4.07237715674 1.06977271486e-09 0.687655791876 0.400650516997 0.999999931884 0.436199 0 0
39.6 16 12 0.935265565424 4.07589406575 1.07673037153e-09 0.687317343646 0.400378227198 0.999999944141 0.506417 0 0
39.7 16 12 0.935618508699 4.07938034374 1.08392650411e-09 0.686980180454 0.400107649485 0.999999938368 0.435594 0 0
39.8 16 12 0.935971067656 4.08285096938 1.09153708294e-09 0.686644286267 0.399838772867 0.99999994175 0.507458 0 0
39.9 16 12 0.936321118511 4.08644019767 1.10025855093e-09 0.686309604381 0.399571603453 0.999999926124 0.508646 0 0
40 16 12 0.936672917506 4.0899556712 1.11027897987e-09 0.68597610548 0.399306126555 0.999999955432 0.438689 0 0
40.1 16 12 0.93702169886 4.09343100625 1.12061293578e-09 0.685643762083 0.399042354255 0.999999934546 0.506887 0 0
40.2 16 12 0.937371870873 4.09657968814 1.13208131758e-09 0.685312543201 0.398780268755 0.99999995849 0.509144 0 0
40.3 16 12 0.937721452257 4.10002810266 1.14368003956e-09 0.684982430222 0.398519880358 0.999999957734 0.435076 0 0
40.4 16 12 0.938069709267 4.1034450778 1.15569442904e-09 0.684653421004 0.398261177773 0.999999942798 0.436795 0 0
40.5 16 12 0.938417312008 4.10679335799 1.167870467e-09 0.684325527374 0.398004159908 0.999999944423 0.434619 0 0
40.6 16 12 0.9387614209 4.11011627002 1.1803285016e-09 0.683998710933 0.397748826027 0.999999930433 0.433494 0 0
40.7 16 12 0.939106770304 4.1135130986 1.19551024635e-09 0.683672949854 0.397495169745 0.999999953235 0.433861 0 0
40.8 16 12 0.939449814961 4.11677530859 1.20970811146e-09 0.683348287507 0.39724318922 0.999999936583 0.506659 0 0
40.9 16 12 0.939791737301 4.12001970242 1.2260128468e-09 0.683024643457 0.396992882098 0.999999922668 0.507313 0 0
41 16 12 0.940132218411 4.12326276605 1.24331700491e-09 0.682702071073 0.396744247266 0.999999933448 0.433362 0 0
41.1 16 12 0.940474793668 4.12657385164 1.2605310129e-09 0.682380543252 0.39649728297 0.99999993886 0.508547 0 0
41.2 16 12 0.940816641111 4.12982452025 1.2780700942e-09 0.682060093269 0.396251993663 0.999999947673 0.435433 0 0
41.3 16 12 0.941157297739 4.13305273621 1.29700472584e-09 0.681740701633 0.396008356126 0.999999945602 0.508659 0 0
41.4 16 12 0.941493589898 4.13628589927 1.31652178048e-09 0.681422374593 0.395766376811 0.999999940329 0.508439 0 0
41.5 16 12 0.941830095849 4.13957160267 1.33742328323e-09 0.681105192031 0.395526041083 0.999999928502 0.436583 0 0
41.6 16 12 0.942167230172 4.1426450126 1.35966848891e-09 0.680789072594 0.395287352452 0.999999954059 0.508297 0 0
41.7 16 12 0.942503609153 4.14584932719 1.38134881311e-09 0.680474053554 0.395050319542 0.999999951025 0.507479 0 0
41.8 16 12 0.942837877849 4.14901630169 1.40545330929e-09 0.68016016236 0.394814924562 0.999999942682 0.506103 0 0
41.9 16 12 0.94317166425 4.15212849243 1.42990330687e-09 0.679847464059 0.394581163614 0.999999936677 0.437232 0 0
42 16 12 0.94350416171 4.1553039304 1.45500245186e-09 0.679535940976 0.394349027928 0.999999945576 0.507953 0 0
42.1 16 12 0.943835970916 4.1584522752 1.48092049734e-09 0.679225621478 0.394118520842 0.999999946543 0.507153 0 0
42.2 16 12 0.944165704193 4.16160114284 1.50857815129e-09 0.678916547435 0.393889637642 0.999999945409 0.505047 0 0
42.3 16 12 0.944493911065 4.16471249774 1.53698453964e-09 0.678608740926 0.393662367168 0.999999942066 0.435999 0 0
42.4 16 12 0.944822049241 4.16771962935 1.56655310946e-09 0.678302199241 0.393436707559 0.999999943075 0.434845 0 0
42.5 16 12 0.945145116034 4.17086361776 1.59630086927e-09 0.677996943464 0.3932126517 0.999999915912 0.506401 0 0
42.6 16 12 0.945470249507 4.17367108129 1.62914637336e-09 0.67769302692 0.392990191326 0.999999937196 0.43484 0 0
42.7 16 12 0.945794065442 4.176673029 1.6601338082e-09 0.677390479194 0.392769326251 0.999999931892 0.437408 0 0
42.8 16 12 0.94611764753 4.17974184432 1.69010472284e-09 0.677089317882 0.392550042953 0.999999951647 0.507606 0 0
42.9 16 12 0.946440240175 4.18275589614 1.72167213819e-09 0.676789573778 0.392332352229 0.999999948104 0.436766 0 0
43 16 12 0.946762259568 4.18577440937 1.75684333747e-09 0.676491281639 0.392116231329 0.999999937673 0.43624 0 0
43.1 16 12 0.947083412499 4.18884924756 1.79309789239e-09 0.676194466919 0.391901672853 0.999999955439 0.436532 0 0
43.2 16 12 0.947402491575 4.19192084793 1.83042114799e-09 0.675899131136 0.391688670615 0.999999948349 0.437284 0 0
43.3 16 12 0.947720854677 4.19498383747 1.86858262197e-09 0.675605298593 0.39147721408 0.999999945677 0.512111 0 0
43.4 16 12 0.948039216231 4.19811817862 1.90566984415e-09 0.675312981783 0.391267303135 0.999999948996 0.437908 0 0
43.5 16 12 0.948356495023 4.20130293411 1.94484495175e-09 0.675022282539 0.391058931167 0.999999958363 0.436789 0 0
43.6 16 12 0.948671262438 4.20446699124 1.98351135516e-09 0.674733168741 0.39085208772 0.999999945452 0.50723 0 0
43.7 16 12 0.948984363127 4.20765923932 2.02364458524e-09 0.6744456805 0.39064676862 0.999999941891 0.434618 0 0
43.8 16 12 0.949297806018 4.21090088082 2.06309147543e-09 0.674159829247 0.390442953971 0.999999949009 0.43605 0 0
43.9 16 12 0.949611620048 4.21421178731 2.10386641442e-09 0.673875608153 0.390240651071 0.999999961812 0.50863 0 0
44 16 12 0.949921584734 4.21758287614 2.14603912418e-09 0.673593005348 0.390039852049 0.999999923337 0.508076 0 0
44.1 16 12 0.950233442145 4.22099478799 2.19275975155e-09 0.673312028098 0.389840518286 0.99999995315 0.437138 0 0
44.2 16 12 0.950544100115 4.22443484375 2.23474605487e-09 0.673032668141 0.389642684867 0.999999954877 0.436569 0 0
44.3 16 12 0.950854478682 4.22796199173 2.27559981969e-09 0.672754900746 0.389446322373 0.999999955175 0.508308 0 0
44.4 16 12 0.951164204847 4.23150758613 2.31723251698e-09 0.672478741217 0.389251434246 0.999999955101 0.435724 0 0
44.5 16 12 0.951472749791 4.23499429183 2.35910757596e-09 0.672204155323 0.389058007051 0.999999946406 0.435501 0 0
44.6 16 12 0.951780551557 4.23854706632 2.40200836998e-09 0.671931130999 0.388866031229 0.99999994975 0.436646 0 0
44.7 16 12 0.952085078019 4.24211242155 2.44730247179e-09 0.671659640545 0.38867549821 0.999999925174 0.434977 0 0
44.8 16 12 0.952391622622 4.24573552042 2.49231257854e-09 0.671389645827 0.388486384632 0.999999961673 0.43562 0 0
44.9 16 12 0.952696887018 4.24945994307 2.53256071669e-09 0.671121119194 0.388298724969 0.999999949189 0.506427 0 0
45 16 12 0.953000478227 4.25322655043 2.5737429965e-09 0.6708540324 0.38811249268 0.999999944229 0.50925 0 0
45.1 16 12 0.953303021763 4.2568082939 2.6171429468e-09 0.670588375253 0.387927675378 0.999999929709 0.435171 0 0
45.2 16 12 0.953606178888 4.26017625793 2.65969646307e-09 0.67032409007 0.387744266898 0.999999938322 0.43703 0 0
45.3 16 12 0.953909170856 4.26385613615 2.70212729969e-09 0.670061187725 0.387562270138 0.999999949756 0.438051 0 0
45.4 16 12 0.954212234963 4.26756556277 2.74338185502e-09 0.669799575506 0.387381673549 0.999999968124 0.441785 0 0
45.5 16 12 0.954514804755 4.2714462546 2.78634892936e-09 0.669539234231 0.387202472249 0.999999958923 0.509883 0 0
45.6 16 12 0.954815717086 4.27498318695 2.83072998375e-09 0.669280144852 0.387024645525 0.999999955159 0.437962 0 0
45.7 16 12 0.955115286366 4.27895135842 2.86878187872e-09 0.669022237809 0.386848209285 0.99999994237 0.508393 0 0
45.8 16 12 0.955415126584 4.28230932703 2.90927537616e-09 0.668765513575 0.386673150357 0.999999961793 0.437607 0 0
45.9 16 12 0.955715502034 4.28591831834 2.94325497308e-09 0.668509916892 0.386499474685 0.999999954837 0.435971 0 0
46 16 12 0.956012708944 4.28942534019 2.98094604556e-09 0.668255405518 0.386327164406 0.999999936624 0.434524 0 0
46.1 16 12 0.956311808872 4.29299343744 3.01900882071e-09 0.668001970025 0.38615621965 0.999999955172 0.437336 0 0
46.2 16 12 0.956610192729 4.29658255268 3.05832881242e-09 0.667749553288 0.385986628089 0.999999953359 0.507193 0 0
46.3 16 12 0.956908338934 4.30013397386 3.09476666516e-09 0.66749814817 0.385818388991 0.999999950612 0.435567 0 0
46.4 16 12 0.957204922234 4.30366018682 3.12545500591e-09 0.667247711427 0.385651499956 0.999999948721 0.436651 0 0
46.5 16 12 0.95750150119 4.30714692109 3.15759629554e-09 0.666998211242 0.385485954812 0.99999994539 0.435899 0 0
46.6 16 12 0.957798023864 4.31059027946 3.19489368295e-09 0.66674963375 0.385321745531 0.99999994801 0.433913 0 0
46.7 16 12 0.958093891434 4.31406001295 3.22667204067e-09 0.66650192974 0.385158872691 0.999999947118 0.506118 0 0
46.8 16 12 0.95838766704 4.3174782314 3.25620641561e-09 0.666255092518 0.384997325886 0.999999941343 0.507819 0 0
46.9 16 12 0.958681171262 4.3208382162 3.28561267082e-09 0.666009118433 0.384837108923 0.999999938314 0.43585 0 0
47 16 12 0.958973409989 4.32419957971 3.31572835854e-09 0.665763999275 0.384678215138 0.999999937569 0.509272 0 0
47.1 16 12 0.959266318497 4.32754358827 3.34496530474e-09 0.665519714116 0.384520647205 0.999999933759 0.436892 0 0
47.2 16 12 0.959559550823 4.33083158122 3.37021344166e-09 0.665276247215 0.384364386206 0.999999942975 0.437276 0 0
47.3 16 12 0.959853244892 4.33410833584 3.39746830669e-09 0.66503359601 0.384209437429 0.99999994604 0.508239 0 0
47.4 16 12 0.960149867405 4.33734433542 3.42172401524e-09 0.664791748832 0.384055800788 0.999999946578 0.434893 0 0
47.5 16 12 0.960543753751 4.34092882528 3.44419059939e-09 0.664550700715 0.383903464858 0.999999935663 0.509371 0 0
47.6 16 12 0.960937848336 4.34371179751 3.47121620337e-09 0.664310468778 0.383752415777 0.999999948622 0.436619 0 0
47.7 16 12 0.961328450419 4.34685721774 3.49294859703e-09 0.66407104076 0.383602669374 0.999999939483 0.508061 0 0
47.8 16 12 0.961718205962 4.35008600111 3.51082518613e-09 0.663832427117 0.383454209695 0.999999941923 0.509174 0 0
47.9 16 12 0.962105119642 4.35305445252 3.52645201929e-09 0.663594650602 0.383307035023 0.999999943737 0.437121 0 0
48 16 12 0.962492907059 4.35615371749 3.54435081285e-09 0.663357698986 0.383161142006 0.99999994655 0.507116 0 0
48.1 16 12 0.962877516717 4.35921284989 3.56094309595e-09 0.663121605862 0.383016524639 0.999999936832 0.436 0 0
48.2 16 12 0.96326027481 4.36218035498 3.57667973017e-09 0.662886369157 0.382873169002 0.999999932959 0.510814 0 0
48.3 16 12 0.963641673262 4.36520362592 3.59186103083e-09 0.662651990682 0.382731065743 0.99999995224 0.435184 0 0
48.4 16 12 0.964022284104 4.36816241234 3.60201679594e-09 0.662418494321 0.382590225575 0.999999937064 0.50993 0 0
48.5 16 12 0.964399675051 4.37112539094 3.61585417163e-09 0.662185923523 0.382450631747 0.999999955113 0.438994 0 0
48.6 16 12 0.964776476398 4.37407882811 3.62415575328e-09 0.661954253521 0.382312288067 0.999999960764 0.508327 0 0
48.7 16 12 0.965150222493 4.37736706766 3.63316399188e-09 0.661723526231 0.382175182197 0.999999946777 0.509543 0 0
48.8 16 12 0.965521697221 4.37982633463 3.63947083581e-09 0.661493763822 0.38203930589 0.999999945388 0.435909 0 0
48.9 16 12 0.965893005129 4.38268178933 3.64420627008e-09 0.66126498125 0.38190466034 0.999999948936 0.507235 0 0
49 16 12 0.966261857299 4.38551494754 3.65050945028e-09 0.661037202311 0.381771238696 0.99999995149 0.435736 0 0
49.1 16 12 0.966630147097 4.38833271826 3.65130314872e-09 0.660810424197 0.381639033557 0.999999951031 0.435968 0 0
49.2 16 12 0.966995406335 4.39110511743 3.65077212905e-09 0.660584679012 0.381508040859 0.999999954709 0.506728 0 0
49.3 16 12 0.967357904566 4.39385857029 3.65031649352e-09 0.660359982078 0.381378247583 0.999999956603 0.506411 0 0
49.4 16 12 0.967721394092 4.39656686461 3.6490539479e-09 0.660136345806 0.381249658538 0.999999950738 0.506789 0 0
49.5 16 12 0.968081203355 4.39925463706 3.64705698974e-09 0.659913798604 0.381122264042 0.999999947353 0.435741 0 0
49.6 16 12 0.968440697684 4.4019387828 3.64634655803e-09 0.659692335672 0.380996056946 0.999999958993 0.436228 0 0
49.7 16 12 0.968796369356 4.40457622834 3.64048313717e-09 0.659471975539 0.380871037177 0.999999944609 0.437818 0 0
49.8 16 12 0.969148876102 4.40739414058 3.63307317564e-09 0.659252724871 0.380747193173 0.99999991315 0.435343 0 0
49.9 16 12 0.969503128253 4.40959677903 3.63120356006e-09 0.659034624021 0.380624503015 0.999999936838 0.438277 0 0
50 16 12 0.969855777805 4.41214547487 3.62561580758e-09 0.658817631236 0.380502975194 0.999999954008 0.507716 0 0
50.1 16 12 0.970206716619 4.41461236935 3.6179905738e-09 0.658601755496 0.380382615554 0.999999925334 0.509111 0 0
50.2 16 12 0.970557244582 4.41709021097 3.60760310514e-09 0.658387023146 0.38026340557 0.999999952093 0.508725 0 0
50.3 16 12 0.970906656039 4.41961097561 3.59722329701e-09 0.658173390486 0.380145344505 0.999999957143 0.50733 0 0
50.4 16 12 0.971255173198 4.42210565656 3.58795426703e-09 0.657960867331 0.380028426962 0.999999949675 0.435712 0 0
50.5 16 12 0.971601079121 4.4247954693 3.58005569634e-09 0.657749463753 0.379912639269 0.999999949554 0.436385 0 0
50.6 16 12 0.971945138365 4.42689502635 3.56700191606e-09 0.657539159373 0.37979798133 0.999999935865 0.435206 0 0
50.7 16 12 0.972289794997 4.42931852662 3.55114337935e-09 0.657329945329 0.379684442804 0.999999949463 0.435092 0 0
50.8 16 12 0.97263301152 4.43172511928 3.53508933237e-09 0.657121809936 0.379572017271 0.999999957397 0.436403 0 0
50.9 16 12 0.972974789314 4.43410208137 3.52036488849e-09 0.656914745202 0.379460708704 0.999999951366 0.506588 0 0
51 16 12 0.973314677619 4.43638338454 3.50563167384e-09 0.656708730144 0.379350499564 0.999999930009 0.508387 0 0
51.1 16 12 0.973654397519 4.43869063113 3.49087803109e-09 0.656503750626 0.379241384074 0.999999923603 0.508023 0 0
51.2 16 12 0.973993680548 4.44119762756 3.47386408528e-09 0.656299779261 0.379133359459 0.99999992985 0.506699 0 0
51.3 16 12 0.974331958587 4.44341591868 3.46021533648e-09 0.656096822642 0.379026419757 0.999999943797 0.435304 0 0
51.4 16 12 0.974667378678 4.4457220672 3.43925399271e-09 0.655894839376 0.378920561444 0.999999937873 0.436331 0 0
51.5 16 12 0.975002107718 4.44803096802 3.41876860155e-09 0.655693816278 0.378815776211 0.999999949733 0.510278 0 0
51.6 16 12 0.97533716069 4.45031720645 3.41039096963e-09 0.655493722108 0.378712063297 0.999999935401 0.508063 0 0
51.7 16 12 0.975671226752 4.45266034198 3.39341044153e-09 0.655294518046 0.378609422078 0.999999958465 0.437104 0 0
51.8 16 12 0.976003636459 4.45497687395 3.37545225104e-09 0.655096177487 0.378507849703 0.99999994347 0.509472 0 0
51.9 16 12 0.976331747586 4.45727979853 3.35642136307e-09 0.654898692053 0.378407334865 0.999999952728 0.434399 0 0
52 16 12 0.976661130035 4.45959134281 3.33692784515e-09 0.654701997323 0.378307873522 0.999999942388 0.511962 0 0
52.1 16 12 0.976990593992 4.46206730192 3.32431171479e-09 0.654506110893 0.378209460792 0.999999944425 0.436179 0 0
52.2 16 12 0.977321009153 4.46424707792 3.30520200098e-09 0.654311015517 0.378112096429 0.99999995112 0.437842 0 0
52.3 16 12 0.977650382872 4.46657400724 3.28722327136e-09 0.654116687446 0.378015779588 0.999999939078 0.436616 0 0
52.4 16 12 0.977972364964 4.4688345585 3.27042015691e-09 0.653923089609 0.377920496892 0.999999932936 0.436789 0 0
52.5 16 12 0.978301757974 4.47122170257 3.25178795002e-09 0.653730206902 0.377826238411 0.999999956228 0.508773 0 0
52.6 16 12 0.978630950165 4.47363378917 3.23426574411e-09 0.653538035933 0.377733021462 0.999999957746 0.437947 0 0
52.7 16 12 0.978957032553 4.47624683914 3.2173324005e-09 0.653346547583 0.377640828038 0.999999925709 0.434241 0 0
52.8 16 12 0.97927896235 4.47841106084 3.20076942728e-09 0.653155720208 0.377549630503 0.999999926304 0.506085 0 0
52.9 16 12 0.979603208289 4.48097898024 3.18902126928e-09 0.652965516809 0.377459448024 0.999999947158 0.435682 0 0
53 16 12 0.979929123629 4.48312932819 3.17255999249e-09 0.652775948515 0.377370277164 0.999999958316 0.506023 0 0
53.1 16 12 0.98025093074 4.48557340603 3.17053960863e-09 0.652587003282 0.377282112882 0.999999938108 0.505822 0 0
53.2 16 12 0.980574695416 4.48804245878 3.15802806128e-09 0.652398644668 0.377194957826 0.9999999515 0.43581 0 0
53.3 16 12 0.980894788282 4.49051588778 3.14745740582e-09 0.652210893459 0.377108800874 0.99999995365 0.435011 0 0
53.4 16 12 0.98121865603 4.49306933073 3.13575143629e-09 0.652023737295 0.377023638892 0.99999995449 0.508331 0 0
53.5 16 12 0.981537069247 4.49555220725 3.12440917583e-09 0.651837173314 0.376939478056 0.999999932026 0.43659 0 0
53.6 16 12 0.981856414146 4.49812919043 3.11832071276e-09 0.651651182948 0.376856307329 0.999999949988 0.436112 0 0
53.7 16 12 0.982176064588 4.50074035704 3.10768200062e-09 0.651465791282 0.376774131125 0.999999956403 0.433991 0 0
53.8 16 12 0.982494761778 4.50333533528 3.09981884605e-09 0.651280984471 0.376692941664 0.99999994885 0.438059 0 0
53.9 16 12 0.982809026313 4.5059269473 3.09444014857e-09 0.651096770427 0.376612734072 0.999999940523 0.43825 0 0
54 16 12 0.98312210652 4.50850596767 3.08795400361e-09 0.650913145272 0.376533499103 0.999999942724 0.437378 0 0
54.1 16 12 0.983438401491 4.51142939874 3.08506853397e-09 0.650730120718 0.376455234834 0.999999945294 0.436111 0 0
54.2 16 12 0.983750260816 4.51372004286 3.08101388846e-09 0.650547702652 0.376377933628 0.999999942203 0.438068 0 0
54.3 16 12 0.9840594459 4.51635431145 3.08400505133e-09 0.650365888338 0.376301602484 0.99999993935 0.438089 0 0
54.4 16 12 0.984365558649 4.51895145766 3.0838749332e-09 0.650184682008 0.376226231185 0.999999939747 0.437951 0 0
54.5 16 12 0.98467175668 4.52159546067 3.08257186443e-09 0.650004115908 0.376151820786 0.99999994726 0.434611 0 0
54.6 16 12 0.984979391618 4.52419706546 3.08340442068e-09 0.649824191273 0.376078362736 0.999999942851 0.435512 0 0
54.7 16 12 0.98528738504 4.52697682716 3.08529357618e-09 0.649644937863 0.376005849621 0.999999955229 0.433821 0 0
54.8 16 12 0.985589900724 4.52943616139 3.08951064731e-09 0.649466349165 0.375934279497 0.999999950568 0.507879 0 0
54.9 16 12 0.985896538828 4.53209753874 3.09471048787e-09 0.64928843648 0.375863648961 0.999999956792 0.508103 0 0
55 16 12 0.986196443715 4.53471834519 3.10289194339e-09 0.649111221996 0.375793955754 0.999999944458 0.434615 0 0
55.1 16 12 0.98649505171 4.5373249794 3.11166770128e-09 0.648934698719 0.375725191601 0.999999939119 0.436359 0 0
55.2 16 12 0.986798318092 4.53996679194 3.1211937479e-09 0.648758895645 0.375657338427 0.999999950098 0.507488 0 0
55.3 16 12 0.987095267674 4.54260533708 3.13233017302e-09 0.648583845644 0.375590412082 0.99999996073 0.438715 0 0
55.4 16 12 0.98739166878 4.54521591244 3.14440418148e-09 0.64840954472 0.37552439941 0.999999959439 0.508495 0 0
55.5 16 12 0.987688572591 4.5478687253 3.15839487897e-09 0.648236010541 0.375459297522 0.999999957427 0.511429 0 0
55.6 16 12 0.987980798261 4.5504599523 3.17423176632e-09 0.648063256071 0.375395101229 0.999999947376 0.436167 0 0
55.7 16 12 0.988273168002 4.55320967582 3.19232051904e-09 0.647891294332 0.375331798187 0.999999952945 0.512998 0 0
55.8 16 12 0.988566774559 4.55568307323 3.21156079508e-09 0.64772013993 0.375269396285 0.999999958567 0.507543 0 0
55.9 16 12 0.988854102466 4.55828300816 3.23159232707e-09 0.647549801211 0.375207890649 0.999999959568 0.435989 0 0
56 16 12 0.989141985908 4.56084576154 3.25324578387e-09 0.647380275514 0.375147272267 0.999999957625 0.505741 0 0
56.1 16 12 0.989426180536 4.56336194556 3.27742744055e-09 0.647211572002 0.375087533713 0.999999949196 0.508131 0 0
56.2 16 12 0.989709044916 4.56591911514 3.30152494232e-09 0.647043697798 0.375028672396 0.999999951424 0.506619 0 0
56.3 16 12 0.989991001357 4.56844574688 3.32776983747e-09 0.646876640744 0.374970683596 0.999999953929 0.439046 0 0
56.4 16 12 0.990272273178 4.57095718577 3.35515903949e-09 0.646710422561 0.374913563259 0.999999960785 0.436471 0 0
56.5 16 12 0.990551676407 4.57347421476 3.38417494028e-09 0.64654504108 0.374857307149 0.999999960185 0.508037 0 0
56.6 16 12 0.990827290422 4.57595180549 3.41332184739e-09 0.646380489106 0.374801910067 0.999999944972 0.506889 0 0
56.7 16 12 0.991104280508 4.57843833455 3.44338801916e-09 0.646216774203 0.374747358538 0.999999954995 0.507829 0 0
56.8 16 12 0.991379603758 4.58089864845 3.47536543988e-09 0.646053889846 0.374693659741 0.999999961269 0.508255 0 0
56.9 16 12 0.991654752564 4.58334760696 3.5119167574e-09 0.645891830025 0.374640803535 0.999999955627 0.512143 0 0
57 16 12 0.991927047531 4.58579019013 3.54601348285e-09 0.6457305866 0.374588788526 0.999999952074 0.43757 0 0
57.1 16 12 0.992200172561 4.58820815854 3.58096385877e-09 0.645570145161 0.374537609461 0.999999958127 0.435653 0 0
57.2 16 12 0.99246499901 4.59053782176 3.6190443975e-09 0.645410497533 0.374487262579 0.999999945917 0.433737 0 0
57.3 16 12 0.992732810556 4.592911112 3.65522057066e-09 0.645251631219 0.374437742087 0.999999944563 0.508003 0 0
57.4 16 12 0.992998741907 4.59523363936 3.69338626349e-09 0.645093525724 0.374389043964 0.999999940517 0.435641 0 0
57.5 16 12 0.993262781057 4.59755754039 3.73140074394e-09 0.644936162374 0.374341160754 0.999999945349 0.508738 0 0
57.6 16 12 0.993519018857 4.5998816516 3.77144027119e-09 0.644779526945 0.374294087186 0.999999930761 0.434833 0 0
57.7 16 12 0.993779966439 4.6020573011 3.81138209882e-09 0.644623614943 0.374247821965 0.999999949843 0.512899 0 0
57.8 16 12 0.994039022792 4.60429656045 3.85139731218e-09 0.644468409425 0.374202376984 0.999999939515 0.439972 0 0
57.9 16 12 0.994294046987 4.60649776899 3.89316001659e-09 0.644313875886 0.374157733607 0.999999946469 0.434762 0 0
58 16 12 0.994552226661 4.60875784417 3.93525623199e-09 0.644159997838 0.374113893501 0.999999947831 0.507771 0 0
58.1 16 12 0.994811715954 4.61094677461 3.97631272353e-09 0.644006813429 0.374070856626 0.999999937585 0.435003 0 0
58.2 16 12 0.995071805121 4.61315586139 4.01745814393e-09 0.643854263249 0.374028606758 0.999999951459 0.436406 0 0
58.3 16 12 0.99532818215 4.61537490618 4.06332945069e-09 0.643702327637 0.373987149435 0.999999944573 0.435658 0 0
58.4 16 12 0.995585338105 4.61754503503 4.10576017629e-09 0.643550988696 0.373946487759 0.999999951489 0.434862 0 0
58.5 16 12 0.995837813856 4.61968408262 4.14903378321e-09 0.643400226693 0.373906611645 0.999999942694 0.435639 0 0
58.6 16 12 0.996092688625 4.62182802228 4.19122681006e-09 0.643250017441 0.37386751682 0.999999941677 0.506638 0 0
58.7 16 12 0.996346941595 4.62396851338 4.2332719552e-09 0.643100359713 0.373829198519 0.999999956787 0.436339 0 0
58.8 16 12 0.996600249745 4.62605732091 4.27516777535e-09 0.642951220915 0.3737916574 0.99999994816 0.506663 0 0
58.9 16 12 0.996851288587 4.62816437087 4.31710656112e-09 0.642802606181 0.373754888794 0.999999944341 0.508263 0 0
59 16 12 0.997103561872 4.63035203885 4.35984748304e-09 0.642654475362 0.373718896781 0.999999936661 0.510393 0 0
59.1 16 12 0.99735490048 4.63228838709 4.40075309527e-09 0.642506829423 0.37368367251 0.999999948219 0.507096 0 0
59.2 16 12 0.997610480631 4.63437206399 4.44061853955e-09 0.64235964301 0.373649221571 0.999999950162 0.508532 0 0
59.3 16 12 0.9978597509 4.63639919382 4.48344794624e-09 0.642212915513 0.373615535905 0.999999938888 0.43718 0 0
59.4 16 12 0.998112373223 4.63844001043 4.52232773451e-09 0.642066627953 0.373582599948 0.999999939818 0.509044 0 0
59.5 16 12 0.99836533409 4.64069948284 4.56228932411e-09 0.641920789944 0.373550422244 0.999999943091 0.436824 0 0
59.6 16 12 0.998615220565 4.64250893418 4.60147608905e-09 0.641775355755 0.373519000229 0.999999935931 0.435974 0 0
59.7 16 12 0.998861855324 4.64484021557 4.64167304592e-09 0.641630354381 0.373488323914 0.99999993946 0.50666 0 0
59.8 16 12 0.999108034687 4.64648405716 4.67783201064e-09 0.641485754421 0.37345840212 0.999999931723 0.506985 0 0
59.9 16 12 0.999355834554 4.64847264284 4.71488026399e-09 0.64134156801 0.3734292236 0.999999936014 0.509862 0 0
60 16 12 0.999608263838 4.65050220051 4.74844474851e-09 0.641197791771 0.373400793371 0.999999939858 0.507326 0 0
60.1 16 12 0.999863545242 4.65256328352 4.78318962216e-09 0.641054411956 0.373373100011 0.999999948026 0.435831 0 0
60.2 16 12 1.0001165603 4.65461853233 4.81540718411e-09 0.640911434113 0.373346147532 0.999999952531 0.434921 0 0
60.3 16 12 1.00036819275 4.65667624816 4.84626583308e-09 0.640768858059 0.373319927928 0.999999948962 0.507999 0 0
60.4 16 12 1.00061780462 4.65873033592 4.87669526983e-09 0.640626700841 0.373294437517 0.999999941085 0.436232 0 0
60.5 16 12 1.00087351357 4.6608022658 4.90660201358e-09 0.640484955776 0.373269667048 0.999999947657 0.507896 0 0
60.6 16 12 1.00112085966 4.66298500144 4.93557172909e-09 0.640343644658 0.373245621943 0.999999928845 0.437051 0 0
60.7 16 12 1.00137325974 4.66496664188 4.96180641019e-09 0.640202760276 0.373222292509 0.999999940684 0.435697 0 0
60.8 16 12 1.00162165587 4.66700895391 4.98668262239e-09 0.64006231766 0.373199682259 0.999999938828 0.43693 0 0
60.9 16 12 1.00187363083 4.66912049418 5.01182895185e-09 0.63992230813 0.373177775448 0.999999932241 0.509871 0 0
61 16 12 1.00212388994 4.67121224237 5.03418218223e-09 0.639782766119 0.373156587213 0.99999995622 0.435785 0 0
61.1 16 12 1.0023751316 4.67333402405 5.05561548181e-09 0.639643672166 0.373136105982 0.999999939374 0.508159 0 0
61.2 16 12 1.0026269405 4.6754772754 5.07541098038e-09 0.639505067477 0.373116319727 0.999999949832 0.441064 0 0
61.3 16 12 1.00287110813 4.6775584827 5.09607067656e-09 0.639366931376 0.373097235541 0.99999993098 0.435967 0 0
61.4 16 12 1.00311455148 4.6796685308 5.11529252289e-09 0.639229290727 0.373078826777 0.999999941347 0.507817 0 0
61.5 16 13 1.00336242544 4.68197453743 5.13210463016e-09 0.639092158841 0.373061115173 0.999999933636 0.509676 0 0
61.6 16 12 1.00360965976 4.68396325538 5.1462135664e-09 0.6389555561 0.373044085507 0.999999923856 0.437799 0 0
61.7 16 12 1.00385848342 4.6861039666 5.1588642247e-09 0.63881950547 0.373027738603 0.999999943993 0.437505 0 0
61.8 16 12 1.00410763257 4.68825719488 5.17063591943e-09 0.638683994794 0.373012062926 0.999999932586 0.50696 0 0
61.9 16 12 1.004354241 4.69038860991 5.18211940026e-09 0.638549047132 0.372997059733 0.999999940902 0.435277 0 0
62 16 12 1.00460210499 4.69253349015 5.19178589009e-09 0.638414652786 0.372982723321 0.999999929386 0.510203 0 0
62.1 16 12 1.00484730731 4.69468872096 5.20037191087e-09 0.638280836438 0.372969044939 0.999999948032 0.434419 0 0
62.2 16 12 1.00509023648 4.69685025662 5.20673071325e-09 0.638147584956 0.372956034046 0.999999935977 0.507431 0 0
62.3 16 12 1.00533508569 4.69902100227 5.2110469273e-09 0.638014924648 0.372943668524 0.999999939717 0.437259 0 0
62.4 16 12 1.00557732761 4.70117211762 5.21617382621e-09 0.637882860866 0.372931955964 0.999999936782 0.435589 0 0
62.5 16 12 1.00581862156 4.70333166931 5.22027931993e-09 0.637751397574 0.372920882317 0.999999936239 0.440699 0 0
62.6 16 12 1.00605866876 4.70550587825 5.22207588283e-09 0.637620542314 0.372910445449 0.9999999291 0.436225 0 0
62.7 16 12 1.00629799663 4.70769356648 5.22222354249e-09 0.637490291759 0.372900643167 0.999999937632 0.437991 0 0
62.8 16 12 1.00653268841 4.70992072492 5.22240450884e-09 0.637360644951 0.372891481 0.999999930237 0.43713 0 0
62.9 16 12 1.0067650044 4.71197566074 5.22074450338e-09 0.637231602478 0.372882939398 0.999999922422 0.437276 0 0
63 16 12 1.00699676128 4.71412094736 5.21918741558e-09 0.637103163836 0.372875015103 0.999999918023 0.437044 0 0
63.1 16 12 1.00722791511 4.71627327414 5.21751075677e-09 0.636975321597 0.372867731118 0.999999934041 0.436894 0 0
63.2 16 12 1.00746191856 4.7184664009 5.21324716729e-09 0.636848075414 0.372861072776 0.99999993295 0.436324 0 0
63.3 16 12 1.00769396654 4.72065477568 5.20836307416e-09 0.636721425722 0.372855014085 0.999999954742 0.434303 0 0
63.4 16 12 1.00792195016 4.72281222925 5.20090615019e-09 0.636595361909 0.372849569409 0.999999937361 0.507892 0 0
63.5 16 12 1.00815024731 4.72507509903 5.1947304236e-09 0.636469874963 0.372844717587 0.999999938784 0.506006 0 0
63.6 16 12 1.0083718686 4.72703664773 5.18791609672e-09 0.636344980401 0.372840463586 0.999999926462 0.436131 0 0
63.7 16 12 1.00859158783 4.72933106473 5.17956599833e-09 0.636220631559 0.372836827987 0.999999922925 0.506525 0 0
63.8 16 12 1.00881647257 4.73127213261 5.17022669122e-09 0.636096833235 0.372833783937 0.999999948855 0.435704 0 0
63.9 16 12 1.00903739521 4.73334372058 5.16157583341e-09 0.635973585595 0.372831339854 0.999999923491 0.437059 0 0
64 16 12 1.00925731152 4.73550636761 5.15332621021e-09 0.635850871776 0.372829449233 0.999999953934 0.436132 0 0
64.1 16 12 1.00947700056 4.73766483565 5.14350273484e-09 0.635728666506 0.372828154269 0.999999951931 0.509629 0 0
64.2 16 12 1.00969265846 4.73977931715 5.13331421814e-09 0.635606979526 0.372827435339 0.999999934256 0.508835 0 0
64.3 16 12 1.00990687733 4.74206911947 5.12251729923e-09 0.635485774872 0.372827288904 0.999999936416 0.434801 0 0
64.4 16 12 1.01011192296 4.74401612191 5.11153319671e-09 0.63536504529 0.372827711106 0.999999912182 0.436774 0 0
64.5 16 12 1.01032058122 4.74592813842 5.10413933341e-09 0.635244768659 0.372828692259 0.999999936123 0.435405 0 0
64.6 16 12 1.01052976961 4.74805418636 5.09177056074e-09 0.635124934926 0.372830244172 0.999999937807 0.439854 0 0
64.7 16 12 1.01073261925 4.75048388646 5.08152941947e-09 0.635005542223 0.37283236359 0.999999927666 0.438612 0 0
64.8 16 12 1.01094061405 4.75217000014 5.07111908021e-09 0.634886565337 0.372835023019 0.99999993434 0.50794 0 0
64.9 16 12 1.01114844949 4.75430553297 5.06136710321e-09 0.634768005266 0.37283824659 0.999999939698 0.436146 0 0
65 16 12 1.01135390914 4.75640196247 5.04970987247e-09 0.634649846791 0.372842037886 0.999999936502 0.437045 0 0
65.1 16 13 1.01155569425 4.75867967402 5.04200659002e-09 0.634532058936 0.372846378397 0.999999932683 0.435733 0 0
65.2 16 12 1.01175500432 4.76079783693 5.03186081691e-09 0.6344146318 0.372851266258 0.9999999356 0.435402 0 0
65.3 16 12 1.01195305431 4.76277510566 5.02248209688e-09 0.634297570936 0.372856698635 0.999999934403 0.50767 0 0
65.4 16 12 1.01215248872 4.764727694 5.0134699725e-09 0.634180861296 0.372862684724 0.999999945421 0.507454 0 0
65.5 16 12 1.01234738165 4.76690685463 5.00565411343e-09 0.634064507415 0.372869219997 0.999999924718 0.51018 0 0
65.6 16 12 1.01253381189 4.76867441808 5.00027774741e-09 0.633948478985 0.372876317433 0.999999928889 0.50694 0 0
65.7 16 12 1.01272594692 4.77069539778 4.99312002855e-09 0.633832766784 0.372883974383 0.999999933883 0.50719 0 0
65.8 16 12 1.01292173894 4.77276437365 4.98623009548e-09 0.633717395554 0.372892175124 0.999999944072 0.437758 0 0
65.9 16 12 1.01311387398 4.77479784138 4.9815528369e-09 0.633602340567 0.372900920103 0.999999934168 0.439704 0 0
66 16 12 1.01330512495 4.77683244593 4.97890928486e-09 0.633487587343 0.372910208164 0.999999947671 0.436733 0 0
66.1 16 12 1.01349234302 4.77902203117 4.97571195357e-09 0.633373126557 0.372920038838 0.999999927738 0.5135 0 0
66.2 16 12 1.01368048151 4.78086365873 4.97238505925e-09 0.633258966762 0.372930402041 0.999999926495 0.436141 0 0
66.3 16 12 1.01386576016 4.78283964829 4.97090280049e-09 0.633145118449 0.372941291732 0.999999931307 0.436314 0 0
66.4 16 12 1.01404675514 4.7846559619 4.97030061553e-09 0.633031570464 0.372952713416 0.999999928264 0.512631 0 0
66.5 16 12 1.01423051191 4.78661191238 4.96904595249e-09 0.632918320112 0.372964667005 0.999999934264 0.43519 0 0
66.6 16 12 1.01441150064 4.7885218122 4.97057839333e-09 0.632805381764 0.372977141448 0.999999929644 0.508216 0 0
66.7 16 12 1.01459161858 4.79068797587 4.97282570677e-09 0.632692746268 0.372990160722 0.999999925519 0.507035 0 0
66.8 16 12 1.014767515 4.79240156419 4.97593055648e-09 0.632580416574 0.373003688113 0.999999930097 0.510105 0 0
66.9 16 12 1.01494412623 4.7940910952 4.9806010427e-09 0.632468392332 0.373017730147 0.999999934891 0.508355 0 0
67 16 12 1.0151176615 4.79593123038 4.98639718405e-09 0.632356692156 0.37303228554 0.999999935396 0.507625 0 0
67.1 16 12 1.01529272523 4.79782209848 4.99109642504e-09 0.632245312496 0.373047343458 0.999999938539 0.506356 0 0
67.2 16 12 1.01547164775 4.79966618061 4.99996788417e-09 0.632134267287 0.373062909118 0.999999923898 0.43605 0 0
67.3 16 12 1.0156455621 4.80159584393 5.01128427643e-09 0.632023586536 0.373078964356 0.999999917455 0.435314 0 0
67.4 16 12 1.01581944036 4.80328012134 5.02220054432e-09 0.631913247269 0.373095502863 0.999999932537 0.435905 0 0
67.5 16 12 1.01599665654 4.80535781826 5.03458430501e-09 0.63180326062 0.373112526769 0.999999930478 0.506124 0 0
67.6 16 12 1.01617267094 4.80693910778 5.04914887678e-09 0.631693647007 0.373130029008 0.999999941052 0.435271 0 0
67.7 16 12 1.01634354043 4.80885704345 5.06442443537e-09 0.631584398556 0.373148013791 0.999999907417 0.505615 0 0
67.8 16 12 1.01651622757 4.81045255939 5.08306108316e-09 0.631475557137 0.373166428481 0.999999936629 0.437296 0 0
67.9 16 12 1.01668946568 4.81220434603 5.10085607086e-09 0.631367108799 0.373185330132 0.999999924412 0.50895 0 0
68 16 12 1.0168589149 4.81390232319 5.1207444951e-09 0.631259083117 0.37320469445 0.999999923385 0.507979 0 0
68.1 16 12 1.01703377858 4.81570504422 5.14224030024e-09 0.631151464255 0.373224525694 0.999999938551 0.509235 0 0
68.2 16 12 1.01720902723 4.81920122388 5.16485521018e-09 0.631044282775 0.373244842423 0.999999949557 0.436033 0 0
68.3 16 12 1.01738251698 4.82104295345 5.18883125356e-09 0.630937535026 0.373265624725 0.999999938927 0.436572 0 0
68.4 16 12 1.0175578866 4.82276719145 5.21627496752e-09 0.630831219134 0.373286846618 0.999999950105 0.507648 0 0
68.5 16 12 1.01773496973 4.8245097426 5.2432811426e-09 0.630725332399 0.373308523817 0.999999951753 0.437752 0 0
68.6 16 12 1.01790829154 4.82619664004 5.27239307768e-09 0.630619883577 0.373330659555 0.999999945821 0.437294 0 0
68.7 16 12 1.01807969545 4.82769050428 5.30289967493e-09 0.630514870565 0.373353239153 0.99999994054 0.437583 0 0
68.8 16 12 1.01825139381 4.82947248117 5.334231723e-09 0.630410310222 0.373376265064 0.999999929807 0.510969 0 0
68.9 16 12 1.0184261175 4.83116288054 5.36874034118e-09 0.630306201275 0.373399722377 0.999999948491 0.437653 0 0
69 16 12 1.01859187795 4.83276764942 5.40372047109e-09 0.630202547178 0.373423629076 0.999999928191 0.439054 0 0
69.1 16 12 1.01876084754 4.83440875261 5.43941247599e-09 0.630099322484 0.373447979619 0.999999943779 0.437267 0 0
69.2 16 12 1.01893400055 4.83600939088 5.47673062457e-09 0.629996562219 0.373472768573 0.999999941103 0.509516 0 0
69.3 16 12 1.0191068278 4.8379493708 5.52093304407e-09 0.629894255908 0.3734979886 0.999999939789 0.437299 0 0
69.4 16 12 1.01928222081 4.83928588278 5.56146795283e-09 0.629792400565 0.373523633816 0.999999950085 0.436765 0 0
69.5 16 12 1.01945389799 4.84096931538 5.60180346554e-09 0.629690987067 0.373549717412 0.999999934743 0.436216 0 0
69.6 16 12 1.01962809676 4.84249045252 5.64670021852e-09 0.62959001103 0.373576217061 0.999999945717 0.508413 0 0
69.7 16 12 1.01979914407 4.84409444295 5.69062619249e-09 0.629489464033 0.373603141094 0.999999941042 0.436078 0 0
69.8 16 12 1.01996864229 4.84567573103 5.73565428486e-09 0.629389346107 0.373630485342 0.999999937563 0.509315 0 0
69.9 16 12 1.02013864704 4.84736443375 5.78147751895e-09 0.629289644139 0.373658241551 0.999999926077 0.509073 0 0
70 16 12 1.02030530315 4.84877511402 5.82974690744e-09 0.629190351497 0.373686423676 0.999999931114 0.508061 0 0
70.1 16 12 1.02047288201 4.85032434626 5.87845105926e-09 0.62909144041 0.373715012598 0.99999992509 0.507391 0 0
70.2 16 12 1.02064355722 4.85220962936 5.92979709779e-09 0.628992938295 0.373744010081 0.99999993147 0.509482 0 0
70.3 16 12 1.02081284688 4.85359503853 5.98262472895e-09 0.628894828855 0.373773416831 0.999999934138 0.50869 0 0
70.4 16 12 1.02098680495 4.85513746834 6.03631988838e-09 0.628797071953 0.373803233299 0.999999946896 0.434787 0 0
70.5 16 12 1.02115898113 4.85696104955 6.09064754187e-09 0.628699672006 0.373833450905 0.999999934852 0.437578 0 0
70.6 16 12 1.02132753137 4.85829407281 6.14597972515e-09 0.628602613682 0.37386405396 0.999999925994 0.437962 0 0
70.7 16 12 1.02149611367 4.85985373606 6.20255469208e-09 0.628505912793 0.373895057538 0.999999934702 0.510919 0 0
70.8 16 12 1.02166689259 4.86158147844 6.2596343664e-09 0.628409528618 0.373926458514 0.999999915454 0.508388 0 0
70.9 16 12 1.02183389556 4.86294085286 6.32284702373e-09 0.628313465617 0.373958256584 0.999999930051 0.434491 0 0
71 16 12 1.02200291775 4.86441311991 6.38051411705e-09 0.628217696519 0.373990461654 0.999999938963 0.509395 0 0
71.1 16 12 1.02217031111 4.86642926106 6.43973740999e-09 0.628122226967 0.374023067528 0.999999920128 0.506843 0 0
71.2 16 12 1.02233756497 4.86779779062 6.50031339866e-09 0.628027032093 0.374056053885 0.999999922076 0.437131 0 0
71.3 16 12 1.02250448774 4.86955153695 6.56267928889e-09 0.627932103172 0.374089433787 0.999999919231 0.509004 0 0
71.4 16 12 1.02267141223 4.87095471881 6.62313170974e-09 0.627837451679 0.374123201475 0.999999927449 0.510807 0 0
71.5 16 12 1.02284228986 4.87264555187 6.68665822712e-09 0.627743031293 0.374157368322 0.999999946095 0.435742 0 0
71.6 16 12 1.02301328878 4.87435016057 6.7497536449e-09 0.627648860805 0.374191932046 0.999999940372 0.433683 0 0
71.7 16 12 1.02318022948 4.87622015779 6.8138183984e-09 0.627554922374 0.374226884492 0.99999992552 0.434271 0 0
71.8 16 12 1.02334752542 4.8774596572 6.8803402975e-09 0.627461207528 0.374262225042 0.999999942107 0.435096 0 0
71.9 16 12 1.0235156502 4.87949033655 6.94636226317e-09 0.627367715255 0.374297954029 0.999999929234 0.510648 0 0
72 16 12 1.02368423657 4.88120043715 7.01307567574e-09 0.627274440124 0.374334066467 0.99999992877 0.434586 0 0
72.1 16 12 1.02384588328 4.88261019101 7.07852743087e-09 0.627181381593 0.37437056192 0.999999937536 0.435375 0 0
72.2 16 12 1.02401338933 4.88429482021 7.14185932615e-09 0.627088516171 0.374407448389 0.999999932619 0.507374 0 0
72.3 16 12 1.02417802035 4.88593401218 7.20804460563e-09 0.626995862383 0.37444471325 0.999999932679 0.436983 0 0
72.4 16 12 1.02434291707 4.8875921899 7.27688242996e-09 0.62690341999 0.37448235755 0.999999940782 0.507048 0 0
72.5 16 12 1.02450779144 4.88945864154 7.34174299133e-09 0.626811175237 0.374520391643 0.999999932829 0.509711 0 0
72.6 16 12 1.02467181592 4.89089316998 7.40821826106e-09 0.626719130335 0.374558803609 0.999999925568 0.437209 0 0
72.7 16 12 1.02483547035 4.89251005386 7.47573947191e-09 0.626627292106 0.374597576064 0.999999925772 0.508626 0 0
72.8 16 12 1.02499989223 4.89466824144 7.54672968561e-09 0.626535670281 0.374636732078 0.999999938477 0.506327 0 0
72.9 16 12 1.0251606001 4.89615424912 7.61418816886e-09 0.626444236199 0.374676266107 0.999999929594 0.436697 0 0
73 16 12 1.02532503724 4.89768424408 7.67819929859e-09 0.626353024203 0.374716172932 0.999999928024 0.508053 0 0
73.1 16 12 1.02548370096 4.89946203285 7.74550623639e-09 0.626262025631 0.374756440058 0.999999925401 0.440435 0 0
73.2 16 12 1.025642292 4.90068784476 7.81106268555e-09 0.626171217296 0.374797061013 0.999999933185 0.437343 0 0
73.3 16 12 1.02579726983 4.90234154098 7.87738951846e-09 0.626080652794 0.374838060239 0.999999905403 0.508437 0 0
73.4 16 12 1.02595535045 4.90381666732 7.93980414748e-09 0.625990301505 0.374879414488 0.999999928312 0.50721 0 0
73.5 16 12 1.02611633531 4.90586476205 8.00686383862e-09 0.625900198722 0.374921128439 0.999999941329 0.508802 0 0
73.6 16 12 1.02627609243 4.90711436369 8.06985755997e-09 0.625810332547 0.374963210809 0.999999939388 0.436613 0 0
73.7 16 12 1.02643052617 4.90869633622 8.13388845167e-09 0.625720723232 0.375005644137 0.999999926832 0.436938 0 0
73.8 16 12 1.02658464767 4.91065869969 8.19475842739e-09 0.625631397288 0.375048430287 0.999999935677 0.509473 0 0
73.9 16 12 1.02674395267 4.9120254776 8.25412060923e-09 0.625542321045 0.375091553719 0.999999950705 0.508363 0 0
74 16 12 1.0268926745 4.9135324063 8.31477342533e-09 0.625453536744 0.37513503612 0.999999904397 0.437772 0 0
74.1 16 12 1.02704602355 4.9151040589 8.37485025773e-09 0.625365009292 0.375178830041 0.999999924029 0.508233 0 0
74.2 16 12 1.02720047171 4.91683039981 8.43472069967e-09 0.625276793843 0.375222978705 0.999999931226 0.508367 0 0
74.3 16 12 1.02735755812 4.91833363518 8.49257109081e-09 0.625188890801 0.375267452481 0.999999947937 0.437977 0 0
74.4 16 12 1.02751255372 4.91986854675 8.54865889188e-09 0.625101287402 0.375312273859 0.999999949017 0.439557 0 0
74.5 16 12 1.0276632661 4.92141086569 8.60261595292e-09 0.625014001114 0.375357419909 0.999999933076 0.51018 0 0
74.6 16 12 1.02781199542 4.92326833008 8.65609783851e-09 0.624927030862 0.375402883725 0.999999931108 0.506801 0 0
74.7 16 12 1.02795978733 4.92445684596 8.70788552376e-09 0.624840376664 0.375448673405 0.999999925637 0.437462 0 0
74.8 16 12 1.02811106478 4.92592056713 8.75965167069e-09 0.624754057597 0.375494781666 0.999999935801 0.507388 0 0
74.9 16 12 1.02826294997 4.9274563852 8.81027939492e-09 0.624668073594 0.375541211846 0.999999941301 0.434389 0 0
75 16 12 1.0284146456 4.92929617514 8.8600884407e-09 0.624582424642 0.375587954561 0.999999939577 0.437503 0 0
75.1 16 12 1.02856633632 4.93047533423 8.90862394964e-09 0.624497124835 0.375635004349 0.999999939426 0.437396 0 0
75.2 16 12 1.02871493789 4.93227187779 8.95722107597e-09 0.624412164858 0.375682362194 0.999999938175 0.43519 0 0
75.3 16 12 1.02886048923 4.93333543438 9.0048764001e-09 0.624327546093 0.375730024859 0.999999928893 0.438666 0 0
75.4 16 12 1.02900734749 4.93502347855 9.04825758763e-09 0.624243266173 0.375777977213 0.999999930693 0.507828 0 0
75.5 16 12 1.02915477313 4.93644980534 9.09085784428e-09 0.624159348643 0.375826232242 0.999999926699 0.436712 0 0
75.6 16 12 1.02930213598 4.93755177624 9.135593948e-09 0.62407578858 0.375874772573 0.999999930303 0.435703 0 0
75.7 16 12 1.02944747001 4.93895522561 9.17373788045e-09 0.623992561348 0.375923631162 0.999999927016 0.436885 0 0
75.8 16 12 1.02959571314 4.94031005281 9.21322995673e-09 0.623909674769 0.375972767602 0.999999943727 0.507275 0 0
75.9 16 12 1.02974373804 4.94173997974 9.25014820297e-09 0.623827134167 0.376022204272 0.999999946182 0.43604 0 0
76 16 12 1.02988906707 4.94312493787 9.28253574006e-09 0.623744921997 0.3760719152 0.999999945984 0.435387 0 0
76.1 16 12 1.03003378043 4.94482549949 9.31331101128e-09 0.623663044206 0.376121898194 0.999999944629 0.508229 0 0
76.2 16 12 1.03017687832 4.94585170016 9.34466060087e-09 0.623581490646 0.376172146541 0.999999952444 0.435995 0 0
76.3 16 12 1.03032194884 4.94724188843 9.3730713191e-09 0.623500258955 0.376222666608 0.999999950435 0.510225 0 0
76.4 16 12 1.03046651786 4.9486081321 9.40124889048e-09 0.623419334279 0.376273456311 0.999999947205 0.436538 0 0
76.5 16 12 1.03060898733 4.94993065862 9.43067157699e-09 0.623338715318 0.376324512732 0.999999942283 0.440977 0 0
76.6 16 12 1.03074919417 4.95122735401 9.45714728751e-09 0.62325838117 0.376375826853 0.999999940294 0.438926 0 0
76.7 16 12 1.03088795952 4.95249902763 9.48056111394e-09 0.62317832286 0.376427398503 0.999999940458 0.435522 0 0
76.8 16 12 1.03102844726 4.95379547746 9.50188294713e-09 0.623098546707 0.376479225934 0.999999939885 0.508161 0 0
76.9 16 12 1.03116897193 4.955107475 9.52089351802e-09 0.623019031321 0.376531318163 0.999999947634 0.437505 0 0
77 16 12 1.03130932607 4.95641942267 9.54168377643e-09 0.62293976802 0.376583666028 0.999999946506 0.436432 0 0
77.1 16 12 1.03144426455 4.95762027237 9.55812173853e-09 0.622860741616 0.376636265327 0.999999919589 0.435176 0 0
77.2 16 12 1.03158149931 4.95890065372 9.57385937195e-09 0.622781953894 0.376689110187 0.99999995091 0.509456 0 0
77.3 16 12 1.03171409009 4.96007861177 9.58694623687e-09 0.622703385203 0.37674220472 0.999999924199 0.506887 0 0
77.4 16 12 1.03185011251 4.96134235857 9.60015156259e-09 0.622625028051 0.376795531521 0.999999951593 0.508363 0 0
77.5 16 12 1.03198713202 4.96261632661 9.61101787045e-09 0.622546875037 0.376849112761 0.999999948943 0.5065 0 0
77.6 16 12 1.03212142311 4.9638394477 9.62121504688e-09 0.622468911819 0.376902931116 0.99999993843 0.437041 0 0
77.7 16 12 1.03225502127 4.96504206305 9.62996538068e-09 0.622391133225 0.376956982863 0.999999939524 0.509034 0 0
77.8 16 12 1.03239063766 4.96630930274 9.63950919086e-09 0.622313531235 0.377011270993 0.999999951891 0.508909 0 0
77.9 16 12 1.0325229135 4.96749404255 9.64763224864e-09 0.622236078599 0.377065810218 0.999999939459 0.435367 0 0
78 16 12 1.03265417221 4.9686723781 9.6527335014e-09 0.622158783938 0.377120590233 0.999999932987 0.50861 0 0
78.1 16 12 1.03278585309 4.96986828057 9.65650781559e-09 0.622081619206 0.377175602474 0.999999942755 0.434786 0 0
78.2 16 12 1.03291355792 4.97100011105 9.65984137125e-09 0.622004594716 0.377230846568 0.99999993707 0.435898 0 0
78.3 16 12 1.03304479256 4.9721887924 9.66189128704e-09 0.621927701553 0.377286316587 0.999999942577 0.508012 0 0
78.4 16 12 1.03317463045 4.97334204389 9.66363067345e-09 0.621850933741 0.377342027881 0.999999938289 0.436683 0 0
78.5 16 12 1.03330694115 4.97485902458 9.66365143462e-09 0.62177429142 0.377397965435 0.999999954425 0.509263 0 0
78.6 16 12 1.03343646996 4.97618304151 9.66408031378e-09 0.621697761079 0.377454138927 0.999999947253 0.435888 0 0
78.7 16 12 1.03356364016 4.97685966788 9.66392876833e-09 0.621621336465 0.377510535442 0.999999941552 0.436685 0 0
78.8 16 12 1.03369403725 4.97806977614 9.66736712904e-09 0.621545012031 0.377567155046 0.999999937707 0.436036 0 0
78.9 16 12 1.03382153786 4.97917047871 9.66632773824e-09 0.621468810492 0.377624021375 0.999999948338 0.434783 0 0
79 16 12 1.03394556165 4.98026280494 9.66281732406e-09 0.621392706152 0.377681102253 0.9999999405 0.506657 0 0
79.1 16 12 1.03407133425 4.98139101001 9.65984736645e-09 0.621316700029 0.377738394272 0.999999946082 0.509327 0 0
79.2 16 12 1.03419624102 4.98248774495 9.65613655701e-09 0.621240804464 0.377795901351 0.999999938208 0.506701 0 0
79.3 16 12 1.03432087929 4.98360781236 9.65168989175e-09 0.621165012952 0.37785361987 0.99999994698 0.507127 0 0
79.4 16 12 1.0344464514 4.98477465414 9.64789814706e-09 0.621089327993 0.377911556677 0.999999943258 0.507709 0 0
79.5 16 12 1.03457156667 4.9858553431 9.64379676116e-09 0.621013744015 0.377969710236 0.999999953844 0.436604 0 0
79.6 16 12 1.03469898859 4.98729394337 9.63949398081e-09 0.620938269476 0.37802807391 0.999999957186 0.508041 0 0
79.7 16 12 1.03482248522 4.98814688613 9.63636470619e-09 0.620862911149 0.378086646423 0.99999993607 0.434328 0 0
79.8 16 12 1.03494900325 4.98952669511 9.63157265055e-09 0.620787653524 0.378145432123 0.999999957713 0.43614 0 0
79.9 16 12 1.03507483905 4.99041523897 9.62754775902e-09 0.620712517169 0.378204427214 0.999999939597 0.436086 0 0
80 16 12 1.03520063692 4.99179274368 9.62411372818e-09 0.620637500494 0.378263633735 0.999999954386 0.437288 0 0
80.1 16 12 1.03532125817 4.99267975138 9.62022261852e-09 0.620562608868 0.378323040223 0.999999936746 0.43603 0 0
80.2 16 12 1.03544486383 4.99372567521 9.61561785751e-09 0.620487839564 0.378382641695 0.999999945898 0.439001 0 0
80.3 16 12 1.03556075064 4.99511019924 9.61149160261e-09 0.620413216516 0.378442447432 0.999999928343 0.436297 0 0
80.4 16 12 1.03568018222 4.99580474085 9.60533563799e-09 0.620338726687 0.378502433278 0.999999934123 0.507879 0 0
80.5 16 12 1.03580220904 4.99715925958 9.60049373333e-09 0.62026438921 0.378562628862 0.999999948671 0.509406 0 0
80.6 16 12 1.0359217179 4.99784821419 9.5996791627e-09 0.62019020411 0.378623013289 0.999999933289 0.437824 0 0
80.7 16 12 1.0360405923 4.99888924219 9.59773882592e-09 0.620116186193 0.37868358722 0.99999993632 0.506722 0 0
80.8 16 12 1.03616044855 5.00026273987 9.59528001498e-09 0.620042330882 0.378744351038 0.999999932315 0.508163 0 0
80.9 16 12 1.03627880778 5.00133633454 9.59197521411e-09 0.619968590799 0.378805299642 0.999999946885 0.435397 0 0
81 16 12 1.0363958976 5.00205729389 9.58932977468e-09 0.619895023597 0.378866427558 0.999999935383 0.435762 0 0
81.1 16 12 1.03651117647 5.00344746498 9.58713730626e-09 0.619821692784 0.378927736981 0.999999927373 0.507654 0 0
81.2 16 12 1.03662707735 5.00414971916 9.58473755919e-09 0.61974854033 0.378989210848 0.999999947361 0.436359 0 0
81.3 16 12 1.03673782961 5.00514326578 9.58299706255e-09 0.619675579255 0.379050864678 0.999999923777 0.507525 0 0
81.4 16 12 1.03684965765 5.00628115681 9.58056600719e-09 0.619602767484 0.379112682543 0.999999932528 0.508494 0 0
81.5 16 12 1.03696560171 5.00734433618 9.58205559343e-09 0.619530120179 0.379174673162 0.999999925925 0.436201 0 0
81.6 16 12 1.03708164924 5.00828118574 9.58264867457e-09 0.619457676073 0.379236823606 0.999999931853 0.435007 0 0
81.7 16 12 1.03719784749 5.00944238588 9.58504609017e-09 0.619385462083 0.379299124712 0.999999937934 0.437225 0 0
81.8 16 12 1.03731070246 5.01032922325 9.58704915455e-09 0.619313433301 0.37936158596 0.99999994191 0.437914 0 0
81.9 16 12 1.0374219272 5.01145650426 9.58971635434e-09 0.619241594767 0.379424208749 0.999999924382 0.507639 0 0
82 16 12 1.03753640689 5.01242412741 9.5917676024e-09 0.619169885893 0.379486987164 0.999999929456 0.434083 0 0
82.1 16 13 1.03764329729 5.01392801562 9.59678203571e-09 0.619098381583 0.379549916543 0.999999934529 0.43617 0 0
82.2 16 12 1.03774809297 5.01478931149 9.59921231392e-09 0.619026963199 0.37961298453 0.999999932458 0.4367 0 0
82.3 16 12 1.0378542599 5.01583585921 9.60355717172e-09 0.618955721675 0.379676200097 0.999999936533 0.43587 0 0
82.4 16 12 1.03796309328 5.01634457049 9.60798862693e-09 0.618884649043 0.379739557325 0.999999934342 0.439683 0 0
82.5 16 12 1.03807330238 5.01741639353 9.61541757327e-09 0.618813769894 0.379803052841 0.999999941385 0.506894 0 0
82.6 16 12 1.03818399752 5.01836660479 9.62338631005e-09 0.61874307736 0.379866692064 0.999999925892 0.438513 0 0
82.7 16 12 1.03828842317 5.01915160348 9.63260671227e-09 0.618672600338 0.379930466943 0.999999934464 0.43563 0 0
82.8 16 12 1.03839423507 5.02034595071 9.64115010049e-09 0.618602293595 0.379994372042 0.999999935428 0.509993 0 0
82.9 16 12 1.03850037122 5.02119214823 9.65091118132e-09 0.618532165804 0.38005841524 0.999999933108 0.438119 0 0
83 16 12 1.03860762351 5.02194512843 9.66086433074e-09 0.618462208839 0.380122591578 0.999999934093 0.436823 0 0
83.1 16 12 1.03870528364 5.02266086491 9.67196756019e-09 0.618392412978 0.380186896605 0.999999915749 0.437347 0 0
83.2 16 12 1.03880694884 5.02348892598 9.68245261745e-09 0.618322795436 0.380251309257 0.999999939792 0.508046 0 0
83.3 16 12 1.03890933165 5.02429850273 9.69391267258e-09 0.618253351197 0.380315863044 0.999999935785 0.508434 0 0
83.4 16 12 1.03900949668 5.02506133797 9.7081305217e-09 0.618184062343 0.380380543886 0.999999926527 0.506581 0 0
83.5 16 12 1.03910742187 5.02569768802 9.72128200161e-09 0.618114918565 0.38044534389 0.999999929065 0.507043 0 0
83.6 16 12 1.0392060282 5.02663902238 9.7364146745e-09 0.618045927658 0.380510258257 0.999999919822 0.507398 0 0
83.7 16 12 1.03930461605 5.02755502761 9.75207070653e-09 0.617977088724 0.380575292364 0.999999927089 0.436501 0 0
83.8 16 12 1.0394032036 5.02834455885 9.76863101521e-09 0.617908385191 0.380640445893 0.999999937104 0.506813 0 0
83.9 16 12 1.03950414113 5.02911690945 9.78671399476e-09 0.617839807367 0.380705718551 0.999999929775 0.508176 0 0
84 16 12 1.03960259756 5.02986204529 9.80663839023e-09 0.617771371254 0.380771107539 0.999999947493 0.438278 0 0
84.1 16 12 1.03969854541 5.03059523949 9.82622361256e-09 0.617703047922 0.380836617052 0.999999938194 0.506909 0 0
84.2 16 12 1.03979728168 5.03139517318 9.84568360174e-09 0.61763483774 0.380902233289 0.99999993921 0.508137 0 0
84.3 16 12 1.03989052296 5.03250124829 9.86913062384e-09 0.617566755924 0.380967966571 0.999999924235 0.441269 0 0
84.4 16 12 1.03998646612 5.03270781683 9.89046133881e-09 0.617498785523 0.381033804499 0.999999937529 0.437203 0 0
84.5 16 12 1.04008307632 5.0334608827 9.91415516349e-09 0.617430932805 0.381099768142 0.999999942265 0.509103 0 0
84.6 16 12 1.04018023292 5.03414628876 9.93962656626e-09 0.617363185287 0.381165838515 0.999999937191 0.435646 0 0
84.7 16 12 1.04027460485 5.03482731452 9.96556781541e-09 0.617295554922 0.381232026264 0.999999913321 0.436549 0 0
84.8 16 12 1.04036499046 5.0357881438 9.99270122204e-09 0.61722800757 0.381298280913 0.999999915689 0.435217 0 0
84.9 17 12 1.0404589643 5.03596444792 7.48087880531e-09 0.617160573537 0.381364630423 0.999999932626 0.508031 0 0
85 17 12 1.04054820805 5.03643194877 6.80324974134e-09 0.617093246539 0.381431092398 0.999999914995 0.355875 0 0
85.1 17 12 1.04063683082 5.03710622156 6.80259026886e-09 0.617026002835 0.381497673807 0.999999909307 0.51286 0 0
85.2 17 12 1.04072839114 5.03756315257 6.79267941894e-09 0.616958865058 0.381564345709 0.999999925024 0.513096 0 0
85.3 17 12 1.04081692725 5.03821663626 6.77344735855e-09 0.616891834271 0.381631137068 0.999999917025 0.357993 0 0
85.4 17 12 1.04090216491 5.03876250666 6.74486433372e-09 0.616824906374 0.3816980296 0.999999921181 0.44152 0 0
85.5 17 12 1.04099065931 5.03928982126 6.70694044747e-09 0.616758062226 0.381765026638 0.999999920604 0.438985 0 0
85.6 17 12 1.0410802255 5.03968430992 6.6597249937e-09 0.616691311393 0.381832119205 0.999999918271 0.443356 0 0
85.7 17 12 1.0411675447 5.04072516496 6.6033060131e-09 0.616624667893 0.381899310288 0.999999935322 0.356249 0 0
85.8 17 12 1.04125261428 5.04068564798 6.53781129234e-09 0.616558121732 0.381966610312 0.999999916578 0.437621 0 0
85.9 17 12 1.04133518555 5.04155811606 6.46340680976e-09 0.616491699034 0.38203399009 0.999999916148 0.437625 0 0
86 17 12 1.04142000153 5.04173996834 6.38029551414e-09 0.616425387032 0.382101463522 0.99999992806 0.440276 0 0
86.1 17 12 1.04150515382 5.04232271713 6.36733987758e-09 0.616359194649 0.382169054292 0.999999926359 0.438952 0 0
86.2 17 12 1.04158668259 5.04336087312 6.37263297687e-09 0.616293124739 0.382236733045 0.999999914946 0.438324 0 0
86.3 17 12 1.04167163941 5.04356323609 6.37641128787e-09 0.616227185501 0.382304520593 0.999999935491 0.359088 0 0
86.4 17 12 1.04175185717 5.04390892779 6.37852648477e-09 0.616161391424 0.38237244929 0.999999922582 0.511891 0 0
86.5 17 12 1.04183528543 5.04492491457 6.37882269228e-09 0.616095721008 0.382440486889 0.999999915404 0.510801 0 0
86.6 17 12 1.04191887838 5.04510582286 6.37713781781e-09 0.616030204646 0.382508626046 0.999999934702 0.511856 0 0
86.7 17 12 1.04200291945 5.04579281628 6.37330288544e-09 0.615964815239 0.38257687478 0.999999940512 0.354039 0 0
86.8 17 12 1.04208218251 5.04634004812 6.36714403424e-09 0.615899568469 0.38264521976 0.999999913668 0.437994 0 0
86.9 17 12 1.04216160461 5.04697766538 6.35848396158e-09 0.615834465902 0.382713662254 0.999999929994 0.510968 0 0
87 17 12 1.04224191157 5.04804510072 6.34714292236e-09 0.615769514385 0.38278221657 0.999999933075 0.512071 0 0
87.1 17 12 1.04232476721 5.04842762398 6.33294050534e-09 0.615704725745 0.38285085899 0.999999923211 0.439594 0 0
87.2 17 12 1.04240983788 5.04959411433 6.31569530007e-09 0.615640102127 0.382919584931 0.999999940325 0.439363 0 0
87.3 17 12 1.04249401094 5.04998487543 6.29522922679e-09 0.61557563013 0.382988416835 0.999999941536 0.355949 0 0
87.4 17 12 1.04257194568 5.05386753291 6.27136698128e-09 0.615511323722 0.383057336671 0.999999936088 0.43752 0 0
87.5 17 12 1.04265300202 5.05464006903 6.24393758919e-09 0.615447149383 0.383126322393 0.999999925576 0.437432 0 0
87.6 17 12 1.04273240963 5.05535691064 6.21277707058e-09 0.615383150314 0.383195389582 0.999999929626 0.438158 0 0
87.7 17 12 1.04281091647 5.05612962475 6.17772977218e-09 0.615319319054 0.383264542231 0.999999924171 0.439246 0 0
87.8 17 12 1.04289232988 5.05704794712 6.13864992172e-09 0.615255644649 0.383333779113 0.999999921849 0.440894 0 0
87.9 17 12 1.04297403345 5.05784477086 6.09540395935e-09 0.615192144734 0.383403120011 0.999999917512 0.356257 0 0
88 17 12 1.04305366174 5.05893041163 6.04786964953e-09 0.615128816378 0.383472519557 0.999999904588 0.355203 0 0
88.1 17 12 1.04313637376 5.0596452707 6.03510996733e-09 0.615065648294 0.383541964829 0.999999939262 0.438644 0 0
88.2 17 12 1.04321691583 5.06078848955 6.03903416163e-09 0.615002653141 0.383611506006 0.999999909441 0.510304 0 0
88.3 17 12 1.04329973588 5.06143151967 6.04168326479e-09 0.614939834255 0.383681121124 0.999999922418 0.354563 0 0
88.4 17 12 1.04338402968 5.06239528856 6.04301697571e-09 0.614877140554 0.383750785808 0.99999991498 0.437633 0 0
88.5 17 12 1.04346933317 5.06353029351 6.04298278084e-09 0.61481464244 0.383820518282 0.999999932845 0.438228 0 0
88.6 17 12 1.04354876662 5.06435895597 6.04152072814e-09 0.614752284438 0.383890327832 0.999999907026 0.355349 0 0
88.7 17 12 1.04363433826 5.06546998815 6.03855832004e-09 0.614690069946 0.383960181705 0.999999929274 0.355536 0 0
88.8 17 12 1.04371745345 5.06637146328 6.03401362209e-09 0.614628000954 0.384030102934 0.999999914857 0.439188 0 0
88.9 17 12 1.04379877884 5.06730669152 6.0277925984e-09 0.614566071935 0.384100083434 0.999999912838 0.359144 0 0
89 17 12 1.04388016302 5.06867229769 6.01979310844e-09 0.614504291386 0.384170115036 0.999999911404 0.440005 0 0
89.1 17 12 1.0439665673 5.06943004391 6.00990035515e-09 0.614442630337 0.384240194154 0.999999917438 0.44149 0 0
89.2 17 12 1.04405110437 5.07029960375 5.99799410139e-09 0.61438111711 0.384310313639 0.999999916685 0.355245 0 0
89.3 17 12 1.04413304309 5.07180586135 5.98394545026e-09 0.614319717994 0.384380507119 0.99999990704 0.510445 0 0
89.4 17 12 1.04421919896 5.07252748996 5.96762050886e-09 0.614258441984 0.384450765526 0.999999907314 0.438234 0 0
89.5 17 12 1.04429993087 5.07366979991 5.94888116545e-09 0.614197268437 0.384521061031 0.999999906483 0.43912 0 0
89.6 17 12 1.04438733078 5.07426742335 5.92758853113e-09 0.61413617816 0.384591414641 0.999999920207 0.439675 0 0
89.7 17 12 1.04447382436 5.07525942852 5.90360360597e-09 0.614075186006 0.384661833274 0.999999917412 0.438483 0 0
89.8 17 12 1.04455251697 5.076387388 5.87679116482e-09 0.614014285629 0.384732304088 0.999999901734 0.511634 0 0
89.9 17 12 1.04463976518 5.07728769027 5.8470209785e-09 0.613953443243 0.384802821369 0.999999918115 0.509206 0 0
90 17 12 1.0447238306 5.07857661961 5.81416992329e-09 0.61389268249 0.384873411744 0.999999904617 0.509862 0 0
90.1 17 12 1.04481417571 5.07935170143 5.77812520053e-09 0.613831984669 0.384944041754 0.999999914849 0.511017 0 0
90.2 17 12 1.04490692188 5.08068107079 5.73878455867e-09 0.613771343577 0.385014745211 0.999999935703 0.439994 0 0
90.3 17 12 1.04499835315 5.08146981042 5.69606128931e-09 0.613710755724 0.385085496647 0.999999920886 0.4399 0 0
90.4 17 12 1.04509153026 5.08253593321 5.6498815626e-09 0.61365023677 0.385156312433 0.999999927329 0.439029 0 0
90.5 17 12 1.045186108 5.08359266326 5.6359839018e-09 0.613589764058 0.385227178042 0.999999919561 0.512428 0 0
90.6 17 12 1.04527650397 5.08470592541 5.64497915079e-09 0.613529328243 0.385298097643 0.99999990976 0.440114 0 0
90.7 17 12 1.04537146605 5.08566100275 5.65364366434e-09 0.613468911326 0.38536906089 0.99999992196 0.357836 0 0
90.8 17 12 1.04546739904 5.08700864867 5.66167135396e-09 0.613408532838 0.385440093642 0.999999917707 0.356447 0 0
90.9 17 12 1.04556302482 5.08801583666 5.66876556807e-09 0.613348194324 0.385511180064 0.99999992222 0.441471 0 0
91 17 12 1.0456613629 5.08901443726 5.67458924294e-09 0.613287876271 0.385582312066 0.999999928048 0.440397 0 0
91.1 17 12 1.04575092475 5.08987863981 5.67880764635e-09 0.613227596261 0.38565352213 0.999999919045 0.358396 0 0
91.2 17 12 1.04585034596 5.09088531456 5.6810823823e-09 0.613167305525 0.385724787966 0.999999930825 0.356181 0 0
91.3 17 12 1.04595070004 5.0917841036 5.68108970977e-09 0.613107064341 0.385796102888 0.999999909632 0.510822 0 0
91.4 17 12 1.04605053553 5.09312554605 5.67852886935e-09 0.613046852253 0.385867504039 0.999999910014 0.3556 0 0
91.5 17 12 1.04614915001 5.09379334794 5.673096104e-09 0.612986644991 0.385938938971 0.999999907348 0.437903 0 0
91.6 17 12 1.04625100277 5.09438295329 5.66457902806e-09 0.612926482133 0.386010421764 0.999999910329 0.511141 0 0
91.7 17 12 1.0463525002 5.09532035031 5.65272662012e-09 0.612866360592 0.386081974963 0.999999928723 0.513361 0 0
91.8 17 12 1.04645040119 5.09621340767 5.63741275883e-09 0.612806227671 0.386153593806 0.999999922086 0.440777 0 0
91.9 17 12 1.04655424188 5.09707756381 5.61849489156e-09 0.612746142557 0.386225275444 0.999999920319 0.439781 0 0
92 17 12 1.04665772633 5.09790196632 5.59591140092e-09 0.612686111767 0.386297001225 0.999999909107 0.439994 0 0
92.1 17 12 1.0467622736 5.0988822185 5.56965784604e-09 0.61262614126 0.386368790753 0.999999911342 0.510699 0 0
92.2 17 12 1.04686694574 5.09945613802 5.53973600326e-09 0.612566257913 0.386440630089 0.999999917377 0.439491 0 0
92.3 17 12 1.0469673988 5.10011373256 5.50625622875e-09 0.612506429681 0.386512546573 0.999999888135 0.356311 0 0
92.4 17 12 1.04707249911 5.10088722768 5.46929557199e-09 0.612446622174 0.38658449711 0.999999896699 0.440066 0 0
92.5 17 12 1.04717283107 5.10193779309 5.42902345302e-09 0.612386893817 0.386656511927 0.999999892788 0.359341 0 0
92.6 17 12 1.04727747103 5.10258844158 5.38560218644e-09 0.612327240347 0.386728577211 0.999999911644 0.440972 0 0
92.7 17 12 1.04738115946 5.10325322522 5.33922306367e-09 0.612267671301 0.386800704763 0.999999894962 0.359118 0 0
92.8 17 12 1.0474858106 5.10359156465 5.2900661629e-09 0.61220819067 0.386872868898 0.99999992953 0.5106 0 0
92.9 17 12 1.04759057438 5.10441734714 5.23834897681e-09 0.612148780439 0.386945114214 0.999999923839 0.440399 0 0
93 17 12 1.04769581254 5.10486499735 5.18423903806e-09 0.612089436856 0.387017400602 0.999999917796 0.439947 0 0
93.1 17 12 1.04780142495 5.10550657054 5.12789155582e-09 0.612030190816 0.38708973754 0.999999934425 0.4388 0 0
93.2 17 12 1.04789461397 5.10595861362 5.13535447499e-09 0.611971024571 0.387162138301 0.999999898661 0.441052 0 0
93.3 17 12 1.04799754404 5.10672460275 5.13999953711e-09 0.611911939047 0.387234586987 0.999999910678 0.441486 0 0
93.4 17 12 1.04809463982 5.10707449724 5.13200748564e-09 0.611852936064 0.387307063182 0.999999919864 0.439554 0 0
93.5 17 12 1.04819502407 5.1074252531 5.11617348486e-09 0.611794002813 0.387379582757 0.999999917152 0.438598 0 0
93.6 17 12 1.0482904582 5.10781407872 5.09079312039e-09 0.61173516339 0.387452148377 0.99999991304 0.508021 0 0
93.7 17 12 1.04839048239 5.10821070789 5.05742381307e-09 0.611676399232 0.387524754108 0.999999915762 0.438155 0 0
93.8 17 12 1.04849211579 5.10874276281 5.0177176858e-09 0.611617739721 0.387597404809 0.999999929344 0.355155 0 0
93.9 17 12 1.04859046229 5.10903833353 4.97125740573e-09 0.611559193507 0.387670079322 0.999999917923 0.441926 0 0
94 17 12 1.04869017159 5.10952322279 4.92212126613e-09 0.611500718918 0.387742778276 0.999999911945 0.438123 0 0
94.1 17 12 1.04878762241 5.10969240384 4.86807205657e-09 0.611442336223 0.387815485844 0.999999915137 0.441319 0 0
94.2 17 12 1.04888215851 5.10994485052 4.81402806507e-09 0.611384028089 0.387888244766 0.999999915025 0.51098 0 0
94.3 17 12 1.04897628246 5.11022962291 4.75865602478e-09 0.611325792835 0.387961037114 0.999999910059 0.511443 0 0
94.4 17 12 1.04906790294 5.11035231915 4.70407246489e-09 0.611267647731 0.38803386627 0.999999909751 0.439336 0 0
94.5 17 12 1.04916278316 5.1105734778 4.651335761e-09 0.611209545598 0.388106710283 0.999999919935 0.511934 0 0
94.6 17 12 1.04925637538 5.11076946476 4.60047544504e-09 0.61115153374 0.388179573485 0.999999917378 0.438528 0 0
94.7 17 12 1.04934935631 5.11100406474 4.55259319132e-09 0.611093594339 0.388252453715 0.999999931401 0.354314 0 0
94.8 17 12 1.04944135741 5.11118261182 4.50778980809e-09 0.611035719904 0.388325351916 0.999999918841 0.510256 0 0
94.9 17 12 1.04953103107 5.11138934524 4.46548309441e-09 0.610977917597 0.38839824656 0.999999906147 0.438233 0 0
95 17 12 1.04961823869 5.11138566221 4.42677916546e-09 0.610920177235 0.388471173639 0.999999921486 0.439097 0 0
95.1 17 12 1.04970805178 5.11157918319 4.39026526244e-09 0.610862476985 0.388544119033 0.999999934342 0.439177 0 0
95.2 17 12 1.04979589388 5.11178518398 4.35543323629e-09 0.610804849351 0.388617079427 0.999999905477 0.439373 0 0
95.3 17 12 1.04988090577 5.11172285996 4.32273317141e-09 0.61074728149 0.388690045737 0.999999909289 0.354228 0 0
95.4 17 12 1.04996830627 5.11182870889 4.29044733075e-09 0.610689733371 0.388763012677 0.999999927567 0.51225 0 0
95.5 17 12 1.05005306083 5.11190709696 4.25803026172e-09 0.610632248105 0.388836005492 0.999999911413 0.354673 0 0
95.6 17 12 1.05013929145 5.1118601775 4.22472057338e-09 0.610574818526 0.388908992241 0.999999916927 0.441022 0 0
95.7 17 12 1.05022484457 5.1119760852 4.19029855259e-09 0.610517430771 0.388981986804 0.999999937663 0.438601 0 0
95.8 17 12 1.05030884396 5.1120022852 4.15241696583e-09 0.610460089925 0.389054986419 0.999999923287 0.356614 0 0
95.9 17 12 1.05038708635 5.11199169443 4.11263023636e-09 0.610402791221 0.389127986108 0.999999924427 0.515365 0 0
96 17 12 1.05046936072 5.11229676752 4.06760336524e-09 0.610345518409 0.389200999159 0.999999921246 0.440482 0 0
96.1 17 12 1.05054988983 5.11232828501 4.01888122781e-09 0.61028830674 0.389274011348 0.999999904016 0.439818 0 0
96.2 17 12 1.05063124462 5.11265615438 3.96478083697e-09 0.610231177459 0.389347026291 0.999999913801 0.511782 0 0
96.3 17 12 1.05071265369 5.11217939309 3.90563537067e-09 0.61017406214 0.389420035122 0.999999923435 0.440315 0 0
96.4 17 12 1.05079332021 5.11194781547 3.84043830071e-09 0.610116954105 0.389493080724 0.999999915294 0.438069 0 0
96.5 17 12 1.05086996763 5.11191100985 3.76958353421e-09 0.610059856985 0.38956612991 0.999999906497 0.439584 0 0
96.6 17 12 1.05094819282 5.11183072522 3.69355857011e-09 0.61000276647 0.38963918548 0.999999913407 0.510789 0 0
96.7 17 12 1.05102743695 5.1119131603 3.61159357976e-09 0.609945683182 0.389712236779 0.999999927572 0.356073 0 0
96.8 17 12 1.05110480694 5.11197408789 3.52503759515e-09 0.60988860346 0.389785284383 0.999999926927 0.439087 0 0
96.9 17 12 1.05118242977 5.11199419306 3.43409800596e-09 0.609831525373 0.389858326613 0.999999922705 0.438647 0 0
97 17 12 1.05125941473 5.11206259575 3.33923411144e-09 0.609774444041 0.389931378355 0.999999927983 0.512027 0 0
97.1 17 12 1.05133495143 5.11205276844 3.24234727955e-09 0.609717355483 0.390004412763 0.999999914275 0.354797 0 0
97.2 17 12 1.05140862594 5.11219215201 3.14284276381e-09 0.609660249801 0.390077432528 0.999999907366 0.441506 0 0
97.3 17 12 1.05148408778 5.11213811272 3.04336911228e-09 0.609603150495 0.390150443755 0.999999939629 0.354557 0 0
97.4 17 12 1.05155806993 5.11220013823 2.94389790323e-09 0.609546034746 0.390223462407 0.99999993045 0.439447 0 0
97.5 17 12 1.0516319752 5.11234478389 2.84622203583e-09 0.609488915297 0.390296465151 0.999999928132 0.438589 0 0
97.6 17 12 1.05170178767 5.11226696036 2.87835200119e-09 0.60943177955 0.390369445278 0.999999906686 0.511214 0 0
97.7 17 12 1.05177189319 5.11231540599 2.65920663267e-09 0.609374616074 0.390442425557 0.999999904497 0.509948 0 0
97.8 17 12 1.05184173544 5.11263291396 2.57209420429e-09 0.609317442392 0.390515394811 0.999999878071 0.438927 0 0
97.9 17 12 1.05191178432 5.11239688205 2.48955922544e-09 0.609260264011 0.390588323158 0.999999908012 0.440041 0 0
98 17 12 1.05198226258 5.11261549064 2.41320630145e-09 0.609203055487 0.390661268896 0.999999922541 0.438101 0 0
98.1 17 12 1.05204825456 5.11304432303 2.49136689057e-09 0.609145826133 0.390734218871 0.999999906032 0.440715 0 0
98.2 17 12 1.05211443953 5.11299657008 2.4571620294e-09 0.609088569477 0.390807153228 0.999999907424 0.355569 0 0
98.3 17 12 1.05218295511 5.11328403781 2.37289188298e-09 0.609031309823 0.390880071844 0.999999928936 0.51318 0 0
98.4 17 12 1.05224970382 5.11357945667 2.39926700729e-09 0.608974070508 0.390953014532 0.999999924815 0.512411 0 0
98.5 17 12 1.05231617877 5.11394878807 2.4899587947e-09 0.608916790331 0.391025950474 0.999999927724 0.512342 0 0
98.6 17 12 1.05238170855 5.11456724813 2.49131804075e-09 0.608859508619 0.391098899574 0.999999925234 0.356407 0 0
98.7 17 12 1.05244614031 5.11481199614 2.41459208183e-09 0.608802296162 0.39117184491 0.999999936312 0.439347 0 0
98.8 17 12 1.05251027505 5.11519954843 2.63072630347e-09 0.608745089377 0.391244799512 0.99999991911 0.355006 0 0
98.9 17 12 1.05257253321 5.11565399347 2.51219423042e-09 0.608687895502 0.391317757673 0.99999992284 0.438979 0 0
99 17 12 1.05263634635 5.11617160946 2.79384193558e-09 0.608630710742 0.391390707984 0.999999933586 0.438155 0 0
99.1 17 12 1.0526991378 5.11668194451 2.2601829297e-09 0.608573557593 0.391463680322 0.999999926766 0.354591 0 0
99.2 17 12 1.0527614569 5.11728561341 2.89446155932e-09 0.608516412354 0.391536646741 0.999999932653 0.440403 0 0
99.3 17 12 1.05282227463 5.11786891846 1.88723159322e-09 0.608459306494 0.391609609937 0.999999924225 0.440438 0 0
99.4 17 12 1.05288098789 5.11858382849 2.70753108822e-09 0.608402226842 0.391682560691 0.999999907565 0.439606 0 0
99.5 17 12 1.05293941122 5.11903032915 2.30237306997e-09 0.608345180796 0.391755495904 0.999999914799 0.511213 0 0
99.6 17 12 1.05299407785 5.11967426101 2.16204731895e-09 0.608288182659 0.391828448342 0.999999911864 0.441308 0 0
99.7 17 12 1.05304803892 5.12023351146 2.44072972944e-09 0.60823121043 0.391901403726 0.999999914274 0.439511 0 0
99.8 17 12 1.05310382849 5.12113169259 2.29500196625e-09 0.608174281298 0.391974368246 0.999999916046 0.441006 0 0
99.9 17 12 1.053159642 5.1216937625 2.10242478982e-09 0.608117404488 0.392047318882 0.999999936071 0.443225 0 0
100 17 12 1.05321307211 5.12251033465 2.07787231865e-09 0.608060576891 0.392120272987 0.999999911111 0.442234 0 0
100.1 17 12 1.05326641857 5.12315774141 1.60797974935e-09 0.608003806784 0.392193221751 0.99999993051 0.439287 0 0
100.2 17 12 1.05331928572 5.12398655459 2.31369157166e-09 0.60794709204 0.392266153233 0.999999927457 0.441244 0 0
100.3 17 12 1.05337174163 5.12479756509 1.7268986241e-09 0.607890426696 0.392339081999 0.999999912782 0.359459 0 0
100.4 17 12 1.05342301998 5.12601698862 1.99292304881e-09 0.607833812086 0.392411996243 0.999999907129 0.439883 0 0
100.5 17 12 1.05347381207 5.12666074748 1.49213685852e-09 0.607777269746 0.392484905253 0.99999990973 0.356086 0 0
100.6 17 12 1.05352438367 5.12742149018 1.46408196677e-09 0.607720770446 0.392557790232 0.999999931812 0.438584 0 0
100.7 17 12 1.05357275546 5.12826630868 1.37402811351e-09 0.607664331205 0.392630671596 0.999999915846 0.354056 0 0
100.8 17 12 1.05362114307 5.12914250468 1.89310345178e-09 0.607607933171 0.392703527252 0.999999916529 0.440305 0 0
100.9 17 12 1.05366997894 5.13013182998 1.99888361418e-09 0.607551587007 0.392776359636 0.999999914233 0.440433 0 0
101 17 12 1.05371807559 5.13090276731 1.9539315721e-09 0.607495274216 0.392849170305 0.999999926568 0.511581 0 0
101.1 17 12 1.05376601795 5.13187127352 2.04474082111e-09 0.607439000141 0.392921977275 0.999999940423 0.438428 0 0
101.2 17 12 1.05380951359 5.13317221825 1.59463975358e-09 0.607382755314 0.392994747039 0.999999883671 0.510091 0 0
101.3 17 12 1.05385318261 5.1339602511 1.70642022734e-09 0.607326583601 0.393067463652 0.999999917897 0.439627 0 0
101.4 17 12 1.0538978452 5.13507599064 1.74403169684e-09 0.607270438039 0.393140194007 0.999999901242 0.354511 0 0
101.5 17 12 1.0539412296 5.13599797643 1.50183609993e-09 0.60721430742 0.393212894768 0.99999989924 0.355663 0 0
101.6 17 12 1.05398601767 5.13676206484 1.48361534169e-09 0.607158201161 0.393285576025 0.99999992332 0.358589 0 0
101.7 17 12 1.05402980076 5.13785370485 1.38227873592e-09 0.607102092813 0.393358225752 0.999999900346 0.356462 0 0
101.8 17 12 1.05407402279 5.13852548127 1.58261503902e-09 0.607045993449 0.393430839794 0.999999923933 0.354806 0 0
101.9 17 12 1.05411568813 5.13955371893 1.18670073768e-09 0.606989884806 0.393503408978 0.999999916786 0.440993 0 0
102 17 12 1.05415946753 5.1403678588 1.24576127192e-09 0.606933741958 0.393575960072 0.999999920289 0.440855 0 0
102.1 17 12 1.05420346653 5.14139629038 1.39753697503e-09 0.60687759991 0.393648462628 0.999999924086 0.441734 0 0
102.2 17 12 1.05424603858 5.14222914254 1.61150914835e-09 0.60682147008 0.393720949769 0.999999909378 0.357506 0 0
102.3 17 12 1.05428943397 5.14329272759 1.30861921299e-09 0.606765329168 0.393793393669 0.999999915055 0.43859 0 0
102.4 17 12 1.05433064138 5.14400170785 1.37534750255e-09 0.606709163877 0.393865807297 0.999999915046 0.51128 0 0
102.5 17 12 1.05437352686 5.14492081946 1.52229406858e-09 0.606652971793 0.393938189725 0.999999913059 0.437891 0 0
102.6 17 12 1.05441727212 5.14582390328 1.66256020062e-09 0.606596731903 0.394010533618 0.999999931242 0.512105 0 0
102.7 17 12 1.05445961999 5.14665632259 1.54198198654e-09 0.606540465923 0.394082854882 0.999999925457 0.509676 0 0
102.8 17 12 1.05449844868 5.14744532169 1.5296457434e-09 0.606484278544 0.394155146455 0.999999902894 0.510816 0 0
102.9 17 12 1.05454158097 5.14836118103 1.21494492245e-09 0.606428111711 0.394227404608 0.999999929462 0.43948 0 0
103 17 12 1.05458483442 5.14920783417 1.20803822501e-09 0.606371935665 0.39429964204 0.999999915801 0.510726 0 0
103.1 17 12 1.05462785593 5.1500907242 1.21879095705e-09 0.606315813064 0.394371848905 0.999999932137 0.439251 0 0
103.2 17 12 1.05467039172 5.15094063441 1.1090839358e-09 0.606259673102 0.394444035911 0.999999904874 0.437688 0 0
103.3 17 12 1.05471318923 5.15171515519 1.19991416803e-09 0.606203527614 0.394516180068 0.999999929883 0.511073 0 0
103.4 17 12 1.05475408211 5.15246531821 1.43778899897e-09 0.606147358413 0.394588301721 0.999999913318 0.511612 0 0
103.5 17 12 1.0547968036 5.1532591541 1.48823930957e-09 0.606091177454 0.394660376259 0.999999913184 0.439675 0 0
103.6 17 12 1.05483691537 5.15399226344 1.14112141958e-09 0.606034997518 0.394732410337 0.999999913892 0.437745 0 0
103.7 17 12 1.0548791825 5.15481352105 1.21463328284e-09 0.605978790667 0.39480443455 0.999999929621 0.437657 0 0
103.8 17 12 1.05492103271 5.15557075251 1.22335763741e-09 0.605922589143 0.394876431332 0.999999932328 0.440913 0 0
103.9 17 12 1.05496264759 5.15624569514 1.32222666149e-09 0.605866396001 0.394948381901 0.999999909691 0.439543 0 0
104 17 12 1.05500495861 5.1568744081 1.21600163272e-09 0.605810213353 0.395020308336 0.999999921411 0.354213 0 0
104.1 17 12 1.05504525542 5.15759068242 1.06460396054e-09 0.605754032299 0.395092188396 0.999999912413 0.44042 0 0
104.2 17 12 1.05508760518 5.15838669832 1.17877430039e-09 0.60569785889 0.395164022654 0.999999915088 0.440124 0 0
104.3 17 12 1.05512943886 5.15907414926 1.3134733301e-09 0.60564176253 0.395235827779 0.999999911125 0.439929 0 0
104.4 17 12 1.05516898846 5.15938955719 1.28208132999e-09 0.605585695168 0.39530758322 0.999999908614 0.438239 0 0
104.5 17 12 1.05521104904 5.15999225957 1.23483312464e-09 0.605529645006 0.395379290183 0.999999922738 0.511079 0 0
104.6 17 12 1.05525141579 5.16056878752 1.10333164827e-09 0.605473633488 0.395450970411 0.999999919604 0.440413 0 0
104.7 17 12 1.0552930668 5.16113234805 1.23640875316e-09 0.605417639933 0.395522609441 0.999999910791 0.510608 0 0
104.8 17 12 1.05533383503 5.16163913506 1.38100919589e-09 0.605361737853 0.395594214318 0.999999918093 0.439377 0 0
104.9 17 12 1.05537465427 5.16216471432 1.34004396468e-09 0.605305868257 0.39566578569 0.999999919231 0.357344 0 0
105 17 12 1.05541517923 5.16269599452 1.18164156238e-09 0.605250035114 0.395737296154 0.999999923677 0.438491 0 0
105.1 17 12 1.05545633917 5.16324056217 1.20460363906e-09 0.605194249486 0.395808752362 0.999999927873 0.510165 0 0
105.2 17 12 1.05549654417 5.16367536526 1.14863052403e-09 0.605138528908 0.395880171201 0.999999898734 0.438282 0 0
105.3 17 12 1.05553648455 5.16398752112 1.01841601818e-09 0.605082903786 0.395951530424 0.999999923143 0.510708 0 0
105.4 17 12 1.0555761522 5.16434399368 1.19205156857e-09 0.605027330926 0.396022842381 0.999999904747 0.440626 0 0
105.5 17 12 1.05561689173 5.16484118268 1.26609278617e-09 0.604971822745 0.396094100883 0.999999939562 0.439648 0 0
105.6 17 12 1.05565696456 5.16531073872 1.26990218341e-09 0.604916373662 0.396165306813 0.999999923846 0.51076 0 0
105.7 17 12 1.05569651695 5.16573993403 1.13234388532e-09 0.604860988487 0.396236454072 0.999999911737 0.354745 0 0
105.8 17 12 1.05573537978 5.16597138112 1.34443034483e-09 0.604805695783 0.396307530469 0.999999904231 0.355639 0 0
105.9 17 12 1.05577482051 5.1663471728 1.13495668419e-09 0.604750487734 0.396378545146 0.999999927168 0.438929 0 0
106 17 12 1.05581338879 5.16713071115 1.16399134775e-09 0.604695353148 0.396449518034 0.999999901152 0.511653 0 0
106.1 17 12 1.05585105932 5.16718561323 1.01884289894e-09 0.604640331614 0.396520418441 0.999999916598 0.439561 0 0
106.2 17 12 1.05588960222 5.16738983284 1.11281417414e-09 0.604585424541 0.396591266866 0.99999992157 0.438707 0 0
106.3 17 12 1.05592655441 5.16754577386 1.08033415547e-09 0.604530579659 0.396662052709 0.999999913088 0.51262 0 0
106.4 17 12 1.05596445714 5.16777549384 1.21961829525e-09 0.604475823939 0.396732788345 0.999999930286 0.438809 0 0
106.5 17 12 1.05600186011 5.16800614069 1.25413668339e-09 0.604421166026 0.396803448602 0.999999911223 0.511467 0 0
106.6 17 12 1.05603848213 5.16869036397 1.24375409971e-09 0.604366610516 0.396874043696 0.999999904255 0.357679 0 0
106.7 17 12 1.05611578307 5.16879378028 1.32017241583e-09 0.604312148645 0.396944551119 0.999999912044 0.513386 0 0
106.8 17 12 1.05620861107 5.16893556575 1.29102795121e-09 0.604257783395 0.397015002934 0.999999910618 0.440379 0 0
106.9 17 12 1.05630245576 5.16913605188 1.30016530875e-09 0.604203494843 0.397085425171 0.999999908185 0.355224 0 0
107 17 12 1.05639645943 5.16937418965 1.2704158836e-09 0.604149289395 0.397155767042 0.99999991973 0.440423 0 0
107.1 17 12 1.05648991805 5.16958958038 1.04333786055e-09 0.604095158581 0.39722603626 0.999999913981 0.43855 0 0
107.2 17 12 1.05658478344 5.16976863928 1.08589337522e-09 0.604041105047 0.397296235489 0.999999925823 0.358224 0 0
107.3 17 12 1.05668020964 5.17004985111 9.64124113878e-10 0.603987110322 0.397366352105 0.999999931782 0.439486 0 0
107.4 17 12 1.05677543457 5.17018680659 9.45104550176e-10 0.603933209519 0.397436390704 0.999999920188 0.510544 0 0
107.5 17 12 1.05686897246 5.1705815675 9.81425940516e-10 0.603879387665 0.397506365918 0.99999990029 0.439976 0 0
107.6 17 12 1.05696198074 5.17053207155 9.52547485333e-10 0.603825625506 0.397576260498 0.999999904703 0.355334 0 0
107.7 17 12 1.05705413029 5.17065361916 9.38090383151e-10 0.603771939701 0.397646076251 0.999999901328 0.510627 0 0
107.8 17 12 1.05714887656 5.17073798394 1.09521836045e-09 0.603718311334 0.397715800934 0.999999913746 0.438627 0 0
107.9 17 12 1.05723987047 5.17071693091 1.1969436553e-09 0.60366475351 0.397785430127 0.99999990053 0.511859 0 0
108 17 12 1.05732933335 5.17099906395 1.02547559333e-09 0.603611241294 0.397854993555 0.999999913196 0.438893 0 0
108.1 17 12 1.05742188643 5.1712171679 1.07131403748e-09 0.603557800127 0.397924469037 0.999999919757 0.356114 0 0
108.2 17 12 1.05751816365 5.1713758517 1.06574760128e-09 0.603504417104 0.397993867821 0.999999932359 0.510347 0 0
108.3 17 12 1.05761397886 5.17154367008 1.08915554353e-09 0.603451086323 0.398063215246 0.999999925271 0.355869 0 0
108.4 17 12 1.05770935552 5.17171326267 1.08977360469e-09 0.603397801336 0.398132474049 0.999999925921 0.441862 0 0
108.5 17 12 1.05779930467 5.17179901153 1.04351316477e-09 0.603344547294 0.398201645059 0.999999899366 0.440051 0 0
108.6 17 12 1.05789368067 5.17180052173 1.01330643876e-09 0.60329131964 0.398270729606 0.999999909803 0.439754 0 0
108.7 17 12 1.05798563019 5.17206575224 9.63017776634e-10 0.603238106856 0.398339741299 0.999999906679 0.511514 0 0
108.8 17 12 1.05807783867 5.17238476551 9.47751765956e-10 0.603184937437 0.398408694617 0.999999929065 0.513766 0 0
108.9 17 12 1.0581675493 5.17262667127 9.06286157232e-10 0.603131831065 0.398477576868 0.999999922014 0.509468 0 0
109 17 12 1.05825991118 5.17284475212 9.04790575795e-10 0.603078756099 0.398546376467 0.999999920012 0.438883 0 0
109.1 17 12 1.05835100111 5.1736652852 1.00235708622e-09 0.603025713172 0.398615112555 0.999999905821 0.512115 0 0
109.2 17 12 1.05843992862 5.17336424126 9.92182891402e-10 0.602972690056 0.398683761461 0.999999887268 0.441581 0 0
109.3 17 12 1.05853440747 5.17375653991 9.44557654314e-10 0.602919707152 0.398752332028 0.999999931168 0.439469 0 0
109.4 17 12 1.05862610552 5.17420281805 8.93466856056e-10 0.602866750404 0.39882085679 0.999999919693 0.356433 0 0
109.5 17 12 1.05871778861 5.17455641723 9.38621846913e-10 0.602813824103 0.398889296391 0.999999929123 0.439121 0 0
109.6 17 12 1.05880387988 5.17476588893 9.26249743571e-10 0.602760886789 0.398957678703 0.999999905199 0.356501 0 0
109.7 17 12 1.05888902832 5.17522588116 8.75325367744e-10 0.602707960856 0.399025979085 0.999999892402 0.512812 0 0
109.8 17 12 1.05897823506 5.1755914734 8.75776673404e-10 0.602655057666 0.399094203566 0.999999915201 0.512895 0 0
109.9 17 12 1.05906333623 5.1759308374 1.03495656489e-09 0.602602152722 0.399162375646 0.999999900342 0.509458 0 0
110 16 12 1.05915014986 5.17644238446 9.94613280625e-09 0.602549226091 0.399230478865 0.999999916029 0.510765 0 0
110.1 16 12 1.05923593026 5.17696536581 9.88559711868e-09 0.602496313467 0.399298532131 0.999999920659 0.510073 0 0
110.2 16 12 1.05932360027 5.17741167642 9.82758996404e-09 0.602443395654 0.39936651739 0.999999922815 0.507266 0 0
110.3 16 12 1.05940704698 5.17864754778 9.77099956501e-09 0.602390480544 0.399434445153 0.999999913024 0.5084 0 0
110.4 16 12 1.05948673639 5.17856183693 9.69137414764e-09 0.60233756456 0.39950231196 0.999999903113 0.436352 0 0
110.5 16 12 1.05956956116 5.17925368022 9.62309454344e-09 0.602284646616 0.399570136656 0.999999923822 0.50911 0 0
110.6 16 12 1.05965078928 5.1795469954 9.56375356687e-09 0.602231722102 0.399637916583 0.999999910777 0.436565 0 0
110.7 16 12 1.05973295707 5.18002704046 9.49488510038e-09 0.602178772242 0.39970564577 0.999999913733 0.50884 0 0
110.8 16 12 1.05981194981 5.18098389422 9.43568156941e-09 0.60212580456 0.399773320694 0.999999905739 0.508598 0 0
110.9 16 12 1.05989070969 5.18165221753 9.3837740911e-09 0.602072844621 0.399840923835 0.999999929352 0.438015 0 0
111 16 12 1.05996801636 5.18233008939 9.33434174399e-09 0.60201988101 0.399908481082 0.999999916506 0.439202 0 0
111.1 17 12 1.06004300373 5.18285450414 1.19002774301e-09 0.60196690849 0.39997598174 0.999999909698 0.441818 0 0
111.2 17 12 1.06012053662 5.18368313304 1.14604548074e-09 0.601913945102 0.400043437686 0.999999924865 0.440695 0 0
111.3 17 12 1.06019834772 5.18448566355 1.13541087643e-09 0.60186098489 0.400110850815 0.999999907421 0.355838 0 0
111.4 16 12 1.06027234556 5.18506373877 9.1557803561e-09 0.60180803195 0.400178204265 0.999999914004 0.437717 0 0
111.5 16 12 1.060350153 5.18608140241 9.13306918982e-09 0.601755087276 0.400245492304 0.999999924313 0.435329 0 0
111.6 16 12 1.06042694816 5.18695338918 9.10716679847e-09 0.601702144479 0.400312737899 0.999999937688 0.50712 0 0
111.7 16 12 1.06050232403 5.18779336921 9.08116448706e-09 0.601649220138 0.400379936184 0.999999919169 0.434716 0 0
111.8 16 12 1.06057754507 5.188746321 9.05450403543e-09 0.60159631081 0.400447090831 0.9999999234 0.436562 0 0
111.9 16 12 1.06065243687 5.18975193769 9.02620700405e-09 0.601543419583 0.400514198703 0.999999941876 0.508894 0 0
112 16 12 1.06072573587 5.19075422544 8.99841778867e-09 0.601490560956 0.400581257943 0.999999932285 0.506511 0 0
112.1 16 12 1.06079907139 5.19181070279 8.96906759973e-09 0.601437736753 0.400648278531 0.999999942802 0.507689 0 0
112.2 16 12 1.06086981274 5.19285913864 8.94085239178e-09 0.601384949561 0.400715235533 0.999999924082 0.508862 0 0
112.3 16 12 1.06093837373 5.19398973185 8.91095242039e-09 0.601332206771 0.400782146838 0.999999906442 0.436633 0 0
112.4 16 12 1.06100718607 5.19487400087 8.88259932275e-09 0.601279486529 0.400848987943 0.999999940496 0.437483 0 0
112.5 16 13 1.06107554381 5.19625234866 8.85605033751e-09 0.601226800737 0.400915784428 0.999999915352 0.509236 0 0
112.6 16 13 1.06114188703 5.19725177093 8.82468498276e-09 0.601174192407 0.400982533227 0.99999989776 0.436951 0 0
112.7 16 12 1.06120821563 5.19786938191 8.79522488173e-09 0.601121634824 0.401049200837 0.999999922999 0.509328 0 0
112.8 16 12 1.06127484799 5.19887376385 8.76724248755e-09 0.60106917806 0.401115815499 0.999999918673 0.508032 0 0
112.9 16 12 1.06134106057 5.19993349623 8.73697714177e-09 0.601016807784 0.401182384251 0.999999925325 0.508983 0 0
113 16 12 1.06140580707 5.20096681125 8.7047291597e-09 0.600964549955 0.401248919141 0.999999928379 0.508923 0 0
113.1 16 12 1.06147001812 5.20231555344 8.67275529171e-09 0.600912426447 0.401315391676 0.99999991857 0.436629 0 0
113.2 16 12 1.06153241871 5.20306017616 8.6424978285e-09 0.600860413986 0.401381810357 0.999999917566 0.437987 0 0
113.3 16 12 1.06159741896 5.20410335407 8.60965210236e-09 0.600808513737 0.401448169459 0.999999938279 0.509402 0 0
113.4 16 12 1.06166259811 5.20538067612 8.57682258548e-09 0.600756751192 0.401514495369 0.999999933455 0.438448 0 0
113.5 16 12 1.06172559352 5.20603313331 8.53972914605e-09 0.600705110798 0.401580773045 0.999999912159 0.438223 0 0
113.6 16 12 1.0617863717 5.20703722764 8.50330916791e-09 0.600653591534 0.401646987727 0.999999911722 0.508805 0 0
113.7 16 12 1.06184750857 5.20795143647 8.47137915372e-09 0.600602199643 0.401713135675 0.99999991274 0.510246 0 0
113.8 16 12 1.06190834693 5.20922896861 8.43847947074e-09 0.600550939677 0.401779249149 0.99999990592 0.437053 0 0
113.9 16 12 1.06197012047 5.2098492496 8.40405256497e-09 0.600499801465 0.401845282037 0.999999912853 0.434673 0 0
114 16 12 1.06203261964 5.21082274637 8.36740987609e-09 0.600448770664 0.401911248905 0.999999921256 0.509719 0 0
114.1 16 12 1.0620922288 5.2117651963 8.32848945365e-09 0.600397834678 0.401977175732 0.999999914396 0.507062 0 0
114.2 16 13 1.06215179221 5.21294522534 8.29156232562e-09 0.600347013767 0.402043048289 0.999999901218 0.44114 0 0
114.3 16 12 1.06221109443 5.2135401674 8.25573198693e-09 0.600296269703 0.402108865143 0.999999911134 0.508445 0 0
114.4 16 12 1.06227295661 5.21430506442 8.21944778906e-09 0.600245638237 0.402174634441 0.999999922831 0.5085 0 0
114.5 16 12 1.06233220645 5.215275481 8.17829248767e-09 0.600195094415 0.402240367354 0.999999897408 0.440685 0 0
114.6 16 12 1.06239353409 5.21604983918 8.13847966796e-09 0.600144594811 0.402306058501 0.999999911597 0.510346 0 0
114.7 16 12 1.06245455255 5.21685056882 8.097978621e-09 0.600094165473 0.402371697693 0.999999911686 0.507061 0 0
114.8 16 12 1.06251537859 5.21776464494 8.056521561e-09 0.600043793716 0.402437283568 0.999999926087 0.509611 0 0
114.9 16 12 1.06257483657 5.21862945315 8.01505417591e-09 0.599993474857 0.402502816884 0.999999920247 0.510478 0 0
115 16 12 1.06263391822 5.21953318817 7.97344812398e-09 0.599943185949 0.4025683032 0.99999991898 0.436491 0 0
115.1 16 12 1.06269611855 5.22027846651 7.93526622189e-09 0.599892924965 0.402633732378 0.999999939927 0.434254 0 0
115.2 16 12 1.0627579103 5.22117975551 7.89086052055e-09 0.599842666403 0.402699116311 0.999999945154 0.436394 0 0
115.3 16 12 1.06281549209 5.22198301673 7.84652531838e-09 0.599792395706 0.402764446622 0.999999912644 0.435476 0 0
115.4 16 12 1.06287192956 5.22250801816 7.80593434335e-09 0.599742117386 0.40282971365 0.999999900068 0.436043 0 0
115.5 16 12 1.06293068627 5.22327424599 7.76882558284e-09 0.599691815426 0.402894914348 0.999999919608 0.506887 0 0
115.6 16 12 1.06299016724 5.22385476429 7.7269586285e-09 0.599641511601 0.402960064236 0.99999990275 0.437567 0 0
115.7 16 12 1.06304797611 5.2245187348 7.68505692417e-09 0.599591162652 0.403025168837 0.99999990469 0.506142 0 0
115.8 16 12 1.06310527586 5.22510579803 7.6426114326e-09 0.599540777667 0.403090232427 0.999999911176 0.510945 0 0
115.9 16 12 1.06316220127 5.22565310296 7.59966456432e-09 0.59949033804 0.403155233331 0.999999913638 0.508369 0 0
116 16 12 1.06322262117 5.22633826884 7.56057072504e-09 0.599439853419 0.403220195319 0.999999928304 0.437635 0 0
116.1 16 12 1.06328055426 5.22702227675 7.51692552647e-09 0.599389299266 0.403285131089 0.999999915457 0.43439 0 0
116.2 16 12 1.06333753179 5.22754951909 7.47738693185e-09 0.599338671833 0.403350014024 0.999999925711 0.439845 0 0
116.3 16 12 1.06339493494 5.22812633273 7.4423935903e-09 0.599287961013 0.403414846277 0.999999905043 0.434755 0 0
116.4 16 12 1.06345694574 5.22871394564 7.40225214457e-09 0.599237155617 0.403479624298 0.999999945163 0.509039 0 0
116.5 16 12 1.0635135668 5.22917622625 7.35789562611e-09 0.599186252723 0.403544382163 0.999999908867 0.438021 0 0
116.6 16 12 1.06357229805 5.22970411861 7.31974569845e-09 0.599135265759 0.40360907532 0.999999925698 0.434701 0 0
116.7 16 12 1.0636298777 5.23021969618 7.28102844683e-09 0.599084155107 0.403673707882 0.99999989505 0.439054 0 0
116.8 16 12 1.06368763408 5.23068021802 7.23876159014e-09 0.599032960887 0.403738280591 0.999999901881 0.436153 0 0
116.9 16 12 1.06374367083 5.23102741522 7.19841686259e-09 0.598981649358 0.403802787294 0.999999900913 0.5082 0 0
117 16 12 1.0638018409 5.2314837541 7.15886194769e-09 0.598930212849 0.40386724535 0.999999914717 0.50728 0 0
117.1 16 13 1.06385905841 5.23205579588 7.12457148833e-09 0.598878659872 0.403931668151 0.999999916698 0.507681 0 0
117.2 16 12 1.06391562682 5.23250334047 7.08995284704e-09 0.598826967301 0.40399601988 0.999999907481 0.508238 0 0
117.3 16 12 1.06397180654 5.23286586009 7.0549267539e-09 0.598775142575 0.404060305485 0.999999926515 0.506677 0 0
117.4 16 12 1.06402871956 5.23282805651 7.02225821936e-09 0.598723226149 0.404124551819 0.999999895234 0.435851 0 0
117.5 16 12 1.06408542983 5.23323676401 6.98690905132e-09 0.598671159564 0.404188780184 0.999999901232 0.50902 0 0
117.6 16 13 1.06414311213 5.23423134736 6.95426916053e-09 0.598618973967 0.404252958291 0.999999910622 0.434961 0 0
117.7 16 12 1.06419806642 5.23396764453 6.92152735127e-09 0.598566649747 0.404317087802 0.999999887632 0.437024 0 0
117.8 16 13 1.06425584282 5.23484215774 6.88189882858e-09 0.598514144348 0.404381203547 0.999999911921 0.507507 0 0
117.9 16 12 1.06431340163 5.23479351066 6.85210754803e-09 0.598461496128 0.404445332101 0.999999920377 0.43688 0 0
118 16 12 1.06437387411 5.23520725348 6.818650089e-09 0.598408713283 0.404509430157 0.999999912897 0.436533 0 0
118.1 16 12 1.06443142698 5.23568724802 6.78161682366e-09 0.598355761492 0.404573491819 0.999999919821 0.508994 0 0
118.2 16 12 1.06448572894 5.2361385227 6.75035960462e-09 0.59830269869 0.404637525903 0.999999909956 0.437276 0 0
118.3 16 12 1.06454320208 5.23660586014 6.722559176e-09 0.598249518158 0.404701511587 0.999999906456 0.437283 0 0
118.4 16 12 1.06460046447 5.23706916482 6.69138644493e-09 0.598196171909 0.404765463278 0.99999991857 0.50789 0 0
118.5 16 12 1.0646549684 5.23774848436 6.66084321033e-09 0.59814267801 0.40482939861 0.999999904274 0.508752 0 0
118.6 16 12 1.06471277185 5.23791815093 6.63369559284e-09 0.598089103358 0.404893294041 0.999999919891 0.437232 0 0
118.7 16 12 1.06476839191 5.23838539235 6.60352472703e-09 0.598035382837 0.404957151084 0.999999910775 0.507601 0 0
118.8 16 12 1.06482509042 5.23859260419 6.57387677627e-09 0.597981549829 0.405020949426 0.999999908264 0.509574 0 0
118.9 16 13 1.06488094484 5.23906735393 6.54210119411e-09 0.597927604113 0.405084756741 0.999999923497 0.506283 0 0
119 16 12 1.06493690518 5.23923226661 6.51146547792e-09 0.597873600383 0.405148510898 0.999999919939 0.435238 0 0
119.1 16 12 1.06499374112 5.23958622828 6.48250852997e-09 0.597819531758 0.40521221507 0.999999927984 0.435237 0 0
119.2 16 12 1.06505099939 5.23995245997 6.45317355108e-09 0.597765391768 0.405275868851 0.999999924874 0.436813 0 0
119.3 16 12 1.06510292638 5.24027921524 6.4237425379e-09 0.597711183899 0.405339471932 0.999999913391 0.435957 0 0
119.4 16 12 1.06515571636 5.24054926082 6.40165864763e-09 0.597656859646 0.40540306174 0.999999898934 0.508876 0 0
119.5 16 12 1.06520914267 5.24133892196 6.3757339408e-09 0.597602404364 0.405466623216 0.99999991609 0.508145 0 0
119.6 16 12 1.0652610568 5.24129138576 6.35325170251e-09 0.597547863974 0.405530158971 0.999999907242 0.508284 0 0
119.7 16 12 1.06531258088 5.24158240631 6.3291784036e-09 0.597493284924 0.405593630596 0.999999911131 0.509051 0 0
119.8 16 12 1.06536392122 5.24179652965 6.30629404252e-09 0.59743867391 0.405657045644 0.999999909177 0.437115 0 0
119.9 16 12 1.06541808957 5.24193049364 6.28416452209e-09 0.597383997349 0.40572048323 0.999999928967 0.507591 0 0
120 16 12 1.06546881539 5.2423299168 6.26031948503e-09 0.597329304931 0.405783876665 0.999999888084 0.437967 0 0
120.1 16 12 1.06552394054 5.24259840105 6.24217977307e-09 0.597274559182 0.405847243139 0.999999926682 0.509519 0 0
120.2 16 12 1.06557385435 5.24298764025 6.21924045596e-09 0.597219829001 0.405910602246 0.999999898086 0.437232 0 0
120.3 16 12 1.06562605719 5.24346884069 6.18963813537e-09 0.597165123751 0.405973899414 0.999999909613 0.437755 0 0
120.4 16 12 1.0656815114 5.24355334702 6.17419038118e-09 0.59711045141 0.406036971986 0.999999933166 0.436052 0 0
120.5 16 12 1.06573183917 5.24398937611 6.1514269234e-09 0.59705581875 0.406099964259 0.999999911676 0.43786 0 0
120.6 16 12 1.06578252502 5.24452417521 6.12787443011e-09 0.597001199177 0.406162919513 0.999999898872 0.508423 0 0
120.7 16 12 1.06583343549 5.24477751301 6.10905637188e-09 0.596946576879 0.406225796404 0.999999922123 0.509295 0 0
120.8 16 12 1.06588638036 5.24521908918 6.09702544008e-09 0.596891996073 0.406288668153 0.999999915264 0.435334 0 0
120.9 16 12 1.06594115531 5.2456503068 6.08374040034e-09 0.596837455441 0.406351486673 0.999999918934 0.507242 0 0
121 16 12 1.06599632804 5.24607452634 6.0674431035e-09 0.596782914366 0.406414216666 0.99999992817 0.507457 0 0
121.1 16 12 1.06604571174 5.24650959383 6.04871841503e-09 0.596728402823 0.406476859404 0.99999989495 0.43776 0 0
121.2 16 12 1.06609552116 5.24680054534 6.02481353695e-09 0.596673916627 0.406539504195 0.999999923594 0.508455 0 0
121.3 16 12 1.0661484306 5.24749740242 6.01041527659e-09 0.596619491464 0.406602071682 0.999999925239 0.436246 0 0
121.4 16 12 1.0661993032 5.24796301205 6.004528319e-09 0.596565103435 0.406664592479 0.99999990615 0.434439 0 0
121.5 16 12 1.06625000804 5.24838865251 5.9974764044e-09 0.596510764437 0.406727072862 0.999999910099 0.436734 0 0
121.6 16 12 1.06629954763 5.24883377654 5.98909521976e-09 0.596456497686 0.406789530679 0.99999991446 0.436706 0 0
121.7 16 12 1.06635256975 5.24910689266 5.97967675375e-09 0.596402220707 0.406851975906 0.999999906362 0.437774 0 0
121.8 16 12 1.06640153549 5.24959029342 5.97052762785e-09 0.596348022635 0.406914411251 0.999999914715 0.437922 0 0
121.9 16 12 1.06645244809 5.25022716851 5.95937732495e-09 0.596293914232 0.406976860338 0.999999922709 0.437555 0 0
122 16 12 1.06649666657 5.25067948599 5.95281979265e-09 0.596239871108 0.407039321529 0.999999892056 0.507429 0 0
122.1 16 12 1.06654301006 5.25153201722 5.94099525131e-09 0.596185896627 0.407101795317 0.999999914028 0.506913 0 0
122.2 16 12 1.06659734041 5.25224258218 5.93784732494e-09 0.596132007865 0.407164314408 0.999999935273 0.43685 0 0
122.3 16 12 1.06664834718 5.25286986989 5.93217341915e-09 0.596078194265 0.407226874334 0.999999921387 0.505897 0 0
122.4 16 12 1.06670226746 5.25350657377 5.92691207224e-09 0.596024458478 0.407289442654 0.999999915823 0.507916 0 0
122.5 16 12 1.06675154283 5.25412777487 5.91648130488e-09 0.595970803609 0.407352074488 0.999999913238 0.506888 0 0
122.6 16 12 1.06679979315 5.25479856161 5.91166238184e-09 0.595917312796 0.407414759173 0.999999904152 0.50857 0 0
122.7 16 12 1.06684896119 5.25553190915 5.90655069299e-09 0.595863868572 0.407477519901 0.999999933031 0.508708 0 0
122.8 16 12 1.0668973378 5.25620745753 5.90535520484e-09 0.59581050657 0.407540330081 0.99999991589 0.435029 0 0
122.9 16 12 1.06694797393 5.25688253589 5.90240312182e-09 0.595757230862 0.40760322572 0.999999917111 0.438512 0 0
123 16 12 1.0669958778 5.25754518936 5.9008429254e-09 0.595704031219 0.407666192005 0.999999906982 0.436865 0 0
123.1 16 12 1.06704911789 5.25822426288 5.89889537217e-09 0.595650912938 0.407729224497 0.999999908384 0.508667 0 0
123.2 16 12 1.06710056902 5.2588293524 5.89291204722e-09 0.595597854444 0.407792346744 0.999999915625 0.434628 0 0
123.3 16 12 1.06714603233 5.25965323701 5.88689375025e-09 0.595544873018 0.407855627579 0.999999923883 0.435701 0 0
123.4 16 12 1.06719746256 5.2603840825 5.87985971023e-09 0.595491972577 0.407918950402 0.999999921807 0.438372 0 0
123.5 16 12 1.06724886087 5.26113957277 5.88167514692e-09 0.5954391487 0.407982341926 0.999999927792 0.509267 0 0
123.6 16 12 1.06729699595 5.26202698688 5.87906612282e-09 0.595386405405 0.408045824294 0.999999907086 0.507304 0 0
123.7 16 12 1.06734395623 5.2628102267 5.87867088342e-09 0.595333757844 0.408109363764 0.99999992234 0.508124 0 0
123.8 16 12 1.06739428125 5.26347437046 5.87833848265e-09 0.595281192898 0.408173004566 0.9999999355 0.507775 0 0
123.9 16 12 1.06744570322 5.2643690882 5.87655146767e-09 0.595228729861 0.408236734577 0.999999919253 0.43654 0 0
124 16 12 1.06749660197 5.26500747316 5.87639958916e-09 0.595176352326 0.408300567459 0.9999999081 0.508939 0 0
124.1 16 12 1.0675487175 5.26567504729 5.8723004237e-09 0.5951240807 0.408364462209 0.999999930791 0.435791 0 0
124.2 16 12 1.06759526308 5.26626801034 5.86878656783e-09 0.59507188908 0.408428579388 0.999999901292 0.507778 0 0
124.3 16 12 1.0676449138 5.26702456019 5.86699622218e-09 0.595019801183 0.408492767558 0.999999905061 0.508221 0 0
124.4 16 12 1.06769513487 5.26763753628 5.86310688888e-09 0.594967816175 0.408557090636 0.999999913594 0.509506 0 0
124.5 16 12 1.06774721607 5.26832619252 5.85752246707e-09 0.594915981251 0.408621514342 0.999999917395 0.436367 0 0
124.6 16 12 1.06779714714 5.2690374414 5.8531574032e-09 0.594864279279 0.408686077612 0.999999919684 0.438934 0 0
124.7 16 12 1.06784729619 5.26959738434 5.84976322937e-09 0.594812675292 0.408750696854 0.9999998948 0.439922 0 0
124.8 16 12 1.06789672575 5.27027801316 5.84585302388e-09 0.594761194861 0.408815388925 0.999999916006 0.507985 0 0
124.9 16 12 1.06794594112 5.27127840705 5.84257486835e-09 0.594709774009 0.408880117842 0.999999924801 0.508194 0 0
125 16 12 1.06799765421 5.27167741377 5.83940595877e-09 0.594658435726 0.408944905966 0.999999933406 0.436917 0 0
125.1 16 12 1.06804244022 5.2724487673 5.83350734384e-09 0.594607163399 0.409009794603 0.999999906651 0.436481 0 0
125.2 16 12 1.06809161385 5.27291073925 5.83089199147e-09 0.594555968756 0.409074769191 0.99999992503 0.508851 0 0
125.3 16 12 1.06814247536 5.27365646118 5.82684778205e-09 0.594504855382 0.409139863866 0.999999935677 0.508171 0 0
125.4 16 12 1.06819153147 5.27435744426 5.82160419871e-09 0.594453792932 0.409205020529 0.999999923449 0.439057 0 0
125.5 16 12 1.06823994449 5.27509939181 5.81775605468e-09 0.594402763375 0.409270225699 0.999999913892 0.436995 0 0
125.6 16 12 1.0682857077 5.27562659536 5.81416825796e-09 0.594351806834 0.409335479508 0.999999920188 0.510657 0 0
125.7 16 12 1.06833355473 5.27620660722 5.81328940541e-09 0.594300900706 0.409400786628 0.999999912506 0.512063 0 0
125.8 16 12 1.06838119691 5.27678495517 5.80795145311e-09 0.594250023245 0.409466154721 0.999999920022 0.508314 0 0
125.9 16 12 1.06843194025 5.27743563941 5.80271442008e-09 0.594199191145 0.409531589818 0.999999929075 0.442074 0 0
126 16 12 1.06847787269 5.27796058891 5.79637271514e-09 0.594148354175 0.409597086332 0.999999906113 0.514255 0 0
126.1 16 12 1.06852571089 5.27855012721 5.79097325648e-09 0.594097567229 0.409662656795 0.99999992834 0.515673 0 0
126.2 16 12 1.06857132612 5.2789899357 5.78659775652e-09 0.594046825835 0.409728283948 0.999999918387 0.517776 0 0
126.3 16 12 1.06862069829 5.27959728089 5.7808480225e-09 0.593996124871 0.40979396558 0.999999923747 0.444658 0 0
126.4 16 12 1.06867042576 5.28029477216 5.77170922167e-09 0.593945436169 0.409859690284 0.999999943416 0.511015 0 0
126.5 16 12 1.06871750729 5.28092569088 5.76483105696e-09 0.593894803858 0.409925499505 0.999999922559 0.435262 0 0
126.6 16 12 1.0687671295 5.28153672425 5.75694558691e-09 0.593844124135 0.409991396085 0.999999922483 0.43643 0 0
126.7 16 12 1.06881599333 5.28206137964 5.74903102901e-09 0.593793483508 0.410057315647 0.999999930232 0.507956 0 0
126.8 16 12 1.06886272317 5.2825868797 5.73935099446e-09 0.593742866808 0.410123307836 0.999999907135 0.436621 0 0
126.9 16 12 1.06891228937 5.28328710178 5.72921921016e-09 0.593692257627 0.410189254826 0.999999928379 0.508607 0 0
127 16 12 1.06896288826 5.28370688258 5.72040947944e-09 0.593641643489 0.410255158541 0.999999919042 0.508468 0 0
127.1 16 12 1.06901557887 5.28425211723 5.70958080814e-09 0.59359105194 0.410321104098 0.999999917079 0.438097 0 0
127.2 16 12 1.06906594829 5.28478640159 5.69775449044e-09 0.593540423469 0.410387035202 0.999999920204 0.510301 0 0
127.3 16 12 1.06911830065 5.28526763151 5.68754987551e-09 0.593489770246 0.410452937074 0.999999907558 0.509726 0 0
127.4 16 12 1.06917330233 5.28585660398 5.67694091735e-09 0.593439089512 0.410518824582 0.999999898049 0.508646 0 0
127.5 16 12 1.06922781086 5.28610684298 5.66201907581e-09 0.593388377618 0.41058468703 0.999999900812 0.436312 0 0
127.6 16 12 1.06928517579 5.28668913722 5.64958135829e-09 0.593337684395 0.410650512763 0.999999928913 0.435298 0 0
127.7 16 12 1.06934145594 5.2872997067 5.63750601756e-09 0.593287003154 0.410716312271 0.999999912707 0.437243 0 0
127.8 16 12 1.06940337737 5.28789788841 5.62534263615e-09 0.593236241101 0.410782072521 0.999999918142 0.507251 0 0
127.9 16 12 1.06946575681 5.2884082076 5.60977841957e-09 0.593185463492 0.410847800238 0.999999909756 0.434981 0 0
128 16 12 1.06953056469 5.28920037091 5.59314616844e-09 0.593134669637 0.410913502063 0.999999915962 0.435462 0 0
128.1 16 12 1.06959469569 5.28894606985 5.57768609077e-09 0.5930838669 0.410979162088 0.999999906532 0.436517 0 0
128.2 16 12 1.0696615827 5.2895304156 5.64584945462e-09 0.593033014648 0.411044800335 0.999999920804 0.437658 0 0
128.3 16 12 1.06973014497 5.29010755628 5.57690960079e-09 0.592982113149 0.41111035443 0.999999918619 0.437903 0 0
128.4 16 12 1.06979802578 5.29068080088 5.60265145388e-09 0.592931169075 0.41117586978 0.999999916699 0.508931 0 0
128.5 16 12 1.06986606525 5.2913411438 5.54373635886e-09 0.59288017982 0.411241300216 0.999999921011 0.437907 0 0
128.6 16 12 1.06993021729 5.29195688969 5.51137691041e-09 0.592829112765 0.411306616206 0.999999917307 0.436045 0 0
128.7 16 12 1.06999806585 5.2925423607 5.48888867691e-09 0.5927779811 0.411371874655 0.999999907138 0.509263 0 0
128.8 16 12 1.07006991474 5.29322061447 5.46883582864e-09 0.592726793753 0.411437071257 0.999999922586 0.509879 0 0
128.9 16 12 1.07014221488 5.29389846762 5.45081257908e-09 0.592675528859 0.411502224982 0.999999913224 0.436351 0 0
129 16 12 1.07021717112 5.29457951629 5.44960332416e-09 0.592624192357 0.411567262409 0.999999917554 0.509356 0 0
129.1 16 12 1.07028939142 5.2953029611 5.4207209832e-09 0.592572761256 0.411632230268 0.999999923579 0.43603 0 0
129.2 16 12 1.07036934184 5.29603995941 5.41523881292e-09 0.592521240985 0.411697125523 0.999999927919 0.508822 0 0
129.3 16 12 1.07044822607 5.29686168538 5.36561139963e-09 0.592469637201 0.411761860289 0.99999991301 0.508681 0 0
129.4 16 12 1.07052207248 5.29766196599 5.3465458727e-09 0.592417950303 0.411826421237 0.999999920398 0.510394 0 0
129.5 16 12 1.07060293912 5.29832582652 5.33905453182e-09 0.592366169936 0.411890899767 0.999999906062 0.508887 0 0
129.6 16 12 1.07067967311 5.29896134461 5.35810507074e-09 0.592314288549 0.411955260359 0.999999926378 0.437952 0 0
129.7 16 12 1.07076028688 5.29975242248 5.28560262225e-09 0.592262326425 0.41201946102 0.999999920447 0.508612 0 0
129.8 16 12 1.07083760549 5.30052156719 5.2625590552e-09 0.592210309491 0.412083451043 0.999999919043 0.437302 0 0
129.9 16 12 1.07091345583 5.30133314828 5.23241072692e-09 0.592158221088 0.412147280043 0.999999910164 0.435997 0 0
130 16 12 1.07099718095 5.30200701921 5.2729736133e-09 0.592106029513 0.412210930124 0.999999928252 0.509556 0 0
130.1 16 12 1.07107839057 5.30278662238 5.19083087624e-09 0.5920537801 0.412274472376 0.999999929382 0.437186 0 0
130.2 16 12 1.07116218656 5.30353653646 5.17008513778e-09 0.592001469082 0.412337900409 0.999999911489 0.436135 0 0
130.3 16 12 1.07123856141 5.30430308856 5.13849152117e-09 0.591949100151 0.412401162953 0.999999913883 0.435155 0 0
130.4 16 12 1.07131198479 5.30500587667 5.10520448138e-09 0.591896703286 0.412464206157 0.999999905658 0.43653 0 0
130.5 16 12 1.07139383171 5.30598479518 5.10002418075e-09 0.591844266675 0.41252708382 0.99999991775 0.43829 0 0
130.6 16 12 1.07147844012 5.30640383653 5.07940089989e-09 0.591791769339 0.412589823861 0.999999896668 0.508854 0 0
130.7 16 12 1.07156025987 5.30708851449 5.10793474184e-09 0.591739244705 0.41265237756 0.999999898733 0.439382 0 0
130.8 16 12 1.07164010288 5.30778285086 5.03362829196e-09 0.591686666503 0.412714657867 0.999999903003 0.437304 0 0
130.9 16 12 1.07171764042 5.30863015457 5.01177255252e-09 0.591634083351 0.412776690668 0.999999940008 0.437395 0 0
131 16 12 1.0718016996 5.30941023277 4.98548802241e-09 0.591581475933 0.41283851217 0.999999926862 0.509921 0 0
131.1 16 12 1.07188308245 5.31004672626 4.96460617061e-09 0.591528877731 0.412900143335 0.999999915904 0.437113 0 0
131.2 16 12 1.07196391354 5.3106583545 4.93939611435e-09 0.591476266363 0.412961611398 0.999999905075 0.509255 0 0
131.3 16 12 1.07204899937 5.31148822599 4.92031471122e-09 0.591423678219 0.41302289343 0.999999934201 0.43795 0 0
131.4 16 12 1.07212505453 5.31216174927 4.89196083642e-09 0.591371119037 0.413083977916 0.99999990423 0.436666 0 0
131.5 16 12 1.07220876552 5.31282020017 4.88244100705e-09 0.591318591718 0.413144857159 0.999999916487 0.435528 0 0
131.6 16 12 1.07228799312 5.31358333782 4.88150231348e-09 0.591266113599 0.413205540455 0.999999912853 0.507569 0 0
131.7 16 12 1.07237042512 5.31408731753 4.84523265953e-09 0.591213700475 0.413266043457 0.999999915183 0.438191 0 0
131.8 16 12 1.07245174651 5.31484404798 4.83158169029e-09 0.59116134771 0.413326352166 0.99999991018 0.512944 0 0
131.9 16 12 1.07253720788 5.31553958651 4.81541129194e-09 0.591109050196 0.41338639422 0.999999920738 0.508818 0 0
132 16 12 1.07262043994 5.31616344583 4.80001105529e-09 0.591056859945 0.413446242575 0.999999906886 0.437338 0 0
132.1 16 12 1.07270473725 5.31674544753 4.81517758999e-09 0.591004710604 0.413505909782 0.999999924807 0.438577 0 0
132.2 16 12 1.07279460376 5.31749255931 4.80525386148e-09 0.590952648837 0.413565403748 0.999999943045 0.438715 0 0
132.3 16 12 1.07287389584 5.31827546578 4.81676654118e-09 0.590900694971 0.413624741127 0.999999914749 0.436116 0 0
132.4 16 12 1.07296003065 5.3188835099 4.80702921912e-09 0.590848825088 0.413683912772 0.999999924708 0.438602 0 0
132.5 16 12 1.07304751905 5.31939419602 4.82220974263e-09 0.590797074082 0.413742890456 0.999999925323 0.43814 0 0
132.6 16 12 1.07313306692 5.3200698544 4.81576423184e-09 0.590745419665 0.413801711257 0.999999924623 0.43664 0 0
132.7 16 12 1.07322086037 5.32057172209 4.82517803491e-09 0.590693893136 0.413860386202 0.999999906756 0.436538 0 0
132.8 16 12 1.07331153112 5.32119230187 4.87952001027e-09 0.590642413138 0.413918867178 0.999999925726 0.438324 0 0
132.9 16 12 1.07340196966 5.32181781691 4.91433693739e-09 0.590591012034 0.41397718911 0.999999930566 0.508728 0 0
133 16 12 1.07349206725 5.3224216587 4.9276343006e-09 0.590539745662 0.414035374801 0.999999925689 0.4367 0 0
133.1 16 12 1.07358018497 5.32299590629 4.95628249553e-09 0.59048860068 0.414093449075 0.999999926743 0.509627 0 0
133.2 16 12 1.07366108846 5.32358443451 4.94234853043e-09 0.590437579028 0.414151386341 0.999999925249 0.437346 0 0
133.3 16 12 1.07374271624 5.32411781591 4.99831520617e-09 0.590386677338 0.414209215851 0.999999923468 0.507673 0 0
133.4 16 12 1.07382189519 5.3247441367 5.03676855779e-09 0.59033589733 0.414266954037 0.999999921165 0.435659 0 0
133.5 16 12 1.07390183524 5.32514881337 5.04629349418e-09 0.59028523584 0.414324599907 0.999999923274 0.436692 0 0
133.6 16 12 1.07398694798 5.32585096136 5.09950637273e-09 0.59023467294 0.414382175866 0.999999904316 0.507866 0 0
133.7 16 12 1.07407133966 5.32615396628 5.14308629018e-09 0.590184213136 0.414439670041 0.999999926674 0.50827 0 0
133.8 16 12 1.07415382289 5.32675947389 5.1734687645e-09 0.590133859541 0.414497082932 0.999999920754 0.507099 0 0
133.9 16 12 1.07423640486 5.32718103914 5.18061105126e-09 0.59008362039 0.414554433792 0.999999941799 0.43841 0 0
134 16 12 1.07431785412 5.32770828401 5.24566945437e-09 0.59003345869 0.414611732506 0.999999937321 0.506987 0 0
134.1 16 12 1.07439807984 5.32826300281 5.22991816521e-09 0.589983388839 0.414668986083 0.999999941377 0.438245 0 0
134.2 16 12 1.07447524041 5.32867205339 5.30043431368e-09 0.589933399023 0.414726207395 0.99999992073 0.507784 0 0
134.3 16 12 1.07455427728 5.32940076599 5.31140065263e-09 0.589883484003 0.414783411046 0.999999923831 0.50868 0 0
134.4 16 12 1.07462695684 5.32965768287 5.36863975498e-09 0.589833625912 0.414840569493 0.999999915862 0.509319 0 0
134.5 16 12 1.07470184481 5.33024734281 5.40221978262e-09 0.589783837555 0.414897686487 0.999999913609 0.437892 0 0
134.6 16 12 1.07477238353 5.33048073468 5.40239764035e-09 0.5897341017 0.414954792888 0.999999931762 0.439217 0 0
134.7 16 12 1.07484428443 5.33112543493 5.46670908541e-09 0.589684426479 0.415011883263 0.999999918878 0.439098 0 0
134.8 16 12 1.07491692723 5.33168651647 7.01645275214e-09 0.589634769009 0.415068979212 0.999999931076 0.512561 0 0
134.9 16 12 1.0749859367 5.33208422576 8.06027200539e-09 0.589585136554 0.415126079954 0.999999930972 0.437053 0 0
135 16 12 1.07505441783 5.33260381653 8.43143199702e-09 0.589535509447 0.415183162731 0.999999931816 0.511694 0 0
135.1 16 12 1.07512105778 5.33305593138 8.68399796516e-09 0.589485906896 0.415240248295 0.999999916591 0.437141 0 0
135.2 16 12 1.07518426789 5.33384884965 9.25427212639e-09 0.589436323168 0.415297325592 0.999999917591 0.440628 0 0
135.3 16 12 1.07524655295 5.33409063649 9.25629883852e-09 0.589386737567 0.415354420714 0.999999915679 0.439475 0 0
135.4 16 12 1.07530839089 5.33463126739 9.53117118563e-09 0.589337123481 0.415411517276 0.99999991144 0.511619 0 0
135.5 17 12 1.07536761282 5.33499973979 4.50957571285e-09 0.589287485736 0.415468622045 0.999999927219 0.509082 0 0
135.6 16 12 1.07542477916 5.33549191185 9.87228832017e-09 0.589237815511 0.415525748405 0.999999910076 0.439202 0 0
135.7 17 12 1.07548200727 5.33599177202 4.53608162143e-09 0.589188133626 0.415582885831 0.999999908481 0.436558 0 0
135.8 17 12 1.07554090605 5.33707412012 4.54870630051e-09 0.58913842158 0.415640019606 0.999999925062 0.358345 0 0
135.9 17 12 1.07559667474 5.33749094438 4.51375681276e-09 0.589088693012 0.41569716422 0.999999914474 0.358325 0 0
136 17 12 1.07564982309 5.3379498041 4.60455229501e-09 0.589038908182 0.415754317488 0.999999900934 0.512085 0 0
136.1 17 12 1.07569900156 5.33854779649 4.58275251081e-09 0.588989061279 0.415811470148 0.999999892479 0.511032 0 0
136.2 17 12 1.07574553812 5.33917351847 4.59249327456e-09 0.588939153598 0.415868630893 0.999999917318 0.510505 0 0
136.3 17 12 1.07579215414 5.33976582665 4.60128080082e-09 0.588889210505 0.415925760854 0.999999913258 0.355695 0 0
136.4 17 12 1.07583268699 5.33995924398 4.60903670785e-09 0.588839219508 0.415982876306 0.999999883755 0.43997 0 0
136.5 17 12 1.07587828835 5.34053240127 4.61569138466e-09 0.588789151478 0.416039957747 0.999999912381 0.510259 0 0
136.6 17 12 1.07592303494 5.34045654982 4.62118276978e-09 0.588739046998 0.416097030589 0.999999901994 0.439023 0 0
136.7 17 12 1.07596496307 5.34100867699 4.62545923785e-09 0.588688875084 0.416154059526 0.999999903963 0.439916 0 0
136.8 17 12 1.07600801791 5.34161041117 4.62847593585e-09 0.588638654917 0.416211038301 0.999999928906 0.442433 0 0
136.9 17 12 1.07604820073 5.34313892883 4.63020000119e-09 0.588588338053 0.416267974048 0.999999915198 0.513611 0 0
137 17 12 1.07609130165 5.34324064005 4.63060656486e-09 0.588537989034 0.416324821175 0.999999919535 0.35597 0 0
137.1 17 12 1.07612960781 5.3438920933 4.6296828593e-09 0.588487593724 0.416381605596 0.999999900806 0.440659 0 0
137.2 17 12 1.07617060849 5.34442772676 4.62742411056e-09 0.588437157847 0.416438296677 0.999999920333 0.440062 0 0
137.3 17 12 1.07621189543 5.34500596353 4.62383620281e-09 0.588386653375 0.416494902606 0.999999915631 0.438525 0 0
137.4 17 12 1.0762547509 5.34565449512 4.61893490122e-09 0.588336109942 0.416551409699 0.99999992817 0.438612 0 0
137.5 17 12 1.07629488248 5.34632580602 4.61274762831e-09 0.588285503883 0.416607792167 0.999999899354 0.515687 0 0
137.6 17 12 1.07633500479 5.34693393859 4.60530868995e-09 0.588234867299 0.41666400786 0.99999990147 0.439934 0 0
137.7 17 12 1.07637599029 5.34755148444 4.59666393837e-09 0.588184167064 0.416720091352 0.99999991151 0.512112 0 0
137.8 17 12 1.07641422788 5.34754478813 4.58686577609e-09 0.588133423137 0.416776018418 0.999999912828 0.440496 0 0
137.9 17 12 1.0764481561 5.34862394073 4.57597681969e-09 0.588082658585 0.416831815971 0.999999902795 0.44133 0 0
138 17 12 1.07648524192 5.34929302933 4.56406490379e-09 0.588031846521 0.416887432278 0.999999915062 0.440018 0 0
138.1 17 12 1.07652632558 5.34974747047 4.55120430232e-09 0.587981070202 0.416942875458 0.999999924201 0.512001 0 0
138.2 17 12 1.07655898337 5.35049164744 4.53747561746e-09 0.587930329596 0.416998142591 0.999999905891 0.439003 0 0
138.3 17 12 1.07659917153 5.35098983584 4.52296078368e-09 0.587879592669 0.417053222351 0.999999900389 0.357288 0 0
138.4 17 12 1.07663878484 5.35166290881 4.50774528815e-09 0.587828864925 0.417108111467 0.999999918493 0.35698 0 0
138.5 17 12 1.07667316916 5.35201812777 4.49191528418e-09 0.587778097455 0.417162787186 0.999999914071 0.513225 0 0
138.6 17 12 1.07671271742 5.35290002556 4.47555592586e-09 0.587727294762 0.417217249528 0.999999890495 0.510219 0 0
138.7 17 12 1.07675467025 5.35270707258 4.45874870358e-09 0.587676533166 0.417271508717 0.999999909173 0.509965 0 0
138.8 17 12 1.07679172674 5.35352990481 4.44157233215e-09 0.587625791501 0.417325570747 0.999999885891 0.511371 0 0
138.9 17 12 1.0768306059 5.35317176516 4.42409875401e-09 0.587575063957 0.417379397469 0.999999898391 0.51113 0 0
139 17 12 1.07687160826 5.35437366758 4.40639269517e-09 0.587524334774 0.417433081041 0.999999902445 0.512711 0 0
139.1 17 12 1.07690899159 5.35437171904 4.41598713152e-09 0.587473634032 0.417486578198 0.999999898144 0.356393 0 0
139.2 17 12 1.07695040531 5.35517922362 4.42623937502e-09 0.587422936459 0.417539890673 0.99999989829 0.512863 0 0
139.3 17 12 1.07699271075 5.3556776386 4.43497605307e-09 0.587372258546 0.417593050239 0.99999990443 0.358174 0 0
139.4 17 12 1.07704076582 5.35582250218 4.44206482708e-09 0.587321609689 0.417646040648 0.999999927508 0.358001 0 0
139.5 17 12 1.07708461805 5.35630732418 4.44733827543e-09 0.587270964715 0.417698912324 0.999999888352 0.35644 0 0
139.6 17 12 1.07712872327 5.35683479551 4.45070058586e-09 0.587220303446 0.417751632334 0.999999906484 0.51047 0 0
139.7 17 12 1.07717595957 5.35683808465 4.4520518383e-09 0.587169662595 0.417804243498 0.999999900088 0.437797 0 0
139.8 17 12 1.07722669572 5.3573637727 4.45133163662e-09 0.587119014129 0.41785674798 0.999999924661 0.443042 0 0
139.9 17 12 1.07726828468 5.35778397801 4.44852898962e-09 0.587068366583 0.417909162616 0.999999890154 0.510089 0 0
140 17 12 1.07731654568 5.358162035 4.44361991647e-09 0.587017730667 0.417961486328 0.999999914965 0.438173 0 0
140.1 17 12 1.07736660408 5.35856237157 4.43664827099e-09 0.586967093025 0.418013748688 0.999999908038 0.512083 0 0
140.2 17 12 1.07741853785 5.35962304181 4.42766356912e-09 0.586916460912 0.418065957263 0.999999925644 0.439128 0 0
140.3 17 12 1.07746782792 5.36021415501 4.41673086993e-09 0.586865836478 0.418118106354 0.999999898792 0.35658 0 0
140.4 17 12 1.07751795807 5.36083625751 4.40395919732e-09 0.586815241681 0.418170196885 0.999999896834 0.356684 0 0
140.5 17 12 1.07757008853 5.36096035628 4.38944636194e-09 0.586764660522 0.418222237103 0.999999912954 0.512247 0 0
140.6 17 12 1.07762523554 5.36167911418 4.37331759695e-09 0.586714100571 0.418274255193 0.999999911409 0.438656 0 0
140.7 17 12 1.07767712643 5.36237457494 4.35569835755e-09 0.586663527328 0.418326227977 0.999999916197 0.439305 0 0
140.8 17 12 1.07773251674 5.36256209602 4.3367248681e-09 0.58661300448 0.418378170488 0.999999922924 0.439851 0 0
140.9 17 12 1.07778848845 5.36328722436 4.31652413813e-09 0.586562516388 0.418430097039 0.999999910083 0.356169 0 0
141 17 12 1.07784312676 5.3636183373 4.29521673784e-09 0.586512045899 0.418481955818 0.999999895679 0.44151 0 0
141.1 17 12 1.07790179965 5.36394291984 4.27294288841e-09 0.586461567639 0.418533774039 0.999999917029 0.440789 0 0
141.2 17 12 1.07795974517 5.36415798688 4.24977752989e-09 0.58641105558 0.418585555357 0.999999903379 0.513354 0 0
141.3 17 12 1.07802270236 5.36457139286 4.22585555437e-09 0.586360549763 0.418637313257 0.99999992238 0.440026 0 0
141.4 17 12 1.07808664292 5.36506238796 4.20122381328e-09 0.586310022952 0.418689059707 0.999999923632 0.360673 0 0
141.5 17 13 1.07815011201 5.36578720763 4.17598144953e-09 0.586259487968 0.418740755023 0.999999898583 0.514387 0 0
141.6 17 12 1.07821028033 5.36571198274 4.15015377619e-09 0.586208975463 0.418792385814 0.99999987737 0.440175 0 0
141.7 17 12 1.0782748862 5.36603948049 4.12379397297e-09 0.586158494061 0.418843967718 0.999999899912 0.512005 0 0
141.8 17 12 1.07833854676 5.36642961986 4.09692058057e-09 0.586108072104 0.418895485957 0.999999901872 0.511763 0 0
141.9 17 12 1.07840195538 5.36729401792 4.06953415411e-09 0.586057650046 0.41894695449 0.999999902924 0.510816 0 0
142 17 12 1.07846976329 5.3679604536 4.04164057777e-09 0.586007279588 0.418998360385 0.999999902526 0.360954 0 0
142.1 17 12 1.07853621036 5.36866513426 4.013217203e-09 0.585957012096 0.41904972756 0.999999893881 0.51242 0 0
142.2 17 12 1.07860109884 5.36880788081 3.98424393477e-09 0.585906784937 0.41910103264 0.99999990101 0.440793 0 0
142.3 17 12 1.07866893746 5.36905298638 3.95468979786e-09 0.585856570927 0.419152267166 0.999999917501 0.439241 0 0
142.4 17 12 1.07873752607 5.3695843223 3.92452559339e-09 0.58580635006 0.419203442065 0.999999906661 0.43856 0 0
142.5 17 12 1.07880813699 5.37003669467 3.89370724552e-09 0.585756150952 0.419254526653 0.999999926628 0.355369 0 0
142.6 17 12 1.07887408264 5.37050883203 3.86221088444e-09 0.585705963591 0.419305541509 0.999999894188 0.356413 0 0
142.7 17 12 1.07894195932 5.37136776392 3.82999865156e-09 0.585655807588 0.419356447138 0.999999907723 0.510918 0 0
142.8 17 12 1.07900836438 5.37154663617 3.7970507849e-09 0.585605625016 0.419407251028 0.999999904565 0.438321 0 0
142.9 17 12 1.07907682802 5.37208020052 3.76333753049e-09 0.585555423903 0.419457967097 0.999999892023 0.512964 0 0
143 17 12 1.07914345617 5.37249197733 3.72885966549e-09 0.585505275079 0.419508600417 0.999999902518 0.354759 0 0
143.1 17 12 1.07921124804 5.37309128539 3.69360553254e-09 0.585455108894 0.419559121345 0.999999901782 0.512247 0 0
143.2 17 12 1.07927419119 5.37337869369 3.65757724108e-09 0.585404959674 0.419609559614 0.999999900649 0.439232 0 0
143.3 17 12 1.07934086105 5.37391300433 3.62927687902e-09 0.585354784175 0.419659858444 0.999999890441 0.440747 0 0
143.4 17 12 1.07941134045 5.37427668149 3.601320131e-09 0.585304600278 0.419710066651 0.999999915152 0.51221 0 0
143.5 17 12 1.0794819061 5.37481716292 3.57258456152e-09 0.585254336012 0.419760150998 0.999999893054 0.355819 0 0
143.6 17 12 1.07954981748 5.37522303385 3.54372009514e-09 0.585204058182 0.419810110882 0.999999913792 0.439362 0 0
143.7 17 12 1.0796168494 5.37577820825 3.51359508155e-09 0.585153726019 0.419859979977 0.999999923926 0.357954 0 0
143.8 17 12 1.07968508522 5.37644780048 3.48277573448e-09 0.58510332035 0.419909739547 0.999999914797 0.356425 0 0
143.9 17 12 1.07975334739 5.37713749304 3.45040951366e-09 0.585052819902 0.419959395028 0.999999907004 0.438613 0 0
144 17 12 1.07982231224 5.37759882832 3.41688699557e-09 0.585002359992 0.420008938496 0.999999910991 0.358675 0 0
144.1 17 12 1.07989119067 5.37799035945 3.3813351008e-09 0.584951842735 0.420058348188 0.999999919264 0.438514 0 0
144.2 17 12 1.07995371737 5.3781542837 3.34419336667e-09 0.584901264426 0.420107655016 0.999999891865 0.453061 0 0
144.3 16 12 1.08002180517 5.37856635071 9.32091359651e-09 0.584850656499 0.420156839901 0.999999888266 0.44807 0 0
144.4 17 12 1.08009141268 5.37919274789 3.26405347195e-09 0.584799989077 0.420205920201 0.99999991116 0.511797 0 0
144.5 17 12 1.08015807219 5.37981398314 3.22148774323e-09 0.584749369334 0.420254896821 0.999999903879 0.35854 0 0
144.6 17 12 1.08022946731 5.38052104808 3.17680748374e-09 0.584698713845 0.420303765086 0.999999916546 0.439711 0 0
144.7 17 12 1.08030115573 5.38154284262 3.13080983361e-09 0.584647978711 0.420352536559 0.999999931995 0.437608 0 0
144.8 17 12 1.08036853141 5.38219251987 3.07039960123e-09 0.584597172426 0.42040120211 0.999999903428 0.439918 0 0
144.9 17 12 1.08043616482 5.38274826702 3.05527436684e-09 0.584546304993 0.4204497755 0.999999919718 0.357505 0 0
145 17 12 1.0805037291 5.38324883761 2.98775082452e-09 0.584495364055 0.420498228971 0.999999902599 0.440212 0 0
145.1 17 12 1.08057009064 5.38403987074 2.93903446025e-09 0.584444357811 0.420546603634 0.999999907465 0.438575 0 0
145.2 17 12 1.0806390805 5.3845283503 2.89184221014e-09 0.584393261863 0.420594845595 0.999999917547 0.357435 0 0
145.3 17 12 1.08070544608 5.38526569229 2.84507961634e-09 0.58434208111 0.420642999078 0.999999917177 0.440927 0 0
145.4 17 12 1.08077129211 5.38573491297 2.80015277632e-09 0.584290906392 0.420691047077 0.999999897291 0.359097 0 0
145.5 17 12 1.08083897015 5.38632951765 2.75715628106e-09 0.584239645873 0.420738992971 0.999999925443 0.510325 0 0
145.6 17 12 1.08090507712 5.38716328996 2.71647482286e-09 0.584188356009 0.420786850037 0.999999911362 0.440054 0 0
145.7 17 12 1.08096820768 5.38745231105 2.67833299983e-09 0.58413697509 0.42083460931 0.999999922437 0.43792 0 0
145.8 17 12 1.08103391573 5.38800506272 2.64345445533e-09 0.584085548288 0.420882277933 0.999999932344 0.440915 0 0
145.9 17 12 1.0810978336 5.38879760699 2.61050858708e-09 0.584034073012 0.42092987262 0.999999910945 0.438113 0 0
146 17 12 1.08116462418 5.38882764101 2.58174737144e-09 0.583982539406 0.420977350154 0.999999906574 0.442751 0 0
146.1 17 12 1.0812318917 5.38954538381 2.5545929816e-09 0.583930926088 0.421024764229 0.999999927831 0.439939 0 0
146.2 17 12 1.08129576646 5.38988349174 2.53097298675e-09 0.583879234092 0.421072107238 0.999999905007 0.355897 0 0
146.3 17 12 1.08136232992 5.39051994665 2.50898601895e-09 0.583827481371 0.421119356372 0.999999932877 0.441062 0 0
146.4 17 12 1.08142688561 5.39091998696 2.4896501527e-09 0.583775667953 0.421166537981 0.999999918283 0.440202 0 0
146.5 17 12 1.08149198527 5.39154669039 2.47146447752e-09 0.583723785913 0.421213621885 0.999999917708 0.440686 0 0
146.6 17 12 1.08155387296 5.39201271491 2.4548099109e-09 0.583671829668 0.42126062319 0.99999990085 0.440222 0 0
146.7 16 12 1.08161639178 5.39266090872 9.82927106374e-09 0.583619815441 0.421307538822 0.999999907632 0.513103 0 0
146.8 17 12 1.08167913663 5.39207713288 2.42334152745e-09 0.583567767412 0.421354380885 0.999999908713 0.437279 0 0
146.9 17 12 1.08173877512 5.39284732728 2.40743225355e-09 0.583515654906 0.421401113499 0.999999906675 0.356056 0 0
147 17 12 1.08179780147 5.39333718678 2.39131936475e-09 0.583463601995 0.421447777797 0.99999989305 0.355659 0 0
147.1 17 12 1.08185989118 5.39337302412 2.37438702033e-09 0.583411488619 0.421494379362 0.99999992316 0.44107 0 0
147.2 17 12 1.08191586718 5.39400946812 2.3530589699e-09 0.583359333173 0.421540895946 0.999999899396 0.356642 0 0
147.3 17 12 1.08197802331 5.39425991443 2.34228814122e-09 0.583307125923 0.421587329332 0.99999991321 0.356105 0 0
147.4 17 12 1.08203795814 5.39464302841 2.33346730827e-09 0.583254923955 0.421633697868 0.999999901171 0.35593 0 0
147.5 17 12 1.08209711158 5.39459441273 2.34883867911e-09 0.583202699499 0.421679952208 0.999999897813 0.439876 0 0
147.6 16 12 1.08215570104 5.39501438122 9.89466097945e-09 0.583150540673 0.42172608133 0.999999886703 0.43924 0 0
147.7 16 12 1.0822180213 5.39483969885 9.88484571973e-09 0.583098371051 0.421772140414 0.999999919473 0.511797 0 0
147.8 16 12 1.08228062906 5.39509147816 9.64791668778e-09 0.583046228017 0.42181811339 0.999999940399 0.436242 0 0
147.9 16 12 1.08234030843 5.39545329913 9.55015289072e-09 0.582994102134 0.421864004279 0.999999917361 0.438952 0 0
148 16 12 1.08240003214 5.39574042593 9.18788600757e-09 0.582941986708 0.421909790905 0.999999909876 0.510397 0 0
148.1 16 12 1.08246111515 5.39605976047 9.25935794704e-09 0.582889925877 0.421955491974 0.999999925927 0.508795 0 0
148.2 16 12 1.08252133932 5.39638278591 9.16510867199e-09 0.58283792918 0.422001131791 0.999999921096 0.440634 0 0
148.3 16 12 1.08258005013 5.39673252894 9.24973464489e-09 0.58278597557 0.422046677232 0.999999908683 0.437039 0 0
148.4 16 12 1.08264013961 5.39706028422 9.10588671132e-09 0.582734085887 0.422092140598 0.999999923893 0.509152 0 0
148.5 16 12 1.08270072899 5.39714529732 9.18014397833e-09 0.58268235565 0.422137521229 0.999999922679 0.439758 0 0
148.6 16 12 1.08275722369 5.39781598552 9.02076147113e-09 0.582630668541 0.422182835798 0.999999910109 0.509057 0 0
148.7 16 12 1.08281772323 5.39768788506 9.0145850784e-09 0.582579091741 0.42222806455 0.999999934474 0.437186 0 0
148.8 16 12 1.08287508717 5.39801972592 8.94395291162e-09 0.58252758802 0.422273238186 0.999999908719 0.4398 0 0
148.9 16 12 1.08293218735 5.39850488783 8.83675710384e-09 0.582476187192 0.422318343514 0.999999924793 0.43692 0 0
149 16 12 1.08299046695 5.39858529316 8.79975314838e-09 0.582424912226 0.42236339792 0.999999927329 0.438718 0 0
149.1 16 12 1.08304833492 5.39893878656 9.02834518257e-09 0.582373726819 0.422408400783 0.999999912089 0.436665 0 0
149.2 16 12 1.08310486819 5.39923887981 8.85995965483e-09 0.582322628156 0.422453376585 0.999999918651 0.509086 0 0
149.3 16 12 1.0831629696 5.39954628139 8.67849747621e-09 0.582271640055 0.422498310683 0.999999923499 0.435746 0 0
149.4 16 12 1.08322128982 5.39989426044 8.59183413304e-09 0.582220758108 0.422543226063 0.999999928982 0.437922 0 0
149.5 16 12 1.08327666007 5.40028341352 8.51938941615e-09 0.582169990461 0.422588115206 0.99999992398 0.507158 0 0
149.6 16 12 1.08333198419 5.4007368745 8.5628448776e-09 0.582119326681 0.422632986008 0.999999900509 0.436401 0 0
149.7 16 12 1.08338687865 5.40096401233 8.42410130542e-09 0.582068763138 0.422677845699 0.999999917663 0.511468 0 0
149.8 16 12 1.08344481699 5.4015215468 8.42016900648e-09 0.582018343856 0.422722714104 0.999999939294 0.436656 0 0
149.9 16 12 1.08350006808 5.40194056081 8.30006641195e-09 0.581968041911 0.422767604706 0.999999910601 0.437485 0 0
150 16 12 1.08355409648 5.40226762459 8.26865953485e-09 0.581917895007 0.422812497845 0.999999922388 0.509506 0 0
150.1 16 12 1.08360844066 5.40260825388 8.18139100911e-09 0.581867867518 0.422857411298 0.999999909283 0.438096 0 0
150.2 16 12 1.08366401863 5.40307679997 8.12460632105e-09 0.581817937114 0.422902353858 0.999999920075 0.508115 0 0
150.3 16 12 1.08371769665 5.40360365479 8.07771161071e-09 0.581768112022 0.422947335603 0.999999928221 0.509444 0 0
150.4 16 12 1.08377287043 5.40412430116 8.07015310134e-09 0.581718400176 0.422992357807 0.999999933131 0.436407 0 0
150.5 16 12 1.08382714172 5.40497878698 8.01961008712e-09 0.581668818957 0.423037434217 0.999999938042 0.508894 0 0
150.6 16 12 1.08388049834 5.40512447804 8.32184066102e-09 0.581619351911 0.423082555954 0.999999919553 0.43599 0 0
150.7 16 12 1.08393285123 5.40566563345 8.09675526625e-09 0.581569994173 0.423127739258 0.999999922445 0.438064 0 0
150.8 16 12 1.08398538447 5.40620059476 8.09006461822e-09 0.581520728888 0.42317296798 0.999999922593 0.506084 0 0
150.9 16 12 1.08403519746 5.40680047282 8.13482192719e-09 0.581471574859 0.42321825638 0.999999898666 0.438422 0 0
151 16 12 1.08408587072 5.40739655725 8.25475110489e-09 0.581422491389 0.423263590082 0.999999914874 0.508448 0 0
151.1 16 12 1.08413548321 5.4077833148 8.19959766751e-09 0.581373513219 0.423308988515 0.999999905251 0.437861 0 0
151.2 16 12 1.08418572749 5.40839676171 8.21682999419e-09 0.581324538952 0.423354450863 0.999999921688 0.438676 0 0
151.3 16 12 1.08423744473 5.40901580745 8.13277090117e-09 0.581275642963 0.423399985578 0.99999992604 0.438415 0 0
151.4 16 12 1.08428857508 5.40974619825 8.1282773845e-09 0.581226707368 0.42344559929 0.999999928853 0.437208 0 0
151.5 16 12 1.08433782973 5.41019181493 8.134845908e-09 0.5811778219 0.423491293074 0.999999915393 0.4373 0 0
151.6 16 12 1.08438640221 5.41088016482 8.11114486687e-09 0.58112899482 0.423537050127 0.999999925319 0.509368 0 0
151.7 16 12 1.08443762751 5.41158602568 8.1217561565e-09 0.58108023144 0.423582886812 0.999999940282 0.50769 0 0
151.8 16 12 1.08448626852 5.41232176987 8.0990623097e-09 0.581031527487 0.423628809838 0.999999922621 0.510628 0 0
151.9 16 12 1.08453363747 5.41284259503 8.16705947315e-09 0.58098288276 0.423674795649 0.99999991796 0.510828 0 0
152 16 12 1.08458125398 5.41333404999 8.18280776471e-09 0.580934273122 0.423720854656 0.999999911549 0.509581 0 0
152.1 16 12 1.08462890216 5.41397336231 8.15771361573e-09 0.580885638861 0.423766981744 0.999999928603 0.507537 0 0
152.2 16 12 1.08467692294 5.41471886988 8.11927625133e-09 0.580837066307 0.423813191357 0.999999920321 0.435728 0 0
152.3 16 12 1.084723894 5.41516682628 8.15855727421e-09 0.580788487591 0.423859461238 0.999999918073 0.437324 0 0
152.4 16 12 1.08476915021 5.41564415711 8.24421009238e-09 0.58073989991 0.423905795717 0.999999915747 0.437534 0 0
152.5 16 12 1.08481448428 5.41622314901 8.43498715319e-09 0.580691303728 0.423952190629 0.999999926134 0.506841 0 0
152.6 16 12 1.08485827432 5.41696693173 8.44708902825e-09 0.580642709334 0.423998682103 0.999999924376 0.508459 0 0
152.7 16 12 1.08490250357 5.41740457086 8.47756487232e-09 0.580594113592 0.42404524384 0.999999916738 0.436688 0 0
152.8 16 12 1.08494710819 5.41794867697 8.52963166764e-09 0.58054538635 0.42409186521 0.999999925065 0.509819 0 0
152.9 16 12 1.08499065749 5.41846776259 8.56530313342e-09 0.580496601932 0.424138551028 0.999999909524 0.436097 0 0
153 16 12 1.08503569063 5.4190216793 8.61461446622e-09 0.58044778007 0.424185295354 0.999999929527 0.510488 0 0
153.1 16 12 1.08508034677 5.41963578091 8.66573435232e-09 0.580398918892 0.424232112518 0.999999926667 0.43603 0 0
153.2 16 12 1.08512194425 5.42018079363 8.6894694773e-09 0.580350028657 0.424278984611 0.999999923485 0.437054 0 0
153.3 16 12 1.08516259223 5.42050641477 8.85998252542e-09 0.580301090405 0.424325934108 0.999999917586 0.437351 0 0
153.4 16 12 1.08520532621 5.42087767656 9.03336094815e-09 0.580252123488 0.424372942113 0.999999930769 0.437679 0 0
153.5 16 12 1.08524818761 5.42137850102 9.0115559459e-09 0.580203102768 0.424420007102 0.999999921692 0.438704 0 0
153.6 16 12 1.08529091792 5.42170886709 9.00324836905e-09 0.580154043287 0.42446713734 0.999999930697 0.436165 0 0
153.7 16 12 1.0853336282 5.4221229786 9.0297939126e-09 0.580104926499 0.424514326159 0.999999934051 0.43756 0 0
153.8 16 12 1.08537260762 5.42250089675 9.07293329355e-09 0.580055739872 0.424561577847 0.999999916441 0.437439 0 0
153.9 16 12 1.0854124382 5.42277929859 9.10043196356e-09 0.580006511899 0.424608869496 0.999999896692 0.508605 0 0
154 16 12 1.08545117986 5.42308770114 9.09091923962e-09 0.579957200166 0.424656204438 0.999999926016 0.43736 0 0
154.1 16 12 1.0854904344 5.42344271042 9.24981669037e-09 0.579907852816 0.424703610047 0.99999993929 0.509927 0 0
154.2 16 12 1.0855291359 5.42373256251 9.32535137999e-09 0.57985847214 0.424751069334 0.999999924795 0.440012 0 0
154.3 16 12 1.08556858715 5.42413003956 9.38358857283e-09 0.57980905222 0.424798574543 0.999999931779 0.509974 0 0
154.4 16 12 1.08560550642 5.42422967084 9.30691257395e-09 0.579759600252 0.424846137473 0.999999932405 0.43742 0 0
154.5 16 12 1.08564356772 5.42450644206 9.39364630526e-09 0.579710115621 0.42489374311 0.999999937747 0.437149 0 0
154.6 16 12 1.08568111524 5.42469441639 9.29687737905e-09 0.579660594579 0.424941405297 0.999999925493 0.436036 0 0
154.7 16 12 1.08571806759 5.42490581506 9.327860373e-09 0.579611054235 0.424989118945 0.999999931965 0.507595 0 0
154.8 16 12 1.08575613544 5.42513057396 9.31548327365e-09 0.579561493295 0.425036885212 0.999999936373 0.508576 0 0
154.9 16 12 1.08579400428 5.42525266114 9.27657817229e-09 0.579511912482 0.425084707448 0.999999931014 0.508911 0 0
155 16 12 1.0858289752 5.42546179083 9.27636123471e-09 0.579462323113 0.425132588389 0.999999927914 0.510754 0 0
155.1 16 12 1.08586520525 5.42569149007 9.25648502292e-09 0.579412709873 0.42518051214 0.999999936968 0.437325 0 0
155.2 16 12 1.08590011844 5.42539441302 9.24236875921e-09 0.579363089501 0.425228496252 0.999999920597 0.437898 0 0
155.3 16 12 1.08593621082 5.42552877591 9.24503562594e-09 0.579313424233 0.425276536189 0.999999936821 0.435872 0 0
155.4 16 12 1.08597059614 5.42551228867 9.24607190811e-09 0.579263735679 0.425324619167 0.999999917954 0.436958 0 0
155.5 16 12 1.08600542416 5.42554763944 9.24001741787e-09 0.579214017977 0.425372764309 0.999999917474 0.508853 0 0
155.6 16 12 1.08604106285 5.42579296674 9.2906277116e-09 0.579164293475 0.425420944604 0.999999929541 0.509113 0 0
155.7 16 12 1.08607631067 5.42553855099 9.34135591102e-09 0.579114550019 0.425469187107 0.999999936193 0.508146 0 0
155.8 16 12 1.08611208218 5.42565687163 9.32883681415e-09 0.579064815291 0.425517478186 0.999999934701 0.441154 0 0
155.9 16 12 1.08614211217 5.42548671665 9.32476118543e-09 0.579015071115 0.425565825747 0.999999909419 0.441335 0 0
156 16 12 1.08617656081 5.42544455296 9.24667797886e-09 0.578965306652 0.425614207703 0.999999921826 0.509482 0 0
156.1 16 12 1.08621096095 5.42545241242 9.23721710233e-09 0.578915558024 0.425662659838 0.999999927805 0.438793 0 0
156.2 16 12 1.0862449255 5.42538060247 9.17187548133e-09 0.578865813883 0.425711167577 0.999999919243 0.438167 0 0
156.3 16 12 1.08627965503 5.42532889445 9.07427977204e-09 0.57881606721 0.425759726386 0.999999946164 0.437698 0 0
156.4 16 12 1.08631352761 5.42543278861 9.13697861815e-09 0.578766320274 0.425808346466 0.999999921832 0.437889 0 0
156.5 16 12 1.08634723128 5.42540534103 8.8637677198e-09 0.578716608844 0.425857015725 0.999999909775 0.437703 0 0
156.6 16 12 1.08638097713 5.42564028661 8.89239770707e-09 0.57866681333 0.425905721868 0.999999921794 0.50744 0 0
156.7 16 12 1.08641330983 5.42589858038 8.8620936145e-09 0.578616993137 0.42595448726 0.99999989976 0.511767 0 0
156.8 16 12 1.08644608167 5.42626738295 8.93314644479e-09 0.578567110669 0.42600326361 0.999999916606 0.509369 0 0
156.9 16 12 1.08647969795 5.42679094504 9.01295860167e-09 0.578517112265 0.426052069484 0.999999917377 0.438277 0 0
157 16 12 1.08651301117 5.42735378724 9.15722919714e-09 0.578466962121 0.426100914263 0.999999902777 0.435898 0 0
157.1 16 12 1.08654867206 5.42811231406 9.17657871913e-09 0.57841662383 0.426149791967 0.99999993239 0.435675 0 0
157.2 16 12 1.086581835 5.42887258904 9.17335696293e-09 0.578366080918 0.426198713822 0.999999924635 0.436199 0 0
157.3 16 12 1.08661687607 5.4297428838 9.30761556717e-09 0.5783153188 0.426247680241 0.999999917704 0.508465 0 0
157.4 16 12 1.08665300033 5.43074395975 9.14299724819e-09 0.578264317902 0.426296670994 0.999999935031 0.508906 0 0
157.5 16 12 1.08668836773 5.43187229196 9.01881480608e-09 0.578213081471 0.426345679453 0.999999917136 0.508951 0 0
157.6 16 12 1.08672500888 5.43315312135 8.97066776417e-09 0.578161647659 0.42639470499 0.999999935245 0.438653 0 0
157.7 16 12 1.08675973781 5.43402751319 8.89830753525e-09 0.578109956276 0.426443738262 0.999999925448 0.435827 0 0
157.8 16 12 1.08679625386 5.43529540514 8.83893735981e-09 0.578058009634 0.426492775874 0.999999934186 0.438157 0 0
157.9 16 12 1.08683014526 5.43653831831 8.813585195e-09 0.578005792106 0.426541812691 0.999999921338 0.510307 0 0
158 16 12 1.08686503641 5.43782777769 8.82998474339e-09 0.5779533242 0.426590831309 0.999999905879 0.438113 0 0
158.1 16 12 1.08689940575 5.43921546453 8.7843258223e-09 0.57790058552 0.42663982583 0.99999991335 0.510532 0 0
158.2 16 13 1.08693336707 5.44074298835 8.68698002421e-09 0.57784759052 0.426688799825 0.999999908227 0.508733 0 0
158.3 16 12 1.08696857736 5.44203423793 8.62115689948e-09 0.577794845135 0.426737730062 0.999999918945 0.508261 0 0
158.4 16 12 1.08700487136 5.44346304262 8.64510796283e-09 0.577741830629 0.426786630492 0.999999926602 0.436611 0 0
158.5 16 12 1.0870412249 5.44484938526 8.847595101e-09 0.577688561482 0.42683548553 0.999999922589 0.507927 0 0
158.6 16 12 1.08707833052 5.44656836118 8.80599748676e-09 0.577635082513 0.42688427925 0.999999915233 0.437402 0 0
158.7 16 12 1.0871120709 5.4480368735 8.75821304369e-09 0.577581451695 0.426932998212 0.999999906555 0.435843 0 0
158.8 16 12 1.0871468559 5.44934266478 8.85926199068e-09 0.577527683338 0.426981643995 0.999999903476 0.439383 0 0
158.9 16 12 1.08718376141 5.45044393217 8.9092400124e-09 0.577473847654 0.427030227645 0.999999915845 0.439995 0 0
159 16 12 1.08721880219 5.45195022304 8.89309859087e-09 0.577419939785 0.427078740102 0.999999910066 0.508543 0 0
159.1 16 12 1.08725543882 5.45364741668 8.64118254729e-09 0.577366014812 0.427127178106 0.999999929672 0.508761 0 0
159.2 16 12 1.08729082041 5.45477827931 8.52075054958e-09 0.577312117259 0.427175535571 0.999999903422 0.436946 0 0
159.3 16 12 1.08732675842 5.45655399513 8.38304248241e-09 0.577258261449 0.427223790807 0.999999920426 0.509096 0 0
159.4 16 12 1.08736481078 5.45802244608 8.51257242473e-09 0.577204484131 0.427271936521 0.999999923409 0.436565 0 0
159.5 16 12 1.0874022556 5.45954079935 8.55504789232e-09 0.57715082408 0.427319970675 0.999999937089 0.437134 0 0
159.6 16 12 1.08743777639 5.4610263946 8.62601867713e-09 0.577097295413 0.427367891644 0.999999926242 0.513014 0 0
159.7 16 12 1.08747444436 5.46250524433 8.55517945375e-09 0.577043923519 0.427415690476 0.999999929013 0.511824 0 0
159.8 16 12 1.08750921349 5.46388936882 8.45200720523e-09 0.576990718873 0.427463345933 0.999999909896 0.508356 0 0
159.9 16 12 1.08754664198 5.46535507237 8.51518033862e-09 0.576937696407 0.427510857272 0.999999933093 0.437103 0 0
160 16 12 1.08758153289 5.46671285714 8.4876029538e-09 0.5768848993 0.427558272037 0.999999909128 0.511307 0 0
160.1 16 12 1.08761821218 5.46811284426 8.53276682644e-09 0.576832328878 0.427605549226 0.999999927023 0.511731 0 0
160.2 16 12 1.0876512254 5.46985648124 8.61836202404e-09 0.576780006503 0.42765271203 0.999999896961 0.510997 0 0
160.3 16 12 1.08768530244 5.47063131899 8.11077738305e-09 0.576727934797 0.427699764138 0.999999930114 0.508922 0 0
160.4 16 12 1.08772008609 5.47189670593 8.21343415502e-09 0.576676143267 0.427746734658 0.999999921267 0.43828 0 0
160.5 16 12 1.08775715991 5.47313226403 8.27461632547e-09 0.576624646685 0.427793617331 0.999999924435 0.435886 0 0
160.6 16 12 1.08779264236 5.47439129577 8.29967905513e-09 0.576573468847 0.427840414506 0.999999918034 0.43697 0 0
160.7 16 12 1.0878297544 5.47550788327 8.320312328e-09 0.576522632681 0.427887145528 0.999999932703 0.508509 0 0
160.8 16 12 1.08786288542 5.47661127903 8.30559132581e-09 0.576472117623 0.427933816623 0.999999910084 0.510192 0 0
160.9 16 12 1.08789963576 5.47770457615 8.38903013722e-09 0.576421932072 0.427980424782 0.999999928153 0.438312 0 0
161 16 12 1.0879355234 5.47871290073 8.26263013565e-09 0.57637210692 0.428027024743 0.999999907951 0.436745 0 0
161.1 16 12 1.08796928053 5.47962765237 8.30086532844e-09 0.576322631084 0.428073567334 0.999999912195 0.516102 0 0
161.2 16 12 1.0880057949 5.4806765552 8.32471780399e-09 0.576273511601 0.428120114978 0.999999934968 0.508964 0 0
161.3 16 12 1.08804168253 5.48158474317 8.35607294469e-09 0.5762247806 0.428166650494 0.999999933453 0.507251 0 0
161.4 16 12 1.08807507798 5.4824116002 8.43928549266e-09 0.576176424607 0.42821321282 0.99999991875 0.436932 0 0
161.5 16 12 1.08811108649 5.48333013648 8.45024772378e-09 0.576128449238 0.428259801927 0.99999992942 0.50842 0 0
161.6 16 12 1.08814699003 5.48401556543 8.33592594951e-09 0.576080848679 0.428306434652 0.999999917068 0.437902 0 0
161.7 16 12 1.08818191492 5.4845554969 8.32799607053e-09 0.576033610112 0.428353106114 0.999999909274 0.438028 0 0
161.8 16 12 1.08821413848 5.4852020248 8.2550921654e-09 0.575986739231 0.428399862107 0.999999911168 0.508041 0 0
161.9 16 12 1.08825003239 5.48591314669 8.02770783181e-09 0.57594022326 0.428446696893 0.999999941079 0.507379 0 0
162 16 12 1.08828410266 5.48635514585 8.15241918417e-09 0.575894055962 0.428493617565 0.999999929249 0.437728 0 0
162.1 16 12 1.08831426016 5.48674721103 8.14361222901e-09 0.575848213143 0.428540635883 0.999999906199 0.436465 0 0
162.2 16 12 1.08834592673 5.48702634944 7.97966737132e-09 0.57580268818 0.428587737018 0.999999922798 0.43853 0 0
162.3 16 12 1.0883796222 5.48739289214 8.03839950159e-09 0.575757514506 0.428634971733 0.999999919781 0.435647 0 0
162.4 16 12 1.08841331877 5.48777914851 8.05814281968e-09 0.575712621238 0.428682312375 0.999999922029 0.50796 0 0
162.5 16 12 1.08844663595 5.48808745112 8.04140043442e-09 0.575668047656 0.428729771495 0.999999912013 0.5133 0 0
162.6 16 12 1.08847946984 5.48852137856 7.98458732465e-09 0.575623757955 0.428777325613 0.999999928608 0.439721 0 0
162.7 16 12 1.08851146334 5.48921212664 8.00894528474e-09 0.575579738825 0.428824987371 0.999999905211 0.44367 0 0
162.8 16 12 1.08854298474 5.48884820117 8.05608968424e-09 0.575535982754 0.428872765113 0.999999918719 0.510741 0 0
162.9 16 12 1.08857544156 5.48894351319 8.03770150437e-09 0.575492465045 0.42892063211 0.999999919988 0.437589 0 0
163 16 12 1.08860932533 5.48900567365 8.12835043718e-09 0.575449235207 0.428968615571 0.999999918891 0.510602 0 0
163.1 16 12 1.08864143911 5.48924539892 8.10206912671e-09 0.575406224555 0.429016685023 0.999999920392 0.51006 0 0
163.2 16 12 1.08867371128 5.48895336761 8.12141798257e-09 0.575363426546 0.429064815328 0.99999991128 0.437472 0 0
163.3 16 12 1.08870680516 5.48887763022 8.12140610318e-09 0.575320817341 0.429113029445 0.999999926078 0.439403 0 0
163.4 16 12 1.0887386544 5.48872990746 8.11044265081e-09 0.575278374888 0.429161329334 0.999999939988 0.438882 0 0
163.5 16 12 1.08876963149 5.48855534121 8.31172974891e-09 0.575236088063 0.429209704053 0.999999915395 0.439603 0 0
163.6 16 12 1.0887999481 5.48831403703 8.18885803611e-09 0.575193940601 0.429258134869 0.999999922064 0.443031 0 0
163.7 16 12 1.08883148076 5.487864232 8.35314128977e-09 0.575151913629 0.429306634046 0.999999926754 0.439514 0 0
163.8 16 12 1.08886420384 5.48767756985 8.28046298196e-09 0.575109997801 0.429355198691 0.99999993295 0.438974 0 0
163.9 16 12 1.08889491218 5.48732494023 8.27884949484e-09 0.575068166563 0.429403808556 0.99999990666 0.443115 0 0
164 16 12 1.08892642943 5.48724392961 8.16649614599e-09 0.575026424705 0.429452456836 0.99999990608 0.513457 0 0
164.1 16 12 1.08895715681 5.48672550562 8.20498369247e-09 0.574984780825 0.429501152872 0.999999911499 0.511823 0 0
164.2 16 12 1.0889894554 5.48636597845 8.26209967109e-09 0.574943189695 0.429549863598 0.99999993447 0.438626 0 0
164.3 16 12 1.08901874682 5.48598272386 8.29673296732e-09 0.574901647605 0.429598600402 0.999999898551 0.438148 0 0
164.4 16 12 1.08904945726 5.48539357448 8.41071767788e-09 0.574860154358 0.429647351874 0.999999924917 0.517981 0 0
164.5 16 12 1.08907856803 5.48496711463 8.42022229719e-09 0.574818689879 0.42969611471 0.999999927923 0.444245 0 0
164.6 16 12 1.08910851325 5.48464268229 8.28943669262e-09 0.574777242233 0.429744847609 0.999999920941 0.51773 0 0
164.7 16 12 1.0891395163 5.48399208834 8.30815238828e-09 0.574735804668 0.429793569221 0.999999911592 0.439415 0 0
164.8 16 12 1.08916837025 5.48336864166 8.32679836194e-09 0.574694358433 0.42984227418 0.999999914947 0.511799 0 0
164.9 16 12 1.08919917391 5.4828790851 8.33948898826e-09 0.574652937074 0.429890965964 0.999999918489 0.508831 0 0
165 16 12 1.08922940213 5.48233826968 8.38744185216e-09 0.574611507131 0.429939628191 0.999999912234 0.50999 0 0
165.1 16 12 1.08925895509 5.48189496329 8.38500979761e-09 0.574570074392 0.429988244034 0.999999922187 0.508394 0 0
165.2 16 12 1.08928704761 5.48125323924 8.43625791447e-09 0.57452862904 0.430036819905 0.999999908961 0.439187 0 0
165.3 16 12 1.08931666367 5.48081821832 8.46930703347e-09 0.574487158966 0.430085350974 0.999999916595 0.439318 0 0
165.4 16 12 1.08934627602 5.48024912677 8.38795588542e-09 0.574445652551 0.430133845018 0.999999933085 0.440865 0 0
165.5 16 12 1.08937418355 5.4797309639 8.47744674459e-09 0.574404135056 0.430182291917 0.999999909912 0.438169 0 0
165.6 16 12 1.08940466759 5.47932377955 8.40442138106e-09 0.574362604889 0.430230666733 0.999999934562 0.438202 0 0
165.7 16 12 1.08943247598 5.47889002319 8.46915049202e-09 0.574321082408 0.430279000462 0.999999929537 0.509237 0 0
165.8 16 12 1.08946155579 5.47849617634 8.45790326665e-09 0.574279546077 0.430327266869 0.999999925355 0.509746 0 0
165.9 16 12 1.08948799939 5.47810308975 8.44270031664e-09 0.574238035257 0.430375467824 0.999999923921 0.508374 0 0
166 16 12 1.08951633399 5.47773527974 8.60783866408e-09 0.574196531448 0.43042360234 0.999999925733 0.4364 0 0
166.1 16 12 1.08954263847 5.47715690001 8.68370697571e-09 0.574154990714 0.430471673094 0.999999916734 0.436932 0 0
166.2 16 12 1.08957003919 5.47695151591 8.66011873324e-09 0.574113441485 0.430519659026 0.999999912021 0.436523 0 0
166.3 16 12 1.08959633233 5.47677685248 8.66862426285e-09 0.574071862594 0.430567571753 0.999999934726 0.437666 0 0
166.4 16 12 1.08962363849 5.47653973051 8.63539406648e-09 0.574030243789 0.430615409162 0.999999929739 0.509427 0 0
166.5 16 12 1.08964912223 5.47648710323 8.63550564389e-09 0.57398856409 0.430663175466 0.999999924332 0.439385 0 0
166.6 16 12 1.0896754708 5.47653610599 8.51209003283e-09 0.573946828691 0.430710864519 0.999999939815 0.437691 0 0
166.7 16 12 1.0897001351 5.47665933683 8.52904014081e-09 0.573904989145 0.430758503449 0.999999926022 0.511829 0 0
166.8 16 12 1.08972727667 5.47694017511 8.54916892834e-09 0.573863044258 0.430806075734 0.999999948207 0.437142 0 0
166.9 16 12 1.08975135005 5.47724092844 8.59475912662e-09 0.573820972184 0.430853582256 0.999999918188 0.437493 0 0
167 16 12 1.08977500958 5.47765687551 8.63369642445e-09 0.573778748405 0.430901038839 0.999999928186 0.508074 0 0
167.1 16 12 1.08979969716 5.47828091645 8.69621930022e-09 0.573736368381 0.430948426238 0.999999934246 0.43705 0 0
167.2 16 12 1.08982583648 5.47885692766 8.83168393973e-09 0.573693830881 0.430995741344 0.999999941792 0.439325 0 0
167.3 16 12 1.08985134366 5.47958973842 8.86166495739e-09 0.573651125536 0.431043000682 0.999999935944 0.43648 0 0
167.4 16 12 1.08987331479 5.48035056513 8.88312701175e-09 0.573608267517 0.431090197375 0.999999929111 0.436998 0 0
167.5 16 12 1.08989621168 5.48125923734 8.97598284588e-09 0.573565280707 0.431137333628 0.99999992087 0.438729 0 0
167.6 16 12 1.08992011327 5.48229363922 8.99076524341e-09 0.573522178434 0.431184398453 0.999999938654 0.436725 0 0
167.7 16 12 1.08994207231 5.48332091196 9.03112917783e-09 0.57347898271 0.431231418849 0.999999920572 0.508514 0 0
167.8 16 12 1.08996274285 5.48445220236 9.24836496274e-09 0.573435728956 0.431278385526 0.999999918307 0.435891 0 0
167.9 16 12 1.08998496525 5.48565156162 9.18210663059e-09 0.573392456843 0.431325301161 0.999999932 0.508483 0 0
168 16 12 1.09000850108 5.48690329864 9.28083099261e-09 0.573349156409 0.431372184827 0.999999931157 0.437278 0 0
168.1 16 12 1.09003211526 5.48823728695 9.3867837947e-09 0.573305837288 0.431419036609 0.999999936267 0.437351 0 0
168.2 16 12 1.0900542425 5.48960295885 9.43746858439e-09 0.573262503028 0.431465850986 0.99999993677 0.510775 0 0
168.3 16 12 1.09007620273 5.49100098465 9.50910128417e-09 0.573219178947 0.431512641186 0.999999927841 0.507036 0 0
168.4 16 12 1.09009696406 5.49244444953 9.47588651989e-09 0.57317585506 0.43155938483 0.999999929953 0.437949 0 0
168.5 16 12 1.09012031701 5.49393019346 9.57147050507e-09 0.57313252341 0.431606103087 0.99999994546 0.508918 0 0
168.6 16 12 1.09014090446 5.49532484664 9.69115920846e-09 0.573089175852 0.4316528041 0.999999915756 0.511353 0 0
168.7 16 12 1.09016250258 5.4967405705 9.7613247485e-09 0.573045812426 0.431699473064 0.999999920022 0.436766 0 0
168.8 16 12 1.09018344413 5.49811972432 9.83449621739e-09 0.573002393943 0.431746117686 0.999999910686 0.512071 0 0
168.9 16 12 1.09020433657 5.49945873279 9.82721282128e-09 0.572958887066 0.431792738453 0.999999913008 0.50995 0 0
169 16 12 1.09022359788 5.50084862031 9.88581272399e-09 0.572915324131 0.431839343166 0.999999901524 0.51223 0 0
169.1 16 12 1.09024434778 5.50225086274 9.97936910885e-09 0.572871705424 0.431885923838 0.999999917654 0.509049 0 0
169.2 16 12 1.0902647113 5.50401622373 9.9898516126e-09 0.57282800632 0.431932490395 0.999999910569 0.508418 0 0
169.3 17 13 1.09028334794 5.50533971657 7.27173987691e-09 0.572784199696 0.431979048289 0.99999991705 0.437024 0 0
169.4 17 12 1.09030047932 5.50690469585 7.28230842295e-09 0.572740267617 0.432025591765 0.999999899446 0.355897 0 0
169.5 17 12 1.09031170173 5.508097246 7.29047522352e-09 0.572696193836 0.432072096444 0.999999894447 0.44121 0 0
169.6 16 12 1.09032804264 5.50920609388 8.82657757995e-09 0.572651977082 0.432118553821 0.999999898941 0.358622 0 0
169.7 17 12 1.0903430684 5.5101722417 7.29951610268e-09 0.57260758559 0.432165001801 0.999999890724 0.435926 0 0
169.8 16 12 1.09035937036 5.51151911362 9.79632797105e-09 0.572562996919 0.432211443675 0.999999902142 0.43916 0 0
169.9 17 12 1.0903776146 5.51245914094 7.36874528062e-09 0.572518218631 0.432257854175 0.999999912955 0.509723 0 0
170 16 12 1.09039336137 5.51402562794 9.61118951093e-09 0.572473253238 0.432304254394 0.999999902236 0.439623 0 0
170.1 17 12 1.0904103774 5.51460312311 7.28817484141e-09 0.572428081071 0.43235064535 0.999999913984 0.507823 0 0
170.2 16 12 1.09042547664 5.51609205395 9.71967673014e-09 0.572382690629 0.432397031176 0.999999890664 0.357194 0 0
170.3 17 12 1.09044599653 5.51678540476 7.26776472337e-09 0.572337077503 0.432443390748 0.999999932309 0.435879 0 0
170.4 17 12 1.0904653806 5.51784583185 7.15198156254e-09 0.572291254827 0.432489764179 0.999999903569 0.355294 0 0
170.5 17 12 1.090485735 5.51952108372 7.3105604903e-09 0.572245204313 0.432536123201 0.999999902647 0.509848 0 0
170.6 17 12 1.09050370429 5.52013969031 7.21875925702e-09 0.572198925389 0.432582469552 0.999999896613 0.442456 0 0
170.7 17 12 1.09052395687 5.52115334439 7.19751847011e-09 0.572152412748 0.43262879117 0.999999922421 0.439382 0 0
170.8 17 12 1.09053924224 5.5222672271 7.17381709592e-09 0.57210565931 0.432675101117 0.99999990214 0.440757 0 0
170.9 17 12 1.0905536674 5.52314322367 7.14764358811e-09 0.572058676519 0.432721369086 0.999999880237 0.356932 0 0
171 17 12 1.09057141341 5.52314958579 7.11898440198e-09 0.572011462861 0.432767629177 0.999999899995 0.440223 0 0
171.1 17 12 1.09058845648 5.52430172484 7.0878195535e-09 0.571964011954 0.432813889968 0.999999907874 0.440432 0 0
171.2 17 12 1.09060865678 5.52509889618 7.05412483981e-09 0.57191634423 0.432860115283 0.999999903955 0.439151 0 0
171.3 17 12 1.090631668 5.5260715552 7.06334890577e-09 0.5718684364 0.432906319823 0.999999918136 0.356832 0 0
171.4 16 12 1.0906504263 5.52703559036 9.95714799501e-09 0.571820307687 0.432952496125 0.999999890756 0.360648 0 0
171.5 17 12 1.09067249569 5.52699194044 7.12638914546e-09 0.571771946739 0.432998636976 0.999999920684 0.436615 0 0
171.6 17 12 1.09069374178 5.52756769836 7.15389136818e-09 0.571723372745 0.433044776436 0.999999907968 0.358963 0 0
171.7 17 12 1.09071240195 5.52825381935 7.10540548621e-09 0.571674600089 0.433090894523 0.999999904484 0.438079 0 0
171.8 17 12 1.09073543069 5.52851210593 7.24941195962e-09 0.571625622381 0.433136968774 0.999999905855 0.440818 0 0
171.9 17 12 1.09075440727 5.52899175298 7.21792758895e-09 0.571576442546 0.433183028486 0.999999895679 0.510209 0 0
172 17 12 1.09077430005 5.52976312293 7.2326065137e-09 0.571527065534 0.433229060405 0.999999886287 0.441568 0 0
172.1 17 12 1.09079892608 5.52984246557 7.24376236771e-09 0.571477507124 0.433275047856 0.999999904163 0.512988 0 0
172.2 17 12 1.09082477866 5.5302684524 7.25131654722e-09 0.57142779257 0.433320992203 0.999999912629 0.438188 0 0
172.3 17 12 1.09084317933 5.53071813155 7.25521387412e-09 0.571377918083 0.433366917935 0.999999888375 0.440551 0 0
172.4 17 12 1.09087110368 5.53130970201 7.25541549063e-09 0.571327889317 0.433412792772 0.999999903529 0.443286 0 0
172.5 17 12 1.09089496924 5.53171800393 7.25190307804e-09 0.571277726861 0.433458642933 0.999999897407 0.444586 0 0
172.6 17 12 1.09092155017 5.53197491584 7.24466897584e-09 0.571227420675 0.433504440584 0.999999895792 0.51168 0 0
172.7 17 12 1.09094763488 5.53263249127 7.23372028943e-09 0.571176991457 0.433550172783 0.999999894199 0.51159 0 0
172.8 17 12 1.09097864919 5.53274637987 7.2190717848e-09 0.571126440994 0.433595873118 0.999999898691 0.360111 0 0
172.9 17 12 1.09100428591 5.53284727342 7.20074533334e-09 0.571075780122 0.433641533509 0.999999876706 0.44037 0 0
173 17 12 1.09103674709 5.53292139866 7.17876980083e-09 0.571025033785 0.433687132037 0.999999910063 0.511224 0 0
173.1 17 12 1.09107060811 5.53325330044 7.1531766066e-09 0.570974205231 0.433732706366 0.999999908735 0.441259 0 0
173.2 17 12 1.0910998925 5.53355484215 7.12399950142e-09 0.570923309969 0.433778223204 0.999999899133 0.511247 0 0
173.3 17 12 1.09113433236 5.5336286189 7.091276788e-09 0.570872354549 0.433823669186 0.999999921026 0.440353 0 0
173.4 17 12 1.09116435764 5.53394144678 7.05504543674e-09 0.570821358345 0.433869085998 0.999999893518 0.358747 0 0
173.5 17 12 1.09120006173 5.53399775136 7.01534674796e-09 0.570770314579 0.433914416421 0.999999914484 0.439634 0 0
173.6 17 12 1.09123600864 5.5341454006 6.97222335422e-09 0.57071926748 0.433959694894 0.99999990601 0.439181 0 0
173.7 17 12 1.09127032622 5.5340412589 6.92572088568e-09 0.57066821404 0.434004916739 0.999999893714 0.439644 0 0
173.8 17 12 1.09130525142 5.5341170636 6.87589041259e-09 0.570617139453 0.434050065359 0.999999907842 0.441763 0 0
173.9 17 12 1.09134261563 5.53332889331 6.82278811226e-09 0.570566084145 0.434095151151 0.999999881813 0.439021 0 0
174 17 12 1.0913776372 5.5341093031 6.76647649023e-09 0.57051504752 0.434140153656 0.999999897539 0.511266 0 0
174.1 17 12 1.09141493043 5.53374109984 6.70702648975e-09 0.570464058535 0.43418509534 0.999999894578 0.355642 0 0
174.2 17 12 1.09145439334 5.53337652892 6.64452037835e-09 0.570413123773 0.43422996128 0.99999990845 0.511077 0 0
174.3 17 12 1.09149269764 5.53389938027 6.57904930534e-09 0.570362236446 0.43427477598 0.999999913767 0.512851 0 0
174.4 17 12 1.09153213726 5.53428249558 6.5107181868e-09 0.570311419889 0.434319510808 0.999999909739 0.440382 0 0
174.5 17 12 1.09156620694 5.53461046451 6.43964259694e-09 0.570260671754 0.434364175664 0.999999900989 0.359376 0 0
174.6 17 12 1.09160258818 5.53453713323 6.46010278604e-09 0.570210008035 0.434408762573 0.999999908099 0.357375 0 0
174.7 17 12 1.09164069609 5.53452849964 6.48704667761e-09 0.570159452644 0.434453275304 0.999999899298 0.356171 0 0
174.8 17 12 1.09167818573 5.53421449783 6.51035436672e-09 0.570108987356 0.434497706064 0.999999909013 0.512315 0 0
174.9 17 12 1.09171708541 5.53438763649 6.52961018588e-09 0.570058639669 0.434542086383 0.999999911331 0.440627 0 0
175 17 12 1.09175612685 5.53403970269 6.5443865882e-09 0.570008411619 0.434586385003 0.999999913564 0.440588 0 0
175.1 17 12 1.0917951592 5.53437721874 6.55429377439e-09 0.56995830808 0.434630601131 0.999999904186 0.512426 0 0
175.2 17 12 1.09183505125 5.53416363572 6.55896947865e-09 0.569908330152 0.434674742739 0.999999898608 0.443992 0 0
175.3 17 12 1.09187323491 5.53475561239 6.55809262451e-09 0.569858514011 0.434718808856 0.999999897925 0.438948 0 0
175.4 17 12 1.09191240804 5.5347140076 6.55136567218e-09 0.569808838734 0.434762799909 0.999999910777 0.358093 0 0
175.5 17 12 1.09194940055 5.53492919123 6.53857690214e-09 0.569759328497 0.434806734653 0.999999902567 0.441002 0 0
175.6 17 12 1.09198867938 5.53497534381 6.51951792552e-09 0.569709973965 0.434850583267 0.999999899672 0.440862 0 0
175.7 17 12 1.09202646087 5.53481241907 6.49408049558e-09 0.569660772211 0.434894378478 0.999999913453 0.441671 0 0
175.8 17 12 1.0920659417 5.53490852787 6.46220221778e-09 0.569611739659 0.434938091591 0.999999911175 0.44052 0 0
175.9 17 12 1.09210398763 5.53475354727 6.42385789007e-09 0.569562866426 0.434981738038 0.999999908455 0.443328 0 0
176 17 12 1.09214111983 5.53501037384 6.37914521207e-09 0.569514153504 0.435025311797 0.999999922538 0.356899 0 0
176.1 17 12 1.09217924951 5.53492916781 6.32816976598e-09 0.569465610746 0.435068802635 0.999999919473 0.441125 0 0
176.2 17 12 1.09221164269 5.53483641968 6.27112584084e-09 0.569417229524 0.435112236168 0.999999890818 0.51212 0 0
176.3 17 12 1.09224866264 5.53485414657 6.20828954911e-09 0.569369003665 0.435155596922 0.999999919598 0.511243 0 0
176.4 17 12 1.09228519488 5.53476006412 6.13995621013e-09 0.569320936544 0.435198917347 0.999999901032 0.441531 0 0
176.5 17 12 1.09232156244 5.53480628699 6.0665191759e-09 0.569273019132 0.435242157432 0.999999911602 0.511472 0 0
176.6 17 12 1.09235634332 5.53476318867 5.98838179044e-09 0.569225228491 0.435285341838 0.999999907152 0.440161 0 0
176.7 17 12 1.09239408561 5.53488930545 5.95882221344e-09 0.569177573532 0.435328472653 0.999999924881 0.355594 0 0
176.8 17 12 1.09243004446 5.53492950601 5.98995819612e-09 0.569130023956 0.435371549817 0.99999991937 0.356551 0 0
176.9 17 12 1.09246647115 5.53489501648 6.01419969382e-09 0.569082593204 0.435414571461 0.999999930542 0.356643 0 0
177 17 12 1.09249928816 5.5349130817 6.03037453306e-09 0.569035230947 0.435457542037 0.999999907202 0.35572 0 0
177.1 17 12 1.0925338984 5.53525848998 6.03940841781e-09 0.568987916183 0.435500458372 0.999999926945 0.439574 0 0
177.2 17 12 1.09256751936 5.53532313312 6.03799521492e-09 0.568940644246 0.435543340379 0.999999919508 0.439285 0 0
177.3 17 12 1.09260212137 5.53543937327 6.02932370697e-09 0.568893368275 0.435586176685 0.999999918786 0.443086 0 0
177.4 17 12 1.09263465269 5.53540566803 6.00952854146e-09 0.568846080572 0.435628951929 0.99999991354 0.358178 0 0
177.5 17 12 1.09266963076 5.53554802509 5.98066796087e-09 0.568798720381 0.435671664393 0.999999915769 0.440936 0 0
177.6 17 12 1.09270396589 5.53579782916 5.94141458254e-09 0.568751279699 0.435714330854 0.99999992619 0.355658 0 0
177.7 17 12 1.09273807168 5.53611549278 5.89183257738e-09 0.568703709351 0.43575693805 0.999999916991 0.510695 0 0
177.8 17 12 1.09276883875 5.53631986024 5.8324567398e-09 0.568655978028 0.435799493039 0.999999909524 0.512845 0 0
177.9 17 12 1.09280374944 5.53652586101 5.76357439552e-09 0.568608031641 0.43584200907 0.999999921372 0.356784 0 0
178 17 12 1.09283653234 5.53635022409 5.68409397328e-09 0.568559851379 0.435884462037 0.999999920318 0.513529 0 0
178.1 17 12 1.09286557348 5.53682378612 5.59800750199e-09 0.568511418875 0.435926863812 0.99999989817 0.439614 0 0
178.2 17 12 1.09289571501 5.53736073506 5.50208378858e-09 0.568462694763 0.435969200052 0.999999921592 0.512294 0 0
178.3 17 12 1.09292516638 5.53789071487 5.40153421991e-09 0.568413677868 0.436011483922 0.999999907418 0.359077 0 0
178.4 17 12 1.09295477753 5.53833034027 5.29408816785e-09 0.568364341667 0.436053703218 0.999999896974 0.357063 0 0
178.5 17 12 1.09298690805 5.53866211484 5.18411147343e-09 0.568314700542 0.436095854146 0.999999927484 0.442894 0 0
178.6 17 12 1.09301799655 5.53917494289 5.07165931474e-09 0.568264722978 0.436137951555 0.999999928807 0.512416 0 0
178.7 17 13 1.09305017611 5.54031985812 4.95906482545e-09 0.568214431831 0.436179994071 0.999999909959 0.51359 0 0
178.8 17 13 1.09307915245 5.54082311212 4.88263351972e-09 0.568163836002 0.43622192715 0.999999894242 0.357931 0 0
178.9 17 12 1.09310698738 5.54048057204 4.83386608519e-09 0.568112971266 0.436263742207 0.999999923928 0.513079 0 0
179 17 12 1.09313694835 5.54110850222 4.70583816359e-09 0.56806183802 0.43630549862 0.999999889639 0.513364 0 0
179.1 17 12 1.09316799783 5.54223657795 4.59849114343e-09 0.568010451731 0.436347198034 0.999999900772 0.51245 0 0
179.2 17 13 1.09320035447 5.5431836051 4.45405345939e-09 0.56795886374 0.43638881135 0.999999932619 0.440445 0 0
179.3 17 12 1.09323053777 5.54382795874 4.37351654892e-09 0.567907091499 0.43643037377 0.999999920599 0.512958 0 0
179.4 17 12 1.09325869053 5.54466635398 4.3012713391e-09 0.567855137334 0.436471864932 0.999999910201 0.511263 0 0
179.5 17 12 1.09328965889 5.54569300702 4.23761614687e-09 0.567803032495 0.436513280684 0.999999924527 0.35691 0 0
179.6 17 12 1.0933188081 5.54646833535 4.1795744643e-09 0.567750807648 0.436554638887 0.999999893982 0.437892 0 0
179.7 17 13 1.09334762749 5.54761511256 4.12862455335e-09 0.567698493939 0.436595912252 0.999999896085 0.439501 0 0
179.8 17 12 1.09337770871 5.54735209544 4.08069433799e-09 0.567646088547 0.436637129975 0.999999916738 0.438757 0 0
179.9 17 12 1.09340350074 5.54794341675 4.03682509642e-09 0.567593650402 0.436678210605 0.999999914543 0.512258 0 0
180 17 12 1.09343056015 5.54909585723 3.99079780333e-09 0.567541177215 0.43671919282 0.999999905124 0.441548 0 0
180.1 17 12 1.09345537211 5.54933794301 3.94714005925e-09 0.567488685371 0.436760066479 0.999999900604 0.439557 0 0
180.2 17 12 1.09348275896 5.55087197717 4.2081776952e-09 0.567436214365 0.436800847683 0.999999907448 0.512963 0 0
180.3 17 12 1.09350759754 5.55148837329 4.0552312619e-09 0.567383752199 0.436841542909 0.999999915594 0.358504 0 0
180.4 17 12 1.09352999062 5.55217137635 3.78987474736e-09 0.567331347101 0.436882131596 0.999999897631 0.510139 0 0
180.5 16 12 1.09355720429 5.55293037262 9.54822798604e-09 0.567279003525 0.436922650519 0.999999905718 0.439497 0 0
180.6 17 12 1.09358685448 5.55305331453 3.66006247532e-09 0.567226732607 0.436963085519 0.999999939611 0.509086 0 0
180.7 16 12 1.0936127926 5.55409570319 9.70031743819e-09 0.567174552051 0.437003453341 0.99999990414 0.355023 0 0
180.8 17 12 1.09363886104 5.55492085387 3.50947071404e-09 0.567122481878 0.437043733481 0.999999905231 0.435305 0 0
180.9 16 12 1.09366519767 5.5560929265 9.81975012415e-09 0.567070545053 0.437083904338 0.999999896155 0.441623 0 0
181 17 12 1.09369244098 5.55605236462 3.82461573523e-09 0.56701875622 0.437123966167 0.99999992293 0.512124 0 0
181.1 16 12 1.09372051221 5.55724973929 9.80229941661e-09 0.566967098998 0.437163968716 0.999999919632 0.441622 0 0
181.2 17 12 1.09374801509 5.5575815823 4.18077383824e-09 0.566915597197 0.437203916872 0.999999913079 0.437695 0 0
181.3 16 12 1.0937756927 5.55886971415 9.74935598919e-09 0.566864285227 0.43724382059 0.999999901972 0.440097 0 0
181.4 17 12 1.09380048689 5.55908003028 4.46558789946e-09 0.566813128864 0.437283686781 0.999999887353 0.435492 0 0
181.5 16 12 1.09382504481 5.55983120114 9.69231073178e-09 0.566762155033 0.437323540548 0.999999904269 0.438822 0 0
181.6 17 12 1.09384977312 5.56006233658 4.60158589011e-09 0.566711378373 0.437363461229 0.999999899121 0.436882 0 0
181.7 17 12 1.09387402595 5.56138860316 4.59394478014e-09 0.566660813208 0.437403354866 0.999999896644 0.438755 0 0
181.8 17 12 1.09390322279 5.5621474516 4.60611027098e-09 0.566610462175 0.437443229673 0.999999931955 0.356918 0 0
181.9 16 12 1.09392856619 5.5629519689 9.71290936569e-09 0.566560320772 0.437483108014 0.99999990735 0.440451 0 0
182 17 12 1.09395650014 5.56327684277 4.50749981784e-09 0.566510382625 0.437522969377 0.999999910355 0.508084 0 0
182.1 17 12 1.09398369141 5.56408936936 4.4373497099e-09 0.566460639378 0.437562836535 0.999999906925 0.356491 0 0
182.2 17 12 1.09400796067 5.56483910284 4.34810343286e-09 0.566411103186 0.437602715053 0.999999900552 0.511824 0 0
182.3 17 12 1.09403170473 5.56610651702 4.23946466821e-09 0.56636178748 0.437642619318 0.999999896841 0.438828 0 0
182.4 17 12 1.09405720785 5.56719288738 4.09317502115e-09 0.566312662558 0.437682535206 0.999999896024 0.355702 0 0
182.5 16 12 1.09408193999 5.56771078124 9.9096008066e-09 0.566263747779 0.437722478877 0.999999902985 0.439041 0 0
182.6 17 12 1.09410685409 5.56806533003 3.84468579195e-09 0.566215047125 0.437762440403 0.999999906923 0.437074 0 0
182.7 17 12 1.09412858623 5.56884587183 3.65051455731e-09 0.566166544221 0.437802445138 0.999999896895 0.44209 0 0
182.8 17 12 1.09415295879 5.56965424101 3.50430395812e-09 0.566118249657 0.437842476035 0.999999901764 0.510415 0 0
182.9 17 12 1.09417718796 5.5708756145 3.35285854636e-09 0.566070150916 0.437882544065 0.999999912171 0.441318 0 0
183 17 12 1.09420272228 5.57191596417 3.18351356388e-09 0.566022230045 0.437922639092 0.999999922362 0.43908 0 0
183.1 16 12 1.09422675817 5.57305808879 9.90459847472e-09 0.565974493601 0.437962769583 0.9999999147 0.443048 0 0
183.2 16 12 1.09425115599 5.57348292651 9.85199277714e-09 0.565926941993 0.438002912156 0.999999893878 0.437213 0 0
183.3 17 12 1.0942759526 5.57415897589 3.01081726217e-09 0.565879568381 0.438043058411 0.99999990839 0.509064 0 0
183.4 16 12 1.09429660754 5.57464676122 9.86791937052e-09 0.565832373666 0.43808322269 0.999999899778 0.356492 0 0
183.5 17 12 1.09432109699 5.57524702858 3.16443826698e-09 0.565785337564 0.438123409351 0.999999921844 0.435654 0 0
183.6 17 12 1.09434203973 5.57605208244 3.23410942471e-09 0.565738460747 0.438163630969 0.999999897984 0.356419 0 0
183.7 17 12 1.09436333839 5.57719607216 3.29551574918e-09 0.565691742797 0.438203866042 0.999999898607 0.440983 0 0
183.8 17 12 1.09438302763 5.57779413168 3.34592875628e-09 0.565645187754 0.438244139173 0.999999918027 0.440189 0 0
183.9 17 12 1.09440526788 5.57830928801 3.37179828502e-09 0.565598783752 0.438284462297 0.999999927309 0.35832 0 0
184 17 12 1.09442837325 5.57914596532 3.40940575771e-09 0.565552518371 0.438324829056 0.999999927785 0.35693 0 0
184.1 17 12 1.09444938569 5.57978825173 3.40656181042e-09 0.565506386418 0.438365249446 0.999999894791 0.356247 0 0
184.2 17 12 1.09446916484 5.5801957273 3.39007433237e-09 0.565460394318 0.438405688335 0.999999905682 0.510152 0 0
184.3 17 12 1.09449009358 5.58062067161 3.35299732424e-09 0.56541452118 0.438446175957 0.999999906947 0.438804 0 0
184.4 17 12 1.09450730627 5.58093402442 3.29574245672e-09 0.565368791569 0.438486706596 0.999999895186 0.439916 0 0
184.5 17 12 1.09452520954 5.58135588788 3.21617843468e-09 0.565323181733 0.438527260291 0.999999907116 0.51156 0 0
184.6 17 12 1.09454281346 5.58195388218 3.20747917115e-09 0.56527768562 0.438567850201 0.999999908755 0.439899 0 0
184.7 17 12 1.09455896108 5.58184842587 3.40647721142e-09 0.565232309521 0.438608466523 0.999999875889 0.440561 0 0
184.8 17 12 1.09458065167 5.58248048288 3.60889229611e-09 0.56518705846 0.438649121914 0.999999922077 0.515162 0 0
184.9 17 12 1.09460153247 5.58322286295 3.76829334403e-09 0.565141913946 0.438689815807 0.999999934062 0.354503 0 0
185 17 12 1.09461926413 5.58333003448 3.95927313157e-09 0.565096884465 0.438730522719 0.999999902672 0.358612 0 0
185.1 17 12 1.09463263888 5.58369063391 4.08964129228e-09 0.565051977862 0.438771267739 0.999999882564 0.439091 0 0
185.2 17 12 1.0946490538 5.5838248458 4.19046519706e-09 0.565007175032 0.438812008438 0.999999910156 0.511861 0 0
185.3 17 12 1.09466331636 5.58423593916 4.2549791468e-09 0.564962483523 0.438852769863 0.999999882333 0.442369 0 0
185.4 17 12 1.09468179431 5.58385395369 4.23360135837e-09 0.564917883975 0.438893539858 0.999999913682 0.513049 0 0
185.5 17 12 1.09469920936 5.58411608495 4.2065394501e-09 0.56487339753 0.438934356605 0.999999922333 0.444801 0 0
185.6 17 12 1.09471540577 5.58408589395 4.05235489609e-09 0.564829021299 0.438975189628 0.999999915675 0.355251 0 0
185.7 17 12 1.09473088123 5.58396658784 3.89580456783e-09 0.56478476852 0.439016026606 0.999999898744 0.440421 0 0
185.8 17 12 1.09474764331 5.5842111784 3.63589214292e-09 0.564740634851 0.439056855065 0.999999920345 0.512711 0 0
185.9 17 12 1.09476024751 5.58416680347 3.36909633525e-09 0.564696638844 0.439097719146 0.999999897578 0.356108 0 0
186 17 12 1.09477285547 5.5836420421 3.02650071671e-09 0.564652768481 0.439138558989 0.999999908459 0.440653 0 0
186.1 17 13 1.09478431268 5.58374676982 2.71299094301e-09 0.564609052266 0.439179430205 0.99999990224 0.511313 0 0
186.2 17 12 1.09479951288 5.58300779275 2.6954801724e-09 0.5645654928 0.439220292112 0.999999902408 0.355601 0 0
186.3 17 12 1.09481592064 5.58280757484 2.41920816713e-09 0.564522108491 0.439261149078 0.999999923584 0.51089 0 0
186.4 17 13 1.09482954876 5.5830458777 3.30932647952e-09 0.564478920369 0.439302013683 0.99999990047 0.441513 0 0
186.5 17 12 1.09484272796 5.58251524298 2.8806140806e-09 0.564435930628 0.439342864515 0.999999891131 0.441069 0 0
186.6 17 12 1.09485403226 5.58242517105 3.34193017704e-09 0.564393132828 0.439383710834 0.999999899766 0.513814 0 0
186.7 17 12 1.09486650761 5.58231073287 2.96671376354e-09 0.564350553693 0.439424542856 0.999999917491 0.441253 0 0
186.8 17 12 1.09487770363 5.5820373012 2.93580793009e-09 0.564308203906 0.439465381222 0.999999905519 0.444103 0 0
186.9 17 12 1.09488859239 5.58152081543 2.88114965219e-09 0.564266078498 0.439506236038 0.999999904875 0.438934 0 0
187 17 12 1.0948963741 5.58114367993 2.67934630038e-09 0.564224220433 0.439547106845 0.999999886509 0.358313 0 0
187.1 17 12 1.0949062412 5.58059085389 2.82976075905e-09 0.564182626434 0.439587940991 0.999999899237 0.511494 0 0
187.2 17 12 1.09492025862 5.58022363648 2.77406497773e-09 0.564141305488 0.439628771872 0.999999914039 0.512271 0 0
187.3 17 12 1.09493234609 5.58016453014 2.71118383299e-09 0.564100271922 0.439669611058 0.999999906482 0.440359 0 0
187.4 17 12 1.09494670854 5.57990614325 2.42475040046e-09 0.564059526595 0.439710438446 0.999999905337 0.356025 0 0
187.5 17 12 1.09496028441 5.57967672372 2.36636621409e-09 0.564019081556 0.439751262004 0.999999923656 0.512212 0 0
187.6 17 12 1.09497054264 5.57919479158 2.39664865731e-09 0.563978934511 0.43979208667 0.999999895914 0.440432 0 0
187.7 17 12 1.09498611214 5.57922986397 2.21922313859e-09 0.563939117362 0.43983291157 0.999999941134 0.439018 0 0
187.8 17 12 1.09499670725 5.57874732177 2.47170028889e-09 0.563899602117 0.439873738176 0.999999885351 0.440379 0 0
187.9 17 12 1.09501082864 5.57874713045 2.30010077651e-09 0.563860388668 0.439914534928 0.999999930681 0.512934 0 0
188 17 12 1.09502211078 5.5784287984 2.37280861626e-09 0.563821471866 0.439955338059 0.999999912408 0.355881 0 0
188.1 17 12 1.09503529771 5.5783201769 2.44301678887e-09 0.563782851853 0.439996131966 0.999999902195 0.511097 0 0
188.2 17 13 1.09504948219 5.57873535462 2.50709109029e-09 0.563744503962 0.440036904818 0.999999923403 0.511118 0 0
188.3 17 12 1.09506031503 5.57815494954 2.56840737567e-09 0.563706389344 0.44007769839 0.999999903519 0.512235 0 0
188.4 17 12 1.0950701547 5.57829305371 2.6244123541e-09 0.563668489334 0.440118462749 0.999999902657 0.440786 0 0
188.5 17 12 1.09508292059 5.57849508336 2.67663724518e-09 0.56363076237 0.440159228753 0.999999909835 0.356421 0 0
188.6 17 12 1.09509249954 5.57883372463 2.72440692228e-09 0.563593147979 0.440200075166 0.99999991131 0.359863 0 0
188.7 17 12 1.09510191292 5.57831258758 2.76887879291e-09 0.563555598853 0.440240880528 0.999999906261 0.441077 0 0
188.8 17 12 1.09511586164 5.57811574071 2.80795686702e-09 0.563518090495 0.440281677175 0.999999913539 0.440835 0 0
188.9 17 12 1.09512342664 5.57825642025 2.84423096186e-09 0.563480553783 0.440322469617 0.999999882861 0.512414 0 0
189 17 12 1.09513525495 5.57815001712 2.87530976806e-09 0.563442934567 0.440363219428 0.999999886363 0.511533 0 0
189.1 17 12 1.09514749644 5.57858019056 2.9021669512e-09 0.563405183309 0.44040397716 0.999999923463 0.513752 0 0
189.2 17 12 1.09515885241 5.57911420043 2.93873569923e-09 0.56336723486 0.440444731564 0.999999911328 0.359088 0 0
189.3 17 12 1.09517217584 5.57898568937 3.01044067452e-09 0.56332906626 0.440485481167 0.999999930456 0.513245 0 0
189.4 17 12 1.09518515881 5.57928297291 3.16200643447e-09 0.563290632876 0.440526235329 0.99999991055 0.441006 0 0
189.5 17 12 1.09519943845 5.57969024843 3.21679338722e-09 0.563251910639 0.440566974822 0.99999991308 0.439237 0 0
189.6 17 12 1.09520998806 5.58048937124 3.29896965301e-09 0.563212842535 0.44060770447 0.999999920498 0.442347 0 0
189.7 17 12 1.09522281415 5.58087834462 3.39210681766e-09 0.563173413208 0.440648439704 0.999999934988 0.439813 0 0
189.8 17 12 1.09523329887 5.58134125807 3.42861683489e-09 0.563133603233 0.440689156238 0.99999990582 0.357952 0 0
189.9 17 12 1.0952443845 5.58206532689 3.48902251535e-09 0.563093415382 0.440729863154 0.999999888644 0.440297 0 0
190 17 12 1.09525686074 5.58270526907 3.51965001588e-09 0.563052839576 0.440770555048 0.999999928351 0.438955 0 0
190.1 17 12 1.09526938031 5.58354293712 3.56134433055e-09 0.563011888745 0.440811253318 0.999999929621 0.439861 0 0
190.2 17 12 1.09528185982 5.58430758979 3.56576790317e-09 0.562970570655 0.440851947167 0.999999933753 0.3557 0 0
190.3 17 12 1.09529229451 5.58495565973 3.56460583273e-09 0.562928901674 0.44089263462 0.999999922077 0.441428 0 0
190.4 17 12 1.09529992668 5.58565425635 3.56876228569e-09 0.562886907867 0.440933296362 0.999999915888 0.358581 0 0
190.5 17 12 1.09530946853 5.58660097893 3.53433093903e-09 0.562844630824 0.440973949296 0.999999918933 0.439063 0 0
190.6 17 12 1.09531686933 5.58755789747 3.47893969188e-09 0.56280209079 0.441014594954 0.999999906071 0.365091 0 0
190.7 17 12 1.09532620292 5.58792669834 3.46457473821e-09 0.56275932687 0.441055228799 0.999999934043 0.440951 0 0
190.8 17 12 1.09533799178 5.58906520243 3.32854088736e-09 0.562716389607 0.441095879542 0.999999914218 0.357164 0 0
190.9 17 12 1.09534762476 5.58967496312 3.29181215619e-09 0.562673314388 0.441136501055 0.999999916248 0.440079 0 0
191 17 12 1.09535746558 5.59033075287 3.13528170093e-09 0.562630129383 0.441177113165 0.999999913521 0.44057 0 0
191.1 17 12 1.09536654655 5.59127894739 3.02802627417e-09 0.562586872325 0.44121771259 0.99999991553 0.440959 0 0
191.2 17 12 1.09537808576 5.5919739765 2.8935066565e-09 0.562543606704 0.441258316559 0.999999912211 0.355532 0 0
191.3 17 12 1.0953920574 5.59051194465 2.68733324482e-09 0.562500346829 0.441298922286 0.99999993197 0.511897 0 0
191.4 17 13 1.09540067813 5.59137660118 2.56818433186e-09 0.56245713437 0.441339515836 0.999999882954 0.441621 0 0
191.5 17 12 1.09541427131 5.59211638519 2.33563401952e-09 0.562413999538 0.44138009343 0.999999920954 0.439834 0 0
191.6 17 12 1.09542711526 5.59297327502 2.16988438329e-09 0.562370987861 0.441420674172 0.99999992853 0.356846 0 0
191.7 17 12 1.09543776552 5.59382293644 1.98245797556e-09 0.562328122142 0.441461251784 0.999999920199 0.441369 0 0
191.8 17 12 1.09544711119 5.59464674208 2.01564731572e-09 0.562285438725 0.441501810954 0.999999908705 0.358229 0 0
191.9 17 12 1.09545791199 5.59522360963 2.26582319574e-09 0.562242982445 0.441542360381 0.999999915296 0.442287 0 0
192 17 12 1.09546527138 5.5959354309 2.46007592075e-09 0.56220075437 0.441582897208 0.999999896077 0.358181 0 0
192.1 17 12 1.09547663134 5.59690142059 2.49751719306e-09 0.562158778666 0.441623374258 0.999999910742 0.513836 0 0
192.2 17 12 1.09548129367 5.59737925948 2.49432885457e-09 0.562117087433 0.441663842334 0.999999884615 0.358175 0 0
192.3 17 12 1.09548989174 5.59813974025 2.29982366484e-09 0.562075693025 0.441704272107 0.999999905978 0.51427 0 0
192.4 17 12 1.09549942099 5.59916733729 2.35264996373e-09 0.562034619753 0.441744687416 0.999999913978 0.512926 0 0
192.5 17 12 1.09550636948 5.59989317966 2.29465957347e-09 0.561993875732 0.441785084031 0.99999989807 0.362845 0 0
192.6 17 12 1.09551492535 5.60062774497 2.30898744569e-09 0.561953488132 0.441825499319 0.999999915112 0.439951 0 0
192.7 17 12 1.09552119355 5.60108359794 2.4588669989e-09 0.561913456226 0.441865997308 0.99999988657 0.3562 0 0
192.8 17 12 1.09552620734 5.60158124236 2.31889585312e-09 0.561873808035 0.441906453559 0.999999901689 0.513531 0 0
192.9 17 12 1.09553419969 5.6022636675 2.15536577475e-09 0.561834536438 0.441946900784 0.99999991315 0.439932 0 0
193 17 12 1.09553908188 5.60330618261 2.26300567174e-09 0.56179565367 0.441987334016 0.999999894243 0.441405 0 0
193.1 17 12 1.09554384191 5.60364629175 2.4072582816e-09 0.561757164665 0.442027783651 0.999999901785 0.356031 0 0
193.2 17 12 1.09554971642 5.60426057204 2.18785112249e-09 0.561719086795 0.442068179563 0.999999911114 0.5166 0 0
193.3 17 12 1.09555818962 5.60487211987 2.03901828755e-09 0.561681417402 0.44210856958 0.999999915959 0.512295 0 0
193.4 17 12 1.09556352336 5.60534627742 1.88628035414e-09 0.561644167118 0.442148948348 0.999999895905 0.441073 0 0
193.5 17 12 1.09556758727 5.60596412482 2.11097839209e-09 0.561607307823 0.442189319688 0.999999919877 0.514501 0 0
193.6 17 12 1.09557312603 5.60629116024 2.2601460703e-09 0.561570849517 0.442229659578 0.999999899291 0.440585 0 0
193.7 17 12 1.09557308146 5.60681714295 2.17288242954e-09 0.561534793938 0.442269975896 0.999999886488 0.439887 0 0
193.8 17 12 1.09557782588 5.60713659436 2.14828044243e-09 0.561499122882 0.442310285356 0.999999900416 0.441208 0 0
193.9 17 12 1.09558253588 5.60762588828 1.94817684207e-09 0.561463832708 0.442350564609 0.999999909131 0.512981 0 0
194 17 12 1.09558189596 5.60774499483 1.78710879428e-09 0.561428921916 0.442390858017 0.999999890999 0.44008 0 0
194.1 17 12 1.09558252893 5.60806367786 1.79481540741e-09 0.561394375726 0.44243110936 0.999999901503 0.439851 0 0
194.2 17 12 1.09558980722 5.60863991928 1.84625947863e-09 0.561360172704 0.442471353988 0.999999921523 0.439778 0 0
194.3 17 12 1.09559085705 5.60889225901 1.88968174442e-09 0.561326306032 0.442511587859 0.999999891306 0.440992 0 0
194.4 17 12 1.09559566679 5.60911427749 1.92733906612e-09 0.561292773303 0.442551818036 0.999999898599 0.439495 0 0
194.5 17 12 1.09560215072 5.60943994785 1.95670812886e-09 0.561259545429 0.442592051251 0.999999927744 0.438198 0 0
194.6 17 12 1.09560732607 5.60941618036 1.9786141614e-09 0.561226597809 0.442632273179 0.999999904459 0.438917 0 0
194.7 17 12 1.09560931372 5.60961153432 1.99342919949e-09 0.561193927836 0.442672493681 0.999999888404 0.512701 0 0
194.8 17 12 1.09561144044 5.60969939916 2.01244920728e-09 0.561161521895 0.442712694437 0.999999888029 0.511962 0 0
194.9 17 12 1.09561233849 5.60997410381 2.23378771036e-09 0.561129367816 0.442752893094 0.999999879777 0.513782 0 0
195 17 12 1.09561247392 5.61003719855 2.3690513995e-09 0.561097430851 0.442793094478 0.999999894272 0.442256 0 0
195.1 17 12 1.09561851831 5.6102456412 2.6353580429e-09 0.561065717125 0.442833297829 0.999999933169 0.440235 0 0
195.2 17 12 1.09562038157 5.61012473766 2.73200384537e-09 0.561034201376 0.44287352452 0.999999911842 0.443198 0 0
195.3 17 12 1.09562872029 5.61027678522 2.95393964844e-09 0.561002872784 0.442913748631 0.999999931772 0.5142 0 0
195.4 17 12 1.09563437929 5.6105929237 3.08482539513e-09 0.560971698593 0.442953973374 0.99999990281 0.357923 0 0
195.5 17 12 1.09564127567 5.61183196556 3.197402898e-09 0.560940664819 0.442994170644 0.999999923166 0.357859 0 0
195.6 17 12 1.09564703092 5.61174644711 3.3345112227e-09 0.560909777045 0.443034369019 0.999999915034 0.440347 0 0
195.7 17 12 1.09564876966 5.61155705593 3.3724527615e-09 0.560879025139 0.443074557943 0.999999903596 0.440019 0 0
195.8 17 12 1.0956541957 5.61131975495 3.45333284191e-09 0.560848386562 0.443114751326 0.999999920472 0.439431 0 0
195.9 17 12 1.09565692688 5.61100284217 3.44766593052e-09 0.560817849617 0.443154945274 0.999999921745 0.441883 0 0
196 17 12 1.09566150158 5.61082475831 3.42604578041e-09 0.560787406536 0.443195118997 0.999999914393 0.512322 0 0
196.1 17 12 1.09566801647 5.61075505287 3.38520977916e-09 0.560757032553 0.443235285661 0.999999922509 0.440072 0 0
196.2 17 12 1.09567556489 5.61081025299 3.29353277984e-09 0.560726726765 0.443275443434 0.999999919657 0.441819 0 0
196.3 17 12 1.09568425208 5.61057300821 3.18896831164e-09 0.560696485002 0.443315595496 0.999999925669 0.356056 0 0
196.4 17 12 1.09569324735 5.61062261374 3.03188529838e-09 0.560666291754 0.443355707408 0.999999932653 0.356737 0 0
196.5 17 12 1.09569788458 5.6102354843 2.87895818296e-09 0.56063615999 0.443395808372 0.999999908549 0.439492 0 0
196.6 17 12 1.09570373326 5.61006794122 2.70345112963e-09 0.560606079957 0.443435853358 0.999999906252 0.512611 0 0
196.7 17 12 1.09571184857 5.60981536821 2.48838938344e-09 0.560576039871 0.443475882967 0.999999924791 0.440485 0 0
196.8 17 13 1.09572251214 5.6101227807 2.31411900753e-09 0.560546051071 0.443515905308 0.999999927051 0.440543 0 0
196.9 17 12 1.09573046055 5.61046176192 2.0924069144e-09 0.560516095976 0.44355589627 0.99999991041 0.357787 0 0
197 17 12 1.0957382355 5.60981991525 1.89859961086e-09 0.560486184789 0.443595858266 0.999999921425 0.440498 0 0
197.1 17 12 1.09574776035 5.60946004254 1.72208347582e-09 0.560456329516 0.443635793214 0.999999917292 0.439379 0 0
197.2 17 12 1.09576046091 5.60941287116 1.50991352754e-09 0.560426508669 0.443675691829 0.999999928127 0.511965 0 0
197.3 17 12 1.09576966226 5.60901178357 1.50928036735e-09 0.56039673246 0.443715579606 0.999999911228 0.438958 0 0
197.4 17 12 1.09578243609 5.60887667276 1.5148007293e-09 0.56036701519 0.443755427522 0.999999913074 0.512612 0 0
197.5 17 12 1.09579142043 5.60859534416 1.56290247411e-09 0.560337356535 0.44379526017 0.999999916863 0.439827 0 0
197.6 17 12 1.09580297502 5.60831771426 1.6384514856e-09 0.560307757499 0.443835050022 0.99999993317 0.441396 0 0
197.7 17 12 1.09581302417 5.60790191689 1.8073993413e-09 0.560278238492 0.443874806018 0.999999894966 0.359324 0 0
197.8 17 12 1.09582623283 5.60804812486 1.90104065823e-09 0.560248793011 0.443914505475 0.999999907226 0.511902 0 0
197.9 17 12 1.09584100044 5.60747815455 1.71799718895e-09 0.560219421809 0.443954173467 0.99999995042 0.445034 0 0
198 17 12 1.09585228609 5.60728416572 1.82745885091e-09 0.560190152794 0.443993807642 0.999999902975 0.356431 0 0
198.1 17 12 1.09586472065 5.60699741789 1.73269421033e-09 0.560160995706 0.444033381872 0.999999904893 0.439768 0 0
198.2 17 12 1.09587680736 5.60668698737 1.84097903588e-09 0.560131951352 0.444072924167 0.999999900651 0.510723 0 0
198.3 17 12 1.09589048873 5.60644194093 1.90330129435e-09 0.56010303623 0.444112422538 0.999999909628 0.512743 0 0
198.4 17 12 1.09590882896 5.60605424604 1.835449015e-09 0.560074255415 0.444151868201 0.999999927573 0.438525 0 0
198.5 17 12 1.095923824 5.60581881235 1.76827441578e-09 0.560045619773 0.444191264387 0.999999916178 0.354166 0 0
198.6 17 12 1.09594241868 5.60595277965 1.83098403106e-09 0.560017131957 0.4442306237 0.999999927543 0.441453 0 0
198.7 17 12 1.09596249958 5.60597361324 1.7377930206e-09 0.559988806283 0.444269961941 0.999999941561 0.35815 0 0
198.8 17 12 1.09598033783 5.60559040564 1.94208715776e-09 0.559960643666 0.444309265621 0.999999932091 0.359729 0 0
198.9 17 12 1.09599756311 5.60557817235 1.99640948217e-09 0.559932652711 0.444348538984 0.999999920564 0.440086 0 0
199 17 12 1.09601636559 5.60528942376 1.80496972924e-09 0.559904852909 0.444387787656 0.999999926964 0.438594 0 0
199.1 17 12 1.09603477813 5.60521172984 1.77953007885e-09 0.559877222627 0.44442700189 0.999999916279 0.440347 0 0
199.2 17 12 1.09605559075 5.60516387394 1.84405302139e-09 0.559849792056 0.444466176392 0.999999927698 0.512355 0 0
199.3 17 12 1.09607242349 5.60515982245 1.87112192407e-09 0.559822535694 0.444505332972 0.999999900956 0.440182 0 0
199.4 17 12 1.09609557573 5.60509051848 2.0118599009e-09 0.559795457881 0.44454445781 0.999999935485 0.51085 0 0
199.5 17 12 1.09611522811 5.60531353612 1.83491855044e-09 0.559768548489 0.444583558587 0.999999904284 0.442132 0 0
199.6 17 12 1.09613862603 5.6051716724 1.68304403747e-09 0.559741805116 0.444622629271 0.999999929536 0.511761 0 0
199.7 17 12 1.09616047996 5.60556179502 1.72689418321e-09 0.559715204363 0.444661684203 0.999999922832 0.357026 0 0
199.8 17 12 1.09618065299 5.60536783219 1.83052017988e-09 0.559688689799 0.444700732758 0.999999910765 0.439913 0 0
199.9 17 12 1.09620187643 5.60553979891 1.64838176442e-09 0.559662265851 0.444739767074 0.999999920053 0.513632 0 0
200 17 12 1.09622189674 5.60574049036 1.79009540524e-09 0.55963590361 0.444778785909 0.999999920715 0.440095 0 0
200.1 17 12 1.09624426922 5.60620447921 1.64489666332e-09 0.559609568165 0.444817785924 0.999999916255 0.513645 0 0
200.2 17 12 1.0962666886 5.60626455094 1.84056947461e-09 0.559583228307 0.444856785146 0.999999930948 0.43786 0 0
200.3 17 12 1.09629113924 5.60670355037 1.92581550706e-09 0.559556861746 0.444895761326 0.999999925662 0.439668 0 0
200.4 17 12 1.09631534984 5.60708365021 1.80383330495e-09 0.559530410116 0.444934726304 0.999999926514 0.440516 0 0
200.5 17 12 1.09633710847 5.60740094556 1.65731295354e-09 0.559503851669 0.444973678784 0.99999991059 0.358135 0 0
200.6 17 12 1.09636299474 5.60775690037 1.69795855154e-09 0.559477148401 0.445012611738 0.999999934428 0.43987 0 0
200.7 17 12 1.09638905579 5.60846030254 1.73460135144e-09 0.559450253057 0.445051528178 0.999999941837 0.356832 0 0
200.8 17 12 1.0964117013 5.60868882007 1.76594960877e-09 0.559423145093 0.445090435663 0.999999926123 0.356604 0 0
200.9 17 12 1.09643492224 5.60921044324 1.79261971933e-09 0.559395781234 0.445129312745 0.999999935026 0.510332 0 0
201 17 12 1.09645796447 5.60961555145 1.81456349946e-09 0.559368143926 0.445168170474 0.99999990784 0.511598 0 0
201.1 17 12 1.09647984848 5.61044282475 1.83153214817e-09 0.559340227006 0.44520701078 0.999999917791 0.441763 0 0
201.2 17 12 1.0965011447 5.61095975618 1.8444025196e-09 0.559311995022 0.445245844586 0.99999990774 0.4382 0 0
201.3 17 12 1.09652580206 5.61113516083 1.85338766556e-09 0.559283424542 0.445284632796 0.999999919859 0.51253 0 0
201.4 17 12 1.09655187552 5.61193419551 1.94189264668e-09 0.559254494754 0.445323428986 0.999999928761 0.440005 0 0
201.5 17 12 1.09657579996 5.6121106519 2.02564154339e-09 0.559225215225 0.445362215045 0.999999908356 0.441666 0 0
201.6 17 12 1.09660223492 5.61267063804 2.22873841604e-09 0.559195578241 0.445400979274 0.999999929506 0.511793 0 0
201.7 17 12 1.09662639974 5.61320168609 2.27389684859e-09 0.559165582729 0.445439749122 0.999999937452 0.357995 0 0
201.8 17 12 1.09664977569 5.61368086754 2.46272002791e-09 0.559135227717 0.445478512497 0.999999915034 0.441737 0 0
201.9 17 12 1.09667217746 5.61402507181 2.46393339065e-09 0.55910452098 0.445517240992 0.999999892957 0.438216 0 0
202 17 12 1.09669453134 5.61435219699 2.60072685609e-09 0.559073460385 0.445555970374 0.99999991355 0.510518 0 0
202.1 17 12 1.09671560501 5.61511196483 2.61124621925e-09 0.55904206575 0.445594686084 0.999999906676 0.440212 0 0
202.2 17 12 1.09674173572 5.61521507673 2.61628452236e-09 0.559010362506 0.445633394305 0.999999941846 0.440818 0 0
202.3 17 12 1.09676453252 5.6156764927 2.67353739147e-09 0.558978340594 0.445672101717 0.999999904124 0.441137 0 0
202.4 17 12 1.09678758239 5.61618761763 2.57109855628e-09 0.558946034448 0.445710790978 0.999999923141 0.442363 0 0
202.5 17 12 1.09681029544 5.61642780236 2.55679588612e-09 0.558913469281 0.445749497548 0.999999910093 0.357716 0 0
202.6 17 12 1.09683395521 5.61682183725 2.49415776921e-09 0.558880669573 0.445788133284 0.9999999406 0.440983 0 0
202.7 17 12 1.09685557949 5.61728328446 2.36475872217e-09 0.558847637753 0.445826762808 0.999999916508 0.44022 0 0
202.8 17 12 1.09687608906 5.61758390851 2.27841112643e-09 0.558814406081 0.445865378026 0.99999990518 0.442383 0 0
202.9 17 12 1.09689511208 5.6180115955 2.14555639921e-09 0.558780992797 0.445903975166 0.999999899821 0.513771 0 0
203 17 12 1.09691964999 5.61833118938 2.00127348027e-09 0.558747422784 0.445942539222 0.999999930394 0.438718 0 0
203.1 17 12 1.09693987076 5.61872131067 1.87944559915e-09 0.558713729114 0.445981107037 0.999999907284 0.441293 0 0
203.2 17 12 1.09696273932 5.61894614494 1.79512626985e-09 0.558679936434 0.446019638596 0.99999992862 0.440222 0 0
203.3 17 12 1.09698465334 5.61889814263 1.78793946315e-09 0.558646041447 0.446058166132 0.999999910801 0.356822 0 0
203.4 17 12 1.09700605419 5.61925277712 1.77939685209e-09 0.558612069509 0.446096651047 0.999999911833 0.439339 0 0
203.5 17 12 1.09702886561 5.61944838073 1.77093284481e-09 0.55857806613 0.446135104915 0.999999937932 0.441684 0 0
203.6 17 12 1.09705101048 5.61995292998 1.75921810452e-09 0.558544044698 0.446173517676 0.999999921132 0.358122 0 0
203.7 17 12 1.09707453281 5.62029093329 1.74903735939e-09 0.558510044359 0.446211880519 0.999999929732 0.439615 0 0
203.8 17 12 1.09709735551 5.62023772093 1.7361752036e-09 0.558476067371 0.44625021483 0.999999914424 0.442512 0 0
203.9 17 12 1.0971173344 5.62052879234 1.72395819842e-09 0.55844213897 0.446288529137 0.999999925192 0.4397 0 0
204 17 12 1.09713544225 5.62085021328 1.71552216877e-09 0.558408294033 0.446326798978 0.999999936228 0.511284 0 0
204.1 17 12 1.0971577066 5.6211810876 1.71382541492e-09 0.558374546602 0.446365026037 0.999999949563 0.440882 0 0
204.2 17 12 1.09717383358 5.62147901316 1.71111913527e-09 0.558340901467 0.446403240025 0.999999913554 0.356059 0 0
204.3 17 12 1.09718592467 5.62159808034 1.70728298166e-09 0.558307377373 0.446441408117 0.999999915868 0.512477 0 0
204.4 17 12 1.09720377701 5.62181363501 1.70228886542e-09 0.55827398323 0.446479541747 0.999999913901 0.438987 0 0
204.5 17 12 1.09722194698 5.62203114359 1.69603064926e-09 0.558240715741 0.446517654192 0.999999921724 0.515967 0 0
204.6 17 12 1.09724259923 5.62229535229 1.68847735793e-09 0.558207599481 0.446555730753 0.999999938266 0.511735 0 0
204.7 17 12 1.09725897113 5.62256458696 1.67954905539e-09 0.558174640474 0.44659380605 0.999999930234 0.356547 0 0
204.8 17 12 1.09727688472 5.62279685721 1.6692356386e-09 0.558141845977 0.446631810685 0.999999924131 0.439161 0 0
204.9 17 12 1.09729689994 5.62309102996 1.65750035919e-09 0.55810921008 0.446669785807 0.999999948367 0.511744 0 0
205 17 13 1.09731425247 5.62381493201 1.65835156718e-09 0.558076740619 0.44670772462 0.999999933504 0.439174 0 0
205.1 17 12 1.09732498235 5.62346979806 1.66731317641e-09 0.558044433975 0.446745633267 0.999999902334 0.356229 0 0
205.2 17 12 1.09734222818 5.62366704947 1.67958169595e-09 0.558012282517 0.446783496153 0.999999924674 0.512479 0 0
205.3 17 12 1.0973561061 5.62393447301 1.69501257474e-09 0.557980300524 0.446821321189 0.999999941283 0.357162 0 0
205.4 17 12 1.09737337602 5.62410898104 1.71285174932e-09 0.55794846717 0.446859099664 0.999999919325 0.443599 0 0
205.5 17 12 1.09739088803 5.6244215966 1.73397873837e-09 0.557916776698 0.446896851999 0.999999930141 0.439466 0 0
205.6 17 12 1.09740750144 5.62459693343 1.75703118721e-09 0.557885227359 0.446934568172 0.999999916552 0.441002 0 0
205.7 17 12 1.0974234653 5.62464725359 1.78197301359e-09 0.557853816939 0.446972238323 0.999999925417 0.440869 0 0
205.8 17 12 1.09743788197 5.62488441215 1.80845305398e-09 0.557822529968 0.447009861177 0.999999919272 0.438482 0 0
205.9 17 12 1.09745267492 5.6250741848 2.04216843436e-09 0.557791376055 0.447047432579 0.999999912863 0.511281 0 0
206 17 12 1.09746961294 5.62516603731 1.8631547416e-09 0.557760343368 0.44708494435 0.999999930756 0.442454 0 0
206.1 17 12 1.0974792133 5.62543833194 1.89045001875e-09 0.55772940168 0.447122426702 0.999999919642 0.356053 0 0
206.2 17 12 1.09748950873 5.62558670003 1.91661808646e-09 0.557698535183 0.447159837202 0.999999895282 0.439165 0 0
206.3 17 12 1.097503552 5.62552341808 1.94109095464e-09 0.557667726417 0.447197206877 0.999999929982 0.512487 0 0
206.4 17 12 1.09751824631 5.62599412324 1.96377536454e-09 0.557636959843 0.447234552222 0.999999927622 0.440999 0 0
206.5 17 12 1.09753561606 5.62588966453 1.98339944468e-09 0.557606239639 0.447271834122 0.999999952632 0.440914 0 0
206.6 17 12 1.09754936152 5.62606981675 2.00007799211e-09 0.557575524957 0.447309081857 0.999999933158 0.356766 0 0
206.7 17 12 1.09756022681 5.62609224994 2.01324190652e-09 0.557544825367 0.447346274786 0.999999921093 0.442888 0 0
206.8 17 13 1.0975692946 5.62654004585 2.02227412593e-09 0.557514121887 0.447383427068 0.999999921356 0.440409 0 0
206.9 17 12 1.09758014524 5.62647597791 2.02826677675e-09 0.557483414739 0.447420527443 0.999999919179 0.441272 0 0
207 17 12 1.09758533495 5.62622068372 2.02930106052e-09 0.557452687046 0.447457581188 0.999999908016 0.443168 0 0
207.1 17 12 1.09759535374 5.62629765727 2.02749583789e-09 0.557421933209 0.447494590067 0.999999919087 0.440369 0 0
207.2 17 12 1.09760871932 5.62644054174 2.02168681795e-09 0.557391137684 0.44753153309 0.999999947262 0.440291 0 0
207.3 17 12 1.09761834428 5.62647119087 2.01319738657e-09 0.557360277743 0.447568443756 0.999999928267 0.441013 0 0
207.4 17 12 1.09762841564 5.62641191877 2.00187277866e-09 0.557329332155 0.447605316763 0.999999911015 0.511777 0 0
207.5 17 12 1.09763689285 5.62667610378 1.98876559665e-09 0.557298284951 0.447642166616 0.999999924351 0.44175 0 0
207.6 17 12 1.09764591972 5.62632869998 1.97437777238e-09 0.557267150587 0.447678965263 0.999999917574 0.439997 0 0
207.7 17 12 1.09765637791 5.62635480086 1.95951610493e-09 0.557235908592 0.447715744098 0.999999939379 0.439477 0 0
207.8 17 12 1.0976674121 5.62633364503 1.94445948232e-09 0.557204537831 0.447752480491 0.999999932604 0.357019 0 0
207.9 17 12 1.09767819692 5.62629752918 1.93014071392e-09 0.557173026145 0.447789181475 0.999999935417 0.357231 0 0
208 17 12 1.09768909079 5.62626316995 1.91806037719e-09 0.55714136526 0.44782583922 0.999999942264 0.441979 0 0
208.1 17 12 1.09769601345 5.62622427356 1.94798599473e-09 0.557109547993 0.447862460206 0.999999915377 0.440611 0 0
208.2 17 12 1.09770316597 5.62631328291 2.00902272596e-09 0.55707758352 0.447899038114 0.999999917453 0.512722 0 0
208.3 17 12 1.09770867304 5.62609546334 2.09249839678e-09 0.557045455527 0.447935589943 0.999999931119 0.441004 0 0
208.4 17 12 1.09771383076 5.62567938249 2.13864759235e-09 0.557013153842 0.447972090656 0.999999908986 0.440301 0 0
208.5 17 12 1.0977184884 5.62568596173 2.18336582147e-09 0.556980684259 0.448008568601 0.999999926389 0.440187 0 0
208.6 17 12 1.09772497704 5.62540065682 2.21736129458e-09 0.556948038931 0.448045009849 0.999999927326 0.440393 0 0
208.7 17 12 1.09773317683 5.6254824224 2.20924745165e-09 0.556915219584 0.448081416895 0.999999951402 0.356389 0 0
208.8 17 12 1.09773971679 5.6253770824 2.20811446905e-09 0.556882210401 0.448117776096 0.999999948167 0.44052 0 0
208.9 17 12 1.09774479759 5.62517153259 2.19245943622e-09 0.556849028491 0.448154113026 0.999999911725 0.359059 0 0
209 17 12 1.09775096783 5.6250811073 2.14555606615e-09 0.55681567484 0.448190396285 0.999999920707 0.356653 0 0
209.1 17 12 1.09775572192 5.62481351065 2.11407347184e-09 0.556782144338 0.448226628329 0.999999935806 0.511773 0 0
209.2 17 12 1.09776041186 5.62464500312 2.0521635502e-09 0.556748454978 0.448262828494 0.999999915434 0.439161 0 0
209.3 17 12 1.09776190905 5.62469887658 2.00028060782e-09 0.556714606008 0.448298971099 0.999999908165 0.439691 0 0
209.4 17 12 1.09776377139 5.62416812955 1.96044247502e-09 0.556680620583 0.448335080435 0.999999908998 0.509744 0 0
209.5 17 12 1.09776982592 5.62405853506 1.96899352378e-09 0.556646481664 0.448371134738 0.999999928179 0.441014 0 0
209.6 17 12 1.09776802282 5.62372766305 1.97598903906e-09 0.556612192323 0.448407138629 0.999999924853 0.439402 0 0
209.7 17 12 1.09776995817 5.6238762794 1.98151028918e-09 0.55657778036 0.448443072614 0.999999930261 0.357723 0 0
209.8 17 12 1.09777269093 5.62363353431 1.98471117319e-09 0.556543224527 0.448478947109 0.999999923302 0.442189 0 0
209.9 17 12 1.09777444758 5.62327984486 1.98575622612e-09 0.55650854329 0.448514762951 0.999999917214 0.440505 0 0
210 17 12 1.0977699031 5.62303955782 1.9838296561e-09 0.556473771241 0.448550518154 0.999999889407 0.359748 0 0
210.1 17 12 1.09777138163 5.6229554777 1.98017280351e-09 0.55643888903 0.448586201184 0.999999921904 0.441425 0 0
210.2 17 12 1.09777071549 5.62300125186 1.97361615939e-09 0.556403892082 0.448621827848 0.999999923475 0.439728 0 0
210.3 17 12 1.09776774983 5.62314206782 1.96494842619e-09 0.556368763794 0.44865738966 0.999999918966 0.511101 0 0
210.4 17 12 1.09776869699 5.62300172325 1.95417448889e-09 0.556333507131 0.448692961758 0.999999922967 0.512089 0 0
210.5 17 12 1.09776712348 5.62297947698 1.94100935325e-09 0.556298106732 0.448728468993 0.999999930076 0.511787 0 0
210.6 17 12 1.09776768421 5.6229442278 1.92712645841e-09 0.556262556048 0.448763915693 0.999999935256 0.35706 0 0
210.7 17 12 1.09776727033 5.62311972357 1.91040416819e-09 0.556226849559 0.448799314222 0.999999948366 0.439391 0 0
210.8 17 12 1.09776726185 5.62335221065 1.89429871789e-09 0.556190972718 0.448834637532 0.999999933445 0.35514 0 0
210.9 17 12 1.09776468839 5.62360340016 1.87536564056e-09 0.556154922605 0.448869922045 0.999999909904 0.357083 0 0
211 17 12 1.09776349883 5.6237279414 1.85755621995e-09 0.556118669105 0.448905118702 0.999999939514 0.514391 0 0
211.1 17 12 1.09776301194 5.62368155487 1.83845072499e-09 0.55608220495 0.44894023702 0.999999941059 0.439864 0 0
211.2 17 12 1.09776160772 5.62391283214 1.81905146501e-09 0.55604552218 0.448975299961 0.999999929542 0.356277 0 0
211.3 17 12 1.09776124644 5.62420192092 1.82143566896e-09 0.556008612322 0.449010264031 0.99999994027 0.356138 0 0
211.4 17 12 1.0977587091 5.62449486859 1.87676763019e-09 0.555971471634 0.449045154823 0.999999919344 0.439777 0 0
211.5 17 12 1.09775396631 5.62480673736 1.76285608333e-09 0.555934104679 0.449079954539 0.999999924278 0.357039 0 0
211.6 17 12 1.09775536008 5.62493140913 1.74408487652e-09 0.555896494313 0.449114676235 0.999999921256 0.514058 0 0
211.7 17 12 1.09775332788 5.62549780161 1.72601588577e-09 0.555858638195 0.449149333208 0.99999992512 0.442078 0 0
211.8 17 13 1.09775307205 5.62617136394 1.70763980734e-09 0.555820545454 0.44918390893 0.999999931394 0.439666 0 0
211.9 17 12 1.09774969021 5.62578695002 1.85047110968e-09 0.555782201797 0.449218393485 0.999999912265 0.356047 0 0
212 17 12 1.09774808006 5.62616501609 1.69920144621e-09 0.555743616444 0.449252761441 0.999999932357 0.511087 0 0
212.1 17 12 1.09774663814 5.62650602013 1.6528862723e-09 0.555704778152 0.449287033538 0.999999941913 0.439896 0 0
212.2 17 12 1.0977553825 5.62681991119 2.08239070432e-09 0.555665697731 0.449321225204 0.999999931626 0.356491 0 0
212.3 17 12 1.09779840065 5.62722073614 1.81255244147e-09 0.555626389794 0.449355339362 0.999999949655 0.438908 0 0
212.4 17 12 1.09784148463 5.62758110363 1.5941694631e-09 0.555586853086 0.449389346455 0.999999935699 0.44235 0 0
212.5 17 12 1.09788353099 5.62791963069 1.72357905726e-09 0.555547097826 0.449423269707 0.999999934019 0.440499 0 0
212.6 17 12 1.09792518741 5.628283366 1.574316566e-09 0.555507124462 0.449457104015 0.999999930486 0.512828 0 0
212.7 17 12 1.09796672546 5.62885176668 1.5285839261e-09 0.555466957966 0.449490834355 0.999999916494 0.439942 0 0
212.8 17 12 1.09801038767 5.62918997652 1.8647123845e-09 0.555426619456 0.449524466668 0.999999937067 0.441465 0 0
212.9 17 12 1.09805482 5.62938136056 1.77996595241e-09 0.555386111477 0.449558016607 0.999999901016 0.355981 0 0
213 17 12 1.09810043336 5.63006427595 1.73629799427e-09 0.555345466828 0.44959144112 0.999999905605 0.44117 0 0
213.1 17 12 1.09814652172 5.63010887929 1.65048030798e-09 0.555304680976 0.449624801118 0.999999930685 0.511677 0 0
213.2 17 12 1.09819310566 5.63051396502 1.6458742147e-09 0.555263743398 0.449658096473 0.999999920472 0.44022 0 0
213.3 17 12 1.09823824463 5.63105999005 1.55554757963e-09 0.555222700536 0.449691305877 0.999999913586 0.438335 0 0
213.4 17 12 1.09828469102 5.63159064129 1.73600489539e-09 0.555181569059 0.449724471455 0.999999925052 0.356979 0 0
213.5 17 12 1.09833210963 5.63185402861 1.54791346407e-09 0.555140362076 0.449757535892 0.999999911493 0.440529 0 0
213.6 17 12 1.09837642812 5.63268858502 1.8593057094e-09 0.555099110133 0.44979049514 0.9999999191 0.440643 0 0
213.7 17 12 1.09842398865 5.63284372085 1.66667124546e-09 0.555057807741 0.449823362945 0.999999941026 0.358184 0 0
213.8 17 12 1.09846657953 5.63345792987 1.58835133934e-09 0.555016473848 0.449856132001 0.999999910485 0.439641 0 0
213.9 17 12 1.09851338198 5.6338417117 2.06351524756e-09 0.554975120984 0.449888821159 0.999999937796 0.512881 0 0
214 17 12 1.09856050391 5.63439475272 2.08207295849e-09 0.554933770427 0.449921448335 0.999999926541 0.438817 0 0
214.1 17 12 1.09860867141 5.63495959481 2.11610096112e-09 0.554892442792 0.449953962038 0.999999930669 0.441904 0 0
214.2 17 12 1.09865574306 5.6355536366 1.5656612673e-09 0.554851142113 0.449986421363 0.99999993862 0.442297 0 0
214.3 17 12 1.09870285824 5.63608439623 1.48510659326e-09 0.554809867408 0.450018789365 0.999999922376 0.440219 0 0
214.4 17 12 1.09874455706 5.63660581638 1.67230873593e-09 0.554768650468 0.45005104788 0.999999916794 0.439466 0 0
214.5 17 12 1.0987902442 5.63742909603 1.5059538061e-09 0.554727468909 0.450083221608 0.999999929192 0.512801 0 0
214.6 17 12 1.09883447245 5.63767818186 1.95259231006e-09 0.554686372467 0.450115290354 0.999999921617 0.441651 0 0
214.7 17 12 1.09888040205 5.63828224745 1.85719573054e-09 0.554645351357 0.450147277945 0.999999935139 0.439735 0 0
214.8 17 12 1.09892240929 5.63881158565 1.87624726866e-09 0.554604413042 0.450179169208 0.999999922559 0.439669 0 0
214.9 17 12 1.09896507239 5.63966600066 1.6480337095e-09 0.554563567989 0.450210959544 0.999999934489 0.439836 0 0
215 17 12 1.09900570962 5.6400385114 1.53782997447e-09 0.554522816348 0.450242650571 0.999999920026 0.440328 0 0
215.1 17 12 1.09904702861 5.64081611808 1.61417446076e-09 0.554482173341 0.450274212019 0.999999934377 0.513247 0 0
215.2 17 12 1.09908659913 5.64116614254 1.59567992153e-09 0.554441644759 0.450305697911 0.999999921919 0.440714 0 0
215.3 17 12 1.09912398292 5.64184530318 1.59876833994e-09 0.554401227644 0.450337079879 0.999999921779 0.441308 0 0
215.4 17 12 1.09916226523 5.64229222468 1.6168110184e-09 0.554360934072 0.450368327038 0.999999944196 0.511398 0 0
215.5 17 12 1.09919282733 5.64246427225 1.62637114887e-09 0.554320765376 0.450399458517 0.999999896996 0.358877 0 0
215.6 17 12 1.09922446696 5.64293993586 1.62999636011e-09 0.554280711531 0.450430479718 0.999999915455 0.512392 0 0
215.7 17 12 1.09925303419 5.64342130022 1.63848390411e-09 0.554240780156 0.450461403636 0.999999932744 0.440741 0 0
215.8 17 12 1.09928306089 5.64421490115 1.65474334235e-09 0.554200965669 0.450492220694 0.999999933609 0.44021 0 0
215.9 17 12 1.09931328676 5.64432914609 1.64927260737e-09 0.554161282147 0.450522927525 0.999999925047 0.440321 0 0
216 17 12 1.0993377266 5.64500741932 1.67808156259e-09 0.554121724835 0.450553574108 0.999999913049 0.35496 0 0
216.1 17 12 1.09936243269 5.64526260461 1.71173875074e-09 0.554082272211 0.450584109316 0.999999933647 0.35498 0 0
216.2 17 12 1.09938626331 5.64565507745 1.74280523346e-09 0.554042956032 0.450614564144 0.999999911416 0.441135 0 0
216.3 17 12 1.09940990323 5.6458600338 1.76978720567e-09 0.55400376922 0.450644950897 0.999999935375 0.511815 0 0
216.4 17 12 1.0994317741 5.64622299545 1.79260273292e-09 0.553964683224 0.450675251641 0.999999939158 0.440761 0 0
216.5 17 12 1.0994509759 5.64655778898 1.81097492558e-09 0.553925705581 0.450705470482 0.999999918816 0.442268 0 0
216.6 17 12 1.09946833861 5.64691472015 1.90022531044e-09 0.553886824836 0.450735584305 0.999999938319 0.514968 0 0
216.7 17 12 1.09948556904 5.64736361168 2.00177618925e-09 0.553848040242 0.45076562214 0.999999937721 0.439998 0 0
216.8 17 12 1.09949988586 5.64769792361 1.86622939324e-09 0.553809356834 0.450795573469 0.999999929071 0.441142 0 0
216.9 17 12 1.09951188157 5.64794605969 1.91460902688e-09 0.553770755249 0.450825427269 0.999999924174 0.356761 0 0
217 17 12 1.0995219532 5.64808881679 1.94830040989e-09 0.553732233111 0.450855209632 0.999999919794 0.356807 0 0
217.1 17 12 1.09952948518 5.64803994811 1.94663452024e-09 0.553693799613 0.450884911749 0.999999926311 0.357628 0 0
217.2 17 12 1.09953533279 5.6481582588 1.99571748016e-09 0.553655437887 0.450914511806 0.999999918163 0.442414 0 0
217.3 17 12 1.09954103267 5.64847246321 2.00238226e-09 0.553617138305 0.450944016195 0.999999924549 0.442028 0 0
217.4 17 12 1.09954534333 5.64853919389 2.030856594e-09 0.55357888902 0.450973439218 0.999999923533 0.440121 0 0
217.5 17 12 1.09954804947 5.64856233834 2.02521077686e-09 0.553540693273 0.451002746602 0.999999933542 0.441412 0 0
217.6 17 12 1.09954996785 5.64914092339 2.03390237985e-09 0.553502531691 0.451031958439 0.999999920596 0.362066 0 0
217.7 17 12 1.09954993602 5.64864891877 2.03445760238e-09 0.55346440683 0.451061111147 0.999999928738 0.439538 0 0
217.8 17 12 1.09955103114 5.64874288667 2.00765470915e-09 0.553426307089 0.45109015382 0.999999934602 0.4396 0 0
217.9 17 12 1.09954919677 5.64889302644 1.97688465597e-09 0.553388229253 0.451119138855 0.999999921026 0.35622 0 0
218 17 12 1.09954585225 5.64876887265 1.97037586247e-09 0.553350167666 0.451148048981 0.999999934168 0.357143 0 0
218.1 17 12 1.09954216869 5.64887268636 1.88902016252e-09 0.553312109957 0.451176871949 0.999999912376 0.513117 0 0
218.2 17 12 1.09953638511 5.64880373151 1.86572901573e-09 0.553274078614 0.451205631405 0.999999910786 0.439532 0 0
218.3 17 12 1.09953136244 5.64871716372 1.79964931846e-09 0.553236079596 0.451234295776 0.999999915392 0.442462 0 0
218.4 17 12 1.09952780978 5.64870731772 1.73377601165e-09 0.553198079854 0.451262897642 0.999999932352 0.51317 0 0
218.5 17 12 1.09952135837 5.64849315677 1.84295678718e-09 0.553160085753 0.45129143763 0.999999925086 0.358554 0 0
218.6 17 12 1.09951621624 5.64859468014 1.68061853323e-09 0.553122075222 0.451319917834 0.999999926122 0.510909 0 0
218.7 17 12 1.09951018473 5.64830622596 1.56691659647e-09 0.553084083378 0.451348330256 0.999999926488 0.359489 0 0
218.8 17 12 1.09950440998 5.64826361948 1.57099400155e-09 0.553046070735 0.451376681787 0.999999922403 0.514966 0 0
218.9 17 12 1.09949871252 5.64816772482 1.5797834152e-09 0.553008048619 0.45140496339 0.99999992202 0.514841 0 0
219 17 12 1.09949108879 5.64819899198 1.8123867962e-09 0.552970019384 0.45143319448 0.999999918465 0.512551 0 0
219.1 17 12 1.09948631576 5.64782351854 1.78523107408e-09 0.552931974782 0.451461373501 0.999999926369 0.510947 0 0
219.2 17 12 1.09948309943 5.6475250969 1.52671253417e-09 0.552893925825 0.451489475328 0.999999921354 0.356898 0 0
219.3 17 12 1.09948109118 5.64741280924 1.55354684672e-09 0.552855889259 0.451517521563 0.999999937704 0.357437 0 0
219.4 17 12 1.09947840799 5.64737286087 1.63806046505e-09 0.552817813412 0.451545515993 0.99999992456 0.356998 0 0
219.5 17 12 1.09947265196 5.64710840964 1.48748924289e-09 0.552779718303 0.451573446628 0.999999900886 0.438533 0 0
219.6 17 12 1.09947213974 5.64683945543 1.54625556803e-09 0.552741596556 0.451601305287 0.999999935715 0.441159 0 0
219.7 17 12 1.09947178954 5.64658218956 1.57322166405e-09 0.552703457163 0.451629117123 0.99999992239 0.439917 0 0
219.8 17 12 1.09947225923 5.64646437982 1.58629354097e-09 0.552665306019 0.45165685159 0.999999909026 0.512751 0 0
219.9 17 12 1.0994736361 5.64625722959 1.45529854834e-09 0.552627140665 0.451684519386 0.999999910416 0.440685 0 0
220 17 12 1.09947690363 5.64616608331 1.76899239701e-09 0.552589001469 0.451712111957 0.999999937218 0.357393 0 0
220.1 17 12 1.09948298794 5.64590057466 1.62346025512e-09 0.552550841393 0.451739624586 0.999999932419 0.440879 0 0
220.2 17 12 1.0994889224 5.64570963229 1.98761407333e-09 0.552512678545 0.45176708808 0.999999913766 0.512189 0 0
220.3 17 12 1.09949867682 5.64563092577 1.7421164511e-09 0.552474530713 0.45179448859 0.999999944728 0.510729 0 0
220.4 17 12 1.09950790473 5.64557110397 1.84126769387e-09 0.552436368671 0.451821844791 0.999999902404 0.43954 0 0
220.5 17 12 1.09951749712 5.64519804043 2.02871808241e-09 0.552398221749 0.451849123622 0.999999937915 0.438698 0 0
220.6 17 12 1.09952749701 5.64523549667 2.1555108809e-09 0.552360063105 0.451876360858 0.999999924563 0.440686 0 0
220.7 17 12 1.09954450587 5.64512450972 1.51484869093e-09 0.552321904784 0.451903526282 0.999999926845 0.356128 0 0
220.8 17 12 1.09956350283 5.64518991183 1.92580462688e-09 0.552283740053 0.451930609476 0.999999939313 0.441186 0 0
220.9 17 12 1.09958445136 5.6453941525 1.49793111248e-09 0.552245545926 0.451957619932 0.999999938025 0.513484 0 0
221 17 12 1.09960406584 5.64547134107 1.55934287704e-09 0.5522073391 0.451984560461 0.999999911794 0.43985 0 0
221.1 17 12 1.09962756533 5.64536352957 1.67489710989e-09 0.552169172498 0.452011428351 0.999999930164 0.439861 0 0
221.2 17 12 1.09965319765 5.64560780772 1.59174551317e-09 0.552130986451 0.45203823899 0.999999931151 0.356853 0 0
221.3 17 12 1.09968037869 5.64574685411 1.49268331029e-09 0.552092759418 0.45206497745 0.999999925133 0.357254 0 0
221.4 17 12 1.09970909622 5.64601041544 1.48839640612e-09 0.552054484582 0.452091643547 0.999999930168 0.443088 0 0
221.5 17 12 1.09973734786 5.64617854605 1.55534596313e-09 0.552016131348 0.452118235298 0.999999914618 0.440047 0 0
221.6 17 12 1.09976511939 5.64646170248 1.63440294632e-09 0.551977684374 0.452144776333 0.999999923467 0.440789 0 0
221.7 17 12 1.09979830992 5.64689135074 1.9328969536e-09 0.551939135857 0.45217121307 0.999999919234 0.357182 0 0
221.8 17 12 1.09983079387 5.64721969291 1.87174487021e-09 0.551900509324 0.452197579023 0.999999901992 0.442488 0 0
221.9 17 12 1.09986690223 5.64748626468 1.60255020365e-09 0.551861798924 0.452223891683 0.999999935667 0.441309 0 0
222 17 12 1.09990370511 5.64795177524 1.63153612842e-09 0.551822979777 0.452250149238 0.999999938075 0.439567 0 0
222.1 17 12 1.09994282896 5.64861955088 1.70165637137e-09 0.551784066344 0.452276356284 0.999999939438 0.355557 0 0
222.2 17 12 1.09998276605 5.64919125044 1.73643965873e-09 0.551745058414 0.452302478357 0.999999920076 0.513798 0 0
222.3 17 12 1.100021303 5.64945340572 1.80780546088e-09 0.551705974126 0.45232856341 0.999999902404 0.512791 0 0
222.4 17 12 1.10006278936 5.64989599958 1.8547966496e-09 0.551666812115 0.452354586108 0.999999919295 0.513098 0 0
222.5 17 12 1.10010581344 5.65064383771 1.90484539253e-09 0.551627591043 0.452380577465 0.999999931738 0.440162 0 0
222.6 17 12 1.10014606505 5.65104096847 1.96131544339e-09 0.551588307124 0.452406518911 0.999999916505 0.513147 0 0
222.7 17 12 1.10018938829 5.65186671253 2.00883620849e-09 0.551548978289 0.452432412723 0.999999899921 0.439649 0 0
222.8 17 12 1.10023449126 5.65229198155 2.07464601054e-09 0.551509634575 0.452458247027 0.999999937505 0.439562 0 0
222.9 17 12 1.10027970751 5.65304258049 2.10213924046e-09 0.551470282974 0.452484045892 0.999999926157 0.439404 0 0
223 17 12 1.10032344676 5.65356706249 2.17746753961e-09 0.55143093845 0.452509770113 0.99999991397 0.439301 0 0
223.1 17 12 1.10036848858 5.65427921543 2.19018314596e-09 0.55139160535 0.452535416081 0.999999935401 0.439184 0 0
223.2 17 12 1.10041238272 5.65493701219 2.26835628059e-09 0.551352290129 0.452561024034 0.999999918933 0.354652 0 0
223.3 17 12 1.10045456442 5.65550981947 2.27031515809e-09 0.551313004098 0.452586529406 0.999999916604 0.512288 0 0
223.4 17 12 1.10049805156 5.65622106265 2.32835595249e-09 0.551273761924 0.45261197359 0.999999915962 0.511037 0 0
223.5 17 12 1.10054180748 5.6566916607 2.33586994192e-09 0.551234598018 0.45263732499 0.999999928174 0.513444 0 0
223.6 17 12 1.10058515004 5.65728990456 2.37155028948e-09 0.551195490456 0.452662615325 0.999999922702 0.357224 0 0
223.7 17 12 1.10062752482 5.65783749194 2.35859265452e-09 0.551156477172 0.452687793976 0.99999991348 0.43993 0 0
223.8 17 12 1.10066889084 5.65846647831 2.37541919468e-09 0.551117553137 0.452712888218 0.999999915177 0.43803 0 0
223.9 17 12 1.10070430168 5.6589071796 2.33542130079e-09 0.55107874276 0.452737888671 0.999999910058 0.440798 0 0
224 17 12 1.10074273736 5.6594812899 2.36759190031e-09 0.551040036323 0.452762797379 0.999999921882 0.439619 0 0
224.1 17 12 1.10077962357 5.65997808913 2.25728657988e-09 0.55100145196 0.452787625915 0.999999915382 0.356545 0 0
224.2 17 12 1.10081603481 5.66053738413 2.28494401178e-09 0.550963007085 0.452812357295 0.99999993089 0.512888 0 0
224.3 17 12 1.10085388013 5.66112690052 2.16934936681e-09 0.550924705296 0.452837025226 0.999999903623 0.355461 0 0
224.4 17 13 1.10088926377 5.66165309168 2.14320150516e-09 0.550886566892 0.452861614888 0.999999921357 0.438437 0 0
224.5 17 13 1.10092186959 5.66239260795 2.05297678857e-09 0.550848590774 0.452886129259 0.999999910364 0.513442 0 0
224.6 17 12 1.10095330423 5.66244883168 1.95002569647e-09 0.550810775346 0.452910558482 0.999999922139 0.512082 0 0
224.7 17 12 1.1009876775 5.66293144078 1.90405735623e-09 0.550773149164 0.45293490734 0.999999919556 0.35695 0 0
224.8 17 12 1.10101696202 5.66338446203 2.02122141246e-09 0.550735718783 0.452959168557 0.999999925939 0.439449 0 0
224.9 17 12 1.10104875953 5.66385317064 2.01806471534e-09 0.55069847174 0.452983344217 0.999999924126 0.440163 0 0
225 17 12 1.10107586861 5.66457082866 1.96430471888e-09 0.550661423705 0.453007443831 0.999999917984 0.355775 0 0
225.1 17 12 1.10110209722 5.66491419765 1.88449222893e-09 0.550624564729 0.45303146292 0.999999912276 0.439225 0 0
225.2 17 12 1.10112864052 5.6650567772 1.65845337463e-09 0.55058790114 0.453055402694 0.999999921429 0.357093 0 0
225.3 17 12 1.10115549473 5.66543159188 1.45639189597e-09 0.550551449123 0.453079249122 0.999999924112 0.515298 0 0
225.4 17 12 1.10118146947 5.66580865022 1.60030133589e-09 0.550515185253 0.453103030985 0.999999926103 0.356456 0 0
225.5 17 12 1.1012056387 5.66615300202 1.36417510621e-09 0.55047911998 0.453126720345 0.999999923937 0.511728 0 0
225.6 17 12 1.10122940776 5.66654280281 1.44608813812e-09 0.550443237316 0.453150338999 0.999999945488 0.444207 0 0
225.7 17 12 1.10125048196 5.66687017066 1.38693811991e-09 0.55040753214 0.453173876126 0.999999939014 0.442097 0 0
225.8 17 12 1.10127139958 5.66717835001 1.54765533722e-09 0.55037201861 0.453197335814 0.999999928993 0.440548 0 0
225.9 17 12 1.10128793626 5.6674414911 1.4970321649e-09 0.55033669 0.45322071374 0.999999924177 0.44223 0 0
226 17 12 1.10130422228 5.6676770074 1.60611890454e-09 0.550301544797 0.453243999858 0.999999927048 0.513517 0 0
226.1 17 12 1.10131990614 5.66804278466 1.54354817816e-09 0.550266578479 0.453267209782 0.999999936583 0.43972 0 0
226.2 17 12 1.10133108487 5.66822418526 1.46121248434e-09 0.550231780869 0.45329033838 0.999999915239 0.442306 0 0
226.3 17 12 1.10134328496 5.6682269343 1.63322899649e-09 0.550197144348 0.453313374611 0.99999992529 0.438207 0 0
226.4 17 12 1.1013562802 5.66853369377 1.75383041423e-09 0.550162671365 0.45333635153 0.999999931385 0.44111 0 0
226.5 17 12 1.10136479016 5.66849033735 1.68122293864e-09 0.550128351664 0.453359251483 0.999999914391 0.3564 0 0
226.6 17 12 1.10137403009 5.6686942951 1.80556902762e-09 0.550094161946 0.453382063903 0.999999917357 0.441109 0 0
226.7 17 12 1.10138270617 5.6686648928 1.72593705994e-09 0.550060115409 0.45340481544 0.999999922931 0.356058 0 0
226.8 17 12 1.10138916276 5.66888937679 1.69144553919e-09 0.550026190615 0.453427504824 0.999999924508 0.35757 0 0
226.9 17 12 1.10139246916 5.66873049248 1.70797342935e-09 0.549992375375 0.453450113593 0.999999916322 0.43989 0 0
227 17 12 1.10139627347 5.66891552279 1.71170266849e-09 0.549958662286 0.453472651901 0.999999927914 0.51194 0 0
227.1 17 12 1.10139612603 5.66875495981 1.59843738246e-09 0.549925050583 0.453495114529 0.999999913617 0.439282 0 0
227.2 17 12 1.10139781036 5.66876763382 1.56911572624e-09 0.549891513466 0.453517522144 0.999999935358 0.439502 0 0
227.3 17 12 1.10139629719 5.66884968768 1.57808266454e-09 0.549858051718 0.453539885981 0.999999914381 0.512203 0 0
227.4 17 12 1.10139666436 5.66865793575 1.50693024725e-09 0.549824657123 0.45356219822 0.999999921526 0.441668 0 0
227.5 17 12 1.10139424244 5.66885147497 1.60299507002e-09 0.549791312065 0.453584439962 0.999999911833 0.44005 0 0
227.6 17 12 1.10139448157 5.66865570993 1.67257296901e-09 0.549758004768 0.453606596949 0.999999931308 0.514469 0 0
227.7 17 12 1.10138970327 5.66855167508 1.66524494194e-09 0.549724748758 0.453628704432 0.999999919354 0.357151 0 0
227.8 17 12 1.10138843219 5.66833119314 1.56430368659e-09 0.549691509877 0.453650739648 0.999999917356 0.356989 0 0
227.9 17 12 1.10138566636 5.66823079027 1.37527378374e-09 0.549658312721 0.453672719955 0.999999908204 0.358348 0 0
228 17 12 1.10138363254 5.66816384716 1.36926747718e-09 0.54962513132 0.453694638924 0.999999939171 0.443064 0 0
228.1 17 12 1.10137965815 5.66831405539 1.32341082537e-09 0.54959197496 0.453716505725 0.99999990567 0.442818 0 0
228.2 17 12 1.10137682753 5.66778214098 1.40235945079e-09 0.549558837593 0.453738303957 0.99999992017 0.35886 0 0
228.3 17 12 1.10137339766 5.66770069024 1.44008482916e-09 0.549525715884 0.45376003912 0.999999940713 0.357611 0 0
228.4 17 12 1.10137046484 5.6675795736 1.57812563018e-09 0.549492581517 0.453781718344 0.999999937207 0.443496 0 0
228.5 17 12 1.10136517644 5.66737332691 1.50271473043e-09 0.549459455134 0.453803314006 0.999999910331 0.440085 0 0
228.6 17 12 1.10136066915 5.66719470977 1.56857038469e-09 0.549426327748 0.453824858914 0.999999930315 0.441277 0 0
228.7 17 12 1.10135686454 5.66700249597 1.61704505341e-09 0.549393193406 0.453846363906 0.999999924106 0.510957 0 0
228.8 17 12 1.10135232516 5.66697834291 1.69891134494e-09 0.549360064858 0.453867836621 0.999999927433 0.439742 0 0
228.9 17 12 1.10134849324 5.66668159513 1.73658531999e-09 0.549326922525 0.453889263761 0.99999993617 0.511763 0 0
229 17 12 1.10134281783 5.66642146961 1.82370130108e-09 0.549293785114 0.453910670111 0.999999903978 0.358487 0 0
229.1 17 12 1.10133722825 5.66621232845 1.85228343774e-09 0.549260650169 0.453932035882 0.999999908812 0.440971 0 0
229.2 17 12 1.10133258807 5.66604923635 1.96039839917e-09 0.549227508747 0.453953354277 0.999999929489 0.441886 0 0
229.3 17 12 1.1013289705 5.66588883072 1.97163640969e-09 0.549194356275 0.453974636756 0.999999933384 0.442396 0 0
229.4 17 12 1.10132453002 5.66563279472 2.07130412821e-09 0.549161203405 0.453995865147 0.999999908802 0.513666 0 0
229.5 17 12 1.10132289885 5.6655374865 2.11316464327e-09 0.54912805094 0.454017061403 0.999999941771 0.444935 0 0
229.6 17 12 1.10131684976 5.66534864666 2.17336593167e-09 0.54909488234 0.454038218276 0.99999991928 0.439127 0 0
229.7 17 12 1.10131403838 5.66534990657 2.22899521063e-09 0.549061702496 0.454059336245 0.999999926214 0.440201 0 0
229.8 17 12 1.10131197265 5.66497005992 2.27331908853e-09 0.549028551899 0.454080425181 0.999999940061 0.44115 0 0
229.9 17 12 1.10131050103 5.66490103364 2.31864605293e-09 0.548995396456 0.454101481304 0.999999916345 0.441782 0 0
230 17 12 1.10130787851 5.6647509705 2.34672759003e-09 0.548962269494 0.454122485967 0.999999917255 0.357915 0 0
230.1 17 12 1.10130792647 5.66475844287 2.39556208204e-09 0.548929154992 0.454143453886 0.999999914772 0.439844 0 0
230.2 17 12 1.10130753743 5.66416341298 2.38003849962e-09 0.54889609187 0.454164421948 0.999999929904 0.359061 0 0
230.3 17 12 1.10130251079 5.66386132159 2.42636155612e-09 0.548863044156 0.454185343683 0.999999892255 0.439125 0 0
230.4 17 12 1.10130357538 5.66372963258 2.38074437942e-09 0.5488300139 0.454206226417 0.999999910737 0.440465 0 0
230.5 17 12 1.10130223759 5.66347458009 2.40265363161e-09 0.548797036013 0.454227067633 0.999999915846 0.512293 0 0
230.6 17 12 1.10130496204 5.66334779049 2.33176822295e-09 0.548764098536 0.454247909445 0.999999936343 0.358715 0 0
230.7 17 12 1.10130892107 5.6632436783 2.32837948921e-09 0.548731203743 0.45426871393 0.999999941299 0.438081 0 0
230.8 17 12 1.10130511741 5.66300582866 2.21737994632e-09 0.548698350996 0.45428949938 0.999999901603 0.439388 0 0
230.9 17 12 1.10130541618 5.66307504986 2.21187324012e-09 0.548665538601 0.454310268238 0.999999896921 0.440636 0 0
231 17 12 1.10130814981 5.66284555232 2.06019046267e-09 0.548632783527 0.454331031986 0.999999919504 0.439988 0 0
231.1 17 12 1.10131326132 5.66285112272 2.00924266114e-09 0.548600070291 0.454351763774 0.999999926191 0.355191 0 0
231.2 17 12 1.10131642961 5.6625162568 1.89174620413e-09 0.54856739373 0.454372489494 0.999999913754 0.513694 0 0
231.3 17 12 1.10132101744 5.66269424507 1.78125192374e-09 0.548534766834 0.454393217136 0.9999999002 0.441058 0 0
231.4 17 12 1.10132621384 5.66234138915 1.6729870822e-09 0.548502183714 0.454413928337 0.999999924796 0.43789 0 0
231.5 17 12 1.10133167536 5.66240382616 1.52758883321e-09 0.548469605406 0.454434655813 0.999999905658 0.511431 0 0
231.6 17 13 1.10133922037 5.66251316555 1.46356726738e-09 0.548437042158 0.45445541312 0.999999928184 0.438165 0 0
231.7 17 13 1.10134295712 5.66257761603 1.36871391998e-09 0.548404540167 0.454476203356 0.999999937124 0.356557 0 0
231.8 17 13 1.10135120048 5.66268723003 1.57297042058e-09 0.54837207304 0.454496999279 0.999999917623 0.355933 0 0
231.9 17 13 1.10135475366 5.66279726303 1.47113232707e-09 0.548339642531 0.454517788918 0.999999922992 0.438492 0 0
232 17 13 1.10136238103 5.66291374431 1.66910141264e-09 0.548307276492 0.454538601574 0.999999924454 0.356742 0 0
232.1 17 13 1.1013690278 5.66311532496 1.44487166676e-09 0.548274994875 0.454559426287 0.99999991749 0.356061 0 0
232.2 17 12 1.10137681111 5.66314310437 1.42910239198e-09 0.548242774013 0.454580248503 0.999999926553 0.438365 0 0
232.3 17 12 1.10138467903 5.66332282548 1.74161951527e-09 0.548210636563 0.454601069913 0.999999927332 0.440069 0 0
232.4 17 12 1.10139102952 5.66354558602 1.35706301752e-09 0.548178562369 0.454621916302 0.999999918349 0.439348 0 0
232.5 17 12 1.1013986669 5.66389587978 1.44612144481e-09 0.54814659215 0.454642760284 0.999999918774 0.512494 0 0
232.6 17 12 1.10140024583 5.6640288536 1.58611990209e-09 0.548114711568 0.454663603245 0.999999906568 0.51047 0 0
232.7 17 12 1.10140720437 5.66432635025 1.71683445238e-09 0.548082929943 0.454684467721 0.999999933122 0.441599 0 0
232.8 17 12 1.10141547115 5.66466343092 1.59075619344e-09 0.548051265223 0.454705361536 0.999999933727 0.441583 0 0
232.9 17 12 1.10142325549 5.66479619066 1.65121338824e-09 0.548019728437 0.45472626599 0.999999926814 0.442341 0 0
233 17 12 1.10143110263 5.66513349293 1.808736938e-09 0.547988319953 0.454747164734 0.999999910167 0.441211 0 0
233.1 17 12 1.10143957382 5.6654817178 1.61730062676e-09 0.547957057775 0.45476809028 0.999999934676 0.440009 0 0
233.2 17 12 1.10144600626 5.66595436149 1.60017110673e-09 0.547925932389 0.454789045575 0.999999913326 0.441155 0 0
233.3 17 12 1.10145157289 5.66607859249 1.79689552127e-09 0.547894942238 0.454810034798 0.999999920251 0.510977 0 0
233.4 17 12 1.10145680358 5.66644317336 1.6781687151e-09 0.547864100987 0.454831029634 0.999999913398 0.440009 0 0
233.5 17 12 1.10146309911 5.66675112723 1.95860938579e-09 0.547833402697 0.454852079557 0.999999900862 0.355774 0 0
233.6 17 12 1.10146255281 5.66708000997 1.48857759452e-09 0.547802864639 0.454873150095 0.999999877841 0.441101 0 0
233.7 17 13 1.10146322679 5.66750909698 1.59268775946e-09 0.547772470857 0.45489423604 0.999999912433 0.510166 0 0
233.8 17 12 1.10146721949 5.66751635323 1.50331980198e-09 0.547742203955 0.454915379592 0.99999991971 0.441263 0 0
233.9 17 12 1.10147260147 5.66787523508 1.54908530448e-09 0.547712098197 0.454936514326 0.999999922735 0.439567 0 0
234 17 13 1.10147641246 5.66831613042 1.88355642194e-09 0.547682147009 0.45495771225 0.999999927349 0.35611 0 0
234.1 17 13 1.10147932623 5.66878385302 1.85313586698e-09 0.547652350163 0.454978928355 0.999999923477 0.354913 0 0
234.2 17 13 1.10148353164 5.66917277089 1.7044989864e-09 0.547622726899 0.455000185731 0.999999914192 0.355723 0 0
234.3 17 13 1.10148814264 5.66938096307 1.54717427758e-09 0.547593303373 0.455021481242 0.999999909551 0.356971 0 0
234.4 17 13 1.10148843304 5.66970630618 1.65825431164e-09 0.547564058704 0.455042790543 0.999999912793 0.438843 0 0
234.5 17 13 1.10148965129 5.669895393 1.90004723066e-09 0.547534973217 0.455064171698 0.999999895427 0.438142 0 0
234.6 17 13 1.10149238659 5.67021393677 1.40751543753e-09 0.54750606113 0.45508557246 0.999999932677 0.512134 0 0
234.7 17 13 1.1014955205 5.67067585956 1.81173931413e-09 0.547477305924 0.455107029461 0.999999904474 0.355525 0 0
234.8 17 13 1.10149896855 5.67089456284 1.82103609969e-09 0.547448714019 0.455128522415 0.999999927817 0.438809 0 0
234.9 17 13 1.10150329075 5.67138302422 1.76129644203e-09 0.547420288439 0.455150053237 0.9999999291 0.43931 0 0
235 17 13 1.10150453871 5.67160791779 1.99572502968e-09 0.547392006351 0.455171592991 0.999999926123 0.356977 0 0
235.1 17 13 1.10150263693 5.67192268339 1.70027925073e-09 0.547363849634 0.455193164464 0.999999901598 0.443794 0 0
235.2 17 13 1.10150479587 5.67223569692 1.70572600489e-09 0.547335822135 0.455214759089 0.999999923784 0.51464 0 0
235.3 17 13 1.10150543105 5.67272431907 1.75225922661e-09 0.547307944856 0.455236392028 0.999999908323 0.359377 0 0
235.4 17 13 1.10150916723 5.67280332387 1.89721049981e-09 0.547280199204 0.455258045231 0.999999915639 0.513903 0 0
235.5 17 13 1.1015125296 5.67323829968 1.92825477807e-09 0.547252590723 0.455279739409 0.999999918227 0.441059 0 0
235.6 17 13 1.10151773641 5.67364190692 2.05827344057e-09 0.547225102167 0.455301503052 0.999999934746 0.356533 0 0
235.7 17 13 1.10152095032 5.67379810045 2.11678263806e-09 0.547197727244 0.455323303697 0.999999909149 0.356946 0 0
235.8 17 13 1.10152478889 5.67415654249 2.22103990755e-09 0.547170446207 0.455345116045 0.999999936616 0.514023 0 0
235.9 17 13 1.10152734736 5.67446053937 2.26328966679e-09 0.547143257405 0.455366950625 0.999999912066 0.440182 0 0
236 17 13 1.10152684998 5.67486928658 2.36019070954e-09 0.547116159353 0.455388783247 0.99999992558 0.513071 0 0
236.1 17 13 1.10152828567 5.67513325025 2.4080154537e-09 0.547089136978 0.455410625663 0.999999891643 0.357602 0 0
236.2 17 13 1.10152907424 5.67536329904 2.44786324544e-09 0.547062188081 0.455432474189 0.999999915858 0.513752 0 0
236.3 17 13 1.10153162464 5.67558516729 2.48575571238e-09 0.547035295241 0.45545431295 0.999999905042 0.439484 0 0
236.4 17 13 1.10153609395 5.67570704046 2.541716837e-09 0.547008462316 0.455476156477 0.999999911587 0.439048 0 0
236.5 17 13 1.10154234676 5.67626185861 2.47793030539e-09 0.546981682215 0.455497997798 0.99999991885 0.439787 0 0
236.6 17 13 1.10154697026 5.67630279098 2.53760712443e-09 0.546954944921 0.45551982312 0.999999909324 0.358255 0 0
236.7 17 13 1.10155388296 5.67692960065 2.46748177446e-09 0.546928222495 0.455541639188 0.999999925275 0.513977 0 0
236.8 17 13 1.10155765234 5.67711258895 2.44717734965e-09 0.546901527349 0.455563396946 0.999999911438 0.356126 0 0
236.9 17 13 1.1015614526 5.67725836382 2.35315089636e-09 0.546874848242 0.455585062212 0.999999898585 0.359353 0 0
237 17 13 1.10156683746 5.67747286279 2.34747132843e-09 0.54684817604 0.455606662057 0.999999919351 0.441883 0 0
237.1 17 13 1.10157092991 5.67775195244 2.1487950308e-09 0.546821502533 0.455628265424 0.999999905604 0.440412 0 0
237.2 17 13 1.10157536475 5.67786607873 2.16521733876e-09 0.546794797322 0.455649826104 0.999999901985 0.512169 0 0
237.3 17 13 1.10157999906 5.67795663203 1.96590599355e-09 0.546768076902 0.455671383043 0.99999991961 0.51499 0 0
237.4 17 13 1.10158654948 5.67842926646 1.88208049146e-09 0.546741317809 0.455692951703 0.999999919499 0.441269 0 0
237.5 17 13 1.101591564 5.67838471715 1.75822145732e-09 0.546714523498 0.455714511279 0.999999910141 0.3579 0 0
237.6 17 13 1.10159622691 5.67869563806 1.62505875423e-09 0.546687693036 0.455736060001 0.999999907904 0.440937 0 0
237.7 17 13 1.10160287732 5.67882313131 1.49646350867e-09 0.546660817163 0.455757582047 0.999999922447 0.441468 0 0
237.8 17 13 1.10160875107 5.67902491617 1.50696077839e-09 0.546633903768 0.455779081301 0.999999912006 0.511213 0 0
237.9 17 13 1.101614342 5.67929110716 1.62975422047e-09 0.546606960278 0.455800564044 0.999999928703 0.51277 0 0
238 17 13 1.10162257041 5.6794188186 1.56145163466e-09 0.546579961348 0.455822068911 0.99999992993 0.440222 0 0
238.1 17 13 1.1016297315 5.67954673442 1.60370094981e-09 0.546552930431 0.455843525164 0.999999921748 0.443222 0 0
238.2 17 13 1.10163774579 5.67984374206 1.4039609475e-09 0.546525870928 0.455864980302 0.999999935763 0.44147 0 0
238.3 17 13 1.10164439263 5.67990176838 1.69527336613e-09 0.546498764467 0.455886442505 0.999999911172 0.358032 0 0
238.4 17 13 1.10165064744 5.68011256765 1.31023425443e-09 0.54647163285 0.455907880957 0.999999918929 0.445161 0 0
238.5 17 13 1.1016561725 5.68003116221 1.57189750105e-09 0.546444474831 0.45592929916 0.999999926296 0.359796 0 0
238.6 17 13 1.10166007317 5.68035872561 1.36400213346e-09 0.546417268501 0.455950716817 0.999999903724 0.357239 0 0
238.7 17 13 1.1016643725 5.68023519125 1.44483847109e-09 0.546390053689 0.455972089909 0.999999897394 0.510285 0 0
238.8 17 13 1.101666672 5.68001764493 1.52098034167e-09 0.546362811935 0.455993450438 0.999999880644 0.355924 0 0
238.9 17 13 1.10166995243 5.68005710039 1.68998126604e-09 0.546335539977 0.456014806765 0.999999935621 0.510441 0 0
239 17 13 1.10167120977 5.68005982647 1.59135893352e-09 0.54630823868 0.456036148457 0.999999909798 0.440759 0 0
239.1 17 13 1.10167238773 5.68004831748 1.48111067855e-09 0.54628090059 0.456057437788 0.999999923691 0.513054 0 0
239.2 17 13 1.10167406683 5.68000077055 1.61693758383e-09 0.546253545836 0.456078728012 0.999999926191 0.51177 0 0
239.3 17 13 1.10167473643 5.67997866705 1.83695469946e-09 0.54622617136 0.456099999435 0.999999936336 0.44159 0 0
239.4 17 13 1.10167201842 5.67990016819 1.81727000115e-09 0.546198799858 0.456121257537 0.999999913156 0.441231 0 0
239.5 17 13 1.10166778867 5.67992119703 1.64194846608e-09 0.546171423703 0.456142492717 0.999999900313 0.510931 0 0
239.6 17 13 1.10166297946 5.67965590767 1.49589485243e-09 0.546144051217 0.456163679114 0.999999903336 0.440787 0 0
239.7 17 13 1.10165836594 5.67950402253 1.41748046634e-09 0.546116684818 0.456184839426 0.999999917621 0.440819 0 0
239.8 17 13 1.10165267096 5.67929885374 1.5847241297e-09 0.546089337395 0.456205992738 0.999999919799 0.441659 0 0
239.9 17 13 1.10164687411 5.67911963482 1.61476632066e-09 0.546062033378 0.456227132113 0.99999991723 0.439426 0 0
240 17 13 1.10163857001 5.68123075993 1.45466494406e-09 0.546034761567 0.456248250648 0.999999911107 0.445798 0 0
240.1 17 13 1.10162944518 5.681206969 1.2319879561e-09 0.546007522167 0.456269365134 0.999999908139 0.512889 0 0
240.2 17 13 1.10161963494 5.68069349322 1.50938173071e-09 0.545980313174 0.45629044752 0.999999919949 0.513251 0 0
240.3 17 13 1.10160566182 5.68034103908 1.39638478558e-09 0.545953146107 0.45631152823 0.999999904994 0.441665 0 0
240.4 17 13 1.10159423329 5.68010708548 1.48477075079e-09 0.545926019009 0.456332583627 0.999999932005 0.354867 0 0
240.5 17 13 1.10157960027 5.67973954057 1.38279032669e-09 0.5458989683 0.456353597414 0.999999913312 0.35858 0 0
240.6 17 13 1.10156301043 5.67961326855 1.28527033461e-09 0.545872003452 0.456374607855 0.999999918642 0.441899 0 0
240.7 17 13 1.10154720573 5.67909555562 1.53351431553e-09 0.545845117319 0.456395583252 0.999999911824 0.356908 0 0
240.8 17 13 1.10153114856 5.6789165039 1.47152356966e-09 0.545818346366 0.456416526461 0.999999921767 0.441177 0 0
240.9 17 13 1.10151355853 5.67854026679 1.35962840986e-09 0.545791648642 0.456437434504 0.999999917786 0.439883 0 0
241 17 13 1.10149419739 5.67816142924 1.41447764612e-09 0.54576505444 0.456458312363 0.999999918096 0.358126 0 0
241.1 17 13 1.10147205515 5.67754039626 1.54706025768e-09 0.545738557611 0.456479175087 0.999999907019 0.439114 0 0
241.2 17 13 1.10145121872 5.67719422265 1.39004086019e-09 0.545712156816 0.45650001353 0.999999916301 0.44151 0 0
241.3 17 13 1.10142871182 5.67678486042 1.47207823709e-09 0.545685851552 0.456520788255 0.999999905844 0.510312 0 0
241.4 17 13 1.10140407761 5.6764979177 1.65737068514e-09 0.545659638454 0.456541542592 0.999999901403 0.442497 0 0
241.5 17 13 1.10138070469 5.67592370086 1.63438684808e-09 0.545633501137 0.456562261207 0.99999991723 0.511152 0 0
241.6 17 13 1.10135631633 5.67549469189 1.55333856888e-09 0.545607442912 0.456582946629 0.999999920345 0.512573 0 0
241.7 17 13 1.1013304119 5.67526269881 1.5933590003e-09 0.545581466613 0.456603598066 0.999999901192 0.512347 0 0
241.8 17 13 1.10130386643 5.67473154053 1.62847524354e-09 0.545555569759 0.456624223205 0.999999911473 0.440382 0 0
241.9 17 13 1.10127269324 5.67423613929 1.68274594259e-09 0.545529756152 0.456644833473 0.999999907443 0.440808 0 0
242 17 13 1.10124673435 5.67365087885 1.73693315286e-09 0.545504035351 0.456665410443 0.99999992515 0.512418 0 0
242.1 17 13 1.10121644434 5.67324855733 1.76733971902e-09 0.545478416756 0.456685967057 0.999999921139 0.511294 0 0
242.2 17 13 1.10118673533 5.67311527266 1.81625148254e-09 0.545452894027 0.456706494824 0.999999925218 0.355747 0 0
242.3 17 13 1.10115699857 5.67255048109 1.85903636929e-09 0.545427470712 0.456726996183 0.999999905384 0.355617 0 0
242.4 17 13 1.10112891853 5.67197989968 1.87438653487e-09 0.545402147261 0.456747463276 0.999999930426 0.511993 0 0
242.5 17 13 1.10110070374 5.67154795947 1.92382287878e-09 0.545376929115 0.456767909908 0.999999905895 0.439297 0 0
242.6 17 13 1.10107157927 5.67132175787 1.93341143095e-09 0.545351801703 0.456788350886 0.999999918229 0.51089 0 0
242.7 17 13 1.10104062787 5.67098487021 1.95669214165e-09 0.545326763611 0.456808782211 0.999999912793 0.355236 0 0
242.8 17 13 1.10101282479 5.67061457359 1.96776683836e-09 0.545301807012 0.456829174894 0.99999990665 0.357257 0 0
242.9 17 13 1.10098309632 5.67008704117 1.95068350362e-09 0.545276954777 0.456849522706 0.999999895026 0.440092 0 0
243 17 13 1.10095460445 5.66967044434 1.98904737125e-09 0.545252159652 0.456869845765 0.999999901171 0.514103 0 0
243.1 17 13 1.10092521956 5.66909410837 1.9139351215e-09 0.545227418611 0.456890157454 0.999999901294 0.512133 0 0
243.2 17 13 1.10089960249 5.66894247253 1.92773941254e-09 0.545202731874 0.456910457833 0.999999923364 0.439414 0 0
243.3 17 13 1.10087502004 5.66850653574 1.89425053421e-09 0.545178122169 0.456930726789 0.999999915933 0.437727 0 0
243.4 17 13 1.10085072503 5.66813510278 1.80626213986e-09 0.545153581731 0.45695100252 0.999999923093 0.440177 0 0
243.5 17 13 1.10082608406 5.66769699072 1.77680825608e-09 0.545129087475 0.45697127302 0.999999912106 0.354585 0 0
243.6 17 14 1.10080114382 5.66730608011 1.71286351769e-09 0.545104661085 0.456991562441 0.999999894717 0.511869 0 0
243.7 17 13 1.10077665547 5.66679460131 1.59481827744e-09 0.545080276482 0.457011866718 0.999999907555 0.512073 0 0
243.8 17 13 1.10075385378 5.66664770066 1.55885016007e-09 0.54505592746 0.45703216393 0.999999909019 0.511308 0 0
243.9 17 13 1.10072990996 5.66621438313 1.58034441089e-09 0.545031605323 0.457052481829 0.99999990569 0.439516 0 0
244 17 13 1.10070933104 5.66587848951 1.56477175661e-09 0.545007329307 0.457072798 0.999999935809 0.356118 0 0
244.1 17 13 1.10069142558 5.66563553554 1.53807855341e-09 0.544983096776 0.457093108359 0.999999918883 0.512799 0 0
244.2 17 13 1.10067356199 5.66569835421 1.38668043714e-09 0.54495891872 0.457113419187 0.999999927376 0.353926 0 0
244.3 17 13 1.10065378153 5.6653205905 1.42600131703e-09 0.544934784487 0.457133733697 0.999999906965 0.356166 0 0
244.4 17 13 1.10063729461 5.66511127115 1.39216327355e-09 0.544910680185 0.457154007809 0.999999921211 0.514104 0 0
244.5 17 13 1.10062252051 5.66475898598 1.45250045325e-09 0.544886604205 0.457174239068 0.999999915434 0.512982 0 0
244.6 17 13 1.10060902029 5.66460690432 1.6126284752e-09 0.544862567255 0.457194481409 0.999999922951 0.356141 0 0
244.7 17 13 1.10059232055 5.66443577772 1.56580082233e-09 0.544838557704 0.457214720352 0.999999901739 0.511497 0 0
244.8 17 13 1.1005793273 5.66431762021 1.46603507112e-09 0.544814571849 0.457234947256 0.999999919521 0.443185 0 0
244.9 17 13 1.10056980342 5.66421090688 1.53002965853e-09 0.544790604095 0.457255181564 0.999999911886 0.443312 0 0
245 17 13 1.10056108076 5.66410364911 1.43604739211e-09 0.544766680227 0.457275422583 0.999999915706 0.357534 0 0
245.1 17 13 1.10055298378 5.6640474112 1.45192013967e-09 0.544742791662 0.4572956452 0.999999918306 0.440717 0 0
245.2 17 13 1.10054683745 5.66404724389 1.33926958412e-09 0.544718918805 0.457315850702 0.999999930004 0.513463 0 0
245.3 17 13 1.10054067531 5.66405664943 1.50522905251e-09 0.544695091964 0.45733603697 0.999999906501 0.441085 0 0
245.4 17 13 1.10053732074 5.66406607377 1.37764966102e-09 0.544671303445 0.457356188189 0.999999928352 0.441166 0 0
245.5 17 13 1.10053497537 5.66413720519 1.33376110156e-09 0.544647537165 0.457376352329 0.999999924661 0.440358 0 0
245.6 17 13 1.10053298258 5.66422828275 1.1919975007e-09 0.544623805625 0.457396510155 0.999999926115 0.443372 0 0
245.7 17 13 1.10052883973 5.66482605243 1.34846434019e-09 0.544600091753 0.457416659234 0.999999920132 0.513779 0 0
245.8 17 13 1.10052304992 5.66429005147 1.32917887807e-09 0.544576403477 0.457436813206 0.999999910514 0.440225 0 0
245.9 17 13 1.10052290452 5.6645463299 1.23526333606e-09 0.544552725758 0.457456965924 0.999999911805 0.510817 0 0
246 17 13 1.10052322016 5.66464688529 1.30821575794e-09 0.544529070037 0.457477118574 0.999999909897 0.438991 0 0
246.1 17 13 1.10052636526 5.66465748987 1.44131118152e-09 0.544505424776 0.45749728302 0.999999919612 0.512318 0 0
246.2 17 13 1.10052757247 5.66483089156 1.55219481712e-09 0.544481804179 0.457517477896 0.999999921965 0.356266 0 0
246.3 17 13 1.10053177327 5.66495885713 1.4695310524e-09 0.544458181439 0.457537656894 0.99999990323 0.512784 0 0
246.4 17 13 1.10053592271 5.66517786926 1.46697021197e-09 0.544434583561 0.457557848093 0.999999932436 0.439986 0 0
246.5 17 13 1.10054170236 5.66540266663 1.34073419034e-09 0.544410998599 0.45757802691 0.99999992028 0.438716 0 0
246.6 17 13 1.10054686672 5.66573518032 1.31445787588e-09 0.54438743044 0.457598196529 0.999999914419 0.439096 0 0
246.7 17 13 1.10055131221 5.66601222122 1.30843780255e-09 0.544363862826 0.457618419716 0.999999909475 0.440826 0 0
246.8 17 13 1.10055518819 5.66609926727 1.38679367989e-09 0.54434029426 0.457638631223 0.999999900911 0.439435 0 0
246.9 17 13 1.10055800838 5.66616135265 1.46235545895e-09 0.544316727206 0.457658815615 0.999999909751 0.511213 0 0
247 17 13 1.10056557977 5.6665355909 1.6318959517e-09 0.544293140519 0.45767896443 0.999999923447 0.511887 0 0
247.1 17 13 1.1005726617 5.66663690753 1.63599778169e-09 0.544269549111 0.457699128097 0.999999930307 0.356982 0 0
247.2 17 13 1.10057937561 5.66686931107 1.41435918533e-09 0.544245944039 0.457719264918 0.999999908753 0.441465 0 0
247.3 17 13 1.10058281427 5.66706643296 1.54246948547e-09 0.54422232118 0.457739387945 0.999999904571 0.440096 0 0
247.4 17 13 1.10058744094 5.66733768024 1.63625890615e-09 0.544198672224 0.457759534464 0.999999906398 0.356523 0 0
247.5 17 13 1.10059059069 5.66745234544 1.5848580226e-09 0.544175014621 0.457779646901 0.99999991371 0.514442 0 0
247.6 17 13 1.10059717444 5.66770807258 1.41037437285e-09 0.544151327246 0.457799789182 0.999999923996 0.439792 0 0
247.7 17 13 1.10060157194 5.66803764657 1.49131007543e-09 0.544127622664 0.457819952528 0.999999923481 0.361615 0 0
247.8 17 13 1.10060324034 5.66821859997 1.48623424678e-09 0.5441038821 0.45784013451 0.99999989919 0.441226 0 0
247.9 17 13 1.10060642579 5.668233744 1.35267252954e-09 0.54408011222 0.457860348739 0.999999916123 0.43975 0 0
248 17 13 1.10060953279 5.66857469441 1.43840828137e-09 0.544056293188 0.457880562677 0.999999922647 0.51423 0 0
248.1 17 13 1.10061146124 5.66855949663 1.61858060288e-09 0.544032427131 0.457900805127 0.999999916909 0.441316 0 0
248.2 17 13 1.10061282058 5.66868020737 1.47186884902e-09 0.544008521988 0.457921066271 0.999999918496 0.440996 0 0
248.3 17 13 1.10061171993 5.6689304005 1.51722201469e-09 0.543984548953 0.457941354119 0.999999918309 0.358202 0 0
248.4 17 13 1.10060984912 5.66890096108 1.54422341581e-09 0.543960509713 0.457961648387 0.999999918834 0.511093 0 0
248.5 17 13 1.10060667532 5.66899678431 1.61999968995e-09 0.543936392144 0.457981974356 0.999999912485 0.356558 0 0
248.6 17 13 1.10060267775 5.66906000756 1.63544955356e-09 0.543912206532 0.458002311264 0.999999916249 0.442317 0 0
248.7 17 13 1.10059612231 5.6690583935 2.06616079801e-09 0.543887940478 0.458022670291 0.99999990205 0.51266 0 0
248.8 17 13 1.10059159969 5.66909736938 2.1668453698e-09 0.543863591077 0.458043049901 0.999999920537 0.511954 0 0
248.9 17 13 1.10058586438 5.66912279106 2.20579554622e-09 0.5438391394 0.458063452228 0.999999924901 0.440165 0 0
249 17 13 1.10057670824 5.66907531494 1.99949146129e-09 0.543814594439 0.458083892248 0.999999911643 0.356876 0 0
249.1 17 13 1.10056588827 5.66898753839 1.76571512966e-09 0.543789962134 0.458104336101 0.999999906168 0.442629 0 0
249.2 17 13 1.10055449982 5.66902172878 1.65991520529e-09 0.543765243224 0.458124801861 0.999999904579 0.513894 0 0
249.3 17 13 1.10054215684 5.66880416355 1.64638214173e-09 0.543740419509 0.458145275221 0.99999990902 0.510556 0 0
249.4 17 13 1.10052950816 5.66870945857 1.72752900873e-09 0.543715497399 0.458165766578 0.99999992078 0.439305 0 0
249.5 17 13 1.10051306282 5.66873605318 1.80169656971e-09 0.543690475797 0.4581862822 0.999999893352 0.438252 0 0
249.6 17 13 1.10049582385 5.66824975499 1.82020665207e-09 0.543665340049 0.458206844107 0.999999885684 0.439965 0 0
249.7 17 13 1.10047732422 5.66801559423 1.84083370769e-09 0.543640141073 0.458227437318 0.999999889308 0.514182 0 0
249.8 17 13 1.1004546315 5.66773805365 1.83791792896e-09 0.543614862097 0.45824804392 0.999999891657 0.439233 0 0
249.9 17 13 1.10043366224 5.66759245235 1.74544412257e-09 0.543589488465 0.458268668756 0.99999990745 0.439365 0 0
250 17 13 1.10040870241 5.66726725674 1.40996325726e-09 0.543564039823 0.458289328952 0.999999880065 0.440074 0 0
250.1 17 13 1.10038095596 5.66688401251 1.80277348605e-09 0.543538499152 0.458310016691 0.999999884806 0.438873 0 0
250.2 17 13 1.10035553369 5.66643690425 2.043789471e-09 0.54351288847 0.458330792906 0.999999894672 0.438178 0 0
250.3 17 13 1.10032945074 5.66641560593 1.92821181244e-09 0.543487216974 0.458351611911 0.999999902379 0.356003 0 0
250.4 17 13 1.10030181466 5.66605825112 2.00512828563e-09 0.543461464499 0.458372438051 0.999999903479 0.355417 0 0
250.5 17 13 1.10027259335 5.66532168097 1.96499450045e-09 0.543435645969 0.458393282381 0.999999900645 0.440872 0 0
250.6 17 13 1.10024403558 5.66502521634 1.83951343047e-09 0.543409790125 0.458414146744 0.999999897464 0.511752 0 0
250.7 17 13 1.10021253736 5.66446104962 1.59265900468e-09 0.543383872149 0.458435021635 0.999999899049 0.44008 0 0
250.8 17 13 1.10017925565 5.66396464227 1.5049487212e-09 0.543357905186 0.458455922637 0.999999905439 0.355972 0 0
250.9 17 13 1.1001462334 5.66350125033 1.42923184399e-09 0.543331887681 0.458476864951 0.999999899213 0.442322 0 0
251 17 13 1.10011213911 5.66324202859 1.61334801074e-09 0.543305850771 0.45849783336 0.999999908957 0.514456 0 0
251.1 17 13 1.10007446448 5.66258126504 1.7913904804e-09 0.543279789976 0.4585188446 0.999999887799 0.439427 0 0
251.2 17 13 1.10004023573 5.66209994564 1.51620938027e-09 0.543253728296 0.458539874998 0.999999912651 0.511212 0 0
251.3 17 13 1.1000024141 5.66158897593 1.5029575362e-09 0.543227692806 0.45856092315 0.999999905598 0.512422 0 0
251.4 17 13 1.09996830442 5.66120708292 1.53602075503e-09 0.543201654184 0.458582006247 0.999999910831 0.356671 0 0
251.5 17 13 1.09993103849 5.66055957339 1.57344581808e-09 0.543175637245 0.458603118316 0.999999905963 0.355325 0 0
251.6 17 13 1.09989485917 5.66006073447 1.52606272064e-09 0.543149645342 0.458624236161 0.99999990858 0.510458 0 0
251.7 17 13 1.09985980841 5.65951201234 1.5682468657e-09 0.54312366067 0.458645398749 0.999999910983 0.438904 0 0
251.8 17 13 1.09982130108 5.65911819371 1.65850433387e-09 0.543097708672 0.458666588653 0.999999915598 0.356657 0 0
251.9 17 13 1.09978498085 5.65848094145 1.69816449791e-09 0.543071760342 0.458687800502 0.999999914273 0.359845 0 0
252 17 13 1.09975008887 5.65811970564 1.41177414203e-09 0.543045840434 0.458709010951 0.999999911559 0.513268 0 0
252.1 17 13 1.09971290133 5.65733178991 1.4389012204e-09 0.543019945565 0.45873025395 0.999999917762 0.355833 0 0
252.2 17 13 1.09967478404 5.65687251277 1.38435651831e-09 0.542994073012 0.458751507569 0.999999907644 0.516212 0 0
252.3 17 13 1.09963385715 5.65616611153 1.47567913444e-09 0.542968196795 0.458772765939 0.999999902724 0.441419 0 0
252.4 17 13 1.09959573723 5.65536538391 1.66716884742e-09 0.542942335569 0.458794017318 0.999999911453 0.443232 0 0
252.5 17 13 1.09956077916 5.65479210964 1.67188074496e-09 0.542916475637 0.458815321584 0.999999916017 0.512185 0 0
252.6 17 13 1.09952617459 5.65417486832 1.66073710339e-09 0.542890622022 0.458836642676 0.999999889486 0.511963 0 0
252.7 17 13 1.09949381744 5.65381629058 1.70583280834e-09 0.542864787988 0.458857976035 0.999999920047 0.439858 0 0
252.8 17 14 1.09946006239 5.65326252249 1.71738578914e-09 0.542838956003 0.458879325349 0.999999898827 0.440332 0 0
252.9 17 13 1.09942537116 5.65275441463 1.72875680438e-09 0.542813114318 0.458900671854 0.999999908106 0.439051 0 0
253 17 14 1.09939402467 5.65210986371 1.52799073394e-09 0.542787269852 0.458922060928 0.999999901397 0.354776 0 0
253.1 17 13 1.09935972437 5.65150122023 1.68307223714e-09 0.542761438445 0.458943480315 0.999999927366 0.44117 0 0
253.2 17 13 1.09932945443 5.65099267124 1.6818862969e-09 0.542735591222 0.458964926666 0.99999991641 0.440719 0 0
253.3 17 13 1.0993001066 5.65048815499 1.65865676749e-09 0.542709747144 0.458986410101 0.999999906152 0.440288 0 0
253.4 17 13 1.09927365943 5.64992522051 1.46664347334e-09 0.542683881896 0.459007925012 0.999999926385 0.438664 0 0
253.5 17 13 1.09924649571 5.64975216311 1.50106815866e-09 0.542657990514 0.459029457946 0.999999907213 0.44195 0 0
253.6 17 13 1.09922278911 5.64889558912 1.49216916601e-09 0.54263207644 0.459051037747 0.999999930663 0.357678 0 0
253.7 17 13 1.09919929534 5.64847120401 1.43178524592e-09 0.542606117102 0.459072631823 0.999999923131 0.438411 0 0
253.8 17 13 1.09917523408 5.64812725853 1.4822340022e-09 0.542580096404 0.459094248528 0.999999926293 0.355286 0 0
253.9 17 13 1.09915122202 5.64756821339 1.40547051775e-09 0.542554017061 0.459115889018 0.99999991378 0.35456 0 0
254 17 13 1.09912995296 5.64714499624 1.39970646185e-09 0.542527880509 0.459137548255 0.999999916603 0.438865 0 0
254.1 17 13 1.09910620543 5.64667974704 1.57267676659e-09 0.542501667683 0.459159215712 0.999999904308 0.439369 0 0
254.2 17 13 1.09908789 5.64633145498 1.66447489125e-09 0.54247535491 0.45918091251 0.999999928737 0.442003 0 0
254.3 17 13 1.09907124229 5.64595493432 1.76318015743e-09 0.542448949759 0.459202641336 0.999999930393 0.362725 0 0
254.4 17 13 1.09905365636 5.64564079046 1.74869219105e-09 0.542422454024 0.459224386521 0.999999905853 0.441883 0 0
254.5 17 13 1.09903515492 5.64545212692 1.59731983196e-09 0.542395864401 0.459246107483 0.999999911048 0.440925 0 0
254.6 17 13 1.09901989058 5.64483658423 1.46159151448e-09 0.542369161932 0.459267839428 0.999999918009 0.357161 0 0
254.7 17 13 1.09900265006 5.64463078723 1.37707634185e-09 0.54234236258 0.459289569949 0.999999902131 0.511618 0 0
254.8 17 13 1.09898792114 5.64456817202 1.28067989547e-09 0.542315464201 0.459311295347 0.999999897449 0.4393 0 0
254.9 17 13 1.09897527968 5.64403683601 1.40271572135e-09 0.542288445785 0.459333019469 0.99999992417 0.511315 0 0
255 17 13 1.09896035012 5.6436796474 1.37546996015e-09 0.542261306731 0.45935477147 0.999999911435 0.51291 0 0
255.1 17 13 1.09894600485 5.64323484044 1.31920963042e-09 0.542234031527 0.459376508031 0.999999904082 0.515139 0 0
255.2 17 13 1.09893593927 5.64288921276 1.33454358675e-09 0.542206622903 0.459398256341 0.999999917645 0.512413 0 0
255.3 17 13 1.09892705849 5.6427901418 1.3918349806e-09 0.542179091637 0.459420045119 0.999999914109 0.356153 0 0
255.4 17 13 1.09891970878 5.64244310451 1.35545386026e-09 0.542151444083 0.459441830846 0.999999919581 0.44027 0 0
255.5 17 13 1.09891124206 5.6421319329 1.40849387709e-09 0.542123673748 0.459463629382 0.999999924684 0.438907 0 0
255.6 17 13 1.09890536901 5.64200739559 1.37989897286e-09 0.542095764945 0.459485442089 0.999999933283 0.44039 0 0
255.7 17 13 1.09889628415 5.64192889609 1.60541513416e-09 0.542067735337 0.459507272291 0.999999918891 0.35539 0 0
255.8 17 13 1.09888874589 5.64156661517 1.47488365965e-09 0.542039589295 0.459529108005 0.999999905251 0.442021 0 0
255.9 17 13 1.09888129249 5.64175746248 1.47502832171e-09 0.542011308807 0.459550962609 0.999999909404 0.356505 0 0
256 17 13 1.09887342934 5.64126495864 1.47467593692e-09 0.541982923183 0.459572833737 0.99999989082 0.35734 0 0
256.1 17 13 1.09886512504 5.64093019847 1.45933864992e-09 0.541954442698 0.459594720224 0.99999990721 0.360912 0 0
256.2 17 13 1.09885734642 5.64115981697 1.44809841895e-09 0.541925834628 0.459616631913 0.999999885392 0.441068 0 0
256.3 17 13 1.09885203821 5.64091809492 1.39473976812e-09 0.541897133098 0.459638539494 0.999999927923 0.439766 0 0
256.4 17 13 1.09884691482 5.64050480441 1.41265776854e-09 0.54186830294 0.459660413202 0.999999924928 0.44047 0 0
256.5 17 13 1.0988386164 5.64075437073 1.40026146234e-09 0.541839349133 0.459682285451 0.999999913148 0.438994 0 0
256.6 17 13 1.09883158217 5.64012932332 1.58215507362e-09 0.541810262244 0.459704188741 0.999999915032 0.356911 0 0
256.7 17 13 1.09882575833 5.64021388473 1.50964662993e-09 0.541781073236 0.459726077366 0.999999935228 0.439127 0 0
256.8 17 13 1.09881916642 5.64009879167 1.53783230594e-09 0.541751764999 0.459747963845 0.999999925041 0.356156 0 0
256.9 17 13 1.09880893449 5.63999066677 1.32695843202e-09 0.541722350886 0.459769860192 0.999999911549 0.510779 0 0
257 17 13 1.09879888722 5.63958252524 1.41850520219e-09 0.541692816117 0.459791756289 0.999999908524 0.439683 0 0
257.1 17 13 1.09878633444 5.639403743 1.54784063344e-09 0.541663183391 0.459813651551 0.999999910698 0.357054 0 0
257.2 17 13 1.09877519982 5.63924688047 1.64425328908e-09 0.541633424752 0.459835564387 0.999999927699 0.356944 0 0
257.3 17 13 1.09876299426 5.63921492102 1.65086366799e-09 0.541603568645 0.459857484004 0.999999911811 0.443471 0 0
257.4 17 13 1.09875036655 5.638851356 1.66339630958e-09 0.541573609469 0.459879415771 0.999999911209 0.514497 0 0
257.5 17 13 1.09873439643 5.63886023638 1.71282954486e-09 0.541543539803 0.459901366858 0.999999898737 0.440923 0 0
257.6 17 13 1.09871996276 5.63839288077 1.57727708672e-09 0.541513359954 0.459923345953 0.999999912512 0.441097 0 0
257.7 17 13 1.09870491345 5.63850147889 1.80573389574e-09 0.541483071228 0.459945300471 0.999999920612 0.517508 0 0
257.8 17 13 1.09869011272 5.63795540979 1.77562231585e-09 0.541452678254 0.459967290302 0.999999906601 0.356833 0 0
257.9 17 13 1.09867489902 5.63774878167 1.56070001367e-09 0.541422176445 0.459989307459 0.999999924528 0.513406 0 0
258 17 13 1.09865544564 5.6377348202 1.52919943375e-09 0.54139155963 0.460011352383 0.999999899627 0.514235 0 0
258.1 17 13 1.09863678194 5.63730589901 1.87254411976e-09 0.541360822343 0.46003340826 0.999999926254 0.511122 0 0
258.2 17 13 1.09861586656 5.63697428866 1.54281543097e-09 0.541329972695 0.460055475851 0.999999901289 0.512083 0 0
258.3 17 13 1.09859643145 5.63658011939 1.37116451526e-09 0.541299006259 0.460077569409 0.99999992058 0.510859 0 0
258.4 17 13 1.09857649587 5.63646860977 1.39047062753e-09 0.541267917663 0.460099690117 0.999999922509 0.438435 0 0
258.5 17 13 1.0985572524 5.63633718973 1.47165657438e-09 0.54123670445 0.460121852712 0.99999992301 0.356855 0 0
258.6 17 13 1.09853644594 5.6360145435 1.31785571345e-09 0.541205365103 0.46014405784 0.999999934751 0.35731 0 0
258.7 17 13 1.09851489827 5.63567521928 1.25491150804e-09 0.541173896867 0.46016629231 0.999999920146 0.43954 0 0
258.8 17 13 1.09849048837 5.63525852913 1.28284960432e-09 0.541142315253 0.46018859723 0.999999908592 0.356207 0 0
258.9 17 13 1.09846707942 5.63503384953 1.51238732649e-09 0.541110600676 0.460210949581 0.999999927448 0.355593 0 0
259 17 13 1.09844373956 5.63466446228 1.32883681836e-09 0.54107876264 0.460233348794 0.999999926811 0.439313 0 0
259.1 17 13 1.09841585625 5.6343649651 1.28489829887e-09 0.541046807528 0.460255757156 0.999999903631 0.357921 0 0
259.2 17 13 1.09838478702 5.63397321095 1.34102062788e-09 0.541014713624 0.460278226052 0.999999892353 0.513149 0 0
259.3 17 13 1.0983530783 5.63326958875 1.40972877816e-09 0.540982484609 0.460300737785 0.999999897104 0.511264 0 0
259.4 17 13 1.0983218045 5.63285653431 1.42504696932e-09 0.540950123022 0.460323309571 0.999999908008 0.516431 0 0
259.5 17 13 1.09829381384 5.63250556262 1.40814815364e-09 0.54091761184 0.460345975402 0.999999916105 0.442182 0 0
259.6 17 13 1.09826478138 5.63208422597 1.35053168648e-09 0.54088497039 0.460368699532 0.999999927474 0.438676 0 0
259.7 17 13 1.09823145209 5.63170866772 1.35543432034e-09 0.540852193223 0.460391491237 0.999999918301 0.441329 0 0
259.8 17 13 1.09820036549 5.6311277112 1.59145974177e-09 0.54081924961 0.460414345522 0.999999904104 0.441071 0 0
259.9 17 13 1.09816894341 5.63076254164 1.54390400464e-09 0.540786172167 0.460437297642 0.999999913135 0.43851 0 0
260 17 13 1.09813973081 5.63045226634 1.34318800527e-09 0.540752930492 0.460460298344 0.999999934025 0.356596 0 0
260.1 17 13 1.09810913692 5.62972618554 1.25654464611e-09 0.540719548359 0.460483368859 0.999999921129 0.440346 0 0
260.2 17 13 1.09807858308 5.62929563877 1.316190823e-09 0.540686007022 0.460506514469 0.999999914635 0.355565 0 0
260.3 17 13 1.09804712123 5.62890590685 1.35895050768e-09 0.540652326226 0.460529732531 0.999999921317 0.359858 0 0
260.4 17 13 1.09801466726 5.62845834349 1.33056932139e-09 0.540618502004 0.460553012168 0.999999919481 0.438857 0 0
260.5 17 13 1.09798291996 5.62796654659 1.49334034028e-09 0.54058451868 0.460576375975 0.999999912039 0.439965 0 0
260.6 17 13 1.09795027313 5.62719923386 1.26653143528e-09 0.540550401145 0.460599796417 0.999999905219 0.359332 0 0
260.7 17 13 1.0979180858 5.62670162965 1.29245636415e-09 0.540516154155 0.460623246297 0.999999913985 0.512441 0 0
260.8 17 13 1.09788483751 5.62622536472 1.34120359263e-09 0.540481774942 0.460646751938 0.999999918125 0.43946 0 0
260.9 17 13 1.09786064188 5.62564552456 1.4799446113e-09 0.540447251829 0.460670288612 0.999999914415 0.440816 0 0
261 17 13 1.09783254558 5.62513863116 1.48005241396e-09 0.540412608224 0.460693890618 0.999999905105 0.439074 0 0
261.1 17 13 1.09780555797 5.62455462824 1.43092060423e-09 0.540377824812 0.460717526319 0.999999925072 0.510143 0 0
261.2 17 13 1.09777840929 5.62410200181 1.51489609745e-09 0.540342919316 0.46074119065 0.999999907743 0.440373 0 0
261.3 17 13 1.09775521052 5.62354569712 1.49576373509e-09 0.540307894033 0.460764916461 0.999999930672 0.441376 0 0
261.4 17 13 1.09773062405 5.62314146265 1.64300617556e-09 0.540272743779 0.460788674932 0.999999914436 0.355774 0 0
261.5 17 13 1.09770408916 5.62438628078 1.67666047712e-09 0.540237518009 0.460812480371 0.999999922836 0.439322 0 0
261.6 17 13 1.09767832634 5.6239409131 1.67285407748e-09 0.540202193931 0.460836317976 0.999999914066 0.442045 0 0
261.7 17 13 1.0976535297 5.62329019889 1.61522184516e-09 0.540166779319 0.460860193104 0.999999926022 0.439423 0 0
261.8 17 13 1.09763067113 5.62286533537 1.65324876011e-09 0.540131279962 0.460884069887 0.999999921289 0.438486 0 0
261.9 17 13 1.0976075257 5.62226841001 1.63648905538e-09 0.540095711716 0.460907969268 0.999999932295 0.35811 0 0
262 17 13 1.0975805906 5.62191652069 1.54517398876e-09 0.540060096227 0.460931884716 0.99999992817 0.440838 0 0
262.1 17 13 1.09755443854 5.62129460499 1.41372780149e-09 0.540024425909 0.460955792353 0.999999920016 0.511817 0 0
262.2 17 13 1.09752780695 5.62062613467 1.68487634955e-09 0.53998873006 0.460979680392 0.999999927797 0.512719 0 0
262.3 17 13 1.09749929199 5.62017017766 1.80497139457e-09 0.539953019361 0.461003542065 0.999999905523 0.440173 0 0
262.4 17 13 1.09747234547 5.61956810172 1.76225833926e-09 0.539917278494 0.46102737493 0.999999929684 0.512031 0 0
262.5 17 13 1.0974464132 5.61914309987 1.63990165891e-09 0.539881545445 0.461051196661 0.999999925645 0.3562 0 0
262.6 17 13 1.09741754571 5.61870179019 1.59863700055e-09 0.539845813384 0.461075016486 0.999999916661 0.442589 0 0
262.7 17 13 1.09739190116 5.61788894047 1.46292311598e-09 0.539810107917 0.461098813749 0.999999905548 0.438096 0 0
262.8 17 13 1.09736162915 5.61741691929 1.4553710459e-09 0.539774435871 0.461122617261 0.999999899532 0.439582 0 0
262.9 17 13 1.0973348708 5.61714618257 1.55675350388e-09 0.539738809055 0.461146404795 0.999999915104 0.512325 0 0
263 17 13 1.09730964025 5.61621299505 1.7185459722e-09 0.539703228092 0.46117019535 0.999999932979 0.441231 0 0
263.1 17 13 1.09728294726 5.61571100275 1.6587314855e-09 0.539667712082 0.461194023879 0.999999935423 0.357324 0 0
263.2 17 13 1.09725253285 5.6153399686 1.51745838117e-09 0.539632269305 0.461217866038 0.999999922155 0.442122 0 0
263.3 17 13 1.09722249573 5.61467133646 1.66604352536e-09 0.539596891544 0.461241736278 0.999999934085 0.355257 0 0
263.4 17 13 1.09719540274 5.61406664757 1.71713787633e-09 0.539561609687 0.461265630875 0.999999913561 0.437902 0 0
263.5 17 13 1.09716690068 5.61359056686 1.71348202294e-09 0.539526416657 0.46128960101 0.999999940151 0.440643 0 0
263.6 17 13 1.09713852052 5.6130453295 1.70001890343e-09 0.539491338288 0.461313612317 0.999999935494 0.355912 0 0
263.7 17 13 1.09710517139 5.61246325553 1.62728519548e-09 0.539456384693 0.461337677414 0.999999915039 0.443137 0 0
263.8 17 13 1.09707357782 5.61193928601 1.57492852093e-09 0.539421544198 0.46136181849 0.999999929141 0.441311 0 0
263.9 17 13 1.09704323364 5.61153176008 1.72653136232e-09 0.539386825682 0.461386038737 0.999999915652 0.356871 0 0
264 17 13 1.09701290754 5.61095971382 1.65542590747e-09 0.539352211823 0.461410326361 0.999999925668 0.441292 0 0
264.1 17 13 1.09697964642 5.61027169033 1.74091641103e-09 0.539317733741 0.46143471723 0.999999911171 0.358726 0 0
264.2 17 13 1.09694968129 5.60969085743 1.8074899355e-09 0.539283381867 0.461459183108 0.999999937493 0.511963 0 0
264.3 17 13 1.09691387443 5.60911753159 1.81883297312e-09 0.539249158863 0.461483770452 0.999999906093 0.439329 0 0
264.4 17 13 1.09687850086 5.60849263216 1.6569060568e-09 0.539215060944 0.461508471937 0.999999910287 0.361061 0 0
264.5 17 13 1.09684412412 5.60841513127 1.66208380392e-09 0.539181090434 0.461533258919 0.999999913536 0.44359 0 0
264.6 17 13 1.09680814532 5.60761662839 1.51882495469e-09 0.539147213336 0.461558196308 0.999999913732 0.514577 0 0
264.7 17 13 1.09677209068 5.60653695727 1.43282019582e-09 0.539113444159 0.46158325629 0.999999928307 0.358101 0 0
264.8 17 13 1.0967367483 5.60591009785 1.88729987194e-09 0.539079793037 0.461608425979 0.999999930319 0.514129 0 0
264.9 17 13 1.09670193966 5.6052586024 2.10552630886e-09 0.539046236683 0.461633762403 0.99999991959 0.358556 0 0
265 17 13 1.09666790787 5.60467928987 1.90352311691e-09 0.539012764341 0.46165920533 0.999999943653 0.513481 0 0
265.1 17 13 1.09663395092 5.60435267724 1.77386749733e-09 0.538979374846 0.461684787604 0.999999929916 0.441085 0 0
265.2 17 13 1.0965966591 5.60340355028 1.94729832259e-09 0.538946052898 0.461710526261 0.999999932072 0.357273 0 0
265.3 17 13 1.09655941676 5.60267623517 1.90577775783e-09 0.538912805405 0.461736401597 0.999999911854 0.440556 0 0
265.4 17 13 1.09652268546 5.6020938157 1.94078975113e-09 0.538879627254 0.461762425571 0.999999930863 0.444302 0 0
265.5 17 13 1.09648375104 5.60137747483 1.96967819832e-09 0.538846475921 0.461788620495 0.99999991956 0.440045 0 0
265.6 17 13 1.09644307857 5.60103157654 1.81180948022e-09 0.538813325503 0.461814950478 0.999999926761 0.442046 0 0
265.7 17 13 1.09640220946 5.60005879901 1.70351621698e-09 0.538780200132 0.461841452615 0.999999919171 0.357659 0 0
265.8 17 13 1.09636246632 5.59942960261 1.62087598898e-09 0.538747078509 0.461868095767 0.999999921869 0.441255 0 0
265.9 17 13 1.09632036511 5.59875057862 1.61907465213e-09 0.538713944389 0.461894914206 0.999999909114 0.355982 0 0
266 17 13 1.09628529602 5.59812076053 1.53801138492e-09 0.538680795319 0.461921866397 0.999999930351 0.511238 0 0
266.1 17 13 1.09625054592 5.59763832026 1.50912105035e-09 0.538647617953 0.461948978217 0.999999939636 0.358193 0 0
266.2 17 13 1.09621648291 5.59687897346 1.63218427662e-09 0.538614411408 0.461976228183 0.999999927571 0.354594 0 0
266.3 17 13 1.09618238876 5.59627675431 1.56702018028e-09 0.538581151532 0.462003622873 0.999999931362 0.511403 0 0
266.4 17 13 1.09614822248 5.59573999371 1.62471136544e-09 0.538547845439 0.462031144524 0.999999915431 0.511492 0 0
266.5 17 13 1.09611133262 5.59499663629 1.55750590203e-09 0.538514477591 0.46205880387 0.999999922954 0.440845 0 0
266.6 17 13 1.0960750481 5.59437428634 1.46792544786e-09 0.538481028193 0.46208657537 0.999999913175 0.51248 0 0
266.7 17 13 1.09603865836 5.59363849645 1.49160572782e-09 0.538447501415 0.462114485694 0.999999921939 0.512227 0 0
266.8 17 13 1.09600522708 5.59298333945 1.56433466181e-09 0.538413893631 0.462142528839 0.999999921621 0.442833 0 0
266.9 17 13 1.09596848606 5.59231685132 1.55327084528e-09 0.538380193156 0.462170675898 0.999999913691 0.44185 0 0
267 17 13 1.09592984505 5.59162417147 1.37819622381e-09 0.538346381623 0.462198944809 0.99999991531 0.438821 0 0
267.1 17 13 1.09589202619 5.59106361355 1.42417044824e-09 0.538312473078 0.462227308192 0.999999918221 0.512985 0 0
267.2 17 13 1.09585768738 5.59034810674 1.4126068093e-09 0.538278456272 0.4622557762 0.999999918021 0.357847 0 0
267.3 17 13 1.09582056134 5.58968769107 1.2805521088e-09 0.538244341383 0.462284351056 0.999999920053 0.441054 0 0
267.4 17 13 1.09578835887 5.58908611795 1.31384525481e-09 0.538210117581 0.462313016634 0.999999929832 0.51388 0 0
267.5 17 13 1.09575631903 5.58848032624 1.38552369577e-09 0.538175789577 0.462341750048 0.999999930541 0.356173 0 0
267.6 17 13 1.09572389749 5.58829376702 1.28857835513e-09 0.538141360975 0.462370553447 0.999999915811 0.515632 0 0
267.7 17 13 1.0956900461 5.58730732503 1.26884991403e-09 0.538106824243 0.462399420735 0.999999925765 0.358669 0 0
267.8 17 13 1.09565388888 5.58678501484 1.53880275189e-09 0.538072177834 0.462428341445 0.999999914835 0.440489 0 0
267.9 17 13 1.09562247801 5.5861435742 1.5862110514e-09 0.538037425562 0.462457303815 0.99999993074 0.444319 0 0
268 17 13 1.09559263399 5.5856791868 1.37967359759e-09 0.538002570091 0.462486316902 0.999999922427 0.442438 0 0
268.1 17 13 1.09556113037 5.58514562488 1.35771616172e-09 0.537967619521 0.462515372219 0.999999929642 0.440471 0 0
268.2 17 13 1.09552920988 5.5844887339 1.37110134357e-09 0.537932559873 0.462544458073 0.999999913211 0.355922 0 0
268.3 17 13 1.09550244814 5.58406350948 1.33906119526e-09 0.537897411416 0.462573565098 0.999999941124 0.439689 0 0
268.4 17 13 1.09547617009 5.58359932031 1.56407886642e-09 0.53786218458 0.462602699399 0.999999931715 0.438817 0 0
268.5 17 13 1.0954504163 5.58315145778 1.62552060701e-09 0.537826877596 0.462631837067 0.999999938216 0.51076 0 0
268.6 17 13 1.09542517126 5.58273389325 1.53269619219e-09 0.537791493859 0.462661000967 0.999999936621 0.439543 0 0
268.7 17 13 1.0953948575 5.58240397317 1.4744812038e-09 0.53775602682 0.462690176481 0.999999907962 0.513178 0 0
268.8 17 13 1.09537155295 5.58203320036 1.51513013247e-09 0.537720472103 0.462719349149 0.999999922063 0.513024 0 0
268.9 17 13 1.09534411277 5.58156221346 1.61362967432e-09 0.537684856513 0.462748532305 0.999999917465 0.4428 0 0
269 17 13 1.09532483598 5.58125197026 1.59931545785e-09 0.537649158977 0.462777709171 0.999999930833 0.360145 0 0
269.1 17 13 1.09530213913 5.58079755722 1.65444502542e-09 0.537613394608 0.462806875423 0.999999908034 0.44005 0 0
269.2 17 13 1.09528304728 5.58053247579 1.67636493575e-09 0.537577587971 0.462836046785 0.999999932718 0.513201 0 0
269.3 17 13 1.09526580602 5.58014717781 1.6009037429e-09 0.537541712152 0.462865201993 0.999999933653 0.439641 0 0
269.4 17 13 1.0952444743 5.57983975405 1.52637302797e-09 0.537505790203 0.462894364642 0.999999911596 0.441023 0 0
269.5 17 13 1.09522636553 5.58003703713 1.5603098813e-09 0.537469811435 0.462923529028 0.999999921606 0.441796 0 0
269.6 17 13 1.09521002334 5.5793619996 1.5130534603e-09 0.537433775098 0.462952683829 0.999999936549 0.440933 0 0
269.7 17 13 1.09519285988 5.57922653656 1.51623802402e-09 0.537397682972 0.462981840725 0.999999919792 0.43905 0 0
269.8 17 13 1.09517664392 5.57888344501 1.49441103936e-09 0.537361548831 0.463010999163 0.999999924984 0.441982 0 0
269.9 17 13 1.09515738005 5.57876938888 1.53451840124e-09 0.537325364656 0.463040189082 0.999999912159 0.440574 0 0
270 17 13 1.09513957175 5.5785887965 1.67407065987e-09 0.537289119835 0.463069367012 0.999999914263 0.439983 0 0
270.1 17 13 1.09512560555 5.57839014604 1.72745440175e-09 0.537252830273 0.463098544551 0.999999928916 0.441807 0 0
270.2 17 13 1.09511146126 5.5781721461 1.6898451527e-09 0.537216492682 0.463127739392 0.999999929736 0.440629 0 0
270.3 17 13 1.09509528633 5.57812888444 1.57508450727e-09 0.537180118988 0.463156959469 0.999999905435 0.512281 0 0
270.4 17 13 1.09507699493 5.57779071958 1.63656255214e-09 0.537143689415 0.463186215722 0.999999923374 0.440439 0 0
270.5 17 13 1.09505857259 5.57769231397 1.54364221405e-09 0.537107228024 0.463215478874 0.999999922805 0.440262 0 0
270.6 17 13 1.09504466093 5.57771416232 1.37563016533e-09 0.537070714934 0.46324476785 0.999999927992 0.511666 0 0
270.7 17 13 1.09503140895 5.57744106854 1.34347633018e-09 0.537034168614 0.463274112804 0.999999926907 0.356685 0 0
270.8 17 13 1.09501621411 5.57784926747 1.37627342855e-09 0.53699759794 0.463303492146 0.999999917783 0.440643 0 0
270.9 17 13 1.09500273865 5.5771847442 1.41200939829e-09 0.536960989497 0.463332921244 0.999999940034 0.439867 0 0
271 17 13 1.09498662913 5.57717295122 1.46615908303e-09 0.536924329509 0.463362400449 0.99999992933 0.35591 0 0
271.1 17 13 1.09497064031 5.57706306429 1.48709633496e-09 0.536887641567 0.463391924769 0.99999991414 0.439894 0 0
271.2 17 13 1.09495437136 5.57724063265 1.49964507479e-09 0.536850915868 0.463421512299 0.99999990645 0.357059 0 0
271.3 17 13 1.0949396782 5.57681419409 1.45890066694e-09 0.536814151499 0.463451163752 0.99999992316 0.510871 0 0
271.4 17 13 1.09492404618 5.57672973281 1.47923562288e-09 0.536777363158 0.46348090443 0.999999920995 0.440232 0 0
271.5 17 13 1.09490219539 5.57649546218 1.39957367917e-09 0.536740540101 0.463510740264 0.999999891391 0.438451 0 0
271.6 17 13 1.09488178966 5.57619877105 1.40734413012e-09 0.536703694895 0.463540657959 0.999999932218 0.510655 0 0
271.7 17 13 1.09486498935 5.57618421202 1.41417944022e-09 0.536666814941 0.463570702869 0.999999934189 0.440993 0 0
271.8 17 13 1.09484688796 5.5761781865 1.59843338565e-09 0.53662991478 0.463600865117 0.999999923367 0.355988 0 0
271.9 17 13 1.09482835195 5.57630704825 1.50746526373e-09 0.536592981603 0.463631126024 0.999999934161 0.439498 0 0
272 17 13 1.09480835823 5.5759500481 1.58027668729e-09 0.536556032015 0.463661506629 0.999999918826 0.442446 0 0
272.1 17 13 1.09478912985 5.57582241351 1.58305724085e-09 0.536519048346 0.463692033413 0.999999932799 0.511239 0 0
272.2 17 13 1.09476710044 5.57566496882 1.58804702721e-09 0.536482062182 0.463722699863 0.999999935006 0.441403 0 0
272.3 17 13 1.09474313357 5.57551427061 1.47290202257e-09 0.536445067014 0.463753509676 0.999999930755 0.515378 0 0
272.4 17 13 1.09472195715 5.57539781816 1.3484997563e-09 0.536408078984 0.463784464963 0.999999942033 0.44182 0 0
272.5 17 13 1.0946947602 5.57521306938 1.29773813917e-09 0.536371092977 0.463815578352 0.999999914512 0.44087 0 0
272.6 17 13 1.09466659565 5.57502138664 1.31577493345e-09 0.536334113881 0.463846849669 0.999999928141 0.43959 0 0
272.7 17 13 1.09464031417 5.57477577272 1.2875014388e-09 0.536297144433 0.463878271131 0.999999911955 0.354878 0 0
272.8 17 13 1.09461489891 5.57456435786 1.2720386966e-09 0.536260220803 0.463909819574 0.999999935382 0.43963 0 0
272.9 17 14 1.09458643468 5.57453802115 1.27211041701e-09 0.536223319117 0.463941525488 0.999999923129 0.5129 0 0
273 17 13 1.09455948582 5.57407340014 1.41323130975e-09 0.536186443001 0.463973378381 0.999999925339 0.355321 0 0
273.1 17 13 1.09453085818 5.57380960973 1.33871569385e-09 0.536149633064 0.464005374224 0.999999935002 0.44287 0 0
273.2 17 13 1.09450248213 5.57353291745 1.27879351552e-09 0.536112863188 0.464037503143 0.999999949508 0.513682 0 0
273.3 17 13 1.09447359107 5.57330041234 1.28230615015e-09 0.536076163206 0.464069778911 0.999999927126 0.442767 0 0
273.4 17 13 1.09444118037 5.57280022495 1.2075139777e-09 0.536039537199 0.464102204593 0.999999916819 0.440997 0 0
273.5 17 13 1.09440350407 5.57232610978 1.20746435073e-09 0.536003008648 0.464134746479 0.999999893148 0.511472 0 0
273.6 17 13 1.09437142739 5.57206961472 1.39766886953e-09 0.535966555806 0.464167406335 0.999999912966 0.514138 0 0
273.7 17 13 1.09433865324 5.57159514767 1.43019174281e-09 0.535930203009 0.464200180836 0.999999922129 0.444349 0 0
273.8 17 13 1.09430240736 5.57118898429 1.39854494652e-09 0.535893942215 0.464233093419 0.999999921217 0.355474 0 0
273.9 17 13 1.09426973292 5.57088686102 1.39336464589e-09 0.53585778375 0.464266105973 0.999999937283 0.356769 0 0
274 17 13 1.09423191984 5.57040459689 1.40398292992e-09 0.535821738929 0.464299218416 0.999999923629 0.43971 0 0
274.1 17 13 1.09419708117 5.57006041946 1.30584232316e-09 0.535785807121 0.464332473417 0.999999926862 0.439173 0 0
274.2 17 13 1.09415912952 5.56954475336 1.25173793553e-09 0.535750020737 0.464365825818 0.999999897085 0.440445 0 0
274.3 17 13 1.09412326428 5.56896471431 1.19682630473e-09 0.535714367512 0.464399322701 0.999999935601 0.441467 0 0
274.4 17 13 1.09408652187 5.56846454647 1.24646282185e-09 0.535678865613 0.464432952055 0.9999999208 0.356788 0 0
274.5 17 13 1.09404738297 5.56791767146 1.27827881613e-09 0.535643502465 0.464466701298 0.999999931236 0.510338 0 0
274.6 17 13 1.0940112664 5.56743312737 1.33109845368e-09 0.535608302792 0.464500581627 0.99999994276 0.439702 0 0
274.7 17 13 1.09397417203 5.56692900261 1.38685285478e-09 0.535573264094 0.464534575017 0.999999929624 0.442799 0 0
274.8 17 13 1.09393452513 5.56637635376 1.44717560158e-09 0.535538381967 0.464568693266 0.999999927203 0.358455 0 0
274.9 17 13 1.09389519475 5.56585038687 1.46239975685e-09 0.535503671075 0.464602931181 0.999999916935 0.358098 0 0
275 17 13 1.09385762935 5.56523403712 1.40932632231e-09 0.535469143555 0.464637267148 0.999999923835 0.438179 0 0
275.1 17 13 1.09381766758 5.56462772095 1.39361833185e-09 0.535434794314 0.46467169219 0.999999924727 0.438917 0 0
275.2 17 13 1.09377748374 5.56402556779 1.29978328101e-09 0.535400631113 0.464706212756 0.999999922266 0.441347 0 0
275.3 17 13 1.09374149722 5.56342512273 1.23715571121e-09 0.535366648758 0.464740796996 0.999999930244 0.51258 0 0
275.4 17 13 1.09370586992 5.56284479919 1.25570265297e-09 0.535332851635 0.46477548487 0.999999947472 0.356199 0 0
275.5 17 13 1.09366680599 5.56225768286 1.14635667625e-09 0.535299237947 0.464810216176 0.999999909294 0.439575 0 0
275.6 17 13 1.09363237511 5.56158934611 1.10733000547e-09 0.535265805726 0.464845029597 0.999999946054 0.357371 0 0
275.7 17 13 1.09359644877 5.56103540209 1.07195852195e-09 0.535232543968 0.464879874431 0.999999916439 0.438766 0 0
275.8 17 13 1.09356211132 5.56032787828 1.30039834456e-09 0.535199477961 0.464914768868 0.999999937254 0.440729 0 0
275.9 17 13 1.09352916315 5.55973841967 1.32672273168e-09 0.535166563473 0.464949695158 0.999999936338 0.357867 0 0
276 17 13 1.09349618037 5.55912004464 1.362526314e-09 0.535133819892 0.464984671824 0.999999929788 0.438561 0 0
276.1 17 13 1.09346241138 5.55850466841 1.23943177943e-09 0.5351012525 0.465019653447 0.99999993147 0.51279 0 0
276.2 17 13 1.09343193339 5.55795711706 1.26583066251e-09 0.535068840562 0.465054664241 0.999999938753 0.513245 0 0
276.3 17 13 1.093402112 5.55742349706 1.17082432638e-09 0.535036578943 0.465089720751 0.999999935132 0.358277 0 0
276.4 17 13 1.09336853161 5.55709309111 1.27612631573e-09 0.535004469644 0.465124808549 0.999999910646 0.438669 0 0
276.5 17 13 1.09333145923 5.55615069255 1.26868571204e-09 0.534972490802 0.465159911324 0.999999908248 0.440033 0 0
276.6 17 13 1.09330372985 5.55557609266 1.28444832548e-09 0.534940667706 0.465195025218 0.999999932825 0.510251 0 0
276.7 17 13 1.09327427341 5.55494148816 1.5502941153e-09 0.53490898744 0.465230138703 0.999999928964 0.440265 0 0
276.8 17 13 1.09324244919 5.55441653321 1.30938393461e-09 0.534877435212 0.465265238407 0.999999916866 0.442431 0 0
276.9 17 13 1.09321523542 5.55377415348 1.21136523035e-09 0.534845995245 0.465300309339 0.999999932291 0.44262 0 0
277 17 13 1.09318766295 5.55323040946 1.28174826308e-09 0.534814674927 0.465335361913 0.999999934044 0.357492 0 0
277.1 17 13 1.09316340478 5.55270999149 1.29040844676e-09 0.534783465043 0.465370363491 0.999999936208 0.440111 0 0
277.2 17 13 1.09313990645 5.55221684273 1.27423527285e-09 0.53475234376 0.465405309767 0.999999919535 0.441344 0 0
277.3 17 13 1.09311908755 5.55175522985 1.19739174131e-09 0.534721309045 0.465440204091 0.999999930173 0.355589 0 0
277.4 17 13 1.0930951191 5.55126951479 1.09750941668e-09 0.534690364088 0.465475043328 0.999999926185 0.356374 0 0
277.5 17 13 1.09307228159 5.55065423264 1.46131606815e-09 0.534659509747 0.4655098019 0.999999909279 0.360409 0 0
277.6 17 13 1.09304956287 5.55022748186 1.20604493059e-09 0.534628750706 0.465544473713 0.999999933616 0.356917 0 0
277.7 17 13 1.09303179443 5.54981701723 1.29187061049e-09 0.534598071457 0.465579047882 0.999999922335 0.438599 0 0
277.8 17 13 1.09301528808 5.54953238625 1.34106969973e-09 0.534567479695 0.465613525505 0.999999933293 0.439499 0 0
277.9 17 13 1.09299437815 5.54898320709 1.38413280837e-09 0.534536969478 0.465647897234 0.999999910188 0.359993 0 0
278 17 13 1.09297480408 5.54866487834 1.34773103788e-09 0.534506534958 0.465682134847 0.999999926549 0.513708 0 0
278.1 17 13 1.09295581222 5.54832457988 1.29793964465e-09 0.534476165397 0.46571625461 0.99999993225 0.438766 0 0
278.2 17 13 1.09293869325 5.54823421097 1.25748855773e-09 0.534445861916 0.465750244287 0.999999907385 0.4402 0 0
278.3 17 13 1.09292266578 5.5475377876 1.28675747835e-09 0.534415612811 0.465784104348 0.999999905652 0.356131 0 0
278.4 17 13 1.09290840729 5.54731857015 1.51644663493e-09 0.534385449484 0.465817850246 0.999999934774 0.441976 0 0
278.5 17 13 1.09289131141 5.54702708744 1.08006870114e-09 0.534355346607 0.465851458179 0.999999926817 0.356636 0 0
278.6 17 13 1.09287959827 5.54681747122 1.67647229432e-09 0.534325322973 0.465884912662 0.999999935658 0.439367 0 0
278.7 17 13 1.09286388886 5.54650924631 1.39989153602e-09 0.534295374016 0.46591822948 0.999999909032 0.440332 0 0
278.8 17 13 1.09284573884 5.5462439558 1.30432065149e-09 0.534265491649 0.465951393322 0.999999918088 0.511686 0 0
278.9 17 13 1.09282970086 5.54599895815 1.42688005855e-09 0.53423567093 0.465984423734 0.99999991831 0.51197 0 0
279 17 13 1.09281592674 5.54582058078 1.56424495579e-09 0.534205934958 0.466017315382 0.999999928686 0.439148 0 0
279.1 17 13 1.0928020832 5.54571894303 1.43980471989e-09 0.534176290726 0.466050079093 0.999999943488 0.438733 0 0
279.2 17 13 1.09278865912 5.54587923041 1.25824328734e-09 0.534146716111 0.466082702188 0.99999990639 0.512658 0 0
279.3 17 13 1.09277350844 5.54535860686 1.51038148655e-09 0.534117264194 0.466115199475 0.999999907891 0.439258 0 0
279.4 17 13 1.09275808046 5.54524931878 1.34144095831e-09 0.534087863978 0.466147591545 0.999999928385 0.512327 0 0
279.5 17 13 1.09274850555 5.54548322259 1.38440348074e-09 0.534058559717 0.466179869935 0.999999915004 0.35666 0 0
279.6 17 13 1.09274213753 5.54508128001 1.9639324611e-09 0.534029355626 0.466212049697 0.999999945218 0.357399 0 0
279.7 17 13 1.09273603716 5.54488660015 1.57164858905e-09 0.534000261252 0.466244124826 0.999999911396 0.358492 0 0
279.8 17 13 1.0927237353 5.54487667481 1.31724531283e-09 0.533971257612 0.466276060783 0.999999915196 0.441993 0 0
279.9 17 13 1.09271638397 5.54468610988 1.61888458194e-09 0.533942382581 0.466307871305 0.999999925326 0.511147 0 0
280 17 13 1.09270515397 5.54454029902 1.72620007177e-09 0.533913631535 0.466339593039 0.999999927909 0.442269 0 0
280.1 17 13 1.09268706367 5.54438530827 1.42926714908e-09 0.53388501288 0.46637119821 0.999999911678 0.51149 0 0
280.2 17 13 1.09267917855 5.5442490825 1.53230284017e-09 0.53385653785 0.466402731993 0.999999933558 0.439905 0 0
280.3 17 13 1.09267342114 5.54422793426 1.71518976799e-09 0.533828205707 0.466434198513 0.999999907167 0.439833 0 0
280.4 17 13 1.09266598487 5.54410187058 1.90214755058e-09 0.533800030743 0.466465602105 0.999999923056 0.442554 0 0
280.5 17 13 1.09265932987 5.54401504508 1.74990244517e-09 0.53377200548 0.466496949568 0.99999993393 0.514059 0 0
280.6 17 13 1.09265363859 5.54386419111 1.79378334408e-09 0.533744141793 0.466528250181 0.999999913971 0.512338 0 0
280.7 17 13 1.09264125236 5.54381140763 1.62737412435e-09 0.533716452672 0.466559500711 0.999999936586 0.438315 0 0
280.8 17 13 1.09263478574 5.54404358515 1.40387768077e-09 0.533688939671 0.466590733204 0.99999991354 0.439673 0 0
280.9 17 13 1.09263004571 5.54357256779 1.32757382865e-09 0.533661601465 0.466621948394 0.999999939981 0.440157 0 0
281 17 13 1.09261857463 5.54354968615 1.34967748089e-09 0.533634435911 0.466653144071 0.999999914723 0.438934 0 0
281.1 17 13 1.09261126649 5.54340919515 1.34850963729e-09 0.533607462298 0.466684359662 0.999999929709 0.441937 0 0
281.2 17 13 1.09260770567 5.54331541265 1.38050992859e-09 0.533580671357 0.466715570359 0.99999993057 0.438856 0 0
281.3 17 13 1.09260259894 5.54325461793 1.35823352565e-09 0.53355406828 0.466746786818 0.99999991603 0.43875 0 0
281.4 17 13 1.09259862525 5.54305525089 1.6529007052e-09 0.533527664796 0.466778023004 0.999999940487 0.439991 0 0
281.5 17 13 1.09259235826 5.54292763307 1.461877841e-09 0.533501447812 0.466809275635 0.999999927845 0.438985 0 0
281.6 17 13 1.0925851428 5.54271530019 1.48937173705e-09 0.533475430854 0.466840552392 0.999999914041 0.440335 0 0
281.7 17 13 1.09257827393 5.54260647635 1.40531186688e-09 0.533449614087 0.466871863022 0.999999934246 0.512264 0 0
281.8 17 13 1.09257289644 5.5423869424 1.34775468563e-09 0.533423989203 0.466903208859 0.999999917578 0.356465 0 0
281.9 17 13 1.09255878336 5.54219032901 1.36724231936e-09 0.533398539472 0.466934611246 0.999999915543 0.35766 0 0
282 17 13 1.09254806378 5.54190734168 1.38655831261e-09 0.533373278643 0.466966022236 0.999999914809 0.359001 0 0
282.1 17 13 1.09254380422 5.54175233622 1.61903712659e-09 0.533348207255 0.466997456257 0.999999930964 0.512355 0 0
282.2 17 13 1.09253302039 5.54147699704 1.6438307382e-09 0.533323309693 0.467028915312 0.999999919749 0.357259 0 0
282.3 17 13 1.09252611804 5.54123901735 1.6766872335e-09 0.533298580931 0.467060405319 0.99999993766 0.43931 0 0
282.4 17 13 1.0925100689 5.54089234709 1.71126834925e-09 0.533274018046 0.467091906858 0.99999992238 0.439384 0 0
282.5 17 13 1.09250323419 5.54063893667 1.73451586427e-09 0.533249598799 0.467123432372 0.999999934306 0.441048 0 0
282.6 17 13 1.09249302668 5.5407482518 1.68313485371e-09 0.533225349201 0.467154941487 0.99999991182 0.511883 0 0
282.7 17 13 1.09248211687 5.54004401802 1.71379777036e-09 0.533201247582 0.467186452252 0.999999917497 0.438557 0 0
282.8 17 13 1.09247200271 5.53972949071 1.80908032998e-09 0.533177271699 0.467217946842 0.999999914672 0.355497 0 0
282.9 17 13 1.09246383426 5.53929505906 1.78408798845e-09 0.533153421236 0.467249410067 0.999999918573 0.355678 0 0
283 17 13 1.09245332514 5.53927614611 1.5893522054e-09 0.533129704064 0.467280845309 0.99999991931 0.441476 0 0
283.1 17 13 1.09244531389 5.53859756661 1.5525630781e-09 0.533106112602 0.467312216172 0.999999929313 0.512067 0 0
283.2 17 13 1.09243774372 5.53826182129 1.50106993502e-09 0.533082635718 0.467343550727 0.999999930802 0.440568 0 0
283.3 17 13 1.09242202386 5.5378934468 1.57714219462e-09 0.533059266468 0.467374824429 0.999999915429 0.515719 0 0
283.4 17 13 1.09240973705 5.53754573545 1.55275936553e-09 0.533035987136 0.46740603264 0.999999930806 0.365489 0 0
283.5 17 13 1.0924015091 5.53717794539 1.4782695068e-09 0.533012803129 0.467437162028 0.999999937528 0.365933 0 0
283.6 17 13 1.09239465648 5.53685403988 1.50755496975e-09 0.532989709128 0.467468224037 0.999999943046 0.445124 0 0
283.7 17 13 1.0923732999 5.53646131264 1.53498747046e-09 0.532966700894 0.467499201816 0.999999920423 0.360457 0 0
283.8 17 13 1.0923638876 5.53638344711 1.64208779907e-09 0.532943784903 0.467530079789 0.999999913388 0.442066 0 0
283.9 17 13 1.09234712506 5.53552993807 1.42687550664e-09 0.532920957202 0.467560844055 0.999999930048 0.439869 0 0
284 17 13 1.09233348647 5.53511752714 1.37456601657e-09 0.532898197821 0.467591515292 0.999999915347 0.438825 0 0
284.1 17 13 1.09232473712 5.53480484636 1.27515853432e-09 0.532875514517 0.467622098316 0.999999934695 0.438962 0 0
284.2 17 13 1.09230750309 5.53447514183 1.31073174536e-09 0.532852919903 0.467652560385 0.999999919696 0.438904 0 0
284.3 17 13 1.0922908918 5.53374286054 1.34051536538e-09 0.532830397805 0.467682912695 0.999999922111 0.441156 0 0
284.4 17 13 1.09227960532 5.53336739635 1.35191824402e-09 0.532807950839 0.467713137386 0.999999945424 0.511303 0 0
284.5 17 13 1.09226847198 5.53297929658 1.3174572544e-09 0.53278558083 0.467743217692 0.999999915204 0.43976 0 0
284.6 17 13 1.09225777104 5.53242540563 1.37411737544e-09 0.532763292723 0.467773151997 0.999999919691 0.439264 0 0
284.7 17 13 1.09224720965 5.53205174808 1.40766953649e-09 0.5327410738 0.467802928038 0.999999913983 0.439764 0 0
284.8 17 13 1.09223788495 5.53177301901 1.39555222933e-09 0.532718953122 0.467832509318 0.999999930323 0.51365 0 0
284.9 17 13 1.09222768107 5.53116678687 1.38697453522e-09 0.532696900736 0.46786191859 0.999999935278 0.440628 0 0
285 17 13 1.09221808362 5.53070961621 1.39334577209e-09 0.532674955995 0.467891142142 0.999999933855 0.439718 0 0
285.1 17 13 1.09220682786 5.53024540563 1.27749588685e-09 0.532653098721 0.467920142234 0.999999921612 0.510865 0 0
285.2 17 13 1.09219473856 5.53009788133 1.29556010364e-09 0.532631336699 0.467948936661 0.99999992003 0.512105 0 0
285.3 17 13 1.09218074597 5.52927889766 1.25728671918e-09 0.532609668587 0.467977542586 0.999999914808 0.35577 0 0
285.4 17 13 1.09216200386 5.52888397497 1.38981448572e-09 0.532588112212 0.468005943354 0.999999910455 0.511941 0 0
285.5 17 13 1.09214838329 5.52871883291 1.25027432851e-09 0.532566656772 0.468034120468 0.999999912523 0.513022 0 0
285.6 17 13 1.09213608003 5.52819092647 1.26527144317e-09 0.532545323249 0.468062086343 0.999999937764 0.444493 0 0
285.7 17 13 1.09211455875 5.52780435892 1.40139688742e-09 0.532524099364 0.468089833476 0.999999920063 0.512495 0 0
285.8 17 13 1.09210457333 5.52765621263 1.32449939905e-09 0.53250299038 0.468117356937 0.999999940398 0.440243 0 0
285.9 17 13 1.09209218089 5.52717816646 1.28851707082e-09 0.53248200927 0.468144656778 0.999999926923 0.358918 0 0
286 17 13 1.09208163403 5.52697835403 1.56607082857e-09 0.53246113131 0.468171713789 0.999999949156 0.439375 0 0
286.1 17 13 1.09206977204 5.52676736025 1.55461987728e-09 0.532440355228 0.468198557174 0.999999925034 0.355844 0 0
286.2 17 13 1.09205476476 5.52636223064 1.33536304237e-09 0.532419718116 0.468225155791 0.999999896932 0.512186 0 0
286.3 17 13 1.09203707771 5.52591967569 1.34183530953e-09 0.532399211212 0.468251557637 0.999999917975 0.438528 0 0
286.4 17 13 1.09202340525 5.52565237035 1.34935351781e-09 0.532378824587 0.468277727737 0.999999938578 0.513752 0 0
286.5 17 13 1.09200915207 5.52536124473 1.39731859417e-09 0.532358584854 0.46830370918 0.999999919288 0.440095 0 0
286.6 17 13 1.09199426119 5.52511538235 1.49648005099e-09 0.532338491144 0.468329506987 0.99999993422 0.439 0 0
286.7 17 13 1.09197783037 5.52483012346 1.52693724331e-09 0.532318545492 0.468355101605 0.999999911809 0.439024 0 0
286.8 17 13 1.09196346872 5.524471458 1.52610923898e-09 0.53229875625 0.468380524662 0.999999930846 0.512289 0 0
286.9 17 13 1.09194896263 5.52423306498 1.48052348159e-09 0.532279131436 0.46840577963 0.999999924479 0.438698 0 0
287 17 13 1.09193566239 5.52418864078 1.44273493152e-09 0.532259669334 0.468430856206 0.999999940007 0.442344 0 0
287.1 17 13 1.09192216425 5.52431422138 1.33676192338e-09 0.532240355755 0.46845576974 0.999999924531 0.355792 0 0
287.2 17 13 1.09190687147 5.52366022773 1.39931066734e-09 0.532221216337 0.46848052365 0.999999907328 0.440672 0 0
287.3 17 13 1.09188478562 5.52358293103 1.42070688547e-09 0.532202231658 0.468505133366 0.999999931381 0.512019 0 0
287.4 17 13 1.09185709458 5.52328833497 1.41717038105e-09 0.532183399104 0.468529597785 0.999999923179 0.439234 0 0
287.5 17 13 1.09183406947 5.52311679783 1.53897017352e-09 0.532164734993 0.468553930794 0.999999903433 0.439413 0 0
287.6 17 13 1.09181762345 5.5227843575 1.53738599629e-09 0.532146232282 0.468578134543 0.999999930536 0.441481 0 0
287.7 17 13 1.09180042397 5.52249585288 1.59001123379e-09 0.532127891532 0.468602242851 0.999999898186 0.440133 0 0
287.8 17 13 1.09178232556 5.52240650338 1.48685064261e-09 0.532109710528 0.468626255244 0.999999914419 0.438953 0 0
287.9 17 13 1.09176442325 5.52200946206 1.50179468861e-09 0.532091702113 0.46865016076 0.99999993636 0.440216 0 0
288 17 13 1.09174994448 5.52189602562 1.50709333901e-09 0.532073853954 0.46867396442 0.999999934453 0.438795 0 0
288.1 17 13 1.09173026749 5.52172062287 1.47446621579e-09 0.532056155741 0.468697689322 0.999999909739 0.355763 0 0
288.2 17 13 1.09170717492 5.52126480135 1.50717327507e-09 0.532038616184 0.468721321647 0.999999901006 0.510638 0 0
288.3 17 13 1.09168860558 5.52145261791 1.37697697689e-09 0.532021231664 0.468744904097 0.999999909017 0.440428 0 0
288.4 17 13 1.09166112808 5.52101208204 1.37783340293e-09 0.532004004758 0.468768430815 0.999999915494 0.51443 0 0
288.5 17 13 1.09164190769 5.52043312248 1.33967281712e-09 0.531986929614 0.468791910304 0.99999992514 0.512724 0 0
288.6 17 13 1.09162457038 5.52038036843 1.27515864534e-09 0.531970003026 0.468815335949 0.999999909426 0.510515 0 0
288.7 17 13 1.0915950205 5.51982647852 1.22200272124e-09 0.531953235323 0.468838712767 0.999999899842 0.441507 0 0
288.8 17 13 1.09156333661 5.51949516294 1.20473997445e-09 0.531936612136 0.468862072646 0.999999927576 0.440882 0 0
288.9 17 13 1.09154340798 5.51924184398 1.19791365716e-09 0.531920114582 0.46888538728 0.999999918998 0.440893 0 0
289 17 13 1.09152353349 5.51902911147 1.22495968924e-09 0.531903746011 0.468908673524 0.999999937888 0.440375 0 0
289.1 17 13 1.09150005787 5.51872549795 1.20903453915e-09 0.531887515397 0.468931940076 0.999999923082 0.440541 0 0
289.2 17 13 1.09147947794 5.51844771862 1.33288957649e-09 0.531871412896 0.468955199192 0.999999925598 0.441857 0 0
289.3 17 13 1.0914522258 5.51809924038 1.305980879e-09 0.531855425846 0.468978492994 0.999999907793 0.360848 0 0
289.4 17 13 1.09143033525 5.51776704431 1.38206268652e-09 0.531839552709 0.469001768428 0.999999933454 0.512373 0 0
289.5 17 13 1.09140778917 5.51750522941 1.53793766611e-09 0.5318237831 0.469025058917 0.99999994389 0.441035 0 0
289.6 17 13 1.0913848167 5.51715901263 1.38466416111e-09 0.531808105923 0.469048360519 0.999999907908 0.440361 0 0
289.7 17 13 1.09135737404 5.51681662761 1.30615351868e-09 0.531792520946 0.469071665171 0.999999929387 0.511682 0 0
289.8 17 13 1.09133453169 5.5166648432 1.34697264453e-09 0.531777020314 0.469094975786 0.999999937804 0.513498 0 0
289.9 17 13 1.0913091019 5.51634283656 1.39860967252e-09 0.531761589326 0.469118310203 0.999999923949 0.357325 0 0
290 17 13 1.09128514845 5.51604554843 1.39319467074e-09 0.531746237544 0.469141664768 0.99999992448 0.356262 0 0
290.1 17 13 1.09125896956 5.51555570455 1.40757683287e-09 0.531730944473 0.469165042664 0.999999931042 0.441105 0 0
290.2 17 13 1.0912346624 5.51525617488 1.36543409912e-09 0.531715695065 0.46918842778 0.999999936453 0.511896 0 0
290.3 17 13 1.091209201 5.51494444854 1.35738487117e-09 0.531700506882 0.469211822289 0.99999994492 0.511824 0 0
290.4 17 13 1.09118280643 5.51466796804 1.42934519776e-09 0.531685351184 0.469235215282 0.999999932567 0.439551 0 0
290.5 17 13 1.0911578974 5.51428084764 1.41642475526e-09 0.531670230066 0.469258599749 0.999999952579 0.439986 0 0
290.6 17 13 1.09112685117 5.5138090929 1.54809720598e-09 0.53165513109 0.46928197116 0.999999915786 0.440211 0 0
290.7 17 13 1.09110016109 5.51346693934 1.62766355949e-09 0.531640058259 0.469305317215 0.999999937932 0.510572 0 0
290.8 17 13 1.09107229918 5.51305988336 1.64253666224e-09 0.531625004253 0.469328626235 0.999999926103 0.441939 0 0
290.9 17 13 1.09104227754 5.51261675709 1.5181619295e-09 0.531609946016 0.469351897182 0.999999917624 0.439144 0 0
291 17 13 1.09101356504 5.51235528666 1.42003819814e-09 0.531594895617 0.469375119634 0.999999930844 0.512043 0 0
291.1 17 13 1.09098290513 5.51176615692 1.38433597918e-09 0.531579842995 0.469398279562 0.999999919433 0.43934 0 0
291.2 17 13 1.09095135351 5.51131990452 1.37987998805e-09 0.531564792989 0.469421387398 0.999999908518 0.511555 0 0
291.3 17 13 1.09092084692 5.51084665163 1.58715485199e-09 0.531549722636 0.469444432372 0.999999927225 0.439089 0 0
291.4 17 13 1.09088977039 5.510284108 1.48002032851e-09 0.531534657787 0.469467385353 0.999999906577 0.440175 0 0
291.5 17 13 1.09085814989 5.50985498637 1.52962220668e-09 0.531519551612 0.469490258782 0.999999908934 0.512758 0 0
291.6 17 13 1.09082327065 5.50929722505 1.58537094563e-09 0.531504437382 0.469513051041 0.999999910089 0.511967 0 0
291.7 17 13 1.09079369545 5.50886694988 1.59813973166e-09 0.531489310325 0.469535757993 0.999999914019 0.510932 0 0
291.8 17 13 1.09076135435 5.50854476982 1.66351266095e-09 0.531474183206 0.469558400232 0.999999952692 0.356886 0 0
291.9 17 13 1.09072895192 5.50812390529 1.58919266635e-09 0.531459046202 0.46958096327 0.999999919221 0.440376 0 0
292 17 13 1.09069551687 5.50769147566 1.60472068966e-09 0.531443891944 0.46960346547 0.999999923427 0.441071 0 0
292.1 17 13 1.09065927468 5.50723488441 1.61396718212e-09 0.531428742305 0.469625889427 0.999999921298 0.516227 0 0
292.2 17 13 1.0906208981 5.50686064767 1.60723612197e-09 0.531413591185 0.46964822405 0.999999922588 0.441896 0 0
292.3 17 13 1.09058091536 5.50651000563 1.60513613512e-09 0.531398436693 0.469670495652 0.999999932394 0.35787 0 0
292.4 17 13 1.09054230299 5.50606327465 1.59178459302e-09 0.53138328202 0.469692673863 0.999999907602 0.440807 0 0
292.5 17 13 1.0905082594 5.50572196961 1.59190760574e-09 0.531368146207 0.469714786461 0.999999935691 0.510827 0 0
292.6 17 13 1.09046622373 5.50536436475 1.5727907865e-09 0.53135300477 0.469736803875 0.999999911104 0.441021 0 0
292.7 17 13 1.09042432175 5.50505985543 1.55219692655e-09 0.531337871607 0.469758704482 0.999999893193 0.441119 0 0
292.8 17 13 1.09037776881 5.50447593701 1.52719270563e-09 0.531322768944 0.469780454041 0.99999991922 0.512409 0 0
292.9 17 13 1.09034102379 5.50411969964 1.48556722479e-09 0.531307665536 0.469802083291 0.999999920311 0.440117 0 0
293 17 13 1.09030521235 5.50377344265 1.45971901233e-09 0.531292591551 0.469823582981 0.99999992337 0.440326 0 0
293.1 17 13 1.09027138205 5.50338486117 1.39843625568e-09 0.531277542901 0.469844912189 0.999999925031 0.512222 0 0
293.2 17 13 1.09023526169 5.50306894002 1.33148314596e-09 0.531262511708 0.469866078844 0.999999938192 0.439004 0 0
293.3 17 13 1.09019939608 5.50274851378 1.41567213507e-09 0.531247514049 0.469887053546 0.999999930205 0.438966 0 0
293.4 17 13 1.09015100144 5.50240970921 1.39266320698e-09 0.531232552639 0.469907851832 0.999999908703 0.441352 0 0
293.5 17 13 1.09011681128 5.50216415798 1.28137522815e-09 0.531217643746 0.469928434204 0.999999930383 0.43842 0 0
293.6 17 13 1.09008283577 5.50185839443 1.28391464127e-09 0.531202767356 0.46994882983 0.999999925574 0.358267 0 0
293.7 17 13 1.09004830323 5.50150880537 1.22668275537e-09 0.531187907242 0.469969007562 0.999999935169 0.43859 0 0
293.8 17 13 1.09001360716 5.5011336097 1.24534482726e-09 0.53117310018 0.469989012241 0.999999923719 0.440155 0 0
293.9 17 13 1.08997519176 5.50074642071 1.25826671304e-09 0.531158334923 0.470008826469 0.999999917434 0.442934 0 0
294 17 13 1.08993674347 5.50041432944 1.22044352402e-09 0.53114361791 0.470028442843 0.99999991629 0.441331 0 0
294.1 17 13 1.0898999122 5.50007726925 1.23360721638e-09 0.531128950903 0.470047823489 0.999999924577 0.513024 0 0
294.2 17 13 1.08985965377 5.49994065466 1.24233612286e-09 0.531114318932 0.47006700661 0.999999921952 0.43832 0 0
294.3 17 13 1.08982425247 5.49941434161 1.2392130655e-09 0.531099732805 0.470085960526 0.999999915931 0.441629 0 0
294.4 17 13 1.08978788472 5.49913120274 1.29253563408e-09 0.531085203362 0.470104730855 0.999999906926 0.355774 0 0
294.5 17 13 1.0897507946 5.4988299578 1.27216870371e-09 0.531070716248 0.470123266862 0.999999930554 0.442725 0 0
294.6 17 13 1.0897185887 5.49856225497 1.22896959276e-09 0.53105628563 0.470141553691 0.999999926336 0.512759 0 0
294.7 17 13 1.08968854377 5.49833824521 1.22630172683e-09 0.53104190166 0.47015961507 0.999999932217 0.511652 0 0
294.8 17 13 1.08965583748 5.49808645276 1.41878309101e-09 0.531027552264 0.470177453052 0.999999926946 0.439777 0 0
294.9 17 13 1.08962472361 5.49784736262 1.50194967574e-09 0.531013248503 0.470195045426 0.999999918279 0.511245 0 0
295 17 13 1.0895853414 5.49758999674 1.44884571007e-09 0.530998973437 0.470212450841 0.999999909226 0.438766 0 0
295.1 17 13 1.08955109155 5.49734685051 1.38850397846e-09 0.530984721259 0.470229610767 0.999999914182 0.511187 0 0
295.2 17 13 1.08951493305 5.49701000777 1.38530709126e-09 0.530970507611 0.470246566406 0.999999927151 0.440766 0 0
295.3 17 13 1.08948073842 5.49686273545 1.33485456022e-09 0.530956321139 0.470263300168 0.999999928103 0.441282 0 0
295.4 17 13 1.08944884014 5.49672611524 1.35625011222e-09 0.530942148013 0.470279829393 0.999999918385 0.440335 0 0
295.5 17 13 1.08941671279 5.49680515489 1.34819821973e-09 0.530927965688 0.470296156434 0.999999913187 0.43953 0 0
295.6 17 13 1.08938873909 5.4962232252 1.31564459327e-09 0.53091378124 0.470312277071 0.999999919055 0.513358 0 0
295.7 17 13 1.08936112337 5.49599161872 1.2965938323e-09 0.530899620849 0.470328188746 0.999999929121 0.511051 0 0
295.8 17 13 1.08932920413 5.49579749545 1.156306495e-09 0.530885457133 0.470343936007 0.999999927374 0.439741 0 0
295.9 17 13 1.08930543456 5.49563612253 1.29562782725e-09 0.530871275911 0.470359493124 0.999999940513 0.4399 0 0
296 17 13 1.08927921152 5.4954754423 1.21928578345e-09 0.530857060253 0.470374899858 0.999999918713 0.441135 0 0
296.1 17 13 1.08925527216 5.49519427673 1.37523747945e-09 0.530842829846 0.47039013608 0.999999914401 0.511687 0 0
296.2 17 13 1.08923418344 5.49499005051 1.2616381273e-09 0.530828566896 0.470405230536 0.999999919601 0.357698 0 0
296.3 17 13 1.08921437655 5.49479490828 1.23583521194e-09 0.530814263424 0.470420195864 0.999999934435 0.44103 0 0
296.4 17 13 1.08918773426 5.49456594337 1.233754654e-09 0.530799925742 0.470435033552 0.99999991152 0.511677 0 0
296.5 17 13 1.08916424005 5.49436676613 1.24784393929e-09 0.530785545487 0.470449762503 0.999999923441 0.359935 0 0
296.6 17 13 1.08914271821 5.49413025113 1.21907739459e-09 0.530771131041 0.470464411361 0.999999911326 0.441076 0 0
296.7 17 13 1.08912002782 5.49389622686 1.21915089135e-09 0.530756676727 0.470478986565 0.999999918694 0.441252 0 0
296.8 17 13 1.08908987235 5.493635514 1.24130872248e-09 0.530742170125 0.470493520082 0.999999907402 0.438461 0 0
296.9 17 13 1.08907246215 5.49340526665 1.21893328764e-09 0.530727598599 0.470508010717 0.999999927125 0.355139 0 0
297 17 13 1.08905678501 5.49317727276 1.26019439328e-09 0.530712989511 0.470522486034 0.999999929214 0.512036 0 0
297.1 17 13 1.08904276644 5.49294779485 1.31029243011e-09 0.530698326887 0.470536938841 0.999999936259 0.440019 0 0
297.2 17 13 1.08902429864 5.49271347379 1.27315147314e-09 0.530683616298 0.470551357984 0.999999938715 0.440177 0 0
297.3 17 13 1.08901174747 5.49243993137 1.23078747194e-09 0.530668854642 0.470565752918 0.999999934815 0.512848 0 0
297.4 17 13 1.08898982625 5.49215834092 1.38857958465e-09 0.53065405168 0.470580128894 0.999999920136 0.511662 0 0
297.5 17 13 1.08897730148 5.49188217735 1.36707067888e-09 0.530639197901 0.470594482453 0.999999925702 0.439915 0 0
297.6 17 13 1.08896354072 5.49183072514 1.40497680157e-09 0.530624291713 0.470608799206 0.999999916498 0.356841 0 0
297.7 17 13 1.08895070675 5.49118223781 1.41111122787e-09 0.530609337806 0.47062310002 0.999999915002 0.439112 0 0
297.8 17 13 1.08893895288 5.49089373502 1.39933931109e-09 0.530594346791 0.470637405384 0.999999918892 0.440364 0 0
297.9 17 13 1.08892675462 5.49043840069 1.35745015228e-09 0.530579316645 0.470651652439 0.999999915468 0.441973 0 0
298 17 13 1.08890966257 5.49009145811 1.32631028382e-09 0.530564254705 0.470665870332 0.999999912548 0.437887 0 0
298.1 17 13 1.08890043811 5.48976485766 1.27027510732e-09 0.530549159872 0.470680077517 0.999999928997 0.440899 0 0
298.2 17 13 1.08889105691 5.48937430411 1.25250421146e-09 0.530534016798 0.470694304102 0.999999919162 0.440081 0 0
298.3 17 13 1.08887777506 5.48904264126 1.20874321663e-09 0.53051883841 0.470708525242 0.999999936849 0.440534 0 0
298.4 17 13 1.08886747668 5.48871321733 1.20932641678e-09 0.530503637448 0.470722760595 0.999999916838 0.512145 0 0
298.5 17 13 1.08885600946 5.48816701301 1.23716403788e-09 0.530488403921 0.470737043789 0.9999999286 0.439678 0 0
298.6 17 13 1.08884452313 5.48774757345 1.20813714588e-09 0.530473155522 0.470751353504 0.999999919047 0.438761 0 0
298.7 17 13 1.08883004417 5.48731025649 1.21188437063e-09 0.530457889028 0.470765700844 0.999999906455 0.439746 0 0
298.8 17 13 1.08881581469 5.48694949032 1.20728937958e-09 0.5304426116 0.470780094026 0.999999937703 0.439588 0 0
298.9 17 13 1.08880332019 5.48653643375 1.19943321941e-09 0.530427332877 0.470794554817 0.999999937809 0.439748 0 0
299 17 13 1.08879460436 5.48626508264 1.45974954346e-09 0.530412056494 0.470809089523 0.999999933538 0.44235 0 0
299.1 17 13 1.08877935737 5.48565451073 1.22322152407e-09 0.530396782685 0.470823698908 0.999999919856 0.438575 0 0
299.2 17 13 1.08876785257 5.48513099794 1.18440623975e-09 0.530381495187 0.4708383975 0.999999913893 0.513479 0 0
299.3 17 13 1.08875686537 5.48480477678 1.15631704212e-09 0.530366221949 0.470853156653 0.999999915536 0.510579 0 0
299.4 17 13 1.08874011974 5.48424782073 1.16393039651e-09 0.530350967611 0.470868039303 0.999999935342 0.4407 0 0
299.5 17 13 1.08873090157 5.48373017074 1.214818246e-09 0.530335708872 0.470883017052 0.999999923362 0.441399 0 0
299.6 17 13 1.08871902538 5.4832731969 1.20938925541e-09 0.530320449195 0.470898080871 0.999999906586 0.44314 0 0
299.7 17 13 1.08870737381 5.48284803683 1.23547772013e-09 0.530305211228 0.470913250431 0.999999910177 0.51295 0 0
299.8 17 13 1.08869011028 5.48239630934 1.34826572129e-09 0.530289990837 0.4709285289 0.999999918599 0.440056 0 0
299.9 17 13 1.08866941245 5.48178175058 1.30123190001e-09 0.530274776905 0.470943887471 0.999999928924 0.509674 0 0
300 17 13 1.08865896003 5.48129732042 1.3496441742e-09 0.530259574206 0.47095933787 0.999999919039 0.441268 0 0
300.1 17 13 1.08864773564 5.48085457325 1.35077526942e-09 0.530244386755 0.470974922434 0.999999929249 0.357872 0 0
300.2 17 13 1.08863496428 5.48067871791 1.3852271552e-09 0.530229208417 0.470990610285 0.999999913004 0.512923 0 0
300.3 17 13 1.08862285663 5.47983094281 1.35591049499e-09 0.530214058004 0.471006403319 0.999999922267 0.441382 0 0
300.4 17 13 1.08860890887 5.4793983793 1.38878919476e-09 0.530198917384 0.471022299427 0.999999936631 0.510372 0 0
300.5 17 13 1.08859711942 5.47901561654 1.44546086212e-09 0.530183814779 0.471038324653 0.999999932199 0.442278 0 0
300.6 17 13 1.08858206379 5.47855013742 1.27876387257e-09 0.530168724103 0.471054494258 0.999999927534 0.357134 0 0
300.7 17 13 1.08856697336 5.47803368967 1.44983913763e-09 0.530153657742 0.471070836118 0.999999913698 0.356658 0 0
300.8 17 13 1.08855260684 5.47755750261 1.66639146926e-09 0.530138601925 0.471087361151 0.999999921011 0.512554 0 0
300.9 17 13 1.08853384214 5.4771419091 1.44643519384e-09 0.530123535972 0.471104073078 0.999999922793 0.513898 0 0
301 17 13 1.08851598917 5.47665967121 1.38189848453e-09 0.530108465308 0.471120933376 0.999999915621 0.513222 0 0
301.1 17 13 1.08850113069 5.47627436862 1.27359556235e-09 0.530093402349 0.471137956859 0.999999932446 0.438944 0 0
301.2 17 13 1.08848622 5.47593905017 1.37173572501e-09 0.530078331992 0.47115513053 0.999999944884 0.437887 0 0
301.3 17 13 1.08846942272 5.47552392755 1.37910105558e-09 0.530063255266 0.471172426751 0.999999922438 0.354313 0 0
301.4 17 13 1.08845324458 5.47515062759 1.36991762378e-09 0.530048158939 0.471189809281 0.999999915159 0.513086 0 0
301.5 17 13 1.08843555077 5.47483445613 1.37173927772e-09 0.530033064839 0.471207292912 0.999999936401 0.439889 0 0
301.6 17 13 1.08841514476 5.47435364829 1.35109712307e-09 0.530017961374 0.471224833167 0.999999909605 0.440795 0 0
301.7 17 13 1.08839159052 5.47401452481 1.35846467408e-09 0.530002807247 0.471242431847 0.999999916344 0.355626 0 0
301.8 17 13 1.08836502212 5.4736122546 1.37033095982e-09 0.529987636696 0.471260045055 0.999999921165 0.441298 0 0
301.9 17 13 1.08834787979 5.4732748703 1.41816636212e-09 0.529972404529 0.471277646948 0.999999923768 0.511214 0 0
302 17 13 1.08832981731 5.47286233222 1.41241818241e-09 0.529957144833 0.471295240906 0.99999991986 0.356087 0 0
302.1 17 13 1.08831356098 5.47253634876 1.402898131e-09 0.529941820348 0.471312840217 0.999999937719 0.441201 0 0
302.2 17 13 1.08829177096 5.47209189202 1.48981726955e-09 0.529926416303 0.471330432899 0.999999916816 0.440969 0 0
302.3 17 13 1.08827415603 5.47169829627 1.40821987404e-09 0.529910932625 0.471347983948 0.999999916913 0.510273 0 0
302.4 17 13 1.08825859229 5.47137433589 1.44905498711e-09 0.529895324812 0.471365473722 0.999999935567 0.511132 0 0
302.5 17 13 1.08823841542 5.47107575367 1.24343890739e-09 0.529879594107 0.471382888744 0.999999923992 0.442739 0 0
302.6 17 13 1.08822231401 5.47084899168 1.32272170994e-09 0.529863770829 0.471400199873 0.999999939982 0.441208 0 0
302.7 17 13 1.0882027147 5.4705451121 1.35093969345e-09 0.5298478526 0.471417404488 0.999999912315 0.439952 0 0
302.8 17 13 1.08818131481 5.47017531624 1.31755073518e-09 0.529831810451 0.471434483989 0.999999909019 0.512093 0 0
302.9 17 13 1.08816385938 5.46965341626 1.27871002675e-09 0.529815654022 0.471451423022 0.999999939312 0.51144 0 0
303 17 13 1.08814357703 5.46912428663 1.27003230155e-09 0.529799403649 0.47146830087 0.999999920155 0.511384 0 0
303.1 17 13 1.08812407503 5.46885630485 1.28231847363e-09 0.529783068548 0.471485213556 0.999999932683 0.44059 0 0
303.2 17 13 1.08810677789 5.46860269243 1.27682453499e-09 0.529766640992 0.471502110533 0.999999924825 0.439162 0 0
303.3 17 13 1.08808784117 5.4686628283 1.29722277364e-09 0.52975011686 0.471518967519 0.999999927901 0.356839 0 0
303.4 17 13 1.08807024989 5.4679542671 1.39813449707e-09 0.52973348126 0.471535764236 0.999999934048 0.44055 0 0
303.5 17 13 1.08805053225 5.46762611241 1.40343814348e-09 0.52971675434 0.471552479444 0.999999927409 0.355011 0 0
303.6 17 13 1.08802543779 5.46734969673 1.35019495584e-09 0.529699906917 0.47156911193 0.999999934368 0.510165 0 0
303.7 17 13 1.08800690068 5.46702762581 1.318809284e-09 0.529682979903 0.471585631533 0.999999915247 0.439264 0 0
303.8 17 13 1.08798662395 5.46663224041 1.35279731861e-09 0.529665941936 0.471602040781 0.999999921886 0.511754 0 0
303.9 17 13 1.08796464776 5.46636869908 1.37187572413e-09 0.52964882005 0.47161831026 0.999999941304 0.439145 0 0
304 17 13 1.08794382666 5.46601556246 1.3009699984e-09 0.529631615021 0.471634433599 0.999999921714 0.440111 0 0
304.1 17 13 1.08791503543 5.46566505994 1.26625532282e-09 0.529614338143 0.471650413355 0.999999908114 0.357383 0 0
304.2 17 13 1.08789712284 5.46545204332 1.25291499398e-09 0.529596972687 0.471666213761 0.999999952119 0.437697 0 0
304.3 17 13 1.08787287766 5.4652362503 1.28784771736e-09 0.529579545851 0.471681850661 0.999999927001 0.440884 0 0
304.4 17 13 1.08785047882 5.46496532368 1.35086519748e-09 0.529562030707 0.471697297964 0.999999922126 0.357194 0 0
304.5 17 13 1.08782472264 5.46458944099 1.29763877421e-09 0.52954446177 0.471712549216 0.999999903323 0.439851 0 0
304.6 17 13 1.08780186796 5.4639919568 1.28337551697e-09 0.52952681178 0.4717276011 0.999999918618 0.43926 0 0
304.7 17 13 1.08777815112 5.46372298916 1.26759502894e-09 0.529509097796 0.471742459809 0.999999933958 0.512932 0 0
304.8 17 13 1.08775470353 5.46338314117 1.21816978726e-09 0.529491320191 0.471757115741 0.999999920127 0.356549 0 0
304.9 17 13 1.08773069217 5.4630780643 1.24595778139e-09 0.529473478015 0.471771576638 0.9999999116 0.440367 0 0
305 17 13 1.08770533767 5.46266025563 1.22800836166e-09 0.529455584983 0.471785853149 0.999999928675 0.441729 0 0
305.1 17 13 1.08768470449 5.46234297915 1.18206988642e-09 0.529437636747 0.471799931761 0.99999993471 0.438831 0 0
305.2 17 13 1.08766647366 5.46206529155 1.22092425059e-09 0.529419638097 0.471813814369 0.999999939785 0.439511 0 0
305.3 17 13 1.08764589136 5.46191723848 1.23679222419e-09 0.529401571308 0.471827489828 0.999999930611 0.440859 0 0
305.4 17 13 1.08762392829 5.46142240968 1.233456004e-09 0.529383441483 0.471840954503 0.999999927249 0.356898 0 0
305.5 17 13 1.08759305899 5.46108126545 1.23251608919e-09 0.529365245278 0.47185422547 0.999999930224 0.44688 0 0
305.6 17 13 1.0875711935 5.4609839977 1.26938481948e-09 0.529346998168 0.471867289603 0.999999918115 0.359505 0 0
305.7 17 13 1.08754845083 5.46059031499 1.35252808953e-09 0.52932867892 0.471880195043 0.999999930224 0.514214 0 0
305.8 17 13 1.08752799633 5.45998790142 1.25129995254e-09 0.529310322624 0.471892921941 0.999999935222 0.358872 0 0
305.9 17 13 1.08750531309 5.45960499173 1.24159471593e-09 0.529291897728 0.471905468732 0.99999991489 0.358198 0 0
306 17 13 1.0874819896 5.45917968962 1.22786236734e-09 0.529273435169 0.471917830234 0.999999911034 0.358185 0 0
306.1 17 13 1.08745911276 5.45877514525 1.21656518193e-09 0.529254894151 0.471930036609 0.999999921063 0.440327 0 0
306.2 17 13 1.08742687768 5.4584300688 1.25068999601e-09 0.529236291284 0.471942087377 0.999999913075 0.51169 0 0
306.3 17 13 1.08740449473 5.45804643616 1.24572718807e-09 0.529217621221 0.471953987402 0.999999936269 0.441594 0 0
306.4 17 13 1.08738439051 5.45772322605 1.22332777241e-09 0.529198906685 0.471965790133 0.999999937043 0.359398 0 0
306.5 17 13 1.08735292803 5.45727306681 1.19552057143e-09 0.529180120589 0.471977468078 0.999999914489 0.511618 0 0
306.6 17 13 1.0873305845 5.45694394177 1.20996057618e-09 0.529161282755 0.471989020265 0.999999927351 0.356623 0 0
306.7 17 13 1.08730151553 5.4565645095 1.34071298508e-09 0.529142378753 0.47200049671 0.99999992958 0.44166 0 0
306.8 17 13 1.08727136222 5.45610639983 1.38733768917e-09 0.52912341815 0.472011880589 0.999999918359 0.439727 0 0
306.9 17 13 1.08722967757 5.455705729 1.46176015736e-09 0.529104375883 0.472023197467 0.999999903848 0.43911 0 0
307 17 13 1.08719577143 5.45537774212 1.67951241803e-09 0.529085265291 0.472034444224 0.999999899715 0.355637 0 0
307.1 17 13 1.0871664146 5.45485714445 1.34165356602e-09 0.529066084038 0.472045677252 0.999999908295 0.440779 0 0
307.2 17 13 1.08714204104 5.45460167489 1.42553435722e-09 0.529046846055 0.472056891739 0.999999920005 0.356471 0 0
307.3 17 13 1.08710992207 5.45405164979 1.40796829751e-09 0.529027541644 0.472068060251 0.99999992548 0.439939 0 0
307.4 17 13 1.08708512219 5.4536256127 1.42953648918e-09 0.529008163424 0.472079210871 0.999999914303 0.443042 0 0
307.5 17 13 1.08706181195 5.45317546955 1.39845912628e-09 0.528988701706 0.472090333582 0.999999909942 0.51143 0 0
307.6 17 13 1.08704076593 5.45288907166 1.42095024636e-09 0.528969198957 0.472101470697 0.999999939868 0.443172 0 0
307.7 17 13 1.08700895172 5.4525288921 1.43781708761e-09 0.528949638585 0.472112595098 0.999999932222 0.440457 0 0
307.8 17 13 1.08697734006 5.45216264617 1.38577982423e-09 0.528930016813 0.472123730277 0.999999923946 0.440157 0 0
307.9 17 13 1.08694493481 5.45182328805 1.33789856971e-09 0.528910359674 0.472134896265 0.999999925452 0.439554 0 0
308 17 13 1.08692266648 5.45172280078 1.46819612024e-09 0.528890652838 0.472146109732 0.999999910951 0.440231 0 0
308.1 17 13 1.08690111728 5.45131912262 1.41463141201e-09 0.528870891828 0.472157362881 0.99999992392 0.51063 0 0
308.2 17 13 1.08687776701 5.45067560127 1.45941458918e-09 0.528851096429 0.472168669434 0.999999923782 0.512196 0 0
308.3 17 13 1.08685811612 5.45042007032 1.48974099723e-09 0.528831300084 0.472180099946 0.999999939222 0.444533 0 0
308.4 17 13 1.08683513477 5.45011394325 1.5073615689e-09 0.528811470861 0.472191587983 0.999999930627 0.442564 0 0
308.5 17 13 1.0868086518 5.4497827975 1.51630941136e-09 0.528791633013 0.472203133959 0.999999925966 0.443588 0 0
308.6 17 13 1.08676188187 5.44942140161 1.45344891678e-09 0.528771771064 0.472214722055 0.999999912984 0.51336 0 0
308.7 17 13 1.08673927023 5.4490319604 1.44427680926e-09 0.528751896449 0.472226382527 0.999999922878 0.439195 0 0
308.8 17 13 1.08671225618 5.44877127754 1.27940191774e-09 0.528732009043 0.472238127274 0.99999991882 0.510749 0 0
308.9 17 13 1.08667815216 5.44865095687 1.29666199999e-09 0.528712135369 0.472249932314 0.999999916974 0.440602 0 0
309 17 13 1.08665202327 5.44816792473 1.27451682541e-09 0.528692269079 0.47226180657 0.999999919634 0.354911 0 0
309.1 17 13 1.08662951048 5.44816690134 1.18942289351e-09 0.528672390572 0.47227373667 0.999999916813 0.511562 0 0
309.2 17 13 1.0866060682 5.44765001741 1.13902542953e-09 0.528652538815 0.472285708843 0.999999921789 0.441151 0 0
309.3 17 13 1.08658323103 5.44738230819 1.14208742463e-09 0.528632711336 0.472297726442 0.99999992004 0.439285 0 0
309.4 17 13 1.08656409435 5.44721060747 1.34965816301e-09 0.528612913124 0.472309800199 0.999999918111 0.356864 0 0
309.5 17 13 1.08653876469 5.4469336895 1.21038423728e-09 0.52859313514 0.472321897883 0.999999935919 0.440542 0 0
309.6 17 13 1.08650946556 5.44669940969 1.1810353806e-09 0.528573372322 0.47233402316 0.999999932663 0.443622 0 0
309.7 17 13 1.08647334424 5.44651900963 1.20569121353e-09 0.528553638667 0.472346178005 0.999999929346 0.511519 0 0
309.8 17 13 1.08644791744 5.44628395803 1.16857590271e-09 0.5285339547 0.472358370272 0.999999892447 0.355784 0 0
309.9 17 13 1.08642788987 5.44589161435 1.15971077186e-09 0.528514299021 0.472370603245 0.999999930529 0.440655 0 0
310 17 13 1.08640570376 5.44561207855 1.17498399899e-09 0.528494689167 0.472382858443 0.99999991755 0.512552 0 0
310.1 17 13 1.08638565286 5.44544511305 1.37832223412e-09 0.528475139456 0.472395126769 0.999999917655 0.439293 0 0
310.2 17 13 1.08636828656 5.44507632942 1.28975319313e-09 0.52845563996 0.472407399902 0.999999926542 0.442064 0 0
310.3 17 13 1.08635215539 5.44488429794 1.23044163747e-09 0.528436200695 0.4724196923 0.999999929189 0.513096 0 0
310.4 17 13 1.08632910742 5.4446236064 1.20947873938e-09 0.528416833654 0.47243197352 0.999999905525 0.441278 0 0
310.5 17 13 1.08631170357 5.44445211873 1.22439902661e-09 0.528397530691 0.472444255221 0.999999926192 0.358113 0 0
310.6 17 13 1.08629298987 5.44424840631 1.23619336989e-09 0.528378290735 0.472456531383 0.999999926832 0.356862 0 0
310.7 17 13 1.08627679805 5.44427530355 1.21706467127e-09 0.52835911458 0.472468813406 0.999999929611 0.356475 0 0
310.8 17 13 1.08625421943 5.44423505756 1.16056375621e-09 0.528340002321 0.472481086039 0.999999918257 0.440642 0 0
310.9 17 13 1.08624011351 5.44367284475 1.29096877632e-09 0.528320968451 0.472493343454 0.999999925563 0.441809 0 0
311 17 13 1.08622717577 5.44347635539 1.26847976567e-09 0.528301994042 0.472505595192 0.999999943996 0.357299 0 0
311.1 17 13 1.08620663652 5.44312120169 1.26196852968e-09 0.528283086572 0.472517815619 0.999999910115 0.443758 0 0
311.2 17 13 1.0861906217 5.4429119694 1.26617294427e-09 0.528264254215 0.472530026042 0.999999943524 0.44297 0 0
311.3 17 13 1.08617132824 5.44265920459 1.21770693529e-09 0.52824548368 0.472542201982 0.999999937625 0.511854 0 0
311.4 17 13 1.08615820308 5.44234188493 1.20164034279e-09 0.528226776973 0.472554362765 0.999999926137 0.515084 0 0
311.5 17 13 1.08612955186 5.44205315133 1.16530984862e-09 0.528208124999 0.472566514214 0.9999999322 0.513184 0 0
311.6 17 13 1.08611099622 5.44176817383 1.15561915592e-09 0.528189542116 0.472578617727 0.999999939367 0.439348 0 0
311.7 17 13 1.08609846669 5.44143785535 1.18199716681e-09 0.528171016832 0.472590728549 0.999999925931 0.439887 0 0
311.8 17 13 1.08607943001 5.44137911825 1.15997444983e-09 0.528152571365 0.472602815649 0.999999921488 0.441132 0 0
311.9 17 13 1.08606943842 5.44081761757 1.13864206952e-09 0.528134154349 0.472614915865 0.999999936965 0.358438 0 0
312 17 13 1.0860538553 5.44055688623 1.21836962741e-09 0.528115804956 0.47262700331 0.999999925151 0.441587 0 0
312.1 17 13 1.08603427806 5.44014458788 1.23063337298e-09 0.528097513068 0.472639047776 0.999999924985 0.511026 0 0
312.2 17 13 1.08602298564 5.43976456715 1.31772981415e-09 0.528079280819 0.472651090522 0.999999936355 0.441739 0 0
312.3 17 13 1.08600232231 5.43929380146 1.18012044581e-09 0.528061099531 0.472663116902 0.999999921162 0.51467 0 0
312.4 17 13 1.08598112668 5.43895566579 1.20197918285e-09 0.528042969914 0.472675159443 0.999999921672 0.439503 0 0
312.5 17 13 1.08596302144 5.43848663564 1.3004060051e-09 0.528024889554 0.472687170805 0.999999932216 0.512396 0 0
312.6 17 13 1.08594845341 5.4381203131 1.40303491047e-09 0.528006858918 0.472699172098 0.999999936179 0.439747 0 0
312.7 17 13 1.08592129749 5.43769767395 1.34550504072e-09 0.52798886994 0.472711180441 0.999999939208 0.35507 0 0
312.8 17 13 1.08589868641 5.43726511869 1.37239419828e-09 0.527970925504 0.472723161117 0.9999999054 0.438473 0 0
312.9 17 13 1.08588330273 5.43667504662 1.44617784414e-09 0.527953010148 0.472735148951 0.999999938873 0.511767 0 0
313 17 13 1.08586772448 5.43616358554 1.41563660794e-09 0.527935151555 0.47274714064 0.999999928091 0.439672 0 0
313.1 17 13 1.08584242225 5.4356980549 1.46072776097e-09 0.527917336981 0.472759138614 0.999999934761 0.438416 0 0
313.2 17 13 1.08582651993 5.43515357398 1.42498146616e-09 0.527899548196 0.472771147355 0.999999919739 0.441614 0 0
313.3 17 13 1.08581421155 5.43463750359 1.39695977008e-09 0.527881782665 0.472783179473 0.999999933134 0.438449 0 0
313.4 17 13 1.08580095423 5.43413960796 1.33010824577e-09 0.52786406888 0.472795209542 0.999999927734 0.440718 0 0
313.5 17 13 1.08578971827 5.43368922947 1.30041966084e-09 0.527846388863 0.472807273602 0.999999933461 0.439025 0 0
313.6 17 13 1.08577612518 5.43317631587 1.38241618153e-09 0.527828752716 0.472819363551 0.999999938179 0.439377 0 0
313.7 17 13 1.08575705189 5.4325835114 1.42136180603e-09 0.527811145546 0.472831484629 0.999999921455 0.512197 0 0
313.8 17 13 1.08573490242 5.43218074688 1.44598644169e-09 0.527793587441 0.472843645806 0.999999922031 0.355285 0 0
313.9 17 13 1.08571846067 5.43143840096 1.48847134618e-09 0.527776064234 0.472855834275 0.99999992914 0.439773 0 0
314 17 13 1.08569859703 5.43098337363 1.4771369683e-09 0.527758566256 0.472868075298 0.999999940103 0.512083 0 0
314.1 17 13 1.08567665482 5.43045282788 1.47123835337e-09 0.527741118872 0.472880361294 0.999999943316 0.513565 0 0
314.2 17 13 1.08566063906 5.42981433663 1.47625112135e-09 0.527723706533 0.472892705116 0.999999922416 0.441806 0 0
314.3 17 13 1.08564242049 5.42922688701 1.44235812183e-09 0.527706330428 0.472905142455 0.999999919582 0.358769 0 0
314.4 17 13 1.08562833351 5.42872208074 1.56585466815e-09 0.52768898813 0.472917656115 0.99999993736 0.439693 0 0
314.5 17 13 1.08561465957 5.42821903531 1.54404822261e-09 0.527671698353 0.472930262239 0.999999934175 0.356331 0 0
314.6 17 13 1.08559857354 5.42771206934 1.6006498349e-09 0.527654441515 0.472942962056 0.999999932066 0.357033 0 0
314.7 17 13 1.0855865838 5.42744508079 1.63459579205e-09 0.527637233523 0.472955754042 0.999999941146 0.441247 0 0
314.8 17 13 1.08556559707 5.42664810152 1.50273482546e-09 0.527620065753 0.472968655223 0.999999937751 0.441452 0 0
314.9 17 13 1.08553945569 5.42607672265 1.55063650809e-09 0.527602942123 0.472981638603 0.999999921719 0.439185 0 0
315 17 13 1.08552321354 5.42555481913 1.54236123873e-09 0.527585864448 0.47299474289 0.999999924953 0.358288 0 0
315.1 17 13 1.08549613056 5.42545087601 1.49320167342e-09 0.527568827515 0.473007983002 0.999999919531 0.441627 0 0
315.2 17 13 1.08547286784 5.42454945534 1.41558975653e-09 0.527551817634 0.47302135688 0.999999935863 0.356913 0 0
315.3 17 13 1.0854570788 5.42401599504 1.40394285086e-09 0.527534866007 0.473034879711 0.999999919615 0.441645 0 0
315.4 17 13 1.08543680838 5.4234705424 1.38190103804e-09 0.527517954306 0.473048548891 0.999999932415 0.439408 0 0
315.5 17 13 1.08541943207 5.42290589979 1.40367861778e-09 0.527501092272 0.473062358817 0.999999913651 0.359537 0 0
315.6 17 13 1.08540381703 5.42251232845 1.40309686092e-09 0.52748428794 0.47307628048 0.999999949348 0.510992 0 0
315.7 17 13 1.0853773941 5.42202013806 1.40754430333e-09 0.527467535369 0.473090322516 0.999999920536 0.515567 0 0
315.8 17 13 1.08535575983 5.42171829057 1.40131073412e-09 0.527450833164 0.473104501751 0.999999910582 0.512428 0 0
315.9 17 13 1.08533921673 5.42095669867 1.36095346104e-09 0.527434134296 0.473118782613 0.9999999325 0.510992 0 0
316 17 13 1.08531898006 5.42052123445 1.41442302315e-09 0.527417512827 0.47313321157 0.999999929995 0.511785 0 0
316.1 17 13 1.08529574597 5.42014455275 1.41871214776e-09 0.527400952496 0.473147757809 0.999999930527 0.441199 0 0
316.2 17 13 1.08527409754 5.41973707235 1.33546185221e-09 0.527384442901 0.473162412231 0.999999915555 0.43884 0 0
316.3 17 13 1.085257526 5.41939898675 1.31853183927e-09 0.527367974154 0.473177175806 0.999999939016 0.511755 0 0
316.4 17 13 1.0852378281 5.41902355188 1.32873023695e-09 0.527351576806 0.473192051592 0.999999934457 0.440741 0 0
316.5 17 13 1.08521433844 5.4187059786 1.31289223937e-09 0.5273352401 0.473207018337 0.999999937488 0.355969 0 0
316.6 17 13 1.08519274476 5.41838753275 1.35225908249e-09 0.527318966489 0.473222063812 0.999999942244 0.440248 0 0
316.7 17 13 1.08516989578 5.41813718099 1.31497157607e-09 0.527302781635 0.473237196594 0.999999941326 0.44095 0 0
316.8 17 13 1.08514775497 5.41777058503 1.27659038895e-09 0.527286673824 0.473252415699 0.999999921964 0.438896 0 0
316.9 17 13 1.08512358836 5.41755193695 1.35367095311e-09 0.527270652967 0.473267714568 0.99999993745 0.354903 0 0
317 17 13 1.08510119155 5.41734902137 1.24883381414e-09 0.527254726949 0.47328308161 0.999999933542 0.440611 0 0
317.1 17 13 1.08508218907 5.41708355789 1.38093181334e-09 0.527238886822 0.47329852251 0.999999929569 0.439618 0 0
317.2 17 13 1.08505746057 5.41689577915 1.40738609655e-09 0.527223151717 0.473314023163 0.999999904447 0.511954 0 0
317.3 17 13 1.08503161333 5.41656351425 1.43470346714e-09 0.527207514518 0.473329605652 0.999999914294 0.440785 0 0
317.4 17 13 1.08500577445 5.41638141604 1.33118105428e-09 0.527191985148 0.473345246205 0.99999992886 0.439412 0 0
317.5 17 13 1.08498437977 5.41610183646 1.32731836633e-09 0.527176574764 0.473360967361 0.999999916882 0.35701 0 0
317.6 17 13 1.08496363272 5.415887313 1.36468647494e-09 0.527161267184 0.473376751176 0.999999938603 0.510914 0 0
317.7 17 13 1.0849421718 5.41576672085 1.33055377827e-09 0.527146105537 0.473392585767 0.999999924838 0.439493 0 0
317.8 17 13 1.08491326421 5.41551760918 1.34453248535e-09 0.5271310618 0.473408434823 0.99999991538 0.440368 0 0
317.9 17 13 1.08488215555 5.41530291735 1.23109111794e-09 0.527116169059 0.473424331683 0.999999919822 0.356788 0 0
318 17 13 1.08485632154 5.41510418905 1.19939069787e-09 0.527101414888 0.473440241876 0.99999992639 0.442683 0 0
318.1 17 13 1.08483257705 5.41487102176 1.27906907288e-09 0.52708680657 0.473456187556 0.999999926254 0.439417 0 0
318.2 17 13 1.08479846976 5.41482378044 1.35374200738e-09 0.527072354932 0.473472164211 0.99999994202 0.440867 0 0
318.3 17 13 1.08477241586 5.41495993807 1.14857945377e-09 0.527058062182 0.473488145892 0.999999917244 0.357773 0 0
318.4 17 13 1.08474576923 5.41467806023 1.18646437119e-09 0.527043929481 0.473504147932 0.999999912215 0.440305 0 0
318.5 17 13 1.08471657464 5.41429355129 1.16471154943e-09 0.527029970663 0.473520157702 0.999999914893 0.44181 0 0
318.6 17 13 1.08469219698 5.4140818423 1.13618159325e-09 0.527016198365 0.473536170141 0.999999922967 0.44051 0 0
318.7 17 13 1.0846632764 5.4139869186 1.12686848741e-09 0.527002602613 0.473552206731 0.999999908914 0.357531 0 0
318.8 17 13 1.08463001162 5.41362745436 1.18721321662e-09 0.52698917381 0.473568213657 0.999999935136 0.441543 0 0
318.9 17 13 1.08460924711 5.41349741578 1.1861587268e-09 0.526975955084 0.473584219234 0.999999947804 0.511859 0 0
319 17 13 1.08458057728 5.41300998055 1.1864365046e-09 0.526962959887 0.47360019939 0.9999999161 0.439787 0 0
319.1 17 13 1.08455011518 5.412792567 1.16989162802e-09 0.526950177193 0.473616168104 0.999999914147 0.440576 0 0
319.2 17 13 1.08452218853 5.4128360446 1.02146668901e-09 0.526937615623 0.473632120107 0.999999929501 0.43884 0 0
319.3 17 13 1.08449712566 5.41272297264 1.15804388301e-09 0.526925290483 0.473648070163 0.999999916942 0.439374 0 0
319.4 17 13 1.08447520997 5.41259747235 1.22916854473e-09 0.526913209124 0.47366400756 0.999999933266 0.357099 0 0
319.5 17 13 1.08444544705 5.41217081809 1.22913379474e-09 0.526901391889 0.473679911908 0.999999899181 0.511941 0 0
319.6 17 13 1.08441371288 5.41166554083 1.24975529925e-09 0.526889828636 0.473695814167 0.999999906322 0.439721 0 0
319.7 17 13 1.08437570145 5.41181107704 1.26562171854e-09 0.526878582414 0.473711684873 0.999999910257 0.510281 0 0
319.8 17 13 1.08434218212 5.41163765402 1.36157740638e-09 0.526867616742 0.473727539543 0.999999920327 0.356352 0 0
319.9 17 13 1.08430595512 5.41146467132 1.29853883202e-09 0.526856949287 0.473743379093 0.999999903034 0.437229 0 0
320 17 13 1.08427374153 5.41119421604 1.30661936826e-09 0.526846577645 0.473759210667 0.999999912653 0.439995 0 0
320.1 17 13 1.0842397744 5.41100756026 1.28601540528e-09 0.526836515464 0.47377505064 0.999999922219 0.358223 0 0
320.2 17 13 1.08421559469 5.41081310555 1.24045196337e-09 0.526826762073 0.473790878774 0.999999919619 0.356286 0 0
320.3 17 13 1.08418603118 5.41003625304 1.22132126634e-09 0.526817299899 0.473806701174 0.999999909693 0.514244 0 0
320.4 17 13 1.08416146289 5.4098775887 1.14764142634e-09 0.526808170637 0.473822521698 0.999999937821 0.354958 0 0
320.5 17 13 1.08413562373 5.4099581907 1.11591935692e-09 0.526799363676 0.47383830079 0.999999930667 0.440299 0 0
320.6 17 13 1.0840988732 5.40970568414 1.19437126855e-09 0.52679089031 0.473854083045 0.999999919941 0.441446 0 0
320.7 17 13 1.08407264137 5.41011329727 1.32753297244e-09 0.526782726065 0.473869838451 0.999999923922 0.439731 0 0
320.8 17 13 1.08404319006 5.409194905 1.45776035687e-09 0.526774901523 0.473885567308 0.999999933367 0.356233 0 0
320.9 17 13 1.08402240233 5.40888381381 1.17152787471e-09 0.526767384993 0.473901287115 0.999999934864 0.439779 0 0
321 17 13 1.08400172085 5.40853703626 1.13408982205e-09 0.526760189526 0.473917001263 0.999999936296 0.441912 0 0
321.1 17 13 1.08398368262 5.4081789735 1.15630049979e-09 0.52675331026 0.473932694414 0.999999934408 0.439227 0 0
321.2 17 13 1.08395956248 5.40775686046 1.12323272905e-09 0.526746746087 0.473948389902 0.999999921234 0.43964 0 0
321.3 17 13 1.08393132724 5.40733683998 1.16945220174e-09 0.526740515099 0.473964096904 0.999999916493 0.444013 0 0
321.4 17 13 1.08391081949 5.40699804468 1.1561253066e-09 0.526734590254 0.473979790603 0.999999944596 0.513683 0 0
321.5 17 13 1.08389343307 5.4065881387 1.15594622763e-09 0.52672897748 0.473995484081 0.999999944398 0.445201 0 0
321.6 17 13 1.08386621102 5.4062572978 1.13543408009e-09 0.526723674707 0.474011178084 0.999999922577 0.441926 0 0
321.7 17 13 1.08383639641 5.40580727024 1.14650644534e-09 0.526718661934 0.474026884005 0.999999921261 0.442488 0 0
321.8 17 13 1.08381219452 5.40536849688 1.12973852495e-09 0.526713949413 0.474042597009 0.999999925799 0.512576 0 0
321.9 17 13 1.08379166519 5.40491694896 1.08620978878e-09 0.526709524898 0.474058350924 0.999999934381 0.356327 0 0
322 17 13 1.08377443672 5.40445038158 1.0918330684e-09 0.526705361462 0.474074143137 0.999999933339 0.511382 0 0
322.1 17 13 1.08375495583 5.40390780589 1.06262265653e-09 0.526701478367 0.474089970628 0.999999923175 0.43993 0 0
322.2 17 13 1.08374067618 5.40356222092 1.092881452e-09 0.526697822651 0.474105836964 0.999999953582 0.512394 0 0
322.3 17 13 1.08370713063 5.40310893065 1.17469522998e-09 0.526694415498 0.474121739191 0.999999913437 0.512377 0 0
322.4 17 13 1.08367727927 5.40256246693 1.11421838422e-09 0.526691225642 0.47413768408 0.999999932279 0.357024 0 0
322.5 17 14 1.0836589565 5.40220004526 1.29485788758e-09 0.526688274666 0.474153665435 0.99999992941 0.440717 0 0
322.6 17 13 1.08362454273 5.40151739371 1.25330412715e-09 0.526685537885 0.474169713128 0.999999911041 0.358936 0 0
322.7 17 13 1.08360717146 5.40094976149 1.10928566333e-09 0.526682998058 0.474185807196 0.999999938292 0.43831 0 0
322.8 17 13 1.08358555051 5.40057038833 1.11013254145e-09 0.526680663403 0.474201977623 0.99999992865 0.513032 0 0
322.9 17 13 1.08357236851 5.40004771829 1.11010745041e-09 0.526678491472 0.474218213679 0.999999941933 0.512509 0 0
323 17 13 1.08355558005 5.39967247451 1.18796839033e-09 0.526676489518 0.474234504096 0.999999945852 0.355977 0 0
323.1 17 13 1.08354323294 5.39886656423 1.24627508313e-09 0.526674642223 0.474250857296 0.999999908869 0.438977 0 0
323.2 17 14 1.0835323362 5.39840637968 1.14218523528e-09 0.526672952337 0.474267237363 0.999999927226 0.512723 0 0
323.3 17 13 1.0835223379 5.39779434262 1.10825715272e-09 0.52667139479 0.474283661759 0.999999940678 0.439754 0 0
323.4 17 13 1.08351487746 5.39726017327 1.19342258298e-09 0.526669986314 0.474300112668 0.999999923619 0.511791 0 0
323.5 17 13 1.08350639706 5.39679530275 1.251098114e-09 0.52666870869 0.474316622471 0.999999940312 0.514174 0 0
323.6 17 13 1.08348717535 5.39628808559 1.20919674274e-09 0.526667545591 0.474333158395 0.999999920783 0.512431 0 0
323.7 17 14 1.08347328707 5.39614502466 1.11479425691e-09 0.52666648833 0.474349726743 0.999999921398 0.442087 0 0
323.8 17 14 1.08346441954 5.39537207812 1.13574605276e-09 0.526665522384 0.474366318938 0.999999918296 0.360578 0 0
323.9 17 13 1.08345584561 5.39475286294 1.14073617219e-09 0.52666466742 0.474382946085 0.999999935452 0.442474 0 0
324 17 13 1.08345357129 5.39430114476 1.17906684416e-09 0.52666388624 0.474399583209 0.999999931948 0.356476 0 0
324.1 17 13 1.08344875536 5.3938976897 1.26297705627e-09 0.526663183852 0.474416208089 0.999999941337 0.439261 0 0
324.2 17 13 1.08344581969 5.39342894524 1.09017195271e-09 0.526662554475 0.474432814115 0.999999930211 0.439371 0 0
324.3 17 13 1.08344119128 5.39293983799 1.08780717767e-09 0.526661995611 0.474449420201 0.999999916653 0.35831 0 0
324.4 17 13 1.08343096708 5.39246177299 1.07275011096e-09 0.526661489828 0.474465990792 0.99999992988 0.359173 0 0
324.5 17 13 1.08343399575 5.39224744541 1.08671605048e-09 0.526661029427 0.474482520187 0.999999932691 0.440805 0 0
324.6 17 13 1.08343397698 5.39156085441 1.09403675008e-09 0.526660635658 0.474499029393 0.999999930386 0.441524 0 0
324.7 17 13 1.08343460243 5.39124861272 1.11668641001e-09 0.526660309072 0.474515469542 0.999999927471 0.511494 0 0
324.8 17 13 1.08343423169 5.39083295503 1.14582354716e-09 0.526660050612 0.474531896141 0.999999927547 0.35888 0 0
324.9 17 13 1.08343887291 5.39085977132 1.11074882625e-09 0.526659874098 0.474548291943 0.999999942608 0.441188 0 0
325 17 13 1.08343882721 5.39010001232 1.21014631649e-09 0.526659782871 0.474564589486 0.999999924208 0.513123 0 0
325.1 17 13 1.0834506015 5.38976516942 1.26403887357e-09 0.526659773232 0.474580837561 0.999999944151 0.44275 0 0
325.2 17 13 1.08345553223 5.38949413786 1.28525667886e-09 0.526659873463 0.474596991295 0.999999936698 0.441988 0 0
325.3 17 13 1.08346101549 5.38914044006 1.25200616541e-09 0.52666007008 0.474613058875 0.999999924319 0.515968 0 0
325.4 17 13 1.08346637177 5.38895039687 1.19039134105e-09 0.526660373983 0.474629034769 0.999999946352 0.441079 0 0
325.5 17 13 1.08348074065 5.38876023693 1.20603527165e-09 0.526660799411 0.474644894833 0.999999964617 0.441943 0 0
325.6 17 13 1.08348542142 5.38851957478 1.16205567391e-09 0.526661337442 0.474660645821 0.999999936223 0.440573 0 0
325.7 17 13 1.08348980651 5.38836233814 1.14922860117e-09 0.526662008258 0.474676278887 0.999999913041 0.512157 0 0
325.8 17 13 1.08350093537 5.38787757151 1.25421206754e-09 0.526662818167 0.474691787618 0.999999928397 0.514106 0 0
325.9 17 13 1.08350900136 5.38769029593 1.28435317936e-09 0.526663773145 0.47470720793 0.999999928227 0.44031 0 0
326 17 13 1.08352425757 5.3873864773 1.16928944305e-09 0.52666488008 0.474722522555 0.999999934659 0.439625 0 0
326.1 17 13 1.0835355518 5.38713743222 1.15534481981e-09 0.526666154305 0.474737753261 0.99999991985 0.439536 0 0
326.2 17 13 1.08354957461 5.38699004705 1.22084942156e-09 0.526667596284 0.474752841112 0.999999940186 0.356208 0 0
326.3 17 13 1.08356736618 5.38683401231 1.21103427286e-09 0.526669206323 0.474767824404 0.999999944288 0.35772 0 0
326.4 17 13 1.08358385281 5.3866259741 1.28550570189e-09 0.526670998562 0.474782690789 0.999999934398 0.442352 0 0
326.5 17 13 1.08359787017 5.38642844306 1.20399268333e-09 0.526672989152 0.474797444204 0.999999924398 0.441592 0 0
326.6 17 13 1.08361704015 5.38633908133 1.25975874177e-09 0.526675175273 0.474812081311 0.99999995309 0.441605 0 0
326.7 17 13 1.08364016479 5.38628806711 1.27909982606e-09 0.526677560025 0.474826600541 0.999999952663 0.511009 0 0
326.8 17 13 1.08366145681 5.38617715193 1.2769858504e-09 0.526680157433 0.474841014955 0.99999994271 0.439189 0 0
326.9 17 13 1.08368421874 5.38603870226 1.22816812276e-09 0.526682948918 0.474855312046 0.999999932458 0.442699 0 0
327 17 13 1.0836898085 5.38572535032 1.1272960343e-09 0.526685964911 0.474869507451 0.999999908712 0.512853 0 0
327.1 17 13 1.08370648917 5.38561769081 1.10700670852e-09 0.526689188848 0.474883605677 0.999999930951 0.443665 0 0
327.2 17 13 1.08372596124 5.38552628466 1.31086563826e-09 0.526692657247 0.474897609682 0.999999933286 0.439604 0 0
327.3 17 13 1.08374372396 5.38537925472 1.31010047255e-09 0.526696360702 0.474911522793 0.999999906733 0.442157 0 0
327.4 17 13 1.08375989451 5.38527834907 1.15349918506e-09 0.526700294771 0.474925394419 0.999999911062 0.441358 0 0
327.5 17 13 1.08377560692 5.38518652055 1.22155197069e-09 0.526704489956 0.474939158981 0.999999926866 0.441347 0 0
327.6 17 13 1.08379001184 5.38530046611 1.21640153505e-09 0.526708912061 0.474952855702 0.999999919352 0.440406 0 0
327.7 17 13 1.08379351904 5.38520259761 1.29208699295e-09 0.526713563373 0.474966495671 0.999999926504 0.359077 0 0
327.8 17 13 1.0838030679 5.38513233021 1.28792732035e-09 0.526718444627 0.47498003901 0.999999930041 0.511792 0 0
327.9 17 13 1.08380504849 5.38486599443 1.29254429382e-09 0.526723580787 0.474993530549 0.999999911479 0.356943 0 0
328 17 13 1.08381864685 5.38487072075 1.31431521222e-09 0.526728954398 0.475006957248 0.999999930542 0.356307 0 0
328.1 17 13 1.08383027561 5.38481289308 1.28930288668e-09 0.526734563047 0.475020354636 0.999999933345 0.439313 0 0
328.2 17 13 1.08384055465 5.38491927465 1.33448951889e-09 0.526740397591 0.475033684902 0.999999930692 0.512804 0 0
328.3 17 13 1.08385514539 5.38471916666 1.28286148371e-09 0.526746476012 0.475046948619 0.999999918308 0.511015 0 0
328.4 17 13 1.0838695411 5.38466977201 1.25173926779e-09 0.526752783438 0.475060178352 0.999999920388 0.440815 0 0
328.5 17 13 1.08388655534 5.384616431 1.26410237833e-09 0.526759318007 0.47507337702 0.999999934043 0.440092 0 0
328.6 17 13 1.08388859577 5.38455047304 1.27602806099e-09 0.526766082132 0.475086510062 0.9999999179 0.442013 0 0
328.7 17 13 1.08390427878 5.38476870759 1.25088162051e-09 0.526773052067 0.475099585889 0.999999919531 0.442809 0 0
328.8 17 13 1.08391726279 5.38447188487 1.26210397688e-09 0.526780221301 0.475112619428 0.999999927817 0.511171 0 0
328.9 17 13 1.0839332503 5.38441573431 1.22999999075e-09 0.526787575389 0.475125613832 0.99999992396 0.512614 0 0
329 17 13 1.08394941245 5.38437575312 1.30763899708e-09 0.526795131971 0.475138581976 0.999999924246 0.441272 0 0
329.1 17 13 1.08396060874 5.38437537158 1.2433533092e-09 0.526802862601 0.475151490656 0.999999927725 0.514715 0 0
329.2 17 13 1.08397201735 5.3843735521 1.31488553379e-09 0.526810773973 0.475164368106 0.999999909182 0.439947 0 0
329.3 17 13 1.08398194544 5.3842896019 1.25783095051e-09 0.526818864064 0.475177221357 0.999999930535 0.44039 0 0
329.4 17 13 1.08398453284 5.38431164682 1.2830884133e-09 0.526827102309 0.475190035067 0.999999919449 0.356271 0 0
329.5 17 13 1.08398974916 5.38434200135 1.45193379542e-09 0.526835524288 0.475202818759 0.999999914195 0.44169 0 0
329.6 17 13 1.08399566437 5.38422894553 1.39458722348e-09 0.526844090326 0.47521557605 0.999999920923 0.442225 0 0
329.7 17 13 1.08400004376 5.38437272394 1.38366529345e-09 0.526852795644 0.475228347964 0.999999922393 0.440499 0 0
329.8 17 13 1.08400259197 5.38394226889 1.20801824099e-09 0.526861624245 0.475241095024 0.999999904445 0.441508 0 0
329.9 17 13 1.0840033403 5.38416856921 1.18677356831e-09 0.526870571562 0.475253824339 0.999999912661 0.360592 0 0
330 17 13 1.08400926923 5.38390200929 1.17871201688e-09 0.526879620927 0.475266557947 0.999999915594 0.512786 0 0
330.1 17 13 1.08400817494 5.38394490269 1.18971565932e-09 0.526888738423 0.475279274341 0.999999912237 0.440625 0 0
330.2 17 13 1.08400211563 5.38389637347 1.20332177556e-09 0.526897946037 0.475291980079 0.999999908613 0.439404 0 0
330.3 17 13 1.08400281195 5.38391662552 1.38177980169e-09 0.526907218396 0.47530470171 0.999999925003 0.439256 0 0
330.4 17 13 1.08399958853 5.38386828229 1.18367182722e-09 0.526916545199 0.475317412393 0.999999916519 0.44014 0 0
330.5 17 13 1.08399996226 5.38444055995 1.20728060882e-09 0.526925889699 0.475330103465 0.999999932597 0.44147 0 0
330.6 17 13 1.0840039905 5.38463769635 1.28138333277e-09 0.526935256641 0.475342773641 0.99999993558 0.441754 0 0
330.7 17 13 1.0840036723 5.3846546739 1.38181233122e-09 0.526944632309 0.475355469398 0.999999924872 0.441792 0 0
330.8 17 13 1.08398654245 5.38457403633 1.25952570595e-09 0.526953986749 0.475368159471 0.999999911486 0.441747 0 0
330.9 17 13 1.08398926973 5.38434427285 1.14666831585e-09 0.52696331769 0.475380830683 0.999999930728 0.514006 0 0
331 17 13 1.08398827732 5.38439981908 1.07305531127e-09 0.526972622163 0.47539349308 0.999999921889 0.444666 0 0
331.1 17 13 1.08396862372 5.38475496252 1.28757093876e-09 0.526981865884 0.475406125599 0.999999907834 0.517241 0 0
331.2 17 13 1.0839637591 5.38501946856 1.15236631348e-09 0.526991071381 0.475418705568 0.999999916336 0.357474 0 0
331.3 17 13 1.08395351216 5.3849859231 1.23446763922e-09 0.527000255303 0.475431264578 0.999999912196 0.440096 0 0
331.4 17 13 1.0839483635 5.3850999088 1.22376664358e-09 0.527009373082 0.475443770667 0.999999902221 0.513681 0 0
331.5 17 13 1.08394028245 5.38517720496 1.24454113681e-09 0.527018423699 0.47545624163 0.99999993207 0.443639 0 0
331.6 17 14 1.08392815104 5.38566593714 1.16001530603e-09 0.527027418372 0.47546865847 0.999999922129 0.438719 0 0
331.7 17 14 1.08392108927 5.38582366758 1.21038279399e-09 0.527036331601 0.475481041689 0.99999992668 0.440624 0 0
331.8 17 13 1.08390829863 5.38558126969 1.57346202734e-09 0.527045175662 0.475493359107 0.999999925725 0.438644 0 0
331.9 17 14 1.08390067913 5.3860953492 1.26501498166e-09 0.527053936939 0.475505613319 0.999999910578 0.441003 0 0
332 17 14 1.08388728344 5.38600111605 1.13310993921e-09 0.52706260592 0.475517803958 0.999999905612 0.51244 0 0
332.1 17 14 1.08388314279 5.386183208 1.23408050445e-09 0.527071208035 0.475529937207 0.999999923347 0.35622 0 0
332.2 17 14 1.08387200568 5.38614099987 1.2322503018e-09 0.527079753752 0.475541859676 0.99999990199 0.360013 0 0
332.3 17 14 1.08386137688 5.38624030683 1.29347166311e-09 0.527088223189 0.475553728987 0.999999913164 0.439326 0 0
332.4 17 13 1.08385638414 5.38584428111 1.36552702479e-09 0.527096633084 0.475565554187 0.999999910627 0.442817 0 0
332.5 17 13 1.08385521979 5.38597485529 1.39217271045e-09 0.527104975127 0.475577343094 0.999999917632 0.441238 0 0
332.6 17 13 1.0838563726 5.38623699637 1.26785404397e-09 0.527113250479 0.475589072091 0.999999930712 0.44075 0 0
332.7 17 13 1.08384240394 5.38626389525 1.27528754224e-09 0.527121435197 0.475600752913 0.999999901718 0.440623 0 0
332.8 17 13 1.08383932557 5.38622262591 1.23196441937e-09 0.527129537168 0.475612387201 0.999999914704 0.357068 0 0
332.9 17 13 1.08384381934 5.38640518233 1.22703713856e-09 0.527137534944 0.475623988144 0.999999938543 0.357123 0 0
333 17 14 1.08383517775 5.38696824216 1.24953836167e-09 0.527145423231 0.475635523482 0.999999917211 0.513625 0 0
333.1 17 14 1.08383504643 5.38711771725 1.32380806317e-09 0.527153217862 0.475647000466 0.999999916982 0.357884 0 0
333.2 17 14 1.08382512212 5.38713160954 1.22282961534e-09 0.527160895171 0.475658451074 0.999999916197 0.440974 0 0
333.3 17 14 1.08382687834 5.38713061955 1.66373315125e-09 0.527168461733 0.475669858928 0.999999922006 0.512447 0 0
333.4 17 14 1.08383039083 5.38727264504 1.38547284756e-09 0.527175900381 0.475681249976 0.9999999142 0.440509 0 0
333.5 17 14 1.08383711362 5.38749487075 1.23283994125e-09 0.527183223115 0.475692608084 0.999999928407 0.438989 0 0
333.6 17 14 1.0838379034 5.38745780446 1.42424527727e-09 0.527190423274 0.475703944474 0.999999929741 0.357273 0 0
333.7 17 14 1.08383298906 5.38752471355 1.25094634651e-09 0.527197500227 0.475715231246 0.999999897079 0.510766 0 0
333.8 17 14 1.08383594966 5.38751141631 1.30771615758e-09 0.527204445463 0.475726489974 0.999999922599 0.438763 0 0
333.9 17 14 1.08384274486 5.38759226811 1.22303067673e-09 0.527211243115 0.475737777202 0.999999917705 0.356938 0 0
334 17 14 1.08384833749 5.38768831297 1.20469834108e-09 0.527217877344 0.475749025004 0.999999939288 0.439691 0 0
334.1 17 14 1.08386057816 5.38787410701 1.25336430123e-09 0.527224376233 0.475760231519 0.999999940393 0.441855 0 0
334.2 17 14 1.08387129873 5.38800321058 1.43341039038e-09 0.527230720826 0.47577141512 0.99999994453 0.440996 0 0
334.3 17 14 1.08388088196 5.38816731816 1.34336874957e-09 0.527236906509 0.475782578059 0.999999916198 0.441303 0 0
334.4 17 14 1.08388261056 5.38792273697 1.32121313889e-09 0.5272429277 0.475793734393 0.999999915455 0.512743 0 0
334.5 17 14 1.08389176854 5.38788076734 1.39143996325e-09 0.527248797414 0.475804886036 0.999999910282 0.355895 0 0
334.6 17 14 1.08390620734 5.38788133341 1.47795442551e-09 0.527254511856 0.475816082849 0.999999909832 0.441144 0 0
334.7 17 14 1.0839103833 5.38762345299 1.38438704944e-09 0.527260058025 0.475827242116 0.999999908334 0.439013 0 0
334.8 17 14 1.08392045208 5.38770383124 1.27171972952e-09 0.527265428066 0.475838428518 0.999999917201 0.440543 0 0
334.9 17 14 1.08393362292 5.38756699301 1.25052390665e-09 0.527270641052 0.475849652187 0.999999915891 0.439525 0 0
335 17 14 1.08394069075 5.38742083673 1.16771980974e-09 0.527275692821 0.475860934284 0.999999918691 0.439491 0 0
335.1 17 14 1.08396139247 5.387310458 1.30596722325e-09 0.527280572414 0.475872232157 0.99999992925 0.440455 0 0
335.2 17 14 1.08397648712 5.38732005799 1.34020272657e-09 0.527285274224 0.475883575941 0.999999912238 0.511427 0 0
335.3 17 14 1.08399339346 5.38710064729 1.36657929417e-09 0.527289783471 0.475894957995 0.999999909642 0.355864 0 0
335.4 17 14 1.08401608174 5.38703909702 1.39151379308e-09 0.5272941117 0.475906378476 0.999999939734 0.512278 0 0
335.5 17 14 1.08403932459 5.38689579047 1.40904865553e-09 0.527298234834 0.475917920332 0.999999928374 0.3564 0 0
335.6 17 14 1.08405918026 5.38678547818 1.42010725401e-09 0.527302159548 0.475929501757 0.999999936014 0.510803 0 0
335.7 17 14 1.08407811826 5.38665001981 1.51605183962e-09 0.527305888233 0.475941143932 0.999999917577 0.441187 0 0
335.8 17 14 1.08409488544 5.38659337868 1.50422085898e-09 0.527309421622 0.47595286308 0.999999915001 0.438866 0 0
335.9 17 14 1.08411552617 5.38634115232 1.50859225112e-09 0.527312751769 0.475964646754 0.999999930239 0.359179 0 0
336 17 14 1.08414455701 5.38627144509 1.35367528298e-09 0.527315908206 0.475976490802 0.999999934584 0.514127 0 0
336.1 17 14 1.08417347457 5.38620510314 1.34314293021e-09 0.527318856829 0.475988413707 0.999999942828 0.439881 0 0
336.2 17 14 1.08420333484 5.38620841797 1.33969357829e-09 0.527321597742 0.476000419284 0.999999927121 0.357141 0 0
336.3 17 13 1.08423208324 5.38553734285 1.18130483173e-09 0.52732413835 0.476012512968 0.999999885491 0.355721 0 0
336.4 17 13 1.08426075219 5.38518547817 1.27236621239e-09 0.52732650403 0.476024692535 0.999999918036 0.44052 0 0
336.5 17 13 1.08428391121 5.38498424211 1.37094580133e-09 0.527328646545 0.476036963232 0.999999911288 0.355323 0 0
336.6 17 13 1.0843129024 5.38480212108 1.29806099203e-09 0.527330576582 0.476049305833 0.999999912251 0.35699 0 0
336.7 17 13 1.08434390216 5.3844987161 1.52953205657e-09 0.527332320034 0.476061722719 0.999999925239 0.356702 0 0
336.8 17 13 1.08437494707 5.384489396 1.75105518974e-09 0.527333853684 0.476074229849 0.999999948236 0.359005 0 0
336.9 17 13 1.08440757102 5.38439260401 1.51879453458e-09 0.527335169034 0.47608682465 0.999999935544 0.442654 0 0
337 17 13 1.08443408053 5.38410238 1.39122480203e-09 0.527336283476 0.476099532037 0.999999898515 0.356498 0 0
337.1 17 13 1.0844681411 5.38399161181 1.50934986731e-09 0.527337199162 0.476112302763 0.999999923217 0.513135 0 0
337.2 17 13 1.08449423551 5.38386384131 1.50921164455e-09 0.527337928359 0.476125155717 0.999999920924 0.513489 0 0
337.3 17 13 1.08452300858 5.38346193682 1.54491652804e-09 0.527338458545 0.476138092178 0.999999906327 0.358639 0 0
337.4 17 13 1.08455768711 5.38328123051 1.55820711889e-09 0.527338785507 0.476151080202 0.999999924369 0.441235 0 0
337.5 17 13 1.08459119026 5.38332218862 1.53077062137e-09 0.527338913876 0.476164157843 0.999999904558 0.356397 0 0
337.6 17 13 1.08462297109 5.38301854514 1.51605539234e-09 0.527338820987 0.476177338233 0.999999913416 0.441239 0 0
337.7 17 13 1.08465880781 5.3825808685 1.51411361227e-09 0.52733851931 0.476190648955 0.999999919063 0.356125 0 0
337.8 17 13 1.08469131295 5.38228840208 1.57108048793e-09 0.52733800855 0.476204078154 0.999999937316 0.511446 0 0
337.9 17 13 1.08472565139 5.38213239183 1.48136236611e-09 0.527337267503 0.476217577816 0.999999918803 0.440906 0 0
338 17 13 1.08475758487 5.38199265775 1.52335588588e-09 0.527336291192 0.476231159279 0.999999905046 0.355275 0 0
338.1 17 13 1.0847869989 5.38184168046 1.61303836954e-09 0.527335082485 0.4762448336 0.999999917831 0.441514 0 0
338.2 17 13 1.08482082106 5.38164526996 1.58385216054e-09 0.5273336307 0.476258591865 0.999999927722 0.512338 0 0
338.3 17 13 1.08485038102 5.38151613725 1.69690406171e-09 0.527331937299 0.476272472317 0.99999990584 0.440647 0 0
338.4 17 13 1.0848804862 5.38153894436 1.57934532119e-09 0.527329989532 0.476286428306 0.999999920374 0.439726 0 0
338.5 17 13 1.08491764327 5.3815336013 1.60955493378e-09 0.527327776697 0.476300483295 0.999999932823 0.441487 0 0
338.6 17 13 1.0849486033 5.38133427568 1.42631806366e-09 0.527325311692 0.4763146511 0.999999910722 0.511706 0 0
338.7 17 13 1.08498267509 5.38114973636 1.41950717847e-09 0.527322587216 0.476328906505 0.999999914706 0.439617 0 0
338.8 17 13 1.08501417638 5.38102322931 1.37107103448e-09 0.527319606024 0.47634335074 0.999999920872 0.514301 0 0
338.9 17 13 1.08504707352 5.38095961952 1.27348520618e-09 0.527316365723 0.476357881018 0.999999918604 0.44145 0 0
339 17 13 1.08507353374 5.38104536978 1.18120324633e-09 0.527312859348 0.476372515473 0.999999916231 0.357021 0 0
339.1 17 13 1.08510654565 5.38082405451 1.19961229839e-09 0.527309085989 0.47638721988 0.999999903269 0.5103 0 0
339.2 17 13 1.08513924955 5.38092306134 1.22620291698e-09 0.527305037791 0.476402028373 0.999999927773 0.512355 0 0
339.3 17 13 1.08516494102 5.38088140327 1.72234893014e-09 0.527300728995 0.476416883634 0.999999927688 0.512161 0 0
339.4 17 13 1.08519586877 5.38096719396 1.32839983458e-09 0.527296161376 0.476431798973 0.999999928505 0.356493 0 0
339.5 17 13 1.0852281338 5.38121739729 1.22121357471e-09 0.527291342594 0.476446760866 0.999999917395 0.438803 0 0
339.6 17 13 1.08525967451 5.38118875718 1.19454646175e-09 0.527286272052 0.476461734502 0.999999925188 0.513269 0 0
339.7 17 13 1.08528949037 5.38128417102 1.19577614477e-09 0.527280932336 0.476476709753 0.999999908351 0.438229 0 0
339.8 17 13 1.08531691947 5.38138393005 1.22359988808e-09 0.527275344083 0.476491643956 0.999999928139 0.511361 0 0
339.9 17 13 1.08534048069 5.38159436447 1.20835830231e-09 0.527269500771 0.476506543157 0.999999912321 0.438489 0 0
340 17 13 1.08537098001 5.38121915704 1.20409970883e-09 0.527263416246 0.476521702502 0.999999909451 0.440124 0 0
340.1 17 13 1.08539778699 5.38149668639 1.20323084829e-09 0.527257083587 0.476536826034 0.999999907777 0.511181 0 0
340.2 17 13 1.08542733531 5.38211257915 1.15722953442e-09 0.527250518792 0.476551905343 0.999999925643 0.355352 0 0
340.3 17 13 1.0854464363 5.3822373349 1.29652433234e-09 0.527243737919 0.476566916458 0.999999906524 0.439689 0 0
340.4 17 13 1.08547208763 5.38241568348 1.21282550669e-09 0.52723673338 0.476581874392 0.99999990749 0.355604 0 0
340.5 17 13 1.08549854021 5.38274376968 1.33613142772e-09 0.527229481194 0.476596798517 0.99999992031 0.440555 0 0
340.6 17 13 1.08552302748 5.38326049838 1.43227851801e-09 0.527222025199 0.476611623163 0.999999905192 0.44043 0 0
340.7 17 13 1.08554927923 5.38284552623 1.36627786862e-09 0.527214356637 0.476626332772 0.999999893487 0.440054 0 0
340.8 17 13 1.08557266255 5.38358715514 1.36886801894e-09 0.52720647327 0.476640971136 0.999999909745 0.441104 0 0
340.9 17 13 1.08559501658 5.38355248482 1.36619160429e-09 0.527198399513 0.476655503968 0.99999991878 0.51057 0 0
341 17 13 1.08561526285 5.38397249188 1.46942968904e-09 0.527190146689 0.476669921585 0.999999899947 0.440954 0 0
341.1 17 13 1.08563705081 5.38395500454 1.50049728198e-09 0.527181721684 0.476684247577 0.999999903136 0.43859 0 0
341.2 17 13 1.08565976193 5.38462680082 1.43891343285e-09 0.527173138112 0.476698433795 0.99999990922 0.440067 0 0
341.3 17 13 1.08567921742 5.38473489209 1.45812406593e-09 0.527164376718 0.476712472488 0.999999906026 0.511058 0 0
341.4 17 13 1.08569849586 5.38551373392 1.41428613265e-09 0.527155466391 0.476726358771 0.999999914633 0.439431 0 0
341.5 17 13 1.08571583952 5.38562888028 1.42948408666e-09 0.527146417063 0.476740099886 0.999999894613 0.356415 0 0
341.6 17 13 1.08573087531 5.38596067648 1.44534417768e-09 0.527137225999 0.476753690542 0.999999912219 0.355953 0 0
341.7 17 13 1.08574859056 5.38630582149 1.44891931786e-09 0.527127904955 0.476767108901 0.99999991422 0.35802 0 0
341.8 17 13 1.08576921237 5.38622021169 1.52997026159e-09 0.527118458986 0.476780424795 0.999999907083 0.440814 0 0
341.9 17 13 1.08578925012 5.38647735592 1.735953159e-09 0.527108875012 0.476793575176 0.999999924132 0.513989 0 0
342 17 13 1.08580740971 5.38705578525 1.60770574631e-09 0.527099176385 0.476806573153 0.999999924634 0.440453 0 0
342.1 17 13 1.08582561615 5.38730808715 1.45434064791e-09 0.527089357865 0.476819384038 0.999999915224 0.511609 0 0
342.2 17 13 1.08584375193 5.3876602918 1.37755440388e-09 0.527079435308 0.476832088616 0.999999920429 0.438419 0 0
342.3 17 13 1.08585855016 5.38859353005 1.34299193988e-09 0.527069405478 0.476844675483 0.999999924387 0.440964 0 0
342.4 17 13 1.08587615168 5.38873489458 1.41319078661e-09 0.527059285275 0.476857097345 0.999999907153 0.442503 0 0
342.5 17 13 1.08588778056 5.38901780763 1.28908173025e-09 0.527049051573 0.476869408978 0.999999910531 0.513574 0 0
342.6 17 13 1.08590404749 5.38928610799 1.53396184643e-09 0.527038737113 0.47688156509 0.999999919578 0.356068 0 0
342.7 17 13 1.08591342619 5.38958387349 1.52770063266e-09 0.527028324795 0.47689358371 0.999999901591 0.357098 0 0
342.8 17 13 1.08592369252 5.38984723193 1.28549892953e-09 0.527017832775 0.476905434764 0.99999991512 0.442628 0 0
342.9 17 13 1.08593677185 5.39019792567 1.23101440153e-09 0.527007261908 0.476917170962 0.999999907073 0.512718 0 0
343 17 13 1.08594661479 5.39031586216 1.15311771243e-09 0.526996618365 0.476928748508 0.99999992251 0.440112 0 0
343.1 17 13 1.08595862886 5.39085073588 1.27607902023e-09 0.526985884895 0.476940166028 0.999999915302 0.357576 0 0
343.2 17 13 1.0859695647 5.39090542168 1.21193266533e-09 0.526975054011 0.476951411024 0.999999921011 0.511079 0 0
343.3 17 13 1.08597735887 5.39122279489 1.12899734006e-09 0.526964130452 0.47696251896 0.999999912731 0.360316 0 0
343.4 17 13 1.08598790966 5.39152532984 1.15688059132e-09 0.526953118707 0.476973402827 0.999999920863 0.439844 0 0
343.5 17 13 1.08599609435 5.39164144282 1.2038889885e-09 0.526942028053 0.476984108655 0.999999911582 0.357648 0 0
343.6 17 13 1.08600049648 5.3917648173 1.31579969143e-09 0.526930838321 0.476994607505 0.999999915667 0.439544 0 0
343.7 17 13 1.08600103748 5.39194502162 1.17050114046e-09 0.526919545649 0.477004920045 0.999999896263 0.514289 0 0
343.8 17 13 1.08600133228 5.39205816413 1.18841025909e-09 0.526908146646 0.477015035565 0.999999920855 0.356558 0 0
343.9 17 13 1.08600269364 5.39232042103 1.17899801033e-09 0.526896650852 0.477024999913 0.999999913119 0.35636 0 0
344 17 13 1.08600801744 5.39260220039 1.13340092867e-09 0.526885042455 0.47703474859 0.999999926484 0.356243 0 0
344.1 17 13 1.08601401192 5.39273217937 1.07055175835e-09 0.526873308048 0.477044285906 0.999999920196 0.438585 0 0
344.2 17 13 1.08601908553 5.39290339261 1.06999054061e-09 0.526861455042 0.477053615503 0.999999929152 0.440237 0 0
344.3 17 13 1.086024825 5.39309150247 1.09596998144e-09 0.526849487967 0.477062733362 0.999999930378 0.44184 0 0
344.4 17 13 1.08602798648 5.39319572792 1.12896447746e-09 0.526837381915 0.477071623125 0.99999991455 0.438892 0 0
344.5 17 13 1.08603024728 5.39355068138 1.13028264526e-09 0.52682514278 0.477080336091 0.999999919347 0.512462 0 0
344.6 17 13 1.08603082415 5.39349099867 1.09704278994e-09 0.526812780163 0.477088826897 0.999999916142 0.440581 0 0
344.7 17 13 1.08602901418 5.39365916406 1.09010422911e-09 0.526800277989 0.477097109688 0.999999926028 0.355393 0 0
344.8 17 13 1.08602802413 5.39379430049 1.11942288772e-09 0.526787631017 0.477105156356 0.999999911455 0.438162 0 0
344.9 17 13 1.08602831181 5.39377289703 1.08785902508e-09 0.526774854423 0.47711298233 0.999999915788 0.43894 0 0
345 17 13 1.08602761869 5.39396510172 1.11157749672e-09 0.526761931266 0.477120620615 0.999999929159 0.440095 0 0
345.1 17 13 1.08602586792 5.39411895587 1.16675258344e-09 0.526748872339 0.477128083431 0.999999923033 0.438405 0 0
345.2 17 13 1.08602208442 5.39410120597 1.17820408985e-09 0.526735688398 0.47713536292 0.999999913614 0.440773 0 0
345.3 17 13 1.08601733994 5.39426080765 1.11931897084e-09 0.526722372426 0.477142461182 0.999999937216 0.356444 0 0
345.4 17 13 1.08601331233 5.39421565071 1.12811060493e-09 0.526708926624 0.477149416718 0.999999926452 0.438912 0 0
345.5 17 13 1.08600718611 5.39424584994 1.11168008132e-09 0.526695341577 0.477156247078 0.99999992295 0.439726 0 0
345.6 17 13 1.0859943941 5.3944356562 1.1719016868e-09 0.526681623129 0.477162897333 0.999999919537 0.442123 0 0
345.7 17 13 1.08598824823 5.39439232629 1.12763531845e-09 0.526667778483 0.477169405314 0.999999918828 0.441881 0 0
345.8 17 13 1.0859766701 5.3944430784 1.09302178419e-09 0.526653806943 0.477175797393 0.999999912138 0.513776 0 0
345.9 17 13 1.08597001358 5.39452263093 1.13142162306e-09 0.526639717949 0.477182073722 0.999999936381 0.441945 0 0
346 17 13 1.08596227232 5.39446284911 1.20198018205e-09 0.526625502576 0.477188207773 0.999999925788 0.440446 0 0
346.1 17 13 1.08595259571 5.39460295197 1.19976828472e-09 0.526611166827 0.477194260105 0.999999916434 0.513316 0 0
346.2 17 13 1.08593809241 5.39449885061 1.25705512666e-09 0.526596698474 0.477200204505 0.999999914356 0.357965 0 0
346.3 17 13 1.08592426599 5.39472347177 1.25469590273e-09 0.52658212163 0.4772060479 0.999999915382 0.513387 0 0
346.4 17 13 1.08591316092 5.39462344946 1.20387488867e-09 0.526567402074 0.477211799148 0.999999924291 0.439568 0 0
346.5 17 13 1.08590181119 5.39456956575 1.18921894554e-09 0.526552569184 0.47721745691 0.999999914817 0.514275 0 0
346.6 17 13 1.08589090156 5.39444720405 1.28873267613e-09 0.526537624902 0.477223045937 0.999999928837 0.438894 0 0
346.7 17 13 1.08586851914 5.39443242505 1.23929388973e-09 0.526522557284 0.477228544369 0.999999922546 0.441368 0 0
346.8 17 13 1.08585467335 5.39458075983 1.20312293461e-09 0.526507374458 0.477233961448 0.999999935769 0.440798 0 0
346.9 17 13 1.0858424229 5.3946303507 1.32019106758e-09 0.526492100185 0.477239341398 0.999999932183 0.439274 0 0
347 17 13 1.08582830666 5.39454086009 1.28494981322e-09 0.526476703763 0.477244678749 0.999999910879 0.443589 0 0
347.1 17 13 1.08581572561 5.39470431913 1.33049515849e-09 0.526461213378 0.477249970059 0.999999945109 0.439786 0 0
347.2 17 13 1.08580198329 5.39464231814 1.32725597179e-09 0.526445631324 0.477255181027 0.999999911131 0.440884 0 0
347.3 17 13 1.08578233629 5.39428739466 1.39215761141e-09 0.526429959037 0.477260375558 0.999999912957 0.357288 0 0
347.4 17 13 1.08575486736 5.39435658388 1.35691236025e-09 0.526414199545 0.477265509114 0.999999909938 0.44059 0 0
347.5 17 13 1.08573276926 5.39425073258 1.3701362267e-09 0.526398354883 0.477270588337 0.999999916573 0.357586 0 0
347.6 17 13 1.08571679774 5.39431317929 1.37078548512e-09 0.526382431803 0.477275612928 0.999999925109 0.440492 0 0
347.7 17 13 1.08570165976 5.39413802821 1.36164446385e-09 0.526366454851 0.477280570199 0.999999910794 0.443787 0 0
347.8 17 13 1.08568702308 5.39422077897 1.29011523686e-09 0.526350411171 0.477285503575 0.999999927719 0.440243 0 0
347.9 17 13 1.08567277853 5.39422073841 1.2435200647e-09 0.526334295968 0.477290318317 0.999999919782 0.514655 0 0
348 17 13 1.08565934706 5.39422553761 1.29619315281e-09 0.526318111221 0.477295002239 0.999999927493 0.513327 0 0
348.1 17 13 1.08564509747 5.39420184558 1.25560617459e-09 0.52630188305 0.477299576706 0.999999923375 0.440287 0 0
348.2 17 13 1.08563260107 5.39422773472 1.26764276853e-09 0.526285596916 0.477304032882 0.999999916714 0.511623 0 0
348.3 17 13 1.08561511984 5.39419273666 1.15825760094e-09 0.526269278293 0.477308395189 0.999999910672 0.511033 0 0
348.4 17 13 1.0856036846 5.39415319956 1.1208320938e-09 0.526252910004 0.477312664094 0.999999927814 0.512693 0 0
348.5 17 13 1.08558935029 5.39416545152 1.15228249165e-09 0.526236510691 0.477316869644 0.999999920327 0.511232 0 0
348.6 17 13 1.0855782082 5.39412755301 1.12805453867e-09 0.52622009298 0.47732102105 0.999999921585 0.440116 0 0
348.7 17 13 1.08556557557 5.39259573115 1.18437903929e-09 0.526203665474 0.477325130123 0.999999906871 0.356905 0 0
348.8 17 13 1.08555160028 5.39255050135 1.16492948621e-09 0.526187228685 0.477329177038 0.999999896222 0.438271 0 0
348.9 17 13 1.08553349427 5.39236527963 1.1544143419e-09 0.526170755121 0.477333144389 0.999999907428 0.439952 0 0
349 17 13 1.08552313191 5.39233083673 1.17819476397e-09 0.526154274343 0.477337018281 0.999999907159 0.440679 0 0
349.1 17 13 1.0855030916 5.3922974569 1.17350895668e-09 0.526137791057 0.477340846657 0.999999898254 0.438895 0 0
349.2 17 13 1.08548734146 5.39233292874 1.20970755635e-09 0.526121298261 0.477344610526 0.999999915808 0.441969 0 0
349.3 17 13 1.08547529564 5.3922209729 1.23891386039e-09 0.52610481432 0.477348354938 0.999999918663 0.438567 0 0
349.4 17 13 1.08546682736 5.39238737653 1.2309844255e-09 0.526088350604 0.477352057744 0.999999923086 0.440772 0 0
349.5 17 13 1.08545863037 5.39237352493 1.18074627853e-09 0.526071876154 0.477355704318 0.999999915838 0.439609 0 0
349.6 17 13 1.08544849657 5.39238074481 1.1315084425e-09 0.526055395945 0.477359293361 0.999999912433 0.512481 0 0
349.7 17 13 1.08543768742 5.39254856886 1.14052789435e-09 0.526038939826 0.477362817636 0.999999914325 0.511848 0 0
349.8 17 13 1.08542859456 5.39274930683 1.03685693364e-09 0.526022506384 0.477366270086 0.999999914749 0.438882 0 0
349.9 17 13 1.08541663459 5.39271965931 1.02977826266e-09 0.526006075212 0.477369689142 0.999999914118 0.355924 0 0
350 17 13 1.08540808378 5.39273587113 1.07015141193e-09 0.52598968841 0.477373040969 0.999999912666 0.440496 0 0
350.1 17 13 1.08539705971 5.39289510557 1.04361430608e-09 0.525973367933 0.477376331195 0.999999918497 0.441817 0 0
350.2 17 13 1.08539231016 5.3928239477 1.06481401474e-09 0.525957092226 0.477379563352 0.999999934898 0.438291 0 0
350.3 17 13 1.08538826214 5.39280498317 1.05788322546e-09 0.52594085901 0.477382729647 0.999999905608 0.513316 0 0
350.4 17 13 1.0853844391 5.39283345173 1.08176823055e-09 0.525924671884 0.477385863476 0.999999911071 0.354818 0 0
350.5 17 13 1.0853712282 5.39277024507 1.3332037696e-09 0.525908578392 0.477388992812 0.999999906313 0.439193 0 0
350.6 17 13 1.08536168262 5.39277445741 1.23320997858e-09 0.5258925432 0.477392055907 0.999999905717 0.512048 0 0
350.7 17 13 1.08535665936 5.392499537 1.23746235481e-09 0.525876570137 0.477395058913 0.999999897122 0.440412 0 0
350.8 17 13 1.08535338311 5.39266255003 1.21202270442e-09 0.525860693346 0.477398061484 0.999999925516 0.439875 0 0
350.9 17 13 1.0853520059 5.39268209982 1.16677345563e-09 0.525844917916 0.477401034869 0.999999926259 0.440076 0 0
351 17 13 1.08535046675 5.3921221156 1.20217025223e-09 0.52582923494 0.477403998626 0.99999991263 0.441544 0 0
351.1 17 13 1.08534507817 5.39225618682 1.23818899578e-09 0.525813654865 0.47740692512 0.999999916751 0.441195 0 0
351.2 17 13 1.08534327408 5.39247246568 1.25575727594e-09 0.525798156064 0.477409825078 0.999999905001 0.4401 0 0
351.3 17 13 1.08534327472 5.3925007135 1.1358896046e-09 0.525782755757 0.477412753027 0.999999921472 0.35491 0 0
351.4 17 13 1.08534186932 5.3927165672 1.13440157268e-09 0.5257674457 0.477415679835 0.999999911433 0.440731 0 0
351.5 17 13 1.08532903167 5.39274963947 1.12735287772e-09 0.525752243633 0.477418588797 0.999999906724 0.354464 0 0
351.6 17 13 1.08532867187 5.393011882 1.12795917051e-09 0.525737119012 0.477421474871 0.999999917279 0.438742 0 0
351.7 17 13 1.08531821434 5.39310160042 1.09135100956e-09 0.525722083762 0.477424380886 0.999999909496 0.358043 0 0
351.8 17 13 1.08531705739 5.39322308787 1.10357389893e-09 0.525707124055 0.477427327978 0.999999920803 0.438888 0 0
351.9 17 13 1.08531368104 5.39341414528 1.1580751913e-09 0.52569222647 0.477430282513 0.999999901739 0.514216 0 0
352 17 13 1.08531127984 5.39362727622 1.0933907113e-09 0.525677396742 0.477433244244 0.999999905958 0.439571 0 0
352.1 17 13 1.08530261244 5.39364333942 1.06636566244e-09 0.525662635743 0.477436187441 0.999999892288 0.357555 0 0
352.2 17 13 1.08530068965 5.39398955649 1.12134512786e-09 0.525647940695 0.47743911159 0.999999897308 0.441017 0 0
352.3 17 13 1.08530155155 5.39389188753 1.12538578456e-09 0.525633318964 0.477442027449 0.999999913047 0.511313 0 0
352.4 17 13 1.0853021401 5.39407688971 1.10398412634e-09 0.525618768151 0.477444909174 0.999999901418 0.442653 0 0
352.5 17 13 1.08530076699 5.39429130257 1.06854658455e-09 0.525604280284 0.477447791589 0.999999924036 0.441794 0 0
352.6 17 14 1.08529877351 5.39479078859 1.00297870009e-09 0.525589869417 0.477450647305 0.999999936595 0.440354 0 0
352.7 17 13 1.08529361359 5.3955110209 1.10894271543e-09 0.525575539983 0.477453466489 0.999999922438 0.442308 0 0
352.8 17 13 1.08528827214 5.3952028878 1.1458596294e-09 0.525561294448 0.477456246549 0.999999898426 0.44226 0 0
352.9 17 13 1.08528182256 5.39552675954 1.20901322287e-09 0.525547126784 0.47745899205 0.999999920522 0.356464 0 0
353 17 13 1.08528470633 5.39584151075 1.09466857801e-09 0.525533047623 0.47746168124 0.999999933004 0.438293 0 0
353.1 17 13 1.08529269502 5.39630083715 1.13381093403e-09 0.525519052413 0.47746430047 0.999999930366 0.441555 0 0
353.2 17 13 1.08529878049 5.39685534795 1.12576092892e-09 0.525505143037 0.477466829615 0.999999906317 0.440647 0 0
353.3 17 13 1.08530455748 5.39706846298 1.13432119253e-09 0.525491307503 0.477469318015 0.999999925061 0.439408 0 0
353.4 17 13 1.08531564236 5.39731743708 1.15972720316e-09 0.525477564332 0.477471722803 0.999999935639 0.35574 0 0
353.5 17 13 1.08532406225 5.39757585328 1.37510203224e-09 0.525463913371 0.477474070328 0.999999911719 0.438727 0 0
353.6 17 13 1.08533682717 5.39785117881 1.37845146408e-09 0.52545033723 0.477476322501 0.999999920205 0.440267 0 0
353.7 17 13 1.08534100036 5.39845827413 1.1542401479e-09 0.525436842038 0.477478451454 0.999999926917 0.509776 0 0
353.8 17 13 1.08535136927 5.39882392846 1.13715126204e-09 0.525423417218 0.477480465604 0.999999943562 0.439052 0 0
353.9 17 13 1.08536091147 5.39938188897 1.15238030229e-09 0.525410069413 0.477482396364 0.999999927377 0.509705 0 0
354 17 13 1.08537218102 5.4000220993 1.39788414177e-09 0.525396802891 0.477484245808 0.99999990174 0.356528 0 0
354.1 17 13 1.08538675268 5.40006639352 1.32568522826e-09 0.525383618703 0.477486009223 0.999999927645 0.439251 0 0
354.2 17 13 1.08539347319 5.40029402583 1.28557609003e-09 0.525370496071 0.477487766447 0.999999906796 0.438086 0 0
354.3 17 13 1.08540764166 5.40133144147 1.51932821879e-09 0.525357448706 0.4774894456 0.999999928231 0.438602 0 0
354.4 17 13 1.08542139747 5.40103482851 1.50202517091e-09 0.525344460846 0.47749106522 0.999999895713 0.439503 0 0
354.5 17 13 1.08544254746 5.40130366327 1.59402224753e-09 0.525331545837 0.477492604909 0.999999920609 0.441259 0 0
354.6 17 13 1.08546438018 5.40178160303 1.18582055286e-09 0.525318689243 0.477494079018 0.99999993815 0.438103 0 0
354.7 17 13 1.08548643621 5.40251273186 1.2012466577e-09 0.525305896412 0.477495490435 0.999999921494 0.51071 0 0
354.8 17 13 1.08550987855 5.40278249146 1.24473931162e-09 0.525293168782 0.477496837788 0.999999911034 0.355078 0 0
354.9 17 13 1.08553328374 5.40311251146 1.18163667739e-09 0.525280495845 0.477498136803 0.99999991542 0.440874 0 0
355 17 13 1.08555536832 5.40382362198 1.19818832633e-09 0.525267881915 0.477499386629 0.999999915644 0.510976 0 0
355.1 17 13 1.08557102142 5.40384051653 1.07765518731e-09 0.525255315551 0.477500622063 0.999999885723 0.510905 0 0
355.2 17 13 1.08558200575 5.40434042401 1.21317944579e-09 0.525242804441 0.477501797472 0.999999906682 0.511684 0 0
355.3 17 13 1.0856101725 5.40472911251 1.50948953337e-09 0.525230340674 0.477502934636 0.999999911017 0.355964 0 0
355.4 17 13 1.0856386053 5.40523747325 1.18608589617e-09 0.525217900518 0.477504062576 0.999999917055 0.4393 0 0
355.5 17 13 1.08567082915 5.40580357384 1.13780207478e-09 0.52520549394 0.47750515874 0.999999932864 0.512347 0 0
355.6 17 13 1.08570176417 5.40629822205 1.2902433566e-09 0.525193120728 0.477506232498 0.999999901926 0.439831 0 0
355.7 17 13 1.08573047704 5.40677498242 1.19188703351e-09 0.525180768676 0.477507252715 0.999999927124 0.440288 0 0
355.8 17 13 1.0857618078 5.40727565593 1.17602771965e-09 0.525168447789 0.477508284205 0.999999915926 0.51163 0 0
355.9 17 13 1.08579661985 5.40769797029 1.15720877325e-09 0.525156164192 0.477509306892 0.99999991645 0.5144 0 0
356 17 13 1.08583113837 5.40810657486 1.322921106e-09 0.525143896634 0.477510323997 0.999999913595 0.440083 0 0
356.1 17 13 1.08586366849 5.40872379634 1.23573973276e-09 0.525131636597 0.477511346759 0.999999914036 0.439112 0 0
356.2 17 13 1.08590032977 5.40915125818 1.26769617026e-09 0.525119408122 0.477512373885 0.999999926996 0.439371 0 0
356.3 17 13 1.08593287589 5.40978612564 1.27014532225e-09 0.52510720787 0.477513418627 0.999999894711 0.511941 0 0
356.4 17 13 1.08597629991 5.41008090347 1.40314371233e-09 0.525095038083 0.477514490193 0.999999913012 0.35551 0 0
356.5 17 13 1.08602297639 5.41065909746 1.21305132605e-09 0.525082870891 0.477515575014 0.999999915053 0.439265 0 0
356.6 17 13 1.08606064106 5.4110811328 1.12759890314e-09 0.525070732566 0.477516748766 0.999999915891 0.440623 0 0
356.7 17 13 1.08610811 5.41150864555 1.12561371335e-09 0.525058596393 0.477517940447 0.999999916502 0.442751 0 0
356.8 17 13 1.08613884891 5.41212368534 1.24710441973e-09 0.525046567034 0.477519198288 0.999999908775 0.511659 0 0
356.9 17 13 1.08618316517 5.41245407435 1.31325483821e-09 0.525034605158 0.477520491607 0.999999905787 0.442557 0 0
357 17 13 1.08622881132 5.41281222895 1.22592336282e-09 0.525022734923 0.477521863671 0.999999911663 0.441634 0 0
357.1 17 13 1.08627806417 5.41328140211 1.20901344491e-09 0.525010930458 0.477523302443 0.999999900553 0.514286 0 0
357.2 17 13 1.08632960451 5.41371631062 1.33965516458e-09 0.524999196243 0.477524822027 0.999999906279 0.355377 0 0
357.3 17 13 1.08637252996 5.41405521839 1.20102294776e-09 0.524987528273 0.477526394259 0.99999989281 0.439654 0 0
357.4 17 13 1.08642165968 5.41439241822 1.12070996927e-09 0.524975915756 0.477528003131 0.999999900759 0.359041 0 0
357.5 17 13 1.0864667796 5.4148220607 1.13693832127e-09 0.524964358658 0.477529638148 0.999999913911 0.512634 0 0
357.6 17 13 1.08652346692 5.41541015174 1.21425536292e-09 0.524952838718 0.47753129746 0.999999929039 0.511145 0 0
357.7 17 13 1.08657076453 5.41658820142 1.1940917144e-09 0.524941346628 0.477532993453 0.999999904902 0.439706 0 0
357.8 17 13 1.08661854005 5.41641056924 1.34226296744e-09 0.524929881601 0.477534729375 0.999999911101 0.358322 0 0
357.9 17 13 1.08667451666 5.41681924691 1.48644119236e-09 0.524918460152 0.477536526909 0.999999913856 0.511023 0 0
358 17 13 1.08672695811 5.4171069233 1.1857470561e-09 0.524907091296 0.477538346836 0.999999916815 0.438247 0 0
358.1 17 13 1.08677787664 5.41744574601 1.20434762163e-09 0.524895759298 0.477540197845 0.999999894349 0.441111 0 0
358.2 17 13 1.08682730686 5.41808282604 1.34479227754e-09 0.5248844562 0.477542128559 0.999999894877 0.511055 0 0
358.3 17 13 1.08688395581 5.41818029929 1.47868783884e-09 0.524873240836 0.47754409562 0.999999903304 0.354356 0 0
358.4 17 13 1.08693402888 5.41864701541 1.29899868639e-09 0.524862118033 0.477546101465 0.999999923944 0.438467 0 0
358.5 17 13 1.08698830428 5.41908892122 1.20836007866e-09 0.524851054924 0.477548089676 0.99999992237 0.438754 0 0
358.6 17 13 1.08703928113 5.41937827856 1.31743760345e-09 0.524840073444 0.477550077814 0.999999907573 0.510273 0 0
358.7 17 13 1.08709948639 5.41993306746 1.23717769362e-09 0.524829152561 0.477552075381 0.999999910408 0.440513 0 0
358.8 17 13 1.08715095561 5.42022178355 1.12822995391e-09 0.524818296837 0.47755409197 0.99999990761 0.510681 0 0
358.9 17 13 1.08720553437 5.42049339312 1.12629505722e-09 0.524807504576 0.477556110613 0.999999910557 0.359009 0 0
359 17 13 1.08725988737 5.42084817312 1.11775633194e-09 0.524796774712 0.477558122037 0.999999905426 0.512699 0 0
359.1 17 13 1.08732386813 5.42114694304 1.20753584909e-09 0.524786101549 0.477560100888 0.99999991518 0.514332 0 0
359.2 17 13 1.08738590235 5.42152029585 1.22005872072e-09 0.524775486598 0.477562120761 0.999999905631 0.437783 0 0
359.3 17 13 1.08745341738 5.42206940577 1.21044996249e-09 0.524764928876 0.477564137685 0.999999923767 0.441204 0 0
359.4 17 13 1.08751517835 5.422495864 1.21472409909e-09 0.524754431988 0.477566133758 0.999999924149 0.510532 0 0
359.5 17 13 1.08757988222 5.42273510992 1.23523946627e-09 0.524743981908 0.477568104186 0.999999915829 0.511696 0 0
359.6 17 13 1.08765259299 5.42310600779 1.27776100811e-09 0.524733599267 0.477570071305 0.999999933092 0.513015 0 0
359.7 17 13 1.08771864943 5.42343129653 1.31670518932e-09 0.524723272678 0.477572036881 0.999999909135 0.513024 0 0
359.8 17 13 1.08779237705 5.42394233496 1.33074418152e-09 0.524712995923 0.477573999725 0.99999993079 0.43903 0 0
359.9 17 13 1.08786058962 5.42444753603 1.26493326924e-09 0.524702786393 0.477575950293 0.999999923752 0.43881 0 0
360 17 13 1.08793296939 5.42491628598 1.27772681324e-09 0.52469263722 0.477577878339 0.999999930497 0.438207 0 0
360.1 17 13 1.08800549321 5.42531645216 1.23473520297e-09 0.524682535078 0.477579807584 0.999999915405 0.43877 0 0
360.2 17 13 1.08807933252 5.42566182688 1.23241006289e-09 0.524672454137 0.477581702675 0.999999920856 0.51116 0 0
360.3 17 13 1.08815351203 5.42614923434 1.21695209465e-09 0.524662400389 0.477583575697 0.999999927685 0.512892 0 0
360.4 17 13 1.08821986042 5.42648768072 1.24858534623e-09 0.524652398571 0.47758542382 0.999999915942 0.437853 0 0
360.5 17 13 1.08829473932 5.42702118581 1.24430521442e-09 0.524642431296 0.477587243055 0.99999991865 0.440388 0 0
360.6 17 13 1.08836836863 5.42731612634 1.28222554796e-09 0.524632502885 0.47758909374 0.99999991209 0.439943 0 0
360.7 17 13 1.08844124057 5.42770461914 1.29621791078e-09 0.524622612961 0.477590957565 0.999999907352 0.511745 0 0
360.8 17 13 1.08851437265 5.42795476567 1.22446930373e-09 0.524612773757 0.477592858914 0.999999903675 0.356773 0 0
360.9 17 13 1.08859061626 5.428408592 1.33630584376e-09 0.524602985945 0.477594780903 0.999999911122 0.510221 0 0
361 17 13 1.08866503807 5.42953081142 1.365642599e-09 0.524593233568 0.477596746567 0.999999908251 0.440587 0 0
361.1 17 13 1.08873152505 5.42903375482 1.37084832375e-09 0.524583553897 0.47759872885 0.999999890364 0.356619 0 0
361.2 17 13 1.08880213649 5.42944352465 1.30327493242e-09 0.524573946117 0.477600725242 0.999999920576 0.5118 0 0
361.3 17 13 1.08887593732 5.42985917758 1.27139931916e-09 0.524564424938 0.477602759505 0.999999912016 0.440646 0 0
361.4 17 13 1.0889514713 5.4304028691 1.28185828618e-09 0.524554984511 0.477604850304 0.99999992052 0.438472 0 0
361.5 17 13 1.0890212574 5.43054186673 1.26701016345e-09 0.524545601428 0.477606942122 0.999999901502 0.439846 0 0
361.6 17 13 1.08909102036 5.43101485436 1.17015308554e-09 0.524536316023 0.477609060235 0.999999908065 0.438321 0 0
361.7 17 13 1.0891682432 5.43131547242 1.18359666512e-09 0.524527118966 0.477611180635 0.999999920566 0.512408 0 0
361.8 17 13 1.089242622 5.4319806363 1.20623544486e-09 0.524518012711 0.477613376489 0.999999933234 0.511016 0 0
361.9 17 13 1.08930829858 5.43236676928 1.25892962721e-09 0.524509000682 0.477615629381 0.999999920565 0.357419 0 0
362 17 13 1.08938331109 5.43300123589 1.21799170749e-09 0.524500082597 0.477617912226 0.99999991184 0.510454 0 0
362.1 17 13 1.08945686805 5.43340107254 1.17091070173e-09 0.524491268995 0.477620322613 0.999999903794 0.354112 0 0
362.2 17 13 1.08953136094 5.4338781471 1.08629294449e-09 0.524482569035 0.477622804039 0.999999916466 0.354908 0 0
362.3 17 13 1.08960149638 5.4344704085 1.12780151884e-09 0.524473962636 0.477625339461 0.999999917458 0.354796 0 0
362.4 17 13 1.0896671108 5.43525309785 1.08799702581e-09 0.524465453284 0.477627957427 0.999999908371 0.439964 0 0
362.5 17 13 1.08974026916 5.43525085386 1.10463360681e-09 0.524457010391 0.477630635547 0.999999914647 0.514063 0 0
362.6 17 13 1.08981187311 5.4358269795 1.17400600352e-09 0.524448658768 0.477633372664 0.999999934684 0.439925 0 0
362.7 17 13 1.08988042441 5.43656213076 1.19902143769e-09 0.524440403064 0.477636161814 0.999999910164 0.51046 0 0
362.8 17 13 1.08995107794 5.43692295656 1.21130827591e-09 0.524432242119 0.477639005714 0.999999917865 0.511147 0 0
362.9 17 13 1.09002276414 5.43759254064 1.16984133491e-09 0.524424185752 0.477641909306 0.999999930142 0.438473 0 0
363 17 13 1.09008673564 5.43811316939 1.36724687128e-09 0.52441624555 0.477644849089 0.999999918426 0.355202 0 0
363.1 17 13 1.09015606467 5.43898446459 1.15038445436e-09 0.524408424756 0.477647800886 0.999999911521 0.439127 0 0
363.2 17 13 1.09022326678 5.43932944925 1.3376540986e-09 0.524400722446 0.477650806953 0.999999918957 0.438459 0 0
363.3 17 13 1.09028435086 5.43979362616 1.15271148182e-09 0.52439314003 0.477653810932 0.999999902447 0.437643 0 0
363.4 17 13 1.09034592019 5.4403711739 1.30585620095e-09 0.524385699043 0.477656858965 0.999999905181 0.438901 0 0
363.5 17 13 1.09041157758 5.44108893455 1.12246056894e-09 0.524378389949 0.477659898336 0.999999935084 0.510403 0 0
363.6 17 13 1.09047242637 5.44171104225 1.18179543929e-09 0.524371242007 0.47766294293 0.999999902484 0.511084 0 0
363.7 17 13 1.09053703457 5.44233209752 1.17669540778e-09 0.524364267957 0.477665958958 0.999999935351 0.43904 0 0
363.8 17 13 1.09059841863 5.4431729069 1.26125243582e-09 0.524357442308 0.477668961554 0.999999907677 0.355638 0 0
363.9 17 13 1.09066336761 5.44363465732 1.27800992011e-09 0.524350766665 0.477671928988 0.999999933079 0.511401 0 0
364 17 13 1.09072736094 5.44414791501 1.25968191433e-09 0.524344268614 0.47767487596 0.999999907911 0.440258 0 0
364.1 17 13 1.09078879915 5.44468537176 1.18015885953e-09 0.524337916542 0.477677885699 0.999999905511 0.512405 0 0
364.2 17 13 1.09084883988 5.44535353923 1.18148346662e-09 0.524331755872 0.477680948254 0.999999917165 0.443164 0 0
364.3 17 13 1.09090960331 5.44603179434 1.25859589417e-09 0.524325743332 0.477684002061 0.999999930535 0.439296 0 0
364.4 17 13 1.09096901475 5.44687717334 1.19079268668e-09 0.524319905424 0.477687074589 0.999999912798 0.441466 0 0
364.5 17 13 1.09102650993 5.44732308451 1.36934530381e-09 0.524314222538 0.477690190349 0.999999913131 0.355213 0 0
364.6 17 13 1.09108216481 5.44777681364 1.2343953637e-09 0.524308707825 0.47769334862 0.999999905939 0.513512 0 0
364.7 17 13 1.09113306781 5.44845208465 1.1597901528e-09 0.524303362114 0.477696509242 0.999999922439 0.513517 0 0
364.8 17 13 1.09118799656 5.44899784886 1.10702669254e-09 0.524298195488 0.477699654827 0.999999903344 0.440088 0 0
364.9 17 13 1.09124529608 5.44966407558 1.10801623432e-09 0.524293182107 0.477702777275 0.999999926605 0.43923 0 0
365 17 13 1.09129910145 5.45027988449 1.18906673396e-09 0.524288336388 0.477705893311 0.999999928457 0.44074 0 0
365.1 17 13 1.09135164107 5.45098427157 1.53055657037e-09 0.524283648249 0.477708988011 0.999999899839 0.514628 0 0
365.2 17 13 1.09140627003 5.4514776172 1.16323439769e-09 0.52427910194 0.47771206834 0.999999921086 0.510962 0 0
365.3 17 13 1.09145761915 5.45213902389 1.33209143716e-09 0.524274692392 0.477715130581 0.99999992525 0.356614 0 0
365.4 17 13 1.09151004425 5.45274525936 1.34990463252e-09 0.524270417788 0.477718138027 0.999999895593 0.440861 0 0
365.5 17 13 1.09156074661 5.45320475504 1.36936395556e-09 0.524266267747 0.477721107201 0.99999990229 0.358354 0 0
365.6 17 13 1.09160843137 5.45385902552 1.49745549294e-09 0.524262222879 0.477724000533 0.999999894724 0.511686 0 0
365.7 17 13 1.09165333009 5.45426940892 1.65527014317e-09 0.524258286063 0.47772686899 0.999999908489 0.444206 0 0
365.8 17 13 1.0917017476 5.45462297358 1.59299085034e-09 0.524254458735 0.477729704708 0.999999921611 0.35963 0 0
365.9 17 13 1.09175039201 5.45524146901 1.32377298012e-09 0.524250718032 0.477732457878 0.999999924126 0.438533 0 0
366 17 13 1.09179865415 5.45592285066 1.24404619939e-09 0.524247064312 0.477735161014 0.999999934697 0.512337 0 0
366.1 17 13 1.09184887922 5.45664932593 1.22201782027e-09 0.524243487422 0.477737816467 0.99999992843 0.356499 0 0
366.2 17 13 1.09189081744 5.4574740805 1.42394662728e-09 0.52423998044 0.477740433265 0.999999927411 0.357671 0 0
366.3 17 13 1.09193815915 5.45783189593 1.20088761157e-09 0.52423652187 0.477742965366 0.999999914649 0.440017 0 0
366.4 17 13 1.09198375429 5.45821642985 1.22613141862e-09 0.524233084095 0.477745518727 0.999999921547 0.440877 0 0
366.5 17 13 1.09202874467 5.45873607224 1.33101707434e-09 0.524229668149 0.477748031036 0.999999917465 0.512284 0 0
366.6 17 13 1.09206701088 5.45933924713 1.22812437997e-09 0.524226257789 0.477750486651 0.999999904017 0.355583 0 0
366.7 17 13 1.09211074796 5.45963392747 1.1646561493e-09 0.524222818023 0.477752862816 0.999999911338 0.513158 0 0
366.8 17 13 1.09215413988 5.46014277385 1.2557053175e-09 0.52421937692 0.477755159376 0.999999911457 0.441656 0 0
366.9 17 13 1.0921911378 5.46069833005 1.32552890886e-09 0.524215916011 0.477757372567 0.99999990906 0.441729 0 0
367 17 13 1.09223119646 5.46077254962 1.3018660594e-09 0.524212451549 0.477759554908 0.999999884728 0.357885 0 0
367.1 17 13 1.09226779095 5.46129887974 1.27259780491e-09 0.524209006433 0.477761714395 0.999999916739 0.355595 0 0
367.2 17 13 1.09230870661 5.46190420986 1.19773335694e-09 0.524205517279 0.477763795667 0.999999945128 0.438817 0 0
367.3 17 13 1.09234912878 5.46245449106 1.35510946908e-09 0.524202030332 0.477765833834 0.999999913142 0.437682 0 0
367.4 17 13 1.09238797081 5.46297081156 1.52111045981e-09 0.524198527797 0.47776783403 0.999999925326 0.512979 0 0
367.5 17 13 1.09241984567 5.46393411037 1.31442223772e-09 0.524194995733 0.477769793784 0.999999908118 0.355905 0 0
367.6 17 13 1.09245184914 5.46374400093 1.28259458609e-09 0.524191419468 0.477771706997 0.999999915087 0.357662 0 0
367.7 17 13 1.09248716819 5.46411500476 1.23505139449e-09 0.524187824128 0.477773583004 0.999999897871 0.440727 0 0
367.8 17 13 1.09252298585 5.46459383001 1.42474276821e-09 0.524184189752 0.477775427982 0.999999920426 0.513355 0 0
367.9 17 13 1.09255629911 5.46507537614 1.37260480759e-09 0.524180524193 0.477777240213 0.999999920542 0.438311 0 0
368 17 13 1.09259001539 5.46557029274 1.3690968359e-09 0.52417681086 0.477779022256 0.999999934665 0.510085 0 0
368.1 17 13 1.09261821086 5.46618040785 1.33479038933e-09 0.524173034148 0.477780790379 0.999999908102 0.438159 0 0
368.2 17 13 1.09265185309 5.46652688614 1.26035815118e-09 0.524169211764 0.477782547849 0.999999919994 0.510287 0 0
368.3 17 13 1.09268248256 5.46684015233 1.36921096683e-09 0.524165333612 0.477784319321 0.999999908384 0.442939 0 0
368.4 17 13 1.09271383535 5.46751158563 1.20570664564e-09 0.524161417444 0.477786076941 0.999999921059 0.44093 0 0
368.5 17 13 1.09274288815 5.4677684806 1.14693810005e-09 0.524157465451 0.477787831741 0.99999991797 0.440424 0 0
368.6 17 13 1.09277331563 5.4681293446 1.31020705396e-09 0.524153479186 0.477789625534 0.999999895781 0.441744 0 0
368.7 17 13 1.09280123171 5.46876568601 1.3817599287e-09 0.524149462916 0.477791428947 0.999999926641 0.440039 0 0
368.8 17 13 1.09282739667 5.46890828649 1.51633550161e-09 0.524145414376 0.477793226494 0.999999903614 0.354972 0 0
368.9 17 13 1.09285238698 5.46932854462 1.49208523315e-09 0.524141333281 0.477795021636 0.999999876807 0.43842 0 0
369 17 13 1.09287694212 5.46966700276 1.46131029499e-09 0.524137197325 0.47779688763 0.999999889541 0.440891 0 0
369.1 17 13 1.09289809617 5.46994125524 1.43195899582e-09 0.524133046897 0.477798801155 0.999999901913 0.355286 0 0
369.2 17 13 1.09291851516 5.47046463941 1.46787304534e-09 0.524128893264 0.47780078176 0.999999909679 0.355725 0 0
369.3 17 13 1.0929455237 5.47052139766 1.46641354615e-09 0.524124709616 0.477802793714 0.999999914603 0.51031 0 0
369.4 17 13 1.09297195853 5.47090790961 1.41400580134e-09 0.52412051633 0.47780487121 0.999999918515 0.440103 0 0
369.5 17 13 1.09299775896 5.4712221925 1.42804645886e-09 0.524116314978 0.477807027339 0.999999918137 0.354779 0 0
369.6 17 13 1.09302385685 5.47180710736 1.49934753502e-09 0.524112095091 0.477809218989 0.999999923343 0.441562 0 0
369.7 17 13 1.09304470983 5.47210188946 1.57867796613e-09 0.524107859043 0.477811524272 0.999999919797 0.441705 0 0
369.8 17 13 1.0930581017 5.47243271149 1.50428891565e-09 0.524103603216 0.477813947465 0.999999918702 0.511804 0 0
369.9 17 13 1.09307905401 5.47324705257 1.5178975854e-09 0.524099354683 0.477816497439 0.99999991366 0.440124 0 0
370 17 13 1.09309887203 5.47325548406 1.39682299061e-09 0.524095091027 0.47781918157 0.999999909258 0.355221 0 0
370.1 17 13 1.09311913223 5.47363246548 1.39699107837e-09 0.524090811014 0.477821971716 0.999999897694 0.441039 0 0
370.2 17 13 1.09313846024 5.47359433393 1.4115205671e-09 0.524086514115 0.477824897719 0.999999912507 0.439659 0 0
370.3 17 13 1.09315637789 5.47394375633 1.48398293653e-09 0.524082209943 0.477827975853 0.999999903436 0.35429 0 0
370.4 17 13 1.09317610917 5.4745153717 1.44417244829e-09 0.524077924402 0.47783117384 0.999999926421 0.510471 0 0
370.5 17 13 1.09319069465 5.47475018758 1.4491201572e-09 0.524073645711 0.477834552688 0.999999919908 0.512275 0 0
370.6 17 13 1.09320598841 5.47521031783 1.41690137401e-09 0.524069356657 0.477838111943 0.999999901638 0.439309 0 0
370.7 17 13 1.09322151683 5.47565722015 1.42463696395e-09 0.524065070246 0.477841846302 0.999999906921 0.439755 0 0
370.8 17 13 1.09323762455 5.4757438633 1.4010378413e-09 0.524060755093 0.477845753816 0.999999919308 0.511117 0 0
370.9 17 13 1.09325095235 5.47607000978 1.38950639883e-09 0.524056402528 0.477849852957 0.9999999218 0.439847 0 0
371 17 13 1.09326514695 5.47649342322 1.450005227e-09 0.524051990129 0.477854146042 0.999999924746 0.439935 0 0
371.1 17 13 1.09327779258 5.47696741838 1.42191525221e-09 0.524047506763 0.477858641442 0.999999933818 0.439407 0 0
371.2 17 13 1.09328755487 5.47735440653 1.50600687476e-09 0.524042904382 0.477863316218 0.999999936639 0.439847 0 0
371.3 17 13 1.093298823 5.47784135497 1.4823554606e-09 0.52403821995 0.477868188392 0.999999920819 0.438579 0 0
371.4 17 13 1.09330527434 5.47794390065 1.46509626653e-09 0.524033402348 0.477873264678 0.999999902056 0.438368 0 0
371.5 17 13 1.09330868579 5.47837438199 1.37531708244e-09 0.524028484099 0.477878531714 0.999999901305 0.439879 0 0
371.6 17 13 1.0933159859 5.47873356147 1.37651834375e-09 0.524023444328 0.47788401635 0.999999924896 0.511527 0 0
371.7 17 13 1.09331994117 5.47953866327 1.35240918464e-09 0.524018234811 0.477889689232 0.999999909579 0.511511 0 0
371.8 17 13 1.09332121417 5.47925105553 1.64347557785e-09 0.524012881989 0.477895504144 0.999999919399 0.512378 0 0
371.9 17 13 1.09332198565 5.47966192605 1.6828813898e-09 0.524007359221 0.477901533586 0.999999899454 0.510682 0 0
372 17 13 1.09332473993 5.4800299599 1.36247446658e-09 0.524001670167 0.477907716094 0.999999924697 0.355954 0 0
372.1 17 13 1.09332752493 5.48045775257 1.35578204219e-09 0.523995833242 0.477914051809 0.999999939179 0.355636 0 0
372.2 17 13 1.09332006052 5.4810937502 1.1448834103e-09 0.523989822083 0.477920516353 0.999999922212 0.439513 0 0
372.3 17 13 1.09331933143 5.48122445561 1.12685316633e-09 0.523983638308 0.477927091971 0.999999925907 0.35602 0 0
372.4 17 13 1.09331527709 5.48154005574 1.10252740271e-09 0.523977289568 0.477933780128 0.999999930602 0.441217 0 0
372.5 17 13 1.09331030178 5.48178887893 1.13795339818e-09 0.523970751864 0.4779405504 0.999999910037 0.513428 0 0
372.6 17 13 1.09330267271 5.48208288225 1.13755938003e-09 0.523964015223 0.477947402081 0.999999903568 0.511837 0 0
372.7 17 13 1.09330013267 5.48242092872 1.13244991162e-09 0.523957082869 0.477954325812 0.999999923716 0.354615 0 0
372.8 17 13 1.09329276802 5.48270523867 1.16399501149e-09 0.523949969214 0.477961288215 0.999999910755 0.510839 0 0
372.9 17 13 1.09328696889 5.48312846523 1.28345023498e-09 0.523942694397 0.477968271184 0.99999990191 0.44029 0 0
373 17 13 1.09327683294 5.48335907955 1.34353572712e-09 0.523935254921 0.477975281114 0.999999914022 0.356196 0 0
373.1 17 13 1.09327117944 5.48349521351 1.48814716106e-09 0.523927638038 0.47798228114 0.999999918707 0.438034 0 0
373.2 17 13 1.09326756805 5.4838664054 1.49620871248e-09 0.52391986905 0.477989274515 0.999999937559 0.511618 0 0
373.3 17 13 1.09325668179 5.48419655795 1.49506362845e-09 0.523911936993 0.477996257628 0.999999896144 0.356494 0 0
373.4 17 13 1.09325191473 5.48452325429 1.32825728194e-09 0.523903874063 0.478003184602 0.999999915584 0.356068 0 0
373.5 17 13 1.09324770651 5.4846830493 1.33809907599e-09 0.523895640677 0.478010112026 0.999999920283 0.438845 0 0
373.6 17 13 1.09323979954 5.48494931974 1.27023502827e-09 0.523887276708 0.478017033472 0.999999918546 0.439766 0 0
373.7 17 13 1.09323401342 5.48528652362 1.27058485955e-09 0.523878768633 0.478023914941 0.999999933469 0.512419 0 0
373.8 17 13 1.09322636006 5.48551253815 1.26576393811e-09 0.523870170362 0.478030741642 0.999999935672 0.512207 0 0
373.9 17 13 1.09321202181 5.48571074004 1.25071897283e-09 0.523861488275 0.478037504421 0.999999892057 0.439431 0 0
374 17 13 1.09320600953 5.4860087345 1.30884036942e-09 0.523852671479 0.478044211819 0.999999919094 0.440055 0 0
374.1 17 13 1.09320034288 5.48627752982 1.31695110372e-09 0.523843755642 0.478050863651 0.999999935075 0.439883 0 0
374.2 17 13 1.09319374064 5.48654756298 1.44822931425e-09 0.523834762116 0.478057455462 0.999999916011 0.360748 0 0
374.3 17 13 1.09318151752 5.48686223805 1.44244727274e-09 0.523825718115 0.47806395298 0.999999906339 0.511779 0 0
374.4 17 13 1.09317230353 5.48706645633 1.48341794404e-09 0.523816604563 0.47807035174 0.999999929402 0.511485 0 0
374.5 17 13 1.09316530694 5.487562561 1.42681222393e-09 0.523807429127 0.47807667706 0.999999911743 0.439408 0 0
374.6 17 14 1.09314982227 5.48800123974 1.38148925632e-09 0.523798203746 0.478082887641 0.999999882562 0.44224 0 0
374.7 17 13 1.09314198681 5.48788834065 1.73318848162e-09 0.523788996521 0.478088936771 0.999999909551 0.358524 0 0
374.8 17 13 1.09313371782 5.48822973868 1.35391298173e-09 0.523779726809 0.478094837039 0.999999910736 0.439549 0 0
374.9 17 13 1.09312498418 5.48849924824 1.33276700787e-09 0.523770441159 0.478100623174 0.999999921383 0.358683 0 0
375 17 13 1.09311859302 5.48841280633 1.52424550759e-09 0.523761130158 0.478106290634 0.999999918183 0.440553 0 0
375.1 17 13 1.09311187808 5.48870239226 1.35056832384e-09 0.523751802593 0.478111825419 0.999999908001 0.512156 0 0
375.2 17 13 1.09309820792 5.48884948602 1.29382426994e-09 0.52374244904 0.478117239485 0.999999927525 0.356082 0 0
375.3 17 13 1.09308495149 5.4889006458 1.38300559893e-09 0.523733098691 0.478122524651 0.999999914828 0.440044 0 0
375.4 17 13 1.0930803152 5.48922207695 1.30773003537e-09 0.523723770859 0.478127710299 0.999999913029 0.510766 0 0
375.5 17 13 1.09306943737 5.48938430146 1.32571820188e-09 0.523714454971 0.478132771851 0.999999920803 0.510581 0 0
375.6 17 13 1.09306498093 5.48961654193 1.2723587739e-09 0.523705180119 0.478137722874 0.999999899856 0.438317 0 0
375.7 17 13 1.09305670348 5.48992956567 1.3237698715e-09 0.523695946752 0.478142577675 0.99999992434 0.510562 0 0
375.8 17 13 1.09305347907 5.49016222764 1.374433789e-09 0.523686746826 0.478147299162 0.999999914985 0.440796 0 0
375.9 17 13 1.0930503401 5.49054752418 1.37718736415e-09 0.523677600355 0.478151890918 0.999999913821 0.516557 0 0
376 17 13 1.09304674345 5.49060388452 1.4450147745e-09 0.523668479659 0.47815635778 0.99999992609 0.438999 0 0
376.1 17 13 1.09303982023 5.49100842926 1.38624567381e-09 0.523659413754 0.478160728649 0.999999927266 0.438731 0 0
376.2 17 13 1.0930341336 5.49135244007 1.4519058178e-09 0.523650371912 0.478165001719 0.999999907354 0.512739 0 0
376.3 17 13 1.09303032383 5.49196567677 1.29874044852e-09 0.523641387785 0.478169173774 0.999999930289 0.441108 0 0
376.4 17 13 1.09302566448 5.49187908042 1.33942412717e-09 0.523632444222 0.478173283695 0.999999918292 0.441547 0 0
376.5 17 13 1.0930194419 5.49264044953 1.29756727585e-09 0.523623504053 0.478177305785 0.99999991704 0.444758 0 0
376.6 17 13 1.09301477566 5.4924228203 1.3303498303e-09 0.523614606938 0.478181251166 0.999999922975 0.361491 0 0
376.7 17 13 1.09301044897 5.49279126325 1.25741705936e-09 0.523605729221 0.478185124536 0.999999902984 0.43974 0 0
376.8 17 13 1.09300818553 5.49298118175 1.32403732422e-09 0.523596896914 0.478188928159 0.999999929516 0.35795 0 0
376.9 17 13 1.09300682244 5.49335726686 1.24901211596e-09 0.523588079915 0.47819268066 0.999999929009 0.358996 0 0
377 17 13 1.09300595381 5.49379285124 1.36632238856e-09 0.523579275302 0.478196374696 0.999999919586 0.439537 0 0
377.1 17 13 1.09300306148 5.49389389964 1.26910770781e-09 0.523570487197 0.478200038192 0.999999914689 0.439416 0 0
377.2 17 13 1.09300356954 5.49421695582 1.40372802271e-09 0.523561728809 0.478203674018 0.999999922394 0.439316 0 0
377.3 17 13 1.09300414393 5.4944776868 1.43643497097e-09 0.523552993065 0.4782072718 0.999999912934 0.441606 0 0
377.4 17 13 1.093004817 5.49498731869 1.44189338247e-09 0.523544299739 0.478210836361 0.999999901778 0.511682 0 0
377.5 17 13 1.09300505647 5.49513003147 1.38749556289e-09 0.523535603919 0.478214396308 0.999999915379 0.510991 0 0
377.6 17 13 1.0930038869 5.4957234465 1.34733724177e-09 0.523526920082 0.478217954543 0.999999911486 0.440459 0 0
377.7 17 13 1.09300341722 5.49558220583 1.38538314154e-09 0.523518212301 0.47822148947 0.999999911705 0.355964 0 0
377.8 17 13 1.09300412367 5.49597061248 1.40166511731e-09 0.523509486691 0.478225046715 0.999999909927 0.443558 0 0
377.9 17 13 1.09300040157 5.49608808202 1.32307165224e-09 0.523500710527 0.478228631451 0.999999907635 0.510446 0 0
378 17 13 1.09299614773 5.49642638352 1.34051236778e-09 0.523491897119 0.478232232519 0.99999991079 0.442497 0 0
378.1 17 13 1.09299838578 5.49672807208 1.40923062109e-09 0.523483037615 0.478235878071 0.999999920998 0.358369 0 0
378.2 17 13 1.0929977597 5.4972595676 1.30645649854e-09 0.523474110199 0.478239564959 0.99999993445 0.356107 0 0
378.3 17 13 1.09300018109 5.49777974748 1.31250432744e-09 0.523465127625 0.478243286421 0.999999926761 0.357782 0 0
378.4 17 13 1.09299885141 5.49796277831 1.3900602891e-09 0.523456084073 0.478247079418 0.99999989168 0.355229 0 0
378.5 17 13 1.09299729203 5.49812688695 1.31214394905e-09 0.523446983829 0.478250975371 0.999999932327 0.443195 0 0
378.6 17 13 1.09300049232 5.49852501699 1.22613419418e-09 0.523437799027 0.478254951882 0.999999932181 0.357845 0 0
378.7 17 13 1.09300224659 5.49904912797 1.32889665938e-09 0.523428527795 0.478259008875 0.999999911901 0.514452 0 0
378.8 17 13 1.09300457084 5.49916560615 1.25507604309e-09 0.523419160427 0.478263155003 0.999999916555 0.441151 0 0
378.9 17 13 1.09300408867 5.49946191824 1.24361809739e-09 0.523409714506 0.478267414057 0.999999899888 0.443433 0 0
379 17 13 1.09300191626 5.49975305571 1.22932786173e-09 0.523400154436 0.478271779413 0.999999907247 0.442839 0 0
379.1 17 13 1.09300355629 5.5001294537 1.442782116e-09 0.523390447209 0.478276266834 0.999999919034 0.438863 0 0
379.2 17 13 1.09300571877 5.50110483788 1.4622307809e-09 0.523380605982 0.478280866768 0.999999912362 0.511423 0 0
379.3 17 13 1.09300257216 5.50081996888 1.18264509297e-09 0.523370624081 0.478285562215 0.999999910766 0.513803 0 0
379.4 17 13 1.09300254575 5.50145290244 1.25679822105e-09 0.523360514173 0.478290363713 0.999999897802 0.359702 0 0
379.5 17 13 1.09300155491 5.50170576317 1.28784549691e-09 0.523350251586 0.478295280925 0.999999906191 0.440804 0 0
379.6 17 13 1.09299807621 5.50182399504 1.19680454436e-09 0.523339852104 0.478300289207 0.999999899255 0.442941 0 0
379.7 17 13 1.09299426792 5.50198245179 1.22333354557e-09 0.523329317243 0.47830544187 0.999999904832 0.356147 0 0
379.8 17 13 1.09299172467 5.5024223906 1.15184783933e-09 0.523318626004 0.478310704668 0.999999892806 0.510068 0 0
379.9 17 13 1.09298752848 5.50265435098 1.15899279063e-09 0.523307770977 0.478316044185 0.999999900945 0.356768 0 0
380 17 13 1.092986529 5.50287979059 1.42260903058e-09 0.523296754085 0.478321472481 0.999999907996 0.354103 0 0
380.1 17 13 1.09298676291 5.50309562141 1.3291839851e-09 0.523285588382 0.478326965034 0.999999906373 0.357144 0 0
380.2 17 13 1.09298861595 5.50342379661 1.20542731352e-09 0.523274265196 0.478332502794 0.999999921255 0.439888 0 0
380.3 17 13 1.09299051803 5.50363246362 1.27711197173e-09 0.52326278462 0.478338096936 0.999999901313 0.439141 0 0
380.4 17 13 1.09298806855 5.50396938184 1.31639210643e-09 0.523251170616 0.478343740394 0.999999926044 0.442201 0 0
380.5 17 13 1.09298885822 5.50435128039 1.31682542648e-09 0.523239401603 0.478349419143 0.999999909656 0.510838 0 0
380.6 17 13 1.09298916102 5.50444135875 1.22824139748e-09 0.52322747994 0.478355207827 0.999999894297 0.439883 0 0
380.7 17 13 1.09298586939 5.50458209335 1.22508614364e-09 0.523215430253 0.478361031708 0.999999908819 0.440134 0 0
380.8 17 13 1.09298821181 5.50506432274 1.15688170155e-09 0.52320325091 0.47836687209 0.999999913028 0.358344 0 0
380.9 17 13 1.09299064676 5.50546513396 1.1581687831e-09 0.523190921906 0.478372712799 0.999999909339 0.511598 0 0
381 17 13 1.09299370703 5.50557873605 1.25257626493e-09 0.523178460445 0.478378576699 0.999999916138 0.360146 0 0
381.1 17 13 1.09299578362 5.50578540253 1.26666432898e-09 0.523165850122 0.478384405345 0.999999923216 0.358568 0 0
381.2 17 13 1.09299078538 5.50592774149 1.48967971292e-09 0.523153110919 0.478390198849 0.999999900548 0.439928 0 0
381.3 17 13 1.09299244333 5.50614587085 1.27231902791e-09 0.523140241457 0.47839595169 0.999999903039 0.440205 0 0
381.4 17 13 1.09300017223 5.50636404083 1.26575139259e-09 0.523127242817 0.478401667041 0.999999932851 0.440656 0 0
381.5 17 13 1.09299937643 5.50667729776 1.38647293646e-09 0.523114136114 0.478407351249 0.999999907435 0.355694 0 0
381.6 17 13 1.09300245474 5.50671928607 1.63920210738e-09 0.523100907655 0.478412994853 0.999999911009 0.355171 0 0
381.7 17 13 1.09300848243 5.50710837437 1.54275259234e-09 0.523087570288 0.478418616625 0.999999915323 0.354574 0 0
381.8 17 13 1.09300942211 5.50736281186 1.5177308299e-09 0.523074105909 0.478424141825 0.999999898701 0.515535 0 0
381.9 17 13 1.09301214758 5.50756276077 1.58603996603e-09 0.523060548328 0.478429589099 0.999999904811 0.357143 0 0
382 17 13 1.09301711115 5.50774230055 1.49676293582e-09 0.523046893738 0.478434908199 0.999999913934 0.439844 0 0
382.1 17 13 1.09302325226 5.50797913865 1.41461387049e-09 0.523033168257 0.478440106268 0.999999925821 0.358408 0 0
382.2 17 13 1.09303080537 5.50828659055 1.43621492477e-09 0.523019386758 0.478445160581 0.999999932 0.439822 0 0
382.3 17 13 1.09303605998 5.50881377126 1.44930678569e-09 0.523005560642 0.478450075268 0.999999902299 0.438234 0 0
382.4 17 13 1.09304050027 5.50864285386 1.4785248581e-09 0.522991677419 0.478454849766 0.999999919007 0.438336 0 0
382.5 17 13 1.09304929757 5.50899600259 1.5505206008e-09 0.522977782485 0.478459452513 0.999999930025 0.438625 0 0
382.6 17 13 1.09305642083 5.50928334656 1.63769342532e-09 0.522963871117 0.478463889327 0.999999915168 0.438265 0 0
382.7 17 13 1.09306008993 5.50951641024 1.60206314881e-09 0.522949926801 0.478468133754 0.999999898377 0.514404 0 0
382.8 17 13 1.09306382586 5.50968259861 1.58679513973e-09 0.522935955017 0.478472224554 0.999999907586 0.357184 0 0
382.9 17 13 1.09306447305 5.51010873786 1.5073347015e-09 0.5229219882 0.478476144447 0.999999897242 0.355131 0 0
383 17 13 1.09307592889 5.51018918536 1.48822909551e-09 0.522908031836 0.478479887357 0.999999930482 0.440606 0 0
383.1 17 13 1.09308161984 5.51044934035 1.46745404717e-09 0.522894081208 0.478483456539 0.999999925813 0.510987 0 0
383.2 17 13 1.09309033132 5.51071891382 1.47683176799e-09 0.522880182827 0.478486834669 0.999999909521 0.441469 0 0
383.3 17 13 1.09309974544 5.51113362601 1.40533851223e-09 0.522866361814 0.478490018142 0.999999914254 0.439091 0 0
383.4 17 13 1.09310622236 5.5111688372 1.40002220927e-09 0.52285261641 0.478493033565 0.999999903814 0.356661 0 0
383.5 17 13 1.09311658216 5.51130392976 1.34220146109e-09 0.522838918199 0.47849583507 0.999999922125 0.44054 0 0
383.6 17 13 1.09312350323 5.51148356249 1.38310674025e-09 0.522825307852 0.47849843615 0.999999933488 0.441149 0 0
383.7 17 13 1.09312471129 5.51183462891 1.41533551545e-09 0.52281177192 0.478500850707 0.999999908261 0.357527 0 0
383.8 17 13 1.09313377546 5.51194185703 1.37073763451e-09 0.522798301404 0.478503048228 0.999999898627 0.437597 0 0
383.9 17 13 1.09314630503 5.51210616849 1.41991995939e-09 0.522784913957 0.478505049171 0.999999935292 0.438909 0 0
384 17 13 1.09315402831 5.51243226302 1.42573997053e-09 0.52277163903 0.47850682536 0.99999990718 0.440595 0 0
384.1 17 13 1.09316863411 5.51244332202 1.32131328101e-09 0.522758475892 0.47850837655 0.99999991231 0.356368 0 0
384.2 17 13 1.09318215282 5.5127079945 1.18368581603e-09 0.522745430783 0.478509728165 0.999999921546 0.439256 0 0
384.3 17 13 1.09319393508 5.51295247479 1.18956211548e-09 0.522732486577 0.478510901368 0.999999925451 0.356077 0 0
384.4 17 13 1.09321194964 5.51312395474 1.23537957641e-09 0.522719603725 0.478511907862 0.999999907116 0.441493 0 0
384.5 17 13 1.09322877468 5.51332730454 1.23572418964e-09 0.52270677067 0.478512804101 0.999999913725 0.511778 0 0
384.6 17 13 1.09324415038 5.51363901858 1.30072663751e-09 0.522694013213 0.478513574504 0.999999901441 0.442397 0 0
384.7 17 13 1.09325689873 5.51413210429 1.3497303275e-09 0.522681307747 0.478514196786 0.999999894966 0.439125 0 0
384.8 17 13 1.09326439889 5.51411641875 1.18111553871e-09 0.522668635556 0.478514662829 0.999999913851 0.439935 0 0
384.9 17 13 1.09328462709 5.51430075371 1.24910359833e-09 0.522655963842 0.47851500028 0.999999908614 0.44086 0 0
385 17 13 1.09330202457 5.51483256638 1.23933463492e-09 0.52264333281 0.478515223907 0.999999912305 0.440254 0 0
385.1 17 13 1.09332090688 5.51497657581 1.3403775867e-09 0.522630703963 0.478515351015 0.999999915385 0.360072 0 0
385.2 17 13 1.09334252474 5.5150508371 1.41386147234e-09 0.522618081169 0.478515354869 0.999999927515 0.440244 0 0
385.3 17 13 1.09335362696 5.51533499656 1.28691313162e-09 0.522605463099 0.478515263175 0.999999914741 0.511475 0 0
385.4 17 13 1.09337553726 5.51558629534 1.31652333479e-09 0.522592842889 0.47851507601 0.999999917258 0.513808 0 0
385.5 17 13 1.09339485365 5.51594932497 1.33424071791e-09 0.522580241144 0.478514810424 0.999999896063 0.440052 0 0
385.6 17 13 1.09341790949 5.51609650061 1.15735321327e-09 0.522567639949 0.478514488346 0.999999913205 0.357897 0 0
385.7 17 13 1.0934426031 5.51614822059 1.19868381887e-09 0.52255503891 0.478514095077 0.999999922428 0.513504 0 0
385.8 17 13 1.0934681669 5.51653232876 1.24027565995e-09 0.522542434695 0.478513610518 0.999999916946 0.440979 0 0
385.9 17 13 1.09349342595 5.51676209189 1.27547783446e-09 0.522529820786 0.478513057634 0.999999924453 0.361461 0 0
386 17 13 1.09350830442 5.5171229959 1.21372945028e-09 0.522517206447 0.47851246579 0.999999889306 0.51322 0 0
386.1 17 13 1.09353813081 5.51730802512 1.29099730906e-09 0.522504618171 0.478511813853 0.999999944548 0.438249 0 0
386.2 17 13 1.09354911079 5.51760563172 1.24152055303e-09 0.522492048238 0.478511140323 0.999999895869 0.43946 0 0
386.3 17 13 1.09357754248 5.51811225813 1.17015641621e-09 0.522479480001 0.478510400526 0.999999914341 0.354406 0 0
386.4 17 13 1.09359247111 5.51831106227 1.15281584279e-09 0.522466924286 0.478509651274 0.999999886906 0.354953 0 0
386.5 17 13 1.09360968243 5.51839735073 1.17647935838e-09 0.522454368258 0.478508801133 0.999999906093 0.510473 0 0
386.6 17 13 1.09363776689 5.5185572961 1.20718846031e-09 0.522441823782 0.478507948977 0.999999910633 0.439084 0 0
386.7 17 13 1.09366976614 5.51893241911 1.25468402334e-09 0.522429268367 0.478507074885 0.99999992109 0.438864 0 0
386.8 17 13 1.09369456797 5.51928791006 1.33488953225e-09 0.522416725984 0.478506171968 0.999999918692 0.438853 0 0
386.9 17 13 1.09372816488 5.51976173864 1.29576394059e-09 0.522404182525 0.478505198275 0.999999916349 0.439656 0 0
387 17 13 1.09376345691 5.51994462273 1.33048139173e-09 0.522391639368 0.478504189845 0.999999930241 0.510666 0 0
387.1 17 13 1.09379827696 5.52031027441 1.39362898999e-09 0.522379127949 0.478503143346 0.999999909215 0.511306 0 0
387.2 17 13 1.09383586269 5.52059205538 1.41210976246e-09 0.52236660986 0.478502050976 0.999999919954 0.511373 0 0
387.3 17 13 1.09386956131 5.52101629413 1.43027012456e-09 0.522354120517 0.478500939478 0.999999929226 0.356448 0 0
387.4 17 13 1.09389751431 5.5214272843 1.44560952098e-09 0.522341638302 0.478499781298 0.99999992371 0.512738 0 0
387.5 17 13 1.09393124098 5.52185801703 1.43363110272e-09 0.52232917869 0.478498573075 0.999999923043 0.440468 0 0
387.6 17 13 1.09396841266 5.52209965262 1.40504186064e-09 0.5223167433 0.478497335847 0.999999902717 0.442025 0 0
387.7 17 13 1.09400084262 5.52250325812 1.40309308616e-09 0.522304353008 0.47849606492 0.99999992469 0.443038 0 0
387.8 17 13 1.09404001222 5.52289627413 1.39322897663e-09 0.522291991317 0.478494761974 0.999999922006 0.513109 0 0
387.9 17 13 1.09407487442 5.52340941014 1.45593237466e-09 0.522279689018 0.478493437772 0.999999903109 0.4396 0 0
388 17 13 1.09411268172 5.52351909379 1.48243239906e-09 0.522267413603 0.478492088729 0.999999904604 0.442231 0 0
388.1 17 13 1.09415425053 5.52397478705 1.47453715904e-09 0.522255216386 0.478490737656 0.999999923598 0.356209 0 0
388.2 17 13 1.09418988974 5.52454423663 1.37621947172e-09 0.522243090262 0.478489380182 0.999999897946 0.441755 0 0
388.3 17 13 1.09423086507 5.52449157146 1.4339590626e-09 0.522231034881 0.47848800899 0.999999908884 0.515582 0 0
388.4 17 13 1.09427280324 5.52488200877 1.3795889986e-09 0.522219078581 0.478486646212 0.999999915512 0.441746 0 0
388.5 17 13 1.09431421984 5.52529593769 1.36211197876e-09 0.522207192506 0.478485277774 0.999999921781 0.356928 0 0
388.6 17 13 1.09435653438 5.52572594729 1.38382172388e-09 0.522195387601 0.478483936297 0.999999929873 0.359347 0 0
388.7 17 13 1.09439501489 5.52604180466 1.29235755431e-09 0.522183675856 0.47848258759 0.999999907564 0.439673 0 0
388.8 17 13 1.09443743064 5.5263951078 1.21485643767e-09 0.522172054802 0.478481258546 0.999999907982 0.51093 0 0
388.9 17 13 1.09447330097 5.52687875339 1.23719556822e-09 0.522160530356 0.478479980093 0.99999989901 0.441075 0 0
389 17 13 1.09451057145 5.52729357911 1.23482790659e-09 0.522149092766 0.478478776661 0.999999913613 0.358309 0 0
389.1 17 13 1.09455065423 5.52750357243 1.20804888315e-09 0.522137761891 0.478477662713 0.9999999006 0.359965 0 0
389.2 17 13 1.0945924326 5.52796443721 1.24513088728e-09 0.522126525294 0.478476589823 0.999999919508 0.514384 0 0
389.3 17 13 1.09462926274 5.52836908918 1.18426390916e-09 0.522115384571 0.478475555642 0.999999896221 0.439553 0 0
389.4 17 13 1.09467316947 5.52868124998 1.14809317608e-09 0.522104350289 0.478474555079 0.999999937611 0.439517 0 0
389.5 17 13 1.09470875533 5.52909210122 1.18972753871e-09 0.522093429034 0.478473592201 0.999999887993 0.512053 0 0
389.6 17 13 1.0947474719 5.52937728921 1.16605314293e-09 0.522082623385 0.478472678769 0.999999904859 0.441127 0 0
389.7 17 13 1.09478528176 5.52967310598 1.14970655218e-09 0.522071943446 0.478471815535 0.999999904839 0.440893 0 0
389.8 17 13 1.09482630011 5.52982246446 1.15751264129e-09 0.522061350245 0.478471026749 0.999999918463 0.35731 0 0
389.9 17 13 1.09486282545 5.5299957718 1.19102017138e-09 0.522050845189 0.478470304462 0.99999988301 0.439838 0 0
390 17 13 1.09490332878 5.53055149552 1.20544341176e-09 0.522040400121 0.47846962535 0.999999924042 0.522163 0 0
390.1 17 13 1.09493579791 5.53083204323 1.17352061402e-09 0.52202997709 0.4784689899 0.99999992906 0.513044 0 0
390.2 17 13 1.09497098432 5.53119956184 1.24494703435e-09 0.522019626306 0.478468377574 0.999999914171 0.438493 0 0
390.3 17 13 1.09501212283 5.53161793201 1.27941945927e-09 0.522009333996 0.478467783531 0.999999928335 0.358862 0 0
390.4 17 13 1.09505043016 5.53206827003 1.28005428479e-09 0.521999076552 0.478467204979 0.999999924166 0.514147 0 0
390.5 17 13 1.09507752359 5.53249595018 1.30983779378e-09 0.52198887212 0.478466660483 0.9999999063 0.357707 0 0
390.6 17 13 1.09511453742 5.53296950629 1.30064370385e-09 0.521978729478 0.478466119895 0.999999906728 0.5129 0 0
390.7 17 13 1.09514750723 5.53331318577 1.29541677385e-09 0.521968648018 0.47846562409 0.999999902669 0.442313 0 0
390.8 17 13 1.09518549866 5.53362831031 1.31707034168e-09 0.521958605468 0.47846515925 0.999999917057 0.439506 0 0
390.9 17 13 1.09522508277 5.53390907857 1.20643961488e-09 0.521948638417 0.478464739595 0.999999919985 0.356691 0 0
391 17 13 1.09525487403 5.53451304825 1.19255283426e-09 0.521938724822 0.478464323823 0.99999988825 0.442005 0 0
391.1 17 13 1.09529396911 5.53520045307 1.26693544544e-09 0.52192883979 0.478463977576 0.999999922389 0.440461 0 0
391.2 17 13 1.09532937603 5.53479070514 1.246488468e-09 0.521919020985 0.478463645681 0.999999908537 0.441654 0 0
391.3 17 13 1.09536767777 5.53502674246 1.38287647999e-09 0.521909259973 0.478463359132 0.999999903119 0.43976 0 0
391.4 17 13 1.09540290888 5.53554498613 1.41528055941e-09 0.521899542858 0.478463114642 0.9999998938 0.440198 0 0
391.5 17 13 1.09543825614 5.53561899736 1.50011325584e-09 0.521889880389 0.478462931922 0.999999904786 0.510322 0 0
391.6 17 13 1.09546764137 5.53604698097 1.50258583353e-09 0.521880274409 0.478462776968 0.999999926678 0.357684 0 0
391.7 17 13 1.09550404659 5.53647382567 1.47644607651e-09 0.521870713643 0.478462629313 0.999999937907 0.438736 0 0
391.8 17 13 1.09553825673 5.53695756648 1.45747725e-09 0.521861200886 0.478462509223 0.999999929453 0.443928 0 0
391.9 17 13 1.0955670903 5.5373628313 1.42677336612e-09 0.521851705035 0.478462373858 0.999999898728 0.44099 0 0
392 17 13 1.09559760523 5.53766626489 1.3327761117e-09 0.521842227209 0.478462270843 0.999999894885 0.356433 0 0
392.1 17 13 1.09562488759 5.53783606479 1.33654787238e-09 0.521832783702 0.478462159381 0.999999910916 0.442052 0 0
392.2 17 13 1.09565615997 5.53811482349 1.29392496717e-09 0.521823364444 0.478462039324 0.999999909915 0.439683 0 0
392.3 17 13 1.09568084469 5.53854697203 1.25499366455e-09 0.521813939793 0.478461909921 0.999999896736 0.512985 0 0
392.4 17 13 1.09571497257 5.53876258996 1.55238433219e-09 0.521804546659 0.478461739462 0.999999914052 0.441205 0 0
392.5 17 13 1.0957425723 5.53914989521 1.53332624375e-09 0.521795155371 0.478461556172 0.999999895773 0.440512 0 0
392.6 17 13 1.09577167056 5.53963193317 1.58544155582e-09 0.521785771022 0.478461325542 0.999999914571 0.441852 0 0
392.7 17 13 1.09579612321 5.53972598126 1.51985646291e-09 0.521776386618 0.478461086922 0.99999990628 0.439018 0 0
392.8 17 13 1.09582117122 5.54000134628 1.53402868186e-09 0.521767031575 0.478460834885 0.999999889785 0.440277 0 0
392.9 17 13 1.09585298635 5.54061468216 1.51235546308e-09 0.521757653784 0.478460511802 0.99999991913 0.439418 0 0
393 17 13 1.09587427476 5.54071950856 1.50351076034e-09 0.521748284396 0.478460150094 0.999999911459 0.438477 0 0
393.1 17 14 1.09590636816 5.54126058028 1.50169665591e-09 0.521738926386 0.478459741812 0.999999906149 0.439306 0 0
393.2 17 13 1.09593720289 5.54145323196 1.55730506268e-09 0.521729588639 0.478459284836 0.999999911586 0.438309 0 0
393.3 17 13 1.09596436195 5.5420550855 1.58868418421e-09 0.521720286131 0.478458752379 0.999999907026 0.438065 0 0
393.4 17 13 1.09598674415 5.54246940905 1.48836798441e-09 0.52171101502 0.478458177031 0.999999884678 0.438741 0 0
393.5 17 13 1.09601765504 5.54272064502 1.39909661634e-09 0.521701770443 0.478457559874 0.999999912077 0.510222 0 0
393.6 17 13 1.09604894724 5.54302163467 1.43217249171e-09 0.521692577858 0.478456909028 0.999999893435 0.354421 0 0
393.7 17 13 1.09607930926 5.54349033787 1.50496903828e-09 0.521683431226 0.478456185057 0.999999912038 0.439604 0 0
393.8 17 13 1.09609851539 5.5439103031 1.79395409639e-09 0.521674367001 0.478455398878 0.999999893806 0.439114 0 0
393.9 17 13 1.09612870187 5.5445641502 1.69070457634e-09 0.521665371389 0.478454502955 0.999999901867 0.440387 0 0
394 17 13 1.09615882134 5.54471314236 1.33983824036e-09 0.521656435445 0.478453536169 0.99999991573 0.511077 0 0
394.1 17 13 1.09618900913 5.54515063335 1.31383837143e-09 0.521647593925 0.478452514052 0.999999908161 0.438185 0 0
394.2 17 13 1.09621910726 5.54550551147 1.26068466777e-09 0.521638853551 0.47845143422 0.999999920489 0.512966 0 0
394.3 17 13 1.09624561576 5.54603703317 1.28260424503e-09 0.521630230357 0.478450316575 0.999999927325 0.355454 0 0
394.4 17 13 1.09626851096 5.54634199962 1.20438059525e-09 0.521621735277 0.478449147524 0.999999912349 0.51164 0 0
394.5 17 13 1.09629977652 5.54688785539 1.19649001817e-09 0.521613364576 0.478447945779 0.99999990916 0.510469 0 0
394.6 17 13 1.09632894292 5.54738168647 1.22000198832e-09 0.521605120668 0.478446756351 0.999999902042 0.35515 0 0
394.7 17 13 1.0963489889 5.54795805429 1.20018717187e-09 0.521597042586 0.47844555728 0.99999991505 0.358777 0 0
394.8 17 13 1.09637132176 5.54834130455 1.12624520821e-09 0.521589118805 0.47844432938 0.999999919517 0.439429 0 0
394.9 17 13 1.09639248977 5.54900837557 1.28069133076e-09 0.521581374334 0.47844308227 0.999999879295 0.445022 0 0
395 17 13 1.09641743592 5.54929646617 1.37437794479e-09 0.521573791243 0.478441832262 0.999999922497 0.438508 0 0
395.1 17 13 1.09644689829 5.54989969471 1.33587674256e-09 0.521566406105 0.478440630805 0.999999899466 0.355868 0 0
395.2 17 13 1.09647298915 5.55013404632 1.36792233096e-09 0.521559180372 0.47843944938 0.999999913788 0.511158 0 0
395.3 17 13 1.09649733782 5.55070294966 1.58481960888e-09 0.521552126115 0.478438290524 0.999999937191 0.51489 0 0
395.4 17 13 1.09652660864 5.55112039684 1.67351965619e-09 0.521545244515 0.478437135661 0.999999906286 0.512862 0 0
395.5 17 13 1.09655311069 5.55175733316 1.47237955161e-09 0.521538573553 0.478435984844 0.99999991339 0.440754 0 0
395.6 17 13 1.09657049191 5.55203306583 1.46238776644e-09 0.521532095311 0.478434851552 0.999999889607 0.439498 0 0
395.7 17 13 1.09659898793 5.55274089175 1.23365206939e-09 0.521525826478 0.478433772391 0.999999917953 0.362446 0 0
395.8 17 13 1.09661976603 5.55301486 1.28633481644e-09 0.521519765648 0.47843277931 0.999999894707 0.358465 0 0
395.9 17 13 1.09664855499 5.55344236236 1.21367604855e-09 0.521513935198 0.478431849453 0.999999914143 0.439154 0 0
396 17 13 1.09667404108 5.55388941485 1.30438038148e-09 0.521508300166 0.47843103834 0.999999924828 0.440117 0 0
396.1 17 13 1.09669686328 5.55434499749 1.30985888802e-09 0.521502850178 0.478430345905 0.999999903824 0.509901 0 0
396.2 17 13 1.09672178717 5.55469463537 1.2671348415e-09 0.521497636838 0.478429788706 0.999999920367 0.44092 0 0
396.3 17 13 1.09674973557 5.55520133126 1.25291899078e-09 0.521492648132 0.478429389679 0.999999934789 0.357198 0 0
396.4 17 13 1.09676705762 5.55559910209 1.18070797583e-09 0.521487886186 0.478429147336 0.999999887922 0.442351 0 0
396.5 17 13 1.09679276501 5.55603289207 1.26275734313e-09 0.521483344881 0.478429079097 0.999999927483 0.442754 0 0
396.6 17 13 1.09681135032 5.55631496433 1.25792987138e-09 0.521479048082 0.478429233406 0.999999914978 0.354809 0 0
396.7 17 13 1.09682886355 5.55682842108 1.18470055988e-09 0.521474970712 0.478429593515 0.999999911474 0.515464 0 0
396.8 17 13 1.09684366526 5.55719517417 1.23479593217e-09 0.52147112582 0.478430186256 0.999999904135 0.512345 0 0
396.9 17 13 1.09684970228 5.55817453182 1.21166832123e-09 0.521467511415 0.478431052424 0.999999905206 0.441747 0 0
397 17 13 1.09686375734 5.55763506496 1.25004318008e-09 0.521464127845 0.478432191416 0.99999991316 0.51073 0 0
397.1 17 13 1.09687420121 5.55796058172 1.24519772271e-09 0.521461004469 0.478433643504 0.999999903178 0.441906 0 0
397.2 17 13 1.09688844465 5.5583035143 1.67468383605e-09 0.521458148203 0.478435419541 0.999999916972 0.439939 0 0
397.3 17 13 1.09690872968 5.55872554419 1.75472747443e-09 0.521455541654 0.478437540454 0.999999923085 0.3557 0 0
397.4 17 13 1.09692483548 5.55895644348 1.31678135062e-09 0.521453154134 0.478440001843 0.999999904389 0.439893 0 0
397.5 17 13 1.096940511 5.55931134783 1.22691878879e-09 0.521451037456 0.478442788961 0.999999934283 0.513074 0 0
397.6 17 13 1.09695327428 5.5595875747 1.47831613617e-09 0.52144917196 0.478445946442 0.999999923916 0.440396 0 0
397.7 17 13 1.0969664541 5.55987750862 1.53984747175e-09 0.521447532986 0.478449452111 0.999999926523 0.439934 0 0
397.8 17 13 1.09697927434 5.5601442431 1.53533641356e-09 0.521446107467 0.47845334402 0.999999928646 0.439954 0 0
397.9 17 13 1.09698798255 5.56032604419 1.5103269746e-09 0.521444887106 0.478457608287 0.999999916972 0.510081 0 0
398 17 13 1.09699678392 5.56049964778 1.33481448117e-09 0.521443885645 0.478462250109 0.999999916288 0.44063 0 0
398.1 17 13 1.09700201556 5.56073682244 1.44898115728e-09 0.521443082832 0.478467273883 0.99999989732 0.438616 0 0
398.2 17 13 1.09700893047 5.56121581684 1.38782352277e-09 0.521442468606 0.478472651028 0.999999892791 0.441053 0 0
398.3 17 14 1.09701702834 5.56110592095 1.39844424929e-09 0.521442061317 0.478478374503 0.99999989887 0.356556 0 0
398.4 17 13 1.09702341804 5.5609232566 1.35290001424e-09 0.521441805653 0.478484449749 0.999999899336 0.513697 0 0
398.5 17 13 1.09702849716 5.56107261063 1.79986447968e-09 0.521441731095 0.478490880765 0.999999910317 0.440649 0 0
398.6 17 13 1.09703381898 5.56131236533 1.60209090438e-09 0.521441807573 0.478497631431 0.999999914651 0.4422 0 0
398.7 17 14 1.09703831355 5.56138319809 1.37121980437e-09 0.521442013677 0.478504727079 0.999999900175 0.439512 0 0
398.8 17 13 1.09704081499 5.56132361366 1.18480247835e-09 0.521442369505 0.478512169111 0.999999900605 0.512042 0 0
398.9 17 13 1.09704117411 5.56119426863 1.11615550136e-09 0.521442842791 0.478519927622 0.99999992543 0.438865 0 0
399 17 13 1.09704292012 5.56140034161 1.12565612387e-09 0.521443446962 0.478527996772 0.999999907833 0.51043 0 0
399.1 17 13 1.09704303735 5.56142491709 1.31570621065e-09 0.52144418043 0.478536337511 0.999999922514 0.440048 0 0
399.2 17 13 1.09704136215 5.5614837538 1.21282739407e-09 0.521445034447 0.478544994961 0.999999906947 0.355584 0 0
399.3 17 13 1.09704200209 5.56144289559 1.2592108467e-09 0.521445985578 0.47855390036 0.999999926783 0.3562 0 0
399.4 17 13 1.097040995 5.56154980882 1.26777477405e-09 0.521447044522 0.478563010682 0.999999908393 0.443477 0 0
399.5 17 13 1.09703812303 5.56141008827 1.18395260262e-09 0.521448168055 0.478572295798 0.999999897861 0.440996 0 0
399.6 17 13 1.09702798835 5.56134145875 1.42052625218e-09 0.521449309062 0.478581738655 0.999999915479 0.516732 0 0
399.7 17 14 1.09702674511 5.56142087826 1.20630450073e-09 0.521450459628 0.478591313228 0.999999907838 0.360713 0 0
399.8 17 13 1.0970227405 5.56137638431 1.17841003622e-09 0.521451586821 0.478600985501 0.999999896731 0.446835 0 0
399.9 17 13 1.09701623271 5.561364988 1.20125864811e-09 0.521452728174 0.478610761409 0.999999910771 0.360565 0 0
400 17 13 1.09701321704 5.56141248239 1.32137234488e-09 0.521453861806 0.478620564165 0.999999918621 0.358358 0 0
400.1 17 13 1.09701068262 5.56116898962 1.17897125396e-09 0.521454979009 0.4786303967 0.999999901077 0.441133 0 0
400.2 17 13 1.09700816539 5.561251735 1.16243159543e-09 0.52145606912 0.478640279839 0.999999924961 0.445969 0 0
400.3 17 13 1.09700007502 5.56125739464 1.15223353081e-09 0.521457083629 0.478650160143 0.99999990655 0.528754 0 0
400.4 17 13 1.09699478087 5.56131311239 1.11297004945e-09 0.521458060139 0.478660038147 0.999999901129 0.451966 0 0
400.5 17 13 1.0969893373 5.56139187716 1.12946629827e-09 0.521458930311 0.478669867224 0.999999904465 0.451814 0 0
400.6 17 13 1.09698605634 5.56151742008 1.47053347277e-09 0.521459703004 0.478679607454 0.99999991294 0.447202 0 0
400.7 17 13 1.09698168087 5.56171032835 1.22170840111e-09 0.521460373128 0.478689245103 0.999999904297 0.440504 0 0
400.8 17 13 1.09697918098 5.56173342071 1.37802902422e-09 0.521460959924 0.478698749718 0.99999990334 0.355925 0 0
400.9 17 13 1.0969766818 5.56188965728 1.68187253013e-09 0.521461435046 0.478708093495 0.999999897401 0.52161 0 0
401 17 13 1.09697011176 5.5617948861 1.38062361543e-09 0.521461824531 0.478717253832 0.999999901239 0.448369 0 0
401.1 17 14 1.09696807376 5.56182599896 1.35743238872e-09 0.521462142713 0.478726212103 0.999999908039 0.451974 0 0
401.2 17 13 1.09696454759 5.56186200928 1.34915167926e-09 0.521462405068 0.47873495733 0.999999892036 0.455875 0 0
401.3 17 13 1.0969589022 5.56180015288 1.37967626213e-09 0.521462550574 0.478743441929 0.999999868847 0.455264 0 0
401.4 17 13 1.09695573778 5.56190231382 1.42451739293e-09 0.52146258018 0.478751680313 0.999999908497 0.36505 0 0
401.5 17 13 1.0969541577 5.56219541473 1.44007672453e-09 0.521462509185 0.478759670069 0.99999989302 0.443356 0 0
401.6 17 13 1.09694835318 5.5621407152 1.41428435629e-09 0.521462281378 0.478767414393 0.999999902407 0.530579 0 0
401.7 17 13 1.09694973929 5.56257920788 1.40173950225e-09 0.521461966855 0.478774933709 0.999999925749 0.36421 0 0
401.8 17 13 1.09694572708 5.56279907642 1.51699042217e-09 0.521461544631 0.478782204267 0.999999911445 0.449986 0 0
401.9 17 13 1.09694421242 5.56273473866 1.65224078863e-09 0.521461039469 0.478789185057 0.999999898755 0.453268 0 0
402 17 13 1.09694295913 5.56302801114 1.52535528652e-09 0.521460432557 0.478795877278 0.999999905058 0.447437 0 0
402.1 17 13 1.09694303884 5.56301213144 1.48311196657e-09 0.521459754271 0.478802285132 0.999999897138 0.511107 0 0
402.2 17 13 1.09694120017 5.56304655136 1.52184287394e-09 0.521459036957 0.478808410591 0.999999911195 0.442498 0 0
402.3 17 13 1.09693419118 5.56335664026 1.53584822637e-09 0.521458286134 0.478814262647 0.999999891936 0.448585 0 0
402.4 17 13 1.09693105314 5.56343378952 1.59642377096e-09 0.521457467497 0.478819856889 0.999999903368 0.449159 0 0
402.5 17 13 1.09693094333 5.563784549 1.63671776132e-09 0.521456617505 0.478825217891 0.999999919592 0.366008 0 0
402.6 17 13 1.09693124389 5.56403144517 1.56502433235e-09 0.521455769521 0.478830337636 0.99999991055 0.448774 0 0
402.7 17 13 1.0969263718 5.56424376399 1.58940161032e-09 0.521454907182 0.478835231387 0.999999896049 0.447556 0 0
402.8 17 13 1.09691849572 5.56467140346 1.5807636311e-09 0.521454067516 0.478839903528 0.999999921222 0.439549 0 0
402.9 17 13 1.09691773149 5.56487925206 1.53951362769e-09 0.52145329547 0.478844378734 0.999999888766 0.444015 0 0
403 17 13 1.09691591672 5.56507063758 1.5326091507e-09 0.52145253968 0.478848692728 0.999999894379 0.522542 0 0
403.1 17 13 1.09691694001 5.56539684994 1.52544432641e-09 0.521451833149 0.478852815361 0.999999908846 0.446773 0 0
403.2 17 13 1.0969137776 5.56570197583 1.41444034263e-09 0.521451157029 0.478856787934 0.999999892932 0.449348 0 0
403.3 17 13 1.09691280465 5.56597148313 1.58631963121e-09 0.521450592829 0.478860594118 0.999999931798 0.448049 0 0
403.4 17 13 1.09690756021 5.56629794774 1.494493862e-09 0.521450117263 0.478864262698 0.999999904145 0.513514 0 0
403.5 17 13 1.09690189305 5.56670462292 1.45047562849e-09 0.5214497626 0.478867795089 0.999999893166 0.441252 0 0
403.6 17 13 1.09690076289 5.56706343999 1.27648402959e-09 0.521449551293 0.478871221656 0.999999918149 0.450206 0 0
403.7 17 13 1.09690077547 5.56733420884 1.31673649761e-09 0.521449486485 0.478874582845 0.999999913049 0.370883 0 0
403.8 17 13 1.09689786269 5.56756891205 1.47376078008e-09 0.521449596342 0.478877886034 0.99999989945 0.362565 0 0
403.9 17 13 1.09689594802 5.56800988629 1.48457124372e-09 0.521449874908 0.478881125425 0.999999911779 0.366303 0 0
404 17 13 1.09689475643 5.56852572725 1.28178612169e-09 0.521450359884 0.478884317643 0.999999908014 0.450193 0 0
404.1 17 13 1.0968879542 5.56870968328 1.27153731988e-09 0.521451023935 0.478887518714 0.99999990352 0.358944 0 0
404.2 17 13 1.09688298877 5.56886975354 1.25171661924e-09 0.521451856521 0.47889072584 0.999999914368 0.515219 0 0
404.3 17 13 1.09687612134 5.56928096122 1.29379174041e-09 0.521452896904 0.478893955531 0.999999894998 0.451383 0 0
404.4 17 13 1.09687424486 5.56961771132 1.31245725399e-09 0.521454141277 0.478897194145 0.999999897119 0.364734 0 0
404.5 17 13 1.09686894384 5.56988387756 1.29118871151e-09 0.521455602657 0.478900465071 0.999999907814 0.44658 0 0
404.6 17 13 1.09686459996 5.56995472503 1.33768263133e-09 0.521457307467 0.478903748154 0.999999909444 0.375756 0 0
404.7 17 13 1.09686174837 5.570290037 1.27381971637e-09 0.521459235712 0.478907072812 0.999999904108 0.445839 0 0
404.8 17 13 1.09685419586 5.57032825317 1.39203670813e-09 0.521461376972 0.478910467313 0.999999886118 0.442037 0 0
404.9 17 13 1.09684824831 5.57066661626 1.34440814037e-09 0.521463754195 0.478913916315 0.999999897194 0.439945 0 0
405 17 14 1.09684197431 5.57103347601 1.35713629223e-09 0.521466344243 0.478917436252 0.999999900897 0.444415 0 0
405.1 17 13 1.0968334173 5.57103082754 1.34710198552e-09 0.521469481012 0.478921057934 0.999999904684 0.361997 0 0
405.2 17 13 1.09682634197 5.57121147739 1.3797966103e-09 0.521472792354 0.478924778324 0.999999918182 0.450326 0 0
405.3 17 13 1.09681815641 5.57147759061 1.36687494656e-09 0.521476280869 0.478928635846 0.999999892392 0.453447 0 0
405.4 17 13 1.09681270449 5.57156159954 1.428604679e-09 0.521479966133 0.478932619909 0.999999894977 0.363519 0 0
405.5 17 13 1.09680291081 5.57154255822 1.37538580525e-09 0.521483823074 0.478936739463 0.999999911935 0.440081 0 0
405.6 17 13 1.09679902748 5.57150641945 1.50604284599e-09 0.521487822412 0.47894101397 0.999999908432 0.440798 0 0
405.7 17 13 1.09679188103 5.5718696142 1.6435340866e-09 0.521491963331 0.478945443203 0.999999899989 0.445911 0 0
405.8 17 13 1.09678168486 5.57155578432 1.5773506945e-09 0.521496217341 0.478950029636 0.999999879014 0.444542 0 0
405.9 17 13 1.09677656472 5.57166745715 1.54937451757e-09 0.521500608377 0.478954780583 0.999999913961 0.518109 0 0
406 17 14 1.09676816654 5.57179559156 1.28963495438e-09 0.521505151651 0.478959725726 0.999999898968 0.444248 0 0
406.1 17 13 1.09676315246 5.57182039235 1.30844790558e-09 0.521509838233 0.478964839305 0.999999911947 0.443223 0 0
406.2 17 13 1.09675397239 5.57400728303 1.18519283276e-09 0.521514657425 0.478970144169 0.999999892607 0.35569 0 0
406.3 17 13 1.0967403617 5.57360458439 1.30043853463e-09 0.521519578313 0.478975613666 0.9999998882 0.443286 0 0
406.4 17 13 1.09673259361 5.57368639412 1.23207088976e-09 0.521524590394 0.478981242219 0.999999916247 0.519531 0 0
406.5 17 13 1.09672501489 5.57361664198 1.41940126319e-09 0.521529738502 0.478987068416 0.99999989704 0.448711 0 0
406.6 17 13 1.09671713811 5.57354774462 1.38479194778e-09 0.521534963786 0.478993057256 0.99999987557 0.519488 0 0
406.7 17 13 1.09670402479 5.57339576024 1.34427857734e-09 0.521540296901 0.47899919758 0.999999886947 0.450103 0 0
406.8 17 13 1.09669385359 5.57301040395 1.40742950627e-09 0.521545715927 0.47900547698 0.999999891163 0.517291 0 0
406.9 17 13 1.09668724303 5.57307514094 1.35465738627e-09 0.521551210011 0.479011934517 0.999999932748 0.442916 0 0
407 17 13 1.09667763101 5.57308999322 1.30775501539e-09 0.521556796992 0.479018530726 0.999999886909 0.361671 0 0
407.1 17 13 1.09666454235 5.57288535347 1.27338295464e-09 0.52156245498 0.479025254702 0.999999897018 0.447053 0 0
407.2 17 13 1.0966538494 5.57263667645 1.31166322248e-09 0.52156818798 0.479032058244 0.999999908148 0.517409 0 0
407.3 17 13 1.09664664405 5.5725404221 1.25470844825e-09 0.521573996353 0.479038939465 0.99999990844 0.447492 0 0
407.4 17 13 1.09663670254 5.57267982223 1.53278256754e-09 0.521579877779 0.479045881894 0.999999890948 0.446669 0 0
407.5 17 13 1.0966260879 5.57227557268 1.30943078602e-09 0.521585858782 0.479052836531 0.999999896898 0.439985 0 0
407.6 17 13 1.09661899529 5.57245367418 1.24073373797e-09 0.521591901191 0.479059769407 0.999999902877 0.512048 0 0
407.7 17 13 1.09661082131 5.57243063883 1.19608800642e-09 0.521597996894 0.479066705691 0.999999900841 0.362647 0 0
407.8 17 14 1.09660347334 5.57224542217 1.22972243499e-09 0.521604164234 0.479073570067 0.999999909101 0.444049 0 0
407.9 17 13 1.09659650455 5.57199405516 1.23325893941e-09 0.521610385455 0.479080380899 0.999999916069 0.444781 0 0
408 17 13 1.09658395354 5.5719401777 1.25694288311e-09 0.521616670964 0.479087097723 0.999999877895 0.44704 0 0
408.1 17 13 1.09657604375 5.57186267109 1.25593024869e-09 0.521623033832 0.479093680511 0.999999920658 0.518244 0 0
408.2 17 13 1.09656936308 5.57185592624 1.21174703605e-09 0.521629487317 0.479100123202 0.999999919314 0.355509 0 0
408.3 17 13 1.09656482694 5.57187683786 1.20642795753e-09 0.521635987201 0.479106401914 0.999999916756 0.51346 0 0
408.4 17 13 1.09655863359 5.57206950175 1.21097798456e-09 0.521642555985 0.479112504698 0.999999913084 0.361658 0 0
408.5 17 13 1.09655077344 5.57175630633 1.23867560653e-09 0.521649176582 0.479118381195 0.999999898521 0.446261 0 0
408.6 17 13 1.09655081041 5.57209820007 1.19913012853e-09 0.521655867392 0.479124020203 0.999999910363 0.444197 0 0
408.7 17 13 1.09654802551 5.57179869307 1.21898724448e-09 0.521662611789 0.479129426261 0.999999903375 0.364743 0 0
408.8 17 13 1.09654503344 5.57173673876 1.27466281974e-09 0.521669394354 0.479134579251 0.99999989467 0.443398 0 0
408.9 17 13 1.09653388519 5.57167546231 1.2803131888e-09 0.521676235579 0.479139441063 0.999999906502 0.440206 0 0
409 17 13 1.09652977466 5.57185660199 1.3271230781e-09 0.521683131471 0.479144000314 0.999999891508 0.439799 0 0
409.1 17 13 1.09653362641 5.57190699338 1.35852118444e-09 0.521690063889 0.479148263142 0.999999933452 0.361663 0 0
409.2 17 13 1.09653871027 5.5720186283 1.33043831507e-09 0.521697052663 0.479152199767 0.999999931003 0.446786 0 0
409.3 17 13 1.0965418749 5.57208195425 1.325873078e-09 0.52170407802 0.479155785477 0.999999909032 0.517266 0 0
409.4 17 13 1.09654981411 5.57239782057 1.36652489324e-09 0.521711139502 0.479159003175 0.999999919399 0.518658 0 0
409.5 17 13 1.09655872833 5.57297978419 1.35844879789e-09 0.521718255312 0.479161894915 0.999999904265 0.364685 0 0
409.6 17 13 1.09656292151 5.57268946602 1.36510835969e-09 0.521725427912 0.479164412407 0.999999905673 0.440343 0 0
409.7 17 13 1.09657306219 5.5726982862 1.34870603574e-09 0.521732668335 0.479166553437 0.999999918971 0.441623 0 0
409.8 17 13 1.0965821602 5.57294576042 1.37705580272e-09 0.52173999195 0.479168346162 0.999999930943 0.445772 0 0
409.9 17 13 1.09659657018 5.57325543101 1.28432831037e-09 0.521747373959 0.479169759305 0.999999937231 0.520513 0 0
410 17 13 1.0966051141 5.57346730181 1.38561428997e-09 0.521754824852 0.479170832546 0.999999913375 0.363387 0 0
410.1 17 13 1.09661482113 5.57357038373 1.54152690612e-09 0.521762342 0.479171575527 0.999999891822 0.360283 0 0
410.2 17 13 1.09662800912 5.57374770345 1.2312686426e-09 0.521769929738 0.479171954788 0.999999906449 0.441805 0 0
410.3 17 13 1.09664471535 5.57407570503 1.16339826661e-09 0.521777583623 0.47917198056 0.999999918302 0.43992 0 0
410.4 17 13 1.09665874891 5.57437176592 1.14866982592e-09 0.521785303866 0.479171668409 0.999999920142 0.358696 0 0
410.5 17 13 1.09667464589 5.57456683568 1.15457099437e-09 0.521793047305 0.47917100615 0.999999895446 0.445623 0 0
410.6 17 13 1.09669326999 5.5748517672 1.16794984795e-09 0.521800811089 0.479170012961 0.99999990869 0.518291 0 0
410.7 17 13 1.09671094946 5.57522935506 1.23566679111e-09 0.521808618084 0.479168705331 0.999999903466 0.443293 0 0
410.8 17 13 1.0967282549 5.57553723544 1.1885477047e-09 0.521816448893 0.479167085318 0.999999919287 0.446086 0 0
410.9 17 13 1.09674709653 5.57579681772 1.21073551185e-09 0.521824276715 0.479165173463 0.999999908396 0.444115 0 0
411 17 13 1.0967649767 5.57602271368 1.29786681402e-09 0.521832087731 0.479162973845 0.999999899881 0.513523 0 0
411.1 17 13 1.09677987753 5.57636256634 1.32229416305e-09 0.521839874807 0.479160525764 0.99999989503 0.443697 0 0
411.2 17 13 1.09680171582 5.57695589016 1.2711590669e-09 0.521847598314 0.479157840906 0.99999991196 0.448806 0 0
411.3 17 13 1.09682251407 5.5771302057 1.22312082684e-09 0.521855258136 0.479154927928 0.999999922223 0.365799 0 0
411.4 17 13 1.09684361681 5.5761145502 1.18858012321e-09 0.521862882578 0.479151805148 0.999999918565 0.446711 0 0
411.5 17 13 1.09686225216 5.57652387662 1.20925836011e-09 0.521870480703 0.479148486254 0.999999876309 0.360648 0 0
411.6 17 13 1.09687306543 5.57679171522 1.15027554148e-09 0.521878082517 0.479145005871 0.99999990099 0.357985 0 0
411.7 17 13 1.09688587858 5.57725314314 1.27737187494e-09 0.521885652251 0.479141373304 0.999999877298 0.438168 0 0
411.8 17 13 1.09690588316 5.57726428355 1.26504473563e-09 0.521893206192 0.479137598212 0.999999919235 0.513653 0 0
411.9 17 13 1.09692680354 5.57766261533 1.22858390128e-09 0.521900724516 0.479133694333 0.999999899416 0.515386 0 0
412 17 13 1.09694846213 5.57791454387 1.22766685706e-09 0.521908224185 0.479129681181 0.999999921976 0.360417 0 0
412.1 17 13 1.09696860109 5.57834319957 1.22185894735e-09 0.521915694726 0.479125575608 0.999999918644 0.441832 0 0
412.2 17 13 1.09698738808 5.57853688366 1.22792087609e-09 0.521923167248 0.479121420633 0.999999907782 0.445171 0 0
412.3 17 13 1.097008723 5.57918895048 1.16885101598e-09 0.521930652229 0.479117232789 0.999999898211 0.357253 0 0
412.4 17 13 1.09701863743 5.57915295988 1.17755549756e-09 0.521938108366 0.479113062047 0.999999906615 0.356525 0 0
412.5 17 13 1.09703773764 5.5794018949 1.12882914127e-09 0.521945571474 0.479108868103 0.999999905326 0.515043 0 0
412.6 17 13 1.097058661 5.57962950515 1.13740872276e-09 0.5219530307 0.479104695856 0.999999894387 0.362569 0 0
412.7 17 13 1.09707996035 5.58005515308 1.27883625911e-09 0.521960474652 0.479100547297 0.999999916829 0.444291 0 0
412.8 17 13 1.09709973444 5.58029238384 1.23041155042e-09 0.521967898835 0.479096439007 0.999999921711 0.516401 0 0
412.9 17 13 1.09711614368 5.58048718467 1.30602340054e-09 0.52197529681 0.479092411195 0.999999896635 0.443953 0 0
413 17 13 1.09713700581 5.58101253565 1.11283748883e-09 0.521982623781 0.479088454826 0.999999909861 0.440235 0 0
413.1 17 13 1.09715699083 5.5811292144 1.22541887748e-09 0.521989891764 0.479084568497 0.999999907497 0.438965 0 0
413.2 17 13 1.09717800684 5.58126790481 1.1747107731e-09 0.521997133186 0.479080783535 0.99999990893 0.359957 0 0
413.3 17 13 1.0971953283 5.58184066509 1.19600573889e-09 0.522004319222 0.479077077197 0.999999909857 0.517075 0 0
413.4 17 13 1.09721061743 5.58215043969 1.22806187441e-09 0.522011457803 0.479073496927 0.999999899325 0.360095 0 0
413.5 17 13 1.09722942536 5.58208428526 1.48144541079e-09 0.522018558098 0.479070039162 0.999999902764 0.360138 0 0
413.6 17 13 1.09725276366 5.58240425825 1.41081790694e-09 0.522025626983 0.479066688347 0.999999903268 0.446044 0 0
413.7 17 13 1.09727076147 5.58247431348 1.26745702822e-09 0.522032619677 0.479063538182 0.99999990402 0.359759 0 0
413.8 17 13 1.09729554312 5.58292744003 1.37281985779e-09 0.522039540357 0.479060489008 0.999999917419 0.442801 0 0
413.9 17 13 1.09731023982 5.5832139596 1.32850830337e-09 0.522046392502 0.479057562683 0.999999895277 0.358572 0 0
414 17 13 1.09733136813 5.58325365371 1.35470878959e-09 0.522053137742 0.479054704412 0.999999924349 0.521461 0 0
414.1 17 13 1.09734452433 5.58332227015 1.31655586433e-09 0.522059843159 0.479051966845 0.999999906109 0.36295 0 0
414.2 17 13 1.0973686026 5.58369978639 1.3980261393e-09 0.522066461047 0.479049318436 0.999999916273 0.4466 0 0
414.3 17 13 1.09739066607 5.58406476878 1.40867173481e-09 0.522072999632 0.479046776116 0.999999900729 0.447933 0 0
414.4 17 13 1.09741584369 5.58409564368 1.4228809242e-09 0.522079416101 0.479044331027 0.999999894007 0.358701 0 0
414.5 17 13 1.09744102713 5.58427791692 1.3372817298e-09 0.522085764245 0.479041987492 0.999999917558 0.439436 0 0
414.6 17 13 1.09746203333 5.58460878915 1.32994848467e-09 0.522092007359 0.479039744671 0.999999899364 0.513076 0 0
414.7 17 13 1.09747717858 5.58472647449 1.4363186196e-09 0.522098136237 0.479037614709 0.999999886409 0.446045 0 0
414.8 17 13 1.09749658833 5.58481990632 1.32007094145e-09 0.52210419764 0.479035608504 0.999999925525 0.447307 0 0
414.9 17 13 1.09751305183 5.58498454508 1.34165467625e-09 0.522110155167 0.479033707196 0.999999898699 0.446936 0 0
415 17 13 1.09753911345 5.58524953056 1.35981292892e-09 0.522116007309 0.47903191126 0.999999926369 0.51747 0 0
415.1 17 13 1.09756140642 5.58540542153 1.28795263343e-09 0.52212174406 0.479030208893 0.999999897677 0.512582 0 0
415.2 17 13 1.09758533059 5.58557882782 1.36196054434e-09 0.522127368313 0.4790286172 0.999999891292 0.440265 0 0
415.3 17 13 1.09760107544 5.5855541047 1.32547728349e-09 0.522132866936 0.479027090344 0.999999904558 0.451493 0 0
415.4 17 13 1.0976246395 5.58586276039 1.55346324693e-09 0.522138275545 0.479025646186 0.999999913855 0.363206 0 0
415.5 17 13 1.09764466531 5.58604451434 1.37275535383e-09 0.522143558924 0.479024297864 0.999999900428 0.45072 0 0
415.6 17 13 1.09766931511 5.58607835238 1.39146116851e-09 0.522148724602 0.479023035863 0.999999926426 0.44793 0 0
415.7 17 13 1.09769340244 5.58628468416 1.2084100387e-09 0.52215380799 0.479021874566 0.999999896809 0.364537 0 0
415.8 17 13 1.09772156505 5.58643181244 1.19506404772e-09 0.522158785045 0.479020807463 0.999999925657 0.510053 0 0
415.9 17 13 1.09773586922 5.58662931162 1.21257626162e-09 0.52216369284 0.479019847771 0.999999884488 0.355899 0 0
416 17 13 1.09774587936 5.58679076917 1.1665104438e-09 0.522168522617 0.47901895992 0.999999910252 0.359307 0 0
416.1 17 13 1.09777037928 5.58702642729 1.41149303357e-09 0.522173263649 0.479018178302 0.999999905868 0.359824 0 0
416.2 17 13 1.09779869573 5.58719543667 1.35597610917e-09 0.522177934616 0.479017528088 0.999999905562 0.444839 0 0
416.3 17 13 1.09782579731 5.58728204948 1.46933809564e-09 0.522182550923 0.479016989476 0.999999925003 0.44562 0 0
416.4 17 13 1.09784999593 5.58749422386 1.4277206084e-09 0.52218712183 0.4790165331 0.999999902477 0.364416 0 0
416.5 17 13 1.097870852 5.58761873102 1.47150547303e-09 0.52219162577 0.479016147118 0.999999926046 0.516242 0 0
416.6 17 13 1.09788954127 5.58793339692 1.46873846418e-09 0.522196081233 0.479015831268 0.999999913267 0.512847 0 0
416.7 17 13 1.09790871144 5.58791296981 1.38673750261e-09 0.522200498937 0.479015582926 0.999999916308 0.446881 0 0
416.8 17 13 1.09793601328 5.5878925233 1.44362510834e-09 0.522204851071 0.479015450299 0.999999911301 0.515223 0 0
416.9 17 13 1.09795852165 5.58795275826 1.40412315108e-09 0.522209186443 0.479015401163 0.999999894497 0.517562 0 0
417 17 13 1.09797878491 5.58807522108 1.3514880326e-09 0.522213506447 0.479015454689 0.999999883554 0.442842 0 0
417.1 17 13 1.0979929683 5.58781098621 1.27881094603e-09 0.522217815465 0.479015596325 0.999999896509 0.442122 0 0
417.2 17 13 1.09801874337 5.58797353392 1.30404653742e-09 0.522222180738 0.479015819256 0.999999897441 0.443516 0 0
417.3 17 13 1.09804153752 5.58791808963 1.34797550899e-09 0.522226565653 0.479016154292 0.999999883375 0.359517 0 0
417.4 17 13 1.09806458014 5.5880427669 1.31380850643e-09 0.522230955719 0.479016581788 0.999999910607 0.523019 0 0
417.5 17 13 1.09808904913 5.58837044924 1.26098242959e-09 0.522235373877 0.479017104299 0.999999919839 0.36223 0 0
417.6 17 13 1.09810864516 5.58843731615 1.55204693542e-09 0.522239828232 0.479017721082 0.999999911656 0.449199 0 0
417.7 17 13 1.09812349906 5.58846759198 1.50792600628e-09 0.522244315088 0.47901840778 0.999999907639 0.448979 0 0
417.8 17 13 1.09814206248 5.58860249601 1.88060000905e-09 0.522248871919 0.479019150918 0.999999909415 0.444269 0 0
417.9 17 13 1.09815420666 5.58873720967 1.62403390735e-09 0.522253471223 0.479019930254 0.999999892178 0.543714 0 0
418 17 13 1.098174365 5.58906100637 1.57644430843e-09 0.522258139368 0.479020741876 0.99999989993 0.519134 0 0
418.1 17 13 1.09819515714 5.58901998718 1.56847079769e-09 0.522262883094 0.479021626389 0.999999905896 0.36203 0 0
418.2 17 13 1.09821110454 5.58912796667 1.65352931347e-09 0.522267673593 0.479022535352 0.999999894035 0.367396 0 0
418.3 17 13 1.09822784522 5.58920062367 1.53227819322e-09 0.522272514824 0.479023477644 0.999999913584 0.366237 0 0
418.4 17 13 1.09824217203 5.58928785245 1.63969859912e-09 0.522277379562 0.479024461391 0.99999990178 0.521128 0 0
418.5 17 13 1.09826111281 5.58951342982 1.60981694641e-09 0.522282282788 0.47902543289 0.999999909434 0.515573 0 0
418.6 17 13 1.09828120822 5.58966718489 1.4750934918e-09 0.522287242115 0.479026344794 0.99999990304 0.446134 0 0
418.7 17 13 1.0982959337 5.58977917529 1.38200606514e-09 0.522292192966 0.47902720051 0.999999904645 0.518183 0 0
418.8 17 13 1.09830853998 5.58982684113 1.46698375669e-09 0.522297190544 0.479028011113 0.999999898666 0.521288 0 0
418.9 17 13 1.09832994649 5.58995072776 1.47231282721e-09 0.522302185713 0.479028756696 0.999999909313 0.445064 0 0
419 17 13 1.09834347674 5.58997414318 1.36677025253e-09 0.522307196949 0.479029457483 0.999999888234 0.449647 0 0
419.1 17 13 1.09836349276 5.59030362216 1.46564416159e-09 0.522312230173 0.479030051193 0.999999909262 0.516254 0 0
419.2 17 13 1.09837542534 5.59040056218 1.28307575675e-09 0.52231725726 0.479030523554 0.999999899093 0.440588 0 0
419.3 17 13 1.09839010884 5.59068633802 1.3073687688e-09 0.522322256243 0.479030879927 0.999999914443 0.444601 0 0
419.4 17 13 1.09840954715 5.59111035927 1.3049693548e-09 0.522327175648 0.479031129551 0.999999910483 0.447176 0 0
419.5 17 13 1.098433004 5.59119303545 1.09850406549e-09 0.522332004916 0.479031256876 0.99999991246 0.362355 0 0
419.6 17 13 1.09844790895 5.59144748968 1.1493407337e-09 0.522336736757 0.479031252726 0.999999908219 0.520528 0 0
419.7 17 13 1.09846916417 5.59179220343 1.20759124922e-09 0.522341365821 0.47903113682 0.999999923374 0.447746 0 0
419.8 17 13 1.09849294897 5.59206988064 1.57122936884e-09 0.522345863759 0.479030922397 0.99999991143 0.356453 0 0
419.9 17 13 1.09851579559 5.59237105105 1.22908283551e-09 0.52235020508 0.479030596077 0.999999888275 0.444967 0 0
420 17 14 1.09853571798 5.59277627688 1.2711814934e-09 0.522354357897 0.479030168266 0.999999892818 0.441532 0 0
420.1 17 13 1.09856145331 5.59281983937 1.29551447348e-09 0.52235834685 0.479029623064 0.999999916413 0.441465 0 0
420.2 17 13 1.09858641117 5.59302725049 1.39986300329e-09 0.522362123058 0.479029004936 0.999999897785 0.445685 0 0
420.3 17 13 1.09861078885 5.59332269745 1.34035638144e-09 0.522365654247 0.479028276435 0.999999903816 0.440155 0 0
420.4 17 13 1.0986353261 5.59363650651 1.20136278703e-09 0.522368946039 0.479027450563 0.999999923609 0.439608 0 0
420.5 17 13 1.09866054815 5.5938987371 1.23442844835e-09 0.522371997911 0.479026539411 0.999999905758 0.511129 0 0
420.6 17 13 1.09868461612 5.59424236566 1.18403453708e-09 0.522374821282 0.479025567042 0.999999914804 0.355444 0 0
420.7 17 13 1.09870864089 5.59446535424 1.25349830515e-09 0.522377399926 0.479024525357 0.9999999025 0.439202 0 0
420.8 17 13 1.09873301638 5.59479368282 1.3403208543e-09 0.522379709531 0.479023444714 0.99999991069 0.43893 0 0
420.9 17 13 1.09875702521 5.59508224761 1.24530707968e-09 0.522381764819 0.479022343599 0.999999894957 0.3578 0 0
421 17 13 1.09878309823 5.59549514569 1.22697019211e-09 0.522383553409 0.479021232994 0.999999907442 0.444709 0 0
421.1 17 13 1.09880483895 5.59576592412 1.14322140643e-09 0.522385040281 0.479020096963 0.999999902967 0.509816 0 0
421.2 17 13 1.09882768066 5.59603499552 1.17765508456e-09 0.522386256849 0.479018970288 0.999999912352 0.439071 0 0
421.3 17 13 1.098852469 5.59611465485 1.24882659769e-09 0.522387192743 0.47901791152 0.999999907444 0.35528 0 0
421.4 17 13 1.0988744189 5.59623198882 1.21978960266e-09 0.522387835315 0.47901689465 0.999999918666 0.512071 0 0
421.5 17 13 1.09889164105 5.5965668337 1.49076306855e-09 0.522388227773 0.479015943009 0.999999888771 0.442228 0 0
421.6 17 13 1.0989142719 5.59665150609 1.29383737058e-09 0.522388359248 0.479015080834 0.99999992832 0.513477 0 0
421.7 17 13 1.098935555 5.59690146927 1.36895206282e-09 0.522388262003 0.47901431397 0.999999904572 0.357613 0 0
421.8 17 13 1.09895428482 5.59694870878 1.27260590954e-09 0.522387907796 0.479013655266 0.999999901531 0.438745 0 0
421.9 17 13 1.09897629241 5.59715956092 1.16048426424e-09 0.522387311582 0.479013104827 0.999999919997 0.510524 0 0
422 17 13 1.09899516719 5.59732738317 1.14030795917e-09 0.522386490616 0.479012670307 0.999999903861 0.442694 0 0
422.1 17 13 1.09901523619 5.59764621768 1.20379273216e-09 0.522385445264 0.479012359682 0.999999903455 0.439758 0 0
422.2 17 13 1.09903269536 5.59765803331 1.40941758264e-09 0.522384197777 0.479012216534 0.999999910407 0.440809 0 0
422.3 17 14 1.09905101847 5.59821365628 1.5750613036e-09 0.522382757447 0.479012234194 0.9999998931 0.438937 0 0
422.4 17 13 1.09906765993 5.59780314142 1.37864919481e-09 0.52238132324 0.479012399975 0.999999907731 0.438549 0 0
422.5 17 13 1.0990808005 5.59829224358 1.43026901434e-09 0.522379654333 0.479012738322 0.999999910656 0.510747 0 0
422.6 17 13 1.09909323883 5.5982809828 1.23878673985e-09 0.522377784993 0.479013256818 0.999999912041 0.439914 0 0
422.7 17 13 1.09910628208 5.59830331397 1.2118374082e-09 0.522375743818 0.479013958182 0.999999878361 0.439531 0 0
422.8 17 13 1.09911607318 5.59843789862 1.29560262518e-09 0.522373522522 0.479014905426 0.999999911991 0.440175 0 0
422.9 17 13 1.09912419367 5.59884964614 1.5366095063e-09 0.522371156281 0.479016043224 0.999999901324 0.358079 0 0
423 17 13 1.09913596911 5.59878160201 1.34555766529e-09 0.522368649418 0.479017377891 0.999999902861 0.441575 0 0
423.1 17 13 1.09914933708 5.59892311336 1.50768553198e-09 0.522365998766 0.479018942658 0.999999913118 0.510001 0 0
423.2 17 13 1.09915863993 5.59864475641 1.46835443804e-09 0.52236324613 0.479020771104 0.999999882967 0.355498 0 0
423.3 17 13 1.09916616619 5.59873723517 1.33590449813e-09 0.522360378907 0.479022819234 0.999999913047 0.510352 0 0
423.4 17 13 1.09916954314 5.59883563684 1.17806764344e-09 0.522357417133 0.479025082787 0.999999895531 0.437676 0 0
423.5 17 13 1.09917971597 5.59894042204 1.197011823e-09 0.522354373045 0.479027569633 0.999999907351 0.439286 0 0
423.6 17 13 1.09918737211 5.59922318889 1.44143819103e-09 0.522351255121 0.479030306206 0.999999909477 0.439638 0 0
423.7 17 13 1.09919366755 5.59923917506 1.35166533521e-09 0.522348095091 0.479033304017 0.999999884517 0.438268 0 0
423.8 17 13 1.09920018109 5.59931138572 1.39875233618e-09 0.522344885353 0.479036507782 0.999999916858 0.438778 0 0
423.9 17 13 1.09920458106 5.59929513715 1.20542387183e-09 0.522341655046 0.479039957416 0.999999892626 0.50969 0 0
424 17 13 1.0992065317 5.59947623541 1.28494415108e-09 0.522338420305 0.47904364331 0.999999917547 0.356042 0 0
424.1 17 13 1.09920394161 5.5994627469 1.44054856932e-09 0.522335161164 0.479047546594 0.999999890825 0.438613 0 0
424.2 17 13 1.09920234342 5.59957295924 1.50765111506e-09 0.522331901728 0.479051623189 0.999999918457 0.438772 0 0
424.3 17 13 1.09920636129 5.60011907193 1.26811361412e-09 0.52232860776 0.479055888702 0.999999928289 0.438631 0 0
424.4 17 13 1.09921080424 5.59956824696 1.33781929978e-09 0.522325284103 0.479060339403 0.999999919264 0.439101 0 0
424.5 17 13 1.09921214537 5.5997017747 1.45192236012e-09 0.522321925393 0.479064970096 0.999999915372 0.437817 0 0
424.6 17 13 1.09920875385 5.59984236117 1.53909907041e-09 0.522318535025 0.47906974388 0.999999907478 0.439325 0 0
424.7 17 13 1.09920094098 5.60012839788 1.28490018625e-09 0.522315090241 0.479074665914 0.99999989952 0.357172 0 0
424.8 17 13 1.09920410534 5.60009725503 1.29650490344e-09 0.522311582017 0.479079696259 0.99999992506 0.511591 0 0
424.9 17 13 1.09920455295 5.60025356532 1.33214606013e-09 0.522308035409 0.479084854239 0.999999925572 0.355482 0 0
425 17 13 1.09920542295 5.60047202457 1.36841571408e-09 0.522304436142 0.479090098075 0.999999929862 0.509794 0 0
425.1 17 13 1.0992033863 5.6007875289 1.48280854262e-09 0.522300780964 0.47909540682 0.999999918224 0.446809 0 0
425.2 17 13 1.09920259187 5.60072048158 1.77026526771e-09 0.522297070282 0.479100768531 0.99999989772 0.443356 0 0
425.3 17 13 1.09920393916 5.60087421047 1.39849443137e-09 0.52229327355 0.479106199178 0.999999909295 0.438694 0 0
425.4 17 13 1.09920460822 5.6010948356 1.27672961092e-09 0.522289415171 0.479111684661 0.999999908553 0.35556 0 0
425.5 17 13 1.09920713099 5.60114595443 1.38461642152e-09 0.522285516301 0.479117189442 0.99999991556 0.356848 0 0
425.6 17 13 1.09920727414 5.6013207416 1.30535204867e-09 0.522281510601 0.479122685036 0.999999915334 0.438996 0 0
425.7 17 13 1.09920695633 5.60131666155 1.27431776242e-09 0.522277407315 0.479128148017 0.999999895932 0.438278 0 0
425.8 17 13 1.09920905933 5.60135971858 1.25113064353e-09 0.522273209019 0.479133616672 0.999999915383 0.437444 0 0
425.9 17 13 1.09921109353 5.60195047153 1.32067035086e-09 0.522268871068 0.479139067307 0.999999905138 0.509405 0 0
426 17 13 1.0992132675 5.60169848102 1.33990951667e-09 0.5222644085 0.479144467511 0.999999912665 0.356817 0 0
426.1 17 13 1.09921184762 5.60200436323 1.21221765959e-09 0.522259827616 0.479149819529 0.999999934777 0.355218 0 0
426.2 17 13 1.09921432368 5.60216297373 1.332946864e-09 0.522255103757 0.479155082032 0.999999910445 0.43861 0 0
426.3 17 13 1.09921267756 5.60272372605 1.61701096957e-09 0.522250238895 0.479160264823 0.999999906275 0.354888 0 0
426.4 17 13 1.09921044337 5.60257882901 1.53390977697e-09 0.522245197745 0.479165334626 0.999999926994 0.510154 0 0
426.5 17 13 1.09921322728 5.60272678399 1.49985412978e-09 0.522239973776 0.479170301507 0.99999993866 0.510863 0 0
426.6 17 13 1.09921678647 5.60395645296 1.57394153266e-09 0.522234578179 0.479175157177 0.99999991657 0.515856 0 0
426.7 17 13 1.09922204389 5.60440962836 1.38738620592e-09 0.52222901853 0.479179890177 0.99999991162 0.356216 0 0
426.8 17 13 1.09922633002 5.6044395484 1.38010292083e-09 0.522223264796 0.479184472134 0.999999926361 0.438513 0 0
426.9 17 13 1.09922947389 5.60440465081 1.38371125669e-09 0.522217343932 0.479188901171 0.99999991504 0.439634 0 0
427 17 13 1.09923497454 5.60444459815 1.58217949853e-09 0.522211230254 0.479193139876 0.99999993221 0.356017 0 0
427.1 17 13 1.09924078167 5.60478296154 1.25126908834e-09 0.522204896653 0.479197199464 0.999999920392 0.439969 0 0
427.2 17 13 1.09924576745 5.60476915333 1.1709663239e-09 0.522198346486 0.479201111313 0.999999915958 0.510723 0 0
427.3 17 13 1.09925144225 5.60501889876 1.39360112339e-09 0.522191609351 0.479204854475 0.999999895688 0.438284 0 0
427.4 17 13 1.09925528122 5.60497730888 1.30255217723e-09 0.522184731643 0.479208432029 0.999999907449 0.438465 0 0
427.5 17 13 1.09926177836 5.60526556012 1.29076016542e-09 0.522177665257 0.479211830712 0.999999905236 0.508973 0 0
427.6 17 13 1.09926666229 5.60517706256 1.37820277413e-09 0.522170417481 0.479215047751 0.999999891379 0.355135 0 0
427.7 17 13 1.09927222803 5.60521049875 1.25409327367e-09 0.522162948223 0.47921810724 0.999999896848 0.440051 0 0
427.8 17 13 1.09927738627 5.60540273941 1.39904188234e-09 0.522155312274 0.479220972118 0.999999921621 0.439251 0 0
427.9 17 13 1.09928121622 5.60586279856 1.39834166468e-09 0.522147523815 0.479223586989 0.999999914508 0.43965 0 0
428 17 13 1.09928977668 5.60576136613 1.39649758424e-09 0.522139548239 0.479225968766 0.999999920804 0.438642 0 0
428.1 17 13 1.09929464863 5.60596480694 1.40046751973e-09 0.522131404583 0.479228131941 0.999999905211 0.357098 0 0
428.2 17 13 1.09930211803 5.60611525557 1.55406354452e-09 0.522123113075 0.479230060789 0.999999904319 0.35655 0 0
428.3 17 13 1.09931004175 5.60636419201 1.25002008744e-09 0.52211468748 0.479231748689 0.999999900718 0.356302 0 0
428.4 17 13 1.0993181318 5.60643448732 1.48597467664e-09 0.522106111222 0.479233201111 0.999999934584 0.441271 0 0
428.5 17 13 1.0993243279 5.60666154166 1.57172586057e-09 0.522097410188 0.479234417795 0.999999935871 0.438615 0 0
428.6 17 13 1.09933404537 5.60682870166 1.55183144113e-09 0.522088594547 0.47923538817 0.999999894448 0.510394 0 0
428.7 17 13 1.09934407362 5.60689620963 1.54306278866e-09 0.522079689917 0.479236135092 0.999999907579 0.44394 0 0
428.8 17 13 1.09935398149 5.60689419537 1.44396805624e-09 0.52207068594 0.479236659262 0.999999914087 0.512361 0 0
428.9 17 13 1.09936734765 5.60724457003 1.42434064543e-09 0.522061656579 0.479236948809 0.999999915384 0.510971 0 0
429 17 13 1.09937976736 5.60704454536 1.40453715325e-09 0.522052589544 0.479237021258 0.99999992513 0.35525 0 0
429.1 17 13 1.09939223787 5.60713498007 1.33276545355e-09 0.52204346628 0.479236862981 0.999999907556 0.508944 0 0
429.2 17 13 1.09939922754 5.60714782882 1.40563827244e-09 0.522034284693 0.479236501658 0.999999902591 0.511366 0 0
429.3 17 13 1.09940587278 5.60718315373 1.40272571336e-09 0.52202508663 0.479235975003 0.999999895819 0.511849 0 0
429.4 17 13 1.09942211609 5.60733294025 1.34364808169e-09 0.522015891258 0.479235239504 0.999999920964 0.359258 0 0
429.5 17 13 1.09943134855 5.60754472795 1.24260224332e-09 0.5220067028 0.479234325648 0.999999900513 0.441103 0 0
429.6 17 13 1.09944748494 5.6076341798 1.30753097238e-09 0.521997532092 0.479233218257 0.999999913899 0.356127 0 0
429.7 17 13 1.09946222825 5.60760581241 1.48248724408e-09 0.521988380514 0.479231928803 0.999999900768 0.510583 0 0
429.8 17 13 1.09947962942 5.60793409195 1.45307210708e-09 0.521979326538 0.479230461608 0.999999915837 0.355466 0 0
429.9 17 13 1.09949484803 5.60783341806 1.76551462339e-09 0.521970330025 0.479228817539 0.999999917771 0.439398 0 0
430 17 13 1.09951504595 5.60796420527 1.62844937535e-09 0.521961382198 0.47922701371 0.999999915829 0.440694 0 0
430.1 17 13 1.09953554906 5.60808999209 1.43821088372e-09 0.52195250656 0.479225059703 0.999999912681 0.43991 0 0
430.2 17 13 1.09955594753 5.60828414465 1.43694944832e-09 0.521943680476 0.47922294624 0.999999894308 0.439891 0 0
430.3 17 13 1.09957854553 5.60825111021 1.48292100821e-09 0.521934950331 0.479220691551 0.999999900202 0.438896 0 0
430.4 17 13 1.09959314632 5.6082995803 1.44669110025e-09 0.521926342784 0.479218332769 0.999999917995 0.438874 0 0
430.5 17 13 1.09961932666 5.60845572743 1.45547152108e-09 0.52191786548 0.479215854247 0.999999927295 0.439473 0 0
430.6 17 13 1.0996466169 5.60863046838 1.6596205521e-09 0.521909458975 0.479213295373 0.999999921364 0.355434 0 0
430.7 17 13 1.09967500542 5.60884960717 1.63730251579e-09 0.521901123948 0.47921065948 0.999999908853 0.355473 0 0
430.8 17 13 1.09970120978 5.60886903873 1.66232427823e-09 0.521892798455 0.4792079571 0.99999992166 0.357369 0 0
430.9 17 13 1.09973016016 5.60909244189 1.75625036736e-09 0.521884520217 0.479205174056 0.999999928007 0.439375 0 0
431 17 13 1.09975695881 5.60909803165 1.81025050505e-09 0.521876339516 0.479202341961 0.999999913459 0.356465 0 0
431.1 17 13 1.09978677774 5.60928964987 1.9268914242e-09 0.521868190491 0.479199471877 0.999999928062 0.51125 0 0
431.2 17 13 1.0998108983 5.60930499991 1.79006853784e-09 0.521860088181 0.479196567118 0.999999909492 0.355496 0 0
431.3 17 13 1.09983890165 5.60947927512 1.49995471599e-09 0.521851995605 0.479193624349 0.999999918817 0.511781 0 0
431.4 17 13 1.09986912232 5.60967009642 1.31108457424e-09 0.521843945825 0.479190649636 0.99999991388 0.439724 0 0
431.5 17 13 1.09989927331 5.60979337591 1.31844268836e-09 0.521835907785 0.479187654076 0.999999922028 0.438907 0 0
431.6 17 13 1.09992505697 5.60988716371 1.31564870109e-09 0.521827876217 0.479184685626 0.999999905084 0.43862 0 0
431.7 17 12 1.09995631116 5.60963810401 1.3879466465e-09 0.521819866809 0.479181720625 0.99999988275 0.439191 0 0
431.8 17 12 1.09998646564 5.60968629156 1.53393242552e-09 0.521811848025 0.479178854007 0.999999896082 0.524144 0 0
431.9 17 12 1.1000123934 5.60965381211 1.51492773881e-09 0.521803851557 0.479176024815 0.99999989949 0.361436 0 0
432 17 12 1.10003647745 5.60877469715 1.54211587944e-09 0.521795864926 0.479173254944 0.999999916995 0.442664 0 0
432.1 17 12 1.10005308244 5.60880161201 1.71371805635e-09 0.521787854396 0.479170583694 0.999999866596 0.449197 0 0
432.2 17 12 1.10007378728 5.60870132015 1.73013314786e-09 0.521779848842 0.479167978182 0.999999897027 0.516161 0 0
432.3 17 12 1.10009875457 5.60910184457 1.67213809465e-09 0.521771833646 0.479165459292 0.999999906775 0.357565 0 0
432.4 17 12 1.10011597081 5.60877230254 1.6798552549e-09 0.521763794252 0.479163009236 0.99999989827 0.515925 0 0
432.5 17 12 1.10014678216 5.60910553141 1.73381886626e-09 0.521755755508 0.479160621599 0.999999920379 0.357923 0 0
432.6 17 12 1.10016098897 5.60899403112 1.84072812548e-09 0.521747690212 0.47915830488 0.999999893884 0.441556 0 0
432.7 17 12 1.10018033674 5.60931639644 1.92196647486e-09 0.521739605343 0.479156035432 0.999999913835 0.442074 0 0
432.8 17 12 1.10020824054 5.6094695349 1.86240267652e-09 0.521731463726 0.479153813925 0.999999917771 0.521964 0 0
432.9 17 12 1.10022459511 5.61005545718 1.75981196282e-09 0.521723290227 0.47915163891 0.999999917317 0.44218 0 0
433 17 12 1.10025402675 5.60977829551 1.64690505677e-09 0.521715071885 0.479149473361 0.999999922244 0.440058 0 0
433.1 17 12 1.10028303728 5.60982968442 1.59532476118e-09 0.521706809347 0.47914737185 0.999999913915 0.441456 0 0
433.2 17 12 1.10031390424 5.60987912696 1.39654543485e-09 0.521698474786 0.479145354507 0.999999913848 0.445541 0 0
433.3 17 12 1.10033595764 5.61017525621 1.34053790291e-09 0.521690039774 0.479143408534 0.999999894637 0.514283 0 0
433.4 17 12 1.1003580382 5.6101969792 1.35508237964e-09 0.521681508789 0.479141528297 0.999999921779 0.355702 0 0
433.5 17 12 1.10038927892 5.61027145043 1.3860246284e-09 0.521672885401 0.479139702263 0.999999906636 0.442829 0 0
433.6 17 12 1.10041933957 5.61037563006 1.47177681153e-09 0.521664138758 0.479137966026 0.999999904827 0.356178 0 0
433.7 17 12 1.10044354252 5.61030756111 1.50619761108e-09 0.521655270332 0.479136283022 0.999999909876 0.513464 0 0
433.8 17 12 1.10046920017 5.61030564801 1.58399082739e-09 0.52164627596 0.479134668132 0.999999901752 0.517153 0 0
433.9 17 13 1.10049632632 5.61053448761 1.37471245498e-09 0.521637123804 0.479133100874 0.999999911281 0.438891 0 0
434 17 12 1.10052074261 5.61073069786 1.3640232277e-09 0.521627824109 0.479131613548 0.999999906545 0.442699 0 0
434.1 17 12 1.10055019895 5.61084825241 1.34317557077e-09 0.521618383788 0.479130180501 0.999999912903 0.440357 0 0
434.2 17 12 1.10057485767 5.61103166713 1.44162137783e-09 0.521608757246 0.479128830398 0.999999921909 0.438391 0 0
434.3 17 12 1.10060194326 5.61110098168 1.28944810385e-09 0.521598966159 0.47912751159 0.99999991238 0.440825 0 0
434.4 17 12 1.10062842022 5.6111433222 1.21419896359e-09 0.52158897936 0.47912621503 0.999999919731 0.439041 0 0
434.5 17 12 1.10065466696 5.6113085979 1.15013987223e-09 0.521578839442 0.479124926092 0.999999925592 0.438307 0 0
434.6 17 12 1.10066372604 5.61142776302 1.19222776096e-09 0.521568513759 0.479123653019 0.999999897813 0.512195 0 0
434.7 17 12 1.10068104875 5.61176511865 1.24469812235e-09 0.521558001791 0.479122411814 0.999999909344 0.438549 0 0
434.8 17 12 1.10069092364 5.61178065781 1.46687273439e-09 0.521547313392 0.479121150901 0.999999901274 0.439816 0 0
434.9 17 12 1.10070693796 5.6117600254 1.33011601733e-09 0.521536433758 0.479119937362 0.999999904983 0.438869 0 0
435 17 12 1.10072758722 5.61180483404 1.27681509809e-09 0.521525361472 0.479118736799 0.999999907336 0.51053 0 0
435.1 17 12 1.1007462718 5.61187484756 1.19759879791e-09 0.5215141026 0.479117578648 0.999999919395 0.509769 0 0
435.2 17 12 1.10076793732 5.61196197301 1.22718901707e-09 0.521502672665 0.479116452136 0.999999907154 0.439631 0 0
435.3 17 12 1.10078206983 5.61212863673 1.25276111707e-09 0.52149109604 0.479115318299 0.99999991548 0.44189 0 0
435.4 17 12 1.10079756112 5.61241591144 1.45654688311e-09 0.521479352964 0.479114173212 0.999999908484 0.510455 0 0
435.5 17 12 1.10080670917 5.61239440383 1.1856440274e-09 0.521467443875 0.479113032977 0.999999908345 0.438007 0 0
435.6 17 12 1.10081708408 5.61243023034 1.15867293538e-09 0.521455384952 0.479111890022 0.999999911465 0.511833 0 0
435.7 17 12 1.10083200427 5.61266785824 1.2618934786e-09 0.521443192223 0.47911079313 0.999999930508 0.356362 0 0
435.8 17 12 1.10083830019 5.61271673468 1.14438913901e-09 0.521430856927 0.479109704204 0.999999897515 0.509643 0 0
435.9 17 12 1.10085091083 5.61281195673 1.16940379602e-09 0.521418399115 0.479108652026 0.999999913171 0.512221 0 0
436 17 12 1.1008604163 5.613200388 1.14479936641e-09 0.521405823762 0.479107593952 0.999999915076 0.438688 0 0
436.1 17 12 1.10086675411 5.6132387431 1.22601906405e-09 0.521393118402 0.479106535729 0.999999901863 0.509167 0 0
436.2 17 12 1.10087758355 5.61334728934 1.45335277146e-09 0.521380328728 0.479105481971 0.999999912922 0.354453 0 0
436.3 17 12 1.10088531082 5.6136216867 1.5184441482e-09 0.521367404938 0.479104426036 0.999999916607 0.443229 0 0
436.4 17 12 1.10089301778 5.6136487555 1.27803956307e-09 0.521354380121 0.479103332961 0.999999900088 0.440773 0 0
436.5 17 12 1.10090068163 5.61382399053 1.35786626387e-09 0.52134126698 0.479102186615 0.999999919226 0.438755 0 0
436.6 17 12 1.10089892883 5.6143718808 1.24850974004e-09 0.521328035204 0.479100988172 0.999999913276 0.441457 0 0
436.7 17 12 1.10090104744 5.61435353113 1.28755428541e-09 0.521314711335 0.479099755797 0.999999914557 0.442082 0 0
436.8 17 12 1.10090167645 5.61456494499 1.345217715e-09 0.521301286014 0.479098482331 0.999999914399 0.440684 0 0
436.9 17 12 1.10090543826 5.61468698622 1.31165101003e-09 0.521287729733 0.479097143045 0.999999919312 0.443453 0 0
437 17 12 1.10091069432 5.61477160897 1.4098290313e-09 0.521274075319 0.479095757586 0.99999991406 0.437353 0 0
437.1 17 12 1.10090799397 5.6151816561 1.26788202159e-09 0.52126028623 0.479094338702 0.999999909398 0.357564 0 0
437.2 17 12 1.10091246975 5.61521636446 1.37636901876e-09 0.521246361078 0.479092865741 0.999999933282 0.512883 0 0
437.3 17 12 1.10090992497 5.61548511472 1.37750943985e-09 0.521232319915 0.47909134975 0.999999916909 0.43768 0 0
437.4 17 12 1.10091171562 5.61566963877 1.41125389153e-09 0.521218137096 0.47908979952 0.999999926381 0.436906 0 0
437.5 17 12 1.10090093004 5.6157668669 1.52908152806e-09 0.521203799463 0.479088238043 0.999999891499 0.436783 0 0
437.6 17 12 1.10089934744 5.61617382535 1.30561605971e-09 0.521189321928 0.479086640943 0.999999912314 0.436851 0 0
437.7 17 12 1.10089596514 5.61624728794 1.30463728709e-09 0.521174699016 0.479085007779 0.999999902396 0.439123 0 0
437.8 17 12 1.1008974668 5.61657257041 1.18363474577e-09 0.521159911713 0.479083327782 0.999999940109 0.438586 0 0
437.9 17 12 1.10089357774 5.61684076978 1.21040188983e-09 0.521144966833 0.479081620481 0.999999918677 0.437338 0 0
438 17 12 1.10089383992 5.6172003549 1.32584487833e-09 0.521129845593 0.479079859393 0.999999911364 0.511544 0 0
438.1 17 12 1.10089378961 5.61720629881 1.33339117525e-09 0.52111455621 0.479078058696 0.999999919796 0.509048 0 0
438.2 17 12 1.10089476441 5.61763780757 1.21079413162e-09 0.521099109574 0.479076222627 0.99999992267 0.438558 0 0
438.3 17 12 1.100888239 5.61823406326 1.33556821158e-09 0.521083512035 0.479074341882 0.999999908208 0.356087 0 0
438.4 17 12 1.10088516735 5.61802479198 1.27413524176e-09 0.521067739688 0.479072416742 0.99999990994 0.354785 0 0
438.5 17 12 1.1008825216 5.6186119401 1.33974098482e-09 0.521051791173 0.479070498209 0.999999915824 0.442687 0 0
438.6 17 12 1.10087460582 5.61843980572 1.22629406629e-09 0.521035660447 0.479068568332 0.999999907551 0.441663 0 0
438.7 17 12 1.10086288409 5.61862962189 1.2255025883e-09 0.52101934047 0.479066591641 0.999999906536 0.437916 0 0
438.8 17 12 1.10086104003 5.61887319023 1.26881150031e-09 0.521002835066 0.479064585625 0.999999914392 0.518077 0 0
438.9 17 12 1.10086014359 5.61928255148 1.45928402695e-09 0.520986122346 0.479062563429 0.999999942879 0.355094 0 0
439 17 12 1.10085967767 5.61954221248 1.52548529364e-09 0.520969221125 0.47906050566 0.999999917149 0.437768 0 0
439.1 17 12 1.10085707627 5.61958334713 1.53986146056e-09 0.520952108269 0.479058457705 0.999999902453 0.354673 0 0
439.2 17 12 1.10085524034 5.62002959179 1.5588876856e-09 0.520934808679 0.479056387538 0.999999880968 0.437362 0 0
439.3 17 12 1.10085304119 5.62002608818 1.5038167378e-09 0.520917274935 0.479054410051 0.999999921606 0.355171 0 0
439.4 17 12 1.10085018897 5.62011129932 1.56124169148e-09 0.520899514425 0.479052491438 0.999999905577 0.355837 0 0
439.5 17 12 1.10084767395 5.62024192495 1.42729517094e-09 0.520881545949 0.479050613936 0.999999926683 0.509826 0 0
439.6 17 12 1.10084274874 5.62040990883 1.43815181985e-09 0.520863367678 0.479048821583 0.999999921809 0.438237 0 0
439.7 17 12 1.1008364581 5.62076484055 1.48640466602e-09 0.520844989444 0.479047098289 0.999999910585 0.438481 0 0
439.8 17 12 1.10082477929 5.62092707094 1.26727339733e-09 0.520826424022 0.479045447332 0.999999903273 0.356794 0 0
439.9 17 12 1.10081208153 5.62095784934 1.37026157088e-09 0.520807674321 0.479043864466 0.99999992029 0.509872 0 0
440 17 12 1.10080620875 5.62111649342 1.3998122661e-09 0.520788757728 0.479042376171 0.999999912482 0.354975 0 0
440.1 17 12 1.10080068532 5.62130519721 1.32335353786e-09 0.520769679915 0.479041006979 0.999999918465 0.51121 0 0
440.2 17 12 1.10078527173 5.62131835901 1.35342204111e-09 0.520750446157 0.479039738123 0.999999900396 0.439214 0 0
440.3 17 12 1.10077814945 5.62168436418 1.36370270631e-09 0.520731051417 0.4790386095 0.99999990555 0.439848 0 0
440.4 17 12 1.10076774716 5.62169736054 1.50442436286e-09 0.520711490931 0.479037610272 0.999999901432 0.440302 0 0
440.5 17 12 1.10075815013 5.62189242554 1.29521848802e-09 0.520691801754 0.479036725353 0.99999991669 0.511554 0 0
440.6 17 12 1.10074367581 5.62177259607 1.43420342269e-09 0.520671980597 0.479035953585 0.999999899617 0.439291 0 0
440.7 17 12 1.10073097828 5.6219989747 1.47945478091e-09 0.520652032932 0.479035300468 0.999999885422 0.439761 0 0
440.8 17 12 1.1007175294 5.62195376334 1.28452615211e-09 0.520631955792 0.479034753226 0.999999899816 0.510549 0 0
440.9 17 12 1.10070802311 5.62210001842 1.27511368131e-09 0.520611770265 0.47903437641 0.999999917207 0.438364 0 0
441 17 12 1.10069670727 5.62200788718 1.29778587876e-09 0.520591473903 0.479034144793 0.999999917759 0.355124 0 0
441.1 17 12 1.10068536256 5.62212342766 1.28006938382e-09 0.52057105634 0.47903404464 0.99999991315 0.512373 0 0
441.2 17 12 1.10067241362 5.62379242647 1.25219290492e-09 0.520550524929 0.479034081869 0.999999899849 0.355794 0 0
441.3 17 12 1.10066120137 5.62383343921 1.37534139633e-09 0.520529892479 0.479034232582 0.999999918317 0.437885 0 0
441.4 17 12 1.1006409636 5.6237327482 1.40026301665e-09 0.5205091921 0.479034520909 0.999999906946 0.509997 0 0
441.5 17 12 1.10063409366 5.62383307707 1.68771585596e-09 0.520488417133 0.479034931871 0.999999919636 0.513084 0 0
441.6 17 12 1.10062552024 5.6238429612 1.69894431856e-09 0.520467583531 0.479035475455 0.999999917695 0.441441 0 0
441.7 17 12 1.10061740735 5.62468114771 1.61749158512e-09 0.520446699667 0.479036144449 0.999999909595 0.512304 0 0
441.8 17 12 1.10060921016 5.62423413051 1.57875124085e-09 0.520425785886 0.479037002419 0.999999895112 0.356314 0 0
441.9 17 12 1.10060022105 5.62405650189 1.59449087267e-09 0.520404837726 0.47903799653 0.999999902889 0.441217 0 0
442 17 12 1.10059279993 5.62411572918 1.55604351626e-09 0.520383854075 0.479039173943 0.999999919512 0.43986 0 0
442.1 17 12 1.10058602355 5.62414461039 1.59848168035e-09 0.520362863071 0.47904052679 0.99999992406 0.439976 0 0
442.2 17 12 1.10057152703 5.6241271322 1.58493851377e-09 0.520341855468 0.479042095977 0.999999909605 0.359089 0 0
442.3 17 12 1.10056014954 5.62429611736 1.4467177456e-09 0.52032085649 0.479043809516 0.999999907649 0.438272 0 0
442.4 17 12 1.10055168088 5.62430373574 1.59981883296e-09 0.520299862839 0.479045703573 0.999999921031 0.355888 0 0
442.5 17 12 1.10053986627 5.62413215421 1.50659518194e-09 0.520278890255 0.479047697662 0.999999905642 0.438031 0 0
442.6 17 12 1.10052993583 5.62442789164 1.37799227584e-09 0.520257953747 0.479049811316 0.999999916575 0.438142 0 0
442.7 17 12 1.10052289132 5.62472448603 1.3691958678e-09 0.520237033036 0.479052053712 0.999999887529 0.354991 0 0
442.8 17 12 1.10051457734 5.62395383095 1.40951028627e-09 0.520216161471 0.47905442508 0.999999897384 0.439066 0 0
442.9 17 12 1.10050775629 5.62394088576 1.34931843476e-09 0.520195321992 0.479056924869 0.999999918874 0.510511 0 0
443 17 12 1.10050308687 5.62404535127 1.31047084295e-09 0.520174525676 0.479059516701 0.999999891691 0.439811 0 0
443.1 17 12 1.10049802658 5.62394692152 1.30268895671e-09 0.520153768865 0.479062215204 0.99999990418 0.439104 0 0
443.2 17 12 1.10048540586 5.62332716148 1.32436583922e-09 0.520133066103 0.479064983776 0.999999898912 0.437986 0 0
443.3 17 12 1.100478858 5.62337741045 1.28050625658e-09 0.520112417336 0.479067841939 0.999999929956 0.356748 0 0
443.4 17 12 1.10047761752 5.623839135 1.39038980329e-09 0.520091831138 0.479070789858 0.999999920191 0.439864 0 0
443.5 17 12 1.10047521049 5.62386444018 1.425403795e-09 0.520071285428 0.479073829919 0.999999927695 0.354962 0 0
443.6 17 12 1.10047231675 5.62376968735 1.47322665178e-09 0.520050801537 0.479076907918 0.999999896198 0.3556 0 0
443.7 17 12 1.10047299004 5.62387276023 1.35250532995e-09 0.520030373352 0.479080026452 0.999999910269 0.438579 0 0
443.8 17 12 1.10046619444 5.62365906647 1.35342170804e-09 0.520009980813 0.479083214792 0.99999989636 0.357194 0 0
443.9 17 12 1.10045966086 5.62377198329 1.37640621123e-09 0.519989662578 0.479086444086 0.999999887623 0.437345 0 0
444 17 12 1.10045736017 5.62355124981 1.34603506119e-09 0.519969347271 0.479089676069 0.999999928163 0.439202 0 0
444.1 17 12 1.10045560404 5.62381308707 1.36686151286e-09 0.519949031392 0.479092915561 0.999999905984 0.438714 0 0
444.2 17 12 1.10045405175 5.62340658295 1.65998192969e-09 0.519928729011 0.47909614957 0.999999899865 0.509717 0 0
444.3 17 12 1.10045746302 5.6233347363 1.38633438063e-09 0.519908439607 0.479099408481 0.999999908536 0.438214 0 0
444.4 17 12 1.10046087256 5.62330127492 1.43374745409e-09 0.519888183687 0.47910264928 0.999999907448 0.441836 0 0
444.5 17 12 1.10046836456 5.62336094573 1.51769163903e-09 0.519867929898 0.479105896712 0.999999913812 0.437977 0 0
444.6 17 12 1.10046786264 5.62331167239 1.33313138306e-09 0.519847714102 0.479109117254 0.999999909209 0.356533 0 0
444.7 17 12 1.1004763557 5.6233835102 1.33159827609e-09 0.519827526105 0.479112282176 0.999999925586 0.357124 0 0
444.8 17 12 1.100486123 5.6233452432 1.34595257162e-09 0.519807352368 0.479115409342 0.999999907887 0.439557 0 0
444.9 17 12 1.10049686512 5.62332536977 1.32411026588e-09 0.519787209627 0.479118489105 0.999999912898 0.440068 0 0
445 17 12 1.10050683371 5.62333039232 1.37690758795e-09 0.519767079997 0.479121514926 0.999999904855 0.439841 0 0
445.1 17 12 1.10051811337 5.62341147518 1.44628731213e-09 0.519746901905 0.47912450474 0.999999925505 0.510547 0 0
445.2 17 12 1.10053322377 5.62345634309 1.414029005e-09 0.519726671818 0.479127443071 0.999999919066 0.438203 0 0
445.3 17 12 1.10054772641 5.62378363531 1.3826385592e-09 0.519706415145 0.479130339321 0.99999991602 0.438544 0 0
445.4 17 12 1.10056205838 5.62356876962 1.39682232447e-09 0.519686125828 0.479133190556 0.999999923709 0.355791 0 0
445.5 17 12 1.10057896404 5.62361156587 1.37072431183e-09 0.51966581865 0.4791359843 0.999999924889 0.438691 0 0
445.6 17 12 1.10058947531 5.62383035135 1.36813116391e-09 0.519645502131 0.479138740022 0.999999907839 0.355496 0 0
445.7 17 12 1.10060376111 5.62375775662 1.1782710363e-09 0.519625179192 0.479141449584 0.999999919353 0.439208 0 0
445.8 17 12 1.10061603292 5.62375106231 1.20916532342e-09 0.519604866143 0.479144105882 0.999999893363 0.446685 0 0
445.9 17 12 1.10063340488 5.62382128007 1.36926081584e-09 0.519584554944 0.479146713325 0.999999913608 0.512341 0 0
446 17 12 1.10065579179 5.62392339935 1.34651367834e-09 0.519564241853 0.479149277961 0.999999919085 0.437759 0 0
446.1 17 12 1.10067691666 5.62414943995 1.3577932112e-09 0.519543937082 0.47915183214 0.9999998943 0.357401 0 0
446.2 17 12 1.10069636678 5.62401130776 1.34171496136e-09 0.519523658277 0.479154375533 0.999999904185 0.357802 0 0
446.3 17 12 1.10071807712 5.62425774752 1.36424860298e-09 0.51950338749 0.47915689856 0.999999907191 0.437985 0 0
446.4 17 12 1.10074104325 5.62423128837 1.52319068469e-09 0.519483121589 0.479159373531 0.999999924293 0.511067 0 0
446.5 17 12 1.10076551145 5.62427651229 1.46879186591e-09 0.51946286791 0.479161815644 0.9999998994 0.356111 0 0
446.6 17 12 1.1007887747 5.62428940565 1.50957135681e-09 0.519442646546 0.479164231353 0.999999889188 0.510916 0 0
446.7 17 12 1.10080827371 5.62437268938 1.51744417032e-09 0.51942243985 0.479166636133 0.999999901002 0.439249 0 0
446.8 17 12 1.10083373016 5.62445911346 1.71646252767e-09 0.519402240404 0.479169027791 0.999999898629 0.440276 0 0
446.9 17 12 1.10085727822 5.62490898413 1.86131865476e-09 0.519382047434 0.479171434633 0.99999990554 0.439533 0 0
447 17 12 1.10088550058 5.6246360277 1.38929756588e-09 0.519361888128 0.479173838167 0.999999901841 0.438526 0 0
447.1 17 12 1.1009130943 5.62301290171 1.27089749835e-09 0.519341699289 0.479176242455 0.999999914283 0.437824 0 0
447.2 17 12 1.10093534196 5.62312266023 1.34244304562e-09 0.519321518185 0.479178653579 0.999999910899 0.440238 0 0
447.3 17 12 1.10096328636 5.62354102383 1.27941746086e-09 0.519301352269 0.479181104617 0.99999988348 0.356331 0 0
447.4 17 12 1.10098749585 5.62364527464 1.22618593057e-09 0.519281184926 0.479183554204 0.99999989484 0.43898 0 0
447.5 17 12 1.10101925128 5.62355289166 1.25341681478e-09 0.519261027163 0.479186007662 0.999999934535 0.440877 0 0
447.6 17 12 1.10104474749 5.62358166474 1.24321963835e-09 0.519240880999 0.479188508219 0.999999884033 0.355729 0 0
447.7 17 12 1.10107393152 5.62383463888 1.21280541165e-09 0.519220736309 0.479191052972 0.999999907308 0.510637 0 0
447.8 17 12 1.10110539126 5.62387784787 1.23061139057e-09 0.519200599546 0.479193675467 0.999999917004 0.516446 0 0
447.9 17 12 1.10113608828 5.62411788892 1.1329929217e-09 0.5191804465 0.479196394729 0.999999917899 0.514305 0 0
448 17 12 1.10116496219 5.62436082435 1.11945896997e-09 0.519160285477 0.479199221996 0.999999897465 0.355494 0 0
448.1 17 12 1.10119538995 5.62434590367 1.09343911703e-09 0.519140131031 0.479202160568 0.999999930435 0.437895 0 0
448.2 17 12 1.10121833875 5.62461892148 1.576531794e-09 0.519119971713 0.479205227086 0.999999907879 0.357781 0 0
448.3 17 12 1.10124401788 5.62464935952 1.31360977651e-09 0.519099833797 0.479208426076 0.999999887204 0.35671 0 0
448.4 17 12 1.10127104442 5.62474348974 1.30169774959e-09 0.519079681058 0.479211773079 0.999999910265 0.509615 0 0
448.5 17 12 1.10130317783 5.62502526003 1.31970490092e-09 0.519059531959 0.479215268878 0.999999932793 0.439415 0 0
448.6 17 12 1.10133461081 5.6252404671 1.33652877654e-09 0.519039376306 0.479218934891 0.999999926951 0.357696 0 0
448.7 17 12 1.10136017494 5.6253555806 1.35957789471e-09 0.519019240892 0.479222771089 0.999999900312 0.436796 0 0
448.8 17 12 1.10138563197 5.62602830816 1.37739974981e-09 0.518999138387 0.479226803422 0.999999907147 0.510755 0 0
448.9 17 12 1.10141355351 5.62565480891 1.33550404069e-09 0.518979067512 0.479231063389 0.999999890949 0.439801 0 0
449 17 12 1.10144048649 5.62580172022 1.35770128473e-09 0.518959068204 0.479235509079 0.999999923029 0.512616 0 0
449.1 17 12 1.10146524382 5.62602546339 1.41075873206e-09 0.518939116448 0.479240142798 0.999999917063 0.441029 0 0
449.2 17 12 1.10148979621 5.62627557267 1.397740923e-09 0.5189191851 0.479244992282 0.999999909659 0.354955 0 0
449.3 17 12 1.10150745291 5.62652711089 1.52487267258e-09 0.518899269463 0.47925006972 0.99999989254 0.35902 0 0
449.4 17 12 1.10152973939 5.62638369424 1.52358059502e-09 0.518879366093 0.47925531245 0.999999908689 0.510722 0 0
449.5 17 12 1.10154792407 5.62620321998 1.5597911851e-09 0.518859481007 0.479260740828 0.999999878915 0.440046 0 0
449.6 17 12 1.10156856423 5.62657886139 1.66518088207e-09 0.518839611968 0.479266364926 0.999999896682 0.438975 0 0
449.7 17 12 1.10157366332 5.62694306708 1.59343371831e-09 0.518819736876 0.479272206149 0.999999885939 0.438565 0 0
449.8 17 12 1.10159334548 5.62678404171 1.58302049247e-09 0.51879985417 0.479278222675 0.999999894106 0.438769 0 0
449.9 17 12 1.10161097397 5.62668413749 1.64607261155e-09 0.518779985291 0.479284436078 0.999999906689 0.438666 0 0
450 17 12 1.10162704913 5.62688299289 1.54676982334e-09 0.518760120164 0.479290828718 0.999999887688 0.508411 0 0
450.1 17 12 1.10164272378 5.62677210559 1.55916868305e-09 0.518740259167 0.479297438206 0.99999990858 0.509608 0 0
450.2 17 12 1.1016540645 5.62736147777 1.58532165173e-09 0.518720385054 0.479304197975 0.999999897568 0.509372 0 0
450.3 17 12 1.10166869134 5.62726801712 1.70762970431e-09 0.518700492421 0.479311110778 0.999999901174 0.439425 0 0
450.4 17 12 1.10168445307 5.62735025668 1.74069214598e-09 0.518680583071 0.4793181674 0.999999908292 0.437833 0 0
450.5 17 12 1.10169789667 5.62752374153 1.61498692197e-09 0.518660655016 0.479325393992 0.999999912845 0.355074 0 0
450.6 17 12 1.1017046243 5.62726705967 1.55476109764e-09 0.518640688353 0.479332744709 0.999999904975 0.355427 0 0
450.7 17 12 1.10172013882 5.62726982564 1.34566846555e-09 0.518620692232 0.479340221946 0.999999922841 0.509021 0 0
450.8 17 12 1.10172887453 5.62734333959 1.3564307455e-09 0.518600620284 0.479347843319 0.999999915568 0.355307 0 0
450.9 17 12 1.101733939 5.62736718622 1.27179455855e-09 0.518580469491 0.479355570807 0.999999910505 0.438129 0 0
451 17 12 1.10173558191 5.62766345446 1.30333266402e-09 0.518560246553 0.47936339707 0.999999887624 0.35471 0 0
451.1 17 12 1.10174678913 5.62739390358 1.27874055789e-09 0.518539967839 0.479371316177 0.999999922394 0.438395 0 0
451.2 17 12 1.10175570562 5.62742030254 1.26560639746e-09 0.518519620084 0.479379363822 0.99999988363 0.511571 0 0
451.3 17 12 1.10176257449 5.62723078245 1.25511101512e-09 0.518499202791 0.479387507094 0.999999899824 0.43863 0 0
451.4 17 12 1.10176246173 5.62730335209 1.19682741495e-09 0.518478722939 0.479395749241 0.999999906832 0.355303 0 0
451.5 17 12 1.10176868354 5.62737456545 1.18654430725e-09 0.518458180306 0.479404042818 0.999999904045 0.357972 0 0
451.6 17 12 1.10177122587 5.62709154853 1.25709886944e-09 0.518437583945 0.479412404622 0.999999890285 0.439761 0 0
451.7 17 12 1.10177849046 5.62709969239 1.16695642038e-09 0.518416971467 0.479420833812 0.999999925612 0.438202 0 0
451.8 17 12 1.10178338648 5.62719885599 1.21128895803e-09 0.518396333021 0.479429289635 0.999999930063 0.510199 0 0
451.9 17 12 1.10179066658 5.62711291709 1.29391108938e-09 0.518375683245 0.479437782909 0.999999934856 0.437865 0 0
452 17 12 1.10179515055 5.62697668135 1.28139432398e-09 0.518355006946 0.479446302558 0.999999912678 0.354211 0 0
452.1 17 12 1.10179536484 5.62681880811 1.35857025629e-09 0.518334309283 0.479454845917 0.999999892739 0.438725 0 0
452.2 17 12 1.10179889739 5.62665724614 1.56416035679e-09 0.518313610754 0.479463391627 0.99999990714 0.515106 0 0
452.3 17 12 1.10180193898 5.62656232411 1.42010248005e-09 0.518292915693 0.479471938175 0.999999916611 0.512314 0 0
452.4 17 12 1.10180124254 5.62644073597 1.31634558809e-09 0.518272205397 0.479480479784 0.99999990641 0.437831 0 0
452.5 17 12 1.1018041291 5.62627950445 1.38067346445e-09 0.518251523698 0.479488997502 0.999999914607 0.510495 0 0
452.6 17 12 1.10180018244 5.62596377936 1.47288170549e-09 0.518230867666 0.479497515341 0.999999899359 0.440592 0 0
452.7 17 12 1.10180220977 5.62592000106 1.38682598738e-09 0.518210237973 0.479506020788 0.999999926741 0.443797 0 0
452.8 17 12 1.1018040434 5.6256468824 1.34602406998e-09 0.518189638908 0.47951453174 0.999999913495 0.354819 0 0
452.9 17 12 1.10179641932 5.62562780122 1.31060973185e-09 0.518169068019 0.479523028483 0.999999882658 0.437902 0 0
453 17 12 1.1017896404 5.62516172858 1.34563271637e-09 0.518148516702 0.479531479104 0.999999920111 0.510197 0 0
453.1 17 12 1.10178511779 5.62493329432 1.38404554484e-09 0.518127999589 0.479539905686 0.9999999126 0.509839 0 0
453.2 17 12 1.10178114273 5.6264735529 1.24738186447e-09 0.51810752126 0.479548276436 0.999999897514 0.510102 0 0
453.3 17 12 1.10177887899 5.62593650582 1.16981346832e-09 0.518087087982 0.479556614925 0.999999923496 0.444556 0 0
453.4 17 12 1.10177160807 5.62596762043 1.22090226817e-09 0.518066736125 0.479564908292 0.999999905201 0.443086 0 0
453.5 17 12 1.10176303781 5.6263019783 1.27759702817e-09 0.518046458251 0.47957315899 0.999999892895 0.438539 0 0
453.6 17 12 1.10175765856 5.62556209028 1.37099731568e-09 0.518026262695 0.479581336279 0.999999912052 0.515495 0 0
453.7 17 12 1.10175321996 5.6246129382 1.21690968413e-09 0.518006164111 0.479589431946 0.999999915436 0.362873 0 0
453.8 17 12 1.10174916224 5.62441366397 1.19616461181e-09 0.51798618429 0.479597428399 0.99999993074 0.446685 0 0
453.9 17 12 1.10174378276 5.62460941347 1.19376852847e-09 0.517966337692 0.479605325503 0.999999928475 0.44442 0 0
454 17 12 1.1017383102 5.62414256382 1.18008858241e-09 0.517946617865 0.479613095416 0.999999906703 0.444303 0 0
454.1 17 12 1.10173471946 5.62392062008 1.34176836308e-09 0.517927032402 0.479620734768 0.99999991476 0.513822 0 0
454.2 17 12 1.10172741764 5.62316511761 1.24734611529e-09 0.517907623266 0.479628291166 0.999999894413 0.44213 0 0
454.3 17 12 1.10172226288 5.62296976319 1.21910714856e-09 0.517888390752 0.479635676185 0.999999933105 0.51806 0 0
454.4 17 12 1.10171279413 5.62289170831 1.29668387139e-09 0.517869329253 0.479642898893 0.999999909261 0.444319 0 0
454.5 17 12 1.10170724959 5.6229076924 1.2935243987e-09 0.517850449705 0.47964994967 0.999999940097 0.518193 0 0
454.6 17 12 1.10170298444 5.62258204395 1.24743704255e-09 0.517831739505 0.479656863395 0.999999912767 0.36092 0 0
454.7 17 12 1.1016956677 5.62267068908 1.25088950309e-09 0.517813189364 0.479663630946 0.999999927492 0.443667 0 0
454.8 17 12 1.10169122424 5.62210406166 1.20758902877e-09 0.517794823553 0.479670217407 0.999999915125 0.357019 0 0
454.9 17 12 1.10168648198 5.6213722543 1.17192444637e-09 0.517776635506 0.479676627098 0.999999919667 0.442311 0 0
455 17 12 1.10168250773 5.62116524988 1.1564040836e-09 0.517758631996 0.479682869725 0.999999925153 0.522079 0 0
455.1 17 12 1.10167738401 5.62133822351 1.20439858087e-09 0.517740807267 0.479688932908 0.999999919493 0.447963 0 0
455.2 17 12 1.10167117193 5.62119131159 1.17261089727e-09 0.517723146172 0.479694813276 0.999999930902 0.449627 0 0
455.3 17 12 1.1016664782 5.62116732512 1.17434095781e-09 0.517705648541 0.479700505091 0.999999909532 0.449723 0 0
455.4 17 12 1.10166381989 5.62092299569 1.32999267155e-09 0.517688292947 0.479706000233 0.999999919729 0.524401 0 0
455.5 17 12 1.10165546294 5.62042026176 1.29107879943e-09 0.517671081973 0.479711308073 0.999999892145 0.35651 0 0
455.6 17 12 1.10165287071 5.61960858735 1.18472354149e-09 0.517654005078 0.479716406035 0.999999918849 0.444409 0 0
455.7 17 12 1.10163747197 5.61930012277 1.19770759976e-09 0.517637087827 0.479721319646 0.999999903855 0.446107 0 0
455.8 17 12 1.10163356321 5.61903270103 1.24605792351e-09 0.517620283913 0.47972607063 0.999999917091 0.521035 0 0
455.9 17 12 1.10162340232 5.61920701942 1.23817300857e-09 0.517603598697 0.479730664211 0.999999911063 0.446185 0 0
456 17 12 1.10161760107 5.61906611906 1.30720756442e-09 0.517586995846 0.479735084136 0.999999931057 0.362621 0 0
456.1 17 12 1.10161541447 5.61888572778 1.30588406755e-09 0.517570475003 0.479739352603 0.999999917104 0.440013 0 0
456.2 17 12 1.1016143716 5.61878267107 1.31667143854e-09 0.517554004958 0.479743471805 0.999999913618 0.445138 0 0
456.3 17 12 1.10161322416 5.61839418887 1.25826382646e-09 0.517537627509 0.47974746334 0.999999918428 0.449487 0 0
456.4 17 12 1.10160598159 5.61780121926 1.14653897487e-09 0.517521304687 0.479751311925 0.999999921186 0.447492 0 0
456.5 17 12 1.10160452343 5.61807005189 1.18286702655e-09 0.5175050308 0.479755053082 0.999999910307 0.522947 0 0
456.6 17 12 1.10160340588 5.61825740652 1.14749187929e-09 0.517488800263 0.479758695294 0.999999925013 0.363726 0 0
456.7 17 12 1.10160101941 5.61763404101 1.16500231684e-09 0.517472595409 0.479762209076 0.999999884665 0.365043 0 0
456.8 17 12 1.10160040938 5.61708806647 1.18977694363e-09 0.517456420912 0.479765668801 0.999999918317 0.515556 0 0
456.9 17 12 1.10159524718 5.61704684541 1.21916421403e-09 0.517440262068 0.4797690629 0.999999892748 0.4423 0 0
457 17 12 1.10159500579 5.61715269722 1.33791511203e-09 0.517424104542 0.479772376162 0.99999991047 0.445619 0 0
457.1 17 12 1.10158868456 5.61678685032 1.42700007366e-09 0.517407939575 0.47977562558 0.999999890094 0.36582 0 0
457.2 17 12 1.10159067052 5.61629618685 1.25030497067e-09 0.517391768956 0.479778786268 0.999999917823 0.51964 0 0
457.3 17 12 1.10159131215 5.61615932164 1.38616829126e-09 0.517375559965 0.479781919013 0.999999911871 0.522906 0 0
457.4 17 12 1.10158905459 5.61604398317 1.61643309848e-09 0.5173593058 0.479785007537 0.999999916359 0.515167 0 0
457.5 17 12 1.1015895969 5.61590760967 1.57158519531e-09 0.517343021124 0.479788028614 0.999999917131 0.510064 0 0
457.6 17 12 1.10159133543 5.61649310738 1.4297436568e-09 0.517326689583 0.479791033579 0.999999920578 0.519258 0 0
457.7 17 12 1.10159379109 5.61618254369 1.42687195392e-09 0.517310329527 0.479794012265 0.999999912169 0.361037 0 0
457.8 17 12 1.10159451526 5.61625614067 1.43404066399e-09 0.517293894367 0.479796989598 0.999999917505 0.447601 0 0
457.9 17 12 1.10159611055 5.61603796114 1.4330137077e-09 0.517277416155 0.479799942407 0.999999914285 0.364931 0 0
458 17 12 1.10159617694 5.61579615954 1.40227718326e-09 0.517260887114 0.479802902797 0.99999988352 0.366195 0 0
458.1 17 12 1.10159756018 5.61566863237 1.5541311571e-09 0.517244274796 0.479805848743 0.999999904821 0.516602 0 0
458.2 17 12 1.10158996519 5.61514815436 1.64771041256e-09 0.517227605534 0.479808816394 0.999999901769 0.439825 0 0
458.3 17 12 1.10159265447 5.61568893293 1.42436551442e-09 0.517210860202 0.479811780868 0.999999929163 0.521738 0 0
458.4 17 12 1.10159457159 5.6154470619 1.26438437498e-09 0.517194052702 0.479814772926 0.999999904126 0.446066 0 0
458.5 17 12 1.1015955259 5.61522994132 1.20922472036e-09 0.517177185141 0.479817805827 0.999999889122 0.363724 0 0
458.6 17 12 1.10159780259 5.61510282572 1.10184961155e-09 0.517160251774 0.479820877648 0.999999927453 0.447062 0 0
458.7 17 12 1.10159629492 5.61552655543 1.1380356657e-09 0.517143281434 0.479823999807 0.999999909561 0.519924 0 0
458.8 17 12 1.10159463998 5.61526960131 1.27263244387e-09 0.517126265851 0.479827168133 0.999999892762 0.354208 0 0
458.9 17 12 1.10159462163 5.61464572771 1.27405963557e-09 0.517109208664 0.479830372264 0.999999915659 0.442845 0 0
459 17 12 1.10158916346 5.6146858005 1.30837096712e-09 0.517092125393 0.479833656784 0.999999893493 0.448327 0 0
459.1 17 12 1.10158716108 5.61436799147 1.5235133155e-09 0.517075021635 0.479836983243 0.999999899538 0.518978 0 0
459.2 17 12 1.10158513944 5.61440049982 1.42858236352e-09 0.517057879204 0.479840381909 0.999999902124 0.446847 0 0
459.3 17 12 1.10158527595 5.61440181665 1.46795386957e-09 0.517040709146 0.479843829487 0.999999894728 0.447513 0 0
459.4 17 12 1.10158675507 5.61459275886 1.38082978385e-09 0.517023535584 0.479847343806 0.999999911954 0.517416 0 0
459.5 17 12 1.10158608901 5.61415502428 1.4379419877e-09 0.517006392684 0.479850936454 0.999999913309 0.439601 0 0
459.6 17 12 1.10158641233 5.61415851875 1.4551764238e-09 0.516989253674 0.479854605027 0.999999922212 0.443154 0 0
459.7 17 12 1.10158310844 5.61409738233 1.50980117297e-09 0.51697214217 0.4798583417 0.999999891372 0.444446 0 0
459.8 17 12 1.10158231375 5.61440015958 1.7376959871e-09 0.516955092847 0.479862155028 0.999999927448 0.516712 0 0
459.9 17 12 1.10158040517 5.61394365269 1.63229030292e-09 0.516938092527 0.479866028333 0.999999891994 0.447603 0 0
460 17 12 1.10157792222 5.61402200344 1.54906198979e-09 0.516921141854 0.479869974323 0.999999899252 0.445074 0 0
460.1 17 12 1.10157864303 5.61371745042 1.47189060939e-09 0.516904280418 0.479873989309 0.999999892597 0.438144 0 0
460.2 17 12 1.10157486502 5.61362320799 1.34197097879e-09 0.516887504394 0.479878093115 0.999999894771 0.439502 0 0
460.3 17 12 1.1015735642 5.61353910869 1.38743760925e-09 0.516870833591 0.479882249754 0.999999914264 0.519783 0 0
460.4 17 12 1.10157069549 5.61347046868 1.36521727256e-09 0.51685423583 0.479886495436 0.999999908643 0.522205 0 0
460.5 17 12 1.10156798233 5.61398944631 1.75103753719e-09 0.51683774411 0.479890822533 0.999999885856 0.517766 0 0
460.6 17 12 1.10156243142 5.61329977615 1.68789504595e-09 0.516821351789 0.479895201748 0.999999915515 0.449093 0 0
460.7 17 12 1.10155087286 5.61201724358 1.94808313925e-09 0.516805050483 0.479899632165 0.999999903403 0.515631 0 0
460.8 17 12 1.10154793515 5.61200908989 1.87724502609e-09 0.516788878628 0.47990409863 0.999999904113 0.439146 0 0
460.9 17 12 1.10153452135 5.61201292523 1.90088900176e-09 0.516772830949 0.479908600517 0.999999887007 0.36153 0 0
461 17 12 1.10151453323 5.61164875087 1.91755300527e-09 0.516756892481 0.4799131192 0.999999881898 0.44518 0 0
461.1 17 12 1.10150394918 5.61187423115 1.9229483561e-09 0.516741087567 0.479917696329 0.999999891651 0.449043 0 0
461.2 17 12 1.10149467838 5.61146162063 2.0122621347e-09 0.516725413742 0.479922314216 0.99999987982 0.361564 0 0
461.3 17 12 1.1014884465 5.61106500898 1.76780534655e-09 0.516709821368 0.479926984294 0.999999903681 0.444588 0 0
461.4 17 12 1.10148388818 5.61104927292 1.67659308659e-09 0.516694340556 0.479931677727 0.999999902107 0.513295 0 0
461.5 17 12 1.10147861379 5.61127788709 1.47007439555e-09 0.5166789539 0.479936434172 0.999999913482 0.440944 0 0
461.6 17 12 1.10147259935 5.610731896 1.62200786136e-09 0.516663679315 0.479941209475 0.999999908741 0.444474 0 0
461.7 17 12 1.10146830316 5.6107088625 1.40392797388e-09 0.516648501193 0.479945988172 0.999999927306 0.519286 0 0
461.8 17 12 1.10146286172 5.61069116299 1.44365852606e-09 0.516633437121 0.479950783246 0.999999928616 0.519838 0 0
461.9 17 12 1.10145009707 5.61073838146 1.51519374825e-09 0.516618487584 0.479955584488 0.999999906401 0.520369 0 0
462 17 12 1.10144467221 5.6105498818 1.42386358259e-09 0.516603652686 0.479960411905 0.999999934238 0.439998 0 0
462.1 17 12 1.1014372975 5.61062337908 1.42576894735e-09 0.516588931651 0.479965271068 0.999999911708 0.440775 0 0
462.2 17 12 1.10143113776 5.6103206527 1.39425970769e-09 0.516574309762 0.479970163354 0.999999923623 0.445671 0 0
462.3 17 12 1.10142488956 5.61035189938 1.45034428911e-09 0.516559796582 0.479975120915 0.999999903286 0.446187 0 0
462.4 17 12 1.10141422338 5.61026291289 1.53215440335e-09 0.516545374861 0.479980130082 0.99999988565 0.445962 0 0
462.5 17 12 1.10140582543 5.60994800008 1.56025914411e-09 0.516531042789 0.479985154095 0.999999908787 0.520207 0 0
462.6 17 12 1.10139768185 5.60984175691 1.65658242679e-09 0.516516842533 0.479990195437 0.999999912597 0.444454 0 0
462.7 17 12 1.10138733763 5.60960945705 1.63213298432e-09 0.516502758975 0.479995241736 0.999999929508 0.438941 0 0
462.8 17 12 1.10137713133 5.60949492011 1.53963020111e-09 0.516488797388 0.480000292504 0.999999916123 0.518301 0 0
462.9 17 12 1.10136607705 5.60932767559 1.39865619087e-09 0.516474960716 0.480005349939 0.999999897102 0.449384 0 0
463 17 12 1.1013524969 5.60944926889 1.4755360267e-09 0.516461253808 0.480010429158 0.999999909844 0.521715 0 0
463.1 17 12 1.10134030371 5.60921705352 1.36971090026e-09 0.516447644677 0.480015563454 0.999999930214 0.364171 0 0
463.2 17 12 1.10132506398 5.60959397125 1.54331347701e-09 0.51643417289 0.480020762303 0.999999916529 0.364088 0 0
463.3 17 12 1.10130627129 5.608883945 1.38939215688e-09 0.51642081001 0.480026017481 0.999999892831 0.360512 0 0
463.4 17 12 1.10128855527 5.60858857744 1.3594404491e-09 0.516407547704 0.480031312436 0.999999929321 0.510099 0 0
463.5 17 12 1.10126451657 5.60871290586 1.27228627633e-09 0.516394417081 0.480036677541 0.999999902183 0.441666 0 0
463.6 17 12 1.10124363882 5.60847379984 1.36561162378e-09 0.516381398701 0.4800421464 0.999999912933 0.364384 0 0
463.7 17 12 1.10122984754 5.60816901928 1.45780820748e-09 0.516368516992 0.480047715906 0.999999916058 0.366215 0 0
463.8 17 12 1.10120872316 5.60761275475 1.40516731584e-09 0.51635574392 0.480053403268 0.99999991248 0.446931 0 0
463.9 17 12 1.10119258944 5.60733879915 1.3462735371e-09 0.516343104209 0.480059174457 0.999999905495 0.449308 0 0
464 17 12 1.10117472978 5.60725791178 1.26039456649e-09 0.516330577515 0.48006509458 0.999999912585 0.517373 0 0
464.1 17 12 1.10114860596 5.60694260492 1.3210235128e-09 0.51631822481 0.48007113305 0.999999909879 0.438175 0 0
464.2 17 12 1.10112822141 5.60678151103 1.26984711635e-09 0.5163060224 0.480077249323 0.999999901454 0.439512 0 0
464.3 17 12 1.10110557014 5.60657989948 1.44128864399e-09 0.51629395209 0.48008349772 0.999999902571 0.361311 0 0
464.4 17 12 1.10108513427 5.60596747779 1.25174093313e-09 0.516282036768 0.480089855246 0.999999913306 0.448431 0 0
464.5 17 12 1.10105921618 5.60578871059 1.2312079134e-09 0.516270242929 0.480096341291 0.99999988601 0.447052 0 0
464.6 17 12 1.10102881397 5.60526571706 1.26895871588e-09 0.516258605207 0.480102941177 0.999999899983 0.520366 0 0
464.7 17 12 1.10100214716 5.60502293723 1.32957689303e-09 0.516247109559 0.48010964826 0.999999901959 0.442673 0 0
464.8 17 12 1.10097829277 5.60482010177 1.31724187113e-09 0.516235749411 0.480116472998 0.999999897692 0.511321 0 0
464.9 17 12 1.10095454355 5.6043885495 1.21795762364e-09 0.516224524077 0.480123417471 0.999999905364 0.448333 0 0
465 17 12 1.10092400901 5.60396538769 1.43254474949e-09 0.516213429008 0.480130480253 0.999999910236 0.446771 0 0
465.1 17 12 1.10089502745 5.60364439841 1.32759059301e-09 0.516202475239 0.48013764322 0.99999991648 0.522094 0 0
465.2 17 12 1.10086557027 5.6035686016 1.1953222856e-09 0.516191650641 0.480144915612 0.999999905938 0.446061 0 0
465.3 17 12 1.10084031087 5.60340312771 1.59865176652e-09 0.516180961225 0.480152310711 0.999999921869 0.445631 0 0
465.4 17 12 1.10081295735 5.60278264726 1.74793957086e-09 0.516170394936 0.480159831238 0.999999916456 0.511159 0 0
465.5 17 12 1.10078692713 5.60245231659 1.58777635484e-09 0.516159981211 0.48016748733 0.999999912827 0.442537 0 0
465.6 17 12 1.10076059339 5.60240221387 1.55931978441e-09 0.516149692314 0.480175239524 0.999999910246 0.446242 0 0
465.7 17 12 1.10073131632 5.60179572919 1.29210708799e-09 0.516139522636 0.48018311124 0.999999914645 0.445619 0 0
465.8 17 12 1.1006986184 5.60133772276 1.3026685286e-09 0.516129498828 0.480191136709 0.999999893879 0.364121 0 0
465.9 17 12 1.10066996927 5.60107130166 1.3208806271e-09 0.516119585475 0.480199257768 0.999999905445 0.44688 0 0
466 17 12 1.10062884005 5.6007092387 1.44566414395e-09 0.516109818355 0.480207508602 0.999999913012 0.444824 0 0
466.1 17 12 1.10059351875 5.60050865119 1.40704459195e-09 0.516100139328 0.480215849425 0.999999906164 0.438993 0 0
466.2 17 12 1.10055693133 5.60004238654 1.56610602264e-09 0.516090540646 0.480224296445 0.999999905537 0.514661 0 0
466.3 17 12 1.10052612998 5.60058437389 1.37748512596e-09 0.516081049911 0.480232879833 0.99999990001 0.444371 0 0
466.4 17 12 1.10049546974 5.60027601208 1.35207522955e-09 0.516071648728 0.480241577187 0.999999922699 0.362569 0 0
466.5 17 12 1.10046043415 5.60030995515 1.37362909935e-09 0.516062355947 0.480250372083 0.999999922411 0.446723 0 0
466.6 17 12 1.10043110886 5.5995679517 1.31087141142e-09 0.516053152691 0.480259263454 0.999999911784 0.362899 0 0
466.7 17 12 1.10040136983 5.59942063425 1.23208276914e-09 0.516044027276 0.480268243512 0.999999904693 0.444223 0 0
466.8 17 12 1.10036810345 5.59901710353 1.19831533585e-09 0.516034989286 0.480277304775 0.999999911341 0.441191 0 0
466.9 17 12 1.1003389848 5.59831640251 1.19625742645e-09 0.516026023219 0.480286424014 0.999999917662 0.515347 0 0
467 17 12 1.10031052423 5.59812667517 1.30746147242e-09 0.516017124975 0.480295610999 0.999999920165 0.519863 0 0
467.1 17 12 1.10027610079 5.5976641008 1.27450394682e-09 0.516008314024 0.480304841246 0.999999892196 0.446518 0 0
467.2 17 12 1.10024675206 5.59708091927 1.27425148211e-09 0.515999592976 0.48031408673 0.999999911786 0.518128 0 0
467.3 17 12 1.10021351374 5.59743040014 1.3507965857e-09 0.515990952726 0.480323375754 0.999999895345 0.444775 0 0
467.4 17 12 1.10017800528 5.59627780507 1.22045551443e-09 0.515982394524 0.480332649225 0.999999903218 0.357384 0 0
467.5 17 12 1.10015015891 5.59606829883 1.22226773147e-09 0.515973888882 0.480341934825 0.999999912094 0.442072 0 0
467.6 17 12 1.10012005908 5.59541470377 1.24612042907e-09 0.515965462826 0.480351225027 0.999999888707 0.448335 0 0
467.7 17 12 1.10009214829 5.59488632799 1.23403620655e-09 0.51595709275 0.480360493122 0.999999900802 0.446254 0 0
467.8 17 12 1.10006480897 5.59504697641 1.33503919031e-09 0.515948765023 0.480369735505 0.999999902802 0.444721 0 0
467.9 17 12 1.10003836138 5.59431130483 1.34273403507e-09 0.515940482176 0.480378926754 0.99999989439 0.362037 0 0
468 17 12 1.10000850794 5.59356066011 1.38116729165e-09 0.515932220969 0.480388077415 0.999999899572 0.51634 0 0
468.1 17 12 1.09998159506 5.59309005121 1.19165388668e-09 0.515924018734 0.480397191788 0.999999889673 0.438902 0 0
468.2 17 12 1.09995375219 5.59337948466 1.20245624569e-09 0.515915861406 0.480406212924 0.999999887245 0.441223 0 0
468.3 17 12 1.09993014643 5.59232597434 1.25663024431e-09 0.515907702193 0.480415169631 0.999999903377 0.362131 0 0
468.4 17 12 1.09990378766 5.59174031424 1.26805632661e-09 0.515899567925 0.480424051886 0.999999887936 0.443481 0 0
468.5 17 12 1.09987946906 5.59131958595 1.51434742524e-09 0.515891454939 0.480432874898 0.999999912148 0.518152 0 0
468.6 17 12 1.09985721993 5.59096332251 1.48172785153e-09 0.515883351838 0.480441612966 0.999999892485 0.447075 0 0
468.7 17 12 1.09983431313 5.59056239143 1.50913437302e-09 0.515875235215 0.480450278214 0.999999911847 0.517716 0 0
468.8 17 12 1.09981259388 5.59058612141 1.46541889734e-09 0.515867109811 0.480458855179 0.999999906586 0.440343 0 0
468.9 17 12 1.09978077107 5.58985439346 1.42491185517e-09 0.51585899442 0.480467330223 0.999999899015 0.363754 0 0
469 17 12 1.09975203192 5.58957518334 1.36381594906e-09 0.515850865396 0.480475695601 0.999999873754 0.364134 0 0
469.1 17 12 1.09973043203 5.58907211786 1.42305789375e-09 0.515842749336 0.480483975252 0.999999910378 0.519086 0 0
469.2 17 12 1.09970981552 5.58865801644 1.41833289558e-09 0.515834599505 0.480492167991 0.999999898163 0.446969 0 0
469.3 17 12 1.09968989444 5.58834994126 1.45245271366e-09 0.515826422554 0.480500257503 0.999999901748 0.450015 0 0
469.4 17 12 1.09967214183 5.58840851966 1.43767475702e-09 0.515818202199 0.480508236475 0.999999903524 0.443766 0 0
469.5 17 12 1.09965180053 5.58828758332 1.48307321979e-09 0.515809937305 0.480516120971 0.99999988518 0.439796 0 0
469.6 17 12 1.09963163436 5.58720116901 1.54940327235e-09 0.515801636136 0.480523900468 0.999999881759 0.447287 0 0
469.7 17 12 1.09961136371 5.5870874387 1.44840961447e-09 0.515793289458 0.480531591725 0.999999887317 0.445571 0 0
469.8 17 12 1.09959353874 5.58651800441 1.38991662624e-09 0.515784937465 0.48053923008 0.99999991169 0.449156 0 0
469.9 17 12 1.09957366463 5.58630209081 1.28225796647e-09 0.515776554982 0.480546760952 0.999999876427 0.522637 0 0
470 17 12 1.09955392261 5.58622166256 1.31913191481e-09 0.515768192135 0.480554198611 0.999999906264 0.443549 0 0
470.1 17 12 1.09953421896 5.58553759257 1.25372978665e-09 0.515759837952 0.480561566405 0.999999885296 0.355473 0 0
470.2 17 12 1.09951918519 5.58519364053 1.19633214446e-09 0.515751457039 0.480568824927 0.99999989589 0.440326 0 0
470.3 17 12 1.09950494118 5.58489837984 1.2624893353e-09 0.515743085151 0.480576011264 0.999999906706 0.526096 0 0
470.4 17 12 1.09948860567 5.58489881891 1.43599288016e-09 0.515734711854 0.480583126628 0.999999903745 0.364366 0 0
470.5 17 12 1.09947118625 5.58430108173 1.58217450252e-09 0.515726328388 0.480590148941 0.999999897239 0.539297 0 0
470.6 17 12 1.09945069975 5.58401671134 1.43489353732e-09 0.515717932625 0.48059712393 0.999999898809 0.456001 0 0
470.7 17 12 1.09942357479 5.58378847001 1.27372512537e-09 0.515709548574 0.480604034007 0.999999872114 0.37422 0 0
470.8 17 12 1.09940853989 5.58373691102 1.28401866917e-09 0.515701144818 0.480610873775 0.999999892885 0.445943 0 0
470.9 17 12 1.09939290841 5.58310413651 1.37922151477e-09 0.515692741485 0.480617747096 0.999999894733 0.358617 0 0
471 17 12 1.09937971081 5.58294999943 1.36682898333e-09 0.515684294407 0.480624575364 0.999999919351 0.520822 0 0
471.1 17 12 1.09936295172 5.58269490565 1.39618350214e-09 0.51567583567 0.480631390407 0.999999896902 0.361624 0 0
471.2 17 12 1.09934899487 5.58246765575 1.45256784378e-09 0.515667356769 0.48063819505 0.999999902021 0.446487 0 0
471.3 17 12 1.09933574489 5.58216052184 1.5047008084e-09 0.515658843845 0.480644990222 0.999999912133 0.36545 0 0
471.4 17 12 1.0993183738 5.58188778896 1.47974232867e-09 0.515650295233 0.480651777952 0.999999895027 0.361636 0 0
471.5 17 12 1.09930293756 5.58161981781 1.47938550299e-09 0.515641735847 0.48065854711 0.999999900791 0.510208 0 0
471.6 17 12 1.09928563202 5.58138237613 1.52557466659e-09 0.515633155492 0.480665328474 0.999999882111 0.356867 0 0
471.7 17 12 1.099267663 5.58098426586 1.51334578202e-09 0.515624536561 0.480672124946 0.999999898268 0.521164 0 0
471.8 17 12 1.09924341236 5.5799682204 1.44692891002e-09 0.515615851878 0.480678935818 0.99999991021 0.523038 0 0
471.9 17 12 1.09921808631 5.57986984704 1.48624756946e-09 0.515607109344 0.480685781648 0.999999886454 0.361829 0 0
472 17 12 1.09918890447 5.57954232214 1.46739320694e-09 0.515598339149 0.480692661462 0.999999888831 0.360362 0 0
472.1 17 12 1.09916614656 5.57937880841 1.45032608145e-09 0.515589539923 0.480699564546 0.999999871012 0.446767 0 0
472.2 17 12 1.0991334353 5.57905086369 1.42120892832e-09 0.515580726809 0.480706524865 0.999999890259 0.511852 0 0
472.3 17 12 1.0991078846 5.5787059105 1.52665113884e-09 0.515571882567 0.480713522827 0.99999988743 0.512149 0 0
472.4 17 12 1.0990841681 5.5783284156 1.46439194104e-09 0.51556304898 0.480720619514 0.999999880849 0.361717 0 0
472.5 17 12 1.09905647525 5.57851917187 1.53811874348e-09 0.515554189792 0.480727789109 0.999999885313 0.44684 0 0
472.6 17 12 1.09903366398 5.57794316585 1.31457855712e-09 0.515545328289 0.480735053536 0.999999898422 0.363199 0 0
472.7 17 12 1.09900932465 5.57759687817 1.33779687328e-09 0.515536459144 0.480742434366 0.999999891325 0.446032 0 0
472.8 17 12 1.09899214464 5.57727760149 1.3503674845e-09 0.515527592424 0.480749950073 0.999999888357 0.3656 0 0
472.9 17 12 1.0989713273 5.57714977554 1.46108747323e-09 0.51551869193 0.480757612318 0.999999883732 0.441546 0 0
473 17 12 1.09894438334 5.57684704833 1.44649492384e-09 0.515509797011 0.480765403102 0.999999897604 0.359592 0 0
473.1 17 12 1.09892208134 5.57677547954 1.51985957153e-09 0.515500898576 0.480773353028 0.999999908163 0.448837 0 0
473.2 17 12 1.09888979403 5.57616414626 1.40822153938e-09 0.515492014271 0.480781465502 0.999999891227 0.51812 0 0
473.3 17 12 1.0988716243 5.57576698196 1.49994783261e-09 0.515483144468 0.480789720148 0.999999903018 0.447606 0 0
473.4 17 12 1.09883914414 5.57609164727 1.44116585332e-09 0.515474272379 0.480798135438 0.99999990888 0.449355 0 0
473.5 17 12 1.09881378682 5.57552645468 1.28532628985e-09 0.515465430216 0.480806709026 0.999999889372 0.359842 0 0
473.6 17 12 1.09879283292 5.57502747453 1.28486088435e-09 0.515456604355 0.480815448702 0.999999907611 0.355522 0 0
473.7 17 12 1.09876176371 5.57471999088 1.33964450644e-09 0.515447787147 0.480824339077 0.999999890689 0.439858 0 0
473.8 17 12 1.09873967971 5.5743057723 1.20691334704e-09 0.515438978678 0.480833368014 0.999999896978 0.519608 0 0
473.9 17 12 1.0987174446 5.57456366109 1.19397303155e-09 0.515430194878 0.480842546945 0.999999914317 0.525007 0 0
474 17 12 1.09868295602 5.57424858692 1.12164511012e-09 0.515421404805 0.480851918509 0.999999895676 0.363589 0 0
474.1 17 12 1.09865868115 5.57353653395 1.17406884215e-09 0.515412639174 0.480861492493 0.999999897798 0.363112 0 0
474.2 17 12 1.09863008374 5.57332200864 1.13053044704e-09 0.515403890977 0.480871215875 0.999999892798 0.446527 0 0
474.3 17 12 1.09860388072 5.57295152976 1.33948796499e-09 0.515395132912 0.480881069666 0.999999898181 0.515767 0 0
474.4 17 12 1.0985813677 5.57255358463 1.2088958723e-09 0.515386382825 0.480891072713 0.999999898125 0.518739 0 0
474.5 17 12 1.09854491172 5.57215438182 1.32168587186e-09 0.515377633702 0.480901213214 0.99999989171 0.446938 0 0
474.6 17 12 1.09850923096 5.57176381025 1.15707565751e-09 0.515368880363 0.480911473599 0.999999900731 0.445161 0 0
474.7 17 12 1.09848221228 5.57136026754 1.11588893681e-09 0.515360165202 0.480921906334 0.999999895908 0.363872 0 0
474.8 17 12 1.098456629 5.57104641934 1.05435138398e-09 0.515351479971 0.480932465166 0.999999907427 0.450152 0 0
474.9 17 12 1.09843244189 5.57068114706 1.05766662095e-09 0.515342874314 0.480943152824 0.999999907125 0.357185 0 0
475 17 12 1.09839999111 5.57034922126 1.17152365586e-09 0.515334310624 0.480953936288 0.999999901382 0.439402 0 0
475.1 17 12 1.09835886761 5.57001786109 1.2383887249e-09 0.515325785221 0.480964811545 0.999999871307 0.444476 0 0
475.2 17 12 1.09832433663 5.56942162838 1.12637432714e-09 0.515317272561 0.480975793107 0.999999889111 0.447869 0 0
475.3 17 12 1.09829987557 5.56899179982 1.57708313075e-09 0.515308791153 0.480986880665 0.999999879125 0.446374 0 0
475.4 17 12 1.09827494245 5.56839117645 1.42345912835e-09 0.515300319293 0.480998077298 0.999999901933 0.517494 0 0
475.5 17 12 1.09824397789 5.56788242948 1.14767639836e-09 0.515291897083 0.481009356894 0.999999881965 0.447235 0 0
475.6 17 12 1.09820108701 5.56744220089 1.1806445821e-09 0.515283521401 0.481020703811 0.999999906159 0.442649 0 0
475.7 17 12 1.09816895819 5.56692307627 1.20525900371e-09 0.515275193151 0.48103212632 0.999999887811 0.441546 0 0
475.8 17 12 1.09814357816 5.56652192259 1.24640520127e-09 0.515266887978 0.48104360245 0.999999913323 0.448958 0 0
475.9 17 12 1.09811600169 5.56595977745 1.27551369467e-09 0.515258613138 0.481055135531 0.999999884262 0.522116 0 0
476 17 12 1.09808913106 5.56544138683 1.27356836188e-09 0.515250372298 0.481066737619 0.999999896274 0.52264 0 0
476.1 17 12 1.09805763346 5.56506341166 1.26445609538e-09 0.515242179805 0.481078412935 0.999999909036 0.517932 0 0
476.2 17 12 1.09801592932 5.56487938651 1.2886229861e-09 0.515234008866 0.481090129387 0.999999894615 0.443779 0 0
476.3 17 12 1.09798013649 5.56407303534 1.14233777992e-09 0.515225863418 0.48110183717 0.99999990134 0.440223 0 0
476.4 17 12 1.09794508957 5.56353457249 1.12742803982e-09 0.515217774778 0.481113570787 0.999999906842 0.516501 0 0
476.5 17 12 1.09792000166 5.56311381963 1.09129849601e-09 0.515209736056 0.481125343029 0.999999917612 0.364749 0 0
476.6 17 12 1.09789569199 5.56250464762 1.13429099446e-09 0.515201765941 0.48113714964 0.999999902113 0.446829 0 0
476.7 17 12 1.09787080059 5.56181804962 1.17156750967e-09 0.515193832071 0.481148957637 0.999999896015 0.520511 0 0
476.8 17 12 1.0978406424 5.56132663567 1.16987375343e-09 0.515185946809 0.481160781219 0.999999900514 0.449583 0 0
476.9 17 12 1.09780119104 5.56181478665 1.16735154876e-09 0.515178123701 0.481172599159 0.99999987943 0.357472 0 0
477 17 12 1.09777755397 5.56098997208 1.14363707393e-09 0.515170345285 0.481184381435 0.999999920403 0.519935 0 0
477.1 17 12 1.09775378819 5.56054132297 1.14968867759e-09 0.515162634548 0.481196148324 0.999999896292 0.520265 0 0
477.2 17 12 1.09773099893 5.5600392044 1.16274989637e-09 0.515154974368 0.481207846462 0.999999920198 0.445433 0 0
477.3 17 12 1.09770241641 5.55952236497 1.1893984686e-09 0.515147375906 0.481219462268 0.999999909607 0.362598 0 0
477.4 17 12 1.09767450952 5.55901181303 1.21289844834e-09 0.515139862163 0.481230975539 0.999999906676 0.44939 0 0
477.5 17 12 1.09764767901 5.55852832542 1.18190779386e-09 0.515132430196 0.481242369019 0.999999900548 0.4445 0 0
477.6 17 12 1.09762569581 5.55795651393 1.37883660045e-09 0.515125091152 0.481253654321 0.999999893553 0.355809 0 0
477.7 17 12 1.09760167001 5.55746800857 1.10880660209e-09 0.515117827939 0.481264803534 0.999999910664 0.443117 0 0
477.8 17 12 1.09757912881 5.55700281922 1.30389787856e-09 0.515110666325 0.481275793411 0.999999924072 0.449716 0 0
477.9 17 12 1.09755145011 5.55658265894 1.33125865887e-09 0.515103596031 0.481286626071 0.999999893297 0.520778 0 0
478 17 12 1.09752398368 5.55616100965 1.26262456046e-09 0.515096600312 0.481297285844 0.99999990209 0.447507 0 0
478.1 17 12 1.09749296386 5.55570069878 1.2000708205e-09 0.515089725958 0.481307755989 0.999999893049 0.363855 0 0
478.2 17 12 1.09747335145 5.55490631958 1.39215616812e-09 0.515082934627 0.481318039643 0.9999999152 0.362138 0 0
478.3 17 12 1.09744629102 5.55448115631 1.40691525097e-09 0.515076229275 0.481328145913 0.999999921314 0.511091 0 0
478.4 17 12 1.0974264856 5.55400044381 1.38942490846e-09 0.515069618151 0.481338025146 0.999999903018 0.442258 0 0
478.5 17 12 1.09740282456 5.5535326248 1.46518774891e-09 0.515063052928 0.481347690057 0.999999910129 0.362193 0 0
478.6 17 12 1.09738138618 5.55344440135 1.41986600255e-09 0.515056585554 0.481357127612 0.999999917103 0.363265 0 0
478.7 17 12 1.09736550124 5.55281792885 1.49403167615e-09 0.515050188132 0.481366329035 0.999999930678 0.446055 0 0
478.8 17 12 1.09734983289 5.55279546193 1.50176182601e-09 0.515043855639 0.481375293537 0.999999923416 0.447648 0 0
478.9 17 12 1.09733398435 5.55205418336 1.47387246852e-09 0.515037612917 0.481384039771 0.999999930411 0.445062 0 0
479 17 12 1.09731637991 5.55223017308 1.48019196899e-09 0.515031430371 0.481392546583 0.999999889112 0.512654 0 0
479.1 17 12 1.09730058813 5.55120387041 1.53696688709e-09 0.515025303166 0.481400827501 0.999999926673 0.442713 0 0
479.2 17 12 1.09728484317 5.55081854264 1.50906942498e-09 0.515019236238 0.481408880265 0.999999912584 0.364309 0 0
479.3 17 12 1.09727168668 5.55087176167 1.46778111887e-09 0.515013195539 0.481416706942 0.999999914376 0.518452 0 0
479.4 17 12 1.09725542489 5.55011184734 1.62070667997e-09 0.515007190365 0.481424323821 0.999999910452 0.363973 0 0
479.5 17 12 1.09724063987 5.54969877589 1.50906054319e-09 0.515001212149 0.481431709699 0.999999911195 0.364776 0 0
479.6 17 12 1.09722250012 5.54936402547 1.51663615e-09 0.514995229062 0.481438886533 0.999999920234 0.521822 0 0
479.7 17 12 1.09720906659 5.54908294895 1.45108125515e-09 0.514989273416 0.481445834674 0.999999891671 0.439579 0 0
479.8 17 12 1.09719452484 5.54857378477 1.40690081807e-09 0.5149833444 0.481452581764 0.999999922699 0.443824 0 0
479.9 17 12 1.09718096045 5.54820259625 1.37621825047e-09 0.514977415814 0.481459131703 0.999999915801 0.520829 0 0
480 17 12 1.09716515961 5.54788851675 1.31974620121e-09 0.514971522353 0.481465506043 0.999999903138 0.362928 0 0
480.1 17 12 1.09715397311 5.54794470881 1.13073461705e-09 0.514965669947 0.481471692547 0.999999904547 0.363304 0 0
480.2 17 12 1.09713646517 5.54702987893 1.19923537767e-09 0.514959844702 0.481477760332 0.999999893947 0.363405 0 0
480.3 17 12 1.09712161031 5.54678205395 1.33838495842e-09 0.514954053675 0.481483677269 0.999999909635 0.444085 0 0
480.4 17 12 1.09711110044 5.54640100422 1.4048654462e-09 0.514948289384 0.481489451422 0.999999900744 0.357833 0 0
480.5 17 12 1.09710084356 5.54602068775 1.28698962598e-09 0.51494254648 0.481495124485 0.999999908268 0.513456 0 0
480.6 17 12 1.09709281177 5.54571988427 1.31059973985e-09 0.514936799746 0.481500682836 0.999999921803 0.446451 0 0
480.7 17 12 1.09708114438 5.54536482325 1.30756316885e-09 0.514931084997 0.481506095289 0.99999990903 0.521135 0 0
480.8 17 12 1.09707352016 5.54495932326 1.34564459575e-09 0.514925388317 0.481511402386 0.999999901604 0.447921 0 0
480.9 17 12 1.09705894386 5.54453631292 1.32610100678e-09 0.514919693595 0.481516617752 0.999999899005 0.518978 0 0
481 17 12 1.09704704136 5.54421092163 1.29563071383e-09 0.514914013605 0.481521733558 0.999999907264 0.440385 0 0
481.1 17 12 1.09703745971 5.54388726322 1.24717569605e-09 0.514908344583 0.481526788566 0.999999913924 0.514864 0 0
481.2 17 12 1.09702688008 5.54360269841 1.26231836095e-09 0.514902658322 0.481531777808 0.999999915894 0.519476 0 0
481.3 17 12 1.09701801292 5.54329874212 1.62469804277e-09 0.514896952098 0.481536719958 0.999999886435 0.449584 0 0
481.4 17 12 1.09700221363 5.54275204878 1.35175226568e-09 0.514891230096 0.481541668588 0.999999897571 0.447301 0 0
481.5 17 12 1.0969913572 5.54247193303 1.49938261806e-09 0.5148854906 0.481546588908 0.999999911535 0.447815 0 0
481.6 17 12 1.09698073732 5.54220113383 1.2706732333e-09 0.514879717326 0.48155149846 0.999999925924 0.516751 0 0
481.7 17 12 1.09696713906 5.54192299667 1.33482502829e-09 0.514873928631 0.481556410423 0.999999910055 0.441361 0 0
481.8 17 12 1.09695812206 5.54157385318 1.26405286238e-09 0.51486810996 0.481561339788 0.999999903103 0.360207 0 0
481.9 17 12 1.09695036916 5.54129361674 1.53064672048e-09 0.514862238416 0.481566282856 0.999999911058 0.520443 0 0
482 17 12 1.09693945247 5.54107771008 1.71150049688e-09 0.5148563294 0.481571266204 0.999999907206 0.365523 0 0
482.1 17 12 1.09692845419 5.54061418627 1.19146992272e-09 0.514850383643 0.481576279084 0.999999919282 0.518916 0 0
482.2 17 12 1.09691590993 5.54040059084 1.21780940887e-09 0.514844380515 0.481581337881 0.999999887504 0.446561 0 0
482.3 17 12 1.09690047848 5.53996781728 1.36571798315e-09 0.514838321681 0.481586450164 0.999999896074 0.356445 0 0
482.4 17 12 1.0968848554 5.53969250981 1.23849142053e-09 0.51483222101 0.481591660452 0.999999930346 0.439536 0 0
482.5 17 12 1.09686707555 5.53939767325 1.24132715218e-09 0.514826053233 0.481596908482 0.999999907112 0.442307 0 0
482.6 17 12 1.09685119999 5.53895819549 1.29986621467e-09 0.514819828644 0.481602214988 0.99999989323 0.44842 0 0
482.7 17 12 1.09683610406 5.53860233385 1.39672406974e-09 0.514813514762 0.481607605229 0.999999903946 0.445371 0 0
482.8 17 12 1.0968235772 5.5383092795 1.20942611481e-09 0.51480713215 0.481613061744 0.999999901567 0.447317 0 0
482.9 17 12 1.09680588606 5.53795838867 1.57302104675e-09 0.514800679307 0.481618598589 0.999999903516 0.365232 0 0
483 17 12 1.09678996301 5.53769038897 1.22675924974e-09 0.514794103226 0.481624199273 0.999999916187 0.513386 0 0
483.1 17 12 1.0967755051 5.5373995649 1.05748021451e-09 0.514787420626 0.481629872832 0.999999925775 0.356501 0 0
483.2 17 12 1.09675976815 5.53726488094 1.06429076663e-09 0.514780630947 0.481635616058 0.999999917155 0.446632 0 0
483.3 17 12 1.0967404357 5.53688421219 1.20970844453e-09 0.514773731614 0.481641442114 0.999999903814 0.362452 0 0
483.4 17 12 1.09672294134 5.53676905278 1.16385234783e-09 0.514766721956 0.481647344367 0.999999897165 0.446403 0 0
483.5 17 12 1.09670424818 5.53598804575 1.08481301719e-09 0.514759575325 0.481653273804 0.999999899502 0.448351 0 0
483.6 17 12 1.09668627935 5.53568861971 1.18807375049e-09 0.514752399298 0.481659301708 0.999999913512 0.518095 0 0
483.7 17 12 1.09666729925 5.5358994123 1.20159993067e-09 0.514745080382 0.481665391221 0.99999989776 0.443671 0 0
483.8 17 12 1.0966483944 5.53529138281 1.11679676618e-09 0.514737648198 0.481671560615 0.999999902024 0.441368 0 0
483.9 17 12 1.09662900842 5.53440561075 1.12172982014e-09 0.514730068741 0.481677781475 0.999999898716 0.521796 0 0
484 17 12 1.0966075985 5.53396921634 1.13300990812e-09 0.514722377982 0.481684065986 0.999999895733 0.447356 0 0
484.1 17 13 1.09658513528 5.53357948547 1.32787369989e-09 0.514714524752 0.48169037696 0.999999876818 0.520489 0 0
484.2 17 12 1.09656325067 5.53238926375 1.37721056781e-09 0.514706640635 0.481696722392 0.999999912737 0.444837 0 0
484.3 17 12 1.09653606985 5.53174524621 1.34185451639e-09 0.514698610811 0.481703091813 0.999999878422 0.442905 0 0
484.4 17 12 1.09651257172 5.5312359959 1.34244948491e-09 0.514690425798 0.481709486719 0.999999898044 0.511276 0 0
484.5 17 12 1.0964912049 5.53136736874 1.33430266835e-09 0.514682113446 0.481715910801 0.999999909078 0.443183 0 0
484.6 17 12 1.09646751444 5.53045408997 1.36049360666e-09 0.514673684124 0.481722404666 0.999999894749 0.361338 0 0
484.7 17 12 1.09644727723 5.53043837434 1.64274160941e-09 0.514665155015 0.481728926083 0.999999930224 0.448431 0 0
484.8 17 12 1.09642212455 5.52968402286 1.42078959708e-09 0.514656524239 0.481735483683 0.999999896587 0.362966 0 0
484.9 17 12 1.09639906008 5.5293182561 1.29407751182e-09 0.514647794743 0.481742065749 0.999999907395 0.445931 0 0
485 17 12 1.09637558291 5.5287301327 1.27727295407e-09 0.514639006287 0.481748682878 0.999999903343 0.513361 0 0
485.1 17 12 1.09635135845 5.5282898123 1.28371346886e-09 0.514630174132 0.481755332391 0.999999906464 0.515577 0 0
485.2 17 12 1.09632573001 5.52784807378 1.29981414521e-09 0.514621308826 0.481762021168 0.999999905115 0.519823 0 0
485.3 17 12 1.09629078271 5.52762959002 1.43676259778e-09 0.514612445308 0.481768728906 0.999999891129 0.517065 0 0
485.4 17 12 1.09625680423 5.52714843823 1.4528491743e-09 0.514603599018 0.48177545097 0.999999893132 0.446074 0 0
485.5 17 12 1.09622339056 5.52682976981 1.33393940338e-09 0.514594781727 0.48178218931 0.99999989324 0.362181 0 0
485.6 17 12 1.09619601429 5.52624026762 1.32815780596e-09 0.514586008046 0.481788953081 0.999999918864 0.444164 0 0
485.7 17 12 1.09616598508 5.52558512975 1.2805078109e-09 0.514577283208 0.481795728229 0.999999886437 0.441492 0 0
485.8 17 12 1.09612955577 5.5252689463 1.23540633279e-09 0.514568632438 0.481802507225 0.999999880347 0.441061 0 0
485.9 17 12 1.09609736892 5.52467011435 1.2080446643e-09 0.514560074783 0.481809292741 0.999999892743 0.518616 0 0
486 17 12 1.09605494014 5.52411090381 1.23730192758e-09 0.514551632397 0.481816094302 0.999999902305 0.520194 0 0
486.1 17 12 1.09602031984 5.52384359699 1.19647503016e-09 0.514543296506 0.481822904526 0.999999906854 0.521138 0 0
486.2 17 12 1.09597735988 5.52350618274 1.25482091384e-09 0.514535070915 0.481829682028 0.999999891806 0.448835 0 0
486.3 17 12 1.09593572463 5.52268438623 1.3069819671e-09 0.514526956545 0.481836427054 0.999999876755 0.446381 0 0
486.4 17 12 1.095897992 5.52247044151 1.34411537456e-09 0.514518946766 0.481843117582 0.999999894366 0.44169 0 0
486.5 17 12 1.09586368785 5.52175793273 1.27587895804e-09 0.514511060369 0.481849795016 0.999999905253 0.444633 0 0
486.6 17 12 1.09582927767 5.52136409456 1.31831290329e-09 0.514503287409 0.481856446855 0.999999908869 0.518564 0 0
486.7 17 12 1.09579814741 5.52114073717 1.38951117279e-09 0.514495624795 0.481863112982 0.999999917446 0.361815 0 0
486.8 17 12 1.09576394819 5.52061022996 1.33219391074e-09 0.514488079378 0.481869741533 0.999999898625 0.520394 0 0
486.9 17 12 1.09572755504 5.52021122884 1.32479627268e-09 0.514480675989 0.481876320387 0.999999893644 0.444332 0 0
487 17 12 1.09568321906 5.51964650243 1.35597122419e-09 0.514473387572 0.481882847061 0.999999904741 0.439069 0 0
487.1 17 12 1.09564644287 5.51925161915 1.23891330528e-09 0.514466211178 0.481889350324 0.999999899141 0.519011 0 0
487.2 17 12 1.09560954901 5.518921808 1.22110077605e-09 0.514459161595 0.481895864655 0.99999990448 0.361349 0 0
487.3 17 12 1.0955759489 5.51911764787 1.28133248456e-09 0.514452245141 0.481902370493 0.999999899455 0.364381 0 0
487.4 17 12 1.0955347632 5.51821084719 1.27515475956e-09 0.514445452277 0.481908874027 0.999999890317 0.368606 0 0
487.5 17 12 1.09549010755 5.51754842995 1.25454213684e-09 0.514438812483 0.48191534354 0.999999894112 0.447146 0 0
487.6 17 12 1.09545542728 5.51744337982 1.35527888911e-09 0.514432310856 0.481921804362 0.999999905322 0.450374 0 0
487.7 17 12 1.09541289472 5.51687667365 1.22949039838e-09 0.514425969271 0.481928255949 0.999999916984 0.44171 0 0
487.8 17 12 1.09537506558 5.51656711788 1.24107113475e-09 0.514419789975 0.481934708775 0.999999911207 0.363211 0 0
487.9 17 12 1.0953396071 5.51626217475 1.17736931315e-09 0.51441377729 0.481941146159 0.999999905207 0.449826 0 0
488 17 12 1.09530525949 5.51592812841 1.31438249173e-09 0.514407916296 0.481947570072 0.999999883072 0.51883 0 0
488.1 17 12 1.09527332083 5.51551406821 1.55549340075e-09 0.514402208382 0.481954006846 0.999999904069 0.4486 0 0
488.2 17 12 1.09523461813 5.51472694241 1.56009427599e-09 0.514396643136 0.481960428493 0.999999919327 0.520084 0 0
488.3 17 12 1.09519882799 5.51489336873 1.53635537625e-09 0.514391233319 0.481966875788 0.999999905811 0.517881 0 0
488.4 17 12 1.09516335584 5.5145212049 1.3791320308e-09 0.514385967458 0.481973332791 0.9999998995 0.442885 0 0
488.5 17 12 1.09513301592 5.51401073567 1.3968817214e-09 0.514380828465 0.481979845549 0.999999894383 0.363779 0 0
488.6 17 12 1.09509810105 5.51330348108 1.44578549133e-09 0.51437581251 0.481986410862 0.999999898763 0.450047 0 0
488.7 17 12 1.0950679005 5.51331846972 1.3970907764e-09 0.514370939191 0.481992997313 0.99999990947 0.522213 0 0
488.8 17 12 1.09502899028 5.51253660195 1.51369405899e-09 0.514366158549 0.481999634759 0.999999913171 0.449157 0 0
488.9 17 12 1.09498899083 5.51253588174 1.49034429242e-09 0.514361483515 0.482006293676 0.999999895824 0.446022 0 0
489 17 12 1.09495279072 5.51194908965 1.47909406945e-09 0.514356900318 0.482013231489 0.999999900149 0.356215 0 0
489.1 17 12 1.09491478671 5.51109283093 1.37202604833e-09 0.514352412004 0.48202017035 0.999999894813 0.443281 0 0
489.2 17 12 1.09488241252 5.51073045398 1.59524060628e-09 0.514348014366 0.482027102474 0.999999923643 0.520766 0 0
489.3 17 12 1.09485031002 5.51055068638 1.37193567618e-09 0.514343701504 0.482034034553 0.999999904441 0.445623 0 0
489.4 17 12 1.09481682389 5.51014158135 1.59750979112e-09 0.5143394703 0.482040975217 0.999999918141 0.521697 0 0
489.5 17 12 1.09477797885 5.5095879162 1.7170630473e-09 0.514335292827 0.48204795343 0.999999884518 0.448258 0 0
489.6 17 12 1.09475210886 5.50916334583 1.60104762781e-09 0.514331170437 0.482054963278 0.999999905761 0.443656 0 0
489.7 17 12 1.09472274951 5.50856360558 1.33019539827e-09 0.514327085558 0.482062010176 0.999999899585 0.440133 0 0
489.8 17 12 1.09469369404 5.50821056395 1.36429645359e-09 0.514323061677 0.482069069799 0.999999913442 0.441999 0 0
489.9 17 12 1.09465782003 5.50767756829 1.37937616884e-09 0.514319058741 0.482076190877 0.999999920491 0.359807 0 0
490 17 12 1.09462591936 5.50733836697 1.37100886199e-09 0.51431507235 0.482083348495 0.999999898822 0.446904 0 0
490.1 17 12 1.09459262968 5.50699892514 1.44950595971e-09 0.514311087034 0.482090544871 0.999999913846 0.518258 0 0
490.2 17 12 1.09456832838 5.50662713935 1.38505473757e-09 0.514307119234 0.482097778612 0.999999913048 0.445572 0 0
490.3 17 12 1.0945373428 5.50629026562 1.40370615132e-09 0.514303135535 0.482105076097 0.999999912174 0.515497 0 0
490.4 17 12 1.09450934755 5.50586647452 1.45630074666e-09 0.514299135498 0.482112412396 0.99999990861 0.5162 0 0
490.5 17 12 1.09447936568 5.50550218305 1.61322155634e-09 0.514295108072 0.482119778586 0.999999908777 0.449252 0 0
490.6 17 12 1.09445440163 5.50517674925 1.38217315371e-09 0.514291044138 0.482127190186 0.999999913624 0.519019 0 0
490.7 17 12 1.09442725706 5.50501987416 1.52165913203e-09 0.514286947824 0.482134645754 0.999999894286 0.524009 0 0
490.8 17 12 1.09440095346 5.50439621625 1.50823131762e-09 0.514282787769 0.482142181016 0.999999937954 0.521678 0 0
490.9 17 12 1.09437215909 5.50397494172 1.66749658526e-09 0.514278583461 0.482149768851 0.999999906376 0.441725 0 0
491 17 12 1.09434945829 5.50369244864 1.7139771824e-09 0.514274317188 0.482157421809 0.999999904194 0.360088 0 0
491.1 17 12 1.09432735644 5.50310226877 1.61425839362e-09 0.514269999033 0.48216515091 0.999999922284 0.522276 0 0
491.2 17 12 1.09430562211 5.50266855642 1.58211177492e-09 0.514265636031 0.4821729643 0.999999912868 0.361404 0 0
491.3 17 12 1.09428607552 5.50348130474 1.57574153725e-09 0.514261209934 0.48218087081 0.999999916696 0.521426 0 0
491.4 17 12 1.09426116394 5.50303396891 1.36128497363e-09 0.514256736678 0.482188874134 0.999999917606 0.445759 0 0
491.5 17 12 1.09424273084 5.50238211864 1.56594581746e-09 0.514252220533 0.482196974803 0.99999989857 0.445172 0 0
491.6 17 12 1.09422082127 5.50196935127 1.32651289952e-09 0.514247644292 0.48220520403 0.999999920406 0.444908 0 0
491.7 17 12 1.09419330078 5.50191181533 1.36596511879e-09 0.514243014786 0.482213550911 0.999999920314 0.44683 0 0
491.8 17 12 1.09417292832 5.5010297061 1.39557521095e-09 0.514238316455 0.482222003764 0.999999902817 0.447458 0 0
491.9 17 12 1.09415204309 5.50061126648 1.3148736544e-09 0.514233554146 0.482230601795 0.999999921681 0.357906 0 0
492 17 12 1.09412778697 5.50037209803 1.36461220102e-09 0.514228750603 0.482239312717 0.999999901496 0.363036 0 0
492.1 17 12 1.09410563209 5.49957263123 1.52759493943e-09 0.514223882972 0.482248124233 0.9999999244 0.514753 0 0
492.2 17 12 1.09408578479 5.49910542142 1.50903933793e-09 0.514218962976 0.482257050968 0.999999918868 0.4444 0 0
492.3 17 12 1.0940550445 5.49847577642 1.75736758479e-09 0.514213997947 0.482266084406 0.999999891878 0.443972 0 0
492.4 17 12 1.09402026662 5.4980639879 1.49730372545e-09 0.514208988916 0.482275198529 0.999999896757 0.357655 0 0
492.5 17 12 1.09399654055 5.49746011935 1.64132285541e-09 0.514203945649 0.482284366251 0.999999930514 0.510178 0 0
492.6 17 12 1.09397488211 5.49686501115 1.61273305821e-09 0.514198878745 0.482293633845 0.999999902967 0.440789 0 0
492.7 17 12 1.09394874396 5.49674286798 1.32277067078e-09 0.514193748555 0.482302986886 0.999999908032 0.438629 0 0
492.8 17 12 1.09392580421 5.49586451076 1.60631841162e-09 0.514188583832 0.482312417447 0.999999922616 0.513016 0 0
492.9 17 12 1.09390417447 5.49527176401 1.48697287816e-09 0.514183392735 0.482321929967 0.999999902887 0.447795 0 0
493 17 12 1.09388403655 5.49465597134 1.4534624615e-09 0.514178182392 0.482331501987 0.99999992127 0.514661 0 0
493.1 17 12 1.09385999807 5.49414118409 1.44688161452e-09 0.514172959271 0.482341094679 0.999999916866 0.445967 0 0
493.2 17 12 1.09383354974 5.49357004062 1.50845169689e-09 0.514167719564 0.482350758106 0.999999902365 0.357206 0 0
493.3 17 12 1.09381337901 5.49305359738 1.4519959679e-09 0.514162473418 0.482360416294 0.999999935648 0.510345 0 0
493.4 17 12 1.09379247331 5.49257469441 1.52020884769e-09 0.514157200231 0.482370098321 0.999999916743 0.3571 0 0
493.5 17 12 1.09377226941 5.49189977927 1.42387279745e-09 0.514151910523 0.482379798585 0.999999917653 0.438712 0 0
493.6 17 12 1.09374535504 5.49131518089 1.39171651981e-09 0.514146619264 0.48238948161 0.999999906285 0.441342 0 0
493.7 17 12 1.09372357621 5.49061844987 1.49875545308e-09 0.514141308264 0.48239918726 0.999999897543 0.510789 0 0
493.8 17 12 1.09369413188 5.49006463441 1.47312551046e-09 0.514135984042 0.482408851774 0.999999899632 0.442949 0 0
493.9 17 12 1.0936646419 5.48948394656 1.36104261195e-09 0.51413064048 0.482418495634 0.999999915806 0.511214 0 0
494 17 13 1.0936429022 5.48907749716 1.32782307372e-09 0.514125281124 0.482428103419 0.999999920381 0.510985 0 0
494.1 17 12 1.09361939669 5.48846230107 1.34530353524e-09 0.514119929603 0.482437700825 0.999999929783 0.43961 0 0
494.2 17 12 1.09359298487 5.4878807353 1.37479694295e-09 0.514114555425 0.482447231004 0.999999920546 0.511948 0 0
494.3 17 12 1.09356434403 5.48759253433 1.41719314062e-09 0.514109162705 0.482456733718 0.999999911499 0.439641 0 0
494.4 17 12 1.09353398178 5.48687133201 1.43765643834e-09 0.514103755656 0.482466162075 0.999999929904 0.438538 0 0
494.5 17 12 1.09351252226 5.48633333734 1.4176684271e-09 0.514098333662 0.482475523242 0.999999915681 0.437402 0 0
494.6 17 12 1.09349039852 5.4859368683 1.35356093001e-09 0.514092906882 0.482484817052 0.999999924622 0.509773 0 0
494.7 17 12 1.09346469875 5.48522232396 1.22063892327e-09 0.514087473543 0.482494034352 0.999999909115 0.43782 0 0
494.8 17 12 1.09343428082 5.48462842835 1.44772493993e-09 0.514082046328 0.482503137982 0.999999897354 0.43694 0 0
494.9 17 12 1.09341145549 5.48407710571 1.38777844771e-09 0.514076612338 0.482512145844 0.999999921557 0.439561 0 0
495 17 12 1.09338851783 5.48374403222 1.20406185022e-09 0.51407119729 0.48252106245 0.99999990537 0.438839 0 0
495.1 17 12 1.09336627364 5.48312447873 1.27368537939e-09 0.514065799895 0.482529879451 0.999999931083 0.510538 0 0
495.2 17 12 1.09334359147 5.48158812566 1.32233357597e-09 0.514060414026 0.482538584128 0.999999918249 0.511321 0 0
495.3 17 12 1.09331946465 5.48078322624 1.31998612041e-09 0.51405505246 0.482547188161 0.999999908649 0.439186 0 0
495.4 17 12 1.09328891421 5.48022703596 1.26194443784e-09 0.51404971895 0.482555678361 0.999999898049 0.360393 0 0
495.5 17 12 1.09326247383 5.47991850742 1.61248348007e-09 0.514044426395 0.482564090524 0.999999915728 0.518518 0 0
495.6 17 12 1.09323573842 5.47910831022 1.33384547851e-09 0.514039151056 0.482572436533 0.999999900367 0.443062 0 0
495.7 17 12 1.09320454844 5.47845878528 1.3193299786e-09 0.514033912918 0.482580699365 0.999999899468 0.442096 0 0
495.8 17 12 1.09317607761 5.47807023065 1.36195399403e-09 0.514028695207 0.482588893167 0.999999934279 0.442228 0 0
495.9 17 12 1.09314751525 5.47763924078 1.26864707628e-09 0.514023521149 0.482597008229 0.999999894191 0.444543 0 0
496 17 12 1.09311415368 5.47711633314 1.33101762945e-09 0.514018402101 0.482605018862 0.99999991927 0.518044 0 0
496.1 17 12 1.09308158241 5.476549946 1.24496379872e-09 0.514013305017 0.482612931559 0.99999990201 0.442711 0 0
496.2 17 12 1.09304676363 5.47614681509 1.22431598193e-09 0.514008248839 0.482620750366 0.999999922684 0.439915 0 0
496.3 17 12 1.09301548848 5.47575687807 1.2927303672e-09 0.514003223375 0.482628497216 0.999999904358 0.44809 0 0
496.4 17 12 1.09298003846 5.47555680019 1.55161106186e-09 0.513998244469 0.482636196401 0.999999905606 0.452665 0 0
496.5 17 12 1.0929463452 5.47484987296 1.44907974509e-09 0.513993311842 0.482643825284 0.999999915462 0.519559 0 0
496.6 17 12 1.09290946739 5.47455294123 1.20478427235e-09 0.513988423913 0.482651395695 0.999999913301 0.446444 0 0
496.7 17 12 1.09287847147 5.47372671848 1.20930521152e-09 0.513983588616 0.482658902539 0.99999990174 0.360253 0 0
496.8 17 12 1.09284299626 5.47323613763 1.47034628917e-09 0.513978810632 0.482666332201 0.999999889515 0.440004 0 0
496.9 17 12 1.09280623017 5.47270782585 1.31757249555e-09 0.513974084241 0.482673690301 0.99999990549 0.443572 0 0
497 16 12 1.09276639287 5.47234339114 9.97081239795e-09 0.513969419221 0.482680985592 0.999999908081 0.522077 0 0
497.1 16 12 1.09273215148 5.47184976931 9.94571147661e-09 0.513964854481 0.482688228382 0.999999910306 0.517793 0 0
497.2 16 12 1.0926943216 5.4718882139 9.93506543701e-09 0.513960339299 0.482695441146 0.99999992651 0.518945 0 0
497.3 16 12 1.09265898105 5.47107481079 9.91960025232e-09 0.51395586081 0.482702615981 0.99999992547 0.515865 0 0
497.4 16 12 1.09261673118 5.47076287172 9.90593740369e-09 0.513951442483 0.482709782741 0.999999917146 0.509189 0 0
497.5 16 12 1.09257823516 5.4702938829 9.8885233335e-09 0.51394705029 0.482716918113 0.999999922627 0.517708 0 0
497.6 16 12 1.09254264739 5.46991294087 9.87377168915e-09 0.513942688968 0.482724057127 0.999999929816 0.518519 0 0
497.7 16 12 1.09250488305 5.46959878525 9.85508830098e-09 0.513938368305 0.482731212994 0.999999926548 0.445455 0 0
497.8 16 12 1.09246386918 5.4692640491 9.83326775561e-09 0.513934071335 0.482738373811 0.999999921795 0.44842 0 0
497.9 16 12 1.09242477729 5.46878266796 9.81965198044e-09 0.513929782239 0.482745546299 0.999999919362 0.515772 0 0
498 16 12 1.09238211073 5.4684786216 9.80677938855e-09 0.513925560202 0.482752745693 0.999999926914 0.43745 0 0
498.1 16 12 1.09234084218 5.46807255951 9.79419456648e-09 0.513921333966 0.482759976082 0.999999914251 0.5139 0 0
498.2 16 12 1.09229926957 5.46780837385 9.78479042235e-09 0.513917126751 0.482767234736 0.999999937905 0.520343 0 0
498.3 16 12 1.09225772553 5.46750378976 9.77413194825e-09 0.513912907554 0.482774539201 0.999999925759 0.519402 0 0
498.4 16 12 1.09221121485 5.46718159418 9.76722558388e-09 0.51390866341 0.482781904269 0.999999917126 0.518424 0 0
498.5 16 12 1.09216918542 5.46682258902 9.75786806912e-09 0.513904399059 0.482789332841 0.999999927925 0.526647 0 0
498.6 16 12 1.09212253076 5.46648690819 9.74745217874e-09 0.513900117622 0.482796824755 0.999999916107 0.444737 0 0
498.7 16 12 1.09208011276 5.46615595346 9.73918423686e-09 0.513895801441 0.482804396762 0.99999993592 0.441881 0 0
498.8 16 12 1.09203651007 5.46588430876 9.72361702267e-09 0.51389144658 0.482812040353 0.999999932844 0.523457 0 0
498.9 16 12 1.09199082071 5.46563307543 9.7142320854e-09 0.513887042103 0.482819780916 0.999999937058 0.519053 0 0
499 16 12 1.0919454152 5.4654688174 9.70855285054e-09 0.513882585252 0.482827616002 0.999999915161 0.517269 0 0
499.1 16 12 1.09190087923 5.46495058555 9.70214164564e-09 0.513878079474 0.48283554355 0.999999922404 0.441598 0 0
499.2 16 12 1.09185521678 5.46456575917 9.7019736689e-09 0.51387348952 0.482843570417 0.999999916013 0.512069 0 0
499.3 16 12 1.09181028291 5.46417438985 9.69694802233e-09 0.513868840836 0.482851686571 0.999999904341 0.448254 0 0
499.4 16 12 1.09176564393 5.4638072904 9.69339208901e-09 0.513864098888 0.482859935233 0.999999926962 0.520558 0 0
499.5 16 12 1.0917237886 5.46359400881 9.68501046028e-09 0.513859287003 0.482868283852 0.999999942561 0.444768 0 0
499.6 16 12 1.09167980825 5.4632676308 9.67663593698e-09 0.513854377899 0.482876735376 0.999999929613 0.518286 0 0
499.7 16 12 1.09163850249 5.46290215735 9.6658605564e-09 0.513849369505 0.482885283438 0.999999922871 0.520268 0 0
499.8 16 12 1.09159682061 5.46261607451 9.65759783256e-09 0.513844251428 0.482893931027 0.999999920921 0.439494 0 0
499.9 16 12 1.09154665177 5.46219425243 9.6538043115e-09 0.5138390381 0.482902686129 0.99999990838 0.437579 0 0
500 16 12 1.09149767636 5.46182722785 9.64797786107e-09 0.513833706477 0.482911515114 0.999999919028 0.44305 0 0
