# SIAM impurity greater Green function, spin-symmetric FBR
# L=200 U=0.025 V=0.1 dt=0.1 tmax=100 E_gs=-62.7298692503
# t  n_active  bond_dim  wall_s  ReG00  ImG00  n0  ReC0n  ImC0n  E_psi0  E_B
0 20 20 0.058 0 -0.499999998444 0.500000001082 -0.239753461283 0 -1000 -1000
0.1 24 19 0.607325 -0.00246753449858 -0.499974592245 0.500000001073 -0.23975356572 -1.66797234228e-10 -0.102851803595 -0.0535002736722
0.2 28 18 0.505616 -0.00493285451 -0.499898438722 0.500000001131 -0.23975382087 2.47448462572e-10 -0.102851876089 -0.0535397408915
0.3 32 18 0.572186 -0.00739375394588 -0.499771733518 0.500000001289 -0.239754217967 7.07956834768e-09 -0.102852006009 -0.0536185211982
0.4 36 18 0.799503 -0.0098480443913 -0.499594801504 0.500000001687 -0.239754758836 2.1703689306e-08 -0.102852194077 -0.0537363192254
0.5 40 18 0.879352 -0.0122935636909 -0.499368095211 0.500000002503 -0.239755438879 4.59539549781e-08 -0.102852438337 -0.0538926939881
0.6 44 18 0.938338 -0.0147281841488 -0.499092192629 0.500000003908 -0.239756251485 7.82475850047e-08 -0.102852736556 -0.0540870616148
0.7 48 19 1.01036 -0.0171498231831 -0.498767794155 0.500000006042 -0.23975718949 1.1580511877e-07 -0.102853085999 -0.0543186961334
0.8 52 18 0.951766 -0.0195564461377 -0.498395719739 0.500000008866 -0.239758256051 1.50476040658e-07 -0.102853488304 -0.0545867381166
0.9 56 17 1.211451 -0.0219460807073 -0.497976903791 0.500000012229 -0.2397594288 1.7629310088e-07 -0.102853934163 -0.0548901956444
1 60 18 1.337124 -0.0243168200264 -0.497512391482 0.50000001608 -0.239760711571 1.97990030026e-07 -0.102854425413 -0.0552279487308
1.1 64 17 1.471149 -0.0266668312991 -0.497003332969 0.500000020333 -0.239762091581 2.15632285728e-07 -0.102854957252 -0.0555987594255
1.2 68 17 1.544482 -0.0289943613664 -0.496450978707 0.500000024792 -0.239763565197 2.23850811499e-07 -0.102855528228 -0.0560012735155
1.3 72 17 1.657815 -0.031297744977 -0.495856671615 0.500000029428 -0.239765116554 2.29350239763e-07 -0.102856132046 -0.0564340323465
1.4 76 16 1.810844 -0.0335754078886 -0.495221842673 0.500000034076 -0.239766743218 2.27295350142e-07 -0.10285676781 -0.0568954768052
1.5 80 17 1.870882 -0.0358258748238 -0.494548001847 0.500000038599 -0.239768431594 2.17371380296e-07 -0.102857430138 -0.0573839574763
1.6 84 19 2.06195 -0.0380477718047 -0.493836733452 0.50000004286 -0.239770171654 2.01093988088e-07 -0.102858115581 -0.0578977426748
1.7 88 17 2.286375 -0.0402398320371 -0.493089685403 0.500000046745 -0.239771953421 1.78391545543e-07 -0.102858819653 -0.0584350256319
1.8 92 17 2.514614 -0.0424008983523 -0.492308564509 0.500000050105 -0.239773765565 1.49707140491e-07 -0.102859538103 -0.0589939422636
1.9 96 18 2.807012 -0.0445299267353 -0.491495126324 0.500000052818 -0.239775599689 1.14072408142e-07 -0.102860267191 -0.0595725653938
2 100 17 2.768946 -0.046625987515 -0.490651168738 0.500000054731 -0.239777444592 7.24748786228e-08 -0.102861003088 -0.0601689297281
2.1 104 17 2.689144 -0.048688268952 -0.489778522087 0.500000055722 -0.239779285972 2.26873928962e-08 -0.102861739506 -0.0607810295972
2.2 108 17 3.270298 -0.0507160774645 -0.488879041576 0.500000055694 -0.23978111483 -3.07198267942e-08 -0.102862473002 -0.0614068425029
2.3 112 19 3.204554 -0.0527088374598 -0.487954598944 0.500000054514 -0.239782922318 -9.08152801159e-08 -0.102863199981 -0.0620443279491
2.4 116 19 3.613994 -0.0546660928538 -0.487007074141 0.500000052098 -0.239784699158 -1.5418871996e-07 -0.102863916347 -0.0626914386971
2.5 120 20 4.155593 -0.056587503914 -0.486038347461 0.500000048335 -0.239786433604 -2.24200389073e-07 -0.102864617708 -0.0633461405672
2.6 124 21 4.205933 -0.0584728476059 -0.485050290927 0.500000043145 -0.239788116406 -2.97112543952e-07 -0.102865300527 -0.0640064075914
2.7 128 18 4.787431 -0.0603220155633 -0.484044760694 0.500000036484 -0.239789738964 -3.72079081949e-07 -0.102865961089 -0.064670243215
2.8 132 18 4.85819 -0.0621350091887 -0.483023589848 0.50000002829 -0.239791291496 -4.49407192188e-07 -0.102866595277 -0.0653356830618
2.9 136 20 5.214978 -0.0639119446654 -0.481988578624 0.500000018522 -0.239792768624 -5.28851573023e-07 -0.102867200689 -0.0660008037136
3 140 23 5.311193 -0.0656530311777 -0.480941493444 0.500000007149 -0.239794160278 -6.07523500972e-07 -0.102867773441 -0.0666637406118
3.1 144 21 5.629459 -0.0673585913808 -0.479884051182 0.499999994217 -0.23979546143 -6.85592306982e-07 -0.102868311123 -0.0673226850379
3.2 148 21 5.944038 -0.0690290400618 -0.478817920994 0.49999997975 -0.239796665507 -7.61472173875e-07 -0.102868811426 -0.0679758990906
3.3 152 21 6.305517 -0.0706648842379 -0.477744711588 0.499999963679 -0.239797770121 -8.4076185257e-07 -0.102869272608 -0.0686217206023
3.4 156 22 6.574446 -0.0722667174272 -0.476665972312 0.499999946235 -0.239798763559 -9.09188288725e-07 -0.102869691331 -0.0692585686934
3.5 160 20 6.383828 -0.0738352111608 -0.475583184014 0.499999927397 -0.239799652679 -9.77445372761e-07 -0.102870067871 -0.0698849542823
3.6 164 22 7.149331 -0.0753711156529 -0.474497753771 0.499999907229 -0.239800430646 -1.04079487698e-06 -0.102870400789 -0.0704994787793
3.7 168 19 7.443688 -0.0768752475078 -0.473411013348 0.499999885904 -0.239801098193 -1.09430198835e-06 -0.102870689507 -0.0711008455867
3.8 172 22 8.146297 -0.0783484858715 -0.472324216406 0.499999863548 -0.239801645792 -1.1443255172e-06 -0.102870929917 -0.0716878602425
3.9 176 21 7.354252 -0.0797917649632 -0.471238531274 0.499999840297 -0.239802079125 -1.18815022028e-06 -0.102871125124 -0.0722594361402
4 180 21 8.380156 -0.0812060683097 -0.470155042188 0.499999816122 -0.23980240281 -1.22921500935e-06 -0.102871276329 -0.072814595695
4.1 184 19 8.084596 -0.0825924191994 -0.469074747392 0.499999791172 -0.239802612212 -1.26536798482e-06 -0.102871381569 -0.07335248062
4.2 188 22 10.220215 -0.0839518782226 -0.467998554322 0.499999765591 -0.239802716299 -1.29190694839e-06 -0.102871444349 -0.0738723295126
4.3 192 21 10.48219 -0.0852855331107 -0.466927282119 0.499999739586 -0.239802712412 -1.30993823661e-06 -0.102871463242 -0.0743735123216
4.4 196 22 10.363814 -0.0865944923861 -0.465861660147 0.499999713225 -0.239802604973 -1.32507927939e-06 -0.102871439817 -0.0748555082528
4.5 200 22 10.44265 -0.0878798777158 -0.464802330004 0.499999686609 -0.239802396973 -1.33654820341e-06 -0.102871375258 -0.0753179111437
4.6 200 21 9.410474 -0.0891428190067 -0.463749844412 0.499999659922 -0.239802095098 -1.3375806566e-06 -0.10287127187 -0.0757604323102
4.7 200 22 10.234818 -0.0903844501371 -0.462704666374 0.499999633374 -0.239801701263 -1.32573157891e-06 -0.102871130809 -0.0761828858484
4.8 200 24 11.110258 -0.0916058958407 -0.461667173854 0.499999606968 -0.239801231021 -1.31328816904e-06 -0.102870958157 -0.0765852024944
4.9 200 22 9.341044 -0.0928082716051 -0.460637664355 0.499999581215 -0.239800684013 -1.27859978032e-06 -0.102870752455 -0.0769674207313
5 200 21 10.027915 -0.0939926738808 -0.459616353084 0.499999555901 -0.239800072259 -1.25479182598e-06 -0.102870520333 -0.0773296729007
5.1 200 21 9.824343 -0.0951601774364 -0.458603377779 0.499999531125 -0.239799396425 -1.22288575302e-06 -0.102870260786 -0.0776721922473
5.2 200 22 10.970318 -0.096311831226 -0.457598801234 0.499999507112 -0.239798663389 -1.18319400626e-06 -0.102869977563 -0.0779953092333
5.3 200 22 10.621989 -0.097448647383 -0.456602614409 0.499999483859 -0.239797888908 -1.14225352744e-06 -0.102869676073 -0.078299443355
5.4 200 24 9.930403 -0.0985716056242 -0.455614746266 0.499999461485 -0.239797067231 -1.09861913012e-06 -0.10286935407 -0.0785850951924
5.5 200 23 9.975853 -0.0996816415757 -0.454635059864 0.499999440045 -0.23979621689 -1.04907811197e-06 -0.102869019091 -0.0788528428856
5.6 200 23 9.963498 -0.100779647269 -0.453663363104 0.499999419785 -0.239795348688 -9.88221030559e-07 -0.102868675041 -0.0791033362824
5.7 200 22 10.586291 -0.101866464627 -0.452699412112 0.499999400491 -0.239794463698 -9.35419529433e-07 -0.102868322937 -0.0793372888834
5.8 200 23 10.657805 -0.10294288993 -0.451742910537 0.499999382557 -0.239793561273 -8.68814285236e-07 -0.102867962914 -0.0795554730221
5.9 200 23 11.245566 -0.104009660166 -0.450793524699 0.499999365822 -0.239792666008 -8.04709541301e-07 -0.102867604142 -0.0797587102484
6 200 23 11.173072 -0.105067462835 -0.449850878134 0.499999350457 -0.239791771529 -7.34718029355e-07 -0.102867244315 -0.0799478679306
6.1 200 22 9.359805 -0.106116924815 -0.448914567761 0.499999336447 -0.239790895173 -6.64607913729e-07 -0.102866890235 -0.0801238501472
6.2 200 23 11.188625 -0.107158621416 -0.447984155212 0.499999323879 -0.23979003669 -5.93475697089e-07 -0.102866541968 -0.0802875910156
6.3 200 22 10.38279 -0.10819306037 -0.447059196688 0.499999312523 -0.239789223486 -5.25422540578e-07 -0.102866210504 -0.0804400412527
6.4 200 24 10.448964 -0.10922069933 -0.44613921398 0.499999302848 -0.239788427505 -4.41158577403e-07 -0.102865884877 -0.0805821778314
6.5 200 23 10.567713 -0.110241936666 -0.445223726581 0.499999294849 -0.239787671087 -3.57302080282e-07 -0.102865573947 -0.0807149761934
6.6 200 22 10.139887 -0.111257112046 -0.444312245222 0.49999928872 -0.239786961326 -2.62815533459e-07 -0.102865280764 -0.0808394214615
6.7 200 24 10.330553 -0.112266512593 -0.443404280968 0.499999284428 -0.239786298856 -1.68993591144e-07 -0.102865005648 -0.0809564880935
6.8 200 24 10.895374 -0.113270366255 -0.442499339746 0.499999282296 -0.239785675067 -5.8970656646e-08 -0.102864745749 -0.0810671382776
6.9 200 23 9.579328 -0.114268851747 -0.441596943447 0.499999282148 -0.239785115684 4.38734717185e-08 -0.102864510038 -0.0811723219581
7 200 22 10.043808 -0.115262096628 -0.440696619405 0.499999284005 -0.239784600931 1.45174945398e-07 -0.102864293046 -0.0812729611799
7.1 200 23 10.288268 -0.116250181555 -0.439797914188 0.499999288006 -0.239784155843 2.55007481015e-07 -0.102864102933 -0.0813699494222
7.2 200 26 10.35338 -0.117233136642 -0.43890038982 0.499999294455 -0.239783773082 3.80667973792e-07 -0.102863937337 -0.0814641496726
7.3 200 24 10.76253 -0.118210956749 -0.438003632662 0.49999930327 -0.239783452408 4.99279536742e-07 -0.1028637965 -0.0815563861456
7.4 200 25 10.700457 -0.11918359118 -0.437107250706 0.499999314577 -0.239783187981 6.2911105448e-07 -0.102863678137 -0.0816474346002
7.5 200 24 11.380684 -0.120150955952 -0.436210881877 0.499999328553 -0.23978298625 7.64053335597e-07 -0.102863585013 -0.0817380277574
7.6 200 25 10.883056 -0.121112934326 -0.435314194663 0.499999345312 -0.239782843764 9.05559298303e-07 -0.102863515823 -0.0818288500124
7.7 200 25 10.714242 -0.122069378577 -0.434416882822 0.499999364967 -0.23978274778 1.05314652803e-06 -0.102863465729 -0.0819205317085
7.8 200 24 9.713852 -0.123020119677 -0.433518680494 0.499999387502 -0.239782722177 1.19760133524e-06 -0.102863443903 -0.0820136416815
7.9 200 25 10.541696 -0.123964965692 -0.432619355417 0.499999412938 -0.239782748854 1.34565582648e-06 -0.102863443348 -0.0821086982071
8 200 24 11.292833 -0.12490370138 -0.431718702832 0.499999441516 -0.239782817518 1.50488118505e-06 -0.102863460624 -0.082206161563
8.1 200 26 11.55163 -0.12583610566 -0.430816566152 0.499999473123 -0.239782949097 1.65829770605e-06 -0.10286350371 -0.0823064255492
8.2 200 25 10.785703 -0.126761939183 -0.429912817748 0.49999950811 -0.239783120832 1.8309499426e-06 -0.102863563969 -0.0824098329545
8.3 200 25 11.119545 -0.127680959326 -0.429007364757 0.499999546436 -0.239783328411 1.99935831911e-06 -0.102863638921 -0.0825166528531
8.4 200 23 10.169041 -0.12859292314 -0.428100152986 0.499999588087 -0.239783572602 2.16531942677e-06 -0.102863729055 -0.0826271060984
8.5 200 26 10.680813 -0.129497583188 -0.427191162252 0.499999633239 -0.239783853181 2.34347137461e-06 -0.102863835293 -0.0827413477898
8.6 200 26 10.893454 -0.130394696686 -0.426280405717 0.499999681916 -0.239784152827 2.52117818723e-06 -0.102863949569 -0.0828594807612
8.7 200 27 11.102937 -0.131284027285 -0.425367930287 0.499999734298 -0.239784480562 2.70689174751e-06 -0.102864076195 -0.08298154654
8.8 200 25 10.23831 -0.132165346956 -0.424453810795 0.49999979038 -0.239784821858 2.89240059723e-06 -0.10286420937 -0.0831075352842
8.9 200 25 11.468882 -0.133038441517 -0.423538150329 0.499999850144 -0.239785178282 3.07704200927e-06 -0.102864349441 -0.0832373830355
9 200 25 9.893428 -0.133903111052 -0.422621091264 0.499999913889 -0.239785558951 3.27835193137e-06 -0.102864500659 -0.0833709809447
9.1 200 27 11.569369 -0.134759170782 -0.421702787542 0.499999981335 -0.239785922457 3.46299488296e-06 -0.102864645911 -0.0835081730992
9.2 200 29 11.638085 -0.135606458081 -0.420783419672 0.500000052248 -0.239786287525 3.63315974658e-06 -0.102864792636 -0.083648759913
9.3 200 26 10.748437 -0.136444828949 -0.419863190578 0.500000126689 -0.239786640611 3.80850675386e-06 -0.102864935608 -0.0837924972049
9.4 200 28 9.831253 -0.137274162625 -0.418942318641 0.500000204611 -0.239786986874 3.98438668221e-06 -0.102865076696 -0.0839391181206
9.5 200 27 10.341007 -0.138094359348 -0.418021038323 0.500000286072 -0.239787318516 4.15948212555e-06 -0.102865213031 -0.0840883112771
9.6 200 29 12.16115 -0.138905350446 -0.417099601148 0.500000370945 -0.239787631928 4.32990377339e-06 -0.102865342759 -0.0842397493501
9.7 200 29 12.341564 -0.139707081653 -0.416178254936 0.500000459301 -0.239787907908 4.50099694225e-06 -0.102865458297 -0.0843930752962
9.8 200 27 11.49075 -0.140499530044 -0.415257268691 0.500000551067 -0.239788167981 4.6705079296e-06 -0.102865568815 -0.0845479133398
9.9 200 27 11.396358 -0.141282700843 -0.414336909441 0.500000646157 -0.23978839513 4.83204819802e-06 -0.102865667804 -0.084703873841
10 200 29 13.122035 -0.142056621095 -0.413417446571 0.500000744426 -0.239788591725 4.98897747689e-06 -0.102865753846 -0.0848605569803
10.1 200 28 12.387807 -0.142821345371 -0.412499149328 0.500000845999 -0.23978875943 5.15243029913e-06 -0.10286582883 -0.0850175549049
10.2 200 28 11.732597 -0.14357694902 -0.411582284301 0.500000950689 -0.23978888447 5.30520963987e-06 -0.102865887979 -0.0851744584711
10.3 200 27 11.654948 -0.144323537896 -0.410667110081 0.500001058236 -0.239788972048 5.44376528496e-06 -0.102865932298 -0.0853308584281
10.4 200 27 11.205168 -0.145061236246 -0.409753877171 0.500001168647 -0.239789011432 5.58388524882e-06 -0.102865958131 -0.0854863525368
10.5 200 27 11.236248 -0.145790191199 -0.40884282493 0.500001281576 -0.23978901298 5.70372814377e-06 -0.102865968681 -0.085640546806
10.6 200 27 12.857283 -0.146510566084 -0.40793418402 0.500001397057 -0.239788968625 5.82538815569e-06 -0.102865962008 -0.0857930573962
10.7 200 27 10.560648 -0.147222550906 -0.407028168823 0.500001514604 -0.239788895665 5.92570670124e-06 -0.102865942826 -0.0859435195135
10.8 200 30 12.304084 -0.147926348114 -0.406124975743 0.500001634029 -0.239788775144 6.01096183474e-06 -0.102865905017 -0.0860915853494
10.9 200 28 11.600924 -0.148622178688 -0.405224784759 0.500001754951 -0.239788620526 6.07668114621e-06 -0.102865853327 -0.0862369274775
11 200 29 12.415046 -0.149310273737 -0.404327762941 0.500001877295 -0.239788421519 6.14524088843e-06 -0.102865784417 -0.0863792443191
11.1 200 28 12.536485 -0.149990876254 -0.403434047793 0.500002000878 -0.239788191463 6.20040752374e-06 -0.102865702067 -0.0865182572105
11.2 200 28 10.956075 -0.15066423459 -0.402543767509 0.500002125601 -0.239787912699 6.24790575659e-06 -0.102865600737 -0.0866537184951
11.3 200 28 10.009011 -0.15133061413 -0.40165702066 0.500002250774 -0.23978761375 6.26136738352e-06 -0.102865490058 -0.0867854081048
11.4 200 30 10.104134 -0.151990276124 -0.400773886387 0.500002375962 -0.239787283409 6.25464096506e-06 -0.102865366224 -0.0869131386608
11.5 200 28 10.507036 -0.152643492731 -0.399894425736 0.500002500876 -0.239786931918 6.23231233715e-06 -0.1028652336 -0.0870367528089
11.6 200 31 10.730082 -0.153290528401 -0.399018672011 0.50000262541 -0.239786555234 6.20298650261e-06 -0.102865090441 -0.0871561277994
11.7 200 29 13.175629 -0.153931654454 -0.398146637428 0.500002748978 -0.239786158254 6.14565305011e-06 -0.10286493849 -0.087271169395
11.8 200 29 12.783279 -0.154567134644 -0.397278322051 0.500002871709 -0.239785746475 6.09517106207e-06 -0.102864781463 -0.0873818224072
11.9 200 29 11.927474 -0.155197227317 -0.39641369917 0.50000299327 -0.239785320283 6.02752391847e-06 -0.102864616348 -0.0874880600347
12 200 27 11.198659 -0.155822187754 -0.39555272484 0.500003113016 -0.239784882279 5.92636817455e-06 -0.102864446192 -0.0875898905712
12.1 200 27 11.433043 -0.156442254649 -0.394695332142 0.50000323031 -0.23978443311 5.79194231444e-06 -0.102864270579 -0.08768735098
12.2 200 28 11.554337 -0.157057662372 -0.393841434652 0.500003344575 -0.239783986719 5.63079409221e-06 -0.102864095216 -0.0877805076687
12.3 200 27 11.999387 -0.157668638767 -0.392990934566 0.500003455899 -0.23978354545 5.47126177877e-06 -0.102863921509 -0.087869464387
12.4 200 28 12.922287 -0.158275378459 -0.392143729703 0.500003563539 -0.23978308005 5.27609968599e-06 -0.102863737825 -0.0879543421316
12.5 200 28 12.515574 -0.158878084997 -0.391299679954 0.500003667095 -0.239782660173 5.0611421831e-06 -0.102863570713 -0.0880352978477
12.6 200 28 12.704577 -0.15947693308 -0.390458652189 0.500003765993 -0.239782242657 4.81639267919e-06 -0.102863403898 -0.0881125004981
12.7 200 27 11.841083 -0.160072083882 -0.389620494218 0.500003859786 -0.239781842374 4.54866640663e-06 -0.102863243408 -0.0881861536863
12.8 200 27 11.767978 -0.160663681775 -0.388785051603 0.500003948112 -0.239781461115 4.26519675686e-06 -0.102863088773 -0.0882564685429
12.9 200 27 12.364473 -0.161251851708 -0.38795215511 0.500004030538 -0.239781105248 3.95562741656e-06 -0.102862944353 -0.0883236859003
13 200 27 10.846433 -0.161836705156 -0.387121639105 0.500004106546 -0.239780769445 3.62403438342e-06 -0.102862807064 -0.0883880522863
13.1 200 28 10.466342 -0.162418331816 -0.386293326117 0.500004175679 -0.239780465804 3.27150404329e-06 -0.102862681001 -0.0884498307393
13.2 200 28 11.657844 -0.162996796939 -0.385467041554 0.500004237428 -0.239780181869 2.89130541598e-06 -0.102862562378 -0.0885092923937
13.3 200 29 13.395828 -0.163572160736 -0.384642610878 0.500004291584 -0.239779939314 2.50253141919e-06 -0.102862461469 -0.0885667157383
13.4 200 27 11.273602 -0.16414445697 -0.383819862568 0.500004337649 -0.239779722315 2.08800782008e-06 -0.102862368675 -0.0886223850603
13.5 200 28 10.514793 -0.164713704299 -0.382998622496 0.500004375081 -0.239779556122 1.65137527684e-06 -0.102862295581 -0.088676585592
13.6 200 28 11.06593 -0.165279904319 -0.382178727646 0.500004403794 -0.239779419888 1.20718127123e-06 -0.102862234435 -0.088729604103
13.7 200 27 12.010495 -0.165843042238 -0.381360021138 0.500004423507 -0.239779323252 7.50208821003e-07 -0.10286218854 -0.0887817215857
13.8 200 28 11.51772 -0.166403088671 -0.380542350391 0.500004433848 -0.239779263127 2.7806493709e-07 -0.102862157157 -0.0888332147216
13.9 200 28 11.277463 -0.166959999012 -0.379725573995 0.500004434751 -0.239779246096 -1.99837736511e-07 -0.102862142532 -0.0888843508488
14 200 28 13.448958 -0.167513718553 -0.378909564601 0.500004425979 -0.239779264065 -6.85685278411e-07 -0.102862142181 -0.0889353876985
14.1 200 27 11.307101 -0.168064176629 -0.37809419889 0.500004407536 -0.239779332857 -1.17202029747e-06 -0.102862161767 -0.0889865774742
14.2 200 32 14.446176 -0.168611293838 -0.377279372095 0.500004379411 -0.239779423469 -1.66024844023e-06 -0.102862190358 -0.0890381490253
14.3 200 28 10.238253 -0.169154984045 -0.376464988329 0.500004341401 -0.239779544194 -2.15925168111e-06 -0.102862230744 -0.0890903216861
14.4 200 28 10.527707 -0.169695149884 -0.375650969413 0.500004293268 -0.239779706079 -2.65948732584e-06 -0.102862287716 -0.0891432958041
14.5 200 28 11.26568 -0.170231690336 -0.37483724813 0.500004235277 -0.23977989821 -3.15315699225e-06 -0.102862356882 -0.0891972511349
14.6 200 32 12.34377 -0.170764497399 -0.374023774657 0.500004167411 -0.239780118505 -3.6445876836e-06 -0.102862437663 -0.0892523501629
14.7 200 28 12.24026 -0.171293462338 -0.373210511183 0.500004089831 -0.239780363158 -4.13135433194e-06 -0.102862528583 -0.0893087365256
14.8 200 28 10.654599 -0.171818472756 -0.372397436996 0.500004002455 -0.23978063599 -4.61161543093e-06 -0.102862631195 -0.0893665233011
14.9 200 29 11.745712 -0.1723394157 -0.371584544554 0.500003905726 -0.239780930912 -5.07960141635e-06 -0.102862743006 -0.0894258173038
15 200 28 10.62716 -0.172856181187 -0.370771841695 0.500003799649 -0.239781240341 -5.54161710303e-06 -0.102862860887 -0.0894866930618
15.1 200 30 12.018967 -0.173368659674 -0.369959350346 0.500003684438 -0.23978156711 -5.99306140074e-06 -0.102862986424 -0.0895491987242
15.2 200 34 11.500579 -0.173876746217 -0.369147106871 0.500003560221 -0.239781907254 -6.43811236821e-06 -0.102863117651 -0.0896133710498
15.3 200 30 12.158109 -0.174380341091 -0.36833515889 0.500003427188 -0.239782264168 -6.87175382067e-06 -0.102863255225 -0.0896792150193
15.4 200 28 13.07345 -0.174879351768 -0.367523568306 0.500003285773 -0.239782617137 -7.2812783563e-06 -0.102863394193 -0.0897467167375
15.5 200 28 11.36668 -0.17537369328 -0.366712406377 0.500003136243 -0.239782980485 -7.67985961022e-06 -0.102863536594 -0.0898158483256
15.6 200 31 12.478852 -0.175863287391 -0.365901756254 0.500002978813 -0.239783339434 -8.06769858126e-06 -0.102863677721 -0.0898865491006
15.7 200 28 10.32654 -0.176348066677 -0.365091709873 0.500002813923 -0.239783686962 -8.43564557335e-06 -0.102863815035 -0.0899587537979
15.8 200 29 11.341281 -0.176827972915 -0.364282368587 0.500002641737 -0.239784032985 -8.78830374288e-06 -0.102863952298 -0.0900323630146
15.9 200 28 11.069473 -0.177302957865 -0.3634738396 0.500002462595 -0.239784370435 -9.12601032351e-06 -0.102864086569 -0.0901072797302
16 200 29 12.668772 -0.177772989218 -0.362666239871 0.500002276855 -0.239784695136 -9.44511542259e-06 -0.102864216652 -0.0901833709081
16.1 200 29 13.189744 -0.178238040186 -0.361859686534 0.500002085145 -0.23978499292 -9.7322486865e-06 -0.102864336613 -0.0902605119801
16.2 200 28 10.602377 -0.17869810172 -0.361054302915 0.500001887671 -0.239785277539 -1.00081318333e-05 -0.102864451629 -0.090338546409
16.3 200 34 11.720456 -0.179153172351 -0.360250214093 0.500001684848 -0.239785544388 -1.02641905033e-05 -0.102864559844 -0.0904173199841
16.4 200 29 11.595188 -0.179603267231 -0.359447545331 0.500001477162 -0.239785785497 -1.0495081107e-05 -0.102864658148 -0.0904966653333
16.5 200 28 11.310309 -0.180048410179 -0.358646421999 0.500001265112 -0.239786004213 -1.06989358333e-05 -0.102864748282 -0.0905764026246
16.6 200 27 10.672839 -0.180488639502 -0.357846969907 0.500001049159 -0.239786198747 -1.08779649764e-05 -0.102864828897 -0.0906563593431
16.7 200 29 11.441846 -0.180924004477 -0.357049310935 0.500000829819 -0.239786365935 -1.10308887017e-05 -0.10286489861 -0.0907363476888
16.8 200 28 10.758504 -0.181354566742 -0.356253560297 0.500000607892 -0.239786505722 -1.1148516946e-05 -0.10286495761 -0.0908161889585
16.9 200 28 12.676153 -0.181780395771 -0.355459832163 0.500000383792 -0.239786617812 -1.12366021985e-05 -0.102865005971 -0.090895695577
17 200 28 10.126501 -0.182201575838 -0.354668235332 0.500000158329 -0.239786698155 -1.12846384092e-05 -0.102865042774 -0.0909746880883
17.1 200 30 9.355575 -0.182618198651 -0.353878869082 0.499999932166 -0.239786761236 -1.13032164531e-05 -0.102865070229 -0.0910529902945
17.2 200 28 10.357676 -0.183030360646 -0.353091824793 0.499999705986 -0.239786790384 -1.12849926451e-05 -0.102865085996 -0.0911304304048
17.3 200 28 10.207995 -0.183438174383 -0.352307188507 0.499999480489 -0.239786788604 -1.12312176891e-05 -0.102865088619 -0.0912068410525
17.4 200 30 12.478202 -0.183841754051 -0.351525031616 0.499999256426 -0.239786762433 -1.11407625821e-05 -0.102865081574 -0.091282068696
17.5 200 30 11.125971 -0.184241218722 -0.350745422553 0.499999034601 -0.239786705381 -1.10048624719e-05 -0.102865062276 -0.0913559582041
17.6 200 30 12.422261 -0.184636694591 -0.349968412869 0.49999881588 -0.239786628848 -1.08333998804e-05 -0.102865035125 -0.0914283916192
17.7 200 29 11.540195 -0.185028312871 -0.349194051218 0.499998601045 -0.239786528914 -1.06162766727e-05 -0.102864998494 -0.0914992360989
17.8 200 29 12.052921 -0.185416205522 -0.348422367174 0.499998390842 -0.23978641106 -1.03660163839e-05 -0.102864954166 -0.0915683815219
17.9 200 29 11.574898 -0.18580050562 -0.347653383302 0.499998186232 -0.239786278436 -1.00699920082e-05 -0.102864903675 -0.0916357330554
18 200 29 11.294943 -0.18618135 -0.346887109732 0.499997987808 -0.23978612976 -9.74014508605e-06 -0.102864846648 -0.0917012084678
18.1 200 29 10.978435 -0.186558871216 -0.346123548864 0.499997796385 -0.239785962863 -9.37392152295e-06 -0.102864782253 -0.0917647467206
18.2 200 28 11.54969 -0.18693320258 -0.345362687791 0.499997612624 -0.239785786358 -8.97282387182e-06 -0.10286471378 -0.0918262942015
18.3 200 29 12.574247 -0.187304473251 -0.344604506097 0.499997437181 -0.239785595803 -8.54167273872e-06 -0.102864639822 -0.0918858187664
18.4 200 29 11.952655 -0.187672810507 -0.343848970941 0.499997270709 -0.239785405692 -8.07795171276e-06 -0.102864565116 -0.0919432980782
18.5 200 28 11.043101 -0.188038336275 -0.343096040037 0.499997113838 -0.239785205745 -7.58740115497e-06 -0.102864486673 -0.091998733655
18.6 200 29 11.103941 -0.188401166208 -0.342345664255 0.499996967012 -0.239785006899 -7.07365447593e-06 -0.102864407818 -0.092052137415
18.7 200 29 12.13792 -0.188761409834 -0.341597784868 0.499996830744 -0.239784798223 -6.5371317345e-06 -0.102864324951 -0.0921035359316
18.8 200 31 12.382358 -0.189119170614 -0.340852334425 0.499996705342 -0.239784598069 -5.98485880174e-06 -0.102864245028 -0.0921529757019
18.9 200 33 9.75341 -0.189474544845 -0.340109238072 0.499996591076 -0.239784399559 -5.42258965146e-06 -0.102864165695 -0.0922005096856
19 200 29 10.397318 -0.189827619394 -0.339368415777 0.499996488193 -0.239784211227 -4.84983491239e-06 -0.10286409016 -0.0922462167164
19.1 200 37 14.22887 -0.190178471181 -0.33862978523 0.499996396704 -0.239784026218 -4.2777179252e-06 -0.102864015808 -0.092290177232
19.2 200 29 9.789644 -0.190527169426 -0.337893248417 0.499996317059 -0.239783848264 -3.69159243401e-06 -0.102863943802 -0.0923324839845
19.3 200 30 11.430099 -0.190873773254 -0.33715871669 0.499996248834 -0.239783679756 -3.11596324752e-06 -0.102863875355 -0.0923732421735
19.4 200 29 11.57851 -0.191218333252 -0.336426095548 0.499996192272 -0.239783517445 -2.53569185494e-06 -0.102863809915 -0.0924125682422
19.5 200 29 9.557968 -0.191560889452 -0.335695282672 0.499996147136 -0.239783377234 -1.9699630028e-06 -0.102863752458 -0.092450576776
19.6 200 29 10.442352 -0.191901471279 -0.334966182519 0.499996113245 -0.239783242402 -1.41456846745e-06 -0.102863697268 -0.092487408207
19.7 200 28 10.487932 -0.192240098417 -0.334238695346 0.499996090314 -0.239783122537 -8.74124208568e-07 -0.102863647364 -0.0925231900238
19.8 200 29 11.124231 -0.192576782124 -0.333512725502 0.499996078003 -0.239783021029 -3.53982429029e-07 -0.102863604871 -0.0925580701641
19.9 200 29 11.73532 -0.192911521813 -0.332788178014 0.499996076031 -0.23978293445 1.49654081169e-07 -0.102863566553 -0.0925921870553
20 200 29 10.61275 -0.193244310379 -0.332064961544 0.499996083919 -0.239782866711 6.31602571938e-07 -0.102863537579 -0.0926256825545
20.1 200 29 10.409039 -0.193575131035 -0.331342988541 0.499996100957 -0.239782805233 1.07548218061e-06 -0.102863512232 -0.0926587037785
20.2 200 29 10.78374 -0.193903958037 -0.330622176825 0.499996126861 -0.239782761239 1.50503049436e-06 -0.102863493115 -0.0926913886087
20.3 200 31 11.683052 -0.194230759271 -0.329902449466 0.499996160931 -0.239782738314 1.89677518216e-06 -0.102863482185 -0.0927238788345
20.4 200 32 11.107898 -0.194555494651 -0.329183732649 0.499996202562 -0.23978273442 2.25740263836e-06 -0.102863478483 -0.092756310546
20.5 200 32 11.350548 -0.194878119946 -0.32846596423 0.499996251071 -0.23978275673 2.58413970215e-06 -0.102863485246 -0.0927888218075
20.6 200 29 12.840276 -0.195198582102 -0.327749084837 0.499996305729 -0.239782794665 2.87200169717e-06 -0.102863497479 -0.0928215359563
20.7 200 35 10.078046 -0.195516825794 -0.327033048093 0.49999636583 -0.239782847731 3.12676284902e-06 -0.102863515946 -0.0928545698917
20.8 200 31 11.399988 -0.195832788953 -0.326317808589 0.499996430236 -0.239782912242 3.32070923973e-06 -0.102863539445 -0.0928880374859
20.9 200 29 10.442317 -0.196146411729 -0.325603336247 0.499996498526 -0.239782993127 3.49695065424e-06 -0.102863569355 -0.0929220385759
21 200 31 11.745963 -0.196457626059 -0.324889605161 0.499996569799 -0.23978309185 3.62647372323e-06 -0.102863606584 -0.0929566658542
21.1 200 34 14.394762 -0.196766366813 -0.324176601073 0.49999664346 -0.239783201964 3.72685886972e-06 -0.102863648195 -0.0929919990819
21.2 200 39 11.182653 -0.197072564898 -0.323464315765 0.499996718188 -0.239783293707 3.75934927532e-06 -0.102863684333 -0.0930281090868
21.3 200 31 11.454397 -0.197376151881 -0.322752748274 0.49999679381 -0.239783409861 3.79047321865e-06 -0.102863727857 -0.0930650591449
21.4 200 39 12.010938 -0.197677064143 -0.322041911012 0.499996869155 -0.239783538458 3.75889739207e-06 -0.102863776173 -0.0931028899453
21.5 200 42 13.731908 -0.197975235214 -0.32133182018 0.499996943997 -0.239783667982 3.71586696816e-06 -0.102863825562 -0.0931416426012
21.6 200 31 10.034424 -0.198270607216 -0.320622500078 0.499997017666 -0.239783768607 3.64148826611e-06 -0.102863864158 -0.093181337344
21.7 200 32 13.232627 -0.198563118424 -0.319913983827 0.499997089737 -0.239783919435 3.55138776323e-06 -0.102863922092 -0.0932219886649
21.8 200 31 13.062766 -0.198852717732 -0.319206314392 0.499997159718 -0.239784058694 3.43496245775e-06 -0.102863976057 -0.0932635924032
21.9 200 31 11.10974 -0.199139356414 -0.31849953887 0.499997227163 -0.23978420442 3.29403901825e-06 -0.10286403199 -0.093306135316
22 200 29 10.948509 -0.199422990253 -0.317793708824 0.499997291488 -0.239784354653 3.12575941627e-06 -0.10286408777 -0.0933495955735
22.1 200 34 13.173951 -0.199703582728 -0.317088882357 0.499997352071 -0.239784508968 2.92696795659e-06 -0.102864146564 -0.093393932271
22.2 200 31 11.757032 -0.1999811003 -0.316385121026 0.499997407736 -0.239784639016 2.66951909488e-06 -0.102864196556 -0.0934391059067
22.3 200 31 11.269613 -0.200255522077 -0.315682493606 0.499997458371 -0.239784744581 2.41362094681e-06 -0.102864238371 -0.0934850558554
22.4 200 30 11.252861 -0.200526828391 -0.314981069124 0.499997504168 -0.239784879341 2.1651184544e-06 -0.102864288837 -0.0935317205178
22.5 200 29 13.435701 -0.200795009053 -0.314280917789 0.49999754509 -0.239785016495 1.91693634639e-06 -0.102864338196 -0.0935790295439
22.6 200 30 10.852118 -0.201060064073 -0.313582121108 0.49999758119 -0.239785140544 1.67354636219e-06 -0.102864386339 -0.0936269023224
22.7 200 30 11.245761 -0.201321999099 -0.312884748137 0.499997612372 -0.239785235035 1.42026144983e-06 -0.102864422284 -0.0936752351343
22.8 200 32 10.837412 -0.201580821077 -0.312188875092 0.499997638181 -0.239785345009 1.14937000709e-06 -0.102864459761 -0.0937239591983
22.9 200 30 13.16533 -0.201836557188 -0.311494579348 0.499997658271 -0.239785436608 8.61421758019e-07 -0.10286449543 -0.0937729554048
23 200 31 13.592714 -0.202089232711 -0.310801932045 0.499997672722 -0.239785537734 5.81107190877e-07 -0.102864530282 -0.0938221315413
23.1 200 28 10.468681 -0.20233888355 -0.310111005506 0.499997681823 -0.239785613902 3.13111561498e-07 -0.102864558604 -0.0938713761744
23.2 200 30 10.32235 -0.202585550389 -0.309421871509 0.499997685152 -0.239785702103 2.65650119194e-08 -0.10286458866 -0.0939205959044
23.3 200 30 11.493646 -0.202829282336 -0.308734590436 0.499997683222 -0.239785763968 -2.34755758912e-07 -0.102864610003 -0.0939696779511
23.4 200 31 13.02349 -0.203070131263 -0.308049227039 0.499997675789 -0.239785836759 -5.04068224855e-07 -0.102864634422 -0.0940185185656
23.5 200 30 11.094371 -0.203308166056 -0.307365835796 0.499997662687 -0.239785875 -7.82815167542e-07 -0.102864644142 -0.0940670014003
23.6 200 32 12.908474 -0.203543447461 -0.306684469189 0.499997644883 -0.239785952543 -1.01144132434e-06 -0.102864670199 -0.0941150420424
23.7 200 34 11.172008 -0.20377604119 -0.306005175703 0.499997623789 -0.239786024085 -1.16385119988e-06 -0.102864695168 -0.0941625284753
23.8 200 41 11.790561 -0.204006024014 -0.305327993328 0.499997598386 -0.239786055452 -1.37497180464e-06 -0.102864702387 -0.0942093806727
23.9 200 36 15.572179 -0.20423347337 -0.304652955635 0.49999756887 -0.239786071074 -1.57285312859e-06 -0.102864703264 -0.094255501317
24 200 39 13.230159 -0.20445847104 -0.303980090258 0.499997535642 -0.239786077583 -1.75567106892e-06 -0.102864700271 -0.0943008033566
24.1 200 31 11.348127 -0.204681096312 -0.303309416215 0.499997498649 -0.239786067168 -1.93170867034e-06 -0.102864690982 -0.0943452178247
24.2 200 34 11.591319 -0.204901426981 -0.302640943229 0.499997458461 -0.239786067716 -2.07795102507e-06 -0.102864685302 -0.0943886704749
24.3 200 30 10.778712 -0.205119561394 -0.301974687584 0.499997414814 -0.239786077825 -2.23894608052e-06 -0.102864682386 -0.0944311065788
24.4 200 41 12.857315 -0.20533557665 -0.301310643519 0.499997368938 -0.239786077494 -2.34202031887e-06 -0.10286467652 -0.0944724695397
24.5 200 31 10.301223 -0.205549554028 -0.300648801987 0.499997321257 -0.239786061627 -2.42416594537e-06 -0.102864663742 -0.0945127164181
24.6 200 36 10.247977 -0.205761578352 -0.299989150946 0.499997272056 -0.239786051166 -2.48795511587e-06 -0.102864653949 -0.0945518139922
24.7 200 34 13.346059 -0.205971722157 -0.299331664994 0.499997221737 -0.239786040642 -2.53472545212e-06 -0.102864643184 -0.0945897341401
24.8 200 32 11.304809 -0.206180072526 -0.298676321879 0.499997170157 -0.239786041842 -2.58607178764e-06 -0.102864635592 -0.0946264667449
24.9 200 31 11.128501 -0.206386698133 -0.298023085632 0.499997118235 -0.239786043188 -2.59494933033e-06 -0.102864630045 -0.0946620016188
25 200 31 12.98672 -0.206591671649 -0.297371915072 0.499997066111 -0.239786048297 -2.59574369608e-06 -0.10286462576 -0.0946963390771
25.1 200 34 12.936636 -0.206795059633 -0.2967227741 0.499997014567 -0.239786060684 -2.55784691061e-06 -0.102864625474 -0.0947294967854
25.2 200 32 10.715653 -0.206996917972 -0.296075605468 0.499996963985 -0.239786056028 -2.50413562962e-06 -0.102864616757 -0.0947614959874
25.3 200 31 11.864567 -0.207197303521 -0.295430359008 0.499996914386 -0.239786073158 -2.44347178872e-06 -0.10286461681 -0.0947923671566
25.4 200 31 13.636396 -0.20739627176 -0.294786968096 0.499996866203 -0.239786088192 -2.3655395569e-06 -0.102864616863 -0.0948221467437
25.5 200 33 10.324586 -0.207593860361 -0.294145396778 0.499996820182 -0.239786147302 -2.24401962816e-06 -0.102864633833 -0.0948508833566
25.6 200 39 10.535155 -0.207790108982 -0.29350556925 0.499996776327 -0.239786158656 -2.13371101803e-06 -0.10286463128 -0.0948786376083
25.7 200 33 13.168956 -0.207985044289 -0.292867421255 0.499996734746 -0.239786173044 -2.01500775897e-06 -0.102864630437 -0.0949054618642
25.8 200 32 11.698354 -0.208178700735 -0.292230883542 0.499996695668 -0.239786197513 -1.88617929857e-06 -0.102864634106 -0.0949314299174
25.9 200 32 12.619325 -0.208371082735 -0.291595896167 0.499996659243 -0.239786232781 -1.75151827147e-06 -0.102864643229 -0.0949566050582
26 200 31 11.601769 -0.208562230813 -0.290962392063 0.499996625218 -0.239786318241 -1.62448193398e-06 -0.10286466514 -0.0949810667
26.1 200 32 12.295255 -0.208752127571 -0.290330308253 0.499996594247 -0.239786364582 -1.47109517613e-06 -0.102864677407 -0.0950049005535
26.2 200 42 17.110629 -0.208940780278 -0.289699578466 0.499996566378 -0.239786414439 -1.31702544583e-06 -0.102864691294 -0.0950281894237
26.3 200 42 13.730831 -0.209128181059 -0.289070142015 0.499996541778 -0.239786458173 -1.15748834825e-06 -0.102864703409 -0.0950510210325
26.4 200 34 14.377018 -0.209314316521 -0.28844193908 0.499996520415 -0.239786508948 -9.92684777816e-07 -0.102864717856 -0.0950734740127
26.5 200 32 11.389729 -0.209499169499 -0.287814909895 0.499996501732 -0.239786584943 -8.63467720012e-07 -0.10286474276 -0.0950956446565
26.6 200 32 13.030822 -0.209682715538 -0.287189001286 0.499996485591 -0.239786657467 -7.3751465459e-07 -0.102864767661 -0.0951176301337
26.7 200 29 12.973631 -0.20986493639 -0.286564173577 0.499996472255 -0.239786748398 -5.9693646802e-07 -0.102864799614 -0.095139501087
26.8 200 31 13.069109 -0.21004579254 -0.285940378104 0.499996461645 -0.239786805226 -4.68324328588e-07 -0.102864821616 -0.0951613527128
26.9 200 40 12.808593 -0.210225254174 -0.285317570084 0.499996453349 -0.239786893663 -3.58045200315e-07 -0.102864851732 -0.0951832569946
27 200 34 11.518569 -0.210403280591 -0.28469571748 0.49999644727 -0.23978697988 -2.57874062572e-07 -0.102864883015 -0.0952052983751
27.1 200 33 14.853986 -0.210579827159 -0.28407479269 0.499996442977 -0.239787063858 -1.72950982397e-07 -0.10286491403 -0.0952275568265
27.2 200 33 11.004171 -0.210754852069 -0.283454768026 0.499996439989 -0.239787166312 -1.21243548673e-07 -0.102864952729 -0.095250097648
27.3 200 32 14.116076 -0.21092830921 -0.282835624954 0.499996437977 -0.239787267507 -7.19958263319e-08 -0.102864991321 -0.095272987108
27.4 200 31 13.735379 -0.211100155606 -0.282217362133 0.49999643717 -0.239787368061 -1.81385833853e-08 -0.102865030771 -0.0952962813815
27.5 200 30 14.133002 -0.211270346261 -0.281599962241 0.499996436454 -0.239787452903 -2.17281159315e-08 -0.102865063951 -0.0953200330425
27.6 200 31 10.904887 -0.211438830257 -0.280983428807 0.499996436631 -0.239787542768 1.60047519404e-08 -0.102865097476 -0.0953442821114
27.7 200 35 11.223333 -0.211605557204 -0.280367766265 0.4999964367 -0.239787643152 7.30759328049e-10 -0.102865137094 -0.0953690778108
27.8 200 29 11.113186 -0.211770495985 -0.279752986302 0.499996436044 -0.23978775017 -3.99575071502e-08 -0.102865178646 -0.0953944476712
27.9 200 31 12.60389 -0.21193359867 -0.279139099188 0.499996434753 -0.239787825718 -8.07421376148e-08 -0.10286520969 -0.0954204181364
28 200 30 12.340677 -0.212094818573 -0.278526125823 0.49999643238 -0.239787896395 -1.40460795044e-07 -0.102865237195 -0.0954469988052
28.1 200 29 14.099722 -0.212254122653 -0.277914102395 0.499996429241 -0.239787976305 -1.86832033573e-07 -0.102865271031 -0.0954742081638
28.2 200 29 14.21401 -0.212411476799 -0.277303053331 0.49999642467 -0.239788047564 -2.63305089808e-07 -0.102865299353 -0.0955020324748
28.3 200 29 10.906195 -0.212566851735 -0.276693010684 0.499996418253 -0.23978810013 -3.63593653106e-07 -0.102865324292 -0.0955304784907
28.4 200 32 12.127643 -0.212720226973 -0.276084022721 0.499996409916 -0.23978815732 -4.66070522141e-07 -0.102865348493 -0.0955595264574
28.5 200 30 12.072145 -0.212871560255 -0.275476120274 0.499996398391 -0.239788163826 -6.33288209321e-07 -0.102865351196 -0.0955891534945
28.6 200 31 11.372179 -0.213020848526 -0.274869350789 0.49999638412 -0.239788218699 -7.77369101916e-07 -0.102865374408 -0.095619334852
28.7 200 44 13.645591 -0.213168078355 -0.274263761329 0.499996367059 -0.239788259795 -9.21438860952e-07 -0.10286539292 -0.0956500342156
28.8 200 35 11.846184 -0.213313236785 -0.273659404942 0.499996347352 -0.239788256338 -1.05992063588e-06 -0.102865394523 -0.0956812057796
28.9 200 37 10.473842 -0.213456327143 -0.273056325408 0.499996324068 -0.239788284248 -1.23588540928e-06 -0.102865406824 -0.0957128113501
29 200 33 11.733932 -0.213597346207 -0.272454573806 0.499996297827 -0.239788282956 -1.38750620758e-06 -0.102865409193 -0.0957447933237
29.1 200 33 11.765384 -0.213736303513 -0.271854202067 0.499996268471 -0.239788269484 -1.54390087325e-06 -0.10286540765 -0.0957771031593
29.2 200 29 11.824073 -0.213873216786 -0.271255266836 0.499996236323 -0.239788275577 -1.68480799829e-06 -0.102865413304 -0.0958096738001
29.3 200 44 14.218753 -0.214008102377 -0.270657813032 0.499996200752 -0.239788250683 -1.85702864139e-06 -0.102865405937 -0.0958424438011
29.4 200 30 11.59045 -0.214140978332 -0.270061890198 0.499996162135 -0.239788188602 -2.00789504886e-06 -0.102865384569 -0.0958753464813
29.5 200 32 14.478804 -0.214271876313 -0.269467540039 0.499996120316 -0.239788155126 -2.16354747553e-06 -0.10286537653 -0.0959083211376
29.6 200 30 10.943906 -0.214400831307 -0.268874813693 0.499996075819 -0.239788104913 -2.29364634105e-06 -0.102865361014 -0.0959412931725
29.7 200 37 13.595556 -0.214527883295 -0.268283753229 0.499996028738 -0.23978804144 -2.42081299441e-06 -0.102865339522 -0.0959741908289
29.8 200 31 11.063376 -0.214653064467 -0.267694391533 0.499995979212 -0.23978792869 -2.54107363374e-06 -0.102865298672 -0.0960069447163
29.9 200 40 12.455181 -0.214776428884 -0.267106769216 0.499995927772 -0.239787856047 -2.629545961e-06 -0.102865273113 -0.0960394949131
30 200 34 11.112548 -0.214898019501 -0.266520914982 0.499995874391 -0.239787717414 -2.72477438767e-06 -0.102865222251 -0.0960717642404
30.1 200 30 14.292413 -0.215017881118 -0.265936853041 0.499995818898 -0.23978758323 -2.824785467e-06 -0.102865172878 -0.0961036947791
30.2 200 32 13.78561 -0.215136075444 -0.265354608512 0.49999576178 -0.239787459808 -2.89532913608e-06 -0.102865128874 -0.0961352245019
30.3 200 32 12.13888 -0.215252657206 -0.264774204845 0.499995703286 -0.239787320176 -2.95821448512e-06 -0.102865079512 -0.0961662889173
30.4 200 31 12.553907 -0.215367687035 -0.264195643724 0.499995643099 -0.239787183011 -3.03647800234e-06 -0.102865029587 -0.0961968360688
30.5 200 31 13.73404 -0.215481220736 -0.263618941238 0.499995582762 -0.239786989284 -3.03605576979e-06 -0.102864958215 -0.0962268147424
30.6 200 42 10.546594 -0.215593314121 -0.263044101124 0.499995521763 -0.239786802721 -3.06237901177e-06 -0.10286488912 -0.0962561792342
30.7 200 40 10.322609 -0.215704026057 -0.262471120349 0.499995460494 -0.239786600114 -3.06965555475e-06 -0.102864812863 -0.0962848868843
30.8 200 32 10.367036 -0.215813414567 -0.26189999148 0.499995399198 -0.239786387042 -3.06423722236e-06 -0.10286473263 -0.0963129035738
30.9 200 36 10.680377 -0.215921536256 -0.2613307044 0.499995338137 -0.239786170777 -3.04371957119e-06 -0.102864650799 -0.0963401988429
31 200 33 9.98269 -0.216028445901 -0.260763241035 0.499995277602 -0.239785952731 -3.00901363664e-06 -0.102864568316 -0.0963667508929
31.1 200 43 11.03058 -0.216134201158 -0.260197582639 0.499995217837 -0.239785739216 -2.96108185463e-06 -0.102864487741 -0.0963925432376
31.2 200 32 14.135354 -0.216238843526 -0.259633702403 0.499995159392 -0.239785519919 -2.88567059199e-06 -0.102864404855 -0.0964175625945
31.3 200 32 12.866842 -0.216342432759 -0.259071571108 0.49999510276 -0.239785330231 -2.78012504539e-06 -0.10286433273 -0.0964418140914
31.4 200 31 11.838703 -0.216445012852 -0.258511158937 0.499995048646 -0.239785131097 -2.64364693704e-06 -0.102864257822 -0.0964652866981
31.5 200 35 11.706146 -0.216546626901 -0.257952428813 0.49999499732 -0.23978493369 -2.49484029763e-06 -0.102864183043 -0.0964879897127
31.6 200 35 11.506212 -0.216647314604 -0.257395345654 0.499994949307 -0.239784736689 -2.31818805455e-06 -0.102864108105 -0.0965099340598
31.7 200 30 10.848009 -0.216747105711 -0.256839863037 0.499994904762 -0.23978452412 -2.13758117912e-06 -0.10286402681 -0.0965311432611
31.8 200 34 14.185221 -0.216846029225 -0.256285933665 0.499994864086 -0.239784331301 -1.93371958954e-06 -0.10286395366 -0.096551647473
31.9 200 32 12.965638 -0.216944118385 -0.25573351959 0.49999482806 -0.239784162002 -1.68933885424e-06 -0.102863890428 -0.0965714682196
32 200 39 12.177844 -0.217041396036 -0.255182574016 0.49999479683 -0.239783973462 -1.44129006602e-06 -0.102863819174 -0.0965906493282
32.1 200 36 10.983306 -0.217137875061 -0.254633046103 0.499994770556 -0.239783789859 -1.18849942403e-06 -0.102863748928 -0.0966092249305
32.2 200 32 11.954512 -0.217233564798 -0.254084883612 0.49999474946 -0.239783616065 -9.22051878901e-07 -0.102863682752 -0.0966272408302
32.3 200 43 12.725147 -0.217328479908 -0.253538046157 0.499994734187 -0.239783475071 -6.22327329274e-07 -0.102863630271 -0.0966447534179
32.4 200 34 11.640544 -0.217422620673 -0.2529924799 0.499994724629 -0.2397833246 -3.33579425089e-07 -0.102863573491 -0.0966618014517
32.5 200 34 12.863452 -0.217515982167 -0.252448137834 0.499994720821 -0.23978320076 -3.83462940325e-08 -0.102863527551 -0.0966784477922
32.6 200 42 13.783266 -0.217608566681 -0.251904980141 0.499994723577 -0.23978308907 2.96379123098e-07 -0.102863486447 -0.096694744368
32.7 200 30 10.027851 -0.217700357337 -0.251362956251 0.499994732646 -0.239782985859 6.09185722946e-07 -0.102863448784 -0.0967107472076
32.8 200 39 10.465363 -0.217791346341 -0.250822030053 0.499994748208 -0.239782907618 9.40770844216e-07 -0.102863422357 -0.096726519912
32.9 200 34 14.407853 -0.217881512884 -0.250282152189 0.499994770387 -0.239782839405 1.27500925577e-06 -0.102863398058 -0.0967421190385
33 200 32 12.402397 -0.217970836847 -0.249743299397 0.499994799725 -0.239782780938 1.63557428978e-06 -0.102863377332 -0.096757606608
33.1 200 33 11.377865 -0.218059297461 -0.24920543489 0.499994835875 -0.239782750175 1.97612414715e-06 -0.102863368936 -0.0967730354695
33.2 200 33 12.591089 -0.218146864549 -0.248668527392 0.499994878749 -0.239782732411 2.31001186345e-06 -0.102863365184 -0.096788470706
33.3 200 31 11.53505 -0.218233507951 -0.248132545736 0.499994928186 -0.239782722463 2.63916712465e-06 -0.102863364799 -0.0968039580443
33.4 200 35 10.739703 -0.218319198402 -0.247597474789 0.499994984891 -0.239782755499 2.99731529904e-06 -0.10286338115 -0.0968195573218
33.5 200 39 10.563352 -0.218403904792 -0.24706329712 0.499995048452 -0.23978280424 3.33910403876e-06 -0.102863405002 -0.0968353186328
33.6 200 31 10.285068 -0.218487591056 -0.246529995575 0.499995118397 -0.239782865534 3.65430777374e-06 -0.10286343369 -0.096851284503
33.7 200 33 10.530256 -0.218570223872 -0.245997561229 0.499995194572 -0.239782942189 3.96247340089e-06 -0.1028634682 -0.096867502687
33.8 200 31 12.769006 -0.218651770499 -0.245465984559 0.499995276739 -0.239783040888 4.25668885337e-06 -0.102863512239 -0.0968840113396
33.9 200 33 13.165276 -0.218732186331 -0.244935267339 0.499995364454 -0.239783162847 4.53162686707e-06 -0.102863564974 -0.0969008473902
34 200 33 13.820239 -0.218811443614 -0.244405410508 0.499995458245 -0.23978330344 4.83122746699e-06 -0.102863626283 -0.0969180402941
34.1 200 32 10.78086 -0.218889514227 -0.24387642907 0.499995558121 -0.239783455071 5.1282602281e-06 -0.102863692781 -0.0969356108815
34.2 200 46 11.744788 -0.218966360288 -0.243348330646 0.499995663561 -0.239783610122 5.39781077168e-06 -0.102863760347 -0.0969535918171
34.3 200 39 11.634326 -0.21904195229 -0.242821128215 0.499995774025 -0.239783781425 5.64094948905e-06 -0.102863834354 -0.0969719898515
34.4 200 34 13.609067 -0.219116260865 -0.242294833535 0.499995889 -0.239783969691 5.85917029609e-06 -0.102863915853 -0.096990821426
34.5 200 34 12.556744 -0.219189260978 -0.241769480846 0.499996008912 -0.239784156301 6.09948664871e-06 -0.102863998263 -0.0970100906762
34.6 200 35 13.920126 -0.219260929366 -0.241245089943 0.499996132781 -0.239784345067 6.28812028234e-06 -0.102864080393 -0.0970297913834
34.7 200 31 11.127179 -0.219331244636 -0.240721686261 0.499996260238 -0.239784544616 6.45785804418e-06 -0.102864166197 -0.0970499165647
34.8 200 36 12.073967 -0.219400187655 -0.240199304599 0.499996391318 -0.239784760108 6.62687792171e-06 -0.102864259676 -0.0970704656471
34.9 200 43 15.625643 -0.219467749076 -0.23967797534 0.499996525153 -0.239784995817 6.75794625507e-06 -0.102864361222 -0.0970914207142
35 200 36 11.684161 -0.219533916898 -0.239157731051 0.499996661125 -0.239785221091 6.85198836851e-06 -0.102864459243 -0.0971127560115
35.1 200 35 12.777326 -0.219598681209 -0.238638609545 0.499996799179 -0.239785453189 6.9493460047e-06 -0.102864559809 -0.0971344503188
35.2 200 35 14.657576 -0.219662046188 -0.238120638431 0.49999693865 -0.239785712164 7.01506985284e-06 -0.102864670924 -0.0971564787017
35.3 200 31 13.947979 -0.219724002335 -0.237603865048 0.499997079682 -0.239785921981 7.08492788233e-06 -0.102864761616 -0.0971788091953
35.4 200 41 10.651975 -0.219784568298 -0.237088324199 0.499997221912 -0.239786187585 7.13681137427e-06 -0.102864876367 -0.0972013855476
35.5 200 34 14.513785 -0.219843745494 -0.236574049362 0.499997365032 -0.23978642814 7.17130954033e-06 -0.102864981122 -0.097224189262
35.6 200 32 14.402636 -0.219901551848 -0.236061084362 0.49999750892 -0.239786672717 7.20437913275e-06 -0.102865088103 -0.0972471795655
35.7 200 30 11.110672 -0.219957996936 -0.235549456488 0.499997652865 -0.239786916911 7.19935106016e-06 -0.102865192945 -0.0972702995641
35.8 200 43 16.069279 -0.220013109093 -0.235039201774 0.499997796981 -0.239787166447 7.20112753646e-06 -0.102865301908 -0.0972935091309
35.9 200 44 17.141973 -0.22006691077 -0.23453035479 0.499997941398 -0.23978739571 7.20730766863e-06 -0.102865401116 -0.0973167580987
36 200 36 10.233424 -0.220119422692 -0.234022944436 0.499998086077 -0.239787613159 7.21251030396e-06 -0.102865496792 -0.0973400012424
36.1 200 42 10.50301 -0.220170681164 -0.233516998183 0.499998229831 -0.239787859918 7.16647986321e-06 -0.10286560346 -0.0973631875051
36.2 200 35 12.739331 -0.22022070652 -0.233012539296 0.499998372659 -0.239788074669 7.1152537917e-06 -0.10286569803 -0.0973862705267
36.3 200 43 14.454474 -0.220269557772 -0.232509594291 0.499998514691 -0.239788322424 7.07704290347e-06 -0.102865807529 -0.0974092055033
36.4 200 33 10.741652 -0.220317251856 -0.232008182435 0.49999865603 -0.239788506941 7.03229936704e-06 -0.102865890045 -0.0974319400037
36.5 200 33 13.713101 -0.220363842474 -0.231508317258 0.499998795932 -0.239788729312 6.96223194278e-06 -0.10286598975 -0.0974544316136
36.6 200 36 11.829031 -0.22040936589 -0.231010011999 0.499998935058 -0.239788912974 6.91448699314e-06 -0.10286607148 -0.0974766343362
36.7 200 37 12.893285 -0.220453856318 -0.230513276354 0.49999907294 -0.239789069638 6.85247764226e-06 -0.102866143071 -0.0974985081369
36.8 200 36 12.440315 -0.220497365291 -0.230018112781 0.499999209007 -0.239789243164 6.76427750648e-06 -0.102866221694 -0.0975200141228
36.9 200 46 14.159481 -0.220539938933 -0.229524525406 0.499999343559 -0.239789400553 6.68709296269e-06 -0.102866293125 -0.0975411177227
37 200 32 10.274367 -0.22058160763 -0.229032511034 0.499999476965 -0.239789500068 6.62576298092e-06 -0.102866339982 -0.0975617859273
37.1 200 36 13.62952 -0.220622425573 -0.228542065713 0.49999960881 -0.239789659894 6.55165784246e-06 -0.102866412294 -0.097581994923
37.2 200 38 12.000007 -0.220662432507 -0.2280531766 0.499999739227 -0.23978977653 6.48405947489e-06 -0.102866467964 -0.0976017156298
37.3 200 35 11.462811 -0.220701672453 -0.227565830063 0.499999868257 -0.239789881857 6.41331894731e-06 -0.10286651851 -0.0976209264507
37.4 200 36 12.983502 -0.220740167392 -0.22708000739 0.499999996163 -0.23978995917 6.3582592494e-06 -0.102866558079 -0.097639619232
37.5 200 36 11.386147 -0.220777983855 -0.226595701479 0.500000123973 -0.239790059246 6.35956419837e-06 -0.102866607029 -0.0976577744635
37.6 200 51 12.534512 -0.220815149685 -0.226112882047 0.500000250732 -0.239790116114 6.30519613141e-06 -0.102866636689 -0.0976753870352
37.7 200 50 16.681698 -0.220851696452 -0.225631522576 0.500000376418 -0.239790112963 6.2515366694e-06 -0.10286664247 -0.0976924566444
37.8 200 49 13.13619 -0.220887654899 -0.225151597099 0.500000501045 -0.239790089589 6.19671703827e-06 -0.102866639813 -0.0977089819297
37.9 200 42 10.289336 -0.220923045968 -0.224673072176 0.500000624626 -0.239790055694 6.14762717192e-06 -0.102866632101 -0.0977249684432
38 200 42 18.197394 -0.220957903137 -0.224195918104 0.500000747029 -0.239790018035 6.09027162831e-06 -0.102866623034 -0.0977404358788
38.1 200 36 12.040403 -0.220992242719 -0.223720096991 0.500000869518 -0.239789984376 6.08400443076e-06 -0.102866613272 -0.0977553828105
38.2 200 36 13.868022 -0.221026085519 -0.223245575426 0.500000990883 -0.239789963209 6.04286310089e-06 -0.102866608646 -0.0977698457491
38.3 200 34 11.692513 -0.221059453332 -0.222772320152 0.500001111557 -0.239789919256 6.01024831123e-06 -0.10286659619 -0.0977838330358
38.4 200 36 11.600896 -0.221092352392 -0.222300285421 0.500001231214 -0.239789865533 5.95885747535e-06 -0.102866577342 -0.0977973783051
38.5 200 36 12.083916 -0.221124792261 -0.221829441625 0.500001350327 -0.239789795861 5.93262926913e-06 -0.102866555356 -0.0978105075806
38.6 200 33 11.660991 -0.22115678599 -0.221359752166 0.500001469136 -0.239789737964 5.92108916391e-06 -0.102866535341 -0.0978232555315
38.7 200 40 11.627785 -0.221188329712 -0.220891175577 0.500001587209 -0.239789631418 5.88243393677e-06 -0.102866494351 -0.0978356558542
38.8 200 35 13.293645 -0.221219416791 -0.220423675683 0.500001704644 -0.239789517947 5.8492876924e-06 -0.102866450515 -0.0978477466683
38.9 200 36 11.824592 -0.22125004195 -0.219957215592 0.500001820905 -0.239789413957 5.79555942403e-06 -0.102866410004 -0.0978595646171
39 200 37 12.150192 -0.221280188299 -0.219491751303 0.500001936895 -0.239789331817 5.78137171803e-06 -0.102866379111 -0.0978711542085
39.1 200 34 10.863819 -0.221309874795 -0.219027277813 0.500002053875 -0.239789300923 5.83943000195e-06 -0.102866369114 -0.097882556008
39.2 200 36 10.049168 -0.221339068801 -0.21856374809 0.500002170661 -0.239789158837 5.82587185897e-06 -0.1028663133 -0.0978938104486
39.3 200 35 10.643573 -0.221367756137 -0.218101135149 0.500002286858 -0.239789016981 5.79496028109e-06 -0.102866257258 -0.0979049610936
39.4 200 36 14.106665 -0.221395910213 -0.217639412673 0.500002402528 -0.239788861859 5.76662937727e-06 -0.102866195499 -0.0979160499121
39.5 200 33 11.068851 -0.221423519231 -0.217178558945 0.500002517561 -0.239788721245 5.73772644696e-06 -0.102866138812 -0.097927119083
39.6 200 46 13.480229 -0.22145055726 -0.216718550521 0.500002632042 -0.239788563027 5.70355703577e-06 -0.102866075326 -0.0979382094864
39.7 200 35 10.563597 -0.221476996578 -0.216259371062 0.500002745854 -0.239788396811 5.66685058897e-06 -0.102866008275 -0.0979493621503
39.8 200 36 14.780595 -0.221502811492 -0.215801009279 0.500002858789 -0.239788240219 5.62088197427e-06 -0.102865945176 -0.097960614622
39.9 200 35 11.637551 -0.221527977102 -0.215343451042 0.500002970917 -0.239788085575 5.57397179354e-06 -0.102865882844 -0.0979720026395
40 200 48 16.301454 -0.221552465759 -0.214886688828 0.500003081849 -0.239787939832 5.51387343915e-06 -0.102865823121 -0.0979835598873
40.1 200 34 10.929012 -0.221576249178 -0.214430717909 0.50000319107 -0.239787774428 5.42435639107e-06 -0.102865756664 -0.0979953165857
40.2 200 36 14.693582 -0.221599297728 -0.213975538113 0.500003298794 -0.239787620347 5.34826437106e-06 -0.102865694005 -0.0980073015025
40.3 200 48 15.243451 -0.221621589375 -0.213521151312 0.500003405181 -0.239787475259 5.27314138058e-06 -0.102865634539 -0.0980195407163
40.4 200 34 10.472499 -0.221643091227 -0.213067561815 0.500003509824 -0.239787322897 5.18547125672e-06 -0.102865572662 -0.0980320524749
40.5 200 36 15.351675 -0.221663771678 -0.21261477627 0.500003612525 -0.239787182957 5.08746590223e-06 -0.102865515683 -0.0980448570876
40.6 200 34 10.609889 -0.221683624739 -0.212162811106 0.500003713618 -0.23978706476 5.0074124786e-06 -0.102865467431 -0.0980579688398
40.7 200 48 11.738556 -0.22170261854 -0.211711677719 0.500003812733 -0.239786933153 4.90155863012e-06 -0.102865413408 -0.0980713977829
40.8 200 35 11.005148 -0.221720730815 -0.211261388617 0.50000390964 -0.239786806812 4.78799771338e-06 -0.102865361594 -0.0980851492389
40.9 200 42 10.771009 -0.221737946244 -0.210811970098 0.500004004577 -0.239786686979 4.68663489697e-06 -0.102865313277 -0.0980992305521
41 200 44 10.558604 -0.221754246117 -0.210363439933 0.500004097021 -0.239786572316 4.55826964102e-06 -0.102865265871 -0.0981136354238
41.1 200 33 12.314934 -0.22176961375 -0.209915817181 0.500004186819 -0.239786463259 4.42238669194e-06 -0.10286522175 -0.0981283613099
41.2 200 36 12.003145 -0.221784044145 -0.209469134051 0.500004274115 -0.239786360721 4.2954501627e-06 -0.102865180789 -0.0981433999198
41.3 200 37 11.90219 -0.22179752609 -0.209023413971 0.500004358465 -0.239786272637 4.14153018606e-06 -0.102865144528 -0.0981587392091
41.4 200 41 12.971441 -0.221810049131 -0.208578687805 0.500004439834 -0.239786196061 3.98933640439e-06 -0.102865113158 -0.0981743614086
41.5 200 38 14.050222 -0.221821608933 -0.208134976885 0.500004517758 -0.239786137041 3.8181582178e-06 -0.102865088613 -0.0981902486298
41.6 200 37 13.605105 -0.221832216855 -0.207692309966 0.500004592649 -0.239786093154 3.66659518973e-06 -0.102865071844 -0.0982063793992
41.7 200 37 12.074846 -0.221841878712 -0.207250717219 0.500004664541 -0.239786037258 3.51321456877e-06 -0.102865049774 -0.0982227310657
41.8 200 36 13.0762 -0.221850593675 -0.206810229411 0.500004733261 -0.239785988017 3.35042432796e-06 -0.102865030634 -0.0982392716655
41.9 200 37 12.393134 -0.221858375154 -0.206370871411 0.500004798705 -0.239785946253 3.18562360681e-06 -0.102865014172 -0.0982559722746
42 200 35 15.67916 -0.221865226536 -0.205932659334 0.500004860645 -0.239785912035 3.00715998925e-06 -0.102865000921 -0.0982728042104
42.1 200 34 13.516996 -0.221871180452 -0.20549564311 0.500004919469 -0.239785870517 2.85380902927e-06 -0.102864986264 -0.0982897297601
42.2 200 39 14.075043 -0.221876240958 -0.205059832682 0.500004974675 -0.239785857162 2.66896342098e-06 -0.102864981741 -0.0983067195282
42.3 200 35 14.240492 -0.221880427278 -0.204625258031 0.500005026344 -0.239785838173 2.4920360639e-06 -0.10286497526 -0.0983237388485
42.4 200 39 15.580953 -0.221883781783 -0.204191931027 0.500005074362 -0.239785859948 2.31087970102e-06 -0.102864985298 -0.0983407457528
42.5 200 35 11.210013 -0.221886313624 -0.203759880023 0.500005118782 -0.239785829279 2.12682417798e-06 -0.102864974109 -0.098357716506
42.6 200 38 10.979596 -0.221888053098 -0.203329117359 0.500005159359 -0.239785841652 1.92993715959e-06 -0.102864980198 -0.0983746027836
42.7 200 34 12.611501 -0.221889028101 -0.202899659198 0.500005196036 -0.239785851266 1.73507209272e-06 -0.102864985224 -0.0983913711893
42.8 200 39 13.82664 -0.221889269051 -0.202471518924 0.500005228876 -0.239785877829 1.54301248815e-06 -0.102864997102 -0.0984079934854
42.9 200 34 11.337321 -0.22188881269 -0.202044699756 0.500005257859 -0.239785902512 1.34867329479e-06 -0.102865008497 -0.0984244326336
43 200 37 12.565858 -0.221887688866 -0.201619211489 0.500005282852 -0.239785935247 1.15130369095e-06 -0.102865023109 -0.098440655899
43.1 200 40 13.896311 -0.221885927795 -0.201195059569 0.500005304043 -0.239785974942 9.60605972839e-07 -0.102865040688 -0.0984566344115
43.2 200 39 10.55617 -0.221883567711 -0.200772240717 0.500005321129 -0.239786024198 7.5466102294e-07 -0.102865062083 -0.0984723389311
43.3 200 38 12.132034 -0.221880639902 -0.20035075363 0.500005334343 -0.239786071573 5.65325136231e-07 -0.102865082147 -0.0984877433857
43.4 200 40 11.098725 -0.221877176411 -0.199930594515 0.500005343661 -0.239786134035 3.72388222654e-07 -0.102865108875 -0.0985028262316
43.5 200 37 10.598777 -0.221873213709 -0.199511754468 0.500005349353 -0.239786190725 1.94455822354e-07 -0.102865133725 -0.0985175662931
43.6 200 42 14.143817 -0.221868780549 -0.199094223835 0.500005351447 -0.239786257878 1.66470907059e-08 -0.102865161913 -0.0985319442752
43.7 200 40 11.793039 -0.221863909191 -0.198677987176 0.500005349824 -0.2397863304 -1.63717762673e-07 -0.102865191789 -0.0985459559543
43.8 200 38 12.609594 -0.221858623822 -0.198263026465 0.500005344872 -0.239786400318 -3.27979940349e-07 -0.102865221065 -0.0985595785637
43.9 200 43 12.220475 -0.221852963404 -0.197849321711 0.500005337002 -0.239786474184 -4.69232781297e-07 -0.102865252807 -0.0985728088692
44 200 44 13.669027 -0.221846945191 -0.197436859566 0.50000532614 -0.239786537886 -6.15280640257e-07 -0.102865279936 -0.0985856320329
44.1 200 41 12.742944 -0.221840594977 -0.197025611965 0.500005312532 -0.239786617101 -7.46345462169e-07 -0.10286531281 -0.0985980610699
44.2 200 40 14.683757 -0.221833935571 -0.196615558675 0.500005296104 -0.239786684731 -8.83792539576e-07 -0.102865341115 -0.0986100897407
44.3 200 40 14.044136 -0.22182698925 -0.196206664339 0.50000527713 -0.239786753943 -1.00641823734e-06 -0.102865369719 -0.0986217293431
44.4 200 47 14.489564 -0.221819769577 -0.195798908073 0.50000525576 -0.239786798982 -1.12446571131e-06 -0.102865389005 -0.0986329820979
44.5 200 41 11.531433 -0.221812294992 -0.195392261175 0.500005232279 -0.239786856212 -1.22785781455e-06 -0.10286541284 -0.0986438651017
44.6 200 43 13.539182 -0.221804568594 -0.194986691223 0.500005206429 -0.239786910531 -1.33853933956e-06 -0.102865434164 -0.0986543906755
44.7 200 37 12.204454 -0.221796601703 -0.194582166305 0.500005178804 -0.239786961749 -1.42275252708e-06 -0.102865455577 -0.0986645743692
44.8 200 37 11.71088 -0.221788403426 -0.194178664093 0.500005149672 -0.239787010217 -1.49335752839e-06 -0.102865476857 -0.0986744422987
44.9 200 40 11.800924 -0.221779975226 -0.193776145942 0.500005119173 -0.239787055793 -1.55559804797e-06 -0.102865496851 -0.0986840096826
45 200 44 14.20679 -0.221771319837 -0.193374588896 0.500005087566 -0.239787087039 -1.60712864074e-06 -0.102865510957 -0.098693307334
45.1 200 37 12.656777 -0.221762431954 -0.192973956151 0.500005054987 -0.239787120279 -1.65316693074e-06 -0.10286552528 -0.0987023588636
45.2 200 42 12.301287 -0.221753309422 -0.192574224082 0.500005021925 -0.239787130262 -1.67018376716e-06 -0.102865531872 -0.0987111918917
45.3 200 42 11.759917 -0.221743944182 -0.19217536595 0.500004988225 -0.239787143595 -1.69840119117e-06 -0.102865538687 -0.0987198367152
45.4 200 40 13.806582 -0.221734325511 -0.191777353535 0.500004954033 -0.239787145609 -1.71802967841e-06 -0.102865540248 -0.0987283226611
45.5 200 41 13.199389 -0.221724437755 -0.191380161522 0.500004919418 -0.239787147669 -1.73165990206e-06 -0.10286554196 -0.0987366829007
45.6 200 42 12.60212 -0.221714272136 -0.190983765935 0.500004885137 -0.239787127886 -1.71006704282e-06 -0.102865535971 -0.0987449466326
45.7 200 53 15.456746 -0.221703810985 -0.190588150841 0.500004851092 -0.239787083766 -1.69482699582e-06 -0.102865520121 -0.0987531482584
45.8 200 51 17.116876 -0.221693035618 -0.190193294305 0.500004817627 -0.239787032707 -1.6649960431e-06 -0.102865501079 -0.098761317625
45.9 200 39 11.342702 -0.221681927503 -0.189799181108 0.500004784846 -0.239786977005 -1.6237088024e-06 -0.102865479834 -0.098769484339
46 200 38 16.309264 -0.221670463741 -0.189405802154 0.500004752668 -0.239786912746 -1.58743454989e-06 -0.102865455108 -0.0987776830638
46.1 200 41 15.474522 -0.221658623424 -0.189013132135 0.500004721043 -0.239786857544 -1.55059736038e-06 -0.102865433919 -0.0987859442787
46.2 200 40 13.513133 -0.221646387158 -0.188621169885 0.500004690949 -0.239786765231 -1.47199768777e-06 -0.102865398582 -0.0987942948941
46.3 200 38 14.155307 -0.221633731948 -0.18822990353 0.500004662388 -0.239786662534 -1.39011806449e-06 -0.102865359312 -0.0988027566559
46.4 200 38 16.009759 -0.22162062689 -0.187839337554 0.500004636629 -0.23978646368 -1.25081692167e-06 -0.102865286197 -0.098811355331
46.5 200 37 11.75826 -0.22160706306 -0.187449471703 0.500004613369 -0.239786327577 -1.12460083226e-06 -0.102865233123 -0.0988201157283
46.6 200 41 16.432789 -0.221593004983 -0.187060297909 0.500004591826 -0.23978616924 -1.03759751765e-06 -0.102865170908 -0.0988290591691
46.7 200 44 13.708082 -0.221578442592 -0.186671835192 0.500004572965 -0.239785987022 -8.95105281687e-07 -0.102865100713 -0.0988382027746
46.8 200 41 15.593552 -0.221563353154 -0.186284085931 0.500004556122 -0.239785798758 -7.96012492449e-07 -0.102865026692 -0.0988475583946
46.9 200 41 12.687401 -0.221547709317 -0.185897051654 0.500004540848 -0.239785598702 -7.11727006036e-07 -0.102864947164 -0.0988571500579
47 200 41 12.35015 -0.221531495904 -0.185510746656 0.500004527746 -0.239785379395 -6.08369956676e-07 -0.102864861345 -0.0988669721448
47.1 200 47 11.964748 -0.221514695593 -0.185125180987 0.500004516647 -0.239785140808 -5.05996194562e-07 -0.102864767886 -0.0988770396766
47.2 200 42 14.416939 -0.221497287056 -0.18474037613 0.500004507924 -0.239784903233 -3.85275909211e-07 -0.102864672672 -0.0988873549616
47.3 200 39 13.950137 -0.221479268174 -0.184356345448 0.500004501586 -0.239784658057 -2.60691790047e-07 -0.102864576832 -0.0988979196215
47.4 200 37 12.017718 -0.221460623013 -0.183973108272 0.500004497612 -0.239784395954 -1.41460060048e-07 -0.102864473429 -0.0989087343693
47.5 200 39 15.450035 -0.221441334261 -0.183590674947 0.500004496192 -0.239784115079 -1.55459451805e-08 -0.102864362776 -0.0989197881612
47.6 200 42 12.678796 -0.221421408254 -0.183209084923 0.500004498567 -0.239783801596 1.78200647207e-07 -0.102864238729 -0.0989310791918
47.7 200 40 12.045137 -0.221400835635 -0.182828354308 0.500004503533 -0.239783499798 3.03557261213e-07 -0.10286411858 -0.0989425967345
47.8 200 38 13.348115 -0.221379613364 -0.182448501649 0.500004510748 -0.239783185123 4.1315319144e-07 -0.102863994522 -0.0989543265125
47.9 200 39 13.571696 -0.221357729275 -0.182069539493 0.50000452008 -0.239782862609 5.15398417982e-07 -0.102863867425 -0.0989662572395
48 200 38 14.219771 -0.221335202649 -0.181691512297 0.50000453274 -0.239782550321 6.8831729156e-07 -0.102863744208 -0.0989783706594
48.1 200 40 13.653345 -0.221312025534 -0.181314431621 0.500004547886 -0.239782216468 8.10464069953e-07 -0.102863612983 -0.0989906363254
48.2 200 42 11.927301 -0.221288226573 -0.180938317278 0.500004565896 -0.239781907974 9.53282839247e-07 -0.102863491955 -0.0990030378136
48.3 200 42 11.806092 -0.221263800606 -0.180563195477 0.500004586462 -0.239781567205 1.07686204253e-06 -0.102863356163 -0.0990155638906
48.4 200 40 11.73595 -0.221238766593 -0.18018908442 0.500004609539 -0.239781226825 1.2005237024e-06 -0.102863219572 -0.0990281847346
48.5 200 37 11.262278 -0.221213133315 -0.179816006465 0.500004634916 -0.23978088579 1.31148259319e-06 -0.102863082697 -0.0990408751618
48.6 200 39 13.175911 -0.221186911577 -0.179443972888 0.500004662454 -0.23978053735 1.41656740675e-06 -0.102862943095 -0.0990536034991
48.7 200 42 13.736457 -0.221160135694 -0.179073003876 0.500004692254 -0.239780190414 1.52844470163e-06 -0.102862806274 -0.0990663431686
48.8 200 40 14.619349 -0.221132820144 -0.178703122501 0.500004724202 -0.239779826336 1.62867082256e-06 -0.10286266144 -0.099079065078
48.9 200 42 14.126831 -0.22110497627 -0.178334336265 0.500004757601 -0.239779492895 1.69840622884e-06 -0.102862527724 -0.0990917568474
49 200 40 14.506629 -0.221076640312 -0.177966653811 0.500004792824 -0.239779166274 1.78426649581e-06 -0.102862395359 -0.0991043792296
49.1 200 40 14.349646 -0.221047824872 -0.17760009167 0.500004829043 -0.239778852198 1.82911393144e-06 -0.102862268641 -0.0991169085558
49.2 200 55 13.394796 -0.221018570422 -0.177234650284 0.500004866219 -0.239778534043 1.87141512594e-06 -0.102862140746 -0.0991293114891
49.3 200 44 11.564862 -0.220988892665 -0.176870335873 0.500004903848 -0.239778230379 1.88432628095e-06 -0.102862017437 -0.0991415706472
49.4 200 42 15.835278 -0.220958809068 -0.176507142336 0.500004942079 -0.239777949138 1.91048844193e-06 -0.10286190197 -0.0991536638263
49.5 200 41 14.161889 -0.220928363882 -0.176145091159 0.500004981733 -0.239777676481 1.97822537889e-06 -0.102861791241 -0.0991655583673
49.6 200 40 12.100231 -0.220897581237 -0.175784159439 0.50000502232 -0.239777441223 2.02114315659e-06 -0.102861695943 -0.0991772465957
49.7 200 39 12.277093 -0.220866479501 -0.175424350789 0.500005062765 -0.239777199385 2.00712319879e-06 -0.102861594613 -0.0991887043417
49.8 200 39 12.848242 -0.220835087974 -0.175065653824 0.50000510335 -0.239777000116 2.00954142579e-06 -0.102861506538 -0.099199914177
49.9 200 41 12.131141 -0.220803444865 -0.174708068981 0.500005143895 -0.23977681822 2.00450810498e-06 -0.102861424916 -0.0992108585752
50 200 42 11.921822 -0.220771556219 -0.174351572303 0.500005183513 -0.239776622781 1.94874002116e-06 -0.102861342728 -0.099221533416
50.1 200 37 14.575202 -0.220739453978 -0.173996162142 0.500005222578 -0.23977644796 1.91544835726e-06 -0.102861268397 -0.0992319222623
50.2 200 43 14.30148 -0.220707153278 -0.173641821755 0.500005259953 -0.239776314031 1.82704872317e-06 -0.102861208901 -0.0992420197017
50.3 200 42 12.057485 -0.220674682256 -0.173288523431 0.500005296939 -0.239776209227 1.80502714236e-06 -0.102861163294 -0.0992518130986
50.4 200 51 18.31633 -0.220642069622 -0.172936250561 0.500005332164 -0.239776117892 1.70914365867e-06 -0.102861123357 -0.0992613132425
50.5 200 38 12.565849 -0.22060931279 -0.172584977365 0.500005365476 -0.23977604503 1.59972033443e-06 -0.102861087397 -0.0992705112222
50.6 200 43 12.837349 -0.220576440922 -0.172234694596 0.500005396724 -0.239775980829 1.49741384987e-06 -0.10286105415 -0.0992794171624
50.7 200 38 11.865592 -0.220543462191 -0.171885378807 0.50000542572 -0.239775940155 1.3780935493e-06 -0.102861031303 -0.0992880295788
50.8 200 55 18.192703 -0.220510386086 -0.171537000997 0.500005451925 -0.239775943174 1.2342124168e-06 -0.102861024028 -0.0992963586277
50.9 200 40 10.781123 -0.220477213095 -0.171189535494 0.500005475395 -0.239775946455 1.09153651535e-06 -0.102861015966 -0.0993044150418
51 200 42 15.49663 -0.220443959396 -0.170842962021 0.500005496485 -0.239776009958 9.72662236972e-07 -0.10286103352 -0.0993122080713
51.1 200 43 15.501741 -0.220410625833 -0.170497254295 0.500005514728 -0.239776086258 8.30038766358e-07 -0.102861055573 -0.0993197473415
51.2 200 37 11.257307 -0.220377226336 -0.170152382196 0.500005530454 -0.239776215189 7.03920730087e-07 -0.102861098778 -0.0993270586446
51.3 200 40 12.995636 -0.220343744842 -0.169808325096 0.500005542866 -0.239776335587 5.32970077821e-07 -0.102861137949 -0.0993341576372
51.4 200 51 15.72305 -0.220310189943 -0.169465057072 0.500005552328 -0.239776493774 3.8670087437e-07 -0.102861192741 -0.0993410600559
51.5 200 49 13.435698 -0.220276551666 -0.169122555672 0.500005558488 -0.239776640708 2.15580460677e-07 -0.102861242051 -0.0993477842902
51.6 200 41 13.355355 -0.220242822024 -0.168780798667 0.500005561106 -0.239776839222 4.01213670238e-08 -0.102861312219 -0.0993543663656
51.7 200 43 14.136111 -0.220208990557 -0.168439766797 0.500005560077 -0.239777052252 -1.41260808065e-07 -0.10286138805 -0.0993608199295
51.8 200 43 15.386828 -0.220175039371 -0.168099432475 0.500005555597 -0.239777296507 -3.09638212813e-07 -0.102861476734 -0.0993671768174
51.9 200 43 14.921488 -0.22014096979 -0.167759780222 0.500005548687 -0.239777564515 -4.28485204727e-07 -0.10286157637 -0.0993734492341
52 200 41 11.810903 -0.220106760532 -0.167420791546 0.500005539362 -0.239777829459 -5.46525919253e-07 -0.102861675568 -0.0993796654685
52.1 200 38 12.028849 -0.220072408524 -0.167082458686 0.500005527644 -0.239778103569 -6.69541053919e-07 -0.10286177648 -0.0993858494612
52.2 200 48 12.036874 -0.220037878873 -0.166744764579 0.500005512625 -0.23977840156 -8.31731130975e-07 -0.102861886999 -0.0993920306138
52.3 200 42 12.324774 -0.220003163863 -0.166407691502 0.50000549522 -0.239778746328 -9.4542507964e-07 -0.102862019507 -0.0993982284015
52.4 200 51 12.207211 -0.219968250736 -0.166071237038 0.500005475535 -0.239779063223 -1.05597412961e-06 -0.102862138716 -0.0994044626817
52.5 200 43 14.251033 -0.219933101106 -0.165735396774 0.500005453046 -0.239779391417 -1.19311910081e-06 -0.102862262064 -0.0994107614953
52.6 200 44 15.940819 -0.219897719639 -0.165400155252 0.500005429051 -0.239779763746 -1.25801939936e-06 -0.102862403933 -0.0994171434653
52.7 200 43 15.126109 -0.219862070761 -0.165065511211 0.500005402735 -0.239780103272 -1.36831182287e-06 -0.10286253423 -0.0994236298667
52.8 200 51 10.775175 -0.219826145764 -0.164731469605 0.500005375363 -0.239780434146 -1.41788115071e-06 -0.102862660899 -0.099430236335
52.9 200 53 11.095495 -0.219789920354 -0.164398030123 0.500005346079 -0.239780772524 -1.5102264364e-06 -0.102862789906 -0.0994369797078
53 200 41 12.847063 -0.219753366303 -0.16406519845 0.500005314958 -0.239781114238 -1.5972995091e-06 -0.10286292063 -0.0994438815891
53.1 200 58 20.51256 -0.219716483851 -0.16373297397 0.50000528318 -0.239781472558 -1.62060071904e-06 -0.102863059417 -0.0994509481549
53.2 200 45 10.659423 -0.219679248401 -0.163401365381 0.500005250172 -0.23978179141 -1.68177465685e-06 -0.102863182162 -0.0994581871135
53.3 200 57 14.806541 -0.21964164201 -0.163070386238 0.500005216169 -0.239782094627 -1.72230043975e-06 -0.102863299871 -0.0994656124691
53.4 200 41 13.971359 -0.219603653841 -0.162740045046 0.500005181424 -0.239782407523 -1.75433942362e-06 -0.102863419965 -0.0994732300822
53.5 200 41 13.216227 -0.219565261261 -0.162410353357 0.500005146128 -0.239782705314 -1.77171561366e-06 -0.102863536666 -0.0994810392743
53.6 200 47 13.958335 -0.219526458989 -0.162081326742 0.500005110882 -0.239783002344 -1.76322213824e-06 -0.102863650816 -0.0994890476527
53.7 200 44 13.225249 -0.219487242185 -0.161752980067 0.500005076636 -0.239783300806 -1.70563290315e-06 -0.102863766909 -0.0994972542222
53.8 200 60 14.128029 -0.219447600032 -0.161425331982 0.500005043349 -0.239783566355 -1.65156258835e-06 -0.102863870348 -0.0995056505991
53.9 200 50 13.179449 -0.219407525595 -0.161098398171 0.500005010666 -0.239783833829 -1.62121844976e-06 -0.102863973773 -0.0995142398518
54 200 50 11.754992 -0.219367014539 -0.160772194403 0.50000497844 -0.239784089706 -1.592144698e-06 -0.102864073626 -0.0995230071113
54.1 200 44 13.902383 -0.219326057567 -0.160446739872 0.500004947325 -0.239784324482 -1.52975438416e-06 -0.102864166151 -0.0995319501503
54.2 200 51 14.924002 -0.219284668722 -0.160122056857 0.500004918132 -0.239784508721 -1.4271196245e-06 -0.102864238152 -0.0995410529663
54.3 200 44 11.555607 -0.219242842727 -0.159798161587 0.500004889987 -0.239784710554 -1.37547357333e-06 -0.102864317163 -0.0995503052897
54.4 200 45 15.69493 -0.219200577131 -0.159475069957 0.500004863233 -0.239784887263 -1.29839960155e-06 -0.102864385795 -0.0995596903228
54.5 200 43 13.41199 -0.219157886397 -0.159152803982 0.500004839195 -0.239785027735 -1.15554325963e-06 -0.102864441887 -0.0995691944302
54.6 200 45 14.461781 -0.219114769333 -0.158831382191 0.500004817411 -0.239785153183 -1.04003277513e-06 -0.102864489251 -0.0995787984036
54.7 200 42 12.034567 -0.219071255175 -0.158510820517 0.500004799426 -0.239785269076 -8.43661915457e-07 -0.102864536256 -0.0995884804671
54.8 200 39 10.649949 -0.219027346433 -0.158191133433 0.500004783641 -0.239785367734 -7.35198718977e-07 -0.102864572987 -0.0995982310656
54.9 200 44 16.153017 -0.218983053346 -0.157872336803 0.500004770021 -0.239785428495 -6.24332087067e-07 -0.102864595531 -0.0996080214387
55 200 43 14.371123 -0.218938386351 -0.157554441782 0.500004759905 -0.239785441272 -4.44854281238e-07 -0.10286460328 -0.0996178299144
55.1 200 42 14.28007 -0.218893368371 -0.157237466786 0.500004753559 -0.239785418605 -2.57155259913e-07 -0.102864594079 -0.0996276379712
55.2 200 45 14.380568 -0.218848020645 -0.156921409792 0.500004750579 -0.239785426496 -8.67930445639e-08 -0.102864593809 -0.0996374253649
55.3 200 40 12.063774 -0.218802364827 -0.156606298799 0.500004750782 -0.239785358938 6.96957850391e-08 -0.102864566462 -0.0996471659238
55.4 200 57 17.183608 -0.218756416282 -0.156292133518 0.500004753263 -0.239785303085 1.80509093298e-07 -0.102864541864 -0.0996568442036
55.5 200 40 10.533769 -0.218710191612 -0.155978917742 0.500004757951 -0.239785239624 2.84344240067e-07 -0.102864514129 -0.0996664409224
55.6 200 44 15.529434 -0.218663711668 -0.155666649902 0.500004764921 -0.239785154781 4.01288372486e-07 -0.102864480758 -0.099675931934
55.7 200 43 12.990939 -0.218617006893 -0.155355335085 0.500004774701 -0.239785046942 5.44172621408e-07 -0.102864434621 -0.0996852867952
55.8 200 43 11.744896 -0.218570091551 -0.155044972678 0.500004787463 -0.239784904025 6.87356798115e-07 -0.102864377838 -0.0996945065817
55.9 200 42 12.681986 -0.218522997603 -0.154735579194 0.500004803336 -0.239784732749 8.35902582218e-07 -0.102864308778 -0.0997035688479
56 200 41 11.901113 -0.218475726879 -0.15442712501 0.50000481999 -0.23978466617 8.78344064599e-07 -0.102864277571 -0.0997124515428
56.1 200 44 12.436133 -0.218428318432 -0.154119613021 0.500004838913 -0.23978456813 9.91004324827e-07 -0.102864233881 -0.0997211477157
56.2 200 44 14.613174 -0.218380786207 -0.153813025583 0.500004859996 -0.239784437437 1.09923920522e-06 -0.102864178785 -0.0997296462198
56.3 200 42 12.256125 -0.218333158506 -0.153507362182 0.500004883191 -0.239784265883 1.1998082666e-06 -0.102864106612 -0.0997379291341
56.4 200 43 11.652778 -0.218285446631 -0.15320261088 0.500004908279 -0.239784074119 1.28626013431e-06 -0.102864026768 -0.099745991619
56.5 200 41 11.92722 -0.218237673076 -0.15289875374 0.500004934737 -0.239783892076 1.34937371013e-06 -0.10286395091 -0.0997538281816
56.6 200 58 14.725813 -0.218189850826 -0.152595780153 0.500004962368 -0.239783677093 1.40042182721e-06 -0.102863861127 -0.099761436345
56.7 200 55 20.298295 -0.218141996278 -0.152293673739 0.500004990786 -0.239783485284 1.42797489302e-06 -0.10286377987 -0.0997688106095
56.8 200 40 10.79169 -0.218094121891 -0.151992415702 0.500005019908 -0.239783273399 1.45713886004e-06 -0.10286368997 -0.0997759514959
56.9 200 40 16.750489 -0.218046241684 -0.151691988201 0.500005049168 -0.239783073805 1.45986297656e-06 -0.102863605276 -0.0997828555046
57 200 50 17.304996 -0.217998364733 -0.151392371348 0.500005078532 -0.239782892554 1.45008552527e-06 -0.102863528522 -0.0997895338451
57.1 200 41 11.016376 -0.217950499967 -0.151093544656 0.500005107349 -0.239782681493 1.4206312193e-06 -0.102863439225 -0.0997959898626
57.2 200 42 10.819136 -0.217902655707 -0.150795487737 0.500005135479 -0.23978249333 1.38287490146e-06 -0.102863360966 -0.0998022289155
57.3 200 47 13.229297 -0.21785483007 -0.150498180756 0.500005162473 -0.239782317969 1.31773889863e-06 -0.102863286029 -0.0998082596998
57.4 200 41 11.819687 -0.217807036132 -0.150201600424 0.50000518834 -0.239782154559 1.25842908285e-06 -0.102863217721 -0.0998140860678
57.5 200 57 20.330953 -0.217759266959 -0.149905726964 0.500005212525 -0.239781987877 1.16326415148e-06 -0.10286314609 -0.0998197373932
57.6 200 41 10.63515 -0.217711526795 -0.149610539096 0.500005235075 -0.239781810905 1.07113804857e-06 -0.102863070276 -0.0998252206689
57.7 200 43 10.941763 -0.217663808719 -0.149316016852 0.500005255124 -0.239781661829 9.44696798309e-07 -0.102863005468 -0.0998305461204
57.8 200 45 17.045115 -0.217616104283 -0.14902213891 0.500005272606 -0.239781526751 8.10385558474e-07 -0.102862946179 -0.0998357328548
57.9 200 44 15.782805 -0.217568409808 -0.14872887865 0.500005287587 -0.239781382502 6.82771254572e-07 -0.102862883384 -0.0998407954834
58 200 41 12.727475 -0.217520721622 -0.148436234033 0.500005300179 -0.239781223826 5.52494114806e-07 -0.102862813151 -0.0998457501395
58.1 200 44 11.7439 -0.217473032134 -0.148144181828 0.500005310224 -0.239781097822 4.17608181726e-07 -0.102862757299 -0.0998506188798
58.2 200 54 15.373607 -0.217425327116 -0.147852706971 0.50000531678 -0.239780997566 2.34523314248e-07 -0.102862712729 -0.0998554333986
58.3 200 43 11.38401 -0.217377593658 -0.14756179533 0.500005319475 -0.239780920277 3.57687942806e-08 -0.102862675838 -0.0998601989441
58.4 200 44 13.792264 -0.217329814381 -0.147271428002 0.500005317976 -0.239780844777 -1.75234442137e-07 -0.102862639197 -0.0998649378722
58.5 200 41 13.815511 -0.217281972683 -0.146981587597 0.500005312758 -0.239780778718 -3.63445240504e-07 -0.102862606452 -0.0998696707962
58.6 200 43 12.029799 -0.217234064605 -0.146692284942 0.500005304059 -0.23978071445 -5.37101395214e-07 -0.102862576153 -0.0998744128744
58.7 200 55 12.995528 -0.217186068033 -0.146403510253 0.500005291138 -0.239780656068 -7.55047157151e-07 -0.10286254599 -0.0998791919571
58.8 200 54 10.809063 -0.21713797223 -0.146115245972 0.5000052738 -0.239780647388 -9.73090362864e-07 -0.102862537289 -0.0998840228787
58.9 200 42 11.208446 -0.217089748884 -0.145827488512 0.500005251955 -0.239780639991 -1.20084698843e-06 -0.102862527462 -0.099888916061
59 200 42 13.734534 -0.217041386772 -0.145540239666 0.500005226065 -0.239780644383 -1.40101632251e-06 -0.102862521826 -0.0998938914384
59.1 200 45 13.712729 -0.216992868447 -0.145253505224 0.500005196324 -0.239780642586 -1.5927584251e-06 -0.102862515798 -0.0998989656766
59.2 200 42 14.096745 -0.216944182115 -0.144967275022 0.500005162897 -0.23978068063 -1.77176032038e-06 -0.10286252495 -0.0999041467944
59.3 200 43 16.178635 -0.21689529906 -0.14468156319 0.500005126365 -0.239780711741 -1.92510113181e-06 -0.102862531686 -0.0999094517639
59.4 200 45 11.048108 -0.216846231709 -0.144396362586 0.500005087197 -0.239780769917 -2.05068771913e-06 -0.102862551477 -0.099914892537
59.5 200 44 16.146798 -0.216796937519 -0.144111687925 0.5000050441 -0.239780827666 -2.24584492469e-06 -0.102862566919 -0.0999204818048
59.6 200 40 13.322456 -0.216747414722 -0.143827533214 0.500004998201 -0.239780880981 -2.3811733667e-06 -0.102862582287 -0.0999262178236
59.7 200 42 17.317984 -0.216697620226 -0.143543941292 0.500004949565 -0.239780938235 -2.51643691308e-06 -0.10286259818 -0.0999321127645
59.8 200 44 15.621801 -0.216647598809 -0.143260890801 0.500004900423 -0.239781049007 -2.53033137629e-06 -0.102862638505 -0.0999381698931
59.9 200 42 11.885351 -0.21659732122 -0.142978401252 0.500004848911 -0.239781176451 -2.64482928493e-06 -0.102862675612 -0.0999443883825
60 200 44 11.774098 -0.216546763789 -0.142696485759 0.50000479481 -0.239781264657 -2.77379995042e-06 -0.102862706291 -0.099950771617
60.1 200 44 15.480918 -0.216495938066 -0.142415162299 0.500004738884 -0.23978137402 -2.85925957401e-06 -0.102862746187 -0.0999573118204
60.2 200 43 14.923387 -0.216444829287 -0.142134445921 0.500004681256 -0.239781496689 -2.93721199273e-06 -0.102862788052 -0.0999640119144
60.3 200 39 12.570278 -0.216393426694 -0.141854351223 0.500004621223 -0.239781638975 -3.05202135387e-06 -0.102862836582 -0.0999708635531
60.4 200 44 15.347313 -0.216341734729 -0.141574892708 0.500004559111 -0.2397817924 -3.15464142776e-06 -0.102862891382 -0.0999778599869
60.5 200 41 10.715516 -0.216289753794 -0.141296084142 0.500004495008 -0.239781963055 -3.25124049044e-06 -0.102862953061 -0.0999849970306
60.6 200 43 15.720587 -0.216237476553 -0.141017940026 0.500004429103 -0.239782130704 -3.33435794014e-06 -0.102863013067 -0.0999922591952
60.7 200 42 14.76006 -0.21618491544 -0.140740484444 0.500004362517 -0.23978228116 -3.36363101863e-06 -0.102863067954 -0.0999996308425
60.8 200 40 16.790571 -0.216132063463 -0.140463732448 0.500004295369 -0.239782460462 -3.38933912802e-06 -0.102863133989 -0.100007110582
60.9 200 51 11.11465 -0.216078955408 -0.140187693755 0.500004227889 -0.239782645811 -3.39902187115e-06 -0.102863205322 -0.100014681546
61 200 54 11.001176 -0.21602557971 -0.139912384004 0.500004159346 -0.239782862455 -3.45214313788e-06 -0.10286328532 -0.100022323134
61.1 200 40 11.563671 -0.215971949815 -0.139637813972 0.500004089776 -0.23978309263 -3.49985946409e-06 -0.102863370593 -0.100030024645
61.2 200 44 15.938786 -0.215918074432 -0.139363998679 0.500004019475 -0.239783318292 -3.53273311048e-06 -0.102863455298 -0.100037763249
61.3 200 44 12.754856 -0.215863969526 -0.139090956305 0.500003949488 -0.239783546116 -3.51004595848e-06 -0.102863540127 -0.100045523401
61.4 200 52 11.699633 -0.215809646825 -0.138818687849 0.500003879044 -0.23978380082 -3.52998593071e-06 -0.102863635057 -0.100053294431
61.5 200 43 11.369808 -0.215755115122 -0.138547199612 0.500003808203 -0.239784050459 -3.54745852093e-06 -0.102863728827 -0.100061057708
61.6 200 53 14.918155 -0.215700403295 -0.138276509634 0.500003737639 -0.23978428476 -3.53171213404e-06 -0.102863816679 -0.100068787072
61.7 200 40 15.965813 -0.215645520922 -0.138006618811 0.500003666981 -0.239784533904 -3.53487299951e-06 -0.102863910493 -0.100076475358
61.8 200 44 16.06289 -0.215590479865 -0.137737527905 0.500003596654 -0.239784775103 -3.51211492257e-06 -0.102864002657 -0.100084093861
61.9 200 43 16.380537 -0.215535300465 -0.137469251304 0.500003527698 -0.239785003567 -3.44195449105e-06 -0.102864088808 -0.10009163433
62 200 44 15.716093 -0.215480010094 -0.137201768361 0.500003460133 -0.239785239698 -3.36982436298e-06 -0.102864180765 -0.100099076289
62.1 200 45 13.675797 -0.215424630689 -0.136935100515 0.500003393913 -0.239785456225 -3.3025135796e-06 -0.102864264506 -0.100106409478
62.2 200 47 15.917194 -0.215369163578 -0.136669245414 0.500003328207 -0.239785641663 -3.27940346588e-06 -0.102864334827 -0.100113617756
62.3 200 43 12.780703 -0.215313646213 -0.136404187871 0.500003263964 -0.239785859804 -3.20470042022e-06 -0.102864419066 -0.100120691595
62.4 200 59 12.590392 -0.215258083785 -0.13613992266 0.500003199991 -0.239786061114 -3.1930354222e-06 -0.102864496414 -0.100127609695
62.5 200 42 11.42574 -0.215202498072 -0.135876441086 0.500003136169 -0.239786255157 -3.18581046601e-06 -0.102864569918 -0.100134368431
62.6 200 43 10.680634 -0.215146899276 -0.135613739142 0.50000307247 -0.239786423838 -3.18006114046e-06 -0.102864632777 -0.100140959516
62.7 200 53 11.227569 -0.215091309769 -0.135351809177 0.500003009367 -0.239786579874 -3.15073465436e-06 -0.102864691948 -0.100147369744
62.8 200 54 11.783496 -0.215035741658 -0.135090636015 0.500002946387 -0.239786744074 -3.1452088196e-06 -0.102864754358 -0.10015360003
62.9 200 44 13.273558 -0.21498020872 -0.134830201875 0.500002883489 -0.2397868992 -3.14105275374e-06 -0.102864812865 -0.100159640822
63 200 46 13.808717 -0.214924705824 -0.134570498448 0.500002820869 -0.239787011914 -3.12831991229e-06 -0.102864855377 -0.100165489413
63.1 200 44 16.8297 -0.214869282609 -0.134311512674 0.500002759925 -0.239787117038 -3.04807523448e-06 -0.102864896869 -0.100171146232
63.2 200 44 16.852112 -0.214813912525 -0.13405321947 0.500002698533 -0.239787204452 -3.07207583235e-06 -0.102864928609 -0.100176610386
63.3 200 43 16.232051 -0.214758634963 -0.133795617912 0.500002637761 -0.239787270594 -3.04317535207e-06 -0.102864952111 -0.100181882727
63.4 200 44 15.224603 -0.214703438675 -0.133538674047 0.500002577115 -0.239787326678 -3.03781498758e-06 -0.102864973401 -0.100186974487
63.5 200 43 11.534583 -0.214648331039 -0.133282378053 0.500002516516 -0.239787363373 -3.04082262249e-06 -0.102864986119 -0.100191888859
63.6 200 57 11.718099 -0.214593317122 -0.133026714897 0.500002455511 -0.239787376252 -3.06163661531e-06 -0.102864988944 -0.100196626734
63.7 200 44 12.763937 -0.214538395918 -0.132771657383 0.500002394 -0.239787417664 -3.08792704643e-06 -0.102865002455 -0.10020120283
63.8 200 57 16.807527 -0.214483571083 -0.132517196581 0.500002332111 -0.239787415914 -3.10870412855e-06 -0.102864999465 -0.100205622469
63.9 200 41 10.798723 -0.214428841889 -0.132263307526 0.500002269863 -0.239787429707 -3.12964708963e-06 -0.10286500185 -0.100209899817
64 200 42 15.474225 -0.214374194906 -0.132009970593 0.500002206914 -0.239787410022 -3.16585365889e-06 -0.102864990191 -0.100214044168
64.1 200 45 14.695721 -0.214319627958 -0.131757180316 0.500002143764 -0.239787357873 -3.17534382136e-06 -0.102864967872 -0.100218065313
64.2 200 44 12.462216 -0.214265150935 -0.131504904741 0.500002081074 -0.239787301881 -3.15680450657e-06 -0.102864942924 -0.100221986377
64.3 200 42 13.563107 -0.214210748911 -0.131253152884 0.500002017805 -0.239787200462 -3.18985021054e-06 -0.102864901255 -0.10022581926
64.4 200 52 11.21476 -0.214156411502 -0.131001891315 0.500001953366 -0.239787150736 -3.25308313454e-06 -0.102864877654 -0.10022957789
64.5 200 43 15.184424 -0.214102126389 -0.130751109196 0.500001887979 -0.239787068417 -3.29969409076e-06 -0.102864842081 -0.100233277922
64.6 200 43 12.161458 -0.21404788086 -0.130500798606 0.500001822059 -0.239786956281 -3.32689249358e-06 -0.102864794584 -0.100236933629
64.7 200 43 13.009978 -0.213993668688 -0.130250943448 0.500001754889 -0.239786847017 -3.39140656088e-06 -0.102864749039 -0.10024056202
64.8 200 43 14.015111 -0.213939468271 -0.1300015438 0.500001687049 -0.239786738487 -3.42454812037e-06 -0.102864704048 -0.100244184789
64.9 200 44 14.706621 -0.213885262205 -0.12975259247 0.500001618355 -0.239786638779 -3.46611263777e-06 -0.102864662102 -0.100247813141
65 200 42 12.157293 -0.213831062082 -0.129504062772 0.500001549977 -0.239786519595 -3.44945013954e-06 -0.10286461324 -0.100251469619
65.1 200 44 13.279724 -0.213776815566 -0.129255970721 0.500001480414 -0.239786381007 -3.51089992634e-06 -0.102864555121 -0.100255157636
65.2 200 41 15.107459 -0.213722543733 -0.129008311765 0.500001411558 -0.239786208896 -3.47576839361e-06 -0.102864485671 -0.100258893563
65.3 200 42 12.822718 -0.213668237512 -0.128761047425 0.500001342689 -0.239786063964 -3.47642632208e-06 -0.10286442634 -0.100262698034
65.4 200 44 15.170518 -0.213613856963 -0.128514226562 0.500001270932 -0.239785832834 -3.62588267061e-06 -0.10286432887 -0.100266581061
65.5 200 49 10.635765 -0.213559397575 -0.128267825065 0.500001197399 -0.239785669149 -3.72013495798e-06 -0.10286426003 -0.100270556762
65.6 200 54 10.317324 -0.21350484126 -0.128021859115 0.500001122428 -0.239785468732 -3.79057089557e-06 -0.10286417715 -0.100274634276
65.7 200 41 12.376465 -0.213450157922 -0.127776330965 0.500001045775 -0.239785302243 -3.87428024638e-06 -0.102864107019 -0.100278825715
65.8 200 44 13.919195 -0.213395365803 -0.127531233589 0.50000096863 -0.239785129955 -3.89528442574e-06 -0.102864035552 -0.100283131273
65.9 200 46 12.921456 -0.213340443824 -0.127286589326 0.500000889804 -0.239784925546 -3.98138887023e-06 -0.102863951079 -0.100287562056
66 200 53 14.747342 -0.213285379788 -0.127042395147 0.500000809879 -0.239784771297 -4.0356379411e-06 -0.102863887594 -0.100292126377
66.1 200 56 17.913173 -0.213230160313 -0.126798666637 0.500000728399 -0.239784601649 -4.11567149713e-06 -0.10286381668 -0.100296826053
66.2 200 39 10.092377 -0.213174781698 -0.126555414361 0.50000064538 -0.23978443592 -4.19201341361e-06 -0.102863747296 -0.100301661705
66.3 200 54 10.480538 -0.213119229965 -0.12631264521 0.500000560561 -0.239784281031 -4.2775061045e-06 -0.102863682953 -0.100306638932
66.4 200 51 12.814439 -0.213063500705 -0.126070371236 0.500000474291 -0.239784127533 -4.34908639833e-06 -0.102863618396 -0.100311753061
66.5 200 43 12.543116 -0.213007591363 -0.125828608444 0.500000387323 -0.239783960055 -4.38195575139e-06 -0.102863551431 -0.100317005368
66.6 200 44 13.189195 -0.212951487022 -0.125587366406 0.500000298887 -0.239783807085 -4.45430984094e-06 -0.102863486648 -0.100322380086
66.7 200 41 14.573936 -0.212895202196 -0.125346668532 0.500000210142 -0.239783612297 -4.4699946493e-06 -0.1028634066 -0.100327890522
66.8 200 43 13.508367 -0.212838729383 -0.125106519773 0.500000120399 -0.239783454746 -4.51793887006e-06 -0.102863342409 -0.10033351062
66.9 200 43 12.695383 -0.212782074274 -0.124866938214 0.500000030683 -0.239783295206 -4.518255892e-06 -0.102863277181 -0.100339249529
67 200 43 11.269025 -0.212725238077 -0.124627937706 0.499999939978 -0.239783154999 -4.5717356543e-06 -0.102863218925 -0.10034509131
67.1 200 43 10.62062 -0.212668230559 -0.124389524805 0.499999848077 -0.239783054705 -4.62644482437e-06 -0.102863176861 -0.10035102956
67.2 200 52 14.161376 -0.212611048293 -0.12415172062 0.499999754826 -0.239782941918 -4.6937158306e-06 -0.102863128927 -0.100357048618
67.3 200 43 13.037911 -0.212553703575 -0.123914522444 0.499999660973 -0.239782864981 -4.71382536592e-06 -0.102863097219 -0.100363141389
67.4 200 51 10.166122 -0.212496203777 -0.123677960621 0.499999566653 -0.239782729697 -4.74305467863e-06 -0.102863041201 -0.100369280568
67.5 200 40 15.097089 -0.212438534096 -0.123442046559 0.499999471144 -0.239782643831 -4.80348996023e-06 -0.102863004678 -0.100375471843
67.6 200 45 12.839574 -0.212380754598 -0.123206771632 0.499999375916 -0.239782564559 -4.78400805991e-06 -0.102862975664 -0.100381688139
67.7 200 45 11.998577 -0.212322844085 -0.122972174091 0.499999279172 -0.239782480008 -4.86050121774e-06 -0.102862940086 -0.100387918415
67.8 200 42 12.652541 -0.21226482354 -0.122738216029 0.499999182557 -0.239782471603 -4.85100951097e-06 -0.102862937221 -0.100394145872
67.9 200 42 10.478693 -0.212206713186 -0.122504937598 0.49999908545 -0.239782406138 -4.87413305924e-06 -0.102862908755 -0.100400365568
68 200 43 14.087634 -0.212148515843 -0.122272336356 0.499998987129 -0.239782337501 -4.93802748124e-06 -0.102862882661 -0.10040655602
68.1 200 45 12.391358 -0.212090251931 -0.122040412464 0.49999888905 -0.23978231156 -4.91797354409e-06 -0.102862870604 -0.100412708934
68.2 200 55 17.041627 -0.212031936816 -0.121809175075 0.499998789915 -0.239782278687 -4.97425852183e-06 -0.102862855383 -0.100418793864
68.3 200 45 12.362031 -0.211973586163 -0.12157862307 0.499998689996 -0.239782262333 -5.01797531545e-06 -0.102862847423 -0.100424814473
68.4 200 59 12.153971 -0.211915215295 -0.121348753548 0.499998589268 -0.239782261644 -5.05310485676e-06 -0.102862845377 -0.100430751484
68.5 200 47 9.89461 -0.21185683826 -0.121119566686 0.499998487896 -0.239782276713 -5.08284333098e-06 -0.102862850062 -0.100436596033
68.6 200 55 10.055439 -0.211798472424 -0.120891055359 0.499998385925 -0.239782304891 -5.11057226393e-06 -0.102862860383 -0.100442331545
68.7 200 47 12.615645 -0.21174013035 -0.120663214104 0.499998283448 -0.239782349881 -5.1331092682e-06 -0.102862877091 -0.100447950256
68.8 200 46 11.091274 -0.211681827919 -0.120436035202 0.499998180433 -0.239782391526 -5.15640505229e-06 -0.102862893027 -0.100453443588
68.9 200 40 20.885671 -0.211623580185 -0.120209520274 0.499998077063 -0.239782454386 -5.17528246291e-06 -0.102862916844 -0.100458799788
69 200 51 12.37663 -0.211565400474 -0.11998365495 0.49999797337 -0.239782536847 -5.19429314164e-06 -0.102862948257 -0.100464014106
69.1 200 41 9.93332 -0.211507300705 -0.119758428102 0.4999978694 -0.239782631657 -5.20231310835e-06 -0.102862984756 -0.100469084281
69.2 200 44 14.213708 -0.211449295622 -0.119533831424 0.499997765394 -0.239782731673 -5.19892008259e-06 -0.102863025251 -0.100474002409
69.3 200 45 12.526992 -0.211391383564 -0.119309839768 0.49999766134 -0.239782836955 -5.19668309999e-06 -0.102863065288 -0.100478759592
69.4 200 45 12.88813 -0.211333589552 -0.119086454921 0.499997557668 -0.239782936593 -5.17710305944e-06 -0.102863103899 -0.10048336246
69.5 200 46 11.938185 -0.211275911739 -0.118863649841 0.499997454443 -0.239783058174 -5.15001105829e-06 -0.102863152863 -0.100487810007
69.6 200 44 12.123691 -0.211218363476 -0.11864143016 0.49999735137 -0.239783171379 -5.14440907635e-06 -0.102863196804 -0.100492098832
69.7 200 46 12.208805 -0.211160933904 -0.118419755486 0.499997248518 -0.239783321614 -5.12843204691e-06 -0.102863255836 -0.100496234809
69.8 200 53 9.980307 -0.211103653066 -0.118198635496 0.499997146789 -0.239783432007 -5.07139395737e-06 -0.102863298964 -0.100500224282
69.9 200 44 10.427662 -0.211046503928 -0.117978043158 0.499997045672 -0.23978359355 -5.04056385867e-06 -0.102863362041 -0.100504072161
70 200 58 9.977518 -0.210989500891 -0.117757962327 0.499996945324 -0.23978374016 -4.99798986482e-06 -0.102863421007 -0.100507780288
70.1 200 45 10.262681 -0.210932635781 -0.117538377441 0.499996845706 -0.239783911469 -4.95972357824e-06 -0.102863487933 -0.100511358411
70.2 200 46 9.460029 -0.210875907767 -0.117319270027 0.499996747044 -0.239784081641 -4.90942464122e-06 -0.102863554407 -0.100514813636
70.3 200 46 11.951058 -0.21081931309 -0.11710063072 0.499996649624 -0.239784252729 -4.84624673478e-06 -0.102863620435 -0.100518154984
70.4 200 45 14.025493 -0.210762849608 -0.116882439052 0.499996553347 -0.239784410005 -4.78431852603e-06 -0.102863684264 -0.100521394563
70.5 200 47 11.43812 -0.210706506516 -0.11666469183 0.499996458528 -0.239784559601 -4.70733229631e-06 -0.102863742904 -0.100524544972
70.6 200 57 16.945368 -0.210650287444 -0.116447366168 0.499996365397 -0.239784739336 -4.62227992077e-06 -0.102863814605 -0.10052761713
70.7 200 41 10.096849 -0.210594180044 -0.116230451561 0.499996273732 -0.239784922894 -4.55263866793e-06 -0.102863886458 -0.100530629463
70.8 200 55 9.888482 -0.210538171956 -0.116013939391 0.499996183265 -0.239785094058 -4.48688259187e-06 -0.102863953935 -0.100533586492
70.9 200 45 10.724978 -0.210482254068 -0.11579781796 0.499996094355 -0.239785274328 -4.40606991007e-06 -0.102864024495 -0.100536502332
71 200 41 12.264654 -0.210426412889 -0.115582072113 0.499996007382 -0.239785454581 -4.306826983e-06 -0.102864095497 -0.100539391268
71.1 200 45 12.277325 -0.210370651176 -0.115366702208 0.499995922112 -0.239785608882 -4.22012094463e-06 -0.102864154557 -0.10054226747
71.2 200 55 12.24589 -0.210314939911 -0.115151700323 0.499995838287 -0.239785768523 -4.14533731436e-06 -0.10286422096 -0.100545145812
71.3 200 61 17.428042 -0.210259272524 -0.114937059548 0.499995756514 -0.239785933299 -4.04297576752e-06 -0.102864286106 -0.100548041609
71.4 200 43 10.23299 -0.210203637308 -0.114722774452 0.49999567706 -0.239786088825 -3.92576496717e-06 -0.102864347369 -0.100550966553
71.5 200 44 10.281397 -0.210148021194 -0.114508845541 0.499995599468 -0.239786231793 -3.82981188381e-06 -0.102864403637 -0.100553926786
71.6 200 42 10.416169 -0.210092408305 -0.114295266939 0.499995523946 -0.239786375829 -3.72590149803e-06 -0.10286446058 -0.100556938702
71.7 200 46 16.219501 -0.210036791593 -0.114082040388 0.499995450742 -0.239786499673 -3.60927938034e-06 -0.102864509529 -0.100560014534
71.8 200 44 11.653539 -0.209981155004 -0.113869170219 0.499995379826 -0.23978664088 -3.48939827238e-06 -0.102864564873 -0.100563159813
71.9 200 48 10.621799 -0.209925484487 -0.113656657934 0.499995311189 -0.239786744414 -3.37973338841e-06 -0.102864606913 -0.10056638645
72 200 48 14.379491 -0.209869762141 -0.113444504053 0.499995244797 -0.239786830292 -3.26719510958e-06 -0.102864641853 -0.100569704007
72.1 200 44 12.490371 -0.209813995929 -0.113232715915 0.499995181035 -0.239786893523 -3.13561677535e-06 -0.10286466785 -0.100573118771
72.2 200 46 14.331779 -0.209758173698 -0.113021294633 0.499995118965 -0.239786961064 -3.05314203839e-06 -0.10286469393 -0.100576638639
72.3 200 43 10.528464 -0.209702264949 -0.1128102639 0.499995058176 -0.239787037124 -2.99009884574e-06 -0.102864723079 -0.100580267412
72.4 200 48 11.039567 -0.209646268264 -0.112599624593 0.499994999491 -0.239787082811 -2.88833265613e-06 -0.102864741335 -0.100584010911
72.5 200 46 14.391975 -0.209590168151 -0.112389363559 0.499994942918 -0.239787120421 -2.78604069012e-06 -0.102864757935 -0.100587864172
72.6 200 41 11.881905 -0.209533986901 -0.112179529225 0.499994888235 -0.23978706473 -2.69606023317e-06 -0.102864737463 -0.100591834207
72.7 200 43 16.339584 -0.209477703269 -0.111970113505 0.499994835047 -0.239787064684 -2.62876842793e-06 -0.102864738071 -0.10059592458
72.8 200 42 10.052999 -0.209421311241 -0.11176112738 0.499994783196 -0.239787040046 -2.56710621996e-06 -0.102864728529 -0.100600128747
72.9 200 46 9.99616 -0.209364809311 -0.111552583808 0.499994732681 -0.239787010267 -2.5004491862e-06 -0.10286471762 -0.100604445665
73 200 45 11.712329 -0.209308200378 -0.111344495302 0.4999946833 -0.239786963913 -2.44727684597e-06 -0.102864699315 -0.100608875058
73.1 200 45 11.256765 -0.20925147104 -0.111136872662 0.499994634829 -0.239786917973 -2.40406900122e-06 -0.102864680708 -0.100613404372
73.2 200 55 10.298846 -0.209194635896 -0.110929727199 0.499994587313 -0.239786836411 -2.36128657317e-06 -0.102864648252 -0.100618030818
73.3 200 53 10.016967 -0.209137692678 -0.110723072245 0.499994540535 -0.23978675482 -2.329759673e-06 -0.102864616524 -0.100622750497
73.4 200 44 11.143533 -0.209080646573 -0.110516917227 0.49999449428 -0.239786656358 -2.30797433556e-06 -0.102864577114 -0.100627554793
73.5 200 44 14.217069 -0.209023495968 -0.110311260375 0.499994448427 -0.239786568982 -2.29108877175e-06 -0.102864542137 -0.100632434288
73.6 200 45 12.240877 -0.20896625513 -0.110106134591 0.499994402372 -0.239786414538 -2.30836947774e-06 -0.102864479188 -0.10063737369
73.7 200 61 13.100304 -0.208908931044 -0.109901551456 0.499994355696 -0.239786277544 -2.34630311318e-06 -0.102864423844 -0.100642368199
73.8 200 43 10.746241 -0.208851529131 -0.109697513405 0.499994308638 -0.239786155202 -2.37491139855e-06 -0.102864374395 -0.10064740891
73.9 200 45 11.257434 -0.208794063858 -0.109494028536 0.499994260939 -0.239786015812 -2.40816714721e-06 -0.10286431766 -0.100652476046
74 200 52 10.983765 -0.208736536734 -0.10929109688 0.499994212549 -0.239785892327 -2.44752416306e-06 -0.102864267979 -0.100657566237
74.1 200 41 12.120845 -0.208678962435 -0.109088729382 0.499994163318 -0.239785740473 -2.49398653762e-06 -0.102864206873 -0.100662662052
74.2 200 45 12.106698 -0.208621354243 -0.108886937685 0.49999411273 -0.239785593304 -2.56407726267e-06 -0.102864146841 -0.100667752826
74.3 200 46 13.137391 -0.208563734793 -0.10868571019 0.4999940609 -0.239785432629 -2.63261884328e-06 -0.102864082137 -0.100672821666
74.4 200 46 11.707663 -0.208506097488 -0.108485068559 0.499994007004 -0.239785283229 -2.73950147135e-06 -0.102864019983 -0.100677866759
74.5 200 59 18.455926 -0.208448464284 -0.10828501064 0.499993951288 -0.239785120509 -2.83613296652e-06 -0.102863955939 -0.100682868057
74.6 200 46 10.048291 -0.208390849132 -0.108085532425 0.499993893987 -0.239784969633 -2.92429109256e-06 -0.102863893362 -0.100687821492
74.7 200 48 15.110895 -0.208333274847 -0.107886622514 0.499993834439 -0.239784815608 -3.03746450326e-06 -0.102863829852 -0.100692703701
74.8 200 45 12.352558 -0.208275737951 -0.107688303612 0.499993772702 -0.239784662068 -3.15205729591e-06 -0.102863766701 -0.100697517155
74.9 200 44 14.153415 -0.208218256852 -0.107490538134 0.499993708896 -0.239784514229 -3.25370351236e-06 -0.102863705728 -0.100702241883
75 200 46 14.138691 -0.20816084521 -0.107293362972 0.499993641534 -0.239784336724 -3.43714918052e-06 -0.10286363111 -0.100706878278
75.1 200 45 14.354736 -0.208103521402 -0.107096741816 0.49999357159 -0.239784215768 -3.56695221236e-06 -0.102863579974 -0.100711411554
75.2 200 48 11.81124 -0.208046293137 -0.106900684771 0.499993498361 -0.239784085835 -3.73508647262e-06 -0.102863524104 -0.100715832328
75.3 200 54 12.59038 -0.207989167549 -0.10670517746 0.499993422091 -0.23978397589 -3.88829726838e-06 -0.102863477451 -0.10072014072
75.4 200 46 15.718495 -0.207932161553 -0.106510215117 0.499993343557 -0.239783854157 -4.00436503616e-06 -0.102863426288 -0.100724329784
75.5 200 46 14.686869 -0.207875291228 -0.106315766177 0.499993262019 -0.23978376862 -4.15366395911e-06 -0.102863389821 -0.100728392163
75.6 200 43 12.93551 -0.207818552915 -0.106121844391 0.499993176558 -0.239783663138 -4.35060904022e-06 -0.10286334508 -0.100732325929
75.7 200 62 18.021776 -0.207761961404 -0.105928445049 0.49999308819 -0.239783582964 -4.49643549758e-06 -0.102863310756 -0.10073613279
75.8 200 45 9.772832 -0.207705520492 -0.105735536025 0.49999299729 -0.239783534392 -4.63143421437e-06 -0.102863288411 -0.10073981532
75.9 200 56 9.983164 -0.20764923706 -0.105543110581 0.49999290314 -0.239783486717 -4.78783189125e-06 -0.102863266261 -0.100743365392
76 200 45 15.044614 -0.207593117037 -0.105351144164 0.499992805975 -0.239783452777 -4.93477038281e-06 -0.102863250449 -0.100746792489
76.1 200 57 10.057795 -0.207537159696 -0.105159644254 0.499992705716 -0.23978341733 -5.08366704811e-06 -0.102863234295 -0.10075008866
76.2 200 48 12.50965 -0.207481365689 -0.104968582392 0.499992602743 -0.239783408812 -5.22041948126e-06 -0.10286322825 -0.100753265581
76.3 200 61 13.221136 -0.20742574362 -0.104777953551 0.499992496961 -0.239783393963 -5.35738384995e-06 -0.102863220214 -0.100756325556
76.4 200 50 11.234096 -0.207370287196 -0.104587741154 0.49999238873 -0.239783408006 -5.47908209664e-06 -0.102863224102 -0.100759279016
76.5 200 46 12.023394 -0.20731499581 -0.104397928816 0.499992277914 -0.239783431003 -5.60108042827e-06 -0.102863231522 -0.100762127038
76.6 200 42 10.878661 -0.207259866552 -0.10420850546 0.499992164799 -0.239783464953 -5.7132686751e-06 -0.10286324346 -0.100764880301
76.7 200 55 14.959842 -0.20720489381 -0.104019458531 0.499992049412 -0.239783515665 -5.82029155885e-06 -0.10286326231 -0.100767546209
76.8 200 42 10.553775 -0.207150075364 -0.103830775211 0.499991932371 -0.239783585663 -5.90113402665e-06 -0.102863288982 -0.100770137244
76.9 200 43 13.551157 -0.207095399051 -0.103642439645 0.499991813573 -0.239783658207 -5.97937625406e-06 -0.102863318074 -0.100772655865
77 200 46 13.813934 -0.207040859421 -0.103454449925 0.499991693049 -0.239783730685 -6.05718116953e-06 -0.102863346622 -0.100775117604
77.1 200 49 11.939242 -0.206986454207 -0.103266779597 0.499991571676 -0.239783812548 -6.09389910307e-06 -0.10286338085 -0.100777533066
77.2 200 47 11.156518 -0.206932175348 -0.10307943747 0.499991449341 -0.239783889573 -6.13932644412e-06 -0.102863410264 -0.100779908818
77.3 200 55 15.786849 -0.206878001395 -0.102892412802 0.499991325696 -0.239783985104 -6.20187420118e-06 -0.102863450973 -0.100782266721
77.4 200 45 15.758678 -0.206823924634 -0.102705695349 0.499991201775 -0.239784077898 -6.20723424139e-06 -0.102863490164 -0.100784601219
77.5 200 46 11.235865 -0.206769946947 -0.102519282717 0.499991077373 -0.239784172781 -6.22637217385e-06 -0.102863529343 -0.10078693642
77.6 200 50 10.772886 -0.206716052189 -0.102333172535 0.499990952804 -0.239784278583 -6.23251955065e-06 -0.102863573101 -0.100789284313
77.7 200 44 12.151268 -0.206662219639 -0.102147346197 0.499990828469 -0.239784410659 -6.21484678824e-06 -0.102863628768 -0.100791650039
77.8 200 48 13.283399 -0.2066084489 -0.101961827459 0.499990704049 -0.239784522531 -6.21334977009e-06 -0.102863675917 -0.100794044414
77.9 200 49 13.674732 -0.206554722006 -0.101776586242 0.499990580424 -0.2397846893 -6.16347954371e-06 -0.102863745916 -0.100796476098
78 200 44 11.619007 -0.206501030239 -0.101591643242 0.49999045736 -0.239784815065 -6.13039145826e-06 -0.10286379914 -0.100798958236
78.1 200 56 12.007329 -0.206447361821 -0.101406995275 0.499990335 -0.239784979121 -6.09359245382e-06 -0.102863868313 -0.100801504524
78.2 200 54 19.537979 -0.206393704395 -0.101222642574 0.499990213755 -0.239785151922 -6.02949775927e-06 -0.102863941125 -0.100804113018
78.3 200 57 17.246049 -0.20634004857 -0.101038588863 0.499990093976 -0.239785320363 -5.95176376366e-06 -0.102864013639 -0.100806798902
78.4 200 40 10.011278 -0.206286384272 -0.100854842248 0.499989975908 -0.239785492411 -5.85920216429e-06 -0.102864086926 -0.100809567474
78.5 200 54 10.048982 -0.206232702092 -0.10067140632 0.49998985969 -0.239785681171 -5.75479442839e-06 -0.102864167128 -0.100812420998
78.6 200 49 12.655676 -0.206178997864 -0.100488287253 0.499989745863 -0.239785865824 -5.62802919277e-06 -0.102864245952 -0.10081536816
78.7 200 47 12.145075 -0.206125257665 -0.100305494829 0.499989634286 -0.239786050834 -5.50595668513e-06 -0.102864324688 -0.100818407199
78.8 200 46 14.078893 -0.206071471849 -0.100123043043 0.499989525723 -0.239786257478 -5.34888948855e-06 -0.102864413279 -0.100821544346
78.9 200 54 14.426157 -0.206017641504 -0.0999409222569 0.499989420877 -0.239786454591 -5.15607549471e-06 -0.1028645 -0.100824778447
79 200 48 13.353729 -0.20596375203 -0.0997591518233 0.499989319322 -0.239786610586 -4.98725566826e-06 -0.102864568436 -0.100828101986
79.1 200 47 12.009252 -0.205909813076 -0.0995777392121 0.499989221241 -0.239786755775 -4.81166502651e-06 -0.102864634723 -0.100831523648
79.2 200 45 10.9712 -0.205855820718 -0.0993967114384 0.499989126725 -0.239786925472 -4.63077958477e-06 -0.102864708813 -0.100835041282
79.3 200 44 13.905013 -0.205801773922 -0.0992160581028 0.499989036119 -0.239787096755 -4.43336463037e-06 -0.102864783564 -0.100838654438
79.4 200 45 15.424509 -0.205747665047 -0.099035799581 0.499988948872 -0.239787255545 -4.2572351693e-06 -0.102864853454 -0.100842353626
79.5 200 53 10.26247 -0.205693499748 -0.098855951004 0.499988865632 -0.239787432837 -4.05558389173e-06 -0.102864930462 -0.100846140367
79.6 200 44 13.787636 -0.205639277804 -0.0986765147252 0.499988786644 -0.239787606239 -3.84080587603e-06 -0.102865006479 -0.100850005295
79.7 200 44 11.01441 -0.20558500453 -0.0984975078234 0.499988712075 -0.239787756458 -3.6139362186e-06 -0.10286507308 -0.100853935692
79.8 200 58 15.456613 -0.205530684547 -0.0983189368085 0.499988642075 -0.239787910472 -3.38833552399e-06 -0.102865141507 -0.100857933385
79.9 200 47 10.229827 -0.205476323704 -0.0981408126589 0.499988576748 -0.239788064855 -3.15323782474e-06 -0.102865209602 -0.100861989401
80 200 46 12.121286 -0.205421927949 -0.0979631361424 0.499988516144 -0.239788214134 -2.91423947865e-06 -0.102865276234 -0.100866091733
80.1 200 49 13.620932 -0.205367505216 -0.097785918018 0.499988459961 -0.239788353736 -2.68840723862e-06 -0.102865337183 -0.100870230384
80.2 200 46 13.750885 -0.205313061941 -0.097609183202 0.499988407957 -0.239788477566 -2.47790296192e-06 -0.102865392258 -0.100874391332
80.3 200 43 11.111661 -0.205258609443 -0.0974329194614 0.499988361176 -0.239788631299 -2.21674350214e-06 -0.102865461071 -0.100878580384
80.4 200 46 9.978963 -0.205204155747 -0.097257138208 0.49998831931 -0.239788763743 -1.97307711841e-06 -0.102865520439 -0.100882776602
80.5 200 49 13.652769 -0.205149716983 -0.0970818421196 0.499988282334 -0.239788889361 -1.72774721933e-06 -0.102865577285 -0.100886971246
80.6 200 43 11.998676 -0.205095294835 -0.0969070395863 0.499988250167 -0.239789006747 -1.4834138322e-06 -0.102865633348 -0.100891151434
80.7 200 44 11.829677 -0.205040907782 -0.0967327317718 0.49998822286 -0.239789121832 -1.24675656883e-06 -0.102865683003 -0.10089531193
80.8 200 46 16.494952 -0.20498656294 -0.0965589148006 0.499988200451 -0.239789233189 -9.98669559937e-07 -0.102865733449 -0.100899439459
80.9 200 42 10.100513 -0.20493227449 -0.0963855940569 0.499988183187 -0.239789345952 -7.42496329366e-07 -0.102865785208 -0.100903520676
81 200 51 10.200046 -0.204878054339 -0.0962127679488 0.499988170703 -0.239789440612 -5.09115623925e-07 -0.102865829048 -0.100907555841
81.1 200 45 10.987069 -0.204823914678 -0.0960404340881 0.499988163004 -0.23978952563 -2.71243432031e-07 -0.102865869016 -0.100911530595
81.2 200 41 9.901103 -0.204769866144 -0.0958685862261 0.499988159936 -0.239789602388 -4.39511488957e-08 -0.102865905139 -0.1009154358
81.3 200 47 15.821219 -0.204715927381 -0.0956972230616 0.499988161215 -0.239789671762 1.70230183259e-07 -0.102865937861 -0.10091926207
81.4 200 44 11.531055 -0.204662096028 -0.0955263479983 0.499988166278 -0.23978976393 3.59829985518e-07 -0.10286597988 -0.10092300732
81.5 200 49 11.647437 -0.204608387904 -0.0953559396599 0.499988175888 -0.239789832474 5.8174032469e-07 -0.102866011808 -0.100926661127
81.6 200 45 13.42154 -0.204554814928 -0.0951860023568 0.499988189523 -0.239789896112 7.797717268e-07 -0.102866042088 -0.100930219652
81.7 200 46 9.551054 -0.204501387505 -0.0950165232741 0.499988207273 -0.239789950041 9.77679150053e-07 -0.102866068343 -0.100933678215
81.8 200 54 9.639087 -0.204448110481 -0.0948474937871 0.499988228611 -0.239789999095 1.15341711827e-06 -0.102866092168 -0.100937029451
81.9 200 55 10.090261 -0.204394992892 -0.0946789050809 0.499988253744 -0.239790046118 1.3384386225e-06 -0.102866114812 -0.100940280111
82 200 46 16.909408 -0.204342043784 -0.0945107535311 0.499988282347 -0.239790088472 1.50753599819e-06 -0.102866135988 -0.1009434205
82.1 200 48 12.997107 -0.2042892634 -0.0943430131257 0.499988314131 -0.2397901617 1.66790769903e-06 -0.102866169184 -0.100946450118
82.2 200 45 11.056127 -0.20423666153 -0.0941756798455 0.49998834931 -0.239790203715 1.82915908587e-06 -0.102866190155 -0.100949370678
82.3 200 46 10.280155 -0.204184241388 -0.0940087465038 0.499988387408 -0.239790232627 1.96767598662e-06 -0.102866205073 -0.100952181511
82.4 200 45 15.320822 -0.204132004952 -0.0938421911422 0.499988428536 -0.239790260525 2.1127109686e-06 -0.102866219908 -0.100954891811
82.5 200 50 12.577002 -0.20407995145 -0.0936760059998 0.499988471759 -0.239790296047 2.21537456989e-06 -0.10286623667 -0.100957493528
82.6 200 44 13.207262 -0.204028081709 -0.0935101841579 0.499988517072 -0.239790326303 2.31319655812e-06 -0.102866251872 -0.100959997373
82.7 200 42 14.595497 -0.203976400955 -0.0933447051837 0.499988564117 -0.239790351126 2.39386579464e-06 -0.102866264642 -0.100962406901
82.8 200 48 12.01425 -0.203924901383 -0.0931795644884 0.49998861275 -0.239790350235 2.46752420175e-06 -0.102866266343 -0.100964726903
82.9 200 44 12.083512 -0.203873579431 -0.0930147511249 0.499988662507 -0.239790370578 2.51633876611e-06 -0.102866277801 -0.100966974516
83 200 47 11.467639 -0.203822430527 -0.0928502549042 0.499988713502 -0.239790388012 2.57009056634e-06 -0.10286628773 -0.100969144745
83.1 200 47 12.79 -0.203771453422 -0.0926860593624 0.499988765604 -0.239790394887 2.61872258241e-06 -0.10286629392 -0.100971248758
83.2 200 57 16.425526 -0.203720639088 -0.0925221576543 0.499988818586 -0.23979040194 2.65634593006e-06 -0.102866299667 -0.100973297651
83.3 200 45 9.836398 -0.203669986101 -0.09235853598 0.499988872209 -0.239790400615 2.68029298372e-06 -0.102866301938 -0.10097530071
83.4 200 46 9.924905 -0.203619482386 -0.0921951888992 0.499988926113 -0.239790403143 2.69103226e-06 -0.10286630544 -0.100977262071
83.5 200 60 10.847294 -0.203569120949 -0.0920321064995 0.499988980066 -0.239790410523 2.68894448343e-06 -0.102866310904 -0.100979193485
83.6 200 45 10.109402 -0.203518892647 -0.0918692886581 0.499989034111 -0.239790411141 2.68771501878e-06 -0.102866313361 -0.100981103043
83.7 200 51 10.376469 -0.203468788222 -0.0917067245185 0.499989087826 -0.239790415524 2.66689233168e-06 -0.102866317715 -0.100983000883
83.8 200 47 13.903364 -0.203418802072 -0.0915444086062 0.499989141086 -0.239790421267 2.64007735512e-06 -0.102866322014 -0.100984899726
83.9 200 50 16.473199 -0.203368916721 -0.0913823411251 0.499989193835 -0.239790441852 2.61416541997e-06 -0.102866332353 -0.100986799913
84 200 48 15.907754 -0.203319124541 -0.0912205209983 0.499989245638 -0.239790492429 2.56717401581e-06 -0.102866356493 -0.100988721452
84.1 200 46 13.392402 -0.203269415167 -0.0910589392988 0.499989296961 -0.239790506683 2.5382980393e-06 -0.102866365589 -0.100990668001
84.2 200 56 19.233075 -0.203219781022 -0.0908975958863 0.49998934729 -0.239790516616 2.4852262156e-06 -0.102866371102 -0.100992651868
84.3 200 42 10.56759 -0.20317020852 -0.0907364958848 0.499989396878 -0.23979049005 2.43956038145e-06 -0.102866364242 -0.100994682182
84.4 200 46 15.288075 -0.203120690355 -0.0905756384499 0.499989445367 -0.239790493436 2.38544222059e-06 -0.102866366981 -0.10099676143
84.5 200 45 11.841766 -0.203071215723 -0.0904150335872 0.499989492586 -0.23979048964 2.31780048435e-06 -0.10286636764 -0.100998899747
84.6 200 43 11.108383 -0.203021772733 -0.0902546694339 0.499989538796 -0.239790509716 2.26930564044e-06 -0.10286637976 -0.10100109901
84.7 200 60 17.55207 -0.202972353734 -0.0900945624619 0.499989583581 -0.239790509463 2.19494585582e-06 -0.102866381987 -0.101003371253
84.8 200 47 9.804109 -0.202922952072 -0.0899347144491 0.499989627123 -0.239790504864 2.12836415649e-06 -0.102866382479 -0.101005717803
84.9 200 52 10.067484 -0.202873558798 -0.0897751312442 0.499989668934 -0.239790512811 2.04400593218e-06 -0.102866387764 -0.101008137868
85 200 48 11.253664 -0.202824171359 -0.0896158232264 0.499989709341 -0.239790521023 1.97365689405e-06 -0.102866393232 -0.101010645207
85.1 200 44 11.652703 -0.202774773668 -0.0894567928263 0.499989748452 -0.239790534854 1.91001527707e-06 -0.102866402835 -0.101013235841
85.2 200 46 14.37486 -0.202725370663 -0.0892980511188 0.499989786016 -0.239790543382 1.83161524839e-06 -0.1028664085 -0.101015909943
85.3 200 47 14.597665 -0.202675955732 -0.0891396067219 0.49998982217 -0.239790581022 1.76638697751e-06 -0.102866427264 -0.101018662173
85.4 200 58 20.075722 -0.202626522573 -0.0889814668711 0.499989857106 -0.239790589612 1.70094679842e-06 -0.102866432886 -0.10102150774
85.5 200 49 10.207681 -0.202577073364 -0.0888236451625 0.499989890757 -0.239790613646 1.63607547491e-06 -0.102866444798 -0.101024434811
85.6 200 54 10.792195 -0.202527603555 -0.0886661475779 0.499989922711 -0.239790636526 1.55639662448e-06 -0.102866455763 -0.101027443624
85.7 200 47 12.375578 -0.202478116405 -0.0885089866164 0.4999899534 -0.239790655859 1.49613198477e-06 -0.102866466557 -0.101030531439
85.8 200 46 11.363149 -0.202428608233 -0.0883521651307 0.499989983226 -0.239790682377 1.45784765744e-06 -0.102866480668 -0.101033691752
85.9 200 43 13.031815 -0.202379086839 -0.0881957008729 0.499990011808 -0.239790709336 1.39509954472e-06 -0.10286649383 -0.101036916071
86 200 53 10.121415 -0.202329550637 -0.0880395990245 0.499990039011 -0.239790755364 1.33413368232e-06 -0.10286651427 -0.101040207419
86.1 200 43 10.563546 -0.202280004401 -0.0878838684962 0.499990065346 -0.239790786516 1.29168183718e-06 -0.102866529458 -0.101043553345
86.2 200 44 10.052169 -0.202230454394 -0.0877285189715 0.499990090749 -0.239790813569 1.25024349985e-06 -0.102866542885 -0.101046946754
86.3 200 61 11.471532 -0.202180904906 -0.0875735583843 0.499990115463 -0.239790848053 1.2198453531e-06 -0.102866559537 -0.101050385128
86.4 200 46 10.458308 -0.202131365712 -0.0874189941215 0.499990139949 -0.239790892207 1.2123358459e-06 -0.102866579881 -0.101053860178
86.5 200 44 9.733988 -0.202081842095 -0.0872648310419 0.499990164145 -0.239790937554 1.20327922772e-06 -0.10286660096 -0.101057358084
86.6 200 49 10.116497 -0.202032343452 -0.0871110760558 0.499990188215 -0.239790981727 1.20265414146e-06 -0.102866621404 -0.101060873588
86.7 200 61 14.973555 -0.201982876756 -0.0869577333593 0.499990212423 -0.239791030045 1.21593342839e-06 -0.102866644373 -0.101064392226
86.8 200 62 13.35274 -0.201933452558 -0.0868048097509 0.499990237286 -0.239791077724 1.25329566264e-06 -0.102866666275 -0.101067917065
86.9 200 48 10.799098 -0.201884081948 -0.0866523054688 0.49999026293 -0.239791119704 1.29936842379e-06 -0.102866686395 -0.101071430651
87 200 48 13.778923 -0.201834773058 -0.0865002249939 0.499990289383 -0.239791172578 1.34804111113e-06 -0.102866710911 -0.101074926601
87.1 200 46 14.624489 -0.201785535027 -0.0863485706281 0.499990317368 -0.239791223333 1.43549258857e-06 -0.102866735728 -0.101078401411
87.2 200 47 11.405984 -0.201736381792 -0.0861973350384 0.499990346312 -0.239791276843 1.49186563429e-06 -0.102866760074 -0.101081828761
87.3 200 51 11.590866 -0.201687324633 -0.0860465219342 0.499990377426 -0.239791320837 1.6009097089e-06 -0.102866782702 -0.101085215988
87.4 200 46 11.410398 -0.201638369351 -0.0858961350373 0.499990410315 -0.23979135831 1.69917124104e-06 -0.102866801493 -0.101088547629
87.5 200 46 11.781869 -0.201589531374 -0.0857461657168 0.499990445594 -0.239791411432 1.82184472787e-06 -0.102866827089 -0.101091823828
87.6 200 61 17.767618 -0.201540813429 -0.0855966131224 0.499990483194 -0.239791458341 1.9462231582e-06 -0.102866849852 -0.101095027912
87.7 200 49 12.007397 -0.201492229094 -0.0854474722414 0.499990523649 -0.239791486534 2.09108768925e-06 -0.102866865566 -0.101098163927
87.8 200 51 12.089882 -0.201443789457 -0.085298733079 0.499990566998 -0.239791526559 2.24665942719e-06 -0.102866886672 -0.101101217428
87.9 200 48 12.021533 -0.20139550419 -0.0851503913753 0.499990613762 -0.239791566621 2.42360623134e-06 -0.102866907703 -0.101104192699
88 200 48 13.023137 -0.201347376237 -0.0850024460699 0.499990664043 -0.239791585624 2.60819075225e-06 -0.102866920926 -0.101107078951
88.1 200 48 14.452229 -0.201299419027 -0.0848548769456 0.499990718228 -0.239791637612 2.8069961141e-06 -0.102866946114 -0.101109876313
88.2 200 48 10.260643 -0.201251633164 -0.0847076857951 0.499990776371 -0.239791660215 3.01195793934e-06 -0.102866962016 -0.101112573185
88.3 200 51 11.968672 -0.201204026615 -0.0845608592865 0.499990838853 -0.239791674358 3.23069761439e-06 -0.102866973171 -0.101115181347
88.4 200 56 12.612926 -0.201156606288 -0.084414385745 0.499990905468 -0.239791689659 3.44225963868e-06 -0.102866984769 -0.101117690874
88.5 200 50 14.749922 -0.201109376011 -0.084268255033 0.499990976573 -0.239791696705 3.67119119858e-06 -0.102866992707 -0.10112010227
88.6 200 56 12.397068 -0.201062336215 -0.0841224625075 0.499991052729 -0.239791685838 3.92748948302e-06 -0.10286699419 -0.101122427562
88.7 200 46 11.833304 -0.201015490016 -0.0839769961292 0.499991133954 -0.239791676535 4.18139394494e-06 -0.102866995171 -0.101124657365
88.8 200 46 12.554402 -0.200968841361 -0.0838318383775 0.499991220281 -0.239791667161 4.44131982286e-06 -0.102866998043 -0.101126794117
88.9 200 49 16.589378 -0.200922369323 -0.0836870001094 0.49999131167 -0.239791653719 4.69612352761e-06 -0.102866997171 -0.101128846848
89 200 47 15.492044 -0.200876108297 -0.0835424496238 0.499991408996 -0.23979165701 5.00079672347e-06 -0.10286700539 -0.101130820879
89.1 200 50 15.401583 -0.200830031981 -0.0833981757118 0.499991512017 -0.239791633349 5.28588675888e-06 -0.102867001929 -0.101132716876
89.2 200 53 13.857811 -0.200784155366 -0.0832541667595 0.499991620939 -0.23979158084 5.58007835038e-06 -0.102866988029 -0.101134541192
89.3 200 57 20.711844 -0.200738460675 -0.083110417487 0.49999173526 -0.239791529371 5.84845531597e-06 -0.102866973971 -0.101136297441
89.4 200 49 10.262744 -0.20069294943 -0.0829669199347 0.499991854936 -0.239791466518 6.1073252707e-06 -0.102866954574 -0.101137999723
89.5 200 62 10.127079 -0.200647613681 -0.0828236655832 0.499991979716 -0.239791399619 6.36595493551e-06 -0.102866933613 -0.101139649664
89.6 200 51 16.369431 -0.20060244711 -0.0826806567903 0.499992109774 -0.239791320842 6.62911056175e-06 -0.102866907336 -0.101141257106
89.7 200 48 11.058351 -0.200557444558 -0.0825378650281 0.499992245607 -0.239791273542 6.91848099579e-06 -0.102866893085 -0.101142829862
89.8 200 58 17.951555 -0.200512597533 -0.0823952930177 0.499992386593 -0.239791180921 7.17164885855e-06 -0.10286686318 -0.101144376632
89.9 200 48 10.200007 -0.200467898228 -0.0822529389347 0.499992532788 -0.239791078842 7.42495285811e-06 -0.102866828053 -0.101145906976
90 200 60 10.242831 -0.20042333638 -0.082110789361 0.499992683737 -0.239790989393 7.66297310764e-06 -0.102866796987 -0.101147427875
90.1 200 50 11.782487 -0.200378906892 -0.0819688465269 0.499992839403 -0.239790886289 7.89424931669e-06 -0.102866760751 -0.101148947303
90.2 200 47 11.277456 -0.200334595653 -0.0818271062036 0.49999299968 -0.2397907744 8.12103377566e-06 -0.10286672076 -0.101150473372
90.3 200 43 11.567704 -0.200290397016 -0.0816855654467 0.499993164285 -0.239790664393 8.33134858194e-06 -0.102866680964 -0.101152018701
90.4 200 57 11.446279 -0.20024630093 -0.08154422379 0.499993333065 -0.239790545606 8.53516898592e-06 -0.102866637359 -0.101153585291
90.5 200 51 13.622628 -0.200202295591 -0.0814030792775 0.499993505844 -0.239790430832 8.72916702093e-06 -0.102866594943 -0.10115518573
90.6 200 58 10.467942 -0.200158375747 -0.0812621333805 0.499993682396 -0.239790313574 8.91113162336e-06 -0.102866551157 -0.101156821184
90.7 200 50 15.334056 -0.200114529663 -0.0811213940418 0.499993862345 -0.23979019027 9.07507080527e-06 -0.102866504767 -0.101158507287
90.8 200 46 15.158193 -0.200070751008 -0.0809808498949 0.499994045819 -0.239790085276 9.24813089868e-06 -0.102866466463 -0.10116024497
90.9 200 50 14.231961 -0.200027028783 -0.0808405168628 0.499994232463 -0.239789991972 9.4005934486e-06 -0.102866432583 -0.101162039068
91 200 50 15.555511 -0.199983352894 -0.0807003975443 0.4999944218 -0.239789876778 9.52660996326e-06 -0.102866389541 -0.101163895369
91.1 200 48 12.751317 -0.199939720533 -0.080560488433 0.499994613839 -0.239789766859 9.65536312045e-06 -0.102866348281 -0.10116582544
91.2 200 50 10.589581 -0.199896121691 -0.0804208035302 0.499994808624 -0.239789633556 9.78153085344e-06 -0.102866294702 -0.101167830058
91.3 200 45 11.508072 -0.199852553859 -0.0802813427618 0.499995005264 -0.239789509267 9.86969436931e-06 -0.102866246504 -0.101169905
91.4 200 47 10.89324 -0.199809009006 -0.0801421206989 0.499995203611 -0.239789394014 9.94911818643e-06 -0.102866201223 -0.101172057234
91.5 200 46 11.336883 -0.199765486552 -0.0800031397353 0.499995403379 -0.23978928677 1.00129519344e-05 -0.102866159118 -0.101174286448
91.6 200 46 14.763191 -0.19972198407 -0.0798644097972 0.499995604183 -0.23978918286 1.00578513042e-05 -0.102866118033 -0.101176594941
91.7 200 47 13.678597 -0.199678494543 -0.0797259411555 0.499995806139 -0.23978911233 1.01109998005e-05 -0.102866088628 -0.101178977263
91.8 200 51 11.158841 -0.199635012321 -0.0795877367188 0.499996008711 -0.239789005475 1.01347353448e-05 -0.10286604821 -0.101181440726
91.9 200 47 10.599812 -0.199591537858 -0.0794498089805 0.499996211614 -0.239788911407 1.01433045601e-05 -0.102866009647 -0.101183979984
92 200 46 11.338386 -0.199548078183 -0.0793121655907 0.4999964146 -0.239788828659 1.01416263565e-05 -0.102865975482 -0.101186591043
92.1 200 47 13.316245 -0.199504631252 -0.0791748152531 0.499996617534 -0.239788750032 1.01323504658e-05 -0.102865943806 -0.101189269207
92.2 200 50 11.80332 -0.199461194771 -0.0790377681218 0.499996820297 -0.239788711549 1.01229536346e-05 -0.102865927376 -0.101192012579
92.3 200 45 13.479799 -0.199417776162 -0.0789010281796 0.499997022332 -0.23978863247 1.00779955593e-05 -0.102865895369 -0.101194813403
92.4 200 45 10.018456 -0.199374376669 -0.0787646088509 0.499997223172 -0.239788594561 1.00152300469e-05 -0.102865878933 -0.101197662247
92.5 200 53 10.404433 -0.199331001596 -0.0786285167591 0.49999742329 -0.239788539803 9.97004835697e-06 -0.102865855019 -0.101200569487
92.6 200 50 14.129628 -0.199287656161 -0.0784927635148 0.499997622261 -0.239788497204 9.90885162437e-06 -0.102865836259 -0.101203518085
92.7 200 50 15.721871 -0.199244340631 -0.0783573538005 0.499997820127 -0.239788484622 9.85064573166e-06 -0.102865829369 -0.101206502617
92.8 200 50 15.023274 -0.199201071345 -0.0782222854879 0.499998016511 -0.239788463631 9.76975783871e-06 -0.102865819752 -0.101209512589
92.9 200 50 12.705509 -0.199157856121 -0.0780875654522 0.499998211683 -0.239788456952 9.70544417207e-06 -0.102865816229 -0.101212537247
93 200 49 11.019537 -0.199114700641 -0.0779531985909 0.499998405088 -0.239788456062 9.61016535618e-06 -0.102865814096 -0.10121557697
93.1 200 46 13.684216 -0.199071612704 -0.0778191996294 0.499998596669 -0.239788407792 9.51730018315e-06 -0.102865793595 -0.101218622322
93.2 200 48 15.474124 -0.19902860215 -0.077685556197 0.499998786596 -0.239788447469 9.43663458562e-06 -0.102865808919 -0.101221656443
93.3 200 47 14.681272 -0.198985672459 -0.0775522746852 0.499998974364 -0.239788464323 9.32411131826e-06 -0.102865814082 -0.101224684771
93.4 200 45 10.332448 -0.198942840708 -0.0774193574141 0.499999159956 -0.239788458736 9.20848677663e-06 -0.102865809146 -0.101227693195
93.5 200 43 10.429207 -0.198900110366 -0.0772868061855 0.499999342816 -0.239788483477 9.07213987575e-06 -0.102865816988 -0.101230670351
93.6 200 48 11.394648 -0.198857493066 -0.0771546208337 0.499999523085 -0.239788510534 8.94032495005e-06 -0.102865825891 -0.101233613575
93.7 200 43 9.948615 -0.19881499802 -0.0770227963453 0.499999700721 -0.239788544193 8.80686477556e-06 -0.102865837172 -0.101236512787
93.8 200 48 9.762792 -0.198772634601 -0.0768913337779 0.499999875605 -0.239788587972 8.66663575395e-06 -0.102865852804 -0.101239363092
93.9 200 47 9.848055 -0.198730414411 -0.0767602247597 0.500000047751 -0.239788632939 8.5282542709e-06 -0.102865869483 -0.101242157087
94 200 56 10.55385 -0.198688340952 -0.0766294714078 0.500000216904 -0.239788693426 8.37720309509e-06 -0.102865892709 -0.101244887854
94.1 200 48 14.083926 -0.198646421195 -0.0764990712305 0.500000383425 -0.239788734315 8.24621242302e-06 -0.102865907487 -0.101247554064
94.2 200 49 10.967762 -0.198604670997 -0.0763690062039 0.500000547071 -0.239788787941 8.10137771399e-06 -0.102865928789 -0.10125014896
94.3 200 53 14.404479 -0.198563091564 -0.0762392759799 0.500000708082 -0.239788824171 7.96864155094e-06 -0.102865942632 -0.101252666271
94.4 200 57 24.259221 -0.198521690771 -0.0761098745165 0.500000866196 -0.239788869693 7.82376279697e-06 -0.102865960647 -0.101255106034
94.5 200 64 12.868107 -0.198480475355 -0.0759807944191 0.50000102153 -0.239788930397 7.68278803704e-06 -0.102865984332 -0.101257465138
94.6 200 52 10.201622 -0.198439451255 -0.0758520251532 0.500001173992 -0.239788996206 7.54302627497e-06 -0.102866009994 -0.101259739739
94.7 200 59 10.723497 -0.198398619229 -0.0757235572837 0.500001323463 -0.239789077029 7.39346892776e-06 -0.102866042369 -0.101261927521
94.8 200 46 11.445421 -0.198357985573 -0.0755953838159 0.500001470222 -0.239789126989 7.26103493451e-06 -0.102866061862 -0.101264034811
94.9 200 59 12.110169 -0.198317551223 -0.075467494166 0.500001614226 -0.239789190943 7.12436119682e-06 -0.102866086625 -0.101266055076
95 200 59 14.519071 -0.198277318391 -0.0753398796079 0.500001755567 -0.23978924911 6.99382001108e-06 -0.102866110493 -0.101267996796
95.1 200 50 13.848256 -0.198237289157 -0.0752125313306 0.500001894342 -0.239789311954 6.86413231951e-06 -0.102866136736 -0.101269858253
95.2 200 50 10.787103 -0.198197461056 -0.0750854360833 0.500002030546 -0.239789364941 6.73969406319e-06 -0.102866159169 -0.101271643607
95.3 200 49 13.778953 -0.198157834418 -0.0749585877165 0.500002164207 -0.239789427779 6.61436478045e-06 -0.102866185052 -0.101273348019
95.4 200 49 10.397274 -0.198118405553 -0.0748319757049 0.500002295024 -0.239789476855 6.47585337894e-06 -0.102866207417 -0.101274988584
95.5 200 49 10.985344 -0.198079176545 -0.0747055918282 0.500002423888 -0.239789520594 6.37883089713e-06 -0.102866224767 -0.101276561458
95.6 200 49 11.801526 -0.198040138174 -0.0745794261397 0.500002550193 -0.239789559101 6.25366150097e-06 -0.102866242403 -0.101278074346
95.7 200 57 18.133259 -0.198001290908 -0.0744534714614 0.500002674668 -0.239789573846 6.16539258834e-06 -0.102866250886 -0.101279531112
95.8 200 49 10.43527 -0.197962626326 -0.0743277202817 0.500002797294 -0.239789578008 6.07358193875e-06 -0.102866255469 -0.10128094599
95.9 200 48 10.460608 -0.197924138739 -0.0742021616793 0.500002917887 -0.23978961692 5.97844040248e-06 -0.102866274191 -0.101282315984
96 200 52 12.523503 -0.197885823702 -0.0740767924348 0.500003036774 -0.239789618353 5.89719442479e-06 -0.102866277836 -0.101283650846
96.1 200 48 11.077532 -0.19784767199 -0.0739516056958 0.500003154185 -0.239789620103 5.82826253053e-06 -0.102866281953 -0.101284960475
96.2 200 65 14.758337 -0.19780967673 -0.073826595011 0.500003270132 -0.239789619449 5.75780690915e-06 -0.102866285528 -0.101286250809
96.3 200 47 10.422359 -0.197771832255 -0.0737017589454 0.50000338495 -0.239789606618 5.70105304709e-06 -0.10286628459 -0.101287530061
96.4 200 46 13.458568 -0.197734131344 -0.0735770931032 0.50000349846 -0.239789589665 5.64347331399e-06 -0.102866281558 -0.101288803248
96.5 200 46 12.873931 -0.197696568732 -0.0734525905317 0.500003610756 -0.239789548237 5.58871432011e-06 -0.102866269329 -0.10129007849
96.6 200 51 16.023288 -0.197659115546 -0.0733282517007 0.500003722167 -0.239789507411 5.5480551467e-06 -0.102866257346 -0.101291363176
96.7 200 49 16.046077 -0.197621774998 -0.0732040764208 0.500003832911 -0.239789460758 5.5175109038e-06 -0.102866243375 -0.101292666023
96.8 200 46 11.163234 -0.19758455252 -0.073080070111 0.500003943035 -0.239789416773 5.49058269902e-06 -0.102866230145 -0.101293994207
96.9 200 50 10.372122 -0.197547431075 -0.0729562261339 0.500004052866 -0.239789329246 5.4772041704e-06 -0.102866199801 -0.101295353665
97 200 51 11.204615 -0.197510401165 -0.0728325513865 0.500004162362 -0.239789254564 5.46420154646e-06 -0.102866174473 -0.101296747358
97.1 200 61 18.968623 -0.197473451559 -0.0727090434521 0.500004271832 -0.239789169415 5.46742089451e-06 -0.102866145069 -0.101298195129
97.2 200 44 10.17335 -0.197436576701 -0.0725857101547 0.500004381415 -0.239789066465 5.47339520585e-06 -0.102866110378 -0.101299686174
97.3 200 48 11.888166 -0.197399770421 -0.0724625510121 0.50000449099 -0.239788972649 5.47977306694e-06 -0.102866078143 -0.101301230219
97.4 200 44 10.792619 -0.197363028765 -0.0723395727782 0.500004600988 -0.239788856797 5.50377030437e-06 -0.102866037052 -0.101302834129
97.5 200 47 10.696237 -0.197326339972 -0.0722167812962 0.500004711377 -0.239788737039 5.52846154409e-06 -0.102865994592 -0.101304499124
97.6 200 45 15.458979 -0.197289702645 -0.072094178282 0.500004822412 -0.239788613927 5.56308256386e-06 -0.102865950364 -0.101306229039
97.7 200 46 12.191797 -0.197253109711 -0.0719717771451 0.500004933871 -0.239788471967 5.59393564041e-06 -0.10286589952 -0.101308021948
97.8 200 44 10.335777 -0.197216557755 -0.071849580589 0.500005046388 -0.239788331616 5.64068394328e-06 -0.102865848205 -0.101309886147
97.9 200 43 10.28309 -0.197180044762 -0.0717275980516 0.500005159665 -0.239788192009 5.68355754789e-06 -0.102865797339 -0.101311815033
98 200 60 12.228957 -0.197143567444 -0.071605836007 0.500005273952 -0.239788034614 5.73537029774e-06 -0.102865739418 -0.10131381432
98.1 200 44 12.162998 -0.197107124981 -0.0714843024248 0.500005389524 -0.239787868918 5.80154747542e-06 -0.102865677782 -0.101315881385
98.2 200 49 13.334926 -0.19707071811 -0.071363006949 0.500005506097 -0.239787725979 5.85446614296e-06 -0.102865626943 -0.10131801572
98.3 200 57 18.501685 -0.197034346414 -0.0712419515315 0.500005623735 -0.239787547536 5.91058937765e-06 -0.102865557788 -0.10132021094
98.4 200 50 9.966795 -0.196998008114 -0.0711211487032 0.500005742875 -0.239787359161 5.97963235024e-06 -0.10286548807 -0.101322470293
98.5 200 51 17.301664 -0.196961706219 -0.0710006076281 0.500005863103 -0.239787195875 6.03805104522e-06 -0.102865427739 -0.101324791169
98.6 200 48 10.972964 -0.196925444333 -0.0708803348687 0.500005984454 -0.239787028025 6.09695645121e-06 -0.102865364439 -0.101327159143
98.7 200 47 9.873383 -0.196889223872 -0.0707603359616 0.500006107347 -0.239786840678 6.17108004354e-06 -0.102865292304 -0.10132957818
98.8 200 60 12.294798 -0.196853051404 -0.0706406186943 0.500006231606 -0.239786650679 6.2391672804e-06 -0.102865219282 -0.101332038239
98.9 200 43 15.437497 -0.196816937053 -0.0705211946308 0.500006357296 -0.239786441702 6.31119656692e-06 -0.102865141858 -0.101334540734
99 200 51 17.075877 -0.19678087772 -0.0704020631044 0.500006483817 -0.239786268403 6.35995450942e-06 -0.102865075611 -0.101337074918
99.1 200 50 16.59951 -0.196744866496 -0.0702832377425 0.500006611653 -0.239786102486 6.42125224667e-06 -0.102865013228 -0.10133963507
99.2 200 47 10.334017 -0.196708941415 -0.0701647041864 0.500006740796 -0.239785898794 6.48496184593e-06 -0.10286493585 -0.101342207963
99.3 200 49 10.382058 -0.196673091968 -0.0700464772392 0.500006871533 -0.239785723412 6.55650922129e-06 -0.102864868445 -0.101344798851
99.4 200 46 10.829603 -0.196637328918 -0.0699285633264 0.500007003135 -0.239785535556 6.59841542616e-06 -0.102864795867 -0.101347392881
99.5 200 48 12.808505 -0.196601659288 -0.0698109598553 0.50000713588 -0.239785332787 6.65340044164e-06 -0.102864716372 -0.101349987121
99.6 200 50 11.094605 -0.1965660929 -0.0696936762285 0.500007269454 -0.239785131248 6.69834109234e-06 -0.102864637269 -0.101352567915
99.7 200 45 11.313856 -0.196530636478 -0.0695767075547 0.500007404003 -0.239784955508 6.73966752742e-06 -0.102864569306 -0.101355144497
99.8 200 49 13.408211 -0.196495299991 -0.0694600561901 0.500007539149 -0.239784779703 6.76848192963e-06 -0.102864500817 -0.101357689882
99.9 200 49 16.358372 -0.196460090084 -0.0693437141109 0.500007675139 -0.239784620969 6.80913351757e-06 -0.102864438589 -0.101360208054
100 200 50 17.752591 -0.196425014337 -0.0692276955187 0.500007811791 -0.239784453893 6.83926348596e-06 -0.102864373502 -0.101362689397
