# SIAM impurity greater Green function, spin-symmetric FBR
# L=200 U=0.1 V=0.1 dt=0.1 tmax=100 E_gs=-62.7536301399
# t  n_active  bond_dim  wall_s  ReG00  ImG00  n0  ReC0n  ImC0n  E_psi0  E_B
0 24 35 0.060985 0 -0.499999990252 0.499999986233 -0.220940789492 0 -1000 -1000
0.1 26 27 0.72627 -0.00323120095303 -0.49996872498 0.499999986211 -0.220940898439 -1.56526739215e-10 -0.123594972888 -0.0589695009691
0.2 28 26 0.761527 -0.00645995347355 -0.499874998086 0.499999986264 -0.220941170204 4.67052526618e-09 -0.123595049486 -0.0590119825805
0.3 32 27 0.803971 -0.00968381699876 -0.499719016551 0.499999986628 -0.220941599631 2.57572833596e-08 -0.123595187582 -0.0590967913196
0.4 36 26 0.870039 -0.0129003697129 -0.499501124436 0.499999987524 -0.220942159478 5.72122771511e-08 -0.123595376277 -0.0592236341108
0.5 40 27 0.943986 -0.0161072178009 -0.499221800705 0.49999998911 -0.22094285329 9.28269507167e-08 -0.123595617818 -0.059392075742
0.6 44 27 1.021631 -0.0193020037929 -0.498881657363 0.499999991454 -0.220943686306 1.3106607156e-07 -0.123595914913 -0.0596015341339
0.7 48 26 1.101119 -0.0224824148928 -0.498481436355 0.499999994502 -0.220944657788 1.65929431163e-07 -0.123596266518 -0.0598512836439
0.8 46 27 1.175138 -0.0256461927326 -0.498022005804 0.49999999806 -0.220945757401 1.88838260654e-07 -0.123596668462 -0.0601404640851
0.9 44 27 1.146929 -0.0287911398561 -0.497504356025 0.500000002132 -0.22094697582 2.12337884558e-07 -0.123597118197 -0.0604680857011
1 48 27 1.11556 -0.0319151285463 -0.496929594427 0.500000006621 -0.220948305409 2.31660061471e-07 -0.123597612492 -0.0608330291601
1.1 52 27 1.192828 -0.035016108271 -0.496298940579 0.500000011404 -0.220949737623 2.44206469307e-07 -0.123598148206 -0.0612340565951
1.2 54 27 1.31581 -0.0380921119775 -0.495613719886 0.500000016413 -0.220951264111 2.52785511574e-07 -0.123598722294 -0.0616698133634
1.3 58 27 1.360102 -0.0411412635844 -0.494875357698 0.500000021521 -0.220952872982 2.54725137333e-07 -0.123599330253 -0.0621388374065
1.4 58 27 1.465195 -0.0441617832161 -0.494085372212 0.50000002661 -0.220954556277 2.51570987941e-07 -0.123599969097 -0.0626395642069
1.5 60 27 1.451728 -0.0471519926992 -0.49324536765 0.5000000316 -0.220956302291 2.43446839144e-07 -0.123600634374 -0.0631703370458
1.6 64 28 1.557678 -0.0501103212076 -0.492357026301 0.500000036359 -0.220958099639 2.29186411504e-07 -0.123601321497 -0.0637294140234
1.7 64 28 1.686911 -0.0530353089437 -0.491422101038 0.500000040719 -0.220959937733 2.06970375035e-07 -0.123602026719 -0.0643149769341
1.8 68 28 1.610791 -0.0559256107239 -0.4904424072 0.500000044602 -0.220961805457 1.80384947389e-07 -0.123602745501 -0.0649251397971
1.9 70 27 1.709371 -0.0587799997118 -0.489419814223 0.500000047897 -0.220963690961 1.47603712305e-07 -0.123603473471 -0.0655579598322
2 74 27 1.790996 -0.0615973696924 -0.488356236997 0.500000050477 -0.220965583274 1.09214813024e-07 -0.123604206108 -0.0662114428048
2.1 78 28 2.132297 -0.0643767365723 -0.48725362781 0.500000052248 -0.22096747046 6.62554627382e-08 -0.123604938932 -0.0668835563021
2.2 82 27 1.95798 -0.0671172395235 -0.486113967292 0.500000053125 -0.220969341543 1.95788203987e-08 -0.123605667605 -0.0675722383651
2.3 84 27 2.163589 -0.0698181422 -0.484939255768 0.500000052995 -0.220971185965 -3.28463750068e-08 -0.123606387886 -0.0682754079419
2.4 88 28 2.232988 -0.072478832326 -0.483731504928 0.500000051757 -0.220972992861 -8.95837169769e-08 -0.123607095568 -0.0689909730087
2.5 92 28 2.64791 -0.0750988203756 -0.482492729024 0.500000049372 -0.220974752533 -1.48902764123e-07 -0.123607786782 -0.0697168420092
2.6 94 27 2.396322 -0.0776777387455 -0.481224937181 0.500000045789 -0.220976454976 -2.09515738674e-07 -0.12360845747 -0.0704509323669
2.7 98 29 2.567474 -0.0802153403926 -0.479930123863 0.500000040946 -0.220978091032 -2.74147431589e-07 -0.123609103998 -0.0711911809194
2.8 94 27 2.53531 -0.0827114950157 -0.478610262604 0.500000034795 -0.220979652002 -3.39762555453e-07 -0.123609722922 -0.0719355526336
2.9 92 28 2.792409 -0.0851661869734 -0.477267296804 0.500000027314 -0.220981130569 -4.06548599118e-07 -0.12361031114 -0.0726820489484
3 96 30 2.646201 -0.0875795112563 -0.475903133368 0.500000018502 -0.220982518646 -4.72935488798e-07 -0.123610865498 -0.0734287181077
3.1 98 29 2.805386 -0.0899516696954 -0.474519635421 0.500000008339 -0.220983810392 -5.3919788525e-07 -0.123611383589 -0.0741736620434
3.2 102 29 3.008541 -0.0922829654883 -0.473118615713 0.499999996896 -0.220985000123 -6.02925355153e-07 -0.123611862924 -0.0749150449931
3.3 104 30 2.992374 -0.0945737989635 -0.471701830173 0.499999984163 -0.22098608223 -6.65468435137e-07 -0.123612301285 -0.075651100583
3.4 108 30 3.068659 -0.0968246623487 -0.470270972233 0.499999970195 -0.220987053886 -7.26458038539e-07 -0.123612697418 -0.0763801388735
3.5 112 31 3.757198 -0.0990361331248 -0.468827668078 0.499999955055 -0.220987911201 -7.83144782799e-07 -0.123613049481 -0.0771005532933
3.6 114 31 3.683793 -0.101208868282 -0.467373471275 0.499999938759 -0.220988650741 -8.36916785533e-07 -0.123613356347 -0.0778108254299
3.7 118 30 3.880981 -0.103343598435 -0.465909858712 0.499999921425 -0.220989271891 -8.86456864544e-07 -0.123613617476 -0.0785095324006
3.8 122 29 3.380988 -0.105441120325 -0.464438226857 0.499999903177 -0.220989774966 -9.30757719569e-07 -0.123613832552 -0.079195350044
3.9 126 32 3.956546 -0.107502291313 -0.462959888487 0.499999884137 -0.22099015873 -9.70075840585e-07 -0.123614001255 -0.0798670568802
4 130 33 3.701429 -0.109528020291 -0.46147607108 0.499999864345 -0.220990425612 -1.00313875003e-06 -0.123614124338 -0.080523538248
4.1 134 33 5.159232 -0.111519263263 -0.459987913149 0.499999843929 -0.220990575498 -1.03110939649e-06 -0.123614201432 -0.0811637899167
4.2 138 31 4.181018 -0.113477013918 -0.458496464111 0.499999823012 -0.220990612135 -1.05183436272e-06 -0.123614234139 -0.0817869156714
4.3 142 30 4.820379 -0.115402298022 -0.457002681969 0.499999801793 -0.220990537863 -1.06652053927e-06 -0.123614223107 -0.0823921366713
4.4 146 28 5.199175 -0.117296166008 -0.455507434767 0.499999780348 -0.220990356616 -1.07434316756e-06 -0.123614169627 -0.0829787860389
4.5 148 34 4.705096 -0.119159686199 -0.45401149924 0.499999758831 -0.220990073593 -1.07454120088e-06 -0.123614075899 -0.0835463078765
4.6 150 33 5.265639 -0.120993936941 -0.452515562858 0.499999737387 -0.220989696164 -1.0672174288e-06 -0.123613944611 -0.0840942662266
4.7 152 34 6.34835 -0.122800001584 -0.451020223562 0.499999716161 -0.220989226407 -1.05292070188e-06 -0.123613776441 -0.0846223292144
4.8 154 33 6.861277 -0.124578959766 -0.44952599207 0.499999695234 -0.220988674202 -1.02982875488e-06 -0.12361357533 -0.0851302858623
4.9 156 34 5.151662 -0.126331883511 -0.448033294905 0.499999674855 -0.220988040537 -1.00033034504e-06 -0.12361334134 -0.0856180229527
5 158 35 6.495288 -0.12805982995 -0.44654247522 0.499999655163 -0.220987336815 -9.64569813199e-07 -0.12361307899 -0.0860855424485
5.1 160 35 6.608928 -0.129763836047 -0.445053798386 0.499999636236 -0.220986569168 -9.20934337471e-07 -0.123612790622 -0.0865329412636
5.2 162 33 5.478967 -0.131444912856 -0.443567452271 0.499999618259 -0.220985744613 -8.68608214822e-07 -0.123612479114 -0.0869604125924
5.3 164 34 6.424958 -0.133104041334 -0.442083553773 0.49999960139 -0.220984870999 -8.12897366661e-07 -0.123612147015 -0.0873682501026
5.4 166 35 6.041714 -0.134742167444 -0.440602151889 0.499999585745 -0.220983958497 -7.47910252286e-07 -0.123611798715 -0.0877568399381
5.5 168 35 8.933316 -0.136360197498 -0.439123231867 0.499999571446 -0.220983012262 -6.78135815763e-07 -0.123611435875 -0.0881266349364
5.6 170 35 6.262846 -0.137958994652 -0.437646718877 0.499999558602 -0.22098204238 -6.00393386528e-07 -0.123611062803 -0.0884781799005
5.7 172 32 8.170246 -0.139539376138 -0.436172485415 0.499999547367 -0.220981057162 -5.20210640273e-07 -0.123610682346 -0.0888120885974
5.8 174 34 9.471958 -0.141102110069 -0.434700354303 0.499999537676 -0.22098005986 -4.33886459832e-07 -0.123610296265 -0.0891290334651
5.9 176 34 6.173848 -0.142647912076 -0.433230103989 0.499999529873 -0.220979063216 -3.39467062536e-07 -0.123609909252 -0.0894297534761
6 178 38 7.078591 -0.144177444544 -0.431761474082 0.499999524009 -0.22097807371 -2.45056221079e-07 -0.123609523656 -0.0897150399422
6.1 180 37 7.170881 -0.145691315519 -0.430294171299 0.499999520059 -0.220977098338 -1.46004184728e-07 -0.123609142427 -0.0899857209279
6.2 182 37 7.117738 -0.147190075719 -0.428827874203 0.499999518115 -0.220976144956 -4.36193080787e-08 -0.123608768664 -0.0902426677272
6.3 184 40 13.012662 -0.148674220179 -0.427362237439 0.499999518257 -0.220975219854 6.00198241801e-08 -0.123608404823 -0.0904867945512
6.4 186 38 6.971718 -0.150144185615 -0.425896898714 0.499999520664 -0.220974326955 1.69484721939e-07 -0.123608052471 -0.09071902475
6.5 188 38 9.359737 -0.151600353185 -0.424431481604 0.499999525163 -0.220973474452 2.78991748835e-07 -0.123607715029 -0.0909403048335
6.6 190 38 11.274016 -0.153043047473 -0.422965605716 0.499999531862 -0.220972668618 3.90947392291e-07 -0.123607394893 -0.0911515942411
6.7 192 37 10.085342 -0.154472538073 -0.421498882582 0.499999540847 -0.220971909873 5.08079315851e-07 -0.123607092489 -0.0913538527451
6.8 194 37 8.326046 -0.155889041734 -0.420030928874 0.499999552089 -0.220971207242 6.19384000346e-07 -0.123606810895 -0.0915480424313
6.9 196 34 8.977605 -0.157292721832 -0.418561367212 0.499999565595 -0.220970560735 7.30139151157e-07 -0.12360655044 -0.0917351147911
7 198 36 12.464213 -0.158683692094 -0.417089828746 0.499999581242 -0.220969972871 8.39883796979e-07 -0.123606312325 -0.0919160040396
7.1 200 37 11.337895 -0.160062022026 -0.415615960893 0.499999599078 -0.220969448498 9.48892763464e-07 -0.123606098343 -0.0920916271467
7.2 200 35 8.474594 -0.161427733699 -0.414139428741 0.499999619102 -0.220968988105 1.05591297057e-06 -0.123605908838 -0.0922628753832
7.3 200 35 9.325555 -0.162780807443 -0.412659917958 0.499999641303 -0.220968594321 1.15880592944e-06 -0.123605744842 -0.092430611034
7.4 200 37 10.927727 -0.164121184961 -0.411177138632 0.499999665458 -0.22096826641 1.25739688674e-06 -0.123605606194 -0.0925956602337
7.5 200 35 9.476991 -0.165448775051 -0.409690826459 0.499999691477 -0.220968005119 1.35084099671e-06 -0.123605493251 -0.0927588047254
7.6 200 37 9.029428 -0.166763451986 -0.408200746838 0.499999719302 -0.220967811203 1.43702592218e-06 -0.123605406392 -0.0929207838144
7.7 200 36 10.247222 -0.168065062353 -0.406706697439 0.499999748846 -0.220967682318 1.51706060786e-06 -0.123605344662 -0.0930822956472
7.8 200 38 12.40973 -0.169353429804 -0.40520850948 0.499999780003 -0.220967615325 1.59395238127e-06 -0.123605307093 -0.0932439835277
7.9 200 40 12.107448 -0.170628355713 -0.403706045319 0.499999812634 -0.220967611656 1.66620589616e-06 -0.123605294283 -0.0934064401751
8 200 40 13.738967 -0.171889624864 -0.402199203827 0.49999984657 -0.220967666655 1.72739480876e-06 -0.123605304352 -0.0935701981719
8.1 200 40 8.697365 -0.173137009727 -0.400687918332 0.499999881683 -0.220967773599 1.78191170743e-06 -0.123605334826 -0.0937357380904
8.2 200 36 9.416862 -0.174370271633 -0.39917215994 0.499999917752 -0.220967937886 1.82117374501e-06 -0.123605387773 -0.0939034843981
8.3 200 36 8.38854 -0.175589166154 -0.397651932989 0.499999954473 -0.22096815007 1.85320994405e-06 -0.123605459719 -0.0940738004659
8.4 200 38 10.5041 -0.176793447476 -0.396127278068 0.499999991813 -0.220968408978 1.87544642202e-06 -0.123605550099 -0.09424698934
8.5 200 41 11.40103 -0.177982869938 -0.394598271855 0.500000029571 -0.220968710662 1.88783478273e-06 -0.123605657676 -0.094423298386
8.6 200 41 15.30914 -0.179157193455 -0.393065021148 0.500000067263 -0.220969044578 1.88839907844e-06 -0.123605778367 -0.094602915555
8.7 200 41 11.300933 -0.180316183013 -0.391527667605 0.500000104949 -0.220969415524 1.88626938742e-06 -0.12360591414 -0.0947859697695
8.8 200 42 14.753815 -0.181459617858 -0.389986379685 0.500000142532 -0.220969809948 1.87105525027e-06 -0.12360605954 -0.0949725392107
8.9 200 40 14.862496 -0.182587285863 -0.388441360071 0.500000179594 -0.220970227535 1.84596952614e-06 -0.123606214583 -0.0951626487327
9 200 41 13.227305 -0.183698994852 -0.386892833654 0.50000021628 -0.220970657313 1.81493623909e-06 -0.123606374645 -0.0953562571661
9.1 200 41 12.855148 -0.184794568197 -0.385341051419 0.50000025221 -0.220971100839 1.77288043434e-06 -0.123606541044 -0.0955532955551
9.2 200 40 8.54767 -0.185873850061 -0.383786287472 0.500000287073 -0.220971553808 1.72124200764e-06 -0.12360671175 -0.0957536322294
9.3 200 37 9.670996 -0.18693670601 -0.382228834354 0.500000320901 -0.220972010071 1.65878203519e-06 -0.123606884299 -0.0959571039831
9.4 200 42 13.570685 -0.187983025284 -0.380669002297 0.500000353332 -0.22097246353 1.58825555883e-06 -0.123607056377 -0.0961635001182
9.5 200 41 10.848685 -0.189012722176 -0.379107117024 0.500000384386 -0.220972910333 1.51376719552e-06 -0.123607226631 -0.0963725686555
9.6 200 43 11.564505 -0.190025736024 -0.377543512799 0.500000413848 -0.220973346656 1.43138200453e-06 -0.123607393353 -0.0965840356368
9.7 200 41 13.25222 -0.191022030534 -0.375978539515 0.500000441552 -0.220973767992 1.34369174647e-06 -0.123607555113 -0.0967975933159
9.8 200 43 9.401738 -0.192001599036 -0.374412546656 0.500000467565 -0.220974168546 1.25238892972e-06 -0.123607709249 -0.0970129015699
9.9 200 41 8.97347 -0.192964460127 -0.372845890498 0.500000491677 -0.220974548434 1.152688949e-06 -0.1236078559 -0.0972296111773
10 200 44 12.409934 -0.193910658754 -0.37127892698 0.500000513743 -0.220974902632 1.04891930676e-06 -0.123607993098 -0.0974473492857
10.1 200 43 14.362669 -0.194840268843 -0.369712011828 0.500000533621 -0.220975231478 9.45021561966e-07 -0.123608120964 -0.0976657242715
10.2 200 43 9.065107 -0.195753385499 -0.368145494218 0.500000551489 -0.220975527832 8.41069504848e-07 -0.123608236584 -0.0978843436901
10.3 200 42 8.451667 -0.196650132933 -0.366579719111 0.500000567261 -0.220975794158 7.31047554714e-07 -0.123608340855 -0.0981028070516
10.4 200 43 8.880392 -0.197530656254 -0.365015018347 0.500000580797 -0.220976026177 6.20398517052e-07 -0.12360843205 -0.0983207115297
10.5 200 41 9.158324 -0.198395125015 -0.363451719388 0.50000059215 -0.220976223498 5.09671874933e-07 -0.123608509965 -0.0985376559608
10.6 200 43 8.166568 -0.199243729936 -0.361890131176 0.500000601268 -0.220976385544 3.99315552228e-07 -0.123608574448 -0.0987532452026
10.7 200 45 9.386378 -0.200076680528 -0.360330547354 0.500000608211 -0.220976509748 2.91734554871e-07 -0.123608624291 -0.0989670941199
10.8 200 44 9.956076 -0.200894205581 -0.358773247073 0.50000061304 -0.220976598611 1.86984122203e-07 -0.123608660499 -0.099178829323
10.9 198 44 11.494242 -0.201696549772 -0.357218491508 0.500000615756 -0.220976650921 8.32269180934e-08 -0.123608682423 -0.0993880944026
11 200 44 11.881803 -0.202483970847 -0.355666518292 0.500000616426 -0.220976667791 -1.47169148222e-08 -0.123608690461 -0.0995945493119
11.1 200 48 22.468361 -0.203256739153 -0.354117549104 0.500000615165 -0.220976648183 -1.12638564101e-07 -0.123608684233 -0.0997978770064
11.2 200 46 8.70353 -0.204015136091 -0.352571782567 0.500000612159 -0.220976595436 -2.0204538053e-07 -0.123608664812 -0.0999977826737
11.3 200 49 11.742731 -0.204759449276 -0.351029395784 0.500000607294 -0.220976509605 -2.8738426364e-07 -0.123608632141 -0.10019399839
11.4 200 50 11.327007 -0.205489973186 -0.349490540937 0.500000600714 -0.220976390268 -3.66777588169e-07 -0.123608586431 -0.100386281736
11.5 200 46 10.534202 -0.206207005938 -0.347955350647 0.500000592661 -0.220976245381 -4.42840638291e-07 -0.123608529897 -0.100574419896
11.6 200 48 13.393669 -0.206910847533 -0.346423935301 0.500000583089 -0.220976073279 -5.09607763485e-07 -0.123608462515 -0.100758233663
11.7 200 44 9.195574 -0.207601793278 -0.344896378723 0.500000572275 -0.22097587503 -5.69396198778e-07 -0.123608384511 -0.100937564793
11.8 200 47 9.414205 -0.208280141173 -0.343372746102 0.500000560328 -0.220975658539 -6.26021538185e-07 -0.12360829872 -0.101112295872
11.9 200 43 11.857794 -0.208946182424 -0.341853081836 0.50000054734 -0.220975424084 -6.75989597063e-07 -0.12360820528 -0.101282339557
12 200 47 9.010932 -0.209600199572 -0.340337407497 0.500000533405 -0.220975170139 -7.15525973218e-07 -0.123608103748 -0.101447639772
12.1 200 47 9.424543 -0.210242469757 -0.338825725839 0.500000518722 -0.220974905707 -7.54127575234e-07 -0.123607997523 -0.10160817147
12.2 200 47 8.631722 -0.210873258502 -0.337318021958 0.500000503364 -0.220974632085 -7.83739961173e-07 -0.123607886875 -0.101763943274
12.3 200 57 14.227213 -0.211492819911 -0.335814263194 0.500000487433 -0.220974351974 -8.10972821171e-07 -0.123607773021 -0.101914989667
12.4 200 49 11.704789 -0.212101394832 -0.334314400469 0.500000471006 -0.220974065673 -8.33411822727e-07 -0.123607656011 -0.102061380277
12.5 200 53 13.361236 -0.212699212365 -0.332818371305 0.500000454244 -0.220973782237 -8.48428647376e-07 -0.123607539488 -0.102203207761
12.6 200 49 12.517669 -0.213286483135 -0.331326099329 0.500000437191 -0.220973499288 -8.56877183996e-07 -0.123607422537 -0.102340593192
12.7 200 52 10.543539 -0.213863402059 -0.329837497342 0.500000419987 -0.220973224776 -8.61282596677e-07 -0.123607308152 -0.102473685742
12.8 200 50 15.810735 -0.214430147237 -0.328352469515 0.500000402746 -0.220972954654 -8.61846613985e-07 -0.123607194931 -0.102602653617
12.9 200 51 14.41252 -0.21498687981 -0.326870910376 0.500000385533 -0.220972697285 -8.56158820884e-07 -0.123607086238 -0.102727690864
13 200 50 9.404465 -0.215533743001 -0.325392709238 0.500000368476 -0.22097245437 -8.46699097026e-07 -0.12360698268 -0.10284900704
13.1 200 47 9.67572 -0.21607086368 -0.32391775205 0.500000351648 -0.220972224627 -8.36081728434e-07 -0.123606883735 -0.102966832306
13.2 200 51 20.008305 -0.216598346974 -0.3224459239 0.50000033506 -0.220972010172 -8.19030752615e-07 -0.123606790369 -0.103081406026
13.3 200 51 10.989526 -0.217116282509 -0.320977105481 0.500000318934 -0.220971814168 -7.94292642721e-07 -0.123606703927 -0.103192983301
13.4 200 51 17.200188 -0.217624740277 -0.319511182628 0.500000303284 -0.220971638655 -7.70756241074e-07 -0.12360662517 -0.103301828769
13.5 200 51 9.789194 -0.218123776679 -0.318048039348 0.500000287977 -0.220971482904 -7.45185194852e-07 -0.123606553924 -0.103408217256
13.6 200 47 8.863702 -0.218613427259 -0.31658756871 0.500000273361 -0.220971352297 -7.17266033408e-07 -0.123606492395 -0.10351241857
13.7 200 49 13.654486 -0.219093717468 -0.315129667872 0.500000259314 -0.220971246137 -6.86145807179e-07 -0.123606440352 -0.103614714934
13.8 200 51 13.580236 -0.219564651756 -0.31367424114 0.500000245895 -0.220971162642 -6.52793388085e-07 -0.123606397011 -0.1037153836
13.9 200 53 14.922993 -0.220026219543 -0.312221201148 0.500000233185 -0.220971102087 -6.14450144126e-07 -0.123606362889 -0.103814700057
14 200 53 18.363441 -0.220478404803 -0.310770471415 0.500000221288 -0.220971064938 -5.72070974127e-07 -0.123606338212 -0.103912935278
14.1 200 53 9.083659 -0.220921173186 -0.309321983669 0.500000210233 -0.220971054261 -5.28520663512e-07 -0.123606324137 -0.104010354146
14.2 200 52 16.631602 -0.221354486213 -0.307875685341 0.500000200077 -0.220971070763 -4.84641631639e-07 -0.123606321094 -0.104107212345
14.3 200 53 13.985785 -0.221778293216 -0.306431533269 0.500000190896 -0.220971109996 -4.32414603162e-07 -0.123606327392 -0.104203748145
14.4 200 51 12.691859 -0.222192531274 -0.30498949853 0.500000182729 -0.220971172652 -3.81089261408e-07 -0.1236063435 -0.104300194578
14.5 200 52 9.703405 -0.222597139623 -0.303549566788 0.500000175638 -0.220971257475 -3.25394959338e-07 -0.123606368763 -0.10439676736
14.6 200 50 12.285643 -0.222992049556 -0.302111738068 0.500000169654 -0.220971363888 -2.6783455611e-07 -0.123606403304 -0.104493665425
14.7 200 52 13.281395 -0.223377188384 -0.300676024239 0.500000164888 -0.220971492781 -2.03348206856e-07 -0.123606446949 -0.104591070462
14.8 200 51 13.874167 -0.223752483415 -0.299242453792 0.500000161417 -0.220971634502 -1.3853217886e-07 -0.123606497579 -0.10468914696
14.9 200 50 10.262613 -0.224117860136 -0.297811068585 0.50000015917 -0.220971794995 -6.9314346679e-08 -0.123606555882 -0.104788037154
15 200 57 17.617873 -0.224473245112 -0.29638192616 0.500000158445 -0.220971968461 3.7335993186e-09 -0.123606620531 -0.104887862353
15.1 200 52 9.331185 -0.224818570811 -0.294955094088 0.500000159302 -0.220972158769 7.99874294161e-08 -0.123606692652 -0.104988725533
15.2 200 52 12.672174 -0.225153773481 -0.293530655715 0.500000161658 -0.220972360451 1.6026188232e-07 -0.123606770423 -0.105090712728
15.3 200 52 10.081949 -0.225478790937 -0.292108706367 0.500000165626 -0.220972572148 2.44807543744e-07 -0.123606853508 -0.105193876322
15.4 200 49 15.470307 -0.225793573136 -0.290689353002 0.500000171394 -0.22097278839 3.34723512241e-07 -0.123606939746 -0.105298263058
15.5 200 56 9.10473 -0.226098070406 -0.289272714486 0.500000179004 -0.220973005456 4.3613505514e-07 -0.123607027722 -0.105403885147
15.6 200 51 9.26932 -0.226392249972 -0.287858917457 0.50000018871 -0.22097323614 5.36750755682e-07 -0.123607121275 -0.105510741423
15.7 200 63 16.920413 -0.226676083934 -0.286448101321 0.500000200436 -0.220973455238 6.39527834821e-07 -0.123607213867 -0.105618809875
15.8 200 54 18.533404 -0.226949558156 -0.285040407075 0.500000214389 -0.220973678571 7.49991412162e-07 -0.123607307845 -0.10572804546
15.9 200 54 10.258882 -0.227212662064 -0.283635989836 0.500000230473 -0.22097389181 8.65861199406e-07 -0.123607400983 -0.105838388262
16 200 54 12.781645 -0.227465403807 -0.282235004747 0.500000248897 -0.220974099414 9.79783801903e-07 -0.123607492546 -0.105949761239
16.1 200 55 16.199244 -0.227707801933 -0.280837613548 0.50000026964 -0.22097429771 1.09839033418e-06 -0.123607582072 -0.106062069256
16.2 200 56 10.449435 -0.227939887385 -0.27944398222 0.500000292775 -0.220974482913 1.21865881918e-06 -0.123607667993 -0.10617520178
16.3 200 54 9.317568 -0.228161704088 -0.278054273476 0.500000318373 -0.220974655826 1.33960849048e-06 -0.123607750519 -0.106289039396
16.4 200 56 11.334289 -0.228373308134 -0.276668654997 0.50000034638 -0.220974810537 1.46152885189e-06 -0.123607827429 -0.106403445147
16.5 200 54 13.809308 -0.228574770163 -0.275287292912 0.500000376867 -0.220974946347 1.58548835878e-06 -0.12360789848 -0.106518273966
16.6 200 56 9.364444 -0.22876616682 -0.273910352394 0.500000409674 -0.220975061275 1.70837428477e-06 -0.123607962832 -0.106633373571
16.7 200 54 13.664998 -0.228947592906 -0.272537989717 0.500000444982 -0.220975162436 1.8230549978e-06 -0.123608022822 -0.106748582803
16.8 200 57 19.903937 -0.229119156434 -0.271170364843 0.500000482599 -0.220975233247 1.93882280047e-06 -0.123608072681 -0.106863732831
16.9 200 57 18.525185 -0.229280968583 -0.269807625371 0.500000522328 -0.220975280938 2.04989004736e-06 -0.123608114621 -0.106978658465
17 200 54 18.924209 -0.229433159122 -0.268449912404 0.50000056452 -0.220975307209 2.16015878629e-06 -0.123608149678 -0.107093187383
17.1 200 56 12.536582 -0.229575859092 -0.2670973689 0.500000608787 -0.220975302741 2.26925241439e-06 -0.123608173546 -0.107207144039
17.2 200 69 14.452749 -0.229709215966 -0.265750118943 0.500000655204 -0.220975277479 2.36687915448e-06 -0.123608190365 -0.107320361854
17.3 200 56 11.462423 -0.229833384295 -0.264408281802 0.500000703515 -0.220975228403 2.45488419653e-06 -0.12360819819 -0.107432669704
17.4 200 55 9.250982 -0.229948522032 -0.263071965141 0.500000753478 -0.220975149298 2.53686562945e-06 -0.123608196423 -0.107543909713
17.5 200 53 10.363704 -0.230054796031 -0.261741267495 0.500000805009 -0.220975048615 2.60755102313e-06 -0.12360818625 -0.107653921289
17.6 200 54 9.807052 -0.230152376529 -0.260416276018 0.500000857808 -0.220974920721 2.66884826321e-06 -0.123608166228 -0.107762555213
17.7 200 55 10.27341 -0.230241438724 -0.259097065257 0.50000091178 -0.22097477044 2.71851055573e-06 -0.123608137737 -0.107869672733
17.8 200 55 11.556301 -0.23032216092 -0.257783702377 0.500000966658 -0.220974595468 2.75786874008e-06 -0.123608100131 -0.107975141225
17.9 200 53 11.600995 -0.23039472303 -0.256476239092 0.500001022227 -0.220974395408 2.78222698681e-06 -0.123608052935 -0.10807884178
18 200 56 19.64745 -0.230459305196 -0.255174713408 0.500001078084 -0.220974173016 2.79494999539e-06 -0.123607997319 -0.108180668395
18.1 200 55 15.160498 -0.230516084469 -0.253879159609 0.500001134051 -0.220973930737 2.79459466449e-06 -0.123607933945 -0.10828052208
18.2 200 56 11.365569 -0.230565239877 -0.252589594472 0.500001189909 -0.220973672455 2.77848270143e-06 -0.123607864188 -0.108378324155
18.3 200 62 9.915347 -0.230606947061 -0.251306023259 0.500001245439 -0.220973391595 2.75172945088e-06 -0.123607785397 -0.108474012035
18.4 200 55 10.176247 -0.230641377991 -0.250028439808 0.500001300134 -0.22097310355 2.70352732288e-06 -0.12360770328 -0.108567525193
18.5 200 55 15.581611 -0.230668702071 -0.248756835037 0.500001353719 -0.220972800482 2.63996311138e-06 -0.123607614901 -0.108658827833
18.6 200 55 16.040847 -0.230689078212 -0.247491176655 0.500001405837 -0.220972486891 2.56096808283e-06 -0.123607521925 -0.108747897206
18.7 200 57 13.381858 -0.230702660783 -0.246231437126 0.500001456263 -0.220972166028 2.46463052813e-06 -0.123607425294 -0.108834719067
18.8 200 70 17.98314 -0.230709598576 -0.244977574904 0.500001504606 -0.220971836228 2.3540480474e-06 -0.123607324417 -0.108919304156
18.9 200 55 9.734566 -0.230710031488 -0.243729542608 0.500001550617 -0.220971511065 2.22470699329e-06 -0.123607224902 -0.109001671422
19 200 57 15.60607 -0.230704092831 -0.242487277058 0.500001593847 -0.220971169916 2.07973360503e-06 -0.123607116883 -0.109081858235
19.1 200 57 15.180668 -0.230691904577 -0.241250719927 0.500001633966 -0.220970836545 1.91722265544e-06 -0.123607011252 -0.109159905296
19.2 200 55 8.699479 -0.230673580381 -0.240019805644 0.500001670606 -0.220970512861 1.72897324385e-06 -0.123606907792 -0.109235874968
19.3 200 56 18.713516 -0.230649225732 -0.23879445446 0.500001703416 -0.220970188671 1.53420641893e-06 -0.123606802997 -0.109309842048
19.4 200 58 17.043968 -0.230618934748 -0.237574603073 0.500001732099 -0.220969875469 1.32166542969e-06 -0.123606701121 -0.109381881652
19.5 200 59 18.204726 -0.230582792105 -0.236360170678 0.50000175636 -0.220969565998 1.09516013692e-06 -0.123606600127 -0.1094520944
19.6 200 60 15.863624 -0.230540867737 -0.235151078373 0.500001775823 -0.220969281149 8.49619200868e-07 -0.123606505753 -0.109520577221
19.7 200 59 9.978199 -0.230493228779 -0.233947249349 0.500001790341 -0.220969004421 5.93377298956e-07 -0.12360641289 -0.109587443002
19.8 200 58 10.64144 -0.230439929581 -0.232748609885 0.500001799722 -0.220968742069 3.30712222038e-07 -0.123606322992 -0.109652809562
19.9 200 58 17.670819 -0.230381016025 -0.231555082526 0.500001803687 -0.220968500149 5.45435005633e-08 -0.123606240475 -0.10971680272
20 200 58 12.324655 -0.230316523375 -0.230366594023 0.500001801927 -0.220968285558 -2.40434476148e-07 -0.123606165486 -0.109779549167
20.1 200 57 9.567556 -0.230246477146 -0.229183078486 0.50000179414 -0.220968085987 -5.39674632129e-07 -0.123606099194 -0.109841173462
20.2 200 60 9.808766 -0.230170897045 -0.228004466794 0.500001780296 -0.220967914008 -8.46183431637e-07 -0.123606036999 -0.109901814521
20.3 200 58 9.808293 -0.230089789377 -0.226830707139 0.500001760288 -0.2209677777 -1.15623986061e-06 -0.123605988438 -0.109961600536
20.4 200 67 25.176349 -0.230003168437 -0.225661735983 0.500001733655 -0.220967652622 -1.48847641728e-06 -0.123605941521 -0.110020668154
20.5 200 58 10.8362 -0.229911021436 -0.224497512851 0.500001700853 -0.220967559802 -1.79964551954e-06 -0.123605904018 -0.110079146945
20.6 200 71 11.310383 -0.229813347161 -0.223337994461 0.500001662078 -0.220967488775 -2.09184323372e-06 -0.123605875528 -0.110137170232
20.7 200 62 14.173206 -0.229710124737 -0.22218314469 0.500001617101 -0.220967448536 -2.39923889767e-06 -0.123605858911 -0.110194859177
20.8 200 62 22.277991 -0.229601334226 -0.221032935232 0.500001566041 -0.220967437923 -2.69761858827e-06 -0.123605853722 -0.110252335701
20.9 200 60 19.560093 -0.229486967587 -0.219887360209 0.500001508613 -0.220967454222 -3.00847925518e-06 -0.123605856714 -0.110309709834
21 200 62 17.653475 -0.229367005644 -0.218746409742 0.50000144506 -0.220967493864 -3.30860312565e-06 -0.123605868101 -0.110367095122
21.1 200 68 23.190563 -0.229241413484 -0.217610078483 0.500001376406 -0.220967554068 -3.56423562155e-06 -0.123605886875 -0.110424588331
21.2 200 59 13.381978 -0.229110166107 -0.216478372562 0.500001302696 -0.22096764012 -3.80535119897e-06 -0.123605913411 -0.110482278302
21.3 200 73 15.26693 -0.228973242263 -0.21535130736 0.500001224203 -0.220967749605 -4.03406055764e-06 -0.123605945702 -0.110540251044
21.4 200 56 9.906397 -0.228830615743 -0.214228906894 0.500001141589 -0.220967867945 -4.23121667968e-06 -0.123605977169 -0.11059857662
21.5 200 59 14.651298 -0.228682263938 -0.21311119912 0.500001054925 -0.22096801018 -4.4213454656e-06 -0.123606025617 -0.110657316161
21.6 200 56 10.853798 -0.228528172149 -0.211998228855 0.500000964715 -0.220968162804 -4.58497239316e-06 -0.123606073262 -0.11071652501
21.7 200 57 10.382638 -0.22836832291 -0.210890038578 0.500000871281 -0.220968326808 -4.7368554096e-06 -0.123606121142 -0.110776240084
21.8 200 63 15.498881 -0.228202708593 -0.209786681984 0.500000775118 -0.220968507083 -4.86220600947e-06 -0.123606176278 -0.110836495948
21.9 200 61 11.275694 -0.228031315253 -0.208688216891 0.500000677101 -0.220968683814 -4.94430365668e-06 -0.123606232299 -0.110897309414
22 200 60 10.405557 -0.227854148278 -0.207594708139 0.500000577439 -0.220968866855 -5.01199877603e-06 -0.123606290136 -0.110958690434
22.1 200 63 22.006259 -0.227671207281 -0.206506221772 0.500000476662 -0.220969054254 -5.05573507231e-06 -0.123606347603 -0.111020635626
22.2 200 64 22.087913 -0.227482504372 -0.205422832621 0.50000037513 -0.220969239768 -5.0781605852e-06 -0.123606405081 -0.11108313438
22.3 200 62 17.008415 -0.22728805979 -0.204344622611 0.500000273531 -0.220969424548 -5.07177151417e-06 -0.123606462098 -0.111146161476
22.4 200 62 22.80047 -0.227087893253 -0.203271669984 0.500000172292 -0.220969603775 -5.04370773064e-06 -0.123606516278 -0.111209688217
22.5 200 63 18.045798 -0.226882041571 -0.202204050471 0.500000071429 -0.220969772819 -5.00747534697e-06 -0.123606565031 -0.111273668406
22.6 200 63 17.340701 -0.226670543905 -0.201141853857 0.499999971659 -0.220969934492 -4.94621301547e-06 -0.123606611234 -0.111338056144
22.7 200 62 24.766109 -0.226453445554 -0.200085165041 0.499999873294 -0.220970092367 -4.86608998107e-06 -0.123606655848 -0.111402789291
22.8 200 63 18.404116 -0.226230801909 -0.199034063568 0.499999776843 -0.22097023806 -4.76190795015e-06 -0.123606695553 -0.111467806406
22.9 200 62 12.771077 -0.226002673397 -0.197988629764 0.499999682561 -0.22097036826 -4.64650431337e-06 -0.123606728493 -0.111533035316
23 200 59 11.667113 -0.225769135091 -0.19694895433 0.499999590551 -0.220970498105 -4.52661307101e-06 -0.123606760781 -0.111598396072
23.1 200 74 19.775873 -0.225530265098 -0.195915111093 0.499999501469 -0.220970605907 -4.37433013581e-06 -0.123606784622 -0.111663811547
23.2 200 60 12.251322 -0.225286136354 -0.194887175077 0.499999415661 -0.220970697344 -4.20679586585e-06 -0.123606801129 -0.111729192725
23.3 200 59 10.453726 -0.225036849141 -0.193865220654 0.49999933309 -0.220970770577 -4.03821458089e-06 -0.123606810359 -0.111794454488
23.4 200 64 18.127026 -0.224782489719 -0.192849308938 0.499999254143 -0.220970830092 -3.85553481239e-06 -0.123606813882 -0.111859504259
23.5 200 65 10.64122 -0.224523172307 -0.191839509892 0.499999178828 -0.220970879862 -3.66894214175e-06 -0.123606813071 -0.111924249894
23.6 200 64 14.943851 -0.22425898937 -0.190835874501 0.499999107417 -0.220970906898 -3.47380219792e-06 -0.123606802296 -0.111988602969
23.7 200 61 11.411053 -0.223990062826 -0.18983845725 0.499999039638 -0.220970923805 -3.28782647827e-06 -0.12360678683 -0.11205247113
23.8 200 62 17.212517 -0.223716499973 -0.18884729916 0.499998975794 -0.220970922765 -3.09557821884e-06 -0.123606763443 -0.112115764351
23.9 200 64 23.094868 -0.223438422737 -0.187862438805 0.499998915688 -0.220970913534 -2.90779607639e-06 -0.123606736248 -0.112178398768
24 200 64 15.45327 -0.223155955298 -0.186883909231 0.499998859362 -0.220970889118 -2.72400601062e-06 -0.123606702115 -0.112240289679
24.1 200 67 18.36392 -0.222869211078 -0.185911731064 0.499998806657 -0.22097085102 -2.54488245433e-06 -0.123606661555 -0.112301357128
24.2 200 63 12.104761 -0.22257832596 -0.184945922301 0.499998757058 -0.220970814626 -2.38891652093e-06 -0.123606619682 -0.112361530604
24.3 200 66 19.925487 -0.222283413306 -0.18398648748 0.49999871099 -0.220970761525 -2.22460007259e-06 -0.123606570474 -0.112420738651
24.4 200 63 15.656412 -0.221984605226 -0.183033432861 0.499998667945 -0.22097070584 -2.07628421524e-06 -0.123606519195 -0.112478920818
24.5 200 61 12.376192 -0.221682021188 -0.182086750865 0.499998628019 -0.220970642371 -1.93396182319e-06 -0.123606463099 -0.112536016303
24.6 200 67 14.118619 -0.22137578087 -0.181146426151 0.499998590694 -0.220970577913 -1.80840296705e-06 -0.12360640525 -0.112591981206
24.7 200 67 29.930483 -0.221066006447 -0.180212439114 0.499998555449 -0.220970520645 -1.70943239886e-06 -0.123606348695 -0.112646770483
24.8 200 70 30.194506 -0.220752813798 -0.179284765864 0.499998522276 -0.220970458861 -1.61751145161e-06 -0.123606289 -0.112700350855
24.9 200 66 16.827675 -0.220436315324 -0.178363368545 0.499998490766 -0.220970402028 -1.54454537732e-06 -0.123606229502 -0.112752699294
25 200 66 11.989281 -0.220116621922 -0.177448212086 0.499998460434 -0.220970355952 -1.49371968892e-06 -0.123606172352 -0.112803796025
25.1 200 62 11.394819 -0.21979383462 -0.176539249761 0.49999843103 -0.220970316826 -1.45798994709e-06 -0.123606116226 -0.112853632173
25.2 200 69 19.440296 -0.219468055697 -0.175636430647 0.499998402061 -0.220970290659 -1.44666287136e-06 -0.123606063048 -0.112902205764
25.3 200 79 19.820376 -0.219139373807 -0.174739704212 0.499998373313 -0.220970278059 -1.44797345104e-06 -0.123606013379 -0.112949521945
25.4 200 78 25.725211 -0.218807886004 -0.17384900236 0.499998344321 -0.220970283119 -1.4701546755e-06 -0.123605968806 -0.112995597615
25.5 200 87 14.704521 -0.218473667382 -0.172964274476 0.49999831466 -0.220970308397 -1.51597186566e-06 -0.123605930403 -0.113040455456
25.6 200 68 29.210887 -0.218136793602 -0.172085449281 0.499998283858 -0.220970355798 -1.58048254995e-06 -0.123605899133 -0.11308412431
25.7 200 68 18.243348 -0.217797336538 -0.171212464788 0.49999825166 -0.220970429226 -1.66573839511e-06 -0.123605876313 -0.113126639528
25.8 200 69 24.899721 -0.217455353158 -0.170345251921 0.49999821736 -0.220970524961 -1.77190569863e-06 -0.123605860659 -0.113168047199
25.9 200 69 18.531606 -0.217110905593 -0.16948373981 0.499998180814 -0.220970644308 -1.89286077761e-06 -0.123605852711 -0.113208393286
26 200 67 23.404451 -0.216764041607 -0.168627861617 0.499998141481 -0.220970799853 -2.03732180692e-06 -0.123605857559 -0.113247733518
26.1 200 70 29.667157 -0.216414799443 -0.1677775446 0.499998099293 -0.220970979777 -2.18850433894e-06 -0.123605870549 -0.113286128176
26.2 200 69 18.536267 -0.216063219247 -0.166932726515 0.499998054011 -0.220971196875 -2.34992636965e-06 -0.123605897173 -0.113323641074
26.3 200 66 12.548315 -0.215709330536 -0.166093338676 0.499998005379 -0.220971439099 -2.52439636187e-06 -0.123605932441 -0.113360340077
26.4 200 67 16.434976 -0.215353153257 -0.165259317229 0.499997953158 -0.220971710469 -2.7059096937e-06 -0.123605978305 -0.113396295265
26.5 200 85 22.506837 -0.214994711229 -0.164430600464 0.499997897177 -0.220972016355 -2.89519154312e-06 -0.123606037096 -0.113431580913
26.6 200 68 12.112285 -0.214634012319 -0.163607133324 0.499997837491 -0.220972348855 -3.08635067975e-06 -0.123606105709 -0.113466268907
26.7 200 68 12.550113 -0.21427106502 -0.162788860888 0.499997773782 -0.220972715276 -3.28556855873e-06 -0.123606187421 -0.113500438581
26.8 200 89 18.759942 -0.213905876738 -0.161975732336 0.499997706155 -0.220973111457 -3.48231834223e-06 -0.123606280563 -0.113534161735
26.9 200 68 19.76097 -0.213538441588 -0.161167702557 0.499997634729 -0.220973536442 -3.6720827062e-06 -0.12360638496 -0.113567515615
27 200 68 11.585629 -0.213168756848 -0.160364732911 0.49999755953 -0.220973989564 -3.86125475217e-06 -0.123606500957 -0.113600572416
27.1 200 71 21.655185 -0.212796812413 -0.159566785276 0.499997480433 -0.220974468065 -4.04906958084e-06 -0.123606627526 -0.113633408249
27.2 200 70 23.399182 -0.212422602008 -0.15877383206 0.499997397606 -0.220974970551 -4.22968511846e-06 -0.123606764458 -0.113666088467
27.3 200 65 17.851555 -0.212046115378 -0.15798584805 0.499997311302 -0.220975492939 -4.39705825134e-06 -0.123606910075 -0.113698683057
27.4 200 66 26.8914 -0.211667340276 -0.157202814629 0.499997221671 -0.220976034192 -4.55490637803e-06 -0.123607064244 -0.113731252306
27.5 200 69 20.718894 -0.211286259419 -0.156424716804 0.499997129086 -0.220976593309 -4.69219362702e-06 -0.123607227278 -0.113763853689
27.6 200 68 20.958204 -0.210902862229 -0.155651549995 0.499997033911 -0.220977165038 -4.81667279306e-06 -0.123607396728 -0.113796543615
27.7 200 69 30.128526 -0.210517133373 -0.154883309704 0.499996936436 -0.220977748445 -4.92228804775e-06 -0.123607572801 -0.113829370922
27.8 200 67 22.192952 -0.210129063322 -0.154119998665 0.499996837085 -0.22097834366 -5.00592113178e-06 -0.123607755508 -0.113862380315
27.9 200 66 23.818783 -0.209738645129 -0.153361629835 0.499996736281 -0.220978946679 -5.06847977268e-06 -0.123607943778 -0.113895606757
28 200 113 33.477334 -0.209345868935 -0.152608212095 0.499996634597 -0.220979552627 -5.10725710345e-06 -0.123608135566 -0.113929082475
28.1 200 69 12.151553 -0.208950726998 -0.151859764362 0.499996532271 -0.220980155508 -5.12282787533e-06 -0.123608329139 -0.113962831538
28.2 200 80 12.510014 -0.208553218194 -0.151116309818 0.49999642978 -0.220980754701 -5.1181564599e-06 -0.123608524336 -0.113996880804
28.3 200 70 18.977484 -0.208153340538 -0.150377874447 0.49999632769 -0.220981347354 -5.08662229269e-06 -0.123608719891 -0.11403123139
28.4 200 66 16.887065 -0.207751103859 -0.149644488741 0.499996226395 -0.220981928642 -5.03083978617e-06 -0.123608914256 -0.114065901005
28.5 200 71 29.592648 -0.207346513792 -0.148916182822 0.499996126404 -0.220982494444 -4.9519662974e-06 -0.123609105955 -0.114100884199
28.6 200 67 11.069607 -0.206939591697 -0.148192997087 0.499996028354 -0.220983045248 -4.84273625691e-06 -0.123609295183 -0.114136171094
28.7 200 74 31.106394 -0.206530343722 -0.147474965891 0.499995932755 -0.220983573856 -4.70990609246e-06 -0.123609479329 -0.11417176112
28.8 200 70 14.938042 -0.206118805897 -0.146762130329 0.499995840047 -0.22098407543 -4.55060436397e-06 -0.123609656677 -0.114207629827
28.9 200 68 19.456232 -0.205704999695 -0.146054528325 0.499995750783 -0.220984553525 -4.36838597762e-06 -0.123609828478 -0.114243751083
29 200 68 15.722634 -0.205288960806 -0.14535220464 0.499995665219 -0.220985005914 -4.16366988532e-06 -0.123609993993 -0.11428010433
29.1 200 70 25.283492 -0.204870724032 -0.144655196595 0.49999558416 -0.220985421094 -3.9337032198e-06 -0.123610148701 -0.114316651324
29.2 200 70 21.238838 -0.204450338943 -0.143963547195 0.4999955079 -0.220985801305 -3.67931520924e-06 -0.123610293536 -0.114353355403
29.3 200 70 28.102275 -0.204027849177 -0.143277296245 0.499995436818 -0.220986144628 -3.40804372738e-06 -0.123610427535 -0.114390175721
29.4 200 73 24.912403 -0.203603309637 -0.142596478231 0.499995371472 -0.220986448584 -3.11707478456e-06 -0.123610549951 -0.114427068808
29.5 200 71 23.709113 -0.203176778817 -0.141921133701 0.49999531217 -0.220986708386 -2.80587327767e-06 -0.123610658788 -0.114463987738
29.6 200 69 12.83277 -0.202748323427 -0.14125129231 0.499995259267 -0.220986928564 -2.47603335376e-06 -0.123610755775 -0.11450087897
29.7 200 68 14.619171 -0.202318007105 -0.140586984449 0.499995213069 -0.220987107301 -2.13728845044e-06 -0.123610839839 -0.114537694156
29.8 200 69 12.020425 -0.201885901716 -0.13992824013 0.499995173845 -0.220987253752 -1.77893226492e-06 -0.123610914728 -0.114574379541
29.9 200 67 11.459439 -0.201452079399 -0.139275080042 0.499995141875 -0.220987346667 -1.41489884712e-06 -0.123610972198 -0.114610883764
30 200 68 18.703781 -0.201016615761 -0.138627523196 0.49999511723 -0.220987394017 -1.04288806599e-06 -0.123611014827 -0.114647150272
30.1 200 68 30.734359 -0.200579596409 -0.137985584366 0.499995100009 -0.220987396081 -6.64332141256e-07 -0.123611042838 -0.114683123856
30.2 200 69 16.750946 -0.200141098655 -0.137349278304 0.499995090365 -0.220987346555 -2.78985869941e-07 -0.123611053652 -0.114718752648
30.3 200 67 11.327026 -0.199701210612 -0.13671860566 0.499995088545 -0.220987254527 1.05613624728e-07 -0.123611050291 -0.114753987842
30.4 200 70 24.902577 -0.199260010742 -0.136093566607 0.499995094503 -0.220987120034 4.91995296108e-07 -0.123611032956 -0.114788781049
30.5 200 73 31.807978 -0.198817591285 -0.135474159017 0.499995108044 -0.220986939029 8.7644578714e-07 -0.123610999816 -0.114823082979
30.6 200 73 31.375349 -0.19837404198 -0.134860373455 0.499995129311 -0.220986715501 1.25799045237e-06 -0.123610952401 -0.114856851295
30.7 200 72 13.54677 -0.197929444501 -0.134252193244 0.499995158157 -0.220986454618 1.63119532749e-06 -0.123610892089 -0.11489004677
30.8 200 70 17.61579 -0.197483880821 -0.133649600506 0.49999519443 -0.220986153355 1.99733875062e-06 -0.123610817767 -0.114922625171
30.9 200 94 37.286902 -0.197037444043 -0.133052561206 0.499995237871 -0.220985816609 2.35289691947e-06 -0.123610730964 -0.114954562018
31 200 70 11.652473 -0.19659021143 -0.132461058771 0.499995288487 -0.220985446724 2.69982264109e-06 -0.123610632415 -0.114985819635
31.1 200 69 16.86401 -0.196142264213 -0.131875051865 0.49999534583 -0.220985042772 3.03248349925e-06 -0.123610521611 -0.115016383025
31.2 200 69 17.242693 -0.195693682541 -0.131294502375 0.499995409767 -0.22098461203 3.3503934491e-06 -0.123610400707 -0.115046224143
31.3 200 68 17.326589 -0.195244538761 -0.130719366067 0.499995479854 -0.220984155578 3.65067762875e-06 -0.123610270302 -0.11507533064
31.4 200 73 12.342008 -0.194794907646 -0.130149597333 0.499995555761 -0.220983675633 3.93291596581e-06 -0.123610130945 -0.115103697574
31.5 200 70 19.969379 -0.19434485438 -0.129585145032 0.499995637043 -0.220983172121 4.19581139115e-06 -0.123609982811 -0.115131312614
31.6 200 78 28.754565 -0.19389444879 -0.129025952992 0.499995723373 -0.220982656006 4.44119633908e-06 -0.123609829383 -0.115158180022
31.7 200 70 12.89386 -0.193443747138 -0.128471969524 0.499995814453 -0.220982120227 4.66263546025e-06 -0.123609668136 -0.11518429932
31.8 200 71 13.851248 -0.192992803973 -0.127923134713 0.499995909762 -0.220981575491 4.86574283211e-06 -0.123609502467 -0.11520968674
31.9 174 77 13.345444 -0.192541674524 -0.127379384583 0.49999600889 -0.220981023302 5.04666732778e-06 -0.123609333351 -0.115234351058
32 176 72 13.653688 -0.192090403273 -0.126840657736 0.499996111459 -0.220980467812 5.20694853133e-06 -0.123609161953 -0.115258309458
32.1 178 72 20.762963 -0.191639029426 -0.126306893243 0.499996216869 -0.220979910259 5.34397396263e-06 -0.123608988734 -0.115281593864
32.2 180 73 18.305183 -0.191187591372 -0.125778021972 0.499996324853 -0.220979353243 5.46167742811e-06 -0.123608814383 -0.115304221657
32.3 182 75 28.124242 -0.190736124436 -0.125253985452 0.499996434975 -0.220978804579 5.55982336592e-06 -0.123608641949 -0.115326227247
32.4 184 75 30.878674 -0.190284652546 -0.124734719269 0.499996546896 -0.220978259567 5.63862143316e-06 -0.123608469438 -0.115347642968
32.5 186 75 14.641567 -0.189833201827 -0.124220157528 0.49999666026 -0.220977724541 5.69814088545e-06 -0.123608298688 -0.115368503632
32.6 188 73 14.826686 -0.189381786026 -0.12371023968 0.499996774568 -0.220977204451 5.73601840524e-06 -0.123608132515 -0.115388853094
32.7 190 72 14.909266 -0.188930421934 -0.12320490765 0.499996889441 -0.220976701752 5.75506884765e-06 -0.123607971095 -0.115408729882
32.8 192 82 26.222943 -0.188479116763 -0.122704097447 0.499997004512 -0.220976215964 5.75681093279e-06 -0.123607814305 -0.115428178568
32.9 194 73 23.929431 -0.188027874734 -0.122207761672 0.499997119527 -0.220975747395 5.74223439011e-06 -0.123607662339 -0.115447239753
33 196 73 30.595455 -0.187576697013 -0.121715847637 0.499997234003 -0.2209753037 5.71317029168e-06 -0.1236075179 -0.115465970907
33.1 198 74 22.205649 -0.187125581992 -0.121228298905 0.499997347878 -0.220974880081 5.67428740161e-06 -0.123607379652 -0.115484403042
33.2 200 77 42.631977 -0.18667452384 -0.120745069323 0.49999746075 -0.220974482847 5.62187637992e-06 -0.123607249649 -0.115502588819
33.3 200 84 17.391561 -0.186223523098 -0.120266123831 0.499997572433 -0.220974116993 5.56269411479e-06 -0.123607129887 -0.115520574221
33.4 200 70 19.907122 -0.18577256302 -0.119791418737 0.499997682922 -0.220973774768 5.4911078575e-06 -0.123607017169 -0.115538397411
33.5 200 70 12.43923 -0.185321634206 -0.119320921399 0.4999977918 -0.220973462929 5.41125276998e-06 -0.123606914429 -0.115556109334
33.6 200 72 15.651486 -0.184870721423 -0.118854599252 0.499997899097 -0.220973178372 5.32582235438e-06 -0.123606820363 -0.115573753278
33.7 200 73 25.469474 -0.18441981136 -0.118392426711 0.499998004596 -0.220972922791 5.23748802348e-06 -0.123606735942 -0.115591376021
33.8 200 72 14.680158 -0.183968892456 -0.117934380915 0.499998108314 -0.220972697534 5.14764106448e-06 -0.123606661634 -0.115608996267
33.9 200 94 31.8741 -0.183517946146 -0.117480444884 0.499998210191 -0.220972503843 5.05338130265e-06 -0.12360659795 -0.115626656987
34 200 71 18.089346 -0.18306696102 -0.117030603384 0.499998310276 -0.220972339202 4.96199692421e-06 -0.123606544342 -0.115644386243
34.1 200 74 33.666744 -0.182615923164 -0.116584843604 0.499998408519 -0.220972202047 4.87117773164e-06 -0.123606499687 -0.115662221221
34.2 200 72 12.180685 -0.182164820041 -0.116143166611 0.499998505032 -0.220972095788 4.78402780585e-06 -0.123606465805 -0.115680180685
34.3 196 84 16.047567 -0.181713639358 -0.115705565077 0.499998599769 -0.220972014263 4.70085532716e-06 -0.123606440502 -0.115698295931
34.4 196 77 29.433254 -0.181262370358 -0.11527204167 0.499998692903 -0.220971958067 4.623470021e-06 -0.123606424336 -0.115716576156
34.5 198 73 17.081574 -0.180811010531 -0.11484260137 0.49999878451 -0.220971926917 4.555609299e-06 -0.123606417143 -0.115735035787
34.6 200 82 16.003171 -0.180359553764 -0.114417250557 0.499998874894 -0.220971921832 4.49357192189e-06 -0.123606418968 -0.115753686483
34.7 198 76 34.760747 -0.179907993839 -0.113995996585 0.499998964087 -0.22097193565 4.43765262242e-06 -0.123606427721 -0.115772536861
34.8 198 72 15.199872 -0.179456338144 -0.113578859448 0.499999052282 -0.22097197264 4.38769826161e-06 -0.123606445185 -0.115791589727
34.9 200 77 37.091762 -0.179004585997 -0.113165851128 0.49999913945 -0.220972023247 4.34673106038e-06 -0.123606467713 -0.115810841362
35 200 75 28.642165 -0.178552750176 -0.112756987486 0.499999225691 -0.22097209506 4.31392964997e-06 -0.123606498242 -0.115830287618
35.1 200 77 25.518166 -0.178100841243 -0.112352283725 0.499999311545 -0.220972178252 4.29197525229e-06 -0.123606533212 -0.11584992125
35.2 200 78 17.846917 -0.177648876281 -0.111951759939 0.499999396993 -0.220972275658 4.27846409515e-06 -0.12360657386 -0.115869727749
35.3 200 72 14.531188 -0.177196870421 -0.111555436027 0.499999482361 -0.220972382436 4.2755964068e-06 -0.123606618802 -0.115889693219
35.4 200 79 17.517389 -0.176744850815 -0.111163332221 0.499999567704 -0.220972500611 4.27710202256e-06 -0.123606668167 -0.11590979298
35.5 200 94 18.887324 -0.176292840528 -0.110775463798 0.499999653243 -0.220972627069 4.28823465089e-06 -0.123606721367 -0.115930011741
35.6 200 78 16.869652 -0.17584086942 -0.110391853284 0.499999739132 -0.220972754357 4.30821055974e-06 -0.123606775742 -0.115950322197
35.7 200 80 15.352366 -0.175388971107 -0.110012517704 0.499999825427 -0.220972891943 4.33578982869e-06 -0.123606834265 -0.115970700431
35.8 200 74 14.256842 -0.174937185559 -0.109637469941 0.499999912267 -0.220973027989 4.36448258029e-06 -0.123606893496 -0.115991113417
35.9 200 73 20.20547 -0.17448555088 -0.109266726674 0.499999999769 -0.22097316603 4.39865354216e-06 -0.123606954318 -0.1160115352
36 200 79 20.935432 -0.17403411019 -0.108900301716 0.500000087861 -0.220973304846 4.43459571062e-06 -0.123607016821 -0.11603193113
36.1 200 78 18.527755 -0.173582914265 -0.108538198324 0.500000176748 -0.220973439893 4.47375773746e-06 -0.123607078733 -0.116052266981
36.2 200 97 26.00585 -0.173132010129 -0.108180425651 0.500000266482 -0.220973572342 4.51233694559e-06 -0.123607141068 -0.116072511557
36.3 200 73 18.442337 -0.172681445582 -0.107826987777 0.50000035704 -0.220973694762 4.55151217502e-06 -0.123607201205 -0.116092631174
36.4 200 72 14.004362 -0.172231279211 -0.107477887855 0.50000044825 -0.220973822841 4.58867161182e-06 -0.123607264221 -0.116112590092
36.5 200 93 27.071195 -0.171781562302 -0.107133121325 0.500000540271 -0.220973942027 4.62299272885e-06 -0.123607325594 -0.116132357913
36.6 200 78 26.79284 -0.171332351575 -0.106792682715 0.500000632988 -0.220974050379 4.6534461263e-06 -0.123607384176 -0.11615189994
36.7 200 77 19.551226 -0.170883703656 -0.106456560314 0.500000726196 -0.220974153217 4.67416932162e-06 -0.123607442148 -0.116171185153
36.8 200 76 28.568299 -0.170435678203 -0.106124742025 0.500000819707 -0.220974248079 4.69046616709e-06 -0.123607498744 -0.116190185337
36.9 200 80 15.989962 -0.169988334691 -0.105797210566 0.500000913458 -0.220974335936 4.70198330849e-06 -0.123607554053 -0.116208868727
37 200 73 12.544659 -0.16954172921 -0.105473944148 0.50000100747 -0.220974411293 4.70493779913e-06 -0.123607606199 -0.116227208292
37.1 200 77 18.224242 -0.169095918426 -0.10515491733 0.500001101457 -0.220974478082 4.69786890561e-06 -0.123607656818 -0.116245184043
37.2 200 82 37.925815 -0.168650959241 -0.104840104051 0.50000119507 -0.220974535742 4.67741968444e-06 -0.123607705367 -0.116262769972
37.3 200 78 16.805049 -0.168206907354 -0.104529469694 0.500001288156 -0.2209745831 4.64506900996e-06 -0.123607751399 -0.116279947286
37.4 200 77 15.1149 -0.167763816828 -0.104222976367 0.500001380595 -0.220974622311 4.60392103394e-06 -0.123607795856 -0.116296698101
37.5 200 75 14.420131 -0.167321740634 -0.103920588604 0.500001472038 -0.220974651468 4.54783617823e-06 -0.123607837787 -0.1163130112
37.6 200 75 12.582099 -0.166880727784 -0.103622262988 0.500001562306 -0.220974673998 4.47972212689e-06 -0.123607878668 -0.116328877868
37.7 200 77 14.950899 -0.166440823023 -0.103327952951 0.500001651084 -0.220974686973 4.40004419901e-06 -0.123607917142 -0.116344287857
37.8 200 89 14.044667 -0.166002071588 -0.103037612695 0.500001738115 -0.220974691147 4.30590818145e-06 -0.123607953479 -0.116359234445
37.9 200 77 17.261826 -0.16556451571 -0.102751193399 0.500001823127 -0.220974687796 4.19890339112e-06 -0.123607988067 -0.116373723879
38 200 82 15.673959 -0.165128190659 -0.102468641066 0.50000190591 -0.220974675887 4.0815000129e-06 -0.123608020701 -0.116387751994
38.1 200 77 14.734811 -0.164693135144 -0.102189903787 0.500001986172 -0.220974656828 3.94772444514e-06 -0.123608050978 -0.116401327567
38.2 200 75 11.312264 -0.164259379754 -0.101914925816 0.500002063651 -0.220974632768 3.80247815728e-06 -0.123608080408 -0.116414455704
38.3 200 75 11.532597 -0.163826949929 -0.101643651494 0.500002138155 -0.220974599835 3.64827073534e-06 -0.123608107257 -0.11642714939
38.4 200 77 11.948205 -0.163395868786 -0.101376021758 0.500002209457 -0.220974560937 3.48251581589e-06 -0.123608131929 -0.116439421735
38.5 200 86 14.674498 -0.162966154821 -0.101111980963 0.500002277383 -0.220974516886 3.30936405517e-06 -0.123608155343 -0.116451285757
38.6 200 82 25.469463 -0.162537830603 -0.100851474335 0.500002341685 -0.220974468615 3.12468961604e-06 -0.12360817715 -0.116462765252
38.7 200 75 15.652987 -0.162110905207 -0.100594439989 0.500002402182 -0.220974414619 2.93269520656e-06 -0.123608197121 -0.116473878976
38.8 200 81 30.376011 -0.161685387518 -0.100340827409 0.500002458828 -0.220974355958 2.73583941355e-06 -0.123608214959 -0.116484648814
38.9 200 87 39.36465 -0.161261282837 -0.100090579734 0.50000251149 -0.220974292783 2.53485532138e-06 -0.123608230727 -0.11649510056
39 200 83 39.82314 -0.160838594322 -0.0998436392814 0.500002560009 -0.220974224689 2.32813884052e-06 -0.123608244025 -0.116505265717
39.1 200 80 17.266824 -0.160417320362 -0.0995999565461 0.500002604357 -0.220974152449 2.1164640329e-06 -0.123608255028 -0.116515167766
39.2 200 100 15.782196 -0.159997460018 -0.0993594833223 0.500002644506 -0.220974080137 1.90586667016e-06 -0.123608265216 -0.116524839003
39.3 200 82 12.874443 -0.159579003391 -0.0991221716674 0.500002680443 -0.220974007226 1.69394832817e-06 -0.123608274152 -0.116534306229
39.4 200 85 45.109026 -0.159161937941 -0.0988879741208 0.500002712165 -0.220973931334 1.48504933702e-06 -0.123608280719 -0.116543600042
39.5 200 79 12.46967 -0.158746259139 -0.098656850054 0.500002739884 -0.220973850527 1.27822656954e-06 -0.123608284419 -0.116552749077
39.6 200 82 39.149567 -0.158331945115 -0.0984287576853 0.500002763406 -0.220973771083 1.07856358646e-06 -0.123608286738 -0.116561781957
39.7 200 83 26.838087 -0.157918986745 -0.0982036637918 0.500002782994 -0.22097368988 8.86587872999e-07 -0.123608286712 -0.116570726869
39.8 200 81 31.597532 -0.15750736241 -0.0979815300054 0.500002798808 -0.22097360624 7.03325255244e-07 -0.12360828398 -0.116579614183
39.9 200 85 20.662105 -0.157097059854 -0.0977623279533 0.500002810922 -0.220973524172 5.24644163689e-07 -0.123608279752 -0.116588470344
40 200 80 15.081521 -0.156688052046 -0.0975460293973 0.500002819648 -0.220973439583 3.55621695522e-07 -0.123608272441 -0.116597325314
40.1 200 88 13.553646 -0.15628032606 -0.0973326131 0.50000282505 -0.220973353779 1.94913434386e-07 -0.123608262436 -0.116606204314
40.2 200 83 15.285142 -0.155873861186 -0.0971220572113 0.50000282739 -0.220973269118 4.73329656164e-08 -0.123608250551 -0.116615125773
40.3 200 81 12.345393 -0.155468638941 -0.0969143449168 0.500002826892 -0.220973184752 -8.87681393322e-08 -0.12360823625 -0.116624114446
40.4 200 81 14.410945 -0.155064638831 -0.0967094619847 0.500002823796 -0.220973097598 -2.12596383234e-07 -0.123608218579 -0.116633189036
40.5 200 87 15.667115 -0.154661844222 -0.0965073973542 0.500002818351 -0.2209730108 -3.22537020973e-07 -0.123608198227 -0.116642362932
40.6 200 79 16.386508 -0.154260238234 -0.0963081451589 0.500002810867 -0.220972924666 -4.18404702378e-07 -0.123608175689 -0.116651655612
40.7 200 83 14.960321 -0.153859806703 -0.0961116973193 0.50000280158 -0.220972836659 -5.01606902882e-07 -0.123608149582 -0.116661075626
40.8 200 83 15.049263 -0.153460534936 -0.0959180527377 0.500002790749 -0.220972748028 -5.70813735397e-07 -0.123608120594 -0.116670634968
40.9 200 86 31.320376 -0.153062409221 -0.0957272150844 0.500002778686 -0.220972659595 -6.26863353004e-07 -0.123608088956 -0.116680339121
41 200 82 17.213842 -0.152665426203 -0.0955391795117 0.500002765543 -0.220972569375 -6.68022386519e-07 -0.123608054052 -0.116690189715
41.1 200 113 39.623992 -0.152269574979 -0.0953539534247 0.500002751794 -0.220972477675 -6.97972583029e-07 -0.123608015726 -0.11670019457
41.2 198 82 18.089093 -0.151874852926 -0.095171542953 0.500002737597 -0.220972385927 -7.13371757721e-07 -0.123607974912 -0.116710349791
41.3 200 83 22.467998 -0.151481257657 -0.0949919550027 0.500002723249 -0.220972292616 -7.14292045893e-07 -0.123607930657 -0.116720650246
41.4 200 79 17.556902 -0.151088790292 -0.0948151994853 0.50000270899 -0.220972196814 -7.0334789113e-07 -0.123607883022 -0.116731092585
41.5 200 85 32.320538 -0.150697454206 -0.0946412855694 0.500002695037 -0.220972098833 -6.80602782646e-07 -0.123607831947 -0.116741668634
41.6 200 81 14.768192 -0.150307258882 -0.0944702196881 0.500002681577 -0.22097199961 -6.47277489441e-07 -0.123607777932 -0.116752364995
41.7 200 77 14.234623 -0.149918212686 -0.0943020137669 0.500002668975 -0.220971898567 -6.05576709875e-07 -0.123607720948 -0.116763174311
41.8 200 84 41.536239 -0.149530326234 -0.0941366804848 0.500002657281 -0.220971793069 -5.54897485086e-07 -0.123607660117 -0.116774080275
41.9 200 82 27.256231 -0.149143619963 -0.0939742226154 0.50000264659 -0.220971695168 -4.94128675144e-07 -0.123607600169 -0.116785061021
42 200 82 17.093901 -0.148758110007 -0.0938146506787 0.500002637316 -0.220971585798 -4.25772302019e-07 -0.123607533631 -0.116796108401
42.1 200 79 13.747112 -0.148373817904 -0.0936579733294 0.500002629467 -0.220971476876 -3.53747914683e-07 -0.123607465487 -0.116807199484
42.2 200 81 18.152862 -0.147990764502 -0.0935041979974 0.500002623091 -0.220971366601 -2.78408318143e-07 -0.123607395047 -0.11681831497
42.3 200 80 13.277957 -0.147608980692 -0.0933533245551 0.500002618164 -0.220971255651 -2.01461353162e-07 -0.123607322653 -0.116829430917
42.4 200 79 14.60896 -0.147228492694 -0.093205359184 0.500002614943 -0.220971141034 -1.19056074187e-07 -0.123607247583 -0.116840528499
42.5 200 82 26.721702 -0.146849330261 -0.093060301993 0.500002613339 -0.220971024469 -3.67026401424e-08 -0.12360717048 -0.116851582615
42.6 200 81 21.837887 -0.146471527344 -0.0929181529587 0.500002613266 -0.220970911242 4.47615166321e-08 -0.123607093595 -0.116862570381
42.7 200 82 23.962997 -0.146095118358 -0.0927789032755 0.500002614954 -0.220970788585 1.29066894623e-07 -0.123607012256 -0.116873472202
42.8 200 103 33.146056 -0.145720137685 -0.0926425488822 0.500002618385 -0.220970670261 2.08135492237e-07 -0.123606931903 -0.116884266926
42.9 200 103 45.880995 -0.145346617648 -0.0925090812285 0.500002623314 -0.220970551691 2.84536268859e-07 -0.12360685093 -0.116894931174
43 200 89 25.870953 -0.144974601515 -0.0923784867659 0.500002629858 -0.220970430492 3.57245083689e-07 -0.123606768693 -0.116905443306
43.1 200 84 17.627622 -0.144604124115 -0.0922507483647 0.500002637595 -0.220970310207 4.2656962989e-07 -0.12360668674 -0.116915782167
43.2 200 86 21.77944 -0.144235223678 -0.0921258514939 0.500002646829 -0.220970190105 4.93789175812e-07 -0.12360660483 -0.116925934112
43.3 200 83 13.530529 -0.143867937405 -0.0920037737506 0.50000265727 -0.220970068284 5.53886513086e-07 -0.12360652258 -0.116935878315
43.4 200 109 33.103564 -0.143502305361 -0.0918844930026 0.500002668901 -0.220969949969 6.06543787786e-07 -0.123606442249 -0.116945597759
43.5 200 83 12.818516 -0.14313835874 -0.0917679789555 0.500002681572 -0.2209698325 6.5401651847e-07 -0.123606362748 -0.116955079296
43.6 194 96 56.231305 -0.142776130317 -0.0916542053213 0.500002695135 -0.220969716505 6.96867576304e-07 -0.123606284976 -0.116964309896
43.7 196 85 22.507462 -0.142415662698 -0.0915431392063 0.500002709435 -0.22096960067 7.28209286212e-07 -0.123606208136 -0.116973278851
43.8 198 86 40.868287 -0.142056984539 -0.0914347504851 0.500002724161 -0.22096948669 7.52638137161e-07 -0.123606133054 -0.116981979222
43.9 200 82 29.874507 -0.141700124709 -0.0913289919062 0.500002739367 -0.220969374639 7.73087861186e-07 -0.123606060191 -0.116990402757
44 200 82 12.486203 -0.14134511722 -0.0912258288126 0.50000275508 -0.220969266002 7.85712090626e-07 -0.123605990362 -0.116998545063
44.1 198 82 14.434713 -0.140991985547 -0.0911252212497 0.500002770904 -0.220969159559 7.92846707308e-07 -0.123605922983 -0.117006403235
44.2 200 96 44.07856 -0.140640752562 -0.0910271251781 0.500002786776 -0.220969056818 7.91425769128e-07 -0.123605858909 -0.117013977858
44.3 200 84 18.847878 -0.140291444214 -0.0909314972216 0.50000280251 -0.220968955875 7.8393010728e-07 -0.123605797546 -0.117021267203
44.4 200 114 37.809338 -0.139944077133 -0.0908382903941 0.500002818103 -0.22096886033 7.71441245433e-07 -0.123605740451 -0.11702828402
44.5 200 82 15.433459 -0.139598667526 -0.0907474595421 0.500002833423 -0.220968770408 7.5267630642e-07 -0.123605688011 -0.117035027494
44.6 200 91 46.163668 -0.139255230847 -0.0906589561425 0.500002848288 -0.220968685962 7.31395578935e-07 -0.123605639737 -0.117041505758
44.7 200 85 13.600808 -0.138913774333 -0.0905727301092 0.500002862671 -0.220968604643 7.08161603351e-07 -0.123605595345 -0.117047730549
44.8 200 84 22.020883 -0.138574307082 -0.090488735543 0.500002876584 -0.220968528759 6.80971903963e-07 -0.123605555681 -0.117053713029
44.9 200 89 46.091181 -0.138236836034 -0.0904069252903 0.500002889877 -0.220968456435 6.5180608079e-07 -0.123605520006 -0.11705946567
45 200 87 15.041292 -0.137901359917 -0.0903272473876 0.500002902495 -0.220968389535 6.19820785724e-07 -0.123605490782 -0.117065001307
45.1 200 116 20.70247 -0.137567880033 -0.0902496524379 0.500002914581 -0.220968324642 5.88348034902e-07 -0.123605461968 -0.117070340833
45.2 200 108 40.854915 -0.137236386389 -0.0901741038527 0.500002925971 -0.220968268047 5.54154879748e-07 -0.123605440977 -0.117075499742
45.3 200 83 16.292708 -0.136906878561 -0.0901005500514 0.500002936768 -0.220968214189 5.22131794099e-07 -0.12360542387 -0.11708049351
45.4 200 95 24.737801 -0.136579347052 -0.090028953336 0.500002946941 -0.220968166856 4.94828882092e-07 -0.123605412168 -0.117085340348
45.5 200 90 23.446739 -0.13625377672 -0.089959261306 0.50000295638 -0.220968123907 4.62103026413e-07 -0.123605405265 -0.117090065903
45.6 200 94 38.672445 -0.135930155539 -0.089891443165 0.500002965231 -0.220968081137 4.36115165876e-07 -0.123605401832 -0.117094684639
45.7 200 91 19.921076 -0.135608469686 -0.0898254546057 0.500002973571 -0.220968050154 4.13055029153e-07 -0.123605404506 -0.117099221673
45.8 200 82 31.047211 -0.135288698225 -0.0897612630828 0.500002981627 -0.220968021266 3.96799978264e-07 -0.123605411666 -0.11710369235
45.9 200 91 50.19168 -0.134970824879 -0.0896988332841 0.500002989346 -0.220967997514 3.8852709526e-07 -0.123605423627 -0.117108117751
46 200 95 42.50579 -0.134654825586 -0.0896381340333 0.500002996972 -0.220967977027 3.82289249132e-07 -0.123605439483 -0.117112505831
46.1 200 98 36.920389 -0.134340682164 -0.0895791372056 0.500003004478 -0.220967946396 3.80896834101e-07 -0.123605454284 -0.117116900578
46.2 200 98 34.664397 -0.134028369371 -0.0895218143604 0.500003012057 -0.220967937499 3.87990446667e-07 -0.123605480509 -0.117121305051
46.3 200 94 42.938459 -0.133717862621 -0.0894661468191 0.500003019859 -0.220967929343 4.00133126854e-07 -0.123605508105 -0.117125738101
46.4 200 94 36.464771 -0.133409143319 -0.0894121110244 0.500003027719 -0.220967903215 4.11776542683e-07 -0.123605532699 -0.117130218511
46.5 200 89 28.750851 -0.133102189645 -0.0893596948427 0.500003036229 -0.220967889704 4.4778599026e-07 -0.123605563263 -0.117134761769
46.6 200 90 24.647743 -0.13279696946 -0.0893088732629 0.500003045392 -0.220967883453 4.85612671269e-07 -0.12360559983 -0.117139383411
46.7 200 90 35.83676 -0.132493463761 -0.0892596409715 0.500003055398 -0.220967876923 5.27052104321e-07 -0.123605637895 -0.117144084086
46.8 200 86 14.184607 -0.132191653871 -0.0892119844045 0.500003066386 -0.220967875096 5.76756195761e-07 -0.12360567987 -0.117148884456
46.9 200 86 45.223533 -0.131891515979 -0.0891658972649 0.500003078427 -0.220967876279 6.3168493826e-07 -0.123605724622 -0.117153791257
47 200 92 16.896627 -0.131593031473 -0.0891213764122 0.500003091488 -0.22096788081 6.91323941572e-07 -0.123605772331 -0.117158812696
47.1 200 89 18.804307 -0.131296182642 -0.0890784168855 0.500003105892 -0.22096788276 7.5664218091e-07 -0.123605820555 -0.117163952091
47.2 200 85 15.28821 -0.131000951284 -0.0890370168476 0.500003121713 -0.220967884732 8.29331779223e-07 -0.123605869695 -0.117169211159
47.3 200 91 15.639364 -0.130707321991 -0.0889971800884 0.500003139104 -0.220967883719 9.09021099789e-07 -0.123605919364 -0.11717459499
47.4 200 104 14.451521 -0.130415283354 -0.0889589085311 0.500003158046 -0.220967880793 9.87233441559e-07 -0.123605968976 -0.117180103392
47.5 200 86 18.0686 -0.13012482395 -0.088922204354 0.50000317856 -0.220967875994 1.0686151212e-06 -0.123606018567 -0.117185731907
47.6 200 85 13.097564 -0.129835934369 -0.0888870737815 0.500003200766 -0.220967865513 1.15168618315e-06 -0.123606066572 -0.117191480086
47.7 200 91 46.787117 -0.129548610867 -0.0888535259953 0.500003224688 -0.220967853535 1.23939733238e-06 -0.123606114166 -0.117197340755
47.8 200 86 16.401979 -0.129262844778 -0.088821562141 0.500003250334 -0.220967838613 1.32853179899e-06 -0.123606160929 -0.117203306972
47.9 200 86 21.182451 -0.128978636863 -0.0887911898951 0.500003277784 -0.220967816659 1.41583445908e-06 -0.123606204725 -0.117209367566
48 200 85 16.471908 -0.128695986942 -0.0887624202172 0.500003306937 -0.220967790614 1.50446053753e-06 -0.123606246774 -0.117215514164
48.1 200 85 13.323843 -0.128414900138 -0.0887352568648 0.500003337864 -0.220967759146 1.58775062017e-06 -0.123606286462 -0.117221735887
48.2 200 99 16.977634 -0.128135379546 -0.0887097100495 0.5000033705 -0.220967720556 1.67166925613e-06 -0.123606322711 -0.117228019913
48.3 200 94 24.275615 -0.127857437165 -0.0886857855908 0.500003404772 -0.220967676649 1.75164754743e-06 -0.123606356 -0.117234352262
48.4 200 84 13.588898 -0.127581076891 -0.0886634828819 0.500003440585 -0.220967624862 1.82891492198e-06 -0.123606385372 -0.117240720299
48.5 200 88 15.369873 -0.127306314098 -0.0886428116107 0.500003477919 -0.220967566714 1.900398871e-06 -0.123606411062 -0.117247108398
48.6 200 85 13.84307 -0.127033162909 -0.0886237729009 0.50000351662 -0.22096750087 1.96577788014e-06 -0.123606432209 -0.117253496437
48.7 200 121 42.657264 -0.126761638372 -0.0886063714096 0.500003556572 -0.220967430616 2.02578358052e-06 -0.123606450284 -0.117259871696
48.8 200 87 15.011974 -0.126491759894 -0.08859060249 0.500003597772 -0.220967353277 2.07806614191e-06 -0.123606463945 -0.117266217219
48.9 198 85 15.873804 -0.126223544763 -0.0885764668782 0.500003639942 -0.220967267955 2.12703873931e-06 -0.123606472651 -0.117272516063
49 200 84 19.888506 -0.125957015882 -0.0885639631106 0.500003683 -0.220967176045 2.16654815892e-06 -0.123606476738 -0.117278752882
49.1 200 100 30.876114 -0.125692191255 -0.088553082532 0.500003726751 -0.220967075707 2.20078199142e-06 -0.123606475541 -0.117284909818
49.2 200 95 35.235065 -0.12542909672 -0.0885438202073 0.50000377106 -0.220966969771 2.2248505312e-06 -0.123606470265 -0.11729097252
49.3 200 104 60.866147 -0.125167753541 -0.0885361606448 0.500003815803 -0.220966860459 2.24313250893e-06 -0.123606460832 -0.117296928049
49.4 200 91 21.042103 -0.124908184377 -0.0885300920126 0.500003860583 -0.220966751996 2.23921283429e-06 -0.123606449683 -0.117302754117
49.5 200 91 18.647503 -0.124650412614 -0.0885256017522 0.500003905641 -0.220966618243 2.24645768592e-06 -0.123606425273 -0.117308451537
49.6 200 108 17.235824 -0.124394463466 -0.0885226729537 0.500003950539 -0.220966488714 2.23594111467e-06 -0.123606400285 -0.11731399864
49.7 200 93 20.557593 -0.124140360735 -0.0885212856475 0.50000399516 -0.220966356445 2.21466390576e-06 -0.12360637152 -0.117319386672
49.8 200 97 16.860376 -0.123888123437 -0.0885214178526 0.50000403933 -0.220966218137 2.18825578312e-06 -0.123606337443 -0.117324602926
49.9 200 101 14.907441 -0.123637775821 -0.0885230445632 0.500004082842 -0.220966076346 2.14925567516e-06 -0.123606299186 -0.117329643539
50 198 92 31.485969 -0.123389339443 -0.0885261431598 0.500004125447 -0.220965933794 2.10138882285e-06 -0.123606257697 -0.117334500731
50.1 200 98 49.117361 -0.123142834433 -0.0885306845616 0.500004167024 -0.220965788432 2.0495063105e-06 -0.12360621235 -0.117339166261
50.2 200 108 14.949746 -0.122898275086 -0.0885366341334 0.500004207598 -0.220965637598 1.9939959245e-06 -0.123606161861 -0.117343636669
50.3 200 94 30.012757 -0.122655677757 -0.0885439634726 0.500004246903 -0.220965488475 1.92460587373e-06 -0.123606108863 -0.117347915615
50.4 200 96 16.758016 -0.122415063301 -0.0885526387488 0.50000428465 -0.220965335161 1.85401335363e-06 -0.12360605297 -0.117351995793
50.5 200 100 47.420403 -0.122176442003 -0.0885626293352 0.500004321025 -0.220965188379 1.77210519669e-06 -0.123605993192 -0.117355882233
50.6 200 101 46.690019 -0.121939825264 -0.0885738911678 0.500004355708 -0.220965040764 1.68752161094e-06 -0.123605931903 -0.117359572902
50.7 200 94 25.121238 -0.121705219765 -0.0885863914809 0.50000438865 -0.22096489265 1.59786697665e-06 -0.123605867411 -0.117363075553
50.8 200 88 24.392531 -0.12147263169 -0.0886000953671 0.500004419796 -0.220964750175 1.50450062552e-06 -0.123605802372 -0.117366399102
50.9 200 89 39.04465 -0.121242063172 -0.0886149616997 0.500004448996 -0.220964617634 1.40561499679e-06 -0.123605738548 -0.117369546985
51 200 89 13.874885 -0.121013521835 -0.0886309476913 0.500004476195 -0.22096448553 1.29759320244e-06 -0.123605672262 -0.117372527266
51.1 200 101 50.715313 -0.120787005054 -0.0886480221505 0.50000450127 -0.220964358864 1.19322061237e-06 -0.123605605394 -0.117375348919
51.2 200 86 16.304787 -0.120562508792 -0.0886661412339 0.500004524155 -0.220964237883 1.08547271572e-06 -0.123605538402 -0.117378020942
51.3 200 90 14.911842 -0.120340026317 -0.0886852685155 0.5000045449 -0.220964123018 9.75447081351e-07 -0.12360547124 -0.117380561418
51.4 200 90 14.054966 -0.120119552893 -0.088705365452 0.500004563411 -0.220964018987 8.63810105865e-07 -0.123605406144 -0.117382982052
51.5 200 85 21.42709 -0.119901077093 -0.0887263967279 0.500004579687 -0.220963921938 7.51610084664e-07 -0.123605341628 -0.117385293983
51.6 200 97 19.452842 -0.11968458855 -0.0887483257639 0.500004593725 -0.220963832336 6.42008797846e-07 -0.123605278064 -0.117387513254
51.7 200 102 43.367532 -0.119470071738 -0.0887711172942 0.500004605587 -0.220963753986 5.32177815565e-07 -0.123605217121 -0.117389655915
51.8 200 95 20.710955 -0.119257510611 -0.0887947402227 0.50000461532 -0.220963680081 4.30099186207e-07 -0.123605156396 -0.117391732195
51.9 200 129 44.312893 -0.119046885176 -0.0888191605107 0.500004622936 -0.220963619759 3.2319392157e-07 -0.123605098884 -0.117393764419
52 200 117 30.745246 -0.118838179434 -0.0888443485124 0.500004628436 -0.220963570229 2.1519450517e-07 -0.123605044467 -0.117395765021
52.1 200 94 14.574676 -0.11863136984 -0.0888702715949 0.500004631847 -0.220963533615 1.1429667798e-07 -0.123604993954 -0.117397748818
52.2 194 90 15.914264 -0.118426437503 -0.0888969091394 0.500004633315 -0.220963503631 2.02275625243e-08 -0.123604944893 -0.117399733049
52.3 190 133 27.416702 -0.11822336241 -0.0889242380766 0.500004632882 -0.220963484552 -7.26826931488e-08 -0.123604899271 -0.117401731074
52.4 192 90 14.496736 -0.118022110376 -0.0889522321289 0.500004630606 -0.220963478762 -1.62016700049e-07 -0.123604858069 -0.117403758264
52.5 194 98 52.657123 -0.117822663906 -0.0889808770189 0.500004626677 -0.220963482884 -2.42061753052e-07 -0.123604820341 -0.117405827706
52.6 194 99 34.491843 -0.117625001115 -0.0890101526336 0.500004621171 -0.220963492276 -3.14233879528e-07 -0.123604785003 -0.117407945832
52.7 196 102 38.045114 -0.117429089653 -0.0890400430369 0.500004614419 -0.220963496573 -3.73240638306e-07 -0.123604746097 -0.117410134703
52.8 198 100 31.107215 -0.117234905801 -0.0890705393187 0.500004606386 -0.220963527846 -4.36027344057e-07 -0.123604717086 -0.117412401178
52.9 200 99 30.617506 -0.117042421411 -0.0891016194924 0.500004597199 -0.220963556894 -4.86851927214e-07 -0.123604690413 -0.117414759351
53 200 91 17.135593 -0.116851619225 -0.0891332872079 0.500004586737 -0.220963614312 -5.4464811006e-07 -0.123604671973 -0.117417210073
53.1 200 99 44.220392 -0.116662469755 -0.0891655315983 0.500004575637 -0.220963674907 -5.80761829606e-07 -0.123604656208 -0.117419772689
53.2 200 90 16.647155 -0.116474953765 -0.0891983493583 0.500004563758 -0.220963746697 -6.13357189965e-07 -0.123604645687 -0.117422441166
53.3 200 99 17.396868 -0.116289043819 -0.089231735936 0.500004551304 -0.220963825013 -6.43494027536e-07 -0.123604638425 -0.117425231597
53.4 200 101 28.435345 -0.116104727445 -0.0892656953714 0.500004538263 -0.220963913934 -6.68043484659e-07 -0.123604636188 -0.117428139772
53.5 200 88 15.525431 -0.11592198071 -0.0893002268845 0.500004524758 -0.220964010475 -6.85709987916e-07 -0.123604637992 -0.117431166646
53.6 200 90 21.265354 -0.115740783603 -0.0893353305171 0.500004510903 -0.220964114948 -7.04292802196e-07 -0.123604643985 -0.117434318023
53.7 200 93 25.138466 -0.115561122769 -0.0893710156023 0.500004496733 -0.220964223106 -7.15502878827e-07 -0.12360465249 -0.11743758562
53.8 200 100 41.163426 -0.115382984254 -0.0894072825865 0.500004482469 -0.220964340684 -7.18574093665e-07 -0.123604666189 -0.11744096993
53.9 200 97 33.805704 -0.11520635444 -0.0894441383871 0.500004468115 -0.220964460945 -7.17195596588e-07 -0.123604682162 -0.117444467394
54 200 108 42.745549 -0.115031227344 -0.0894815949711 0.500004453875 -0.220964587234 -7.13132579551e-07 -0.123604702206 -0.117448076143
54.1 200 97 33.92981 -0.114857588556 -0.0895196563449 0.500004439791 -0.22096471723 -7.0476048452e-07 -0.123604725169 -0.117451785304
54.2 200 98 44.454387 -0.114685434409 -0.089558339719 0.500004425867 -0.220964846709 -6.94533683038e-07 -0.123604749745 -0.117455587153
54.3 200 105 15.878953 -0.114514752774 -0.089597637524 0.500004412143 -0.220964978317 -6.79747899059e-07 -0.123604776726 -0.117459476388
54.4 200 104 46.263463 -0.114345544119 -0.0896375607163 0.500004398762 -0.220965117243 -6.6529708663e-07 -0.123604807933 -0.117463443748
54.5 200 98 27.425838 -0.11417781592 -0.0896781202022 0.500004385592 -0.220965256013 -6.46830765907e-07 -0.123604841096 -0.117467472963
54.6 200 111 46.861228 -0.114011556047 -0.0897193277444 0.500004372924 -0.220965394778 -6.26756407954e-07 -0.123604875968 -0.117471560939
54.7 200 93 16.249792 -0.113846781319 -0.0897611837114 0.500004360374 -0.22096553905 -6.08976482463e-07 -0.123604914154 -0.117475686241
54.8 200 92 17.028082 -0.113683491163 -0.0898036952064 0.500004348569 -0.220965677993 -5.84463375322e-07 -0.123604953441 -0.11747984756
54.9 200 99 16.37987 -0.113521692822 -0.0898468691413 0.500004337171 -0.220965816468 -5.61460435759e-07 -0.123604993421 -0.117484025446
55 200 90 29.977094 -0.113361394569 -0.0898907068095 0.50000432621 -0.220965954553 -5.39529376384e-07 -0.123605034839 -0.117488205789
55.1 200 101 15.927065 -0.113202607775 -0.0899352131187 0.500004315802 -0.220966089889 -5.17827310604e-07 -0.123605076928 -0.117492379235
55.2 200 94 16.096684 -0.113045340524 -0.0899803876038 0.500004305755 -0.220966226741 -4.96211510173e-07 -0.123605121564 -0.117496525404
55.3 200 99 14.851785 -0.112889607723 -0.0900262286611 0.500004296244 -0.220966356469 -4.69057202433e-07 -0.123605163906 -0.117500639722
55.4 200 105 19.212804 -0.112735420315 -0.0900727351692 0.500004287204 -0.22096648912 -4.45822548142e-07 -0.123605209529 -0.117504707956
55.5 200 101 17.770462 -0.1125827933 -0.0901199018932 0.500004278549 -0.220966620973 -4.27568668013e-07 -0.1236052565 -0.117508713922
55.6 198 151 97.04579 -0.112431741601 -0.0901677318925 0.50000427032 -0.220966747151 -4.06225936458e-07 -0.12360530217 -0.117512645837
55.7 200 103 17.484284 -0.112282278215 -0.0902161976561 0.500004262434 -0.220966864168 -3.95601810737e-07 -0.123605346013 -0.11751649421
55.8 190 94 42.269821 -0.112134417137 -0.0902653033254 0.500004254831 -0.220966992457 -3.77470786815e-07 -0.123605394891 -0.11752024476
55.9 192 95 20.589391 -0.111988172822 -0.0903150296334 0.500004247557 -0.220967108815 -3.66091916469e-07 -0.12360544043 -0.117523893512
56 194 97 15.6431 -0.111843562381 -0.0903653638097 0.500004240432 -0.220967226615 -3.56748949569e-07 -0.123605487358 -0.117527430822
56.1 196 109 62.05974 -0.111700602038 -0.0904162946951 0.500004233529 -0.220967342766 -3.44640500097e-07 -0.123605534882 -0.117530845061
56.2 198 115 46.027171 -0.111559303783 -0.0904677983466 0.500004226788 -0.220967452062 -3.36240312478e-07 -0.123605580355 -0.117534131403
56.3 200 107 53.833499 -0.111419675322 -0.0905198591789 0.500004220184 -0.220967555072 -3.28202261347e-07 -0.123605624021 -0.117537285249
56.4 200 103 19.591162 -0.111281731675 -0.0905724612224 0.500004213907 -0.220967652515 -3.1475847426e-07 -0.123605666479 -0.117540300731
56.5 200 94 28.733958 -0.11114548197 -0.0906255722349 0.50000420773 -0.220967755795 -3.15934587821e-07 -0.123605710552 -0.117543177241
56.6 200 96 24.570506 -0.111010936612 -0.0906791724901 0.500004201416 -0.220967857544 -3.19280176644e-07 -0.12360575532 -0.117545916904
56.7 200 110 40.024661 -0.110878107013 -0.0907332401907 0.500004195042 -0.220967954616 -3.28005759158e-07 -0.123605798535 -0.117548513722
56.8 200 97 23.957788 -0.110746992186 -0.0907877449569 0.500004188266 -0.220968054122 -3.48549790263e-07 -0.12360584256 -0.117550968511
56.9 200 97 28.7328 -0.110617598617 -0.090842655761 0.500004181237 -0.220968148331 -3.66573338934e-07 -0.123605885354 -0.117553286258
57 200 104 55.903648 -0.110489930223 -0.0908979497335 0.500004173792 -0.22096824123 -3.87208077879e-07 -0.123605927242 -0.117555472934
57.1 200 100 31.401213 -0.110363988495 -0.0909535984961 0.500004165898 -0.220968337671 -4.13246427269e-07 -0.123605971253 -0.117557525105
57.2 200 99 53.358652 -0.110239771347 -0.0910095670956 0.500004157558 -0.220968428477 -4.36190664803e-07 -0.123606010423 -0.117559459114
57.3 200 115 16.544979 -0.110117273623 -0.0910658297081 0.500004148412 -0.220968513411 -4.72730673082e-07 -0.12360604915 -0.11756127537
57.4 200 107 63.858998 -0.109996498848 -0.0911223552672 0.500004138715 -0.220968607296 -5.11449884565e-07 -0.123606089789 -0.117562983406
57.5 200 105 48.906663 -0.109877432711 -0.0911791146944 0.50000412815 -0.220968698754 -5.54482510618e-07 -0.123606130294 -0.117564587707
57.6 200 109 43.701565 -0.109760066275 -0.0912360800975 0.500004116854 -0.220968789153 -5.93424516554e-07 -0.123606168177 -0.117566101255
57.7 200 102 30.851564 -0.109644391298 -0.0912932178715 0.500004104881 -0.220968878229 -6.32213676448e-07 -0.123606205609 -0.11756753779
57.8 200 112 36.26458 -0.109530388848 -0.091350505307 0.500004091836 -0.220968966237 -6.82726030404e-07 -0.123606241543 -0.117568905703
57.9 200 107 17.409648 -0.109418047896 -0.091407913554 0.500004077945 -0.220969059873 -7.29178660234e-07 -0.123606279556 -0.117570216676
58 200 110 48.46274 -0.109307363436 -0.0914654107474 0.500004063171 -0.220969154225 -7.74257156434e-07 -0.123606316456 -0.117571485423
58.1 200 95 19.642806 -0.109198298899 -0.0915229845628 0.500004047439 -0.220969250125 -8.24153697697e-07 -0.123606353069 -0.117572721963
58.2 200 110 21.685205 -0.109090843262 -0.0915806039863 0.500004030704 -0.220969343763 -8.75123074281e-07 -0.123606387697 -0.117573941646
58.3 200 104 63.714702 -0.108984980883 -0.0916382505978 0.500004012899 -0.220969442003 -9.30915576271e-07 -0.123606422924 -0.117575153637
58.4 200 104 27.282289 -0.108880680686 -0.0916959039184 0.500003994097 -0.220969543087 -9.8799258106e-07 -0.123606458194 -0.117576373931
58.5 200 123 93.131348 -0.108777944621 -0.0917535410837 0.50000397397 -0.22096963711 -1.05157107374e-06 -0.123606489473 -0.117577611717
58.6 194 101 15.610363 -0.108676714388 -0.0918111362093 0.500003952492 -0.220969736199 -1.1279701602e-06 -0.123606522623 -0.117578883758
58.7 196 97 31.29915 -0.108576982038 -0.0918686847983 0.500003929477 -0.220969864352 -1.19657310006e-06 -0.123606564369 -0.117580191588
58.8 198 113 45.31346 -0.108478723053 -0.0919261710874 0.50000390496 -0.220969975696 -1.27226413656e-06 -0.123606599223 -0.117581555609
58.9 200 101 34.830913 -0.108381916493 -0.0919835840513 0.500003878827 -0.22097008872 -1.35200604341e-06 -0.123606633444 -0.11758298276
59 200 111 51.584429 -0.108286530226 -0.0920409150526 0.500003851164 -0.220970197443 -1.43177480608e-06 -0.123606664675 -0.117584480405
59.1 200 98 17.301912 -0.108192540512 -0.0920981602415 0.500003821748 -0.220970304346 -1.52106021048e-06 -0.123606694152 -0.117586057254
59.2 200 100 15.304776 -0.108099925164 -0.0921553093091 0.50000379071 -0.220970411881 -1.60524773736e-06 -0.123606721413 -0.117587726099
59.3 200 111 59.921474 -0.108008657751 -0.0922123557366 0.500003757881 -0.220970521606 -1.69511928711e-06 -0.123606748764 -0.117589490966
59.4 200 103 60.584985 -0.107918717134 -0.0922693039268 0.500003723098 -0.220970635059 -1.79439267405e-06 -0.123606775886 -0.117591353251
59.5 200 109 22.421142 -0.10783008135 -0.0923261525506 0.500003686343 -0.220970743525 -1.8922952864e-06 -0.123606798967 -0.117593319641
59.6 200 111 32.065231 -0.107742724672 -0.0923829025586 0.500003648136 -0.220970842226 -1.9665603854e-06 -0.123606818662 -0.117595399546
59.7 200 110 60.550653 -0.107656637082 -0.092439546638 0.50000360836 -0.220970942043 -2.0380229107e-06 -0.123606836654 -0.117597588583
59.8 200 105 36.233813 -0.107571785584 -0.0924961018013 0.500003567 -0.220971043029 -2.11577547778e-06 -0.123606853985 -0.117599887761
59.9 200 99 17.117447 -0.107488153785 -0.0925525758044 0.500003524268 -0.220971140649 -2.188010242e-06 -0.123606867757 -0.117602304137
60 200 106 15.450594 -0.107405728709 -0.092608968683 0.50000348016 -0.22097124496 -2.25775040106e-06 -0.123606882316 -0.117604830768
60.1 200 93 17.370093 -0.107324494971 -0.0926652899918 0.500003434659 -0.22097134987 -2.32683714661e-06 -0.123606896376 -0.117607465033
60.2 200 97 39.478536 -0.107244441432 -0.0927215463543 0.500003387787 -0.220971456352 -2.39623627338e-06 -0.123606909674 -0.117610211863
60.3 200 104 29.669976 -0.107165552477 -0.0927777450603 0.500003339476 -0.220971562899 -2.46121204673e-06 -0.123606922055 -0.117613058845
60.4 200 99 26.61212 -0.107087814679 -0.0928339021531 0.500003290016 -0.220971668861 -2.5253491104e-06 -0.123606932864 -0.117616001184
60.5 200 99 42.522128 -0.10701122707 -0.0928900174555 0.500003239354 -0.220971775951 -2.58513050118e-06 -0.12360694305 -0.11761903182
60.6 200 104 17.778785 -0.106935777564 -0.0929461132434 0.500003187378 -0.220971887417 -2.64903966341e-06 -0.123606953723 -0.117622145024
60.7 200 101 23.376712 -0.106861465166 -0.0930021937049 0.500003134207 -0.220971999333 -2.71361976668e-06 -0.123606963591 -0.117625332333
60.8 200 104 66.190151 -0.106788286073 -0.0930582675351 0.500003079749 -0.220972114228 -2.7777593067e-06 -0.123606973648 -0.117628581658
60.9 200 103 17.951488 -0.106716235188 -0.0931143479701 0.500003023732 -0.220972224405 -2.85275612912e-06 -0.123606981901 -0.117631885886
61 200 114 22.192472 -0.106645314273 -0.0931704415402 0.500002966608 -0.220972342562 -2.91442575685e-06 -0.123606989386 -0.117635235548
61.1 200 104 19.147477 -0.106575525894 -0.0932265548326 0.500002908116 -0.220972452746 -2.9809100591e-06 -0.123606995861 -0.117638619073
61.2 200 95 24.102625 -0.106506875197 -0.0932826980434 0.50000284781 -0.220972567744 -3.07525433435e-06 -0.123607003656 -0.117642025453
61.3 200 123 22.028212 -0.106439367 -0.0933388754843 0.500002786171 -0.220972682501 -3.14517867461e-06 -0.123607010161 -0.117645444339
61.4 200 110 22.817229 -0.106373005622 -0.093395090096 0.500002722996 -0.220972798518 -3.2228382746e-06 -0.123607016123 -0.11764886188
61.5 200 103 43.450107 -0.106307795864 -0.093451340757 0.500002658271 -0.220972917727 -3.30173269291e-06 -0.123607023262 -0.117652270134
61.6 200 96 16.645943 -0.106243745681 -0.0935076446564 0.500002591953 -0.220973027052 -3.37961766612e-06 -0.123607025435 -0.117655654995
61.7 200 108 28.333075 -0.106180864941 -0.0935639938207 0.500002523756 -0.220973122814 -3.4784419599e-06 -0.123607023482 -0.117659010611
61.8 200 109 46.575945 -0.106119165045 -0.0936203811471 0.500002453825 -0.220973241466 -3.56784939291e-06 -0.123607029531 -0.117662321345
61.9 200 94 18.949781 -0.106058653396 -0.093676818133 0.500002382102 -0.220973358403 -3.65798125625e-06 -0.123607034641 -0.117665577436
62 200 109 16.611638 -0.105999340509 -0.0937332951924 0.50000230845 -0.220973476173 -3.75986952308e-06 -0.123607040642 -0.11766877087
62.1 200 96 18.573724 -0.105941236003 -0.0937898072016 0.500002232695 -0.220973589147 -3.86689717682e-06 -0.123607044517 -0.117671893369
62.2 200 95 53.607175 -0.105884353263 -0.0938463443256 0.500002154771 -0.220973699659 -3.97970635298e-06 -0.123607047592 -0.11767493302
62.3 200 93 16.703485 -0.105828696571 -0.0939029006735 0.500002074736 -0.220973796134 -4.09122848983e-06 -0.123607046995 -0.117677883716
62.4 200 93 18.059282 -0.105774279172 -0.0939594675935 0.500001992216 -0.220973902115 -4.21276125762e-06 -0.123607047127 -0.117680740628
62.5 200 102 28.492533 -0.10572110776 -0.0940160290818 0.500001907165 -0.220974004059 -4.34143770228e-06 -0.123607048089 -0.117683496245
62.6 200 97 16.261761 -0.105669194511 -0.0940725755231 0.500001818986 -0.220974082311 -4.49211748423e-06 -0.123607040092 -0.117686145922
62.7 200 95 16.877885 -0.105618544783 -0.0941290881149 0.500001728686 -0.220974163461 -4.60518729187e-06 -0.123607033735 -0.117688685339
62.8 200 104 42.068611 -0.105569170773 -0.0941855509 0.500001635567 -0.220974233683 -4.74586074167e-06 -0.12360702451 -0.117691111544
62.9 200 115 60.557971 -0.105521073742 -0.0942419498171 0.500001538933 -0.220974283066 -4.9186809773e-06 -0.123607008785 -0.11769342322
63 200 112 68.630183 -0.105474253734 -0.0942982685453 0.500001438941 -0.220974326713 -5.08612507932e-06 -0.123606991654 -0.117695620622
63.1 200 114 27.019784 -0.105428714476 -0.0943544876491 0.500001335697 -0.220974353308 -5.24522257607e-06 -0.123606968571 -0.117697702896
63.2 200 103 38.145662 -0.105384455934 -0.0944105809278 0.500001229335 -0.220974370458 -5.40182122365e-06 -0.123606942058 -0.117699673451
63.3 200 131 23.986075 -0.105341481911 -0.0944665353866 0.500001119692 -0.220974371931 -5.55691377807e-06 -0.123606910861 -0.117701534345
63.4 200 110 19.091384 -0.105299792392 -0.0945223258784 0.500001007215 -0.220974366952 -5.69651791937e-06 -0.123606877828 -0.117703289601
63.5 200 108 27.248965 -0.10525937777 -0.0945779342961 0.500000892116 -0.220974346349 -5.82229839689e-06 -0.123606840346 -0.117704943273
63.6 200 120 19.213861 -0.105220239477 -0.0946333340015 0.500000775203 -0.220974311273 -5.9083610476e-06 -0.123606796524 -0.117706500765
63.7 200 113 55.20134 -0.105182373363 -0.0946884948462 0.500000656509 -0.220974278834 -5.98899126832e-06 -0.123606755199 -0.117707965451
63.8 200 106 18.726351 -0.105145757955 -0.094743418002 0.500000535777 -0.220974235354 -6.079660986e-06 -0.123606712123 -0.117709349867
63.9 200 98 16.828768 -0.105110389972 -0.0947980673583 0.500000413631 -0.220974184852 -6.14656698704e-06 -0.12360666709 -0.117710658244
64 200 109 41.757073 -0.105076262281 -0.0948524218493 0.500000290008 -0.220974126404 -6.21183837053e-06 -0.123606620457 -0.117711901312
64.1 200 104 49.180243 -0.105043354435 -0.0949064607624 0.500000165329 -0.220974060233 -6.25367936753e-06 -0.123606571824 -0.11771308496
64.2 200 99 20.774143 -0.105011655808 -0.094960171746 0.500000039831 -0.220973989112 -6.28111147313e-06 -0.123606522771 -0.11771422183
64.3 120 102 16.611634 -0.104981150568 -0.0950135282497 0.499999914247 -0.220973913017 -6.28296348316e-06 -0.123606473069 -0.117715320679
64.4 122 100 10.713539 -0.104951820663 -0.0950665144841 0.499999788773 -0.220973836204 -6.26731136396e-06 -0.123606424295 -0.117716392173
64.5 124 103 10.989188 -0.104923646852 -0.0951191112008 0.499999663755 -0.220973755216 -6.23442523844e-06 -0.123606375258 -0.117717445939
64.6 126 103 12.981685 -0.104896608803 -0.0951713061451 0.499999539575 -0.220973672468 -6.1811836562e-06 -0.123606326943 -0.117718493297
64.7 128 116 15.214684 -0.104870688862 -0.0952230852424 0.499999416734 -0.220973588383 -6.10395640054e-06 -0.123606279541 -0.117719543571
64.8 130 104 14.116011 -0.104845862016 -0.0952744335754 0.499999295656 -0.220973506508 -6.00464890879e-06 -0.123606234196 -0.117720606812
64.9 132 104 7.490013 -0.10482210731 -0.0953253447512 0.499999176762 -0.220973425579 -5.88396522377e-06 -0.123606190666 -0.117721694761
65 134 106 7.754273 -0.104799402986 -0.095375805457 0.499999060443 -0.220973348712 -5.74459611988e-06 -0.123606150113 -0.11772281549
65.1 136 107 20.949033 -0.104777726519 -0.0954258037623 0.499998947135 -0.220973276068 -5.58335297907e-06 -0.123606112423 -0.117723978739
65.2 138 116 9.186957 -0.104757053981 -0.0954753410484 0.499998837283 -0.220973206311 -5.40005719834e-06 -0.123606077282 -0.117725190441
65.3 140 110 24.246438 -0.104737363906 -0.095524403621 0.499998731314 -0.220973148361 -5.1955816101e-06 -0.123606047757 -0.117726464551
65.4 142 112 20.283213 -0.104718629977 -0.0955729963333 0.499998629641 -0.220973094589 -4.97008911125e-06 -0.123606021538 -0.117727806321
65.5 144 104 11.216751 -0.104700833699 -0.0956211150861 0.499998532706 -0.22097304873 -4.72448564141e-06 -0.123605999353 -0.117729218928
65.6 146 101 14.521709 -0.104683948941 -0.0956687615591 0.499998440911 -0.220973015112 -4.4589880321e-06 -0.123605982653 -0.117730711202
65.7 148 98 9.225422 -0.104667957076 -0.0957159356307 0.499998354558 -0.220972992014 -4.17777307622e-06 -0.12360597154 -0.117732289327
65.8 150 99 11.727947 -0.104652834223 -0.0957626395861 0.49999827399 -0.220972979635 -3.88022585495e-06 -0.123605965542 -0.117733953563
65.9 152 104 10.02677 -0.10463856372 -0.0958088781777 0.499998199547 -0.220972981131 -3.56671668517e-06 -0.123605965904 -0.117735711246
66 154 103 25.61312 -0.104625123504 -0.0958546532429 0.49999813155 -0.220972994788 -3.23835532662e-06 -0.123605971935 -0.117737562818
66.1 156 100 11.87659 -0.104612498923 -0.0958999801504 0.499998070229 -0.220973021959 -2.89654076563e-06 -0.123605984134 -0.117739509388
66.2 158 108 13.013378 -0.104600671989 -0.0959448602758 0.499998015851 -0.220973065873 -2.5458358637e-06 -0.123606003552 -0.117741554346
66.3 160 105 12.464537 -0.104589627596 -0.0959893051182 0.499997968636 -0.220973125931 -2.18315721186e-06 -0.123606029923 -0.117743692466
66.4 162 122 13.344161 -0.104579350421 -0.0960333242579 0.499997928757 -0.220973204582 -1.8131310556e-06 -0.123606064006 -0.117745926466
66.5 164 121 25.621529 -0.104569828198 -0.0960769262424 0.499997896334 -0.220973298416 -1.43754127261e-06 -0.123606104631 -0.117748252231
66.6 166 113 14.765078 -0.104561051167 -0.0961201259597 0.499997871436 -0.220973408302 -1.057741506e-06 -0.123606152019 -0.117750666266
66.7 168 122 15.219518 -0.104553008092 -0.0961629327439 0.49999785419 -0.2209735367 -6.75051676349e-07 -0.12360620694 -0.117753164266
66.8 170 131 16.449397 -0.104545692014 -0.0962053604642 0.499997844627 -0.220973682575 -2.9060811437e-07 -0.123606268905 -0.117755742218
66.9 172 116 16.725328 -0.104539096229 -0.0962474132783 0.499997842758 -0.220973846876 9.27824200525e-08 -0.123606338183 -0.117758395727
67 174 139 16.968412 -0.104533217872 -0.0962891105342 0.499997848712 -0.22097403137 4.81722537374e-07 -0.123606416018 -0.117761115751
67.1 176 141 40.850505 -0.10452805227 -0.0963304545021 0.499997862164 -0.220974231386 8.54730988552e-07 -0.123606499551 -0.117763897721
67.2 178 134 43.72069 -0.104523595981 -0.0963714660518 0.499997883272 -0.220974451373 1.23419977815e-06 -0.12360659107 -0.117766729611
67.3 180 112 14.397683 -0.10451985278 -0.0964121571652 0.499997911782 -0.220974682052 1.59984678235e-06 -0.1236066867 -0.117769608011
67.4 182 126 17.190863 -0.104516822423 -0.0964525319084 0.499997947472 -0.220974930839 1.95127210757e-06 -0.123606789124 -0.117772523281
67.5 184 114 19.200716 -0.104514504874 -0.0964926004588 0.499997990066 -0.220975193638 2.29014944474e-06 -0.123606896911 -0.117775466443
67.6 186 120 40.469596 -0.104512905018 -0.096532368661 0.499998039296 -0.220975474756 2.61630576833e-06 -0.123607011472 -0.117778431338
67.7 188 126 49.125162 -0.104512027933 -0.0965718447327 0.49999809487 -0.220975767561 2.92539244056e-06 -0.123607130621 -0.11778140568
67.8 190 110 21.095707 -0.104511878497 -0.0966110428528 0.49999815652 -0.22097607055 3.21797974343e-06 -0.123607253557 -0.11778438075
67.9 192 151 81.164783 -0.104512464105 -0.0966499576594 0.49999822387 -0.220976390724 3.49170165993e-06 -0.123607382873 -0.117787351037
68 190 110 16.409116 -0.10451379019 -0.0966885990059 0.49999829663 -0.220976726194 3.74895364062e-06 -0.123607517878 -0.117790305565
68.1 136 130 80.197528 -0.104515866979 -0.0967269677233 0.499998374187 -0.220977066307 3.98182108481e-06 -0.123607654439 -0.117793235016
68.2 138 111 17.278748 -0.104518698293 -0.0967650665141 0.499998456323 -0.220977422406 4.19587833245e-06 -0.123607796292 -0.117796132471
68.3 140 118 28.251607 -0.104522295192 -0.0968028901284 0.499998542381 -0.220977776396 4.38428503061e-06 -0.12360793845 -0.117798991319
68.4 142 117 31.721743 -0.104526664737 -0.0968404409163 0.499998631905 -0.220978135987 4.54569366834e-06 -0.123608081457 -0.117801801465
68.5 142 118 14.926778 -0.104531818494 -0.0968777184186 0.49999872441 -0.22097850013 4.68167079356e-06 -0.123608225899 -0.117804558729
68.6 144 119 13.724562 -0.104537760064 -0.0969147168313 0.499998819336 -0.220978868863 4.78697541288e-06 -0.123608371817 -0.117807257455
68.7 146 119 30.39421 -0.104544497952 -0.096951423835 0.499998916117 -0.220979238276 4.8663027095e-06 -0.123608517512 -0.117809892228
68.8 144 117 12.931785 -0.104552044276 -0.0969878411887 0.499999014196 -0.220979609419 4.91895556347e-06 -0.123608663657 -0.117812455783
68.9 146 128 14.351413 -0.104560404746 -0.0970239556995 0.4999991131 -0.220979979747 4.94443634129e-06 -0.123608809174 -0.117814946755
69 148 139 15.857712 -0.10456958198 -0.0970597593045 0.499999212179 -0.220980345837 4.93980550625e-06 -0.123608952688 -0.117817360984
69.1 150 116 15.976983 -0.104579584677 -0.0970952396534 0.49999931098 -0.220980716543 4.91305083181e-06 -0.123609097967 -0.117819698513
69.2 152 115 27.040842 -0.104590413467 -0.0971303865322 0.499999409059 -0.220981073995 4.86303012907e-06 -0.123609237622 -0.117821954779
69.3 154 109 35.045773 -0.104602072477 -0.0971651833836 0.499999505722 -0.220981421027 4.78114578642e-06 -0.123609373117 -0.117824130917
69.4 156 124 30.138169 -0.10461456645 -0.0971996218573 0.499999600469 -0.220981760649 4.67262661176e-06 -0.123609505475 -0.117826227675
69.5 158 110 15.423217 -0.10462789394 -0.097233689537 0.499999692771 -0.220982092122 4.53733626717e-06 -0.123609634143 -0.117828246444
69.6 160 113 12.215658 -0.104642054682 -0.0972673679349 0.499999782189 -0.220982410332 4.37892236437e-06 -0.123609757794 -0.117830186523
69.7 162 118 22.158239 -0.104657047238 -0.097300641592 0.499999868156 -0.220982714659 4.19595686194e-06 -0.123609875833 -0.117832053703
69.8 164 107 13.95541 -0.104672867343 -0.0973334962639 0.49999995025 -0.220983006996 3.9914281422e-06 -0.123609988918 -0.117833851827
69.9 166 139 15.741718 -0.104689511576 -0.0973659161354 0.500000028075 -0.220983285844 3.76649857397e-06 -0.123610096636 -0.117835583674
70 168 124 27.173991 -0.104706972826 -0.0973978832393 0.500000101179 -0.220983550046 3.52123704466e-06 -0.123610198119 -0.117837253826
70.1 170 121 36.350244 -0.104725242387 -0.0974293837125 0.50000016918 -0.220983794584 3.25827462337e-06 -0.123610292782 -0.117838869338
70.2 172 107 22.573908 -0.104744313424 -0.097460403713 0.500000231702 -0.220984020354 2.97891221575e-06 -0.123610379898 -0.117840433814
70.3 174 126 17.587245 -0.104764173548 -0.0974909273969 0.50000028854 -0.220984229692 2.68582806821e-06 -0.123610460331 -0.117841956047
70.4 176 107 14.42695 -0.10478481218 -0.0975209401331 0.500000339394 -0.220984419306 2.37957011008e-06 -0.123610533104 -0.117843444498
70.5 178 106 18.190773 -0.104806215987 -0.0975504273719 0.500000384017 -0.220984590638 2.0632824888e-06 -0.123610598803 -0.117844905565
70.6 172 106 15.138272 -0.104828370985 -0.0975793778458 0.500000422184 -0.220984742916 1.73628267714e-06 -0.123610657054 -0.117846344161
70.7 174 105 17.124893 -0.104851259412 -0.097607777928 0.500000453768 -0.220984877212 1.40384790849e-06 -0.12361070841 -0.117847771465
70.8 176 112 21.313705 -0.10487487033 -0.0976356162258 0.500000478604 -0.220984988207 1.06519514353e-06 -0.123610750833 -0.117849193348
70.9 178 112 16.548033 -0.104899181253 -0.0976628829097 0.500000496643 -0.220985081935 7.231500461e-07 -0.123610786379 -0.117850619052
71 180 118 60.488545 -0.104924173468 -0.0976895706997 0.500000507859 -0.220985153474 3.8108054461e-07 -0.123610813457 -0.117852055911
71.1 178 121 38.484378 -0.104949830956 -0.0977156690062 0.500000512156 -0.220985205695 4.0313855804e-08 -0.123610833109 -0.117853510341
71.2 180 104 14.59793 -0.104976133873 -0.0977411762187 0.500000509658 -0.220985237482 -2.98663861791e-07 -0.123610844667 -0.117854992072
71.3 182 120 16.128709 -0.105003062188 -0.09776608468 0.500000500445 -0.220985251005 -6.3564377303e-07 -0.12361084922 -0.11785650829
71.4 184 117 20.768155 -0.105030597754 -0.0977903899669 0.500000484523 -0.220985247102 -9.67314311512e-07 -0.123610847184 -0.11785806599
71.5 186 107 15.709611 -0.105058717387 -0.097814091456 0.500000462012 -0.220985225305 -1.29277430966e-06 -0.123610838197 -0.117859670337
71.6 188 105 49.617705 -0.105087399058 -0.0978371869089 0.500000433078 -0.220985182058 -1.60963994686e-06 -0.123610821158 -0.117861329381
71.7 190 111 18.061912 -0.10511662702 -0.0978596796558 0.500000397981 -0.22098512292 -1.91566217459e-06 -0.12361079784 -0.117863046184
71.8 192 126 65.725003 -0.105146378031 -0.0978815642115 0.50000035682 -0.22098504776 -2.2091015826e-06 -0.12361076861 -0.117864827887
71.9 194 110 32.894926 -0.105176636537 -0.0979028547657 0.500000309848 -0.220984959051 -2.48933972214e-06 -0.123610734432 -0.11786667385
72 196 112 18.309873 -0.105207381662 -0.0979235514247 0.500000257513 -0.220984856727 -2.75401869939e-06 -0.123610694853 -0.11786859492
72.1 198 126 61.893565 -0.105238594419 -0.0979436549554 0.500000200043 -0.220984739867 -3.00282020238e-06 -0.123610649915 -0.117870591024
72.2 200 110 20.122275 -0.105270257754 -0.0979631821447 0.500000137724 -0.220984610076 -3.23470667966e-06 -0.123610600087 -0.117872660682
72.3 200 123 21.538875 -0.105302356345 -0.0979821360311 0.500000070982 -0.220984473271 -3.44939589228e-06 -0.123610547707 -0.117874808505
72.4 200 112 32.954454 -0.105334870466 -0.0980005216467 0.500000000054 -0.220984324961 -3.64900272283e-06 -0.123610490872 -0.117877033367
72.5 200 110 27.1001 -0.10536779003 -0.0980183562592 0.499999925348 -0.22098416128 -3.82661003088e-06 -0.123610428345 -0.117879335522
72.6 200 111 20.098729 -0.105401099442 -0.0980356478906 0.499999847231 -0.220983995952 -3.98827457156e-06 -0.123610365433 -0.117881714758
72.7 200 137 20.32244 -0.105434787333 -0.0980524069599 0.499999766094 -0.220983824697 -4.13048329898e-06 -0.123610300158 -0.117884168128
72.8 200 113 43.43599 -0.105468840946 -0.0980686443585 0.499999682306 -0.2209836459 -4.25284066102e-06 -0.123610232208 -0.117886693694
72.9 200 128 21.49422 -0.10550325359 -0.0980843775123 0.499999596218 -0.220983468948 -4.35273828008e-06 -0.123610165336 -0.117889288507
73 200 142 19.517947 -0.105538015537 -0.0980996158521 0.499999508438 -0.22098328948 -4.43238271812e-06 -0.123610097479 -0.117891948148
73.1 200 127 32.806176 -0.105573119371 -0.0981143651952 0.499999419037 -0.220983099383 -4.50404938621e-06 -0.123610025408 -0.117894667801
73.2 200 116 16.34267 -0.105608559659 -0.0981286516195 0.499999329157 -0.220982931367 -4.51740226181e-06 -0.123609961366 -0.117897442498
73.3 200 129 62.169636 -0.105644333175 -0.0981424803835 0.499999238654 -0.220982742227 -4.53901472101e-06 -0.123609892958 -0.117900266401
73.4 200 126 63.052666 -0.105680439409 -0.0981558636717 0.499999147766 -0.220982546518 -4.54848593616e-06 -0.123609819735 -0.117903128466
73.5 200 107 15.784928 -0.105716874298 -0.0981688211638 0.499999057034 -0.220982360009 -4.53769175381e-06 -0.123609750205 -0.117906030185
73.6 200 120 97.013458 -0.105753634687 -0.0981813574382 0.499998966596 -0.220982173231 -4.51427667428e-06 -0.123609681001 -0.117908960207
73.7 200 114 23.074034 -0.105790728585 -0.0981934884597 0.499998876918 -0.220981991309 -4.47716982248e-06 -0.123609613448 -0.117911911896
73.8 200 114 18.32655 -0.105828156004 -0.0982052210982 0.499998787838 -0.220981814872 -4.43138119276e-06 -0.123609548439 -0.117914880454
73.9 200 156 24.424694 -0.105865920007 -0.0982165658598 0.499998699878 -0.220981646865 -4.37257150839e-06 -0.123609486883 -0.117917854239
74 200 115 28.440501 -0.105904021375 -0.0982275290928 0.499998613142 -0.220981482721 -4.30693714236e-06 -0.12360942661 -0.117920828688
74.1 198 116 43.40643 -0.10594246552 -0.0982381184909 0.499998528022 -0.220981328777 -4.22201809291e-06 -0.123609371224 -0.117923795215
74.2 200 106 16.038435 -0.105981263989 -0.0982483445697 0.49999844443 -0.220981180013 -4.13856064601e-06 -0.123609317636 -0.117926743674
74.3 200 117 41.961385 -0.106020417084 -0.098258208969 0.499998362649 -0.22098104079 -4.05004553064e-06 -0.123609268051 -0.117929672559
74.4 200 123 49.905041 -0.106059934581 -0.0982677139396 0.499998282589 -0.220980910131 -3.95775608629e-06 -0.123609221753 -0.117932573047
74.5 200 116 55.710762 -0.10609982325 -0.0982768707579 0.499998204528 -0.220980788014 -3.85898765762e-06 -0.123609178978 -0.117935436443
74.6 200 110 24.74756 -0.106140093471 -0.0982856780605 0.499998128331 -0.220980673365 -3.75953353327e-06 -0.123609139395 -0.117938259001
74.7 200 114 20.139441 -0.106180751828 -0.0982941334696 0.499998054269 -0.220980569065 -3.66049861145e-06 -0.123609103905 -0.117941031834
74.8 194 108 21.94269 -0.10622180185 -0.0983022376991 0.499997982178 -0.220980473589 -3.5624809475e-06 -0.123609071616 -0.117943753458
74.9 196 109 19.056727 -0.106263256185 -0.0983099884848 0.49999791206 -0.220980394769 -3.46493055265e-06 -0.123609046241 -0.117946416229
75 198 124 28.153807 -0.106305119639 -0.098317382864 0.499997843869 -0.220980321721 -3.37138442343e-06 -0.12360902304 -0.117949020301
75.1 200 116 41.613824 -0.10634739866 -0.0983244180706 0.499997777417 -0.220980259366 -3.2847651808e-06 -0.123609003943 -0.1179515571
75.2 200 121 39.525411 -0.106390100096 -0.0983310849684 0.499997712642 -0.220980201932 -3.20078464649e-06 -0.123608986869 -0.117954025483
75.3 200 108 27.139794 -0.106433230866 -0.0983373805548 0.499997649497 -0.220980157528 -3.12270129133e-06 -0.123608974817 -0.117956423923
75.4 200 112 19.613534 -0.106476792967 -0.0983432948019 0.499997587895 -0.220980124087 -3.05304947613e-06 -0.123608966911 -0.117958752009
75.5 200 125 36.539492 -0.10652079391 -0.0983488210203 0.499997527619 -0.220980094967 -2.99214182087e-06 -0.123608960677 -0.117961007692
75.6 200 110 42.681047 -0.106565233643 -0.0983539501803 0.499997468441 -0.220980074164 -2.93835839197e-06 -0.12360895747 -0.117963192621
75.7 200 120 37.094217 -0.106610120515 -0.0983586705285 0.499997410229 -0.220980060745 -2.89331737043e-06 -0.123608957217 -0.117965305277
75.8 200 128 57.310581 -0.106655449831 -0.0983629781566 0.499997352764 -0.22098005512 -2.86090786524e-06 -0.123608959906 -0.117967351935
75.9 200 128 57.762849 -0.106701219288 -0.0983668488353 0.499997295904 -0.220980057942 -2.83707907944e-06 -0.123608965856 -0.117969333654
76 200 119 45.067664 -0.106747433556 -0.0983702790317 0.499997239473 -0.220980062907 -2.823085796e-06 -0.123608972244 -0.117971249562
76.1 200 124 49.886344 -0.10679408834 -0.0983732561375 0.499997183122 -0.220980075727 -2.82078083242e-06 -0.123608981679 -0.117973107414
76.2 200 114 23.425901 -0.106841184118 -0.0983757749285 0.499997126802 -0.220980088558 -2.82502962557e-06 -0.123608990889 -0.11797490816
76.3 200 155 118.910357 -0.106888712841 -0.098377808833 0.499997070309 -0.220980110811 -2.84233646318e-06 -0.123609003507 -0.117976658009
76.4 200 117 17.572659 -0.106936667875 -0.0983793634202 0.499997013478 -0.220980139764 -2.86869022592e-06 -0.12360901748 -0.117978363424
76.5 200 126 21.537025 -0.106985043483 -0.0983804173478 0.499996955991 -0.220980167894 -2.90311156955e-06 -0.123609033295 -0.117980029426
76.6 182 132 22.83657 -0.107033829764 -0.0983809631984 0.499996897614 -0.220980196312 -2.95216338439e-06 -0.123609047676 -0.117981662163
76.7 184 124 59.003432 -0.107083013278 -0.0983809855112 0.499996838044 -0.220980227099 -3.01706476778e-06 -0.123609062932 -0.117983268303
76.8 186 127 51.193554 -0.107132589917 -0.0983804773754 0.499996777381 -0.220980260913 -3.07181291238e-06 -0.123609079336 -0.117984851396
76.9 188 120 52.373519 -0.107182541652 -0.0983794278293 0.499996715304 -0.220980293179 -3.14824278e-06 -0.123609094741 -0.117986422765
77 188 136 74.25332 -0.107232863158 -0.098377830338 0.499996651634 -0.220980319874 -3.23266831936e-06 -0.123609107678 -0.117987987483
77.1 190 122 35.008005 -0.107283538859 -0.0983756766387 0.499996586109 -0.220980347147 -3.32807863431e-06 -0.123609120784 -0.1179895537
77.2 192 111 15.821607 -0.107334551375 -0.0983729603295 0.499996518674 -0.220980373351 -3.4286231257e-06 -0.123609132927 -0.117991126134
77.3 194 122 17.761929 -0.107385886857 -0.0983696746887 0.499996449239 -0.220980398588 -3.53494644648e-06 -0.123609144627 -0.117992715788
77.4 196 114 32.778636 -0.10743753143 -0.0983658161735 0.499996377582 -0.220980419713 -3.64841124798e-06 -0.1236091546 -0.11799432394
77.5 198 128 21.736346 -0.107489467037 -0.0983613793424 0.499996303652 -0.220980439497 -3.76457901055e-06 -0.123609163805 -0.117995962982
77.6 200 131 75.489323 -0.107541676999 -0.0983563600113 0.499996227273 -0.220980454533 -3.88724214389e-06 -0.123609170967 -0.117997636739
77.7 200 126 74.714652 -0.107594145185 -0.0983507634978 0.499996148413 -0.220980465661 -4.01071255845e-06 -0.123609176498 -0.117999350558
77.8 200 130 58.797242 -0.107646853778 -0.0983445825495 0.499996067021 -0.220980471551 -4.13760784107e-06 -0.123609179933 -0.118001109379
77.9 200 126 32.198036 -0.107699789878 -0.0983378292928 0.499995983158 -0.220980473377 -4.26439646725e-06 -0.123609181593 -0.118002918399
78 200 125 36.944351 -0.107752932929 -0.098330499627 0.499995896643 -0.220980469925 -4.39563813103e-06 -0.123609180888 -0.118004781827
78.1 200 131 64.112927 -0.107806267349 -0.0983225958801 0.499995807484 -0.220980462711 -4.52364578607e-06 -0.123609178839 -0.118006705495
78.2 200 127 59.163089 -0.107859776476 -0.0983141212958 0.4999957159 -0.220980453123 -4.64849101219e-06 -0.123609175679 -0.118008691435
78.3 200 114 37.46003 -0.107913447516 -0.0983050893929 0.499995621795 -0.220980436316 -4.77292560157e-06 -0.123609169462 -0.118010739822
78.4 200 118 51.339269 -0.107967268814 -0.0982955087739 0.499995525295 -0.220980414455 -4.89059412358e-06 -0.123609161338 -0.118012858901
78.5 200 120 24.701763 -0.108021220381 -0.0982853803537 0.4999954264 -0.220980387095 -5.00754826646e-06 -0.123609150964 -0.118015044337
78.6 200 117 28.078319 -0.108075288541 -0.098274716944 0.499995325264 -0.220980357381 -5.12160964435e-06 -0.123609139505 -0.118017298506
78.7 200 120 69.530597 -0.108129459541 -0.0982635260291 0.49999522185 -0.220980323768 -5.23163520251e-06 -0.123609126378 -0.118019621259
78.8 200 122 55.227893 -0.108183725949 -0.0982518191749 0.499995116273 -0.220980287055 -5.33348804639e-06 -0.123609112158 -0.118022006667
78.9 200 134 52.801805 -0.108238073717 -0.0982396040501 0.499995008752 -0.220980242592 -5.42959759372e-06 -0.123609094802 -0.118024461979
79 200 113 60.035146 -0.10829250352 -0.098226908439 0.4999948993 -0.22098019679 -5.52149741367e-06 -0.12360907675 -0.118026980418
79.1 200 121 15.63997 -0.108346996555 -0.0982137337477 0.499994788218 -0.22098015061 -5.60750472214e-06 -0.123609058425 -0.118029558861
79.2 200 127 24.283579 -0.108401548393 -0.0982000929882 0.499994675468 -0.220980100251 -5.68426585372e-06 -0.123609038377 -0.118032195203
79.3 200 130 32.81368 -0.108456149152 -0.098185996178 0.499994561237 -0.220980047077 -5.75529636848e-06 -0.123609017139 -0.118034883584
79.4 200 125 22.400254 -0.108510799827 -0.0981714639556 0.499994445615 -0.220979991352 -5.81923272823e-06 -0.123608994909 -0.118037621419
79.5 200 120 32.871162 -0.108565492585 -0.0981565029667 0.499994328869 -0.220979935193 -5.87324766095e-06 -0.123608972395 -0.118040400559
79.6 200 117 58.757814 -0.108620222511 -0.0981411352626 0.499994211014 -0.220979877189 -5.92294161648e-06 -0.123608948928 -0.118043215538
79.7 200 114 20.587023 -0.108675001103 -0.09812536861 0.499994092268 -0.220979818259 -5.96087191913e-06 -0.123608925099 -0.118046062983
79.8 200 117 20.611264 -0.108729824951 -0.0981092138291 0.499993972905 -0.220979759524 -5.99326045352e-06 -0.123608901222 -0.11804893606
79.9 200 117 41.674299 -0.108784685804 -0.0980926817881 0.499993852913 -0.220979700852 -6.02093652624e-06 -0.123608877161 -0.118051827431
80 200 124 31.095293 -0.108839593898 -0.0980757839962 0.499993732456 -0.220979643837 -6.03829935644e-06 -0.123608853777 -0.118054732776
80.1 200 113 92.09274 -0.1088945433 -0.0980585395332 0.499993611724 -0.220979586513 -6.05019138679e-06 -0.123608829806 -0.118057639962
80.2 200 118 17.502331 -0.108949552429 -0.0980409511211 0.499993491107 -0.220979535376 -6.05094817498e-06 -0.123608808258 -0.118060545217
80.3 200 133 20.624881 -0.109004619494 -0.0980230321761 0.499993370277 -0.220979480321 -6.0514871224e-06 -0.123608785457 -0.118063441186
80.4 196 126 42.030624 -0.109059744754 -0.0980047853216 0.499993249481 -0.220979427967 -6.04683119489e-06 -0.123608763184 -0.118066320851
80.5 198 120 56.449763 -0.109114937323 -0.097986218404 0.499993128864 -0.220979374965 -6.03415096483e-06 -0.123608740624 -0.118069177744
80.6 200 128 42.281111 -0.109170208266 -0.0979673380574 0.49999300844 -0.220979324669 -6.01839832074e-06 -0.123608718809 -0.118072002895
80.7 200 120 55.030309 -0.109225563723 -0.0979481581566 0.499992888477 -0.220979278505 -5.9968135321e-06 -0.123608698508 -0.118074792882
80.8 200 129 70.864725 -0.109281009826 -0.0979286741082 0.499992768948 -0.220979235296 -5.96993630716e-06 -0.123608679163 -0.118077543226
80.9 200 125 25.423387 -0.109336556463 -0.0979088934305 0.49999264994 -0.220979194845 -5.94110429994e-06 -0.123608660613 -0.118080243719
81 200 116 62.919952 -0.109392213485 -0.0978888193385 0.499992531652 -0.22097915916 -5.90793340045e-06 -0.123608643688 -0.118082893844
81.1 200 160 20.691669 -0.109447984401 -0.0978684440363 0.499992413775 -0.220979120992 -5.89085614083e-06 -0.123608624423 -0.118085488857
81.2 200 120 44.813859 -0.109503873731 -0.0978477749133 0.499992296848 -0.220979096812 -5.8384377629e-06 -0.123608612415 -0.118088019875
81.3 200 118 17.647026 -0.109559898538 -0.0978268091862 0.499992180858 -0.220979063969 -5.78700684757e-06 -0.123608596031 -0.118090489029
81.4 200 131 17.828587 -0.10961605941 -0.0978055427437 0.499992065755 -0.220979040041 -5.74554532399e-06 -0.123608582968 -0.118092891387
81.5 200 134 47.658951 -0.109672361276 -0.0977839668886 0.499991951458 -0.220979018268 -5.70423394645e-06 -0.12360857021 -0.11809522424
81.6 200 134 39.535252 -0.109728816069 -0.097762084603 0.499991838025 -0.220978998718 -5.66285565538e-06 -0.123608558127 -0.118097487195
81.7 194 119 20.648145 -0.109785427853 -0.0977398947408 0.499991725565 -0.220978987895 -5.61517147691e-06 -0.123608549471 -0.118099680004
81.8 196 126 58.407211 -0.109842194014 -0.09771737806 0.499991613991 -0.220978973802 -5.56757524964e-06 -0.123608539253 -0.118101800069
81.9 198 121 28.454673 -0.109899126487 -0.0976945374198 0.499991503262 -0.220978960487 -5.52205567152e-06 -0.123608528978 -0.118103848938
82 200 128 41.115801 -0.109956228929 -0.0976713655949 0.499991393474 -0.220978953055 -5.47784098223e-06 -0.123608520701 -0.118105828714
82.1 200 137 71.444862 -0.110013501181 -0.0976478518915 0.499991284577 -0.220978945854 -5.43225350147e-06 -0.123608512423 -0.118107741557
82.2 200 129 93.306716 -0.110070947268 -0.0976239925764 0.499991176533 -0.220978939597 -5.38972700562e-06 -0.123608504186 -0.118109589993
82.3 200 123 18.499296 -0.110128565668 -0.0975997701841 0.499991069307 -0.220978935135 -5.34821087609e-06 -0.123608496475 -0.118111377796
82.4 200 130 31.441982 -0.110186351253 -0.0975751806584 0.499990962963 -0.220978934492 -5.30757800146e-06 -0.123608489956 -0.118113108844
82.5 200 116 40.209981 -0.110244307411 -0.0975502110546 0.499990857273 -0.220978939587 -5.26817569822e-06 -0.123608485631 -0.118114787676
82.6 200 126 20.401883 -0.110302428017 -0.0975248551203 0.499990752583 -0.220978948717 -5.22862309048e-06 -0.123608482586 -0.118116417457
82.7 200 125 26.487303 -0.110360707937 -0.0974991063842 0.499990648587 -0.220978952907 -5.19114470889e-06 -0.123608477375 -0.118118006223
82.8 200 141 49.449972 -0.110419139143 -0.0974729493493 0.499990545354 -0.220978957461 -5.15254009283e-06 -0.12360847218 -0.118119559217
82.9 200 136 18.847665 -0.110477723875 -0.0974463799863 0.499990442867 -0.220978961374 -5.11451617211e-06 -0.12360846658 -0.118121082965
83 200 145 19.02253 -0.110536448506 -0.0974193885039 0.499990341298 -0.220978970343 -5.07008357558e-06 -0.123608462636 -0.118122584244
83.1 200 140 58.630532 -0.110595297932 -0.0973919640954 0.499990240566 -0.220978976944 -5.02755567834e-06 -0.123608458184 -0.118124067776
83.2 200 137 57.40471 -0.110654273048 -0.0973641088795 0.499990140875 -0.220978977848 -4.97408670944e-06 -0.123608451596 -0.118125538369
83.3 200 125 19.130974 -0.110713368896 -0.0973358102903 0.499990041977 -0.220978978364 -4.93354787096e-06 -0.12360844417 -0.118127005809
83.4 200 125 30.223922 -0.110772564856 -0.0973070630421 0.49998994394 -0.220978979038 -4.8926982198e-06 -0.123608436646 -0.11812848057
83.5 200 146 52.224507 -0.11083184718 -0.0972778678264 0.499989846627 -0.220978976938 -4.8527882404e-06 -0.123608427988 -0.118129965357
83.6 200 127 18.813793 -0.110891214831 -0.097248212661 0.499989750161 -0.220978974526 -4.81110631622e-06 -0.123608419193 -0.118131468783
83.7 200 147 24.369009 -0.110950645553 -0.0972180964396 0.499989654557 -0.220978971605 -4.77033503387e-06 -0.12360841007 -0.118132997863
83.8 200 121 21.934137 -0.111010131445 -0.0971875207839 0.49998955976 -0.220978967101 -4.72951066077e-06 -0.12360840043 -0.118134558248
83.9 200 136 17.881678 -0.111069656087 -0.0971564826982 0.49998946582 -0.220978961073 -4.68656880891e-06 -0.123608390244 -0.118136155081
84 200 137 86.466137 -0.111129194179 -0.097124977857 0.499989372722 -0.220978954668 -4.64368468979e-06 -0.123608379814 -0.118137794673
84.1 200 134 60.330117 -0.11118875724 -0.0970930188982 0.49998928046 -0.220978947997 -4.59651070551e-06 -0.123608369254 -0.118139485067
84.2 200 141 33.330918 -0.111248319873 -0.0970606038365 0.499989189135 -0.220978939806 -4.54882558012e-06 -0.12360835863 -0.118141229405
84.3 200 128 67.627723 -0.11130786395 -0.0970277362799 0.499989098735 -0.220978925824 -4.50187791355e-06 -0.123608345468 -0.118143031071
84.4 200 123 22.30575 -0.111367382415 -0.0969944165644 0.499989009346 -0.220978911971 -4.45077170778e-06 -0.123608332466 -0.11814489481
84.5 200 113 28.24625 -0.111426857322 -0.0969606559554 0.499988921054 -0.220978897047 -4.40025383238e-06 -0.123608319192 -0.118146825331
84.6 200 127 48.792551 -0.11148627937 -0.0969264541976 0.499988833792 -0.220978880271 -4.34636038925e-06 -0.123608305321 -0.11814882192
84.7 200 122 21.287326 -0.111545637594 -0.0968918246798 0.499988747495 -0.220978862205 -4.29640776171e-06 -0.123608291 -0.118150889347
84.8 200 128 62.66401 -0.111604915256 -0.0968567709886 0.499988662292 -0.220978843065 -4.2426230239e-06 -0.123608276814 -0.118153026974
84.9 200 127 18.640142 -0.111664114334 -0.0968213125465 0.499988578185 -0.220978821593 -4.18437398356e-06 -0.123608261752 -0.118155236488
85 200 133 79.909653 -0.111723216145 -0.0967854536309 0.499988495273 -0.220978800556 -4.12782690636e-06 -0.123608247105 -0.11815751907
85.1 200 134 20.752182 -0.111782212407 -0.0967492038771 0.49998841334 -0.220978778801 -4.0716132461e-06 -0.12360823228 -0.118159872756
85.2 200 159 25.12808 -0.111841097093 -0.0967125751546 0.499988332711 -0.22097875627 -4.01226071808e-06 -0.123608217444 -0.118162295144
85.3 200 191 135.336366 -0.111899861481 -0.09667557728 0.499988253292 -0.220978733656 -3.9519168313e-06 -0.123608202901 -0.118164784429
85.4 200 129 24.455347 -0.111958497401 -0.0966382224244 0.499988174781 -0.220978707832 -3.90996557228e-06 -0.123608186749 -0.118167337703
85.5 200 137 18.662169 -0.112017005049 -0.0966005270645 0.49998809816 -0.220978689293 -3.81188548682e-06 -0.123608175863 -0.118169952603
85.6 200 129 45.013493 -0.112075367839 -0.0965624982518 0.499988022644 -0.220978662595 -3.75566773473e-06 -0.123608160706 -0.118172624442
85.7 200 121 17.420113 -0.112133605672 -0.0965241605763 0.499987949221 -0.220978603815 -3.65054467044e-06 -0.123608138755 -0.118175344777
85.8 200 116 20.693669 -0.112191702516 -0.096485516694 0.499987877154 -0.220978580463 -3.58634227482e-06 -0.123608121077 -0.118178113459
85.9 200 165 107.424284 -0.112249658405 -0.0964465821009 0.499987806228 -0.220978546393 -3.52976921413e-06 -0.123608104146 -0.118180926316
86 200 118 17.830533 -0.112307477686 -0.0964073688363 0.499987736523 -0.22097851386 -3.47553615717e-06 -0.12360808872 -0.118183775581
86.1 190 149 81.330601 -0.112365154314 -0.0963678822592 0.499987667955 -0.220978479845 -3.41437890989e-06 -0.123608072587 -0.118186652782
86.2 192 137 54.082395 -0.112422697456 -0.0963281461697 0.499987600514 -0.220978454484 -3.36313011911e-06 -0.123608059606 -0.11818955372
86.3 194 127 56.389444 -0.112480105234 -0.0962881630558 0.499987534144 -0.220978421848 -3.30333783029e-06 -0.123608046498 -0.118192467355
86.4 196 121 18.84289 -0.112537396371 -0.0962479519162 0.499987468881 -0.220978393343 -3.24926821436e-06 -0.123608034361 -0.118195392372
86.5 198 120 21.567988 -0.112594563075 -0.096207516478 0.499987404606 -0.220978365009 -3.20358814539e-06 -0.123608022764 -0.118198319522
86.6 200 124 56.839139 -0.112651604704 -0.0961668665783 0.499987341234 -0.220978339236 -3.15941692802e-06 -0.123608012661 -0.118201241662
86.7 200 116 84.766506 -0.112708541963 -0.0961260090005 0.499987278726 -0.220978313596 -3.11477669416e-06 -0.12360800339 -0.118204150582
86.8 200 122 17.155993 -0.112765384427 -0.0960849529992 0.499987217016 -0.220978292981 -3.07195679561e-06 -0.123607996787 -0.118207039765
86.9 200 119 16.869776 -0.112822132567 -0.0960437050445 0.499987156241 -0.220978271055 -3.03417367309e-06 -0.123607990031 -0.118209905287
87 200 121 77.380057 -0.112878781993 -0.0960022652637 0.499987096212 -0.220978253375 -2.99779056708e-06 -0.12360798561 -0.118212738003
87.1 200 131 72.998937 -0.112935356059 -0.0959606420349 0.499987036806 -0.220978233941 -2.96117758914e-06 -0.12360798121 -0.11821553228
87.2 200 127 76.685352 -0.11299186487 -0.0959188341211 0.499986978107 -0.220978221559 -2.92688561056e-06 -0.123607980313 -0.118218281615
87.3 200 136 50.105913 -0.113048311862 -0.0958768536832 0.499986920082 -0.220978206877 -2.89390061555e-06 -0.123607979092 -0.118220978362
87.4 200 153 75.76154 -0.113104708344 -0.0958346951554 0.499986862744 -0.220978199973 -2.8619170367e-06 -0.123607981652 -0.11822362175
87.5 200 152 40.476965 -0.113161060992 -0.09579236494 0.499986806197 -0.220978192357 -2.82980924051e-06 -0.123607984151 -0.118226207845
87.6 200 124 20.108375 -0.113217374574 -0.095749859022 0.4999867501 -0.22097818764 -2.80522195541e-06 -0.123607989143 -0.11822873052
87.7 182 151 125.040795 -0.113273661099 -0.0957071628413 0.499986695026 -0.220978172083 -2.75317441143e-06 -0.123607993152 -0.118231186659
87.8 182 118 28.063035 -0.113329921892 -0.0956642973852 0.499986640185 -0.220978165124 -2.74773214372e-06 -0.123607998866 -0.118233572393
87.9 184 121 32.507233 -0.113386172433 -0.0956212486687 0.499986585968 -0.220978148669 -2.71052799767e-06 -0.123608001739 -0.118235888243
88 186 115 46.149474 -0.113442413055 -0.0955780117039 0.499986532291 -0.220978131241 -2.6845915527e-06 -0.12360800638 -0.118238130838
88.1 188 123 58.426864 -0.113498648264 -0.0955345736745 0.499986480914 -0.22097808852 -2.56999128914e-06 -0.123608004091 -0.118240297491
88.2 190 130 51.781407 -0.113554880217 -0.0954909336187 0.499986431308 -0.220978081255 -2.47726955806e-06 -0.123608009043 -0.118242394602
88.3 192 138 58.331997 -0.11361111033 -0.0954470937635 0.499986382637 -0.220978048906 -2.43276129732e-06 -0.123608003042 -0.118244419247
88.4 194 153 22.788816 -0.113667363751 -0.0954030538699 0.499986334502 -0.220978021752 -2.40874934061e-06 -0.123608005496 -0.118246373582
88.5 196 136 80.240365 -0.113723615204 -0.095358787982 0.499986286564 -0.220977999912 -2.39981983551e-06 -0.123608007435 -0.118248259825
88.6 198 124 21.273704 -0.11377988396 -0.0953142975489 0.49998623937 -0.220977971372 -2.36086592022e-06 -0.123608007947 -0.11825007963
88.7 200 119 25.510948 -0.113836159593 -0.0952695789792 0.499986192695 -0.220977947659 -2.33726766792e-06 -0.123608010823 -0.118251838375
88.8 200 130 78.591397 -0.11389243962 -0.0952246100804 0.499986146492 -0.220977924548 -2.31281023957e-06 -0.123608018663 -0.118253539079
88.9 200 119 25.370634 -0.113948745043 -0.0951794050704 0.499986100748 -0.220977901989 -2.28827511146e-06 -0.123608017642 -0.118255181243
89 200 135 22.289027 -0.11400505166 -0.0951339419483 0.49998605554 -0.220977881761 -2.26191121695e-06 -0.123608020977 -0.118256776052
89.1 200 139 96.222403 -0.114061359949 -0.0950882181719 0.499986010882 -0.220977860296 -2.23283569924e-06 -0.123608028205 -0.118258325243
89.2 200 163 26.408755 -0.114117672926 -0.0950422167815 0.499985966814 -0.220977840035 -2.19846607681e-06 -0.123608033366 -0.118259831459
89.3 200 124 27.490099 -0.114173972751 -0.0949959366677 0.499985923337 -0.220977825372 -2.16863592152e-06 -0.123608039636 -0.118261306909
89.4 200 163 153.103192 -0.114230259194 -0.0949493778929 0.499985880924 -0.220977802468 -2.11430766316e-06 -0.123608043274 -0.11826275884
89.5 200 122 34.298298 -0.114286527278 -0.0949025253242 0.499985839182 -0.220977785455 -2.08300688344e-06 -0.123608049476 -0.118264185926
89.6 200 123 28.462692 -0.114342765564 -0.0948553805754 0.499985798598 -0.220977760411 -2.01668541135e-06 -0.123608050991 -0.118265598311
89.7 200 170 88.919395 -0.11439896333 -0.0948079378833 0.499985759031 -0.220977736061 -1.96427048748e-06 -0.123608056902 -0.118267004295
89.8 200 118 27.293089 -0.114455118812 -0.0947601956537 0.499985720339 -0.220977723986 -1.92066776264e-06 -0.123608065766 -0.118268407442
89.9 200 137 89.630977 -0.114511208474 -0.0947121315917 0.499985683362 -0.220977697717 -1.82743455592e-06 -0.123608072207 -0.11826981631
90 200 131 61.165807 -0.114567233452 -0.0946637677827 0.499985647721 -0.220977669985 -1.75359863649e-06 -0.123608071721 -0.118271236565
90.1 200 124 44.371583 -0.114623192785 -0.0946151001978 0.499985613586 -0.22097764415 -1.67532651656e-06 -0.123608071019 -0.118272671783
90.2 200 120 17.043374 -0.114679058726 -0.0945661267118 0.499985581115 -0.220977618214 -1.59686328756e-06 -0.123608076129 -0.11827413508
90.3 200 118 17.68021 -0.114734828591 -0.0945168474132 0.499985550313 -0.220977589012 -1.5086226003e-06 -0.123608082263 -0.118275626089
90.4 200 130 23.367108 -0.114790490263 -0.0944672626174 0.499985521324 -0.220977558569 -1.41471542353e-06 -0.123608085533 -0.118277152003
90.5 196 120 18.248044 -0.114846034099 -0.0944173755391 0.499985494295 -0.220977525963 -1.31369417155e-06 -0.123608088621 -0.118278717634
90.6 198 132 45.910955 -0.114901440794 -0.0943671882743 0.49998546932 -0.220977492016 -1.20675941085e-06 -0.123608090384 -0.118280328174
90.7 200 134 65.032671 -0.114956692206 -0.0943167045121 0.499985446377 -0.220977455765 -1.0959946541e-06 -0.123608094923 -0.118281986033
90.8 200 128 82.191015 -0.115011803594 -0.0942659392157 0.499985425891 -0.220977416467 -9.72758363057e-07 -0.123608094857 -0.118283692658
90.9 200 135 83.64537 -0.115066740981 -0.0942148917326 0.499985407854 -0.220977375395 -8.45961152031e-07 -0.123608089817 -0.118285452402
91 200 127 57.768089 -0.115121516124 -0.0941635648733 0.499985392451 -0.22097733288 -7.10566223151e-07 -0.123608095851 -0.118287270741
91.1 200 128 55.586636 -0.115176123447 -0.0941119747285 0.499985379803 -0.22097728742 -5.71126444749e-07 -0.12360809559 -0.118289147056
91.2 200 127 24.571036 -0.115230531818 -0.094060121448 0.499985370004 -0.220977247123 -4.31588540961e-07 -0.1236080941 -0.118291083578
91.3 200 133 20.067198 -0.115284754637 -0.0940080268444 0.499985363326 -0.220977192088 -2.70396574459e-07 -0.123608089854 -0.11829308124
91.4 200 132 58.141213 -0.115338765599 -0.0939556906793 0.499985359794 -0.220977137909 -1.09984013669e-07 -0.123608084396 -0.118295136696
91.5 200 122 31.225873 -0.115392568014 -0.0939031288111 0.499985359402 -0.220977078972 5.24840594778e-08 -0.123608076019 -0.118297249152
91.6 200 127 36.745445 -0.115446167747 -0.0938503540612 0.499985362349 -0.22097701727 2.18534300272e-07 -0.123608069134 -0.118299420095
91.7 200 121 20.220504 -0.115499546742 -0.093797372048 0.499985368323 -0.220976957929 3.69671891945e-07 -0.123608059797 -0.118301644012
91.8 200 115 30.595028 -0.115552702063 -0.0937441966535 0.499985378026 -0.220976885387 5.5888922496e-07 -0.123608048705 -0.118303923778
91.9 200 120 18.712721 -0.115605644217 -0.0936908420162 0.49998539117 -0.220976814174 7.32414177694e-07 -0.123608039042 -0.118306248331
92 200 128 51.64095 -0.115658360423 -0.0936373180808 0.499985407775 -0.220976737901 9.07610748914e-07 -0.123608023352 -0.118308621955
92.1 200 134 40.64653 -0.115710850163 -0.0935836490211 0.499985427931 -0.220976662528 1.08832031025e-06 -0.123608000419 -0.118311035627
92.2 200 119 20.713295 -0.115763122784 -0.0935298235353 0.499985451743 -0.220976577358 1.26934673694e-06 -0.1236079905 -0.118313483168
92.3 200 123 28.879415 -0.115815175251 -0.0934758595216 0.499985479143 -0.220976489907 1.44899082072e-06 -0.123607973583 -0.118315966272
92.4 200 133 55.733696 -0.115866999707 -0.0934217731598 0.49998551015 -0.220976399864 1.63118250571e-06 -0.123607955014 -0.118318473806
92.5 200 138 69.52593 -0.115918595074 -0.0933675656292 0.499985544766 -0.220976304756 1.81069941165e-06 -0.123607935042 -0.118321000266
92.6 200 127 18.7546 -0.115970008869 -0.0933132635823 0.499985582954 -0.220976207178 1.9901545877e-06 -0.123607923244 -0.118323543878
92.7 200 125 74.120979 -0.116021216009 -0.0932588659496 0.499985624778 -0.220976107647 2.16710279767e-06 -0.123607900191 -0.118326095437
92.8 200 123 20.716058 -0.116072226719 -0.0932043836236 0.499985670074 -0.220976000084 2.34696631217e-06 -0.123607869797 -0.118328648651
92.9 200 138 17.497609 -0.11612304044 -0.0931498271787 0.499985718971 -0.220975892589 2.51834331874e-06 -0.12360784313 -0.118331200028
93 200 127 24.845273 -0.116173669208 -0.0930951994199 0.499985771273 -0.220975780325 2.68761125324e-06 -0.123607821416 -0.118333740897
93.1 198 134 44.148385 -0.116224113612 -0.0930405134376 0.499985826945 -0.220975666621 2.85286361044e-06 -0.123607795105 -0.118336266581
93.2 200 144 42.793915 -0.116274393194 -0.0929857624781 0.499985885858 -0.220975549994 3.01582118077e-06 -0.123607772233 -0.11833877164
93.3 200 137 43.127996 -0.11632451564 -0.092930963062 0.499985948061 -0.22097542932 3.17854228382e-06 -0.123607745479 -0.118341246918
93.4 200 118 34.31162 -0.116374482116 -0.0928761124069 0.499986013392 -0.220975305608 3.33114590314e-06 -0.123607715687 -0.118343690956
93.5 200 130 68.057858 -0.116424300597 -0.092821218246 0.499986081741 -0.220975179056 3.47882646145e-06 -0.12360768602 -0.118346098059
93.6 200 147 58.187863 -0.116473991495 -0.0927662848466 0.499986152994 -0.220975046715 3.62210887721e-06 -0.123607649207 -0.118348459135
93.7 200 131 50.857089 -0.116523551537 -0.0927113039794 0.499986227114 -0.22097491182 3.75916645515e-06 -0.123607616472 -0.118350776119
93.8 200 129 54.642207 -0.116572993597 -0.0926562779522 0.499986303794 -0.220974776083 3.89090938131e-06 -0.123607584884 -0.118353043716
93.9 200 117 22.969698 -0.116622327494 -0.0926012192427 0.499986383066 -0.22097463571 4.01328790781e-06 -0.123607544539 -0.118355254395
94 200 126 88.930311 -0.116671566252 -0.0925461124514 0.499986464801 -0.220974495105 4.12962437485e-06 -0.123607515325 -0.118357408088
94.1 200 123 23.004037 -0.116720710459 -0.0924909594056 0.499986548919 -0.220974350069 4.24312745787e-06 -0.123607480002 -0.118359503339
94.2 198 146 21.544525 -0.116769768155 -0.0924357589264 0.499986635097 -0.220974204648 4.34482956629e-06 -0.123607442314 -0.118361534582
94.3 200 120 29.556076 -0.11681874412 -0.0923805029969 0.4999867232 -0.220974055933 4.43780410265e-06 -0.123607407921 -0.118363503713
94.4 200 134 33.508995 -0.116867645459 -0.0923251906475 0.499986813078 -0.220973905846 4.52263816631e-06 -0.123607369573 -0.118365409164
94.5 200 128 33.469078 -0.116916481732 -0.092269816486 0.499986904752 -0.220973757567 4.60771564804e-06 -0.123607335793 -0.11836724995
94.6 200 118 18.907235 -0.116965250906 -0.0922143753289 0.499986997968 -0.220973590079 4.68032775649e-06 -0.123607297669 -0.118369029344
94.7 200 118 31.694488 -0.117013959018 -0.0921588588496 0.499987092659 -0.220973431749 4.75150551241e-06 -0.12360726355 -0.118370744964
94.8 198 124 34.570506 -0.117062607463 -0.0921032607945 0.499987188578 -0.220973269358 4.8072809561e-06 -0.123607229574 -0.118372400962
94.9 198 144 21.625788 -0.117111202217 -0.0920475784922 0.499987285486 -0.220973108636 4.85149458156e-06 -0.123607196473 -0.118373998145
95 170 172 191.426397 -0.117159730546 -0.0919918104969 0.49998738312 -0.220972946833 4.88697411022e-06 -0.123607163768 -0.118375539523
95.1 122 122 17.613937 -0.117208220943 -0.0919359335007 0.499987481202 -0.2209727959 4.89962379901e-06 -0.123607133665 -0.118377026328
95.2 124 126 17.705675 -0.117256653198 -0.0918799457494 0.499987579477 -0.220972643758 4.91127756801e-06 -0.123607104221 -0.11837846646
95.3 126 127 20.807153 -0.117305027305 -0.0918238468251 0.499987678069 -0.220972477124 4.92339591091e-06 -0.12360707235 -0.11837986211
95.4 128 132 15.470791 -0.117353342191 -0.0917676245686 0.499987776974 -0.220972309269 4.93501306941e-06 -0.123607040929 -0.118381217981
95.5 130 131 16.777427 -0.117401592677 -0.0917112732066 0.499987876518 -0.220972126066 4.96094843674e-06 -0.123607007167 -0.118382541285
95.6 132 141 32.812202 -0.11744978057 -0.0916547914774 0.499987976637 -0.22097193643 4.98520406193e-06 -0.123606972287 -0.118383831074
95.7 134 127 17.285374 -0.117497898975 -0.0915981670718 0.499988076583 -0.220971776203 4.97443129067e-06 -0.123606943054 -0.118385093493
95.8 136 128 12.401466 -0.117545938209 -0.0915414000256 0.499988176068 -0.220971613909 4.94720540923e-06 -0.123606913493 -0.118386344118
95.9 138 144 16.659398 -0.117593896018 -0.0914844832415 0.499988274968 -0.220971454018 4.91548125153e-06 -0.123606885362 -0.118387580441
96 136 134 21.609149 -0.117641764198 -0.0914274123109 0.499988373166 -0.220971295973 4.87810182521e-06 -0.123606857075 -0.118388808576
96.1 138 134 32.196782 -0.117689537442 -0.0913701868555 0.499988470523 -0.220971141523 4.8345938903e-06 -0.12360682945 -0.118390038008
96.2 140 123 10.196511 -0.117737206521 -0.0913127992592 0.499988567004 -0.22097098899 4.78831944769e-06 -0.123606801103 -0.118391272073
96.3 142 129 21.314035 -0.117784759187 -0.0912552537574 0.499988662516 -0.220970840114 4.73871692115e-06 -0.123606774672 -0.118392515932
96.4 144 128 26.591566 -0.117832193567 -0.0911975472991 0.499988757019 -0.220970694013 4.6880400685e-06 -0.123606748312 -0.118393774691
96.5 146 127 16.761903 -0.117879499923 -0.0911396781665 0.499988850459 -0.22097055092 4.63450534926e-06 -0.12360672159 -0.118395056258
96.6 148 118 22.125876 -0.117926667156 -0.091081649537 0.4999889428 -0.220970411077 4.57860546024e-06 -0.123606695659 -0.118396362996
96.7 150 128 20.005284 -0.117973688496 -0.0910234616 0.499989033997 -0.220970274643 4.52033820363e-06 -0.123606668829 -0.118397700529
96.8 152 135 38.339691 -0.118020553466 -0.0909651201467 0.499989124059 -0.220970140794 4.46317703429e-06 -0.123606641528 -0.118399074606
96.9 154 166 23.180021 -0.118067253691 -0.0909066215754 0.499989212945 -0.220970010475 4.40590555337e-06 -0.123606615016 -0.118400487402
97 156 142 21.589979 -0.118113781902 -0.0908479771763 0.499989300511 -0.220969893194 4.33964949549e-06 -0.123606590696 -0.118401942751
97.1 140 165 19.704557 -0.118160128555 -0.090789190577 0.499989387274 -0.220969752744 4.29882056321e-06 -0.123606560871 -0.118403446893
97.2 142 139 30.088135 -0.118206284191 -0.0907302688831 0.499989472536 -0.220969644096 4.22589017909e-06 -0.123606536442 -0.118404995479
97.3 144 142 42.671487 -0.118252244448 -0.0906712164627 0.499989556574 -0.220969531161 4.16693037558e-06 -0.123606509826 -0.118406596591
97.4 146 141 44.085466 -0.11829800301 -0.0906120450067 0.499989640113 -0.220969386393 4.14015566947e-06 -0.123606475472 -0.118408248401
97.5 148 142 48.458237 -0.118343551866 -0.0905527576307 0.499989723191 -0.220969224758 4.11458824671e-06 -0.123606437362 -0.118409950688
97.6 150 130 27.425727 -0.11838888518 -0.0904933608143 0.499989805407 -0.220969076681 4.07069774978e-06 -0.123606399714 -0.118411701176
97.7 152 130 24.195728 -0.118434003331 -0.0904338664119 0.499989887514 -0.22096890917 4.06002882148e-06 -0.123606358315 -0.118413510235
97.8 154 135 43.225614 -0.11847889285 -0.0903742881733 0.499989969289 -0.220968782242 4.04319249475e-06 -0.123606323235 -0.118415370625
97.9 156 126 37.257091 -0.118523555887 -0.0903146291403 0.499990049977 -0.220968661689 3.99083765274e-06 -0.12360628789 -0.11841728545
98 158 128 48.212318 -0.118567989868 -0.090254905779 0.49999012925 -0.220968553449 3.92193465178e-06 -0.123606253492 -0.118419253126
98.1 160 137 44.820925 -0.118612194186 -0.0901951230861 0.499990207198 -0.220968453921 3.85766646265e-06 -0.123606220122 -0.118421270685
98.2 162 134 21.985021 -0.1186561656 -0.0901352927667 0.499990283916 -0.220968361343 3.79603852752e-06 -0.123606186899 -0.118423332366
98.3 164 135 19.387448 -0.118699906697 -0.090075424747 0.499990359417 -0.220968275435 3.73613071972e-06 -0.123606154799 -0.118425438092
98.4 166 156 195.487592 -0.118743417181 -0.0900155345519 0.499990433745 -0.220968198437 3.68097419728e-06 -0.12360612311 -0.118427581309
98.5 168 127 23.693141 -0.118786696785 -0.0899556265395 0.499990506816 -0.220968134144 3.61395870783e-06 -0.12360609288 -0.118429755728
98.6 170 179 23.079536 -0.118829753114 -0.0898957111412 0.499990578999 -0.220968053798 3.57690453707e-06 -0.123606058975 -0.118431963144
98.7 172 136 32.56825 -0.118872583916 -0.0898357985796 0.499990649965 -0.220968010366 3.52028868881e-06 -0.123606031658 -0.118434191452
98.8 174 172 21.795916 -0.118915199817 -0.0897759000065 0.499990720013 -0.220967971617 3.47808744332e-06 -0.123606004112 -0.118436438273
98.9 176 142 24.222166 -0.118957599547 -0.0897160221096 0.49999078911 -0.220967948009 3.43609166281e-06 -0.123605979467 -0.11843869931
99 172 129 21.99172 -0.118999792732 -0.0896561789593 0.499990857545 -0.220967926587 3.40611551924e-06 -0.123605954121 -0.118440973134
99.1 174 128 21.215932 -0.119041789455 -0.0895963762917 0.499990925463 -0.220967914577 3.38477056811e-06 -0.123605929937 -0.118443246596
99.2 176 138 54.029292 -0.119083591206 -0.0895366174009 0.499990992998 -0.220967910625 3.37176247274e-06 -0.123605907388 -0.118445522515
99.3 178 129 17.037407 -0.11912520268 -0.0894769094116 0.499991060501 -0.220967889565 3.3752824851e-06 -0.123605880523 -0.118447784299
99.4 180 127 18.014072 -0.119166634607 -0.0894172595064 0.499991128044 -0.220967899458 3.38077895877e-06 -0.123605860144 -0.118450031833
99.5 182 131 70.004403 -0.119207894994 -0.0893576755008 0.499991195821 -0.220967915798 3.39687856994e-06 -0.123605840954 -0.118452262437
99.6 184 133 24.419086 -0.119248995789 -0.0892981539807 0.499991264022 -0.220967912463 3.42434991772e-06 -0.123605817137 -0.118454466169
99.7 186 126 21.990474 -0.11928994319 -0.0892387024999 0.49999133273 -0.220967936371 3.45162036577e-06 -0.123605799187 -0.118456638096
99.8 188 132 23.235755 -0.119330741694 -0.0891793222651 0.49999140221 -0.220967958738 3.49446210073e-06 -0.123605781345 -0.118458780983
99.9 190 130 29.401232 -0.119371404038 -0.0891200156332 0.499991472453 -0.220967985129 3.53725272948e-06 -0.123605763821 -0.118460874383
100 192 156 24.818634 -0.119411939564 -0.089060781499 0.499991543756 -0.220968009534 3.59378149781e-06 -0.123605746096 -0.118462931111
