# SIAM quench evolution, spin-symmetric FBR
# n0(t=0)=1  E_gs(ref)=-158.222021525
# t  n_active  bond_dim  wall_s  n0  energy
0 2 1 0.300195 1 -1000
0.1 4 2 0.759534 0.999949570018 -4.58324030565e-12
0.2 4 2 0.767905 0.999798419682 -8.4908008007e-05
0.3 4 2 0.763349 0.999546968298 -0.000254388529976
0.4 4 2 0.765108 0.999195912058 -0.000507772179088
0.5 4 2 0.589372 0.99874622009 -0.000844059649124
0.6 4 2 0.769884 0.998199128973 -0.00126192742042
0.7 4 2 0.590881 0.997556135755 -0.00175973530174
0.8 4 2 0.763914 0.996818989545 -0.00233553576182
0.9 4 2 0.762278 0.995989681733 -0.00298708498769
1 4 2 0.59333 0.995070434929 -0.0037118555954
1.1 4 2 0.58897 0.994063690696 -0.00450705090785
1.2 4 2 0.775136 0.992972096186 -0.00536962070377
1.3 4 2 0.781228 0.991798489772 -0.00629627833279
1.4 4 2 0.598128 0.990545885447 -0.00728351918397
1.5 4 2 0.776844 0.989217457673 -0.00832763991951
1.6 4 2 0.601276 0.987816524176 -0.00942475914672
1.7 4 2 0.776459 0.986346528676 -0.0105708387489
1.8 4 2 0.5993 0.984811023379 -0.011761705974
1.9 4 2 0.777167 0.983213651092 -0.0129930760983
2 4 2 0.777911 0.981558127187 -0.0142605755226
2.1 4 2 0.599079 0.979848221536 -0.0155597651484
2.2 4 2 0.597315 0.978087740527 -0.0168861638859
2.3 4 2 0.771526 0.976280509295 -0.018235272141
2.4 4 2 0.598638 0.974430354256 -0.0196025951338
2.5 4 2 0.773361 0.972541086075 -0.020983665899
2.6 4 2 0.774014 0.970616483145 -0.0223740678276
2.7 4 2 0.775412 0.968660275685 -0.0237694566076
2.8 4 2 0.773394 0.966676130529 -0.0251655814324
2.9 4 2 0.595362 0.964667636696 -0.0265583053471
3 4 2 0.597606 0.962638291804 -0.0279436246137
3.1 4 2 0.599555 0.960591489382 -0.0293176869824
3.2 4 2 0.599048 0.958530507145 -0.0306768087652
3.3 4 2 0.585033 0.956458496267 -0.0320174906175
3.4 4 2 0.591173 0.954378471693 -0.0333364319437
3.5 6 3 0.761924 0.952293303 -0.0346305437898
3.6 6 3 0.762475 0.950205707471 -0.0358969613873
3.7 6 3 0.764381 0.948118243681 -0.0371330523385
3.8 6 3 0.765302 0.94603330596 -0.0383364255827
3.9 6 3 0.765677 0.943953120127 -0.0395049380378
4 6 3 0.763684 0.941879740311 -0.0406366995935
4.1 6 3 0.775218 0.939815046836 -0.0417300764738
4.2 6 3 0.775432 0.937760745142 -0.0427836928944
4.3 6 3 0.779655 0.935718365735 -0.0437964311162
4.4 6 3 0.776932 0.933689265106 -0.0447674299779
4.5 6 3 0.77476 0.9316746276 -0.0456960817219
4.6 6 3 0.768679 0.929675468181 -0.0465820274472
4.7 8 4 0.766185 0.927692635973 -0.0474251511042
4.8 8 4 0.598201 0.925726819607 -0.0482255724872
4.9 8 4 0.596899 0.923778550916 -0.0489836377281
5 8 4 0.770492 0.921848211658 -0.0496999092775
5.1 8 4 0.777566 0.919936039626 -0.0503751553575
5.2 8 4 0.599721 0.918042136065 -0.0510103374589
5.3 8 4 0.601123 0.916166473169 -0.0516065977729
5.4 8 4 0.601601 0.914308902169 -0.0521652450283
5.5 8 4 0.779353 0.912469161816 -0.0526877400551
5.6 8 4 0.777934 0.910646886994 -0.0531756806578
5.7 8 4 0.600557 0.908841618198 -0.0536307859111
5.8 8 4 0.598724 0.90705281065 -0.0540548801667
5.9 8 4 0.60092 0.905279843712 -0.0544498773098
6 8 4 0.604242 0.903522030233 -0.0548177642796
6.1 8 4 0.610148 0.901778626145 -0.0551605848324
6.2 8 4 0.609376 0.900048839923 -0.0554804234107
6.3 8 4 0.610883 0.89833184194 -0.0557793892448
6.4 8 4 0.613538 0.896626773582 -0.0560596007839
6.5 8 4 0.79266 0.894932756439 -0.0563231703927
6.6 8 4 0.611809 0.893248900758 -0.056572189952
6.7 8 4 0.614235 0.891574314032 -0.0568087169811
6.8 8 4 0.616079 0.889908108923 -0.0570347612833
6.9 8 4 0.614133 0.888249410824 -0.0572522724728
7 8 4 0.79214 0.886597365254 -0.0574631282615
7.1 8 4 0.786992 0.884951144316 -0.0576691240035
7.2 12 4 0.786876 0.883309952708 -0.0578719630047
7.3 12 4 0.625506 0.881673034103 -0.0580732472282
7.4 8 4 0.804282 0.880039675523 -0.0582744700554
7.5 8 4 0.610227 0.878409211717 -0.0584770097112
7.6 8 4 0.610838 0.876781029688 -0.0586821238619
7.7 8 4 0.611184 0.875154571806 -0.0588909448602
7.8 8 4 0.610554 0.873529338141 -0.0591044767364
7.9 8 4 0.604504 0.871904888727 -0.0593235929366
8 8 4 0.601324 0.870280845013 -0.0595490352165
8.1 8 4 0.602191 0.868656890745 -0.0597814135973
8.2 8 4 0.602215 0.867032772253 -0.060021207351
8.3 8 4 0.600221 0.865408298179 -0.0602687669788
8.4 8 4 0.607683 0.863783338673 -0.0605243171379
8.5 8 4 0.610605 0.862157824064 -0.0607879604666
8.6 8 4 0.606758 0.86053174306 -0.0610596822502
8.7 8 4 0.607482 0.858905140482 -0.0613393558683
8.8 8 4 0.608059 0.857278114598 -0.0616267489555
8.9 8 4 0.771699 0.855650814022 -0.0619215302342
9 8 4 0.748712 0.854023434439 -0.0622232768162
9.1 8 4 0.753426 0.852396214803 -0.0625314821479
9.2 8 4 0.768516 0.850769433425 -0.0628455642785
9.3 8 4 0.771228 0.849143403812 -0.0631648744894
9.4 8 4 0.769606 0.847518470341 -0.0634887061827
9.5 8 4 0.769291 0.845895003804 -0.063816303949
9.6 8 4 0.769915 0.844273396872 -0.0641468727338
9.7 8 4 0.771121 0.842654059521 -0.0644795870264
9.8 8 4 0.780557 0.841037414463 -0.0648135999933
9.9 8 4 0.602206 0.839423892707 -0.0651480524197
10 8 4 0.601575 0.837813928834 -0.0654820816979
10.1 8 4 0.602547 0.836207956938 -0.0658148301879
10.2 8 4 0.600172 0.834606406363 -0.0661454534804
10.3 8 4 0.602261 0.833009697708 -0.0664731282133
10.4 10 5 0.602009 0.831418238688 -0.0667970593277
10.5 10 5 0.792765 0.829832420836 -0.0671164889082
10.6 10 5 0.798293 0.828252616624 -0.0674306988165
10.7 10 5 0.800753 0.826679176443 -0.0677390186028
10.8 10 5 0.795147 0.825112425489 -0.0680408303702
10.9 10 5 0.8011 0.82355266168 -0.0683355732218
11 10 5 0.798551 0.822000153418 -0.0686227471495
11.1 10 5 0.796645 0.82045513802 -0.0689019162165
11.2 10 5 0.796823 0.818917820238 -0.0691727098244
11.3 10 5 0.798268 0.817388371314 -0.0694348284742
11.4 10 5 0.797532 0.815866928262 -0.0696880403172
11.5 10 5 0.794811 0.814353593489 -0.0699321838431
11.6 10 5 0.794381 0.812848434893 -0.0701671673461
11.7 10 5 0.796484 0.811351485829 -0.0703929684026
11.8 10 5 0.795412 0.809862746128 -0.070609631706
11.9 10 5 0.797043 0.808382182755 -0.0708172677094
12 10 5 0.79628 0.806909730988 -0.0710160497227
12.1 10 5 0.796656 0.805445295966 -0.0712062109462
12.2 10 5 0.796751 0.803988754249 -0.0713880411044
12.3 12 5 0.789629 0.802539955682 -0.0715618821203
12.4 12 5 0.616248 0.801098725449 -0.0717281239546
12.5 12 5 0.617136 0.799664866662 -0.0718872000193
12.6 12 5 0.615164 0.798238162496 -0.072039581801
12.7 12 5 0.61526 0.796818378673 -0.0721857741545
12.8 12 5 0.613689 0.795405266096 -0.0723263097465
12.9 12 5 0.616523 0.793998563605 -0.0724617436284
13 12 5 0.791391 0.792598000766 -0.0725926474574
13.1 12 5 0.791146 0.79120330015 -0.0727196044272
13.2 12 5 0.800922 0.789814180878 -0.0728432034975
13.3 12 5 0.625292 0.788430359929 -0.072964033558
13.4 12 5 0.627035 0.787051556734 -0.0730826786034
13.5 12 5 0.803067 0.785677494574 -0.0731997120626
13.6 12 5 0.627811 0.784307902071 -0.0733156941569
13.7 12 5 0.627378 0.782942517997 -0.0734311637938
13.8 12 5 0.619343 0.781581091287 -0.0735466370753
13.9 12 5 0.624585 0.780223383819 -0.073662600216
14 12 5 0.623318 0.778869172299 -0.0737795074859
14.1 12 5 0.625748 0.77751824987 -0.0738977779721
14.2 12 5 0.800062 0.776170427897 -0.0740177961254
14.3 12 5 0.797277 0.77482553631 -0.0741398975126
14.4 12 5 0.623661 0.773483425556 -0.0742643836122
14.5 12 5 0.621034 0.772143968784 -0.0743915182458
14.6 12 5 0.62107 0.770807059529 -0.0745215051429
14.7 12 6 0.619198 0.769472613346 -0.0746545076856
14.8 12 7 0.618645 0.768140567847 -0.0747906070605
14.9 12 6 0.618033 0.766810883055 -0.0749299044003
15 12 6 0.619611 0.765483540811 -0.0750724234733
15.1 12 6 0.619162 0.764158544592 -0.0752181457215
15.2 12 6 0.620085 0.762835918709 -0.075367008164
15.3 12 6 0.615223 0.761515707503 -0.0755189084635
15.4 12 6 0.616185 0.760197974258 -0.0756737038557
15.5 12 6 0.615584 0.758882800069 -0.0758312148194
15.6 12 6 0.615524 0.757570282532 -0.0759912277825
15.7 12 6 0.619335 0.756260534291 -0.0761534981168
15.8 12 6 0.624925 0.754953681523 -0.076317753297
15.9 12 6 0.627374 0.753649862252 -0.0764836963211
16 12 6 0.634318 0.752349224681 -0.0766510092441
16.1 12 6 0.627603 0.75105192528 -0.0768193568406
16.2 12 6 0.805459 0.749758127234 -0.0769883890639
16.3 12 6 0.626084 0.748467998125 -0.0771577497782
16.4 12 6 0.80449 0.747181709021 -0.0773270728231
16.5 12 6 0.808435 0.745899431408 -0.0774959917076
16.6 12 6 0.630101 0.74462133623 -0.0776641414493
16.7 12 6 0.807886 0.743347592143 -0.0778311609451
16.8 12 6 0.803934 0.742078363477 -0.0779966986995
16.9 12 6 0.628838 0.74081380857 -0.0781604150834
17 12 6 0.802444 0.73955407893 -0.0783219845977
17.1 12 6 0.627654 0.73829931682 -0.0784811004268
17.2 12 6 0.627349 0.73704965494 -0.0786374759911
17.3 12 6 0.805022 0.735805214652 -0.0787908472102
17.4 12 6 0.806263 0.734566104917 -0.0789409762971
17.5 12 6 0.793004 0.733332421832 -0.0790876514129
17.6 12 6 0.787106 0.732104247467 -0.0792306898251
17.7 12 7 0.792667 0.730881649531 -0.0793699391425
17.8 12 7 0.797727 0.729664680601 -0.0795052768279
17.9 12 7 0.795174 0.728453377916 -0.0796366128109
18 12 7 0.793767 0.727247763653 -0.0797638871902
18.1 12 7 0.794236 0.726047844359 -0.0798870735203
18.2 12 7 0.80839 0.724853611685 -0.0800061760137
18.3 12 7 0.807179 0.723665042115 -0.0801212307114
18.4 12 7 0.808594 0.722482097497 -0.0802323026623
18.5 12 8 0.809369 0.721304725982 -0.0803394856158
18.6 12 7 0.799674 0.72013286217 -0.0804429015197
18.7 12 7 0.794502 0.718966428343 -0.0805426990384
18.8 12 7 0.796258 0.71780533538 -0.0806390521262
18.9 12 7 0.796026 0.716649483411 -0.0807321525258
19 12 7 0.795973 0.715498763205 -0.0808222140766
19.1 12 7 0.792673 0.714353057071 -0.08090946788
19.2 12 7 0.794243 0.713212240253 -0.0809941600457
19.3 14 7 0.795761 0.712076181828 -0.0810765482329
19.4 16 7 0.805868 0.710944746593 -0.0811569002074
19.5 12 7 0.642456 0.709817796048 -0.0812354905087
19.6 12 7 0.805953 0.708695189661 -0.0813126012986
19.7 14 7 0.804528 0.707576786256 -0.081388511328
19.8 16 7 0.810919 0.706462445281 -0.0814635003109
19.9 16 7 0.821132 0.705352027873 -0.0815378444541
20 16 7 0.646792 0.704245398559 -0.0816118133303
20.1 16 7 0.823239 0.703142425656 -0.0816856684023
20.2 16 7 0.653741 0.702042982928 -0.0817596601766
20.3 12 7 0.657906 0.700946950506 -0.0818340247479
20.4 12 7 0.81839 0.699854216078 -0.0819089847124
20.5 12 7 0.819228 0.698764675542 -0.0819847450171
20.6 14 7 0.818521 0.697678233327 -0.0820614927976
20.7 12 7 0.828573 0.696594803583 -0.0821393949741
20.8 12 7 0.816284 0.695514310402 -0.0822185972556
20.9 12 7 0.814304 0.694436688955 -0.0822992233243
21 12 7 0.814482 0.693361885075 -0.0823813744931
21.1 12 7 0.816823 0.692289855765 -0.082465128609
21.2 12 7 0.813481 0.691220569292 -0.0825505400027
21.3 12 7 0.811859 0.690154005194 -0.0826376394501
21.4 12 7 0.814121 0.689090154169 -0.0827264343607
21.5 12 7 0.810416 0.688029017862 -0.0828169091863
21.6 12 7 0.812461 0.68697060855 -0.0829090260432
21.7 12 7 0.812948 0.685914948724 -0.0830027255376
21.8 12 7 0.818886 0.684862070582 -0.0830979277836
21.9 12 7 0.811496 0.683812015443 -0.0831945335989
22 12 7 0.809372 0.682764833071 -0.0832924258663
22.1 12 7 0.798084 0.681720580939 -0.0833914710424
22.2 12 7 0.79986 0.680679323426 -0.0834915207985
22.3 12 7 0.796991 0.679641130965 -0.083592413775
22.4 12 7 0.804046 0.678606078902 -0.0836939775277
22.5 12 7 0.802099 0.677574247002 -0.0837960304046
22.6 12 7 0.801437 0.676545718546 -0.083898383317
22.7 12 7 0.626656 0.675520579042 -0.0840008415626
22.8 12 7 0.627046 0.674498915134 -0.0841032076668
22.9 12 7 0.628097 0.673480813862 -0.0842052828567
23 12 7 0.800642 0.672466361587 -0.084306869355
23.1 14 7 0.634698 0.671455643359 -0.0844077716586
23.2 12 7 0.824591 0.67044874157 -0.0845077994472
23.3 12 7 0.637975 0.669445735379 -0.084606767403
23.4 12 7 0.638097 0.668446699728 -0.0847045020507
23.5 12 7 0.638464 0.667451704799 -0.0848008362292
23.6 12 7 0.637598 0.66646081513 -0.0848956152938
23.7 12 7 0.624275 0.665474089041 -0.0849886973038
23.8 12 7 0.62823 0.664491578061 -0.0850799542384
23.9 12 7 0.627928 0.663513326446 -0.0851692730574
24 12 7 0.627514 0.662539370769 -0.0852565565995
24.1 12 7 0.629021 0.661569739592 -0.0853417243106
24.2 12 7 0.626728 0.660604453222 -0.0854247127993
24.3 12 7 0.628856 0.659643523554 -0.0855054762156
24.4 12 7 0.627854 0.658686953993 -0.0855839864532
24.5 12 7 0.626668 0.657734739466 -0.085660233176
24.6 12 7 0.627296 0.656786866512 -0.0857342236706
24.7 12 7 0.629476 0.655843313452 -0.0858059825301
24.8 12 7 0.618621 0.654904050642 -0.0858755511745
24.9 12 7 0.607418 0.653969040791 -0.0859429872146
25 12 7 0.611492 0.653038239354 -0.0860083636685
25.1 12 7 0.614871 0.652111594988 -0.0860717680408
25.2 12 7 0.613063 0.651189050067 -0.0861333012747
25.3 12 7 0.613277 0.650270541251 -0.0861930765908
25.4 12 7 0.613516 0.649356000098 -0.0862512182229
25.5 12 7 0.620179 0.648445353722 -0.0863078600683
25.6 12 7 0.615615 0.647538525479 -0.0863631442633
25.7 12 7 0.607256 0.64663543568 -0.0864172197018
25.8 12 7 0.604935 0.645736002325 -0.0864702405103
25.9 12 7 0.605126 0.644840141846 -0.0865223644956
26 12 7 0.606356 0.643947769858 -0.0865737515812
26.1 12 7 0.623584 0.643058801894 -0.0866245622461
26.2 12 7 0.640231 0.642173154149 -0.0866749559824
26.3 12 7 0.645974 0.64129074419 -0.0867250897863
26.4 12 7 0.802665 0.640411491507 -0.086775116863
26.5 12 7 0.810749 0.639535318602 -0.0868251847476
26.6 12 7 0.806877 0.638662151177 -0.0868754344279
26.7 12 7 0.795069 0.637791918869 -0.0869259989619
26.8 12 7 0.78939 0.636924555779 -0.0869770023308
26.9 12 7 0.79434 0.636060000957 -0.0870285583978
27 12 7 0.787652 0.635198198827 -0.0870807699803
27.1 12 7 0.813467 0.63433909956 -0.087133728044
27.2 12 7 0.816877 0.633482659373 -0.0871875110243
27.3 12 7 0.819322 0.632628840779 -0.0872421842792
27.4 14 8 0.823079 0.631777612641 -0.0872977995896
27.5 14 7 0.827142 0.630928951007 -0.0873543952092
27.6 14 7 0.830368 0.630082837495 -0.0874119954818
27.7 14 7 0.824434 0.629239261117 -0.0874706104221
27.8 14 7 0.798131 0.62839821714 -0.0875302366895
27.9 16 7 0.799408 0.627559707237 -0.0875908577604
28 16 7 0.631217 0.626723739221 -0.0876524427454
28.1 16 7 0.630922 0.625890326968 -0.0877149498055
28.2 16 7 0.812307 0.625059489712 -0.0877783241913
28.3 16 7 0.813243 0.624231252092 -0.0878425000154
28.4 16 8 0.833026 0.623405643481 -0.0879074008974
28.5 16 8 0.651832 0.622582696541 -0.0879729096964
28.6 16 8 0.838728 0.621762448782 -0.0880389983194
28.7 16 8 0.839962 0.620944940898 -0.0881055396629
28.8 16 8 0.822965 0.620130216871 -0.0881724208635
28.9 16 8 0.810508 0.619318322746 -0.0882395275749
29 16 8 0.633012 0.61850930646 -0.0883067387683
29.1 16 8 0.638047 0.617703216743 -0.0883739390578
29.2 16 8 0.634649 0.616900102796 -0.0884410086493
29.3 16 8 0.634516 0.616100013787 -0.0885078266449
29.4 16 8 0.63479 0.615302998128 -0.0885742713425
29.5 16 8 0.811792 0.614509102852 -0.0886402263938
29.6 16 8 0.813577 0.613718373758 -0.0887055777542
29.7 16 8 0.810607 0.612930854033 -0.088770215016
29.8 16 8 0.806278 0.612146584145 -0.0888340340063
29.9 16 8 0.628508 0.611365601421 -0.0888969327952
30 16 8 0.825936 0.610587939449 -0.0889588257845
30.1 16 8 0.811443 0.609813627966 -0.0890196288798
30.2 16 8 0.803274 0.609042692285 -0.0890792687749
30.3 16 8 0.630701 0.608275153234 -0.0891376787305
30.4 16 8 0.807007 0.607511026703 -0.0891948081119
30.5 16 8 0.810839 0.606750323665 -0.0892506120505
30.6 16 8 0.661182 0.60599304998 -0.0893050562449
30.7 16 8 0.843437 0.60523920625 -0.0893581206117
30.8 16 8 0.656868 0.60448878795 -0.0894097923415
30.9 16 8 0.835007 0.603741785235 -0.0894600732787
31 16 8 0.633568 0.602998183534 -0.0895089739317
31.1 16 8 0.810777 0.602257962661 -0.0895565146844
31.2 16 8 0.829242 0.601521097982 -0.0896027285106
31.3 16 8 0.653098 0.600787560303 -0.089647654574
31.4 16 8 0.836725 0.600057315937 -0.0896913469481
31.5 16 8 0.834899 0.599330327344 -0.0897338636046
31.6 16 8 0.653033 0.598606553237 -0.0897752719813
31.7 16 8 0.652115 0.597885949032 -0.0898156479381
31.8 16 8 0.656739 0.597168467202 -0.0898550725377
31.9 16 8 0.839511 0.596454057713 -0.0898936341584
32 16 8 0.655644 0.59574266845 -0.0899314229502
32.1 16 8 0.843643 0.595034245833 -0.089968535643
32.2 16 8 0.655962 0.594328734877 -0.0900050686775
32.3 16 8 0.657506 0.593626080145 -0.0900411233545
32.4 16 8 0.654668 0.592926225894 -0.0900768005237
32.5 16 8 0.653275 0.59222911666 -0.0901122002948
32.6 16 8 0.645873 0.59153469762 -0.0901474195718
32.7 16 8 0.632593 0.590842915232 -0.0901825626502
32.8 16 8 0.811875 0.590153717477 -0.0902177216473
32.9 16 8 0.814177 0.589467054176 -0.0902529861658
33 16 8 0.815248 0.588782877779 -0.090288442312
33.1 16 8 0.817447 0.588101143163 -0.0903241705292
33.2 16 8 0.814819 0.587421808454 -0.0903602448334
33.3 16 8 0.639704 0.586744834954 -0.0903967311587
33.4 16 8 0.816016 0.586070187747 -0.0904336918725
33.5 16 8 0.637492 0.585397835388 -0.0904711768726
33.6 16 8 0.639587 0.584727750689 -0.0905092330041
33.7 16 8 0.820291 0.584059910494 -0.0905478952699
33.8 16 8 0.8241 0.583394295615 -0.0905871904351
33.9 16 8 0.658345 0.582730891206 -0.0906271344136
34 16 8 0.841175 0.582069686791 -0.0906677393581
34.1 16 8 0.840832 0.581410675944 -0.0907090044096
34.2 16 8 0.840832 0.580753856325 -0.0907509208383
34.3 16 8 0.655854 0.580099229648 -0.0907934697745
34.4 16 8 0.626414 0.579446801545 -0.0908366263756
34.5 16 8 0.636206 0.578796581277 -0.0908803588508
34.6 16 8 0.639362 0.578148581538 -0.0909246260659
34.7 16 8 0.818268 0.577502818189 -0.0909693811719
34.8 16 8 0.819568 0.576859309852 -0.0910145696681
34.9 16 8 0.637974 0.576218077877 -0.0910601306256
35 16 8 0.643988 0.575579146247 -0.0911060006827
35.1 16 9 0.641973 0.57494254022 -0.0911521100826
35.2 16 9 0.819763 0.574308288987 -0.0911983797914
35.3 16 9 0.638336 0.573676420397 -0.0912447354702
35.4 16 9 0.81979 0.573046963422 -0.0912911228378
35.5 16 9 0.822361 0.572419947541 -0.0913374499653
35.6 16 9 0.818913 0.571795402323 -0.0913836368559
35.7 16 9 0.818327 0.571173357049 -0.0914296049166
35.8 16 9 0.818436 0.57055384031 -0.0914752771156
35.9 16 9 0.636145 0.569936879568 -0.0915205753976
36 16 9 0.640527 0.569322501067 -0.091565428159
36.1 16 9 0.645876 0.568710729188 -0.0916097667732
36.2 16 9 0.638887 0.568101586351 -0.0916535258587
36.3 16 9 0.80671 0.567495092522 -0.0916966455411
36.4 16 9 0.805306 0.566891265348 -0.0917390690387
36.5 16 9 0.808051 0.566290119376 -0.0917807438458
36.6 16 9 0.845957 0.565691666394 -0.0918216277784
36.7 16 9 0.659196 0.565095915183 -0.091861682044
36.8 16 9 0.664632 0.564502871344 -0.091900877231
36.9 16 9 0.658023 0.563912537007 -0.091939189986
37 16 9 0.845566 0.563324911033 -0.0919766024125
37.1 16 9 0.849126 0.562739988617 -0.0920131052312
37.2 16 9 0.844091 0.562157761684 -0.0920486962319
37.3 16 9 0.843701 0.561578218809 -0.0920833805079
37.4 16 9 0.841235 0.561001345536 -0.0921171716206
37.5 16 10 0.841608 0.560427123645 -0.0921500860088
37.6 16 9 0.841224 0.55985553245 -0.0921821506884
37.7 16 9 0.84485 0.55928654816 -0.0922133979116
37.8 16 9 0.848429 0.558720144334 -0.0922438650073
37.9 16 9 0.843656 0.558156292112 -0.0922735949426
38 16 9 0.846827 0.55759496038 -0.0923026363363
38.1 16 10 0.841085 0.557036116003 -0.0923310434952
38.2 16 9 0.827982 0.556479724464 -0.0923588721108
38.3 16 9 0.814865 0.555925749397 -0.0923861810402
38.4 16 9 0.637977 0.555374153714 -0.0924130348171
38.5 16 9 0.817716 0.554824899653 -0.0924394987154
38.6 16 9 0.644519 0.55427794855 -0.0924656197037
38.7 16 9 0.817393 0.553733261709 -0.0924915165459
38.8 16 9 0.8192 0.553190800439 -0.0925172060978
38.9 16 9 0.65055 0.552650526839 -0.0925427710823
39 16 9 0.843656 0.552112403414 -0.0925682779606
39.1 16 9 0.657107 0.551576393991 -0.0925937870686
39.2 16 9 0.84265 0.551042463427 -0.0926193633167
39.3 16 9 0.663218 0.550510578484 -0.0926450615863
39.4 16 9 0.640653 0.549980707505 -0.0926709380183
39.5 16 9 0.636956 0.549452820812 -0.0926970428924
39.6 16 9 0.818415 0.548926890696 -0.0927234231718
39.7 16 11 0.819757 0.54840289202 -0.0927501183869
39.8 16 10 0.640455 0.54788080191 -0.0927771526536
39.9 16 9 0.817233 0.547360601439 -0.0928045973607
40 16 9 0.641553 0.546842272881 -0.0928324345601
40.1 16 9 0.641138 0.546325802183 -0.0928606984636
40.2 16 9 0.643041 0.54581117772 -0.0928894023572
40.3 16 10 0.640727 0.545298390842 -0.0929185538272
40.4 16 9 0.637352 0.5447874356 -0.0929481488669
40.5 16 9 0.81311 0.544278308934 -0.0929781986708
40.6 16 9 0.819557 0.543771010248 -0.0930086768244
40.7 16 9 0.826168 0.543265541765 -0.0930395719405
40.8 16 9 0.822704 0.542761908069 -0.0930708625758
40.9 16 9 0.63668 0.542260116485 -0.0931025223736
41 16 9 0.814964 0.541760176145 -0.0931345218083
41.1 16 9 0.813722 0.541262098149 -0.0931668241949
41.2 16 9 0.821864 0.540765895511 -0.0931993899368
41.3 16 9 0.852474 0.540271582627 -0.0932321748303
41.4 16 9 0.847777 0.539779175557 -0.0932651333239
41.5 16 9 0.850473 0.539288691156 -0.0932982146983
41.6 16 10 0.852695 0.538800147222 -0.0933313726904
41.7 16 9 0.849525 0.538313562208 -0.0933645529288
41.8 16 9 0.849709 0.537828954778 -0.0933977007823
41.9 16 9 0.664076 0.537346344026 -0.0934307633942
42 16 9 0.661324 0.536865748627 -0.0934636878502
42.1 16 10 0.84586 0.536387186455 -0.0934964220784
42.2 16 10 0.660798 0.535910675083 -0.0935289163701
42.3 16 9 0.662268 0.535436231587 -0.0935611046069
42.4 16 9 0.660879 0.534963870714 -0.0935929628318
42.5 16 10 0.844221 0.534493606488 -0.0936244352564
42.6 16 10 0.660789 0.534025451646 -0.0936554733686
42.7 16 10 0.844979 0.533559417003 -0.0936860460384
42.8 16 12 0.844159 0.533095511187 -0.0937161200975
42.9 16 11 0.659998 0.532633740851 -0.0937456620499
43 16 11 0.843173 0.532174111341 -0.0937746408134
43.1 16 11 0.660322 0.531716625089 -0.093803039463
43.2 16 11 0.83274 0.531261282325 -0.0938308427596
43.3 16 11 0.815689 0.530808081274 -0.0938580372768
43.4 16 11 0.819394 0.530357017424 -0.0938846145127
43.5 16 11 0.822826 0.529908083973 -0.0939105718631
43.6 16 11 0.819707 0.529461272103 -0.0939359135235
43.7 16 11 0.641122 0.529016570596 -0.0939606424447
43.8 16 11 0.645918 0.528573965953 -0.0939847771995
43.9 16 11 0.824806 0.528133442739 -0.0940083362448
44 16 11 0.645192 0.52769498336 -0.0940313303312
44.1 16 12 0.647877 0.527258568793 -0.094053791272
44.2 16 12 0.650068 0.526824177948 -0.0940757481139
44.3 16 12 0.82697 0.52639178787 -0.0940972351798
44.4 16 12 0.647053 0.525961374653 -0.0941182854723
44.5 16 12 0.652268 0.525532912801 -0.0941389380467
44.6 16 12 0.667041 0.525106376244 -0.0941592367161
44.7 16 12 0.666713 0.524681737723 -0.0941792188593
44.8 16 13 0.669481 0.524258969679 -0.0941989382478
44.9 18 13 0.671118 0.52383804482 -0.0942184299233
45 16 12 0.874518 0.523418934627 -0.0942377423682
45.1 16 12 0.664982 0.523001611002 -0.094256926995
45.2 16 12 0.829883 0.522586045819 -0.0942760251295
45.3 20 12 0.840904 0.52217221226 -0.0942950813603
45.4 18 12 0.681187 0.521760083725 -0.0943141407657
45.5 16 12 0.666401 0.52134963479 -0.0943332381415
45.6 16 12 0.835531 0.520940840744 -0.0943524358879
45.7 16 12 0.658471 0.520533678177 -0.0943717473348
45.8 16 13 0.657762 0.520128125069 -0.0943912183003
45.9 18 13 0.65985 0.519724161048 -0.0944108512197
46 20 13 0.852633 0.519321767251 -0.0944307082738
46.1 20 13 0.68498 0.518920926329 -0.0944508044207
46.2 16 13 0.686176 0.518521622734 -0.0944711511724
46.3 18 13 0.662862 0.518123843285 -0.0944917929728
46.4 18 13 0.856384 0.517727576204 -0.0945127302315
46.5 20 13 0.854727 0.517332812096 -0.0945339791558
46.6 20 13 0.68694 0.51693954345 -0.0945555400767
46.7 20 13 0.869453 0.516547764563 -0.0945774085988
46.8 20 14 0.689246 0.516157471936 -0.0945995946483
46.9 20 14 0.877295 0.51576866373 -0.0946220871114
47 20 14 0.864192 0.515381339934 -0.0946448682662
47.1 20 14 0.680443 0.514995502637 -0.0946679268143
47.2 20 14 0.864089 0.514611155617 -0.0946912483077
47.3 20 14 0.860216 0.514228303972 -0.094714811778
47.4 20 14 0.893408 0.513846954191 -0.094738594096
47.5 20 14 0.900307 0.513467114239 -0.0947625828907
47.6 20 14 0.897341 0.513088793363 -0.0947867282315
47.7 20 14 0.891245 0.512712001807 -0.094811006664
47.8 20 14 0.710616 0.5123367512 -0.0948353875543
47.9 20 14 0.898171 0.51196305278 -0.0948598233785
48 20 17 0.893068 0.511590918983 -0.0948842864684
48.1 20 16 0.893923 0.511220358131 -0.0949086778219
48.2 20 16 0.707678 0.510851382696 -0.0949330326024
48.3 20 16 0.889956 0.510484003186 -0.0949573968727
48.4 20 15 0.705907 0.510118229604 -0.0949814801861
48.5 20 15 0.89106 0.509754071481 -0.0950055616074
48.6 20 15 0.890526 0.509391538969 -0.0950293400158
48.7 20 15 0.703744 0.509030645612 -0.0950528386819
48.8 20 15 0.70503 0.508671397421 -0.0950761243372
48.9 20 15 0.892998 0.508313800609 -0.0950992060245
49 20 16 0.874574 0.507957858361 -0.095121980623
49.1 20 15 0.68399 0.507603581053 -0.095144435576
49.2 20 15 0.680414 0.507250974522 -0.0951665142158
49.3 20 15 0.866699 0.506900036648 -0.0951881981112
49.4 20 15 0.868688 0.506550770451 -0.0952095388188
49.5 20 15 0.86875 0.506203175351 -0.0952304439038
49.6 20 15 0.873493 0.505857249984 -0.0952509285898
49.7 20 15 0.869023 0.505512992096 -0.0952710359775
49.8 20 15 0.893176 0.505170394287 -0.0952907488028
49.9 20 15 0.88869 0.504829454849 -0.0953100206313
50 20 16 0.888267 0.504490165306 -0.0953288836259
50.1 20 15 0.894781 0.504152517434 -0.0953473301263
50.2 20 15 0.680574 0.503816502043 -0.0953653789559
50.3 20 16 0.683706 0.503482110251 -0.0953830630814
50.4 20 16 0.864777 0.503149327782 -0.0954003879221
50.5 20 16 0.685874 0.502818141156 -0.0954173363192
50.6 20 17 0.871751 0.502488534163 -0.0954339611583
50.7 20 16 0.689272 0.502160489778 -0.0954502275035
50.8 20 16 0.867028 0.501833997922 -0.0954661898254
50.9 20 16 0.867201 0.501509034063 -0.0954818240165
51 20 15 0.860212 0.501185578952 -0.0954972316371
51.1 20 16 0.867603 0.500863622017 -0.0955124516275
51.2 20 16 0.875296 0.500543136809 -0.0955274587448
51.3 20 15 0.69332 0.500224105161 -0.0955423977522
51.4 20 16 0.862784 0.499906503666 -0.0955571625837
51.5 20 15 0.862259 0.499590315294 -0.0955718641843
51.6 20 17 0.867898 0.49927551491 -0.0955866007574
51.7 20 16 0.866315 0.498962088554 -0.0956012691573
51.8 20 16 0.893937 0.498650013708 -0.0956158564924
51.9 20 16 0.712067 0.498339273879 -0.0956305646149
52 20 16 0.894226 0.498029854221 -0.0956453239672
52.1 20 17 0.706651 0.497721737664 -0.0956601485829
52.2 20 18 0.708473 0.49741490718 -0.0956750695113
52.3 20 17 0.707287 0.497109351172 -0.0956900724308
52.4 20 17 0.708783 0.496805054253 -0.0957052445578
52.5 20 16 0.894923 0.496502009486 -0.095720546195
52.6 20 16 0.894823 0.496200204087 -0.0957360474081
52.7 20 16 0.707539 0.495899628572 -0.0957517248125
52.8 20 17 0.710809 0.495600275354 -0.0957675908121
52.9 20 17 0.895443 0.495302135551 -0.0957836246839
53 20 15 0.894104 0.495005206039 -0.0957998150954
53.1 20 15 0.893795 0.494709483862 -0.0958162604483
53.2 20 16 0.706922 0.494414967482 -0.0958329317321
53.3 20 17 0.873129 0.494121656948 -0.0958497947882
53.4 20 16 0.692967 0.493829552848 -0.0958668677468
53.5 20 16 0.706561 0.49353865487 -0.0958840792818
53.6 20 16 0.706702 0.493248968096 -0.0959014530367
53.7 20 16 0.708272 0.49296049316 -0.0959189916261
53.8 20 16 0.867303 0.492673239127 -0.0959366268283
53.9 20 16 0.866518 0.49238720984 -0.0959542968496
54 20 16 0.86668 0.492102412019 -0.0959720518891
54.1 20 16 0.686968 0.491818851881 -0.0959897939596
54.2 20 16 0.686156 0.491536536467 -0.0960075961656
54.3 20 16 0.870552 0.491255469506 -0.0960253498667
54.4 20 17 0.894561 0.490975657584 -0.0960430414767
54.5 20 16 0.706259 0.49069710523 -0.096060606221
54.6 20 16 0.893085 0.490419818669 -0.096078070688
54.7 20 16 0.895217 0.490143803901 -0.0960954431262
54.8 20 17 0.876132 0.48986906623 -0.0961127039739
54.9 20 16 0.864718 0.489595612361 -0.0961298391376
55 20 16 0.689451 0.489323445634 -0.0961467886941
55.1 20 16 0.864504 0.489052569457 -0.0961635172293
55.2 20 17 0.864011 0.488782982996 -0.096180049044
55.3 20 16 0.857331 0.488514691453 -0.0961963807938
55.4 20 16 0.863475 0.488247695614 -0.0962124366819
55.5 20 16 0.86793 0.487981994378 -0.0962282144612
55.6 20 16 0.870216 0.487717585216 -0.0962437377817
55.7 20 16 0.867708 0.487454466004 -0.0962589763994
55.8 20 16 0.682066 0.487192633263 -0.0962739411919
55.9 20 16 0.864414 0.486932082946 -0.0962886098712
56 20 16 0.694808 0.486672808424 -0.0963029660178
56.1 20 16 0.900698 0.486414802887 -0.0963171044498
56.2 20 16 0.899058 0.486158058655 -0.0963309044496
56.3 20 16 0.898945 0.485902566373 -0.0963444807516
56.4 20 16 0.895188 0.485648316026 -0.0963577877455
56.5 20 16 0.708844 0.485395297733 -0.0963707989225
56.6 20 16 0.894924 0.4851434995 -0.0963836111786
56.7 20 17 0.894048 0.484892909239 -0.0963961629124
56.8 20 16 0.892257 0.48464351343 -0.0964085119027
56.9 20 17 0.900155 0.484395298466 -0.0964206587901
57 20 16 0.71114 0.484148251222 -0.0964326923778
57.1 20 17 0.901087 0.483902356079 -0.0964445025438
57.2 20 16 0.900005 0.483657598094 -0.0964561292584
57.3 20 16 0.893357 0.483413962583 -0.0964677120166
57.4 20 16 0.709526 0.483171434846 -0.0964791616439
57.5 20 17 0.892152 0.482929999504 -0.0964905566121
57.6 20 16 0.711282 0.482689642045 -0.0965018839322
57.7 20 16 0.864813 0.482450350736 -0.0965132058215
57.8 20 16 0.684823 0.482212106737 -0.096524518207
57.9 20 16 0.67579 0.481974895935 -0.0965358455937
58 20 16 0.866785 0.481738704332 -0.0965472147725
58.1 20 16 0.879488 0.481503518443 -0.0965586516341
58.2 20 16 0.891531 0.481269325672 -0.0965701909702
58.3 20 16 0.704606 0.48103611474 -0.0965818266098
58.4 20 16 0.895412 0.480803874751 -0.0965935768195
58.5 20 16 0.707331 0.480572596459 -0.0966054713663
58.6 20 16 0.863695 0.480342271761 -0.096617639452
58.7 20 16 0.869807 0.480112891663 -0.0966298221595
58.8 20 16 0.868081 0.479884449804 -0.0966421794923
58.9 20 16 0.68978 0.479656941823 -0.096654680018
59 20 16 0.867359 0.479430362086 -0.0966673842311
59.1 20 16 0.866445 0.479204706726 -0.0966802678209
59.2 20 16 0.868688 0.478979972507 -0.0966933369351
59.3 20 16 0.861371 0.478756157779 -0.0967065892392
59.4 20 17 0.862461 0.478533261684 -0.0967200260655
59.5 20 16 0.698183 0.478311284931 -0.0967336346991
59.6 20 16 0.869675 0.478090228723 -0.0967474098388
59.7 20 16 0.682612 0.477870095787 -0.096761348856
59.8 20 16 0.86881 0.47765088875 -0.0967754696651
59.9 20 16 0.864858 0.4774326137 -0.0967896866696
60 20 16 0.890611 0.477215278725 -0.0968040409318
60.1 20 16 0.899244 0.476998883919 -0.0968184692622
60.2 20 17 0.898606 0.476783435951 -0.0968330646781
60.3 20 16 0.897864 0.476568941562 -0.0968475115144
60.4 20 16 0.904347 0.476355405691 -0.0968621300929
60.5 20 16 0.90261 0.476142834888 -0.0968767776991
60.6 20 17 0.901533 0.475931229237 -0.0968912715934
60.7 20 15 0.904831 0.475720597897 -0.0969056557718
60.8 20 15 0.897179 0.475510956244 -0.0969201955288
60.9 20 15 0.710665 0.475302308169 -0.0969346056457
61 20 16 0.708311 0.475094657717 -0.0969488409982
61.1 20 15 0.710215 0.474888016054 -0.0969629829399
61.2 20 15 0.898243 0.474682386754 -0.096977075734
61.3 20 15 0.896479 0.474477768307 -0.0969909596267
61.4 20 15 0.70686 0.474274160763 -0.0970047462672
61.5 20 16 0.89364 0.47407157652 -0.0970183542368
61.6 20 15 0.894634 0.473870019578 -0.0970316985628
61.7 20 15 0.892862 0.473669486745 -0.0970448922095
61.8 20 15 0.889719 0.473469982074 -0.0970578696321
61.9 20 15 0.86404 0.473271503879 -0.0970705724404
62 20 15 0.86646 0.473074051646 -0.0970830210938
62.1 20 15 0.863164 0.472877620306 -0.0970952302932
62.2 20 16 0.862617 0.472682208893 -0.0971072160274
62.3 20 16 0.691534 0.472487813484 -0.0971189789353
62.4 20 15 0.893585 0.472294427499 -0.0971304640269
62.5 20 15 0.889871 0.472102044655 -0.0971417042545
62.6 20 15 0.891473 0.471910659871 -0.0971527376524
62.7 20 15 0.703758 0.47172026429 -0.0971635545949
62.8 20 16 0.888178 0.471530851525 -0.0971741619174
62.9 20 17 0.682309 0.471342413012 -0.0971845357679
63 20 15 0.686242 0.471154938942 -0.0971947340206
63.1 20 16 0.86603 0.470968418222 -0.0972047353864
63.2 20 15 0.685908 0.470782841169 -0.0972145258666
63.3 20 16 0.867345 0.470598197297 -0.0972241590677
63.4 20 15 0.685039 0.470414472816 -0.0972336089201
63.5 20 15 0.684248 0.470231657525 -0.0972429329899
63.6 18 15 0.874687 0.470049737204 -0.0972521381322
63.7 18 15 0.885673 0.469868700358 -0.0972612985818
63.8 20 15 0.885138 0.469688530665 -0.0972704041802
63.9 20 15 0.690858 0.469509215143 -0.0972795014618
64 18 15 0.718727 0.469330745581 -0.0972885384337
64.1 18 15 0.885784 0.469153109895 -0.0972974826127
64.2 18 15 0.886338 0.468976292894 -0.0973064394335
64.3 18 15 0.885545 0.468800282142 -0.0973154452032
64.4 18 15 0.882644 0.468625065936 -0.097324514876
64.5 18 15 0.879544 0.468450633788 -0.0973336435634
64.6 20 15 0.883428 0.468276976351 -0.0973428645253
64.7 18 15 0.70945 0.468104085219 -0.0973521931335
64.8 18 15 0.884491 0.467931949785 -0.0973615634714
64.9 18 15 0.880902 0.46776056596 -0.0973710559021
65 20 15 0.882949 0.467589927431 -0.0973806711566
65.1 18 15 0.709083 0.467420029069 -0.0973904375792
65.2 20 15 0.880426 0.467250865006 -0.0974003092034
65.3 20 15 0.710081 0.467082431768 -0.0974103084321
65.4 20 15 0.899298 0.46691472644 -0.0974204219277
65.5 20 15 0.708534 0.466747747069 -0.0974306852473
65.6 20 15 0.716235 0.466581492906 -0.0974410631763
65.7 20 15 0.716292 0.466415963377 -0.0974515516772
65.8 20 15 0.708047 0.466251158819 -0.0974621529357
65.9 20 15 0.870718 0.466087081202 -0.0974728580721
66 20 15 0.874025 0.465923730459 -0.0974836396759
66.1 20 15 0.876494 0.46576110996 -0.0974945009935
66.2 20 15 0.880313 0.465599223611 -0.0975054287085
66.3 20 15 0.876352 0.465438073155 -0.0975164098226
66.4 20 16 0.875318 0.465277661681 -0.0975274691596
66.5 20 15 0.693158 0.465117993181 -0.0975385821868
66.6 20 15 0.875814 0.464959070329 -0.0975497390314
66.7 20 15 0.875805 0.464800897148 -0.097560906987
66.8 20 15 0.902925 0.46464347994 -0.0975720853866
66.9 20 15 0.897056 0.464486822448 -0.0975832347956
67 20 15 0.896905 0.464330929291 -0.0975943861871
67.1 20 15 0.710459 0.464175804849 -0.0976054818493
67.2 20 15 0.713664 0.464021453279 -0.0976165270397
67.3 20 15 0.718848 0.463867879068 -0.0976275101544
67.4 20 15 0.895114 0.463715086219 -0.0976383953879
67.5 20 15 0.688937 0.463563077729 -0.0976491430051
67.6 20 15 0.691582 0.463411857185 -0.0976597897979
67.7 20 15 0.872289 0.463261427035 -0.097670309599
67.8 20 16 0.870944 0.463111789689 -0.0976806864026
67.9 20 16 0.69018 0.46296294824 -0.097690877032
68 20 15 0.690692 0.462814904332 -0.0977009091901
68.1 20 16 0.872047 0.46266765785 -0.0977107701447
68.2 20 15 0.874195 0.462521209926 -0.0977204415052
68.3 20 15 0.871036 0.46237555801 -0.0977299240743
68.4 20 15 0.874417 0.462230700998 -0.097739189926
68.5 20 15 0.8606 0.462086636464 -0.0977482903134
68.6 20 15 0.864341 0.461943361291 -0.0977571730028
68.7 20 15 0.863379 0.461800870564 -0.0977658593075
68.8 20 15 0.701929 0.4616591585 -0.0977743485023
68.9 20 15 0.867528 0.461518219543 -0.0977826613859
69 20 15 0.864066 0.461378048445 -0.0977907851959
69.1 20 15 0.686171 0.461238638717 -0.0977987319592
69.2 20 16 0.866679 0.461099982973 -0.0978064801146
69.3 20 15 0.875971 0.460962073167 -0.097814067489
69.4 20 15 0.892732 0.460824902262 -0.0978214515649
69.5 20 15 0.710166 0.460688457739 -0.0978287071777
69.6 20 16 0.712185 0.460552729437 -0.0978358220453
69.7 20 15 0.916741 0.460417707539 -0.0978428762311
69.8 20 15 0.907174 0.4602833823 -0.0978498199231
69.9 20 15 0.712473 0.46014974199 -0.0978566545499
70 20 15 0.716073 0.460016775974 -0.0978634417839
70.1 20 15 0.710566 0.459884473104 -0.0978701617641
70.2 20 15 0.896339 0.459752819916 -0.0978768548916
70.3 20 15 0.900994 0.459621807149 -0.0978835120692
70.4 20 15 0.89712 0.459491426717 -0.0978902071885
70.5 20 15 0.70972 0.45936166387 -0.097896883288
70.6 20 15 0.893781 0.459232508303 -0.0979035715707
70.7 20 16 0.895439 0.459103950048 -0.0979103035299
70.8 20 16 0.897807 0.458975979631 -0.0979170538871
70.9 20 16 0.895712 0.458848588412 -0.0979238891329
71 20 15 0.893919 0.458721766705 -0.0979307902163
71.1 20 15 0.707576 0.458595506666 -0.0979377906259
71.2 20 15 0.892866 0.45846980012 -0.0979448856035
71.3 20 15 0.868354 0.458344643174 -0.0979521194771
71.4 20 16 0.864838 0.458220025225 -0.0979594662322
71.5 20 15 0.86485 0.458095943236 -0.09796688075
71.6 20 15 0.867484 0.457972389105 -0.0979744231422
71.7 20 15 0.687153 0.457849358763 -0.0979821162115
71.8 20 16 0.867868 0.45772685005 -0.0979899507538
71.9 20 16 0.884099 0.457604854014 -0.0979978821992
72 20 15 0.716465 0.457483374273 -0.0980059700804
72.1 20 15 0.915764 0.457362409034 -0.0980141100782
72.2 20 15 0.894474 0.457241958057 -0.0980224969496
72.3 20 15 0.68547 0.457122021751 -0.0980309989673
72.4 20 16 0.875909 0.457002601416 -0.0980396181643
72.5 20 15 0.689626 0.456883698556 -0.0980483392715
72.6 20 17 0.88795 0.456765316056 -0.0980571311473
72.7 20 16 0.693827 0.456647455878 -0.0980661133841
72.8 20 16 0.692764 0.456530109205 -0.0980750088209
72.9 20 16 0.881938 0.456413281359 -0.0980841440024
73 20 16 0.885338 0.456296977591 -0.0980933356164
73.1 20 16 0.885994 0.456181203338 -0.0981026038982
73.2 20 16 0.889573 0.456065964871 -0.0981118286714
73.3 20 16 0.881897 0.455951268732 -0.0981210762616
73.4 20 16 0.878513 0.455837116952 -0.0981303087819
73.5 20 16 0.877773 0.455723514153 -0.0981394896167
73.6 20 16 0.880019 0.455610465551 -0.0981486233067
73.7 20 16 0.879789 0.455497975883 -0.0981577859228
73.8 20 16 0.882062 0.455386049747 -0.0981668265826
73.9 20 16 0.884346 0.455274691461 -0.0981758342059
74 20 16 0.699099 0.455163904725 -0.0981847491615
74.1 20 16 0.882679 0.455053693651 -0.0981936035745
74.2 20 16 0.885903 0.45494406168 -0.0982023353921
74.3 20 16 0.877811 0.454835011237 -0.0982109621097
74.4 20 16 0.693912 0.45472654484 -0.098219469064
74.5 20 16 0.695254 0.454618663806 -0.0982278401492
74.6 20 16 0.878283 0.454511369901 -0.0982360623263
74.7 20 16 0.87729 0.454404664021 -0.0982441733271
74.8 20 16 0.699993 0.454298545992 -0.0982521281035
74.9 20 16 0.700881 0.454193015421 -0.0982599369454
75 20 16 0.883015 0.454088071189 -0.0982675969453
75.1 20 16 0.699613 0.453983711507 -0.0982751069001
75.2 20 16 0.881386 0.453879934171 -0.0982824553747
75.3 20 16 0.70214 0.453776736269 -0.0982896622707
75.4 20 16 0.882331 0.453674114363 -0.0982967206379
75.5 20 16 0.87701 0.45357206447 -0.098303645506
75.6 20 16 0.879421 0.453470582042 -0.0983104300359
75.7 20 17 0.698977 0.453369661825 -0.0983171058164
75.8 20 16 0.704397 0.453269298596 -0.0983236462871
75.9 20 16 0.883684 0.453169485974 -0.0983300891882
76 20 17 0.885365 0.453070218321 -0.0983364298574
76.1 20 16 0.88711 0.452971488894 -0.0983426828726
76.2 20 16 0.701101 0.452873290675 -0.0983488480267
76.3 20 16 0.701727 0.45277561688 -0.0983549450876
76.4 20 16 0.886224 0.452678460236 -0.0983609806495
76.5 20 16 0.880144 0.45258181336 -0.0983669694679
76.6 20 17 0.879645 0.452485669124 -0.0983729288654
76.7 20 16 0.881538 0.452390020137 -0.0983788503787
76.8 20 17 0.700318 0.452294859485 -0.0983847666807
76.9 20 16 0.69922 0.452200179619 -0.0983906820407
77 20 18 0.700029 0.452105973705 -0.0983966128429
77.1 20 17 0.88598 0.452012235126 -0.09840257202
77.2 20 16 0.884695 0.451918957667 -0.0984085558825
77.3 20 17 0.884506 0.45182613522 -0.0984145700975
77.4 20 16 0.698786 0.45173376177 -0.0984206524721
77.5 20 16 0.699566 0.451641831886 -0.0984267734861
77.6 20 16 0.875529 0.451550340639 -0.0984329449658
77.7 20 17 0.87608 0.451459283559 -0.0984391958421
77.8 20 17 0.697995 0.451368656168 -0.0984455273076
77.9 20 17 0.699673 0.451278455106 -0.0984519236891
78 20 16 0.882351 0.45118867721 -0.0984584121043
78.1 20 18 0.702612 0.45109931978 -0.0984649634689
78.2 20 16 0.882021 0.451010380825 -0.0984716140015
78.3 20 16 0.88003 0.450921858462 -0.0984783277882
78.4 20 17 0.885614 0.450833751835 -0.0984851230938
78.5 20 18 0.698785 0.450746060113 -0.0984920224262
78.6 20 17 0.697867 0.450658782204 -0.0984989424878
78.7 20 17 0.879995 0.450571918234 -0.0985059340079
78.8 20 17 0.699373 0.450485468881 -0.0985129996348
78.9 20 17 0.700232 0.450399434507 -0.098520121874
79 20 18 0.700789 0.450313816057 -0.0985272735099
79.1 20 17 0.703632 0.450228615308 -0.0985344831768
79.2 20 17 0.881915 0.450143833505 -0.0985417214755
79.3 20 17 0.703818 0.45005947339 -0.098548964563
79.4 20 17 0.886324 0.449975536444 -0.0985562238615
79.5 20 17 0.705873 0.449892025324 -0.0985634836616
79.6 20 17 0.887729 0.449808942393 -0.0985707365792
79.7 20 17 0.887712 0.449726290145 -0.098577979246
79.8 20 18 0.880108 0.44964407092 -0.0985851974914
79.9 20 17 0.877022 0.449562287177 -0.0985923863236
80 20 17 0.882348 0.449480941676 -0.0985995245818
80.1 20 18 0.887619 0.449400034967 -0.0986066142412
80.2 20 17 0.701476 0.449319568004 -0.0986136549007
80.3 20 17 0.886909 0.44923954241 -0.0986206215425
80.4 20 17 0.890575 0.449159959551 -0.0986275116023
80.5 20 17 0.888927 0.449080820144 -0.0986343196125
80.6 20 17 0.711276 0.449002124453 -0.098641039885
80.7 20 17 0.892129 0.448923872288 -0.0986476713165
80.8 20 17 0.704335 0.448846063649 -0.0986541990788
80.9 20 17 0.880042 0.448768698038 -0.0986606251195
81 20 17 0.701201 0.44869177411 -0.0986669509497
81.1 20 17 0.70333 0.448615290002 -0.0986731574704
81.2 20 18 0.891433 0.44853924416 -0.0986792750632
81.3 20 17 0.887026 0.448463634001 -0.0986852770965
81.4 20 17 0.705906 0.448388456743 -0.0986911668521
81.5 20 17 0.891321 0.448313709399 -0.0986969515928
81.6 20 17 0.707376 0.448239388263 -0.098702634341
81.7 20 17 0.89035 0.448165489602 -0.0987082126068
81.8 20 17 0.893649 0.448092009621 -0.0987136914679
81.9 20 17 0.888053 0.448018943434 -0.098719073624
82 20 17 0.87851 0.447946286839 -0.0987243756409
82.1 20 17 0.701773 0.4478740342 -0.0987295971449
82.2 20 17 0.706582 0.447802180305 -0.0987347427905
82.3 20 18 0.889485 0.447730720332 -0.0987398195874
82.4 20 17 0.883754 0.44765964835 -0.0987448423066
82.5 20 18 0.70365 0.44758895879 -0.0987498052143
82.6 20 17 0.888904 0.447518646749 -0.098754730726
82.7 20 18 0.891053 0.447448706182 -0.0987596204141
82.8 20 17 0.880108 0.447379131228 -0.0987644854777
82.9 20 17 0.887525 0.447309916392 -0.0987693330721
83 20 17 0.88382 0.447241056229 -0.0987741696771
83.1 20 17 0.699506 0.447172545121 -0.0987790102654
83.2 20 17 0.709329 0.447104377661 -0.0987838552192
83.3 20 17 0.705494 0.447036548923 -0.0987887204982
83.4 20 17 0.710004 0.446969054436 -0.09879360794
83.5 20 17 0.708638 0.446901889462 -0.0987985218403
83.6 20 17 0.892813 0.446835050194 -0.0988034755589
83.7 20 17 0.889706 0.446768532976 -0.0988084739302
83.8 20 17 0.89255 0.446702334179 -0.0988135207137
83.9 20 17 0.890946 0.446636450473 -0.0988186187527
84 20 17 0.888912 0.446570879485 -0.0988237715491
84.1 20 17 0.70177 0.446505618295 -0.0988289842786
84.2 20 17 0.882609 0.446440665347 -0.0988342566875
84.3 20 17 0.703869 0.446376018863 -0.0988395923269
84.4 20 17 0.706046 0.446311677272 -0.0988449941371
84.5 20 17 0.891511 0.446247639948 -0.0988504568555
84.6 20 17 0.70924 0.446183905998 -0.0988559850817
84.7 20 17 0.89134 0.446120475728 -0.0988615669043
84.8 20 17 0.89126 0.446057349334 -0.0988672052012
84.9 20 17 0.711334 0.445994526582 -0.0988729026382
85 20 17 0.890954 0.445932009221 -0.0988786519455
85.1 20 17 0.707443 0.445869797214 -0.0988844415261
85.2 20 17 0.884156 0.445807892716 -0.0988902773872
85.3 20 17 0.881449 0.445746297277 -0.0988961465965
85.4 20 17 0.703924 0.445685011872 -0.0989020452481
85.5 20 17 0.89101 0.44562403869 -0.0989079656113
85.6 20 17 0.887691 0.44556337961 -0.0989139036619
85.7 20 17 0.889312 0.445503036515 -0.0989198479913
85.8 20 17 0.894999 0.445443011371 -0.0989257907246
85.9 20 17 0.713084 0.445383305555 -0.0989317249877
86 20 17 0.889414 0.445323921563 -0.0989376481021
86.1 20 17 0.890054 0.445264861143 -0.0989435461996
86.2 20 17 0.702646 0.445206126125 -0.0989494177623
86.3 20 17 0.881183 0.445147718572 -0.0989552535964
86.4 20 17 0.884884 0.4450896395 -0.0989610491637
86.5 20 17 0.886438 0.445031890162 -0.0989667936503
86.6 20 17 0.702742 0.444974471136 -0.0989724801922
86.7 20 18 0.889219 0.444917384042 -0.0989781015917
86.8 20 17 0.889086 0.44486062904 -0.0989836605847
86.9 20 17 0.703624 0.444804206457 -0.0989891481975
87 20 17 0.8931 0.444748116456 -0.098994558589
87.1 20 17 0.706034 0.444692358739 -0.098999887022
87.2 20 17 0.892183 0.444636932729 -0.0990051466341
87.3 20 17 0.700374 0.444581836927 -0.0990103161185
87.4 20 17 0.880398 0.444527070335 -0.0990153967034
87.5 20 17 0.886945 0.444472631064 -0.0990204028865
87.6 20 17 0.890511 0.444418517382 -0.0990253166474
87.7 20 17 0.882461 0.444364726995 -0.0990301516183
87.8 20 17 0.890317 0.444311257536 -0.099034903321
87.9 20 17 0.891409 0.44425810589 -0.0990395770589
88 20 18 0.894833 0.444205269223 -0.099044171316
88.1 20 18 0.890807 0.444152744153 -0.0990486900782
88.2 20 17 0.891332 0.444100526174 -0.0990531402786
88.3 20 18 0.701961 0.444048611688 -0.0990575280752
88.4 20 18 0.702869 0.443996996826 -0.0990618521386
88.5 20 18 0.896597 0.443945677541 -0.0990661217074
88.6 20 18 0.885399 0.443894649368 -0.0990703468898
88.7 20 18 0.704588 0.443843907237 -0.0990745373107
88.8 20 18 0.8864 0.443793446997 -0.099078689552
88.9 20 18 0.702774 0.443743264204 -0.0990828157737
89 20 18 0.903909 0.443693354616 -0.0990869117507
89.1 20 18 0.924109 0.443643713449 -0.0990910010973
89.2 20 18 0.887512 0.443594336418 -0.0990950745673
89.3 20 18 0.703268 0.443545218532 -0.0990991525365
89.4 20 18 0.889159 0.443496356293 -0.0991032354897
89.5 20 18 0.889044 0.443447745237 -0.0991073412818
89.6 20 18 0.892904 0.443399381197 -0.099111464717
89.7 20 18 0.889736 0.443351260506 -0.0991156114734
89.8 20 18 0.888676 0.443303379684 -0.0991197901085
89.9 20 18 0.706572 0.443255735171 -0.0991240052909
90 20 18 0.891403 0.443208324143 -0.0991282576569
90.1 20 18 0.89253 0.443161143251 -0.0991325587682
90.2 20 18 0.889097 0.443114190446 -0.0991369085492
90.3 20 18 0.704935 0.443067462874 -0.0991413080181
90.4 20 18 0.705891 0.443020958892 -0.0991457607748
90.5 20 18 0.89243 0.442974677007 -0.099150263097
90.6 20 18 0.705904 0.442928615081 -0.099154821619
90.7 20 18 0.892909 0.442882772759 -0.0991594337139
90.8 20 18 0.896092 0.442837149162 -0.0991641016867
90.9 20 18 0.893427 0.442791743529 -0.0991688192318
91 20 18 0.894932 0.442746555678 -0.0991735860505
91.1 20 18 0.89698 0.442701585711 -0.0991784018227
91.2 20 18 0.900412 0.442656834309 -0.0991832655602
91.3 20 18 0.903591 0.442612301848 -0.0991881729097
91.4 20 18 0.892685 0.442567988696 -0.0991931170823
91.5 20 18 0.884296 0.442523896167 -0.0991980959573
91.6 20 18 0.701266 0.44248002501 -0.0992031063104
91.7 20 18 0.709671 0.442436376744 -0.0992081362195
91.8 20 18 0.891183 0.44239295279 -0.0992131862974
91.9 20 18 0.89316 0.442349754782 -0.0992182528322
92 20 18 0.89637 0.442306784133 -0.0992233275048
92.1 20 18 0.892288 0.442264042512 -0.0992284064612
92.2 20 18 0.892932 0.442221531222 -0.0992334719727
92.3 20 18 0.892172 0.442179252354 -0.0992385340841
92.4 20 18 0.891966 0.442137207129 -0.0992435685306
92.5 20 18 0.891238 0.442095397226 -0.0992485781901
92.6 20 18 0.893736 0.442053823757 -0.0992535559192
92.7 20 18 0.896117 0.442012488059 -0.0992585018919
92.8 20 18 0.894968 0.441971391145 -0.0992633984203
92.9 20 18 0.89509 0.441930533955 -0.0992682487691
93 20 18 0.899246 0.441889917342 -0.0992730393924
93.1 20 18 0.896123 0.441849541667 -0.0992777779384
93.2 20 18 0.896398 0.441809407356 -0.0992824489951
93.3 20 18 0.896283 0.441769514576 -0.0992870504857
93.4 20 18 0.890342 0.441729862778 -0.0992915880713
93.5 20 18 0.888698 0.441690451969 -0.0992960507608
93.6 20 18 0.891302 0.441651281262 -0.0993004349906
93.7 20 18 0.891072 0.441612349662 -0.0993047466899
93.8 20 19 0.895603 0.441573655671 -0.0993089872348
93.9 22 18 0.894756 0.44153519791 -0.0993131557738
94 22 18 0.914857 0.441496974903 -0.0993172468381
94.1 22 18 0.728415 0.441458983695 -0.0993212726475
94.2 22 18 0.730198 0.441421222836 -0.0993252288727
94.3 22 18 0.729444 0.441383689273 -0.0993291162783
94.4 22 18 0.726269 0.441346380511 -0.0993329439355
94.5 22 18 0.723213 0.441309293853 -0.0993367115564
94.6 22 19 0.724315 0.441272425483 -0.099340430753
94.7 22 18 0.725751 0.441235772524 -0.0993440991813
94.8 22 18 0.727841 0.441199331638 -0.0993477391759
94.9 22 18 0.72961 0.441163099318 -0.0993513322822
95 22 18 0.727588 0.441127072137 -0.0993548997644
95.1 22 18 0.918029 0.441091246601 -0.0993584415842
95.2 22 18 0.91655 0.441055619346 -0.0993619640159
95.3 22 18 0.736314 0.441020185484 -0.0993654716525
95.4 22 18 0.731264 0.440984942162 -0.0993689638786
95.5 22 18 0.915103 0.440949885563 -0.0993724614744
95.6 22 18 0.908476 0.440915012928 -0.0993759625546
95.7 22 20 0.722387 0.440880320583 -0.0993794524004
95.8 20 18 0.729286 0.440845804436 -0.0993829505052
95.9 20 18 0.89578 0.440811462026 -0.0993864809894
96 20 18 0.899504 0.440777291009 -0.0993900274896
96.1 20 18 0.895962 0.440743288606 -0.0993935988812
96.2 20 18 0.895036 0.440709451302 -0.0993971917537
96.3 20 18 0.898579 0.440675776961 -0.0994008068557
96.4 20 19 0.894936 0.440642263485 -0.0994044544624
96.5 20 19 0.895494 0.440608908466 -0.099408112447
96.6 20 18 0.893729 0.440575710623 -0.0994118345424
96.7 20 18 0.893401 0.440542668379 -0.099415576457
96.8 20 18 0.897456 0.440509780817 -0.0994193495744
96.9 20 19 0.898772 0.440477046862 -0.0994231565516
97 20 19 0.895709 0.440444465928 -0.099426968926
97.1 20 19 0.897944 0.440412037972 -0.0994308481367
97.2 20 19 0.90185 0.440379762072 -0.0994347396525
97.3 20 18 0.90369 0.440347638663 -0.0994386560067
97.4 20 18 0.899351 0.44031566859 -0.099442594796
97.5 20 18 0.906388 0.440283851583 -0.0994465541356
97.6 20 18 0.893838 0.440252188473 -0.0994505294337
97.7 20 18 0.89477 0.440220680212 -0.0994545199228
97.8 20 18 0.901327 0.440189327932 -0.0994585263758
97.9 20 18 0.897016 0.440158132543 -0.0994625423428
98 20 18 0.895875 0.44012709528 -0.0994665627277
98.1 20 18 0.900021 0.440096217413 -0.0994705861601
98.2 20 18 0.89706 0.440065500461 -0.0994746068727
98.3 20 18 0.898225 0.440034945902 -0.0994786208672
98.4 20 18 0.895768 0.440004555135 -0.0994826261986
98.5 20 18 0.894128 0.439974329685 -0.0994866202877
98.6 20 18 0.889559 0.439944270989 -0.0994905932389
98.7 20 18 0.89503 0.439914380829 -0.0994945420125
98.8 20 18 0.897873 0.439884660499 -0.0994984700181
98.9 20 18 0.896037 0.439855111131 -0.0995023741451
99 20 18 0.898947 0.439825734142 -0.0995062429493
99.1 20 18 0.897418 0.439796530539 -0.0995100811654
99.2 20 18 0.896977 0.439767501138 -0.0995138827865
99.3 20 18 0.896797 0.439738646614 -0.0995176432627
99.4 20 18 0.892797 0.439709967731 -0.0995213693205
99.5 20 18 0.889508 0.439681464691 -0.0995250413288
99.6 20 18 0.889212 0.439653137645 -0.0995286709874
99.7 20 18 0.889534 0.439624986533 -0.0995322563872
99.8 20 18 0.89338 0.439597011341 -0.0995357965561
99.9 20 18 0.897126 0.439569211061 -0.0995392947724
100 20 18 0.895242 0.43954158538 -0.0995427386927
100.1 20 18 0.893415 0.439514133272 -0.0995461352334
100.2 20 18 0.893719 0.439486853657 -0.0995494867657
100.3 20 18 0.899132 0.439459745072 -0.0995527933981
100.4 20 18 0.895808 0.439432805916 -0.0995560646044
100.5 20 18 0.893308 0.439406034722 -0.0995592956515
100.6 20 18 0.890943 0.439379429435 -0.099562486046
100.7 20 18 0.91763 0.439352987752 -0.0995656451846
100.8 20 18 0.913739 0.439326707247 -0.0995687697914
100.9 20 18 0.917009 0.439300585594 -0.0995718659126
101 20 18 0.916476 0.439274619956 -0.0995749381866
101.1 20 18 0.919403 0.439248808093 -0.0995779891883
101.2 20 18 0.940048 0.439223147237 -0.0995810204853
101.3 22 18 0.945287 0.439197634785 -0.0995840416765
101.4 22 18 0.755981 0.439172267736 -0.0995870547211
101.5 22 18 0.954646 0.439147042952 -0.0995900609979
101.6 22 18 0.955803 0.439121957535 -0.0995930691662
101.7 22 18 0.762056 0.439097008926 -0.099596078223
101.8 22 18 0.931132 0.439072193681 -0.0995990890265
101.9 22 18 0.766021 0.439047509991 -0.0996021057008
102 22 18 0.9533 0.439022953598 -0.099605147028
102.1 22 18 0.752185 0.438998523985 -0.0996081970543
102.2 22 18 0.943374 0.438974216862 -0.0996112704421
102.3 22 18 0.941523 0.438950030431 -0.099614365135
102.4 22 18 0.939901 0.438925962673 -0.0996174856471
102.5 22 18 0.931462 0.438902011458 -0.0996206266124
102.6 22 18 0.93741 0.438878174771 -0.0996237933386
102.7 22 18 0.936966 0.438854450873 -0.0996269943798
102.8 22 18 0.930552 0.438830838561 -0.0996302226695
102.9 22 18 0.948594 0.438807336377 -0.0996334850333
103 22 18 0.942083 0.438783942944 -0.0996367777558
103.1 22 18 0.751087 0.438760658095 -0.0996400986557
103.2 22 18 0.942472 0.438737480531 -0.099643447932
103.3 22 18 0.933643 0.438714410174 -0.0996468300434
103.4 22 19 0.948373 0.438691446144 -0.0996502373817
103.5 22 19 0.926053 0.438668588818 -0.0996536840296
103.6 22 18 0.935104 0.438645838475 -0.0996571456526
103.7 22 18 0.937726 0.438623195125 -0.0996606319195
103.8 22 18 0.944106 0.438600659567 -0.0996641346505
103.9 22 18 0.957522 0.43857823224 -0.0996676590769
104 22 18 0.937855 0.438555914037 -0.0996711955119
104.1 22 18 0.942155 0.438533705439 -0.0996747446368
104.2 22 18 0.752877 0.438511607579 -0.0996783030829
104.3 22 18 0.942773 0.438489621936 -0.099681864484
104.4 22 19 0.935331 0.438467749418 -0.0996854248366
104.5 22 20 0.754406 0.438445991249 -0.0996889845699
104.6 24 19 0.760732 0.438424349352 -0.0996925340876
104.7 22 19 0.959212 0.43840282387 -0.0996960678445
104.8 22 18 0.93524 0.438381417197 -0.0996995820816
104.9 22 18 0.748997 0.438360129389 -0.0997030873237
105 24 18 0.754726 0.438338961951 -0.099706551324
105.1 24 19 0.951159 0.438317916388 -0.0997100013778
105.2 24 18 0.94741 0.438296993796 -0.0997134240323
105.3 24 19 0.756831 0.438276195027 -0.0997168153263
105.4 24 19 0.755685 0.438255520427 -0.0997201679917
105.5 24 18 0.940885 0.438234971201 -0.0997234932949
105.6 24 18 0.758779 0.438214547864 -0.0997267847864
105.7 24 18 0.942832 0.438194250442 -0.099730034695
105.8 24 19 0.942512 0.43817407991 -0.0997332497612
105.9 24 19 0.943836 0.438154036265 -0.0997364177047
106 24 20 0.940361 0.43813411923 -0.099739544209
106.1 24 20 0.756818 0.438114328493 -0.0997426221918
106.2 24 20 0.938804 0.438094663912 -0.0997456758802
106.3 24 20 0.759662 0.438075124885 -0.0997486829221
106.4 24 20 0.953736 0.438055710191 -0.0997516450443
106.5 24 20 0.939167 0.438036419365 -0.0997545650194
106.6 24 20 0.938617 0.438017251132 -0.0997574412685
106.7 24 20 0.935245 0.437998204759 -0.0997602908892
106.8 24 20 0.936556 0.43797927871 -0.0997630980825
106.9 24 20 0.757746 0.437960471614 -0.0997658764363
107 24 20 0.755823 0.437941781816 -0.0997686231837
107.1 24 20 0.933269 0.437923207361 -0.0997713365481
107.2 24 20 0.939139 0.43790474681 -0.0997740285943
107.3 24 20 0.756241 0.437886398055 -0.0997767003681
107.4 24 20 0.933035 0.437868159269 -0.0997793465541
107.5 24 20 0.764881 0.437850028404 -0.0997819797931
107.6 24 20 0.94235 0.437832003006 -0.0997845924966
107.7 24 20 0.757342 0.437814081321 -0.0997872004539
107.8 24 20 0.93945 0.437796261162 -0.0997898027916
107.9 24 20 0.759081 0.437778540741 -0.0997923991755
108 24 20 0.761768 0.437760917824 -0.0997949919806
108.1 24 20 0.759965 0.437743390446 -0.0997975837831
108.2 24 20 0.758793 0.437725956276 -0.0998001753729
108.3 24 20 0.758469 0.437708614181 -0.0998027772632
108.4 24 20 0.944515 0.437691361513 -0.099805385077
108.5 24 20 0.760025 0.437674196823 -0.0998080103229
108.6 24 20 0.942443 0.437657119015 -0.0998106504362
108.7 24 20 0.76191 0.437640126036 -0.0998133054809
108.8 24 20 0.759308 0.437623216874 -0.0998159709462
108.9 24 20 0.954989 0.437606390575 -0.0998186544119
109 24 20 0.94851 0.437589645871 -0.0998213542661
109.1 24 20 0.757494 0.437572981834 -0.0998240795611
109.2 24 20 0.964043 0.437556398017 -0.0998268203637
109.3 24 20 0.772466 0.437539893367 -0.0998295809603
109.4 24 20 0.96003 0.437523467795 -0.0998323633509
109.5 24 20 0.764451 0.437507120564 -0.0998351630203
109.6 24 20 0.950587 0.4374908518 -0.0998379904728
109.7 24 20 0.955433 0.437474661801 -0.0998408295632
109.8 24 20 0.772193 0.437458550122 -0.099843692707
109.9 24 20 0.954251 0.437442517095 -0.0998465763669
110 24 20 0.956132 0.437426562773 -0.099849477267
110.1 24 20 0.952223 0.437410687733 -0.0998523963453
110.2 24 20 0.952422 0.437394892523 -0.0998553267794
110.3 24 20 0.94811 0.43737917783 -0.0998582688813
110.4 24 20 0.945978 0.437363544403 -0.0998612234245
110.5 24 20 0.94832 0.437347992963 -0.0998641838004
110.6 24 20 0.766768 0.437332524013 -0.0998671544519
110.7 24 20 0.944723 0.437317138694 -0.0998701229704
110.8 24 20 0.95137 0.437301837162 -0.0998730885313
110.9 24 20 0.764885 0.437286621422 -0.0998760561747
111 24 20 0.930017 0.437271491917 -0.0998790181875
111.1 24 20 0.913215 0.437256449276 -0.0998819696405
111.2 24 21 0.920637 0.437241494394 -0.099884913763
111.3 24 20 0.742887 0.437226628148 -0.0998878359655
111.4 24 20 0.740628 0.43721185101 -0.0998907387486
111.5 24 20 0.739184 0.437197163007 -0.0998936296704
111.6 24 20 0.923691 0.437182564549 -0.0998964922273
111.7 24 20 0.924682 0.437168056331 -0.0998993392284
111.8 24 20 0.924006 0.437153637743 -0.0999021656151
111.9 24 20 0.92239 0.437139309289 -0.0999049603917
112 24 20 0.927658 0.437125071052 -0.099907726819
112.1 24 20 0.738981 0.437110922911 -0.0999104590035
112.2 24 20 0.740459 0.437096864732 -0.0999131670559
112.3 24 20 0.921913 0.437082895559 -0.0999158498678
112.4 24 20 0.93386 0.437069015034 -0.0999185007111
112.5 24 20 0.935702 0.437055222336 -0.0999211249678
112.6 24 20 0.757185 0.437041517502 -0.0999237119901
112.7 24 20 0.938913 0.437027898887 -0.0999262739759
112.8 24 20 0.941726 0.437014365754 -0.0999288073095
112.9 24 20 0.759472 0.437000917506 -0.0999313069779
113 24 20 0.760431 0.436987552168 -0.0999337861475
113.1 24 20 0.939821 0.436974267235 -0.0999362388763
113.2 24 20 0.945522 0.436961062753 -0.0999386775508
113.3 24 20 0.76237 0.43694793622 -0.0999410792105
113.4 24 20 0.938183 0.436934886371 -0.0999434667432
113.5 24 20 0.756859 0.436921911818 -0.0999458335753
113.6 24 20 0.937293 0.436909009728 -0.0999481861395
113.7 24 20 0.935224 0.436896179401 -0.0999505311564
113.8 24 20 0.935579 0.436883418606 -0.0999528615461
113.9 24 20 0.936705 0.436870725749 -0.0999551847544
114 24 20 0.943677 0.436858099137 -0.0999575031968
114.1 24 20 0.932645 0.436845537024 -0.099959819885
114.2 24 20 0.93479 0.436833037653 -0.0999621361695
114.3 24 20 0.752527 0.436820599362 -0.0999644534521
114.4 24 20 0.759748 0.436808220886 -0.0999667741664
114.5 24 20 0.938828 0.436795899868 -0.099969109073
114.6 24 21 0.936806 0.436783635476 -0.0999714489605
114.7 24 20 0.934847 0.43677142585 -0.099973796463
114.8 24 20 0.930415 0.436759269936 -0.0999761572396
114.9 24 21 0.749092 0.436747167231 -0.0999785318908
115 24 20 0.748523 0.436735116325 -0.099980920831
115.1 24 20 0.933889 0.436723116117 -0.0999833258541
115.2 24 20 0.754012 0.43671116623 -0.0999857504678
115.3 24 20 0.743519 0.436699265772 -0.0999881890706
115.4 24 20 0.917789 0.436687414167 -0.0999906437994
115.5 24 20 0.918104 0.436675610953 -0.0999931214228
115.6 24 20 0.915397 0.436663856163 -0.0999956142682
115.7 24 20 0.914077 0.436652149336 -0.0999981272632
115.8 24 20 0.917507 0.43664049074 -0.100000656258
115.9 24 20 0.917871 0.436628880525 -0.100003205213
116 24 20 0.918549 0.436617318658 -0.100005771036
116.1 24 20 0.924641 0.436605804904 -0.100008343426
116.2 24 20 0.925133 0.436594340243 -0.100010934546
116.3 24 20 0.926109 0.436582925582 -0.100013537974
116.4 24 20 0.922089 0.436571561344 -0.100016145659
116.5 24 20 0.73825 0.436560248104 -0.100018766472
116.6 24 20 0.732767 0.436548986183 -0.100021390919
116.7 24 20 0.912075 0.436537777049 -0.100024020556
116.8 24 20 0.927694 0.43652662145 -0.100026648088
116.9 24 20 0.74849 0.436515521639 -0.100029273097
117 24 20 0.925874 0.436504478279 -0.100031893298
117.1 24 20 0.930821 0.436493491875 -0.100034508019
117.2 24 20 0.940297 0.436482563595 -0.100037116263
117.3 24 20 0.930468 0.436471694778 -0.100039711703
117.4 24 20 0.932009 0.43646088574 -0.100042297066
117.5 24 21 0.741582 0.436450137689 -0.100044871703
117.6 24 21 0.926004 0.436439450623 -0.100047433128
117.7 24 21 0.742665 0.436428825355 -0.100049982239
117.8 24 21 0.930544 0.436418262213 -0.100052505902
117.9 24 20 0.930745 0.436407763062 -0.100055012735
118 24 21 0.937441 0.436397326693 -0.100057503284
118.1 24 21 0.942634 0.436386953592 -0.100059970918
118.2 24 21 0.93578 0.436376644067 -0.100062413418
118.3 24 21 0.935556 0.43636639881 -0.100064827457
118.4 24 21 0.93595 0.436356217193 -0.100067221439
118.5 24 21 0.929211 0.436346099408 -0.100069579084
118.6 24 21 0.743218 0.436336044575 -0.100071914027
118.7 24 21 0.93255 0.436326052289 -0.100074220735
118.8 24 21 0.929472 0.436316121969 -0.100076504697
118.9 24 21 0.746829 0.436306253614 -0.100078750148
119 24 21 0.932538 0.43629644603 -0.100080973182
119.1 24 21 0.753359 0.436286698229 -0.100083169491
119.2 24 21 0.749691 0.436277009224 -0.100085341377
119.3 24 21 0.747957 0.436267378024 -0.100087486788
119.4 24 21 0.933876 0.436257803622 -0.100089610087
119.5 24 21 0.926558 0.436248285334 -0.100091708721
119.6 24 21 0.933272 0.436238821415 -0.100093787203
119.7 24 21 0.936199 0.43622941088 -0.100095850961
119.8 24 21 0.751253 0.436220052743 -0.100097889891
119.9 24 21 0.935448 0.436210745019 -0.100099914621
120 24 21 0.939301 0.436201486857 -0.100101927358
120.1 24 22 0.939238 0.436192277168 -0.100103930592
120.2 24 21 0.941626 0.436183113989 -0.100105917048
120.3 24 21 0.762186 0.436173996326 -0.100107894507
120.4 24 21 0.759222 0.43616492271 -0.100109869338
120.5 24 21 0.746521 0.436155892199 -0.100111846591
120.6 24 21 0.931935 0.436146903834 -0.100113816842
120.7 24 21 0.934779 0.436137955997 -0.100115781251
120.8 24 21 0.75278 0.436129047624 -0.100117744758
120.9 24 21 0.93571 0.436120177775 -0.100119716377
121 24 21 0.753258 0.436111345298 -0.100121691959
121.1 24 21 0.937129 0.436102549344 -0.100123677655
121.2 24 22 0.756736 0.436093789248 -0.100125673976
121.3 24 21 0.940823 0.436085064027 -0.100127671857
121.4 24 21 0.939033 0.43607637353 -0.100129685649
121.5 24 21 0.931824 0.436067717319 -0.100131707106
121.6 24 21 0.747272 0.436059095461 -0.100133740364
121.7 24 21 0.934732 0.436050507095 -0.100135789073
121.8 24 21 0.933696 0.436041951853 -0.100137848071
121.9 24 21 0.754545 0.436033430009 -0.100139924733
122 24 21 0.937662 0.43602494123 -0.100142009841
122.1 24 21 0.942921 0.436016485772 -0.100144109125
122.2 24 21 0.760613 0.436008064417 -0.100146216978
122.3 24 21 0.941714 0.435999676562 -0.100148336094
122.4 24 21 0.938846 0.435991322922 -0.100150467489
122.5 24 21 0.937186 0.435983003657 -0.100152609298
122.6 24 21 0.933738 0.435974719272 -0.100154762576
122.7 24 21 0.75481 0.435966470366 -0.100156921016
122.8 24 21 0.942275 0.435958257202 -0.100159084069
122.9 24 21 0.938937 0.435950080688 -0.100161254385
123 24 21 0.943103 0.435941941346 -0.100163427132
123.1 24 21 0.757741 0.435933840009 -0.100165601323
123.2 24 21 0.94451 0.435925776976 -0.100167773055
123.3 24 21 0.940929 0.435917753151 -0.100169943465
123.4 24 21 0.940708 0.435909769038 -0.100172114615
123.5 24 21 0.95197 0.43590182504 -0.100174286169
123.6 24 21 0.929745 0.43589392196 -0.100176446311
123.7 24 21 0.942267 0.435886059784 -0.10017859155
123.8 24 21 0.937233 0.435878239906 -0.10018073366
123.9 24 21 0.938841 0.435870462129 -0.100182863487
124 24 21 0.940206 0.435862726673 -0.100184978799
124.1 24 21 0.947027 0.435855034397 -0.100187074493
124.2 24 21 0.753148 0.435847385134 -0.100189159155
124.3 24 21 0.939483 0.435839779112 -0.100191225213
124.4 24 21 0.752047 0.43583221654 -0.100193274822
124.5 24 21 0.933008 0.43582469713 -0.100195302222
124.6 24 21 0.752277 0.43581722106 -0.100197311147
124.7 24 21 0.942385 0.435809788092 -0.100199300409
124.8 24 21 0.771451 0.43580239799 -0.100201268472
124.9 24 21 0.954429 0.435795050312 -0.100203216561
125 24 21 0.950496 0.435787744731 -0.100205139252
125.1 24 21 0.949824 0.435780480896 -0.100207039335
125.2 24 21 0.945913 0.435773257909 -0.100208921043
125.3 24 21 0.921113 0.435766075194 -0.100210781387
125.4 24 21 0.742568 0.435758932375 -0.10021262547
125.5 24 21 0.923062 0.435751828184 -0.100214445307
125.6 24 21 0.740918 0.435744761829 -0.100216248892
125.7 24 21 0.946376 0.43573773236 -0.100218033981
125.8 24 21 0.927095 0.43573073924 -0.100219803361
125.9 24 21 0.740495 0.435723781336 -0.100221560052
126 24 21 0.930886 0.435716857384 -0.100223299602
126.1 24 21 0.926944 0.435709966581 -0.100225029516
126.2 24 21 0.944978 0.435703108256 -0.100226749122
126.3 24 21 0.970983 0.435696281027 -0.100228459841
126.4 24 21 0.976306 0.43568948394 -0.100230161422
126.5 24 21 0.782375 0.435682716091 -0.100231860699
126.6 24 21 0.784658 0.435675976546 -0.100233554904
126.7 24 21 0.977503 0.435669263854 -0.100235246274
126.8 24 21 0.973617 0.435662577266 -0.100236938394
126.9 24 21 0.780136 0.435655916231 -0.100238635333
127 24 21 0.78002 0.435649280016 -0.10024033274
127.1 24 21 0.783438 0.435642667545 -0.100242037167
127.2 24 21 0.972624 0.435636078062 -0.100243748224
127.3 24 21 0.971209 0.435629511347 -0.100245466768
127.4 24 21 0.963083 0.435622966751 -0.100247195652
127.5 24 21 0.772629 0.435616443609 -0.10024893511
127.6 24 21 0.965134 0.435609941588 -0.100250683908
127.7 24 21 0.970501 0.435603460228 -0.100252449433
127.8 24 21 0.965696 0.435596999458 -0.100254227575
127.9 24 21 0.964994 0.43559055894 -0.100256019148
128 24 21 0.965917 0.43558413857 -0.100257827757
128.1 24 21 0.963011 0.435577738547 -0.1002596512
128.2 24 21 0.934404 0.435571358624 -0.100261490296
128.3 24 21 0.934315 0.435564998643 -0.100263346411
128.4 24 22 0.752285 0.435558658991 -0.100265213945
128.5 24 21 0.922577 0.435552339835 -0.100267093416
128.6 24 21 0.742551 0.43554604177 -0.100268990308
128.7 24 21 0.744989 0.435539764516 -0.100270901147
128.8 24 21 0.92391 0.435533508743 -0.100272828302
128.9 24 22 0.928606 0.435527274685 -0.100274763934
129 24 21 0.927657 0.435521062793 -0.100276714046
129.1 24 21 0.933586 0.435514873755 -0.100278672852
129.2 24 21 0.748553 0.435508708332 -0.100280637546
129.3 24 21 0.93013 0.435502566471 -0.100282611979
129.4 24 21 0.746228 0.435496449043 -0.100284592037
129.5 24 21 0.925841 0.435490356401 -0.100286577849
129.6 24 21 0.930546 0.435484289012 -0.100288564022
129.7 24 22 0.929477 0.435478247707 -0.100290554158
129.8 24 21 0.932527 0.435472232865 -0.100292539896
129.9 24 21 0.968333 0.435466244833 -0.100294524273
130 24 21 0.761008 0.435460284293 -0.100296504231
130.1 24 21 0.940752 0.435454351158 -0.100298480653
130.2 24 21 0.755158 0.435448446109 -0.100300449014
130.3 24 21 0.759198 0.435442569334 -0.100302409937
130.4 24 21 0.754262 0.435436720845 -0.100304364575
130.5 24 21 0.941942 0.43543090097 -0.100306306619
130.6 24 21 0.93847 0.435425109358 -0.100308234766
130.7 24 21 0.76161 0.435419346578 -0.100310150016
130.8 24 21 0.946283 0.435413612558 -0.100312056811
130.9 24 21 0.767651 0.435407907351 -0.100313944265
131 24 21 0.946998 0.435402230599 -0.100315814917
131.1 24 21 0.763161 0.43539658239 -0.10031766924
131.2 24 21 0.947231 0.435390962306 -0.100319511926
131.3 24 21 0.93992 0.435385370435 -0.100321339596
131.4 24 21 0.756766 0.435379805849 -0.100323144655
131.5 24 22 0.947775 0.435374268117 -0.100324929478
131.6 24 21 0.75898 0.435368756785 -0.100326698935
131.7 24 21 0.937716 0.435363271446 -0.100328447433
131.8 24 21 0.939863 0.435357811281 -0.100330183853
131.9 24 21 0.752642 0.435352375597 -0.100331897493
132 24 21 0.75595 0.435346963822 -0.100333598358
132.1 24 21 0.941411 0.435341574457 -0.100335287265
132.2 24 21 0.937692 0.435336207788 -0.100336959516
132.3 24 21 0.75494 0.435330862954 -0.100338617739
132.4 24 21 0.756908 0.435325538854 -0.100340262098
132.5 24 21 0.932352 0.435320234279 -0.100341898294
132.6 24 21 0.74923 0.435314949226 -0.1003435199
132.7 24 21 0.933107 0.435309682366 -0.100345134314
132.8 24 21 0.754722 0.43530443367 -0.100346741119
132.9 24 21 0.93075 0.435299201817 -0.100348338749
133 24 21 0.943827 0.435293986022 -0.100349928982
133.1 24 21 0.762856 0.435288786709 -0.100351517893
133.2 24 21 0.970288 0.435283602434 -0.10035310752
133.3 24 21 0.947991 0.435278432683 -0.100354690441
133.4 24 21 0.947215 0.435273277058 -0.100356276906
133.5 24 21 0.947259 0.435268134568 -0.100357867779
133.6 24 21 0.949422 0.435263005218 -0.100359463736
133.7 24 22 0.947793 0.435257888339 -0.100361061085
133.8 24 21 0.947227 0.43525278323 -0.100362664569
133.9 24 21 0.954043 0.435247693637 -0.100364266566
134 24 21 0.946242 0.435242619712 -0.100365876724
134.1 24 21 0.951635 0.435237561678 -0.100367503412
134.2 24 21 0.762244 0.435232520084 -0.100369147671
134.3 24 21 0.944509 0.435227494799 -0.100370811189
134.4 24 21 0.948793 0.43522248644 -0.100372499652
134.5 24 21 0.762361 0.435217495146 -0.100374212971
134.6 24 21 0.762877 0.435212521321 -0.100375949729
134.7 24 21 0.765203 0.435207561612 -0.100377660541
134.8 24 21 0.945927 0.43520262007 -0.100379393239
134.9 24 21 0.947243 0.435197696877 -0.100381202715
135 24 21 0.94082 0.435192792403 -0.100383041181
135.1 24 21 0.749472 0.435187906444 -0.100384910743
135.2 24 21 0.751122 0.43518303889 -0.100386809646
135.3 24 21 0.939017 0.435178189332 -0.100388731072
135.4 24 21 0.756598 0.435173357363 -0.100390680006
135.5 24 21 0.942216 0.435168542404 -0.100392652785
135.6 24 21 0.942775 0.435163743807 -0.100394644207
135.7 24 22 0.756958 0.43515896081 -0.100396653504
135.8 24 22 0.757819 0.435154191091 -0.100398571916
135.9 24 21 0.952179 0.435149436054 -0.1004005037
136 24 21 0.950929 0.435144694651 -0.100402545049
136.1 24 21 0.938775 0.435139965285 -0.100404592656
136.2 24 21 0.949873 0.435135246984 -0.100406642994
136.3 24 21 0.946617 0.435130537731 -0.100408693915
136.4 24 21 0.978763 0.43512583674 -0.100410742686
136.5 24 21 0.950908 0.43512114145 -0.100412778131
136.6 24 22 0.952635 0.435116450266 -0.100414791454
136.7 24 21 0.952983 0.435111761528 -0.100416789645
136.8 24 21 0.76464 0.435107075214 -0.100418635038
136.9 24 21 0.946772 0.435102388323 -0.100420461663
137 24 21 0.950833 0.435097699246 -0.100422369075
137.1 24 21 0.945549 0.435093006048 -0.100424238381
137.2 24 21 0.9495 0.435088307 -0.10042606024
137.3 24 21 0.955226 0.435083599905 -0.100427834267
137.4 24 21 0.942561 0.435078883545 -0.100429552423
137.5 24 21 0.94934 0.435074155775 -0.100431213997
137.6 24 21 0.760347 0.435069415479 -0.100432813589
137.7 24 21 0.94448 0.435064661496 -0.100434345248
137.8 24 21 0.950629 0.43505989255 -0.100435812177
137.9 24 21 0.94748 0.435055107541 -0.100437202797
138 24 21 0.939305 0.435050306813 -0.10043851657
138.1 24 21 0.93455 0.435045489593 -0.100439756685
138.2 24 21 0.937555 0.435040655711 -0.100440922159
138.3 24 21 0.939857 0.43503580592 -0.100442015113
138.4 24 21 0.937464 0.435030939966 -0.100443029917
138.5 24 21 0.942708 0.435026058971 -0.100443970244
138.6 24 21 0.945132 0.435021163972 -0.100444835771
138.7 24 21 0.761582 0.435016256401 -0.100445628206
138.8 24 21 0.9458 0.435011337194 -0.100446353959
138.9 24 21 0.951439 0.435006409631 -0.10044701755
139 24 21 0.945271 0.435001475586 -0.100447621164
139.1 24 21 0.942046 0.434996537984 -0.100448173932
139.2 24 21 0.941879 0.43499159923 -0.100448682796
139.3 24 21 0.759131 0.434986662158 -0.10044914556
139.4 24 21 0.772557 0.434981730493 -0.100449582716
139.5 24 21 0.781276 0.43497680775 -0.100449997122
139.6 24 21 0.949819 0.434971897255 -0.100450385595
139.7 24 21 0.954698 0.434967003166 -0.100450762044
139.8 24 21 0.760809 0.434962128923 -0.100451133118
139.9 24 21 0.95387 0.434957278786 -0.100451513689
140 24 21 0.759523 0.434952456876 -0.100451915441
140.1 24 21 0.945909 0.434947669353 -0.100452311772
140.2 24 21 0.759636 0.434942918388 -0.100452741232
140.3 24 21 0.943044 0.434938208299 -0.10045321598
140.4 24 21 0.945561 0.434933542528 -0.100453720943
140.5 24 21 0.760986 0.434928923827 -0.100454283972
140.6 24 21 0.764281 0.434924355737 -0.100454920698
140.7 24 21 0.953416 0.434919839398 -0.100455622884
140.8 24 21 0.951393 0.434915377529 -0.100456381961
140.9 24 21 0.768097 0.434910974965 -0.100457231875
141 24 21 0.951184 0.434906633699 -0.100458180539
141.1 24 21 0.949428 0.434902355779 -0.100459219209
141.2 24 21 0.946236 0.434898142389 -0.100460346766
141.3 24 21 0.758381 0.434893994578 -0.100461564744
141.4 24 22 0.939823 0.434889913069 -0.100462874987
141.5 24 21 0.939509 0.434885897919 -0.100464280726
141.6 24 21 0.944526 0.434881949711 -0.10046577247
141.7 24 21 0.944615 0.434878061159 -0.10046726505
141.8 24 21 0.942623 0.434874232658 -0.100468740732
141.9 24 21 0.942216 0.434870464876 -0.100470280026
142 24 22 0.765405 0.434866757416 -0.100471869446
142.1 24 21 0.939985 0.434863109193 -0.10047350416
142.2 24 21 0.943254 0.43485952062 -0.100475190694
142.3 24 21 0.946231 0.434855990782 -0.100476922378
142.4 24 21 0.762599 0.434852519133 -0.100478693873
142.5 24 21 0.765169 0.434849105308 -0.10048051518
142.6 24 21 0.758365 0.434845748724 -0.100482386255
142.7 24 21 0.974785 0.434842448611 -0.100484298406
142.8 24 21 0.948668 0.434839204285 -0.100486257618
142.9 24 21 0.949217 0.434836014038 -0.100488266623
143 24 21 0.953651 0.43483287583 -0.100490316006
143.1 24 21 0.944462 0.434829789122 -0.100492399777
143.2 24 21 0.944425 0.434826750966 -0.100494524937
143.3 24 21 0.951261 0.434823759489 -0.100496688051
143.4 24 21 0.774676 0.434820811806 -0.100498877421
143.5 24 21 0.956352 0.434817906531 -0.100501089752
143.6 24 21 0.978324 0.434815040759 -0.10050333021
143.7 24 21 0.987599 0.434812211164 -0.100505602096
143.8 24 21 0.82676 0.434809414135 -0.100507903924
143.9 24 22 0.983417 0.434806646361 -0.100510218107
144 24 21 0.78128 0.434803904592 -0.100512545499
144.1 24 22 0.781982 0.434801184024 -0.100514879814
144.2 24 21 0.96013 0.434798481452 -0.100517219875
144.3 24 21 0.947846 0.434795791454 -0.100519570838
144.4 24 21 0.940665 0.434793110857 -0.10052191665
144.5 24 22 0.935198 0.434790434926 -0.100524255427
144.6 24 21 0.936573 0.434787758155 -0.100526591363
144.7 24 21 0.940831 0.434785077106 -0.100528909058
144.8 24 21 0.939674 0.43478238798 -0.100531208897
144.9 24 21 0.945129 0.434779684778 -0.100533485788
145 24 21 0.959179 0.434776962512 -0.100535734497
145.1 24 21 0.955413 0.434774216564 -0.100537937825
145.2 24 21 0.763077 0.434771443042 -0.100540102759
145.3 24 21 0.761612 0.434768636788 -0.100542226233
145.4 24 21 0.946702 0.434765794076 -0.100544304438
145.5 24 23 0.768675 0.43476291099 -0.100546338476
145.6 24 21 0.94697 0.434759984068 -0.100548347507
145.7 24 21 0.945301 0.434757009103 -0.100550297227
145.8 24 21 0.975076 0.434753981819 -0.10055214577
145.9 24 21 0.765352 0.434750899661 -0.100553923182
146 24 21 0.946358 0.434747759108 -0.100555628873
146.1 24 21 0.759631 0.434744557648 -0.100557258719
146.2 24 21 0.764435 0.434741292331 -0.100558813207
146.3 24 21 0.95334 0.434737963278 -0.100560280796
146.4 24 21 0.777529 0.434734568639 -0.100561662139
146.5 24 21 0.952345 0.434731106174 -0.100562962882
146.6 24 21 0.953516 0.434727577268 -0.100564184843
146.7 24 21 0.940013 0.434723981079 -0.100565319489
146.8 24 21 0.774847 0.434720317436 -0.100566367223
146.9 24 21 0.954424 0.434716585502 -0.100567340667
147 24 21 0.948296 0.434712788075 -0.100568204052
147.1 24 22 0.94829 0.434708927149 -0.100568965119
147.2 24 21 0.762453 0.434705004458 -0.100569650442
147.3 24 21 0.945231 0.434701014779 -0.100570210349
147.4 24 21 0.946256 0.43469696333 -0.100570626587
147.5 24 21 0.756517 0.434692855048 -0.100570954035
147.6 24 21 0.935721 0.434688694473 -0.100571198009
147.7 24 21 0.956552 0.43468448779 -0.100571373813
147.8 24 21 0.771276 0.434680240305 -0.100571482231
147.9 24 22 0.937815 0.434675957807 -0.10057153812
148 24 21 0.930643 0.434671647122 -0.100571551158
148.1 24 21 0.758088 0.434667314489 -0.10057152599
148.2 24 21 0.967888 0.434662966714 -0.100571471139
148.3 24 21 0.968737 0.434658609921 -0.100571406103
148.4 24 21 0.773241 0.434654251114 -0.100571330751
148.5 24 21 0.961623 0.434649898532 -0.100571252289
148.6 24 21 0.98997 0.434645557762 -0.100571199536
148.7 24 21 1.044716 0.434641234344 -0.100571171339
148.8 24 21 0.983252 0.434636933489 -0.100571163238
148.9 24 21 0.821119 0.434632660485 -0.100571184751
149 24 21 0.819888 0.434628419729 -0.10057125298
149.1 24 21 0.805831 0.43462421572 -0.10057136822
149.2 24 21 0.99058 0.434620052609 -0.100571520753
149.3 24 21 0.9901 0.43461593465 -0.100571731981
149.4 24 21 0.817332 0.434611864919 -0.100571999867
149.5 24 21 0.997975 0.434607846245 -0.100572328092
149.6 24 22 0.971962 0.434603881643 -0.100572720538
149.7 24 21 0.960954 0.434599973461 -0.10057317653
149.8 24 21 0.963698 0.434596123699 -0.100573697442
149.9 24 21 0.770988 0.434592333983 -0.100574285548
150 24 22 0.770586 0.434588605333 -0.10057494201
150.1 24 21 0.952938 0.434584938416 -0.100575670388
150.2 24 21 0.765265 0.434581333817 -0.100576469905
150.3 24 21 0.971077 0.434577791214 -0.100577335142
150.4 24 21 0.958547 0.434574310703 -0.100578269339
150.5 24 21 0.95844 0.434570891253 -0.100579268004
150.6 24 22 0.964113 0.434567532117 -0.100580334922
150.7 24 21 0.960736 0.434564231832 -0.100581460257
150.8 24 21 0.789654 0.434560988862 -0.100582652346
150.9 24 21 0.959259 0.434557801213 -0.100583895757
151 24 21 0.965073 0.434554667089 -0.100585196423
151.1 24 21 0.768612 0.434551584002 -0.100586551425
151.2 24 21 0.961188 0.434548549802 -0.10058795089
151.3 24 21 0.954723 0.434545561424 -0.100589398246
151.4 24 21 0.953181 0.434542615876 -0.100590888273
151.5 24 21 0.945589 0.434539710093 -0.10059241327
151.6 24 21 0.766646 0.434536841111 -0.100593970848
151.7 24 21 0.983376 0.434534005824 -0.100595561224
151.8 24 21 1.000436 0.434531200835 -0.100597177463
151.9 24 21 0.762698 0.434528422881 -0.100598815792
152 24 21 0.954543 0.434525669302 -0.100600473032
152.1 24 21 0.93398 0.434522936904 -0.100602140913
152.2 24 21 0.968881 0.434520222118 -0.100603812177
152.3 24 21 0.941975 0.434517522042 -0.100605497608
152.4 24 21 0.950813 0.434514834135 -0.100607184323
152.5 24 21 0.951428 0.434512155056 -0.100608870064
152.6 24 21 0.9426 0.434509482353 -0.100610545469
152.7 24 21 0.944544 0.434506813561 -0.100612216738
152.8 24 21 0.947281 0.434504145907 -0.100613873824
152.9 24 21 0.955112 0.434501477629 -0.100615516274
153 24 21 1.022853 0.434498806394 -0.100617145082
153.1 24 21 0.974324 0.434496130586 -0.100618756993
153.2 24 21 0.959369 0.434493448569 -0.100620346231
153.3 24 21 0.943542 0.434490759028 -0.100621914018
153.4 24 21 0.759667 0.434488060685 -0.10062346142
153.5 24 21 0.758316 0.434485353042 -0.100624981528
153.6 24 21 0.94203 0.434482634857 -0.100626478859
153.7 24 21 0.943511 0.434479905912 -0.100627946438
153.8 24 21 0.940752 0.434477165167 -0.100629394652
153.9 24 21 0.938947 0.434474412654 -0.100630813388
154 24 21 0.93679 0.434471647995 -0.100632210473
154.1 24 21 0.757618 0.434468874904 -0.100633573375
154.2 24 21 0.941847 0.434466094399 -0.100634902954
154.3 24 21 0.969546 0.434463307507 -0.100636214193
154.4 24 21 0.782856 0.434460515332 -0.100637505743
154.5 24 22 0.767806 0.43445771925 -0.100638781081
154.6 24 21 0.949224 0.434454920597 -0.100640048382
154.7 24 21 0.963393 0.434452120571 -0.100641309754
154.8 24 21 0.951196 0.43444932088 -0.100642562877
154.9 24 21 0.963112 0.43444652298 -0.100643812631
155 24 21 0.962095 0.434443727812 -0.100645063588
155.1 24 21 0.972218 0.434440936832 -0.100646316016
155.2 24 21 0.951012 0.434438142077 -0.100647496148
155.3 24 21 0.989066 0.434435345272 -0.100648590434
155.4 24 21 0.975585 0.434432548303 -0.10064965793
155.5 24 21 0.98481 0.434429754183 -0.100650689999
155.6 24 21 0.958542 0.434426964282 -0.100651705234
155.7 24 21 0.948707 0.43442417898 -0.100652721492
155.8 24 22 0.959912 0.434421401445 -0.100653722014
155.9 24 21 0.952899 0.434418633455 -0.100654710797
156 24 21 0.768123 0.434415877053 -0.100655690285
156.1 24 21 0.964588 0.434413133982 -0.100656681219
156.2 24 21 0.973654 0.434410405947 -0.100657674415
156.3 24 21 0.967367 0.434407694658 -0.100658678527
156.4 24 21 0.94712 0.434405001689 -0.100659690387
156.5 24 21 0.954821 0.434402328482 -0.100660723213
156.6 24 21 0.951565 0.434399677578 -0.100661773733
156.7 24 21 0.758241 0.434397048429 -0.100662847797
156.8 24 21 0.948534 0.434394441823 -0.100663953568
156.9 24 21 0.950029 0.434391858079 -0.100665090141
157 24 21 0.936616 0.434389297826 -0.10066626644
157.1 24 21 0.956746 0.434386760249 -0.100667481232
157.2 24 21 0.952086 0.434384243842 -0.100668725535
157.3 24 21 0.757223 0.43438174889 -0.100670002233
157.4 24 21 0.758873 0.434379274693 -0.100671314036
157.5 24 21 0.945589 0.434376815361 -0.100672653772
157.6 24 21 0.945141 0.434374373777 -0.100674022369
157.7 24 21 0.949988 0.434371947017 -0.100675441102
157.8 24 21 0.953524 0.434369533557 -0.100676897751
157.9 24 21 0.940625 0.434367130359 -0.100678381185
158 24 21 1.013764 0.434364735788 -0.100679872357
158.1 24 21 0.985234 0.434362347008 -0.100681410199
158.2 24 21 0.769635 0.434359961088 -0.10068299092
158.3 24 21 0.965649 0.434357574255 -0.100684596396
158.4 24 21 0.798339 0.434355183738 -0.100686223085
158.5 24 21 0.962647 0.4343527858 -0.10068786755
158.6 24 21 0.778879 0.434350377044 -0.100689523994
158.7 24 21 0.965908 0.434347953596 -0.100691179845
158.8 24 21 0.783696 0.434345510429 -0.100692814749
158.9 24 21 0.785351 0.434343045107 -0.100694431613
159 24 21 0.981812 0.434340555004 -0.100696048965
159.1 24 21 0.961566 0.434338036475 -0.100697662445
159.2 24 21 0.978295 0.434335486905 -0.100699253798
159.3 24 22 0.831806 0.434332903284 -0.100700783581
159.4 24 21 0.991132 0.434330269736 -0.100702380268
159.5 24 21 0.971271 0.434327582753 -0.10070404329
159.6 24 21 1.002568 0.43432483961 -0.100705626387
159.7 24 21 0.991615 0.43432203777 -0.100707116901
159.8 24 21 0.996466 0.434319175551 -0.100708516678
159.9 24 21 0.790462 0.43431625136 -0.100709819951
160 24 21 0.974409 0.434313264421 -0.10071102861
160.1 24 21 0.973584 0.434310214212 -0.100712137181
160.2 24 21 0.963064 0.4343071012 -0.100713148935
160.3 24 21 0.968962 0.434303926346 -0.100714065839
160.4 24 21 0.992002 0.434300690293 -0.100714885771
160.5 24 21 0.975596 0.434297395199 -0.100715611488
160.6 24 21 0.779786 0.434294042808 -0.100716239378
160.7 24 21 0.971892 0.434290636017 -0.100716777042
160.8 24 21 0.96992 0.434287177899 -0.10071723026
160.9 24 21 0.787613 0.434283671856 -0.100717600305
161 24 21 0.98548 0.434280122101 -0.100717886356
161.1 24 21 0.962654 0.434276532046 -0.100718100367
161.2 24 21 1.023252 0.434272906114 -0.100718258664
161.3 24 21 0.974298 0.43426924897 -0.10071835551
161.4 24 22 0.985525 0.43426556522 -0.100718399247
161.5 24 21 0.775552 0.434261859581 -0.100718402949
161.6 24 21 0.773166 0.434258136388 -0.100718371609
161.7 24 21 0.959093 0.434254400712 -0.100718308749
161.8 24 21 0.973411 0.434250657486 -0.100718227009
161.9 24 21 1.004432 0.434246911172 -0.100718127699
162 24 21 0.951193 0.434243166422 -0.100718016587
162.1 24 21 0.960533 0.434239427604 -0.100717906773
162.2 24 21 0.981651 0.434235698775 -0.100717800741
162.3 24 22 0.77285 0.4342319866 -0.100717667349
162.4 24 21 0.960306 0.434228292902 -0.10071755519
162.5 24 21 0.95828 0.434224621334 -0.100717510232
162.6 24 21 0.776837 0.434220975006 -0.100717492816
162.7 24 21 0.966804 0.434217356573 -0.100717512658
162.8 24 21 0.953398 0.43421376873 -0.100717572907
162.9 24 21 0.957956 0.434210213739 -0.100717679549
163 24 21 0.97564 0.434206693715 -0.100717833555
163.1 24 21 1.001352 0.434203210098 -0.100718033103
163.2 24 21 0.957429 0.434199764116 -0.100718286354
163.3 24 21 0.956154 0.434196356202 -0.100718594319
163.4 24 21 0.979067 0.434192989287 -0.100718837581
163.5 24 21 0.97383 0.434189664271 -0.100719013215
163.6 24 21 0.97388 0.434186383224 -0.100719261183
163.7 24 21 0.981547 0.434183146177 -0.100719574696
163.8 24 22 0.777195 0.434179953786 -0.10071993221
163.9 24 21 0.962984 0.434176805967 -0.100720348141
164 24 21 0.966268 0.434173703162 -0.10072083258
164.1 24 21 0.77352 0.434170644425 -0.100721395175
164.2 24 21 0.953389 0.434167629603 -0.10072201337
164.3 24 21 0.955697 0.434164657747 -0.100722684219
164.4 24 21 0.958349 0.434161727653 -0.100723417079
164.5 24 21 0.956814 0.434158837921 -0.100724208002
164.6 24 21 0.81638 0.43415598644 -0.100725055319
164.7 24 21 0.990689 0.434153172066 -0.100725960502
164.8 24 21 0.770165 0.434150389806 -0.100726929093
164.9 24 21 0.962555 0.434147640244 -0.100727937211
165 24 21 0.97382 0.434144918158 -0.100728984036
165.1 24 22 0.967243 0.434142223515 -0.100730076884
165.2 24 21 0.965723 0.434139549708 -0.100731221043
165.3 24 21 0.956418 0.434136897929 -0.100732388528
165.4 24 21 0.765415 0.434134265275 -0.100733561944
165.5 24 21 0.953739 0.434131649272 -0.10073476193
165.6 24 22 0.947958 0.434129047221 -0.100735980588
165.7 24 21 0.945002 0.434126456097 -0.100737214918
165.8 24 21 0.965872 0.434123873816 -0.10073845065
165.9 24 22 0.996115 0.434121297335 -0.100739699284
166 24 21 0.949147 0.434118724924 -0.100740920137
166.1 24 21 0.771645 0.434116151909 -0.100742117755
166.2 24 21 0.961725 0.43411357847 -0.100743355029
166.3 24 21 0.972304 0.434111002546 -0.10074458546
166.4 24 21 0.968786 0.434108421907 -0.100745805084
166.5 24 21 0.971137 0.434105834937 -0.1007469986
166.6 24 21 0.789547 0.434103240234 -0.100748179167
166.7 24 21 0.952524 0.434100635705 -0.100749335349
166.8 24 22 0.959605 0.434098020181 -0.100750467512
166.9 24 21 0.959726 0.434095392115 -0.100751532574
167 24 21 0.77618 0.434092750005 -0.100752519852
167.1 24 21 0.964125 0.434090095292 -0.100753505022
167.2 24 21 0.769082 0.434087428282 -0.100754488636
167.3 24 21 0.955221 0.4340847404 -0.100755504603
167.4 24 21 0.95046 0.434082031434 -0.100756543066
167.5 24 22 0.95536 0.434079301646 -0.100757525426
167.6 24 21 0.999353 0.434076550867 -0.100758450572
167.7 24 21 0.986081 0.434073780224 -0.100759317123
167.8 24 21 0.778555 0.434070996243 -0.100760071743
167.9 24 21 0.977325 0.434068194687 -0.100760790793
168 24 21 0.985009 0.434065377063 -0.100761518781
168.1 24 21 0.771133 0.434062549542 -0.100762137366
168.2 24 21 0.988487 0.434059709448 -0.10076272351
168.3 24 21 0.991524 0.434056858932 -0.100763333156
168.4 24 21 0.799722 0.434053999722 -0.100763906732
168.5 24 21 0.997965 0.434051134006 -0.10076444959
168.6 24 21 0.989304 0.434048263908 -0.100764967743
168.7 24 21 0.982817 0.434045391408 -0.100765464873
168.8 24 21 0.767683 0.434042518587 -0.100765944285
168.9 24 21 0.976532 0.434039647865 -0.100766411656
169 24 21 0.95157 0.434036781211 -0.100766867055
169.1 24 21 0.953481 0.434033920738 -0.100767317548
169.2 24 21 0.969916 0.43403106862 -0.100767768469
169.3 24 21 0.968622 0.434028226462 -0.100768226276
169.4 24 22 0.97839 0.43402539608 -0.100768692009
169.5 24 21 0.958768 0.434022578974 -0.100769171061
169.6 24 23 0.979189 0.43401977687 -0.100769665341
169.7 24 21 0.957692 0.434016990816 -0.100770176296
169.8 24 21 0.971321 0.434014221862 -0.100770716392
169.9 24 22 0.959357 0.434011471122 -0.100771282572
170 24 21 0.947909 0.434008739173 -0.100771872027
170.1 24 21 0.946523 0.434006026716 -0.100772494816
170.2 24 21 0.943874 0.434003333739 -0.100773156547
170.3 24 21 0.973542 0.434000660476 -0.100773857109
170.4 24 21 0.985394 0.433998006417 -0.100774592439
170.5 24 22 0.771857 0.433995371276 -0.100775380714
170.6 24 22 0.965666 0.433992754152 -0.100776111843
170.7 24 23 0.783157 0.433990154385 -0.100776918662
170.8 24 23 0.981067 0.433987570591 -0.100777712686
170.9 24 22 0.788135 0.433985001445 -0.100778556713
171 24 22 0.979871 0.433982445615 -0.100779390661
171.1 24 22 0.969282 0.433979901378 -0.100780267836
171.2 24 22 0.967779 0.433977367147 -0.100781162793
171.3 24 22 0.968876 0.433974840877 -0.100782081768
171.4 24 22 0.774347 0.433972320867 -0.100783024177
171.5 24 22 0.960458 0.433969804741 -0.100783979034
171.6 24 22 0.954759 0.433967290634 -0.100784940152
171.7 24 22 0.955263 0.43396477636 -0.100785919438
171.8 24 22 0.994384 0.433962259873 -0.100786904237
171.9 24 22 0.80117 0.433959738905 -0.10078789543
172 24 22 0.815975 0.433957211596 -0.100788884778
172.1 24 22 0.811638 0.433954676021 -0.100789869576
172.2 24 22 0.98978 0.433952130105 -0.100790866206
172.3 24 22 0.778017 0.433949572386 -0.100791844766
172.4 24 22 0.975979 0.433946999384 -0.100792668559
172.5 24 22 0.958899 0.43394441088 -0.100793478695
172.6 24 23 0.953004 0.433941807369 -0.100794267896
172.7 24 22 0.770092 0.433939189569 -0.100795048663
172.8 24 22 0.76679 0.433936558285 -0.100795801074
172.9 24 23 0.95701 0.433933915053 -0.10079654888
173 24 22 0.95083 0.433931261869 -0.100797272954
173.1 24 22 0.767567 0.433928600041 -0.100797988483
173.2 24 22 0.799314 0.433925930285 -0.100798684726
173.3 24 22 0.98757 0.433923254812 -0.100799363225
173.4 24 23 0.960123 0.433920574747 -0.10080003442
173.5 24 22 0.959979 0.433917892505 -0.100800682289
173.6 24 22 0.967278 0.433915209842 -0.100801318016
173.7 24 22 0.97018 0.433912528575 -0.100801939669
173.8 24 23 0.784221 0.433909850336 -0.100802547285
173.9 24 22 0.968849 0.433907177747 -0.10080314643
174 24 22 0.968554 0.43390451235 -0.100803738241
174.1 24 24 0.96538 0.433901856224 -0.100804329155
174.2 24 22 0.959597 0.433899210846 -0.100804912455
174.3 24 22 0.778909 0.433896578765 -0.100805472388
174.4 24 22 0.961685 0.433893961262 -0.100806043961
174.5 24 22 0.769678 0.433891360179 -0.100806605569
174.6 24 22 0.947907 0.433888777492 -0.100807172576
174.7 24 22 0.953797 0.433886214311 -0.100807747911
174.8 24 22 0.781229 0.433883672879 -0.100808314165
174.9 24 22 0.995587 0.433881154461 -0.100808883738
175 24 22 0.961641 0.433878659464 -0.100809461906
175.1 24 22 0.954979 0.433876189746 -0.100810048889
175.2 24 22 0.75849 0.433873746203 -0.10081064799
175.3 24 22 0.963764 0.433871328541 -0.100811269229
175.4 24 22 0.9557 0.433868938894 -0.100811890104
175.5 24 23 0.958002 0.433866577159 -0.100812529348
175.6 24 22 0.962349 0.43386424347 -0.100813175964
175.7 24 22 0.955928 0.433861938866 -0.100813850053
175.8 24 23 0.770554 0.433859663052 -0.100814530404
175.9 24 22 0.769752 0.433857415751 -0.100815227377
176 24 22 0.773613 0.433855197094 -0.100815944828
176.1 24 22 0.952902 0.433853005981 -0.100816678143
176.2 24 22 0.951534 0.433850842648 -0.100817427406
176.3 24 22 0.961475 0.433848705899 -0.100818199107
176.4 24 22 0.962235 0.433846595033 -0.100818994128
176.5 24 22 0.961251 0.43384450956 -0.100819797522
176.6 24 22 0.770956 0.43384244857 -0.100820615804
176.7 24 23 0.962595 0.433840410172 -0.100821467768
176.8 24 22 0.960019 0.433838393786 -0.100822320623
176.9 24 22 0.775708 0.433836398092 -0.100823188988
177 24 22 0.954017 0.433834420935 -0.100824082496
177.1 24 22 0.764792 0.433832461988 -0.100824980912
177.2 24 22 0.952782 0.433830518873 -0.100825899712
177.3 24 22 0.9806 0.433828590491 -0.100826826249
177.4 24 22 0.981502 0.433826675038 -0.10082776481
177.5 24 22 0.952287 0.433824771083 -0.100828713645
177.6 24 23 0.776776 0.433822877254 -0.10082966463
177.7 24 22 0.971952 0.433820990336 -0.100830631786
177.8 24 22 0.774235 0.433819110279 -0.100831601445
177.9 24 22 0.961173 0.433817234335 -0.100832566948
178 24 23 0.953689 0.433815361361 -0.100833534229
178.1 24 22 0.973298 0.433813490158 -0.10083448696
178.2 24 22 0.971936 0.43381161849 -0.100835453039
178.3 24 22 0.975831 0.433809745383 -0.100836405685
178.4 24 22 0.790274 0.433807869776 -0.100837352694
178.5 24 24 1.014172 0.433805989493 -0.100838292857
178.6 24 23 1.016107 0.433804104094 -0.100839224092
178.7 24 24 0.782816 0.43380221196 -0.100840134914
178.8 24 24 0.977015 0.43380031195 -0.100841043167
178.9 24 24 1.007287 0.433798403108 -0.100841940607
179 24 24 0.81339 0.433796484482 -0.10084282275
179.1 24 24 0.984411 0.433794554798 -0.100843686203
179.2 24 23 0.991253 0.433792613845 -0.100844532166
179.3 24 23 0.782384 0.433790661016 -0.100845365999
179.4 24 24 0.970431 0.433788695579 -0.100846185511
179.5 24 23 0.969178 0.433786717483 -0.100846983453
179.6 24 24 0.779305 0.433784726661 -0.100847772177
179.7 24 23 0.818747 0.433782722318 -0.10084853922
179.8 24 24 0.984762 0.43378070418 -0.100849281164
179.9 24 23 0.961681 0.433778672756 -0.100850011623
180 24 23 0.961311 0.433776628678 -0.100850712541
180.1 24 23 0.79568 0.433774571782 -0.100851402475
180.2 24 23 0.964423 0.433772502112 -0.10085207729
180.3 24 23 0.960831 0.433770420428 -0.100852728193
180.4 24 23 0.775475 0.433768326691 -0.100853362852
180.5 24 23 0.959805 0.433766221734 -0.100853988516
180.6 24 23 0.959658 0.433764106479 -0.100854596458
180.7 24 23 0.777478 0.433761981272 -0.100855177129
180.8 24 23 0.981413 0.433759847022 -0.100855753321
180.9 24 23 1.006838 0.433757704289 -0.100856332748
181 24 23 0.962561 0.433755554091 -0.100856888118
181.1 24 24 0.970618 0.433753397041 -0.100857431456
181.2 24 24 0.782793 0.433751234085 -0.100857968769
181.3 24 25 0.784125 0.433749065617 -0.100858502955
181.4 24 24 0.967433 0.433746892264 -0.100859028693
181.5 24 24 0.965835 0.433744715158 -0.100859555823
181.6 24 24 0.773186 0.433742535058 -0.100860076011
181.7 24 24 0.962721 0.433740353211 -0.100860595546
181.8 24 24 0.958758 0.433738169514 -0.100861125758
181.9 24 24 0.95795 0.433735984856 -0.100861657917
182 24 24 0.768007 0.433733800182 -0.100862191681
182.1 24 24 0.959668 0.433731615399 -0.10086273772
182.2 24 24 0.985419 0.433729431044 -0.100863284209
182.3 24 24 1.000861 0.433727247634 -0.100863841343
182.4 24 24 0.955125 0.433725065142 -0.100864397381
182.5 24 24 0.966475 0.433722883782 -0.100864977221
182.6 24 24 0.972401 0.433720704157 -0.100865571867
182.7 24 24 0.794561 0.433718526347 -0.100866170767
182.8 24 24 0.969 0.433716350704 -0.10086678703
182.9 24 24 0.961674 0.433714177092 -0.100867420348
183 24 24 0.955791 0.433712005655 -0.100868066912
183.1 24 24 0.956329 0.43370983593 -0.10086872978
183.2 24 24 0.77334 0.433707667887 -0.100869397208
183.3 24 24 0.963111 0.433705501636 -0.100870088588
183.4 24 24 0.969046 0.43370333603 -0.100870796172
183.5 24 24 0.996989 0.433701171835 -0.100871517082
183.6 24 24 0.815153 0.433699007056 -0.100872256111
183.7 24 24 0.958336 0.433696840665 -0.100873016174
183.8 24 24 0.96815 0.433694672125 -0.100873788421
183.9 24 24 0.974664 0.433692500273 -0.100874588021
184 24 24 0.990552 0.433690324497 -0.100875395602
184.1 24 24 0.982109 0.433688144201 -0.100876235493
184.2 24 24 1.007177 0.433685958118 -0.100877077365
184.3 24 24 0.806387 0.433683766162 -0.100877901151
184.4 24 24 0.981201 0.43368156702 -0.100878744023
184.5 24 24 0.974782 0.43367936045 -0.100879594998
184.6 24 24 0.986043 0.4336771462 -0.100880441972
184.7 24 24 0.997367 0.433674925413 -0.100881296853
184.8 24 25 0.983126 0.433672698926 -0.100882162728
184.9 24 26 0.990732 0.43367046691 -0.100883022869
185 24 25 1.006808 0.433668229519 -0.100883889852
185.1 24 25 0.809747 0.433665988263 -0.100884759763
185.2 24 25 0.805069 0.433663741143 -0.100885617483
185.3 24 25 0.812359 0.433661489703 -0.100886479492
185.4 24 25 1.003102 0.433659233048 -0.100887343545
185.5 24 25 0.795804 0.433656971979 -0.100888198068
185.6 24 25 0.795075 0.433654706073 -0.100889045903
185.7 24 24 0.986954 0.433652435969 -0.100889881926
185.8 24 24 0.78669 0.43365016202 -0.100890707933
185.9 24 24 0.971744 0.433647883937 -0.100891526886
186 24 24 0.978225 0.433645602347 -0.10089232671
186.1 24 25 0.79143 0.433643317632 -0.100893102279
186.2 24 24 0.980507 0.433641029978 -0.100893863904
186.3 24 25 0.983095 0.433638739626 -0.100894599991
186.4 24 24 0.988316 0.43363644786 -0.100895310593
186.5 24 24 0.988841 0.433634154202 -0.100896009853
186.6 24 24 0.791141 0.433631859251 -0.100896674699
186.7 24 24 1.004109 0.433629562493 -0.100897320651
186.8 24 24 0.799609 0.433627265047 -0.10089794678
186.9 24 24 0.989771 0.433624966921 -0.100898548104
187 24 24 1.001675 0.433622669129 -0.100899122964
187.1 24 25 0.998919 0.433620371427 -0.100899668959
187.2 24 24 0.801519 0.433618073749 -0.100900192418
187.3 24 24 0.792874 0.433615776523 -0.100900680602
187.4 24 24 0.986727 0.433613480469 -0.10090114866
187.5 24 25 1.017238 0.433611185559 -0.100901595939
187.6 24 24 0.994045 0.433608891721 -0.100902019834
187.7 24 24 0.795294 0.433606599039 -0.100902422321
187.8 24 24 0.985423 0.433604307556 -0.10090279659
187.9 24 24 0.798771 0.433602016989 -0.100903150024
188 24 26 1.002955 0.433599728253 -0.100903481948
188.1 24 24 0.998192 0.433597440951 -0.100903802579
188.2 24 25 0.986479 0.433595154907 -0.100904089226
188.3 24 24 0.98513 0.433592870216 -0.100904372621
188.4 24 24 0.9768 0.433590586759 -0.10090464289
188.5 24 25 0.989552 0.433588303667 -0.100904898103
188.6 24 24 0.802197 0.433586021033 -0.100905152819
188.7 24 24 0.98581 0.433583739525 -0.100905375265
188.8 24 24 0.973324 0.433581458215 -0.100905608611
188.9 24 24 0.987049 0.433579176422 -0.100905833791
189 24 24 0.966164 0.433576893673 -0.100906052067
189.1 24 24 0.956477 0.433574610057 -0.100906268112
189.2 24 24 0.964261 0.433572325064 -0.100906480703
189.3 24 24 0.971288 0.433570038373 -0.100906694981
189.4 24 24 0.997536 0.433567748983 -0.100906908068
189.5 24 24 0.825506 0.433565456687 -0.100907125691
189.6 24 24 1.004874 0.433563160423 -0.100907344511
189.7 24 24 0.809313 0.433560860205 -0.10090757579
189.8 24 24 1.012071 0.433558555942 -0.100907802247
189.9 24 24 1.018523 0.433556245984 -0.100908039348
190 24 24 0.819793 0.433553930421 -0.100908288462
190.1 24 24 0.991465 0.433551609436 -0.100908543205
190.2 24 24 0.994882 0.433549282069 -0.10090881083
190.3 24 24 0.809848 0.433546947537 -0.10090909428
190.4 24 24 0.835903 0.433544605899 -0.100909390612
190.5 24 24 1.039296 0.433542256284 -0.100909696843
190.6 24 24 0.834253 0.433539897998 -0.100910019586
190.7 24 24 0.830232 0.433537531037 -0.100910357552
190.8 24 24 0.988772 0.433535155193 -0.100910698393
190.9 24 24 0.987753 0.433532770459 -0.100911062425
191 24 24 0.984299 0.433530376422 -0.100911440435
191.1 24 25 0.987912 0.433527972846 -0.1009118359
191.2 24 24 0.98875 0.433525559322 -0.100912246049
191.3 24 24 0.988035 0.433523136519 -0.100912675708
191.4 24 24 0.778527 0.433520704276 -0.100913121748
191.5 24 24 0.784622 0.433518262645 -0.100913585785
191.6 24 24 0.78056 0.433515811336 -0.100914061696
191.7 24 24 0.968108 0.433513351035 -0.100914548763
191.8 24 24 0.971719 0.433510881924 -0.100915049215
191.9 24 24 0.982596 0.433508404867 -0.100915570016
192 24 24 0.788061 0.433505919126 -0.100916104487
192.1 24 25 0.976966 0.433503426056 -0.100916643957
192.2 24 24 0.979323 0.43350092597 -0.100917204257
192.3 24 24 1.001901 0.433498418973 -0.100917769076
192.4 24 24 1.0221 0.433495906368 -0.10091834021
192.5 24 24 1.019586 0.433493388006 -0.100918926444
192.6 24 24 1.017197 0.433490864257 -0.100919527725
192.7 24 24 0.815619 0.433488336141 -0.100920141082
192.8 24 24 0.992229 0.433485802973 -0.100920762377
192.9 24 24 0.956472 0.433483267112 -0.100921384527
193 24 24 0.968658 0.433480729013 -0.100922015855
193.1 24 24 0.964536 0.433478189722 -0.100922660686
193.2 24 26 0.78593 0.433475649934 -0.100923306383
193.3 24 25 0.814877 0.433473110693 -0.100923948673
193.4 24 24 0.806462 0.433470571919 -0.100924603884
193.5 24 24 0.783928 0.433468033866 -0.100925262038
193.6 24 25 0.776089 0.43346549804 -0.100925914388
193.7 24 25 0.77575 0.433462965361 -0.100926578819
193.8 24 24 0.965747 0.433460436115 -0.10092724513
193.9 24 24 0.971185 0.433457910778 -0.100927911399
194 24 24 0.966851 0.433455389947 -0.100928577959
194.1 24 24 0.968766 0.43345287328 -0.100929244222
194.2 24 24 0.963099 0.433450362512 -0.100929909248
194.3 24 25 0.967834 0.433447857859 -0.100930574688
194.4 24 25 0.779778 0.433445359373 -0.100931240198
194.5 24 24 0.812285 0.433442866887 -0.100931901053
194.6 24 24 1.002428 0.433440381406 -0.100932560151
194.7 24 24 0.980273 0.433437901558 -0.10093320932
194.8 24 24 0.9935 0.43343542869 -0.100933856318
194.9 24 25 0.793596 0.433432962666 -0.100934500804
195 24 24 0.99524 0.433430503192 -0.100935141702
195.1 24 24 0.787506 0.433428049581 -0.100935774612
195.2 24 24 0.995468 0.433425602295 -0.100936403994
195.3 24 24 1.04392 0.433423160828 -0.100937022985
195.4 24 24 1.034552 0.433420724575 -0.100937633147
195.5 24 24 0.824754 0.433418294112 -0.100938238758
195.6 24 24 1.019333 0.433415868985 -0.100938837902
195.7 24 24 0.999739 0.43341344849 -0.100939430081
195.8 24 24 1.02892 0.433411032262 -0.10094001347
195.9 24 24 0.979361 0.43340861944 -0.100940592598
196 24 25 1.011238 0.433406209737 -0.100941156631
196.1 24 24 0.79775 0.433403802566 -0.100941707972
196.2 24 24 0.981489 0.433401397899 -0.100942245358
196.3 24 24 1.013537 0.433398994659 -0.100942775781
196.4 24 24 1.032775 0.43339659192 -0.100943291065
196.5 24 24 0.988437 0.433394189909 -0.100943801294
196.6 24 25 0.971869 0.43339178781 -0.100944294571
196.7 24 26 0.964508 0.43338938467 -0.100944776028
196.8 24 25 0.981926 0.433386980585 -0.100945247226
196.9 24 24 1.00251 0.433384573775 -0.100945697723
197 24 24 0.994748 0.43338216492 -0.100946138109
197.1 24 24 0.988293 0.433379753464 -0.100946563134
197.2 24 24 0.969486 0.433377338827 -0.100946981381
197.3 24 24 0.965814 0.433374920576 -0.100947379444
197.4 24 24 0.776145 0.433372498734 -0.100947769475
197.5 24 24 0.958535 0.433370072643 -0.100948154426
197.6 24 25 0.771714 0.433367642382 -0.100948521009
197.7 24 25 0.970915 0.433365206086 -0.100948874293
197.8 24 25 1.036876 0.433362765113 -0.100949218856
197.9 24 24 1.024927 0.433360318365 -0.100949551478
198 24 24 0.978451 0.433357866909 -0.100949856413
198.1 24 25 0.97537 0.43335541027 -0.100950138571
198.2 24 25 0.971029 0.433352947532 -0.100950423623
198.3 24 24 0.989887 0.433350479976 -0.10095070819
198.4 24 25 0.80383 0.433348007049 -0.100950961847
198.5 24 26 0.995555 0.433345529671 -0.100951220683
198.6 24 24 0.961001 0.433343047637 -0.100951469885
198.7 24 26 0.974153 0.433340560632 -0.100951693275
198.8 24 25 0.980016 0.433338069357 -0.100951934099
198.9 24 24 0.974909 0.433335574671 -0.100952155017
199 24 24 0.97434 0.433333077091 -0.100952370546
199.1 24 24 0.969935 0.433330575283 -0.100952554574
199.2 24 24 0.777813 0.433328072435 -0.100952757588
199.3 24 24 1.008573 0.433325567927 -0.100952961682
199.4 24 25 0.975235 0.433323062084 -0.10095314832
199.5 24 25 0.778492 0.433320555427 -0.100953348895
199.6 24 25 0.778069 0.433318048873 -0.100953551344
199.7 24 25 0.801683 0.433315542384 -0.100953753682
199.8 24 25 0.999381 0.433313037365 -0.10095396902
199.9 24 25 1.00757 0.433310534136 -0.100954183539
200 24 25 0.817547 0.433308033193 -0.100954403545
200.1 24 25 1.001738 0.433305533994 -0.100954632601
200.2 24 25 1.010184 0.433303038447 -0.100954868148
200.3 24 25 1.015909 0.433300546842 -0.100955116819
200.4 24 25 1.008415 0.433298058994 -0.100955350596
200.5 24 27 1.021815 0.433295575672 -0.100955616866
200.6 24 25 1.042349 0.433293097397 -0.100955887625
200.7 24 27 1.046917 0.433290624575 -0.100956174458
200.8 24 25 1.040435 0.433288156691 -0.10095646992
200.9 24 25 0.847992 0.433285694987 -0.100956785439
201 24 25 0.975404 0.433283239052 -0.100957098456
201.1 24 25 0.971196 0.433280789842 -0.10095743927
201.2 24 25 0.98188 0.433278347874 -0.100957791882
201.3 24 25 0.977421 0.433275911413 -0.100958148232
201.4 24 25 0.787187 0.433273482345 -0.100958533567
201.5 24 25 0.97805 0.433271060068 -0.100958937394
201.6 24 25 0.982166 0.433268644868 -0.100959354737
201.7 24 25 0.982839 0.433266235986 -0.100959767215
201.8 24 25 0.976617 0.433263834402 -0.10096021511
201.9 24 25 0.972648 0.43326144008 -0.100960683085
202 24 25 0.981247 0.433259052445 -0.100961163704
202.1 24 25 1.012503 0.433256671286 -0.100961660215
202.2 24 26 0.998705 0.433254296684 -0.100962174819
202.3 24 25 1.001637 0.433251926003 -0.100962676329
202.4 24 25 0.998314 0.43324956137 -0.100963215534
202.5 24 25 0.812524 0.433247202359 -0.100963770803
202.6 24 25 0.973181 0.433244848398 -0.100964330852
202.7 24 25 0.976159 0.433242499105 -0.100964903915
202.8 24 25 0.982109 0.433240154343 -0.100965491209
202.9 24 26 0.976464 0.433237813695 -0.100966086769
203 24 25 0.776926 0.433235477202 -0.10096669046
203.1 24 25 0.967601 0.433233144141 -0.10096730672
203.2 24 25 0.980529 0.433230812909 -0.100967926435
203.3 24 25 0.979052 0.433228483673 -0.100968539057
203.4 24 25 0.990858 0.433226156507 -0.100969163496
203.5 24 25 0.963618 0.433223831384 -0.100969796644
203.6 24 26 0.977942 0.433221507834 -0.100970433852
203.7 24 25 0.797395 0.43321918614 -0.100971070359
203.8 24 25 1.000896 0.433216864864 -0.100971708426
203.9 24 25 0.992603 0.433214545178 -0.100972341786
204 24 25 0.985746 0.433212226028 -0.100972978665
204.1 24 25 0.792945 0.433209907169 -0.100973611244
204.2 24 25 1.009878 0.433207588286 -0.100974237317
204.3 24 26 0.989583 0.433205269251 -0.100974852119
204.4 24 25 0.977827 0.433202949771 -0.100975465028
204.5 24 25 0.98059 0.433200629967 -0.100976067953
204.6 24 26 0.988333 0.433198308044 -0.100976657108
204.7 24 25 0.975067 0.433195984498 -0.100977232725
204.8 24 26 0.980125 0.433193660129 -0.100977797856
204.9 24 25 0.983615 0.433191334027 -0.100978353092
205 24 25 0.982229 0.433189006486 -0.100978889859
205.1 24 25 0.791021 0.433186678006 -0.100979418659
205.2 24 26 0.982023 0.433184348643 -0.100979937191
205.3 24 25 0.809698 0.43318201765 -0.100980434683
205.4 24 25 0.994477 0.433179685794 -0.100980916024
205.5 24 25 0.799783 0.433177353111 -0.100981391758
205.6 24 25 0.989936 0.433175019943 -0.100981837779
205.7 24 25 0.985324 0.433172686293 -0.100982279251
205.8 24 25 0.990236 0.4331703512 -0.100982686075
205.9 24 25 0.7994 0.433168016094 -0.100983096341
206 24 25 0.802032 0.433165680774 -0.100983476617
206.1 24 26 0.797281 0.43316334602 -0.100983844465
206.2 24 25 0.990196 0.433161012201 -0.100984179291
206.3 24 25 0.998368 0.433158679356 -0.100984514039
206.4 24 26 0.802262 0.433156347602 -0.100984834946
206.5 24 25 0.987043 0.433154017433 -0.100985139156
206.6 24 26 0.992293 0.433151689012 -0.100985428678
206.7 24 26 0.984836 0.433149362995 -0.100985696021
206.8 24 25 0.988915 0.433147039329 -0.100985962696
206.9 24 25 0.991212 0.433144717226 -0.100986199277
207 24 25 0.805751 0.433142397563 -0.100986423969
207.1 24 25 0.990942 0.433140078114 -0.100986634077
207.2 24 25 0.791124 0.433137760223 -0.100986834495
207.3 24 25 0.790451 0.433135445055 -0.100987005207
207.4 24 25 0.986655 0.43313313223 -0.100987176016
207.5 24 25 0.978384 0.433130821618 -0.100987342132
207.6 24 25 0.978456 0.433128512478 -0.100987507248
207.7 24 26 0.794344 0.433126204875 -0.100987654873
207.8 24 25 1.010071 0.43312389893 -0.100987816518
207.9 24 25 0.826456 0.433121594937 -0.100987967339
208 24 27 0.81979 0.433119292693 -0.100988130265
208.1 24 25 1.014183 0.433116992171 -0.100988284748
208.2 24 25 1.010586 0.433114692801 -0.100988436011
208.3 24 25 0.818858 0.433112394396 -0.100988600786
208.4 24 27 0.819811 0.433110097784 -0.100988766847
208.5 24 25 0.810761 0.43310780283 -0.100988927696
208.6 24 25 1.044297 0.433105509504 -0.100989098887
208.7 24 25 0.83505 0.433103217653 -0.100989279654
208.8 24 25 1.019072 0.433100926494 -0.100989471077
208.9 24 25 1.014478 0.433098637111 -0.100989642258
209 24 26 0.826065 0.43309634925 -0.100989813845
209.1 24 25 0.828501 0.433094062529 -0.100990012275
209.2 24 26 0.999243 0.43309177752 -0.10099020951
209.3 24 26 0.796752 0.433089494423 -0.10099042478
209.4 24 25 0.985288 0.43308721327 -0.100990639108
209.5 24 25 1.003917 0.433084934343 -0.100990863423
209.6 24 25 1.002984 0.433082656521 -0.100991083656
209.7 24 25 0.817344 0.433080381067 -0.100991323565
209.8 24 25 0.822688 0.433078107509 -0.10099157614
209.9 24 25 1.006323 0.433075836175 -0.100991827224
210 24 25 1.029963 0.433073566895 -0.100992100498
210.1 24 25 0.788507 0.433071300288 -0.100992371136
210.2 24 25 0.987451 0.43306903587 -0.100992650409
210.3 24 26 0.973009 0.433066774065 -0.100992935439
210.4 24 25 0.973393 0.433064514896 -0.100993227866
210.5 24 25 0.979684 0.433062258453 -0.100993524914
210.6 24 25 0.787718 0.43306000521 -0.10099383488
210.7 24 26 0.982931 0.4330577537 -0.100994143999
210.8 24 25 0.787492 0.433055505491 -0.100994469268
210.9 24 26 0.980394 0.433053260108 -0.100994791847
211 24 25 0.792756 0.433051018128 -0.100995133132
211.1 24 25 0.97987 0.433048779684 -0.10099547002
211.2 24 25 0.976278 0.433046543936 -0.100995809598
211.3 24 25 0.981405 0.43304431154 -0.100996159803
211.4 24 25 0.984458 0.433042082723 -0.1009965135
211.5 24 26 0.995068 0.433039857606 -0.100996877941
211.6 24 26 0.98172 0.433037636084 -0.100997243609
211.7 24 25 1.018168 0.433035418692 -0.100997617537
211.8 24 25 0.831652 0.433033205589 -0.100998000875
211.9 24 25 1.034773 0.43303099619 -0.100998386501
212 24 25 1.016774 0.433028791885 -0.100998748275
212.1 24 25 0.98267 0.43302659227 -0.100999148972
212.2 24 25 0.787109 0.433024396607 -0.10099956233
212.3 24 25 0.986258 0.43302220474 -0.100999976162
212.4 24 25 0.981497 0.433020016681 -0.101000398848
212.5 24 25 0.982995 0.433017832646 -0.101000825544
212.6 24 25 0.98545 0.433015651634 -0.101001253024
212.7 24 25 0.982429 0.433013474351 -0.10100168563
212.8 24 25 0.983281 0.43301130033 -0.101002126722
212.9 24 25 0.800506 0.433009129331 -0.101002575284
213 24 25 0.794504 0.433006961336 -0.101003028459
213.1 24 25 0.980532 0.433004795811 -0.101003483084
213.2 24 25 0.980565 0.433002632192 -0.101003949598
213.3 24 25 0.983691 0.433000470736 -0.10100440841
213.4 24 27 0.976459 0.432998310721 -0.101004865373
213.5 24 25 0.995887 0.432996152544 -0.101005334107
213.6 24 25 0.785667 0.432993996445 -0.101005807446
213.7 24 25 0.785642 0.43299184177 -0.101006280663
213.8 24 25 0.971045 0.432989688848 -0.1010067529
213.9 24 25 0.972084 0.43298753691 -0.101007233537
214 24 25 0.980541 0.432985386057 -0.101007717089
214.1 24 25 0.96817 0.432983236418 -0.101008205282
214.2 24 25 0.776748 0.432981087035 -0.101008682167
214.3 24 25 0.965229 0.432978937925 -0.10100919113
214.4 24 25 0.786844 0.432976788216 -0.101009672741
214.5 24 25 0.965697 0.432974638477 -0.101010160649
214.6 24 25 0.963955 0.432972489013 -0.10101064387
214.7 24 25 0.96709 0.432970338849 -0.101011122468
214.8 24 25 0.995702 0.432968188226 -0.101011593169
214.9 24 27 0.976876 0.432966036193 -0.101012052809
215 24 25 1.003549 0.43296388391 -0.101012506345
215.1 24 25 0.998749 0.43296173079 -0.101012966614
215.2 24 25 0.821908 0.432959577826 -0.101013424392
215.3 24 25 1.027709 0.432957424321 -0.101013858601
215.4 24 25 0.990145 0.432955269693 -0.101014299394
215.5 24 25 0.987614 0.432953115339 -0.101014726037
215.6 24 26 0.989772 0.432950960839 -0.101015142027
215.7 24 25 0.800388 0.432948806704 -0.101015542088
215.8 24 26 0.804975 0.432946650724 -0.101015933461
215.9 24 26 0.994267 0.43294449579 -0.101016305316
216 24 25 0.999271 0.432942341066 -0.101016671582
216.1 24 25 0.997545 0.432940187038 -0.101017026233
216.2 24 25 0.992251 0.4329380336 -0.101017359025
216.3 24 25 0.998982 0.432935882043 -0.1010176861
216.4 24 25 0.80661 0.432933731419 -0.101017984148
216.5 24 25 0.994046 0.432931583015 -0.101018279149
216.6 24 25 0.989155 0.432929436746 -0.101018553112
216.7 24 25 0.798512 0.432927293013 -0.101018807363
216.8 24 25 0.982507 0.432925151648 -0.101019047747
216.9 24 26 0.792191 0.432923013399 -0.101019273148
217 24 25 0.795991 0.432920878465 -0.101019486483
217.1 24 25 0.986426 0.432918747308 -0.101019683492
217.2 24 25 0.972198 0.432916620057 -0.101019858082
217.3 24 25 0.974126 0.432914496353 -0.101020012554
217.4 24 25 0.788477 0.432912377683 -0.10102015267
217.5 24 25 0.973227 0.432910263472 -0.10102027905
217.6 24 25 0.976984 0.432908154423 -0.101020382822
217.7 24 26 0.971516 0.432906050553 -0.101020481756
217.8 24 25 0.976939 0.432903952164 -0.101020569054
217.9 24 25 0.791607 0.432901859144 -0.101020644302
218 24 25 1.01515 0.432899772061 -0.101020707676
218.1 24 25 0.98926 0.432897691787 -0.101020764278
218.2 24 25 0.983615 0.43289561641 -0.101020799642
218.3 24 25 0.994762 0.432893547766 -0.101020839575
218.4 24 25 0.980474 0.432891485803 -0.101020868412
218.5 24 26 0.984829 0.43288943017 -0.101020891795
218.6 24 25 0.981172 0.432887381774 -0.101020911965
218.7 24 25 0.990473 0.43288534069 -0.101020935248
218.8 24 26 0.799764 0.432883306868 -0.101020950305
218.9 24 25 0.800702 0.4328812808 -0.101020970119
219 24 25 0.789449 0.432879261801 -0.101020985257
219.1 24 25 0.985297 0.432877249786 -0.101021001979
219.2 24 25 0.798182 0.432875245083 -0.101021032367
219.3 24 25 0.980562 0.43287324718 -0.101021056661
219.4 24 26 0.975514 0.432871256419 -0.101021088029
219.5 24 25 0.988472 0.432869272476 -0.101021139856
219.6 24 25 0.993451 0.432867294798 -0.101021198718
219.7 24 25 0.798652 0.43286532371 -0.101021269051
219.8 24 26 0.982812 0.432863357876 -0.101021355027
219.9 24 25 0.990841 0.43286139793 -0.101021447667
220 24 25 0.993056 0.432859443284 -0.101021549013
220.1 24 25 0.977748 0.432857493637 -0.101021668952
220.2 24 25 0.97119 0.432855548687 -0.101021808785
220.3 24 25 0.971928 0.432853607377 -0.101021962966
220.4 24 25 0.969686 0.432851670091 -0.101022133758
220.5 24 25 0.781938 0.432849736438 -0.101022328999
220.6 24 25 0.968361 0.432847805979 -0.101022534859
220.7 24 25 0.969629 0.432845878365 -0.101022772524
220.8 24 25 0.966258 0.432843953014 -0.101023031808
220.9 24 25 0.977 0.432842029641 -0.101023299253
221 24 25 0.985542 0.432840106933 -0.10102358597
221.1 24 25 1.000266 0.43283818505 -0.101023887064
221.2 24 25 0.790325 0.432836263789 -0.101024221995
221.3 24 25 0.982815 0.432834342415 -0.1010245864
221.4 24 25 0.986381 0.432832421043 -0.101024955584
221.5 24 25 0.973519 0.432830499049 -0.101025352018
221.6 24 26 0.974414 0.432828576473 -0.101025766669
221.7 24 26 0.98606 0.432826651038 -0.101026181725
221.8 24 25 0.803263 0.432824724597 -0.101026625233
221.9 24 25 0.978791 0.432822796143 -0.101027089033
222 24 25 0.78951 0.432820865748 -0.10102756282
222.1 24 25 0.969211 0.432818932995 -0.101028052073
222.2 24 25 0.985237 0.432816997822 -0.10102857428
222.3 24 25 0.990796 0.432815059915 -0.101029088877
222.4 24 25 0.986416 0.432813119387 -0.101029612383
222.5 24 25 0.98697 0.432811175967 -0.101030141621
222.6 24 25 0.984214 0.432809229461 -0.101030678317
222.7 24 25 0.784502 0.432807279988 -0.101031221587
222.8 24 25 0.96358 0.432805326854 -0.101031741964
222.9 24 25 0.95802 0.43280337075 -0.101032293701
223 24 25 0.966554 0.432801411758 -0.101032840034
223.1 24 25 0.968011 0.432799450008 -0.10103338637
223.2 24 26 0.970568 0.43279748565 -0.101033918367
223.3 24 26 0.802135 0.432795518786 -0.101034454632
223.4 24 25 0.973368 0.432793550021 -0.101034979195
223.5 24 25 0.964606 0.43279157914 -0.101035502261
223.6 24 25 0.964642 0.432789604937 -0.101035981535
223.7 24 25 0.971818 0.432787629858 -0.101036478152
223.8 24 25 0.77769 0.432785654203 -0.101036960917
223.9 24 25 0.969821 0.432783677533 -0.101037432414
224 24 25 0.788082 0.432781700373 -0.101037878548
224.1 24 25 0.779751 0.432779723056 -0.101038318463
224.2 24 25 0.996098 0.432777746789 -0.101038747772
224.3 24 26 0.978453 0.432775771184 -0.101039158731
224.4 24 25 0.975753 0.43277379661 -0.101039556721
224.5 24 25 0.978035 0.4327718238 -0.101039941776
224.6 24 25 0.979732 0.432769853144 -0.101040306083
224.7 24 25 0.982603 0.432767884777 -0.101040650154
224.8 24 26 0.980976 0.432765918771 -0.101040970713
224.9 24 25 0.982718 0.432763955863 -0.101041276729
225 24 25 0.981253 0.432761995494 -0.101041556277
225.1 24 25 0.980261 0.432760039246 -0.101041825559
225.2 24 25 0.979064 0.432758086313 -0.101042061812
225.3 24 25 0.984673 0.432756137956 -0.101042289947
225.4 24 25 0.978353 0.432754192485 -0.101042487554
225.5 24 25 0.962789 0.432752252415 -0.101042677353
225.6 24 25 0.789202 0.432750317201 -0.101042859095
225.7 24 25 0.982653 0.432748387449 -0.101043018162
225.8 24 25 0.980335 0.432746462717 -0.101043152064
225.9 24 27 0.968715 0.432744543912 -0.101043280668
226 24 25 0.779828 0.432742630832 -0.101043390332
226.1 24 25 0.967478 0.432740723384 -0.10104349056
226.2 24 25 0.793363 0.432738821755 -0.1010435788
226.3 24 25 0.974646 0.432736925614 -0.101043661443
226.4 24 25 0.782681 0.432735034013 -0.101043715071
226.5 24 25 0.969712 0.432733148571 -0.101043777906
226.6 24 25 0.997837 0.432731269173 -0.101043831621
226.7 24 25 0.997193 0.432729395907 -0.101043877864
226.8 24 25 0.820892 0.43272752839 -0.101043916295
226.9 24 26 1.011285 0.432725665984 -0.101043944159
227 24 25 1.024888 0.432723808772 -0.101043976902
227.1 24 25 0.806476 0.432721957022 -0.101044011955
227.2 24 25 1.000598 0.432720110328 -0.10104404183
227.3 24 25 1.008751 0.432718268309 -0.101044059158
227.4 24 25 1.012193 0.432716431184 -0.101044091732
227.5 24 25 0.992468 0.432714597824 -0.101044129994
227.6 24 25 1.003669 0.432712768142 -0.101044163441
227.7 24 25 0.995785 0.432710940874 -0.101044179449
227.8 24 25 1.004299 0.432709117795 -0.101044223583
227.9 24 25 1.042152 0.432707297495 -0.101044271395
228 24 25 0.848221 0.432705479525 -0.101044315905
228.1 24 25 0.849417 0.43270366416 -0.101044374215
228.2 24 25 0.846145 0.432701850588 -0.101044444791
228.3 24 25 1.019801 0.432700038949 -0.101044529571
228.4 24 25 1.019485 0.432698229007 -0.101044622839
228.5 24 25 1.033294 0.432696420365 -0.101044725984
228.6 24 25 1.052674 0.432694613009 -0.101044844931
228.7 24 25 0.823986 0.432692806162 -0.101044974035
228.8 24 25 1.022761 0.432690999982 -0.101045114798
228.9 24 25 1.025013 0.432689194265 -0.10104526536
229 24 25 1.031604 0.432687388563 -0.10104542174
229.1 24 26 0.825999 0.432685582777 -0.101045590484
229.2 24 27 1.034315 0.432683777061 -0.101045774517
229.3 24 25 1.024611 0.432681971008 -0.101045964662
229.4 24 25 1.035962 0.432680164329 -0.101046170403
229.5 24 25 1.032898 0.432678356774 -0.101046366409
229.6 24 26 1.020749 0.432676548977 -0.10104659666
229.7 24 26 1.021066 0.432674739748 -0.101046830201
229.8 24 25 0.831577 0.432672929421 -0.101047078153
229.9 24 26 1.045415 0.432671118378 -0.101047337841
230 24 25 0.799099 0.432669306147 -0.101047602029
230.1 24 25 0.989056 0.432667492695 -0.101047871737
230.2 24 25 1.006066 0.432665678436 -0.101048154974
230.3 24 25 1.01798 0.432663863249 -0.101048451745
230.4 24 25 1.007841 0.432662046518 -0.101048750317
230.5 24 26 0.797912 0.432660228779 -0.101049064562
230.6 24 25 0.803991 0.432658410404 -0.101049379441
230.7 24 26 0.987325 0.432656591587 -0.10104970606
230.8 24 25 0.989804 0.432654772128 -0.101050036018
230.9 24 25 0.980738 0.432652952653 -0.101050370302
231 24 25 0.990007 0.43265113269 -0.101050715785
231.1 24 25 0.7901 0.432649312417 -0.101051065958
231.2 24 25 0.995365 0.432647492878 -0.101051415433
231.3 24 26 0.996525 0.432645674099 -0.10105176774
231.4 24 25 0.996575 0.432643856213 -0.101052125082
231.5 24 25 0.985455 0.432642039932 -0.101052488192
231.6 24 26 0.990309 0.432640225512 -0.101052852786
231.7 24 25 0.9866 0.432638412283 -0.101053199733
231.8 24 25 0.987913 0.432636601179 -0.101053564566
231.9 24 27 0.987552 0.432634792562 -0.101053931998
232 24 25 0.99141 0.432632986654 -0.101054301333
232.1 24 25 0.78912 0.43263118367 -0.101054677887
232.2 24 25 0.975882 0.432629382533 -0.101055026749
232.3 24 26 0.977571 0.432627584704 -0.10105538725
232.4 24 25 0.979696 0.432625790938 -0.101055758022
232.5 24 25 0.974501 0.432624001268 -0.101056125359
232.6 24 25 0.978518 0.432622216056 -0.10105649102
232.7 24 26 0.9769 0.432620435415 -0.101056868294
232.8 24 25 0.978967 0.432618659106 -0.101057216616
232.9 24 25 0.975727 0.432616888166 -0.101057579235
233 24 25 0.79248 0.432615121981 -0.101057941912
233.1 24 25 0.980764 0.432613360873 -0.101058293257
233.2 24 25 0.974943 0.432611604954 -0.101058644229
233.3 24 25 0.975702 0.432609854787 -0.101058979617
233.4 24 25 0.98621 0.432608110127 -0.101059322604
233.5 24 25 1.012397 0.432606370975 -0.101059662209
233.6 24 25 0.99204 0.43260463719 -0.101059997116
233.7 24 25 0.807377 0.43260290907 -0.101060331231
233.8 24 25 0.797385 0.432601187329 -0.101060658899
233.9 24 27 0.984588 0.432599471272 -0.101060985727
234 24 26 0.99942 0.43259776001 -0.101061294778
234.1 24 25 0.988166 0.432596053857 -0.101061604121
234.2 24 25 0.995227 0.432594353005 -0.101061909703
234.3 24 26 1.004926 0.432592657364 -0.101062201434
234.4 24 25 1.012025 0.432590966365 -0.101062492889
234.5 24 25 1.001972 0.432589280885 -0.101062776213
234.6 24 25 1.012848 0.43258760011 -0.101063056278
234.7 24 25 0.99294 0.432585923892 -0.101063322956
234.8 24 25 0.801384 0.432584252331 -0.101063583192
234.9 24 25 0.995241 0.432582584979 -0.101063839658
235 24 25 0.991713 0.432580921847 -0.101064068569
235.1 24 25 0.987005 0.43257926258 -0.101064296839
235.2 24 25 0.992236 0.432577607311 -0.101064524423
235.3 24 25 0.985983 0.432575955809 -0.101064741536
235.4 24 26 0.795287 0.432574307725 -0.101064950124
235.5 24 25 0.78748 0.432572663044 -0.101065152947
235.6 24 25 0.789998 0.432571021347 -0.101065341926
235.7 24 25 0.978112 0.432569382479 -0.101065512937
235.8 24 25 0.979643 0.432567746458 -0.101065693212
235.9 24 25 0.982097 0.432566112766 -0.101065862316
236 24 25 0.971345 0.432564479634 -0.101065991183
236.1 24 25 0.978255 0.432562848654 -0.101066145086
236.2 24 25 0.979652 0.432561219586 -0.101066299017
236.3 24 25 0.978238 0.432559592552 -0.101066438023
236.4 24 25 0.983483 0.432557967213 -0.101066568111
236.5 24 25 0.995261 0.432556343014 -0.101066688709
236.6 24 25 0.844114 0.432554719804 -0.101066803808
236.7 24 25 1.03556 0.432553096959 -0.101066908235
236.8 24 25 1.043012 0.432551474532 -0.101067006814
236.9 24 25 0.833795 0.432549853019 -0.101067100983
237 24 25 1.031233 0.432548231489 -0.101067198325
237.1 24 25 1.034373 0.432546610321 -0.101067283618
237.2 24 25 0.832173 0.432544989558 -0.101067362755
237.3 24 25 1.033413 0.432543368275 -0.101067442117
237.4 24 25 1.02916 0.432541746863 -0.101067519184
237.5 24 25 1.033748 0.432540125058 -0.101067589442
237.6 24 26 1.036112 0.432538502709 -0.10106765419
237.7 24 25 0.826102 0.432536879642 -0.101067711886
237.8 24 25 1.023686 0.432535256148 -0.101067777549
237.9 24 25 1.026174 0.432533632025 -0.101067845924
238 24 25 1.026878 0.432532007459 -0.101067909097
238.1 24 26 1.03445 0.43253038213 -0.101067950311
238.2 24 25 0.832228 0.432528755804 -0.101068000395
238.3 24 25 1.030708 0.432527128652 -0.101068071061
238.4 24 25 0.829045 0.432525500977 -0.101068138037
238.5 24 26 1.037267 0.432523872989 -0.101068208938
238.6 24 25 1.039248 0.432522244686 -0.101068286554
238.7 24 25 0.999042 0.432520616633 -0.101068368412
238.8 24 25 0.975022 0.432518987971 -0.101068455257
238.9 24 26 0.787608 0.432517359248 -0.101068528948
239 24 25 0.975101 0.432515729871 -0.10106862834
239.1 24 25 0.974169 0.432514100237 -0.101068718822
239.2 24 25 0.967858 0.432512470435 -0.101068831696
239.3 24 25 0.978149 0.432510840763 -0.101068957087
239.4 24 25 0.979746 0.432509211122 -0.101069087591
239.5 24 25 0.791241 0.432507582005 -0.101069226874
239.6 24 25 0.798232 0.432505953185 -0.101069377688
239.7 24 25 1.032878 0.4325043248 -0.101069528514
239.8 24 25 1.008439 0.432502697373 -0.101069704398
239.9 24 25 1.019103 0.432501070839 -0.101069880017
240 24 25 1.003072 0.432499445335 -0.101070070524
240.1 24 25 1.007625 0.43249782058 -0.101070264918
240.2 24 25 1.06044 0.432496196879 -0.101070474674
240.3 24 25 0.851273 0.432494574756 -0.101070699205
240.4 24 25 1.047778 0.432492954265 -0.101070920894
240.5 24 25 1.039696 0.432491335718 -0.101071161101
240.6 24 25 0.977866 0.432489719493 -0.10107141594
240.7 24 26 0.968736 0.432488105455 -0.101071681465
240.8 24 25 0.974722 0.432486493711 -0.101071958459
240.9 24 25 0.999656 0.432484884773 -0.10107224318
241 24 25 0.99156 0.432483277079 -0.101072534139
241.1 24 25 0.80319 0.432481672462 -0.101072834815
241.2 24 25 0.9983 0.432480070926 -0.101073143975
241.3 24 25 0.995324 0.432478472552 -0.101073464241
241.4 24 27 0.995959 0.432476877737 -0.101073789893
241.5 24 25 1.005612 0.432475286239 -0.101074086873
241.6 24 25 0.982071 0.432473698593 -0.101074429848
241.7 24 27 1.001963 0.432472115455 -0.101074768667
241.8 24 25 0.813495 0.432470536612 -0.101075119237
241.9 24 25 1.00271 0.43246896197 -0.10107547198
242 24 25 1.014246 0.432467391308 -0.10107582927
242.1 24 25 0.81063 0.432465824905 -0.10107619183
242.2 24 25 1.001779 0.432464263018 -0.101076553376
242.3 24 25 0.804147 0.432462705396 -0.101076915814
242.4 24 25 1.002664 0.432461152229 -0.101077273948
242.5 24 25 1.005027 0.43245960367 -0.10107763941
242.6 24 25 1.014039 0.432458059224 -0.101077998675
242.7 24 25 1.009766 0.432456519374 -0.101078367916
242.8 24 25 1.012524 0.432454983742 -0.101078728772
242.9 24 25 1.000639 0.43245345242 -0.101079087924
243 24 25 0.810754 0.432451924682 -0.101079436245
243.1 24 25 1.001622 0.432450401582 -0.101079790189
243.2 24 25 1.000832 0.43244888279 -0.10108013798
243.3 24 25 1.00087 0.43244736839 -0.101080472669
243.4 24 25 0.999473 0.43244585666 -0.101080792757
243.5 24 25 0.992698 0.432444348667 -0.101081117394
243.6 24 25 0.973064 0.432442843991 -0.101081431495
243.7 24 25 0.784108 0.432441342547 -0.101081747454
243.8 24 25 0.979431 0.432439844887 -0.101082044171
243.9 24 25 0.972129 0.432438350258 -0.101082329163
244 24 25 0.97814 0.432436858824 -0.101082618351
244.1 24 25 1.024052 0.432435369955 -0.101082896577
244.2 24 25 0.999809 0.432433883889 -0.101083163106
244.3 24 25 0.795888 0.432432400984 -0.101083420464
244.4 24 25 0.79241 0.432430920561 -0.10108366953
244.5 24 25 0.98411 0.432429441553 -0.101083905948
244.6 24 25 0.991448 0.432427965407 -0.101084130999
244.7 24 25 0.798483 0.432426489914 -0.10108433914
244.8 24 26 0.996041 0.432425015827 -0.101084543964
244.9 24 25 0.994521 0.432423542643 -0.101084734643
245 24 26 0.996313 0.432422070229 -0.101084923365
245.1 24 25 0.803976 0.432420598987 -0.10108509988
245.2 24 25 0.786374 0.4324191284 -0.101085252343
245.3 24 25 0.981779 0.432417658459 -0.101085414917
245.4 24 26 0.982209 0.432416187334 -0.101085537505
245.5 24 26 0.792725 0.43241471642 -0.101085668845
245.6 24 25 1.013429 0.432413245503 -0.101085804909
245.7 24 25 0.828995 0.432411774709 -0.101085923376
245.8 24 25 1.031878 0.432410303714 -0.101086036734
245.9 24 25 1.036566 0.432408832339 -0.101086141925
246 24 25 1.03889 0.432407360454 -0.101086236852
246.1 24 27 1.034679 0.432405887722 -0.101086325049
246.2 24 25 0.835868 0.432404414646 -0.101086409488
246.3 24 25 0.829889 0.432402940318 -0.101086478947
246.4 24 26 1.013862 0.432401465389 -0.101086550131
246.5 24 25 1.025556 0.432399989764 -0.101086618278
246.6 24 25 1.021004 0.432398512474 -0.101086668436
246.7 24 26 1.016776 0.432397034605 -0.101086726783
246.8 24 25 1.015261 0.432395555931 -0.101086786286
246.9 24 25 1.013174 0.432394076761 -0.101086827829
247 24 25 0.821887 0.432392596946 -0.101086879392
247.1 24 25 0.818649 0.432391116611 -0.101086931965
247.2 24 25 0.82336 0.432389635977 -0.101086976514
247.3 24 25 1.035209 0.432388154926 -0.101087023545
247.4 24 25 1.03546 0.432386673894 -0.101087068983
247.5 24 26 1.047337 0.432385192912 -0.10108712317
247.6 24 25 1.032254 0.432383711983 -0.101087178465
247.7 24 25 1.036829 0.432382231654 -0.101087235452
247.8 24 26 1.021789 0.4323807518 -0.101087298891
247.9 24 25 0.991852 0.432379272325 -0.101087359931
248 24 25 0.989531 0.432377793604 -0.101087428166
248.1 24 25 0.997166 0.432376316019 -0.101087504958
248.2 24 25 0.999706 0.432374839592 -0.101087588817
248.3 24 25 1.002555 0.432373364371 -0.101087671693
248.4 24 25 1.005061 0.432371890413 -0.101087771858
248.5 24 25 0.814545 0.432370418186 -0.101087868247
248.6 24 25 0.80821 0.432368948058 -0.101087985786
248.7 24 25 0.99252 0.432367480122 -0.101088097011
248.8 24 25 0.806968 0.432366014661 -0.101088221244
248.9 24 25 0.994972 0.432364552113 -0.101088350629
249 24 25 0.973643 0.432363092407 -0.101088493713
249.1 24 25 0.98758 0.432361635461 -0.101088633713
249.2 24 25 0.813569 0.432360182105 -0.101088796773
249.3 24 25 1.006496 0.432358732303 -0.101088965396
249.4 24 25 1.009971 0.432357285996 -0.101089151894
249.5 24 25 0.815837 0.432355843801 -0.10108934208
249.6 24 25 0.817169 0.432354405422 -0.10108954119
249.7 24 25 0.993526 0.432352970729 -0.101089730058
249.8 24 25 0.805389 0.432351540948 -0.101089948611
249.9 24 25 0.996786 0.432350115492 -0.101090174934
250 24 25 0.996962 0.43234869488 -0.101090397445
