chain_dyn_siam_center_ref_v1 L 100 snapshots 3
snapshot initial
ni 0.50000000354000051 0.50000000062792127 0.50000000274865686 0.50000000111742093 0.50000000242086284 0.50000000118433696 0.50000000170169523 0.50000000108408327 0.50000000151630197 0.50000000108033493 0.50000000132958111 0.50000000074864792 0.50000000102838871 0.50000000048698567 0.50000000162355807 0.5000000011172584 0.50000000122038979 0.50000000088031382 0.50000000088482766 0.50000000066690387 0.50000000048544291 0.50000000005182521 0.49999999982105559 0.49999999956960761 0.49999999960241492 0.49999999994636291 0.50000000023114943 0.49999999988592581 0.49999999980228615 0.49999999934282358 0.4999999997824886 0.49999999957975166 0.49999999943903384 0.49999999872674411 0.49999999946955004 0.49999999856160449 0.499999999391737 0.49999999976283444 0.49999999884519564 0.49999999932886968 0.49999999824340208 0.49999999751630153 0.49999999915509641 0.49999999861459893 0.49999999861083638 0.49999999616277635 0.49999999914110266 0.49999999392068545 0 0.99999999999999667 0.99999999999999667 0 0.5000000035521972 0.50000000062725014 0.50000000273708989 0.50000000111398191 0.50000000241693432 0.50000000118480881 0.50000000170307612 0.50000000108503506 0.50000000151674007 0.50000000108134801 0.50000000132898959 0.5000000007475417 0.50000000102609587 0.50000000050494386 0.50000000163227798 0.50000000110573262 0.50000000122243982 0.50000000086366547 0.5000000008834693 0.50000000065253569 0.50000000048317206 0.50000000004879108 0.49999999981861898 0.49999999956891528 0.49999999960107316 0.4999999999459781 0.50000000023018087 0.49999999988133359 0.49999999980123255 0.49999999933846584 0.49999999977834614 0.49999999957747221 0.49999999944497153 0.49999999872911127 0.49999999946612972 0.49999999856716959 0.49999999938999939 0.4999999997600984 0.49999999884467916 0.49999999932785921 0.49999999824166019 0.49999999753226421 0.49999999916044052 0.49999999860349081 0.49999999860837346 0.49999999617496982 0.49999999914047355 0.49999999394830608
cc
0.50000000354000051 0 -0.42463144813472281 0 -2.9334246975931677e-09 0 0.1702024317155332 0 2.1211215227279721e-09 0 -0.10979212733697152 0 -1.6281525143450923e-09 0 0.081719996832823383 0 -7.9656532871727286e-09 0 -0.06540911782037509 0 5.8113464036110283e-09 0 0.054754644712837301 0 9.9044793756249545e-08 0 -0.047268908147378691 0 2.1172044471771692e-07 0 0.041745443485276923 0 -1.1459511279503865e-07 0 -0.037520437756869696 0 9.9037292676358987e-10 0 0.034202261625533276 0 1.014275518973295e-07 0 -0.031544017283936063 0 -2.0005307744292257e-07 0 0.029383557324785748 0 -2.0175761846498338e-08 0 -0.027607194733058674 0 1.5450759153441947e-07 0 0.026135194394935019 0 -7.6164207352338021e-08 0 -0.02490972656029174 0 -7.3669459151112815e-08 0 0.023888073576883731 0 1.6601226163082875e-07 0 -0.023038130954376117 0 -1.5281082818087699e-07 0 0.022335507510287369 0 3.5953213384776118e-07 0 -0.021761100101937717 0 -5.6891519976692231e-07 0 0.021301186919441016 0 6.6703187601498384e-07 0 -0.020944212168284328 0 -4.9199295553107354e-07 0 0.020681886775744784 0 5.2614992023990319e-07 0 -0.020509220445936401 0 -3.3744634990971745e-07 0 0.020422016274527138 0 0 0 0 0 0 0 0 0 0 0 0 0 0 0 0 0 0 0 0 0 0 0 0 0 0 0 0 0 0 0 0 0 0 0 0 0 0 0 0 0 0 0 0 0 0 0 0 0 0 0 0 0 0 0 0 0 0 0 0 0 0 0 0 0 0 0 0 0 0 0 0 0 0 0 0 0 0 0 0 0 0 0 0 0 0 0 0 0 0 0 0 0 0 0 0 0 0 0 0 0 0 0 0 0 
-0.42463144813472281 -0 0.50000000062792105 0 -0.25442901661077721 0 -8.2526511666070057e-10 0 0.060410301449994347 0 5.1322789712144874e-10 0 -0.028072171210409551 0 4.3255443196874086e-09 0 0.016310991921649955 0 1.3265815233653746e-08 0 -0.010654417481424193 0 -4.1617811275663562e-08 0 0.0074840377167728544 0 -2.0293703533017469e-07 0 -0.0055261351124820165 0 -1.0068517435598863e-07 0 0.004226326592780643 0 1.9101112316325709e-07 0 -0.0033182874117540727 0 -1.8368894225130763e-07 0 0.0026577976833954877 0 1.2400857875923373e-07 0 -0.00216144238797352 0 1.8490081079545954e-08 0 0.0017768634164479829 0 1.0286462318301798e-09 0 -0.0014717204444545768 0 -8.092105735247792e-08 0 0.0012243967705696324 0 1.1213826450104249e-07 0 -0.0010199828659103534 0 -8.9005710733376296e-08 0 0.00084786691635818417 0 4.826596391123663e-08 0 -0.00070030148856925077 0 -4.307465908413405e-08 0 0.00057146231859267092 0 -6.6254728173051874e-09 0 -0.00045708577259524514 0 9.1912945413697704e-08 0 0.0003535451126560333 0 -1.8723270761587611e-07 0 -0.00025815655311138558 0 2.3691232407609266e-07 0 0.00016874954195582087 0 -2.9929711428884856e-07 0 -8.3253667944588119e-05 0 3.3638992235819111e-07 0 0 0 0 0 0 0 0 0 0 0 0 0 0 0 0 0 0 0 0 0 0 0 0 0 0 0 0 0 0 0 0 0 0 0 0 0 0 0 0 0 0 0 0 0 0 0 0 0 0 0 0 0 0 0 0 0 0 0 0 0 0 0 0 0 0 0 0 0 0 0 0 0 0 0 0 0 0 0 0 0 0 0 0 0 0 0 0 0 0 0 0 0 0 0 0 0 0 0 0 0 0 0 0 0 
-2.9334246975931677e-09 -0 -0.25442901661077721 -0 0.50000000274865641 0 -0.36422114672052536 0 -2.4470060035598849e-09 0 0.14213028434626376 0 1.8486175144958795e-09 0 -0.093481186625578777 0 -1.345341166225878e-08 0 0.071065396589749724 0 -2.8150968134447829e-09 0 -0.057924158003827234 0 1.973321636169922e-08 0 0.049231165950027612 0 4.7458711499250734e-08 0 -0.043044132098023866 0 -1.9863553362734599e-08 0 0.038426282136572301 0 -1.0147954142315631e-08 0 -0.034860838285132825 0 7.3384970907890434e-09 0 0.032039214440579097 0 3.6208977754320836e-08 0 -0.029766157748997525 0 1.4054734457711735e-07 0 0.027910206643764767 0 -2.5507336818677358e-07 0 -0.026380646038787956 0 1.9447158384716346e-07 0 0.025112756996717507 0 -6.7864739332035908e-08 0 -0.02405937553153353 0 -1.3150117999462645e-08 0 0.02318546020936554 0 1.4462838974398782e-09 0 -0.02246463668289676 0 -2.0657655723578993e-07 0 0.021876456910962284 0 4.2147113222554598e-07 0 -0.021406203367594526 0 -5.3688731200600454e-07 0 0.021041674272123008 0 3.8961636098258908e-07 0 -0.020774102066037886 0 -4.5430850654260441e-07 0 0.020598138155064956 0 3.0063387453094226e-07 0 -0.02050935899945704 0 0 0 0 0 0 0 0 0 0 0 0 0 0 0 0 0 0 0 0 0 0 0 0 0 0 0 0 0 0 0 0 0 0 0 0 0 0 0 0 0 0 0 0 0 0 0 0 0 0 0 0 0 0 0 0 0 0 0 0 0 0 0 0 0 0 0 0 0 0 0 0 0 0 0 0 0 0 0 0 0 0 0 0 0 0 0 0 0 0 0 0 0 0 0 0 0 0 0 0 0 0 0 0 0 
0.1702024317155332 -0 -8.2526511666070057e-10 -0 -0.36422114672052536 -0 0.5000000011174196 0 -0.28250116322203839 0 -1.1446179482926011e-09 0 0.076721236846454599 0 3.8465427478321816e-09 0 -0.038726610572792051 0 9.7769344546291263e-09 0 0.023795714024514188 0 3.3570196428573126e-08 0 -0.016179626642866794 0 1.8842477197325349e-07 0 0.011709377580218469 0 7.2489094169757028e-08 0 -0.0088420155651077175 0 -1.563925290954892e-07 0 0.0068828616450695764 0 1.6385867538126938e-07 0 -0.0054794486403650904 0 -1.0755047900286305e-07 0 0.0044363677051387218 0 -1.0304266858497058e-07 0 -0.0036352205867242332 0 2.6204731833924231e-08 0 0.0030037152276036921 0 1.5866047938890412e-07 0 -0.0024944289795300121 0 -2.4719020487891355e-07 0 0.0020751362105909856 0 2.2725639037708056e-07 0 -0.0017231712136002179 0 -1.6956912946356268e-07 0 0.0014221396667660061 0 1.7955192370426033e-07 0 -0.0011598114734473919 0 -9.7133314629027499e-08 0 0.00092726974523362968 0 -5.98466432293035e-08 0 -0.00071699672138871582 0 2.4052038918346185e-07 0 0.00052343592772190043 0 -3.3246214922514804e-07 0 -0.00034210945587675226 0 4.5319790778220389e-07 0 0.00016877038086823018 0 -5.2567339067503712e-07 0 0 0 0 0 0 0 0 0 0 0 0 0 0 0 0 0 0 0 0 0 0 0 0 0 0 0 0 0 0 0 0 0 0 0 0 0 0 0 0 0 0 0 0 0 0 0 0 0 0 0 0 0 0 0 0 0 0 0 0 0 0 0 0 0 0 0 0 0 0 0 0 0 0 0 0 0 0 0 0 0 0 0 0 0 0 0 0 0 0 0 0 0 0 0 0 0 0 0 0 0 0 0 0 0 
2.1211215227279721e-09 -0 0.060410301449994347 -0 -2.4470060035598849e-09 -0 -0.28250116322203839 -0 0.50000000242086162 0 -0.34791020425574543 0 -2.3885794458202918e-09 0 0.13147578162279336 0 -1.1313050253363486e-09 0 -0.085996477760356599 0 -1.797170836089464e-08 0 0.065540884749609632 0 -1.6334641730343356e-07 0 -0.053698595372368034 0 -3.6007005876923008e-07 0 0.045911742355266023 0 2.0627335137602803e-07 0 -0.040387047032053217 0 -1.9245528127323839e-08 0 0.036266594991552659 0 -9.9729145051747852e-08 0 -0.033085234033335659 0 1.3214512317759257e-07 0 0.030567646219448016 0 -2.112090494487114e-07 0 -0.028540419291686867 0 2.8944516028519859e-07 0 0.026887783973379892 0 -2.7723548412147939e-07 0 -0.025529620112954374 0 2.1434594032792431e-07 0 0.024408961206283018 0 -1.7409308643354602e-07 0 -0.023484355144805426 0 2.0040306258822199e-07 0 0.02272513116816265 0 -1.694598778933977e-08 0 -0.022107944144846597 0 -1.9153474572544741e-07 0 0.021615942304627052 0 3.2599199739918097e-07 0 -0.021235543482635927 0 -2.2066644848156082e-07 0 0.02095696054003791 0 3.335412928242551e-07 0 -0.02077408228260683 0 -2.3815748247980884e-07 0 0.020682003964412461 0 0 0 0 0 0 0 0 0 0 0 0 0 0 0 0 0 0 0 0 0 0 0 0 0 0 0 0 0 0 0 0 0 0 0 0 0 0 0 0 0 0 0 0 0 0 0 0 0 0 0 0 0 0 0 0 0 0 0 0 0 0 0 0 0 0 0 0 0 0 0 0 0 0 0 0 0 0 0 0 0 0 0 0 0 0 0 0 0 0 0 0 0 0 0 0 0 0 0 0 0 0 0 0 0 
-0.10979212733697152 -0 5.1322789712144874e-10 -0 0.14213028434626376 -0 -1.1446179482926011e-09 -0 -0.34791020425574543 -0 0.50000000118433652 0 -0.29315565555610562 0 -1.3708021915910864e-09 0 0.084205971904527555 0 6.0861479047155431e-09 0 -0.044251298033483058 0 4.5924210326263753e-08 0 0.028020994867999527 0 3.1368615255422024e-07 0 -0.019497064215642741 0 1.1858444152111988e-07 0 0.014368271228586128 0 -2.4938192113683103e-07 0 -0.011003486909574858 0 2.1682132212542042e-07 0 0.0086593729302084886 0 -1.7353673961264758e-07 0 -0.006951831587816518 0 3.2116610680313045e-07 0 0.005661186985869128 0 -1.3973709470315233e-07 0 -0.0046561522857406848 0 -1.751521532756385e-07 0 0.0038532123310364773 0 3.5872385134110193e-07 0 -0.0031970063081519459 0 -3.8851967411807319e-07 0 0.0026493773423831241 0 3.597166102116202e-07 0 -0.0021831700040961552 0 -4.2529444929548814e-07 0 0.0017784011444176785 0 3.4609011601948233e-07 0 -0.0014206067008373264 0 -1.4785819462784826e-07 0 0.0010977878773645771 0 -9.4900880320311172e-08 0 -0.00080109593257006288 0 2.1188909546113474e-07 0 0.00052344677117078706 0 -3.8097313381093927e-07 0 -0.00025819365673142454 0 4.843856822915567e-07 0 0 0 0 0 0 0 0 0 0 0 0 0 0 0 0 0 0 0 0 0 0 0 0 0 0 0 0 0 0 0 0 0 0 0 0 0 0 0 0 0 0 0 0 0 0 0 0 0 0 0 0 0 0 0 0 0 0 0 0 0 0 0 0 0 0 0 0 0 0 0 0 0 0 0 0 0 0 0 0 0 0 0 0 0 0 0 0 0 0 0 0 0 0 0 0 0 0 0 0 0 0 0 0 0 
-1.6281525143450923e-09 -0 -0.028072171210409551 -0 1.8486175144958795e-09 -0 0.076721236846454599 -0 -2.3885794458202918e-09 -0 -0.29315565555610562 -0 0.5000000017016939 0 -0.34042547026074982 0 -2.2482661142844812e-09 0 0.1259511137860749 0 -3.0591383591632485e-09 0 -0.081771056184072446 0 -1.068191909029108e-07 0 0.062222741859675787 0 -2.215849283032913e-07 0 -0.051041327250124731 0 1.2231852107731749e-07 0 0.043750270448902104 0 -2.1651966095315944e-09 0 -0.038610157025738993 0 -4.5148163001820006e-08 0 0.034795005065721973 0 7.3034981050437479e-08 0 -0.031859744696511483 0 -1.9404968873954746e-07 0 0.029545937041167501 0 1.7651575200358384e-07 0 -0.027690300094017701 0 -9.4970722516325921e-08 0 0.026184746476714163 0 2.3331406561213008e-08 0 -0.024955050636517966 0 4.5935968542330802e-08 0 0.023948726586547023 0 -1.4670647834299565e-07 0 -0.023127836079842992 0 5.2516665614867525e-08 0 0.022464196688594725 0 9.0126596375252365e-08 0 -0.021937438182435313 0 -1.995631014262499e-07 0 0.021531715139231626 0 1.0694319855642891e-07 0 -0.021235581312874504 0 -2.435236165600442e-07 0 0.021041690667233486 0 1.8930532890044927e-07 0 -0.020944362078777215 0 0 0 0 0 0 0 0 0 0 0 0 0 0 0 0 0 0 0 0 0 0 0 0 0 0 0 0 0 0 0 0 0 0 0 0 0 0 0 0 0 0 0 0 0 0 0 0 0 0 0 0 0 0 0 0 0 0 0 0 0 0 0 0 0 0 0 0 0 0 0 0 0 0 0 0 0 0 0 0 0 0 0 0 0 0 0 0 0 0 0 0 0 0 0 0 0 0 0 0 0 0 0 0 0 
0.081719996832823383 -0 4.3255443196874086e-09 -0 -0.093481186625578777 -0 3.8465427478321816e-09 -0 0.13147578162279336 -0 -1.3708021915910864e-09 -0 -0.34042547026074982 -0 0.50000000108408305 0 -0.29868032281712126 0 -9.9010233066594984e-10 0 0.088431355224913549 0 1.4229577084416829e-08 0 -0.04756929453188502 0 9.423497142990204e-08 0 0.030678981017079904 0 3.3295163089139726e-08 0 -0.021658121539787668 0 -6.9707003208605197e-08 0 0.016145492658243141 0 6.3428506653713731e-08 0 -0.012475723645195204 0 -4.0610345936480287e-08 0 0.0098845696092096508 0 -1.7454889687336816e-07 0 -0.0079723342807699066 0 1.157094474964283e-07 0 0.0065100553221125214 0 1.2511208708248638e-07 0 -0.0053581674974796847 0 -2.7945023554560445e-07 0 0.0044272072764906288 0 2.971383461003362e-07 0 -0.003657177262110393 0 -2.7023680189266278e-07 0 0.0030063127986291517 0 3.8187411024676229e-07 0 -0.0024444540303803701 0 -3.1065980069416253e-07 0 0.0019499933284329585 0 8.305931453900349e-08 0 -0.0015054112106154891 0 2.0964292850484969e-07 0 0.0010978299609879327 0 -3.4072107050296754e-07 0 -0.00071703885095697039 0 5.5185025577286783e-07 0 0.00035360905312038207 0 -6.8339639842073053e-07 0 0 0 0 0 0 0 0 0 0 0 0 0 0 0 0 0 0 0 0 0 0 0 0 0 0 0 0 0 0 0 0 0 0 0 0 0 0 0 0 0 0 0 0 0 0 0 0 0 0 0 0 0 0 0 0 0 0 0 0 0 0 0 0 0 0 0 0 0 0 0 0 0 0 0 0 0 0 0 0 0 0 0 0 0 0 0 0 0 0 0 0 0 0 0 0 0 0 0 0 0 0 0 0 0 
-7.9656532871727286e-09 -0 0.016310991921649955 -0 -1.345341166225878e-08 -0 -0.038726610572792051 -0 -1.1313050253363486e-09 -0 0.084205971904527555 -0 -2.2482661142844812e-09 -0 -0.29868032281712126 -0 0.50000000151630097 0 -0.33620008375474986 0 -1.6741519506079416e-09 0 0.12263311038894931 0 -1.3678306077591609e-08 0 -0.079113265302198352 0 -2.7439467944402364e-08 0 0.060061552219533992 0 1.502249388209423e-08 0 -0.049264413275092386 0 -7.2513831252072782e-11 0 0.04227753083214477 0 -4.0231531912918907e-08 0 -0.037384928644832033 0 8.8014424726492667e-08 0 0.033773019978373592 0 2.065010082533839e-07 0 -0.03101023393310489 0 -2.8158442664085499e-07 0 0.028844105917044175 0 1.3787769964768708e-07 0 -0.027117016974167518 0 4.1602724711703039e-08 0 0.025725501705631593 0 -1.9045501868411765e-07 0 -0.024599013497502095 0 3.3199515438752229e-07 0 0.023688041588048655 0 -3.1104186053128096e-07 0 -0.022956862098277752 0 2.1705228926848469e-07 0 0.022379738233586074 0 -1.0452806919137651e-07 0 -0.021937403443381933 0 1.4440275304364001e-07 0 0.02161593740671738 0 5.6909601730976549e-08 0 -0.021406169781614821 0 -9.0867266214905706e-08 0 0.021301279377479054 0 0 0 0 0 0 0 0 0 0 0 0 0 0 0 0 0 0 0 0 0 0 0 0 0 0 0 0 0 0 0 0 0 0 0 0 0 0 0 0 0 0 0 0 0 0 0 0 0 0 0 0 0 0 0 0 0 0 0 0 0 0 0 0 0 0 0 0 0 0 0 0 0 0 0 0 0 0 0 0 0 0 0 0 0 0 0 0 0 0 0 0 0 0 0 0 0 0 0 0 0 0 0 0 0 
-0.06540911782037509 -0 1.3265815233653746e-08 -0 0.071065396589749724 -0 9.7769344546291263e-09 -0 -0.085996477760356599 -0 6.0861479047155431e-09 -0 0.1259511137860749 -0 -9.9010233066594984e-10 -0 -0.33620008375474986 -0 0.50000000108033416 0 -0.30199832863625004 0 -3.6360535577844048e-11 0 0.091089173070982674 0 2.9124808363467406e-09 0 -0.049730471584314519 0 -7.5249308553041648e-10 0 0.032455851185957535 0 -9.2031153309368578e-10 0 -0.023130322054335465 0 -1.7822029698732128e-10 0 0.017371600049527661 0 3.4418826854620182e-08 0 -0.013497021647799028 0 5.2051531992117344e-08 0 0.010734093241030831 0 -1.3521046031969674e-07 0 -0.0086743964126940812 0 3.4016615276415477e-08 0 0.0070834429864639935 0 8.5183472164787528e-08 0 -0.0058174555591436212 0 -1.3479820541836282e-07 0 0.0047833421699867889 0 1.7230702194443875e-07 0 -0.0039180953174825445 0 -3.9166123576587627e-07 0 0.0031772844639567682 0 3.9408284329628067e-07 0 -0.002529497222607324 0 -2.0000054472986638e-07 0 0.0019499901741910164 0 -9.1276484552902383e-08 0 -0.0014206566900460463 0 1.9779486926584908e-07 0 0.00092732001312605399 0 -4.2737367010594679e-07 0 -0.00045716551241859068 0 5.7625221831702494e-07 0 0 0 0 0 0 0 0 0 0 0 0 0 0 0 0 0 0 0 0 0 0 0 0 0 0 0 0 0 0 0 0 0 0 0 0 0 0 0 0 0 0 0 0 0 0 0 0 0 0 0 0 0 0 0 0 0 0 0 0 0 0 0 0 0 0 0 0 0 0 0 0 0 0 0 0 0 0 0 0 0 0 0 0 0 0 0 0 0 0 0 0 0 0 0 0 0 0 0 0 0 0 0 0 0 
5.8113464036110283e-09 -0 -0.010654417481424193 -0 -2.8150968134447829e-09 -0 0.023795714024514188 -0 -1.797170836089464e-08 -0 -0.044251298033483058 -0 -3.0591383591632485e-09 -0 0.088431355224913549 -0 -1.6741519506079416e-09 -0 -0.30199832863625004 -0 0.50000000132958 0 -0.33354226721118274 0 -9.6263187115090506e-10 0 0.12047193605794197 0 2.1638927489767446e-09 0 -0.077336329696846007 0 -1.14185954578373e-09 0 0.058589281244356167 0 5.0019821875924579e-09 0 -0.048039161050846914 0 3.4310952909969911e-08 0 0.041255632225629946 0 -1.541824657157977e-07 0 -0.036534257673703406 0 -2.2387648916176065e-07 0 0.033070514890651777 0 4.1842322855872503e-07 0 -0.030437012651399219 0 -2.7799617373668575e-07 0 0.02838545753637468 0 3.7860179017749367e-08 0 -0.026761728323232523 0 1.6641139237394574e-07 0 0.025465369541878839 0 -3.4276073833817601e-07 0 -0.024428421401962729 0 4.2527171196570974e-07 0 0.023603500005824733 0 -4.1909948440121385e-07 0 -0.022956845484968791 0 3.3670869621630393e-07 0 0.022464145783628903 0 -3.4622269960441612e-07 0 -0.02210791234618829 0 1.0278199058089116e-07 0 0.021876386738053876 0 4.0098103015057118e-09 0 -0.021761145552591475 0 0 0 0 0 0 0 0 0 0 0 0 0 0 0 0 0 0 0 0 0 0 0 0 0 0 0 0 0 0 0 0 0 0 0 0 0 0 0 0 0 0 0 0 0 0 0 0 0 0 0 0 0 0 0 0 0 0 0 0 0 0 0 0 0 0 0 0 0 0 0 0 0 0 0 0 0 0 0 0 0 0 0 0 0 0 0 0 0 0 0 0 0 0 0 0 0 0 0 0 0 0 0 0 0 
0.054754644712837301 -0 -4.1617811275663562e-08 -0 -0.057924158003827234 -0 3.3570196428573126e-08 -0 0.065540884749609632 -0 4.5924210326263753e-08 -0 -0.081771056184072446 -0 1.4229577084416829e-08 -0 0.12263311038894931 -0 -3.6360535577844048e-11 -0 -0.33354226721118274 -0 0.50000000074864748 0 -0.3041595034770519 0 -4.7381557478620706e-10 0 0.092866094692848455 0 9.8289510728642978e-10 0 -0.05120277263540432 0 -1.6768919820877424e-09 0 0.033681380880737161 0 -2.8081746242474462e-08 0 -0.02415164704762808 0 -5.6210462771753351e-08 0 0.018220709683513112 0 2.3685801577791343e-07 0 -0.014200473564350698 0 6.4588366981085784e-08 0 0.011308786600651174 0 -2.5736908106973478e-07 0 -0.0091340617673661677 0 2.6062049710670055e-07 0 0.0074391595444694095 0 -1.949238993416859e-07 0 -0.0060775933459541144 0 7.3628848870767507e-08 0 0.0049537393074013955 0 2.8221052601354923e-07 0 -0.0040021255762790484 0 -4.0880713518929964e-07 0 0.0031772371827817098 0 3.0819085417300445e-07 0 -0.0024444105296553228 0 -7.1659882249717505e-08 0 0.001778429571943696 0 3.1294358946869872e-08 0 -0.0011598491425458784 0 1.9061232348179175e-07 0 0.00057154793617911377 0 -3.4470050319166586e-07 0 0 0 0 0 0 0 0 0 0 0 0 0 0 0 0 0 0 0 0 0 0 0 0 0 0 0 0 0 0 0 0 0 0 0 0 0 0 0 0 0 0 0 0 0 0 0 0 0 0 0 0 0 0 0 0 0 0 0 0 0 0 0 0 0 0 0 0 0 0 0 0 0 0 0 0 0 0 0 0 0 0 0 0 0 0 0 0 0 0 0 0 0 0 0 0 0 0 0 0 0 0 0 0 0 
9.9044793756249545e-08 -0 0.0074840377167728544 -0 1.973321636169922e-08 -0 -0.016179626642866794 -0 -1.6334641730343356e-07 -0 0.028020994867999527 -0 -1.068191909029108e-07 -0 -0.04756929453188502 -0 -1.3678306077591609e-08 -0 0.091089173070982674 -0 -9.6263187115090506e-10 -0 -0.3041595034770519 -0 0.50000000102838771 0 -0.33176534410488001 0 -1.4450681676925381e-09 0 0.11899963451212817 0 1.3003247387632925e-09 0 -0.076110833312040771 0 4.5958330713082429e-09 0 0.057567702493548915 0 6.5506600768119914e-08 0 -0.047189140300089229 0 1.5317019104449892e-07 0 0.040554093882649869 0 -5.9025075101493111e-08 0 -0.035960332184674336 0 -2.4105182307591972e-07 0 0.032610542969869163 0 2.8938892439348295e-07 0 -0.030080730978270121 0 -1.7294221466538427e-07 0 0.028124848532003886 0 4.0082979874053482e-08 0 -0.026590959201609088 0 1.0081931292871635e-07 0 0.025380764496755623 0 -2.8658276642951272e-07 0 -0.024428427844495493 0 4.0135637223786502e-07 0 0.023688049551066747 0 -3.9300402738586801e-07 0 -0.023127824000891889 0 4.1442567199432007e-07 0 0.022725133509651316 0 -1.7826373616090175e-07 0 -0.022464594030719345 0 4.250901341519564e-08 0 0.02233556919218746 0 0 0 0 0 0 0 0 0 0 0 0 0 0 0 0 0 0 0 0 0 0 0 0 0 0 0 0 0 0 0 0 0 0 0 0 0 0 0 0 0 0 0 0 0 0 0 0 0 0 0 0 0 0 0 0 0 0 0 0 0 0 0 0 0 0 0 0 0 0 0 0 0 0 0 0 0 0 0 0 0 0 0 0 0 0 0 0 0 0 0 0 0 0 0 0 0 0 0 0 0 0 0 0 0 
-0.047268908147378691 -0 -2.0293703533017469e-07 -0 0.049231165950027612 -0 1.8842477197325349e-07 -0 -0.053698595372368034 -0 3.1368615255422024e-07 -0 0.062222741859675787 -0 9.423497142990204e-08 -0 -0.079113265302198352 -0 2.9124808363467406e-09 -0 0.12047193605794197 -0 -4.7381557478620706e-10 -0 -0.33176534410488001 -0 0.50000000048698612 0 -0.30563180162464432 0 -1.0029598259747645e-09 0 0.094091592666614876 0 6.6087662465652572e-10 0 -0.052224285393339613 0 -1.4066386372341535e-08 0 0.034531057104294438 0 -1.4566187723472789e-07 0 -0.024854517731727161 0 -4.2898997429203821e-07 0 0.018794333267708192 0 1.8718286269637243e-07 0 -0.014659912162740934 0 2.5945078212858658e-07 0 0.011664716784932149 0 -4.5639007098516302e-07 0 -0.0093944354761785771 0 4.5709126457985028e-07 0 0.0076097745372736584 0 -3.2641661212159632e-07 0 -0.006162177018388719 0 -9.8491021086962677e-08 0 0.0049537801137679045 0 3.2876606930229598e-07 0 -0.0039180786685402945 0 -3.3404399112163167e-07 0 0.0030062913660965852 0 1.7422337606991084e-07 0 -0.0021832220211289014 0 -2.2119674434977245e-07 0 0.0014221932940542464 0 2.1064933499731074e-08 0 -0.000700407626694026 0 1.3164661008379785e-07 0 0 0 0 0 0 0 0 0 0 0 0 0 0 0 0 0 0 0 0 0 0 0 0 0 0 0 0 0 0 0 0 0 0 0 0 0 0 0 0 0 0 0 0 0 0 0 0 0 0 0 0 0 0 0 0 0 0 0 0 0 0 0 0 0 0 0 0 0 0 0 0 0 0 0 0 0 0 0 0 0 0 0 0 0 0 0 0 0 0 0 0 0 0 0 0 0 0 0 0 0 0 0 0 0 
2.1172044471771692e-07 -0 -0.0055261351124820165 -0 4.7458711499250734e-08 -0 0.011709377580218469 -0 -3.6007005876923008e-07 -0 -0.019497064215642741 -0 -2.215849283032913e-07 -0 0.030678981017079904 -0 -2.7439467944402364e-08 -0 -0.049730471584314519 -0 2.1638927489767446e-09 -0 0.092866094692848455 -0 -1.4450681676925381e-09 -0 -0.30563180162464432 -0 0.5000000016235584 0 -0.33053984420872995 0 -1.5512211691818208e-09 0 0.11797810835076579 0 3.0673655277120057e-09 0 -0.075261070124289467 0 2.5224669675073969e-08 0 0.056865377749683858 0 3.3361477963332892e-07 0 -0.046615226262517413 0 4.4909237669919822e-07 0 0.040094353673127817 0 -3.2159513427905686e-07 0 -0.035604032946309483 0 -2.440099136992664e-08 0 0.032350050730231547 0 2.3421420250638173e-07 0 -0.029910332059266444 0 -3.4182212378714687e-07 0 0.028040641275080234 0 3.500232885316394e-07 0 -0.026590986795120095 0 -9.4943889153082254e-08 0 0.025465371869551497 0 -1.5391468489047976e-07 0 -0.024599015855432862 0 2.5562631065679827e-07 0 0.023948709659608963 0 -3.3000253107662555e-07 0 -0.023484334524126814 0 1.5627082410159539e-07 0 0.023185379007134698 0 -4.2078764589045803e-08 0 -0.023038135506243358 0 0 0 0 0 0 0 0 0 0 0 0 0 0 0 0 0 0 0 0 0 0 0 0 0 0 0 0 0 0 0 0 0 0 0 0 0 0 0 0 0 0 0 0 0 0 0 0 0 0 0 0 0 0 0 0 0 0 0 0 0 0 0 0 0 0 0 0 0 0 0 0 0 0 0 0 0 0 0 0 0 0 0 0 0 0 0 0 0 0 0 0 0 0 0 0 0 0 0 0 0 0 0 0 0 
0.041745443485276923 -0 -1.0068517435598863e-07 -0 -0.043044132098023866 -0 7.2489094169757028e-08 -0 0.045911742355266023 -0 1.1858444152111988e-07 -0 -0.051041327250124731 -0 3.3295163089139726e-08 -0 0.060061552219533992 -0 -7.5249308553041648e-10 -0 -0.077336329696846007 -0 9.8289510728642978e-10 -0 0.11899963451212817 -0 -1.0029598259747645e-09 -0 -0.33053984420872995 -0 0.50000000111725773 0 -0.30665332654634508 0 -1.4975078933168024e-09 0 0.094941344231554967 0 1.9896183002523983e-09 0 -0.052926757145975487 0 -8.5229921652381448e-08 0 0.03510488980995536 0 -3.8736619760028206e-07 0 -0.025313800065135304 0 -3.2746037218640534e-07 0 0.019150537420443869 0 2.4526831749629964e-07 0 -0.014920819070149744 0 3.5844076690508827e-08 0 0.011835571359053998 0 -2.3169095396587966e-07 0 -0.0094788578054441006 0 3.0392148013431291e-07 0 0.0076097408940160533 0 -4.1033749850597723e-08 0 -0.00607758770301453 0 -1.4278413032604793e-07 0 0.0047832753192965927 0 1.7486602102841297e-07 0 -0.0036571061474048464 0 -5.1248143316317333e-08 0 0.0026493931945169402 0 1.6465622566630919e-07 0 -0.0017231975197463214 0 2.4177001181383234e-08 0 0.00084797194781338343 0 -1.8015303633635836e-07 0 0 0 0 0 0 0 0 0 0 0 0 0 0 0 0 0 0 0 0 0 0 0 0 0 0 0 0 0 0 0 0 0 0 0 0 0 0 0 0 0 0 0 0 0 0 0 0 0 0 0 0 0 0 0 0 0 0 0 0 0 0 0 0 0 0 0 0 0 0 0 0 0 0 0 0 0 0 0 0 0 0 0 0 0 0 0 0 0 0 0 0 0 0 0 0 0 0 0 0 0 0 0 0 0 
-1.1459511279503865e-07 -0 0.004226326592780643 -0 -1.9863553362734599e-08 -0 -0.0088420155651077175 -0 2.0627335137602803e-07 -0 0.014368271228586128 -0 1.2231852107731749e-07 -0 -0.021658121539787668 -0 1.502249388209423e-08 -0 0.032455851185957535 -0 -1.14185954578373e-09 -0 -0.05120277263540432 -0 1.3003247387632925e-09 -0 0.094091592666614876 -0 -1.5512211691818208e-09 -0 -0.30665332654634508 -0 0.50000000122038835 0 -0.32969009250914033 0 -1.6055711207005408e-09 0 0.11727565924644659 0 9.3742392151810392e-09 0 -0.074687213546789089 0 1.0249041409193503e-07 0 0.056405751966491509 0 3.3117965707356513e-07 0 -0.046259534174390424 0 2.7380922139523163e-07 0 0.039833736881144645 0 -2.5279154779393846e-07 0 -0.035433116213066169 0 1.1736790312179795e-08 0 0.032265512243666646 0 2.5210680705027247e-07 0 -0.029910297761927669 0 -4.427032756112638e-07 0 0.028124871584808989 0 1.7944812550025852e-07 0 -0.026761720056829984 0 1.4406766391353757e-07 0 0.025725520505722913 0 -3.0329526668482212e-07 0 -0.024955075336114754 0 3.7634542019045977e-07 0 0.024408977200312602 0 -2.2669582506578003e-07 0 -0.024059323469301317 0 8.9723543652067694e-08 0 0.023888088481258618 0 0 0 0 0 0 0 0 0 0 0 0 0 0 0 0 0 0 0 0 0 0 0 0 0 0 0 0 0 0 0 0 0 0 0 0 0 0 0 0 0 0 0 0 0 0 0 0 0 0 0 0 0 0 0 0 0 0 0 0 0 0 0 0 0 0 0 0 0 0 0 0 0 0 0 0 0 0 0 0 0 0 0 0 0 0 0 0 0 0 0 0 0 0 0 0 0 0 0 0 0 0 0 0 0 
-0.037520437756869696 -0 1.9101112316325709e-07 -0 0.038426282136572301 -0 -1.563925290954892e-07 -0 -0.040387047032053217 -0 -2.4938192113683103e-07 -0 0.043750270448902104 -0 -6.9707003208605197e-08 -0 -0.049264413275092386 -0 -9.2031153309368578e-10 -0 0.058589281244356167 -0 -1.6768919820877424e-09 -0 -0.076110833312040771 -0 6.6087662465652572e-10 -0 0.11797810835076579 -0 -1.4975078933168024e-09 -0 -0.32969009250914033 -0 0.50000000088031349 0 -0.3073557767251931 0 -1.1722354682062075e-09 0 0.095515194265988854 0 -9.8030286055420218e-09 0 -0.053386285958691493 0 -8.4560887952644508e-08 0 0.035461066372482634 0 -2.8202932711214482e-07 0 -0.025574018660739366 0 -1.9616006165051854e-07 0 0.01932128704909777 0 2.1646979523731171e-07 0 -0.015005427209596351 0 -2.1569982057899455e-08 0 0.011835580069320013 0 -2.1570607997302024e-07 0 -0.0093944347622379621 0 1.8333167892317267e-07 0 0.0074391674916623688 0 -6.2957223246755958e-08 0 -0.005817399550312124 0 -3.0270961473893822e-08 0 0.0044271365685022157 0 -8.1066231814945338e-09 0 -0.0031970193057481765 0 -2.1354340175583608e-07 0 0.0020751538580623184 0 6.6998320046241433e-08 0 -0.0010200959112244795 0 7.7037033186717657e-08 0 0 0 0 0 0 0 0 0 0 0 0 0 0 0 0 0 0 0 0 0 0 0 0 0 0 0 0 0 0 0 0 0 0 0 0 0 0 0 0 0 0 0 0 0 0 0 0 0 0 0 0 0 0 0 0 0 0 0 0 0 0 0 0 0 0 0 0 0 0 0 0 0 0 0 0 0 0 0 0 0 0 0 0 0 0 0 0 0 0 0 0 0 0 0 0 0 0 0 0 0 0 0 0 0 
9.9037292676358987e-10 -0 -0.0033182874117540727 -0 -1.0147954142315631e-08 -0 0.0068828616450695764 -0 -1.9245528127323839e-08 -0 -0.011003486909574858 -0 -2.1651966095315944e-09 -0 0.016145492658243141 -0 -7.2513831252072782e-11 -0 -0.023130322054335465 -0 5.0019821875924579e-09 -0 0.033681380880737161 -0 4.5958330713082429e-09 -0 -0.052224285393339613 -0 3.0673655277120057e-09 -0 0.094941344231554967 -0 -1.6055711207005408e-09 -0 -0.3073557767251931 -0 0.50000000088482777 0 -0.32911624187056526 0 -3.6799334319036208e-10 0 0.1168161236392572 0 6.4514042793246247e-09 0 -0.074331195712035655 0 7.1703048350806734e-08 0 0.056145063480631405 0 2.2116125580920647e-07 0 -0.046089081122058922 0 1.7758935720280366e-07 0 0.039749277073203984 0 -2.0701774695267779e-07 0 -0.03543311027871672 0 -5.5124970732375486e-08 0 0.03234999964090618 0 4.2960760486969757e-07 0 -0.030080744910746849 0 -2.3741584240440825e-07 0 0.028385421800855123 0 -9.3606155995564732e-08 0 -0.027117033449497969 0 2.8155281853556997e-07 0 0.026184797558308628 0 -3.4554154070185185e-07 0 -0.025529656325506082 0 2.4693489367897946e-07 0 0.025112717794216866 0 -1.1363063575318966e-07 0 -0.024909730279600958 0 0 0 0 0 0 0 0 0 0 0 0 0 0 0 0 0 0 0 0 0 0 0 0 0 0 0 0 0 0 0 0 0 0 0 0 0 0 0 0 0 0 0 0 0 0 0 0 0 0 0 0 0 0 0 0 0 0 0 0 0 0 0 0 0 0 0 0 0 0 0 0 0 0 0 0 0 0 0 0 0 0 0 0 0 0 0 0 0 0 0 0 0 0 0 0 0 0 0 0 0 0 0 0 0 
0.034202261625533276 -0 -1.8368894225130763e-07 -0 -0.034860838285132825 -0 1.6385867538126938e-07 -0 0.036266594991552659 -0 2.1682132212542042e-07 -0 -0.038610157025738993 -0 6.3428506653713731e-08 -0 0.04227753083214477 -0 -1.7822029698732128e-10 -0 -0.048039161050846914 -0 -2.8081746242474462e-08 -0 0.057567702493548915 -0 -1.4066386372341535e-08 -0 -0.075261070124289467 -0 1.9896183002523983e-09 -0 0.11727565924644659 -0 -1.1722354682062075e-09 -0 -0.32911624187056526 -0 0.50000000066690309 0 -0.30781531342121393 0 -2.5004135481210472e-10 0 0.095871231079149619 0 -6.1448422401868486e-09 0 -0.053646802193000241 0 -5.3280732723909052e-08 0 0.035631882099502209 0 -1.9834315915755558e-07 0 -0.025658374403776229 0 -1.8246574640927149e-07 0 0.019321276128044462 0 2.5557465906163543e-07 0 -0.014920819298884478 0 2.7652402739869824e-08 0 0.011664750612821771 0 -3.0718305079262201e-07 0 -0.0091340800736503611 0 3.0165495465991053e-07 0 0.0070834097966949233 0 -1.4409997824495457e-07 0 -0.0053581089156661916 0 7.0905439022610502e-08 0 0.0038532246465701791 0 2.8218084135534333e-07 0 -0.0024944341772022544 0 -2.006117496075187e-07 0 0.0012245150124514338 0 8.0465938267527959e-08 0 0 0 0 0 0 0 0 0 0 0 0 0 0 0 0 0 0 0 0 0 0 0 0 0 0 0 0 0 0 0 0 0 0 0 0 0 0 0 0 0 0 0 0 0 0 0 0 0 0 0 0 0 0 0 0 0 0 0 0 0 0 0 0 0 0 0 0 0 0 0 0 0 0 0 0 0 0 0 0 0 0 0 0 0 0 0 0 0 0 0 0 0 0 0 0 0 0 0 0 0 0 0 0 0 
1.014275518973295e-07 -0 0.0026577976833954877 -0 7.3384970907890434e-09 -0 -0.0054794486403650904 -0 -9.9729145051747852e-08 -0 0.0086593729302084886 -0 -4.5148163001820006e-08 -0 -0.012475723645195204 -0 -4.0231531912918907e-08 -0 0.017371600049527661 -0 3.4310952909969911e-08 -0 -0.02415164704762808 -0 6.5506600768119914e-08 -0 0.034531057104294438 -0 2.5224669675073969e-08 -0 -0.052926757145975487 -0 9.3742392151810392e-09 -0 0.095515194265988854 -0 -3.6799334319036208e-10 -0 -0.30781531342121393 -0 0.50000000048544224 0 -0.32876020549143775 0 2.8204268506478505e-10 0 0.11655558148341197 0 3.186667769964798e-09 0 -0.074160516871791524 0 4.7735748520250982e-08 0 0.0560605391526693 0 1.9908006097907393e-07 0 -0.046089090835505594 0 1.9028935134926339e-07 0 0.039833749583853717 0 -2.2978967535311335e-07 0 -0.035603994149098116 0 -2.2874558629923301e-07 0 0.032610545090951536 0 2.3803447474689518e-07 0 -0.030436938611366812 0 -3.7992896059031666e-08 0 0.028844106815350778 0 -1.1312791486260766e-07 0 -0.027690370132174996 0 1.5436377474356493e-07 0 0.026887835150845366 0 -1.543495169863597e-07 0 -0.026380618607174902 0 8.1114280120822557e-08 0 0.026135180803669885 0 0 0 0 0 0 0 0 0 0 0 0 0 0 0 0 0 0 0 0 0 0 0 0 0 0 0 0 0 0 0 0 0 0 0 0 0 0 0 0 0 0 0 0 0 0 0 0 0 0 0 0 0 0 0 0 0 0 0 0 0 0 0 0 0 0 0 0 0 0 0 0 0 0 0 0 0 0 0 0 0 0 0 0 0 0 0 0 0 0 0 0 0 0 0 0 0 0 0 0 0 0 0 0 0 
-0.031544017283936063 -0 1.2400857875923373e-07 -0 0.032039214440579097 -0 -1.0755047900286305e-07 -0 -0.033085234033335659 -0 -1.7353673961264758e-07 -0 0.034795005065721973 -0 -4.0610345936480287e-08 -0 -0.037384928644832033 -0 3.4418826854620182e-08 -0 0.041255632225629946 -0 -5.6210462771753351e-08 -0 -0.047189140300089229 -0 -1.4566187723472789e-07 -0 0.056865377749683858 -0 -8.5229921652381448e-08 -0 -0.074687213546789089 -0 -9.8030286055420218e-09 -0 0.1168161236392572 -0 -2.5004135481210472e-10 -0 -0.32876020549143775 -0 0.50000000005182477 0 -0.30807585372213814 0 2.5673439258514798e-10 0 0.096041930738786543 0 -3.0459113268126355e-09 0 -0.05373126376951344 0 -4.8556245621404801e-08 0 0.035631890648881011 0 -2.1015522181142305e-07 0 -0.025573990863681024 0 -2.7665753859464609e-07 0 0.019150501025054185 0 3.0001034957385449e-07 0 -0.014659957088024768 0 2.6051275223218483e-07 0 0.011308794646922559 0 -4.3711175265661134e-07 0 -0.0086744003996092091 0 2.8347569140866463e-07 0 0.0065100316569144563 0 -1.4757008331668595e-07 0 -0.0046561747358846682 0 -2.9379453113363232e-07 0 0.0030037089960141144 0 2.6172627319792988e-07 0 -0.0014718424429095746 0 -1.6019527342152242e-07 0 0 0 0 0 0 0 0 0 0 0 0 0 0 0 0 0 0 0 0 0 0 0 0 0 0 0 0 0 0 0 0 0 0 0 0 0 0 0 0 0 0 0 0 0 0 0 0 0 0 0 0 0 0 0 0 0 0 0 0 0 0 0 0 0 0 0 0 0 0 0 0 0 0 0 0 0 0 0 0 0 0 0 0 0 0 0 0 0 0 0 0 0 0 0 0 0 0 0 0 0 0 0 0 0 
-2.0005307744292257e-07 -0 -0.00216144238797352 -0 3.6208977754320836e-08 -0 0.0044363677051387218 -0 1.3214512317759257e-07 -0 -0.006951831587816518 -0 7.3034981050437479e-08 -0 0.0098845696092096508 -0 8.8014424726492667e-08 -0 -0.013497021647799028 -0 -1.541824657157977e-07 -0 0.018220709683513112 -0 1.5317019104449892e-07 -0 -0.024854517731727161 -0 3.3361477963332892e-07 -0 0.03510488980995536 -0 1.0249041409193503e-07 -0 -0.053386285958691493 -0 6.4514042793246247e-09 -0 0.095871231079149619 -0 2.8204268506478505e-10 -0 -0.30807585372213814 -0 0.4999999998210547 0 -0.32858950702492529 0 7.2831358127660042e-11 0 0.1164711126710835 0 3.7188034649423687e-09 0 -0.074160517587111827 0 4.7683681528638311e-08 0 0.056145038471023243 0 2.718512937997229e-07 0 -0.046259562994598623 0 3.3172334409478565e-07 0 0.040094375674680958 0 -2.2115849349551763e-07 0 -0.035960340454131184 0 -5.5382858173054735e-08 0 0.033070422781995276 0 1.6058657299256111e-07 0 -0.031010220558823461 0 -1.5152281393636574e-07 0 0.029546018734245883 0 1.7505252885815392e-07 0 -0.028540472799023466 0 -3.9815115939095168e-08 0 0.027910181196869433 0 2.7406353714232168e-09 0 -0.027607146210580493 0 0 0 0 0 0 0 0 0 0 0 0 0 0 0 0 0 0 0 0 0 0 0 0 0 0 0 0 0 0 0 0 0 0 0 0 0 0 0 0 0 0 0 0 0 0 0 0 0 0 0 0 0 0 0 0 0 0 0 0 0 0 0 0 0 0 0 0 0 0 0 0 0 0 0 0 0 0 0 0 0 0 0 0 0 0 0 0 0 0 0 0 0 0 0 0 0 0 0 0 0 0 0 0 0 
0.029383557324785748 -0 1.8490081079545954e-08 -0 -0.029766157748997525 -0 -1.0304266858497058e-07 -0 0.030567646219448016 -0 3.2116610680313045e-07 -0 -0.031859744696511483 -0 -1.7454889687336816e-07 -0 0.033773019978373592 -0 5.2051531992117344e-08 -0 -0.036534257673703406 -0 2.3685801577791343e-07 -0 0.040554093882649869 -0 -4.2898997429203821e-07 -0 -0.046615226262517413 -0 -3.8736619760028206e-07 -0 0.056405751966491509 -0 -8.4560887952644508e-08 -0 -0.074331195712035655 -0 -6.1448422401868486e-09 -0 0.11655558148341197 -0 2.5673439258514798e-10 -0 -0.32858950702492529 -0 0.49999999956960656 0 -0.30816032250220848 0 3.0636838207288635e-10 0 0.096041930022096988 0 -2.2330067030833369e-09 0 -0.053646794880199605 0 -6.4746444496594994e-08 0 0.035461095485951388 0 -3.2480483402205103e-07 0 -0.02531375723912432 0 -4.338897652364732e-07 0 0.018794346070385912 0 6.7517218378247412e-08 0 -0.01420041718216972 0 2.1756713101957591e-07 0 0.010734124567101152 0 -1.9852883778258622e-07 0 -0.0079723537387588663 0 1.6714074727875135e-07 0 0.0056612165571976935 0 1.9890101502761972e-07 0 -0.0036351923628483336 0 -1.2763786869186074e-07 0 0.0017769797000483376 0 5.6727797863737875e-09 0 0 0 0 0 0 0 0 0 0 0 0 0 0 0 0 0 0 0 0 0 0 0 0 0 0 0 0 0 0 0 0 0 0 0 0 0 0 0 0 0 0 0 0 0 0 0 0 0 0 0 0 0 0 0 0 0 0 0 0 0 0 0 0 0 0 0 0 0 0 0 0 0 0 0 0 0 0 0 0 0 0 0 0 0 0 0 0 0 0 0 0 0 0 0 0 0 0 0 0 0 0 0 0 0 
-2.0175761846498338e-08 -0 0.0017768634164479829 -0 1.4054734457711735e-07 -0 -0.0036352205867242332 -0 -2.112090494487114e-07 -0 0.005661186985869128 -0 -1.9404968873954746e-07 -0 -0.0079723342807699066 -0 2.065010082533839e-07 -0 0.010734093241030831 -0 -2.2387648916176065e-07 -0 -0.014200473564350698 -0 -5.9025075101493111e-08 -0 0.018794333267708192 -0 4.4909237669919822e-07 -0 -0.025313800065135304 -0 3.3117965707356513e-07 -0 0.035461066372482634 -0 7.1703048350806734e-08 -0 -0.053646802193000241 -0 3.186667769964798e-09 -0 0.096041930738786543 -0 7.2831358127660042e-11 -0 -0.30816032250220848 -0 0.49999999960241426 0 -0.32858950678734133 0 -2.5739817054833831e-10 0 0.1165555800053544 0 4.5728763790471024e-09 0 -0.074331202540682831 0 7.8961890716834614e-08 0 0.056405715854654488 0 3.850443212241027e-07 0 -0.046615267030630993 0 4.6411170524254321e-07 0 0.040554092887518635 0 -2.554464057077296e-07 0 -0.036534209477679366 0 -7.4226744801124626e-08 0 0.033773028406552268 0 2.1248839570641327e-07 0 -0.031859846079633734 0 -3.5194205974503532e-07 0 0.030567695496235715 0 1.1390248219020314e-07 0 -0.029766130896230276 0 -2.0239997950213806e-08 0 0.029383460292424113 0 0 0 0 0 0 0 0 0 0 0 0 0 0 0 0 0 0 0 0 0 0 0 0 0 0 0 0 0 0 0 0 0 0 0 0 0 0 0 0 0 0 0 0 0 0 0 0 0 0 0 0 0 0 0 0 0 0 0 0 0 0 0 0 0 0 0 0 0 0 0 0 0 0 0 0 0 0 0 0 0 0 0 0 0 0 0 0 0 0 0 0 0 0 0 0 0 0 0 0 0 0 0 0 0 
-0.027607194733058674 -0 1.0286462318301798e-09 -0 0.027910206643764767 -0 2.6204731833924231e-08 -0 -0.028540419291686867 -0 -1.3973709470315233e-07 -0 0.029545937041167501 -0 1.157094474964283e-07 -0 -0.03101023393310489 -0 -1.3521046031969674e-07 -0 0.033070514890651777 -0 6.4588366981085784e-08 -0 -0.035960332184674336 -0 1.8718286269637243e-07 -0 0.040094353673127817 -0 -3.2746037218640534e-07 -0 -0.046259534174390424 -0 -2.8202932711214482e-07 -0 0.056145063480631405 -0 -5.3280732723909052e-08 -0 -0.074160516871791524 -0 -3.0459113268126355e-09 -0 0.1164711126710835 -0 3.0636838207288635e-10 -0 -0.32858950678734133 -0 0.49999999994636124 0 -0.3080758533761932 0 -1.4928656932945207e-10 0 0.095871230896227996 0 -5.183341266516793e-09 0 -0.053386275922420248 0 -9.8211512199798565e-08 0 0.035104915417243462 0 -3.8094539072378514e-07 0 -0.024854522410611146 0 -1.8915752628319541e-07 0 0.01822060524969531 0 2.0877074432537138e-07 0 -0.013497083656631215 0 -1.2699486281134365e-07 0 0.0098846263356789279 0 -3.8245674511018728e-08 0 -0.0069518364242368109 0 -1.0247729350812979e-07 0 0.0044362794203508032 0 -7.4706684546790685e-08 0 -0.0021615243241021064 0 2.4278947043939554e-07 0 0 0 0 0 0 0 0 0 0 0 0 0 0 0 0 0 0 0 0 0 0 0 0 0 0 0 0 0 0 0 0 0 0 0 0 0 0 0 0 0 0 0 0 0 0 0 0 0 0 0 0 0 0 0 0 0 0 0 0 0 0 0 0 0 0 0 0 0 0 0 0 0 0 0 0 0 0 0 0 0 0 0 0 0 0 0 0 0 0 0 0 0 0 0 0 0 0 0 0 0 0 0 0 0 
1.5450759153441947e-07 -0 -0.0014717204444545768 -0 -2.5507336818677358e-07 -0 0.0030037152276036921 -0 2.8944516028519859e-07 -0 -0.0046561522857406848 -0 1.7651575200358384e-07 -0 0.0065100553221125214 -0 -2.8158442664085499e-07 -0 -0.0086743964126940812 -0 4.1842322855872503e-07 -0 0.011308786600651174 -0 -2.4105182307591972e-07 -0 -0.014659912162740934 -0 -3.2159513427905686e-07 -0 0.019150537420443869 -0 2.7380922139523163e-07 -0 -0.025574018660739366 -0 2.2116125580920647e-07 -0 0.035631882099502209 -0 4.7735748520250982e-08 -0 -0.05373126376951344 -0 3.7188034649423687e-09 -0 0.096041930022096988 -0 -2.5739817054833831e-10 -0 -0.3080758533761932 -0 0.50000000023114921 0 -0.32876020522224986 0 -1.2558960139610764e-10 0 0.11681612207086704 0 7.347771448643948e-09 0 -0.074687218657082777 0 1.0389550325596596e-07 0 0.05686538026180301 0 1.9970082502652184e-07 0 -0.047189049657543683 0 4.6128164480473233e-08 0 0.041255691197228855 0 -3.7662480171282758e-08 0 -0.037384984239340988 0 5.2005177201520105e-08 0 0.034795108870283274 0 1.4069193943425136e-07 0 -0.033085259603088391 0 1.4359899483152393e-07 0 0.032039194192401782 0 -1.4762069111551313e-07 0 -0.031543880081228479 0 0 0 0 0 0 0 0 0 0 0 0 0 0 0 0 0 0 0 0 0 0 0 0 0 0 0 0 0 0 0 0 0 0 0 0 0 0 0 0 0 0 0 0 0 0 0 0 0 0 0 0 0 0 0 0 0 0 0 0 0 0 0 0 0 0 0 0 0 0 0 0 0 0 0 0 0 0 0 0 0 0 0 0 0 0 0 0 0 0 0 0 0 0 0 0 0 0 0 0 0 0 0 0 0 
0.026135194394935019 -0 -8.092105735247792e-08 -0 -0.026380646038787956 -0 1.5866047938890412e-07 -0 0.026887783973379892 -0 -1.751521532756385e-07 -0 -0.027690300094017701 -0 1.2511208708248638e-07 -0 0.028844105917044175 -0 3.4016615276415477e-08 -0 -0.030437012651399219 -0 -2.5736908106973478e-07 -0 0.032610542969869163 -0 2.5945078212858658e-07 -0 -0.035604032946309483 -0 2.4526831749629964e-07 -0 0.039833736881144645 -0 -1.9616006165051854e-07 -0 -0.046089081122058922 -0 -1.9834315915755558e-07 -0 0.0560605391526693 -0 -4.8556245621404801e-08 -0 -0.074160517587111827 -0 -2.2330067030833369e-09 -0 0.1165555800053544 -0 -1.4928656932945207e-10 -0 -0.32876020522224986 -0 0.49999999988592458 0 -0.30781531289320135 0 6.344509822667026e-10 0 0.095515193807737556 0 -1.2198124376711591e-08 0 -0.052926757731596004 0 -4.7149264923557211e-08 0 0.034531010953325017 0 -8.3074757632829233e-08 0 -0.024151696376982092 0 -3.4376458580046875e-08 0 0.017371727653414243 0 4.3695417540238354e-08 0 -0.012475768893863173 0 2.1941352181814064e-08 0 0.0086592577247739787 0 7.6920712396859584e-08 0 -0.0054792101425082474 0 -2.3121663573566834e-10 0 0.0026577816833213913 0 -9.827989177213785e-08 0 0 0 0 0 0 0 0 0 0 0 0 0 0 0 0 0 0 0 0 0 0 0 0 0 0 0 0 0 0 0 0 0 0 0 0 0 0 0 0 0 0 0 0 0 0 0 0 0 0 0 0 0 0 0 0 0 0 0 0 0 0 0 0 0 0 0 0 0 0 0 0 0 0 0 0 0 0 0 0 0 0 0 0 0 0 0 0 0 0 0 0 0 0 0 0 0 0 0 0 0 0 0 0 0 
-7.6164207352338021e-08 -0 0.0012243967705696324 -0 1.9447158384716346e-07 -0 -0.0024944289795300121 -0 -2.7723548412147939e-07 -0 0.0038532123310364773 -0 -9.4970722516325921e-08 -0 -0.0053581674974796847 -0 1.3787769964768708e-07 -0 0.0070834429864639935 -0 -2.7799617373668575e-07 -0 -0.0091340617673661677 -0 2.8938892439348295e-07 -0 0.011664716784932149 -0 -2.440099136992664e-08 -0 -0.014920819070149744 -0 -2.5279154779393846e-07 -0 0.01932128704909777 -0 1.7758935720280366e-07 -0 -0.025658374403776229 -0 1.9908006097907393e-07 -0 0.035631890648881011 -0 4.7683681528638311e-08 -0 -0.053646794880199605 -0 4.5728763790471024e-09 -0 0.095871230896227996 -0 -1.2558960139610764e-10 -0 -0.30781531289320135 -0 0.49999999980228577 0 -0.32911624193870437 0 9.9489557931603424e-10 0 0.11727565967831938 0 2.139291881479468e-09 0 -0.075261057911991475 0 1.9450626906390571e-08 0 0.057567730910516944 0 3.9363318236843609e-08 0 -0.048039252535648079 0 -1.1145375801110611e-08 0 0.042277412537919515 0 -5.5096835907903287e-08 0 -0.038610061639366186 0 -1.8593015663098749e-07 0 0.036266549306465577 0 -1.8967368925260197e-07 0 -0.034860957743737313 0 2.0061593863050786e-07 0 0.034202298671331774 0 0 0 0 0 0 0 0 0 0 0 0 0 0 0 0 0 0 0 0 0 0 0 0 0 0 0 0 0 0 0 0 0 0 0 0 0 0 0 0 0 0 0 0 0 0 0 0 0 0 0 0 0 0 0 0 0 0 0 0 0 0 0 0 0 0 0 0 0 0 0 0 0 0 0 0 0 0 0 0 0 0 0 0 0 0 0 0 0 0 0 0 0 0 0 0 0 0 0 0 0 0 0 0 0 
-0.02490972656029174 -0 1.1213826450104249e-07 -0 0.025112756996717507 -0 -2.4719020487891355e-07 -0 -0.025529620112954374 -0 3.5872385134110193e-07 -0 0.026184746476714163 -0 -2.7945023554560445e-07 -0 -0.027117016974167518 -0 8.5183472164787528e-08 -0 0.02838545753637468 -0 2.6062049710670055e-07 -0 -0.030080730978270121 -0 -4.5639007098516302e-07 -0 0.032350050730231547 -0 3.5844076690508827e-08 -0 -0.035433116213066169 -0 2.1646979523731171e-07 -0 0.039749277073203984 -0 -1.8246574640927149e-07 -0 -0.046089090835505594 -0 -2.1015522181142305e-07 -0 0.056145038471023243 -0 -6.4746444496594994e-08 -0 -0.074331202540682831 -0 -5.183341266516793e-09 -0 0.11681612207086704 -0 6.344509822667026e-10 -0 -0.32911624193870437 -0 0.49999999934282241 0 -0.30735577635188926 0 8.1391065979961072e-10 0 0.094941342131910092 0 -2.6115859901020801e-09 0 -0.052224292463138325 0 -9.5062509115451863e-09 0 0.033681414235185059 0 -5.0221855198095742e-09 0 -0.023130226423135693 0 6.3640148961146563e-09 0 0.016145556759988626 0 1.1154192728407098e-08 0 -0.011003517641037942 0 4.9704642525313534e-08 0 0.0068827823989202367 0 1.0620166458817464e-08 0 -0.0033183396058904134 0 -2.2570781299416191e-08 0 0 0 0 0 0 0 0 0 0 0 0 0 0 0 0 0 0 0 0 0 0 0 0 0 0 0 0 0 0 0 0 0 0 0 0 0 0 0 0 0 0 0 0 0 0 0 0 0 0 0 0 0 0 0 0 0 0 0 0 0 0 0 0 0 0 0 0 0 0 0 0 0 0 0 0 0 0 0 0 0 0 0 0 0 0 0 0 0 0 0 0 0 0 0 0 0 0 0 0 0 0 0 0 0 
-7.3669459151112815e-08 -0 -0.0010199828659103534 -0 -6.7864739332035908e-08 -0 0.0020751362105909856 -0 2.1434594032792431e-07 -0 -0.0031970063081519459 -0 2.3331406561213008e-08 -0 0.0044272072764906288 -0 4.1602724711703039e-08 -0 -0.0058174555591436212 -0 3.7860179017749367e-08 -0 0.0074391595444694095 -0 -1.7294221466538427e-07 -0 -0.0093944354761785771 -0 2.3421420250638173e-07 -0 0.011835571359053998 -0 1.1736790312179795e-08 -0 -0.015005427209596351 -0 -2.0701774695267779e-07 -0 0.019321276128044462 -0 1.9028935134926339e-07 -0 -0.025573990863681024 -0 2.718512937997229e-07 -0 0.035461095485951388 -0 7.8961890716834614e-08 -0 -0.053386275922420248 -0 7.347771448643948e-09 -0 0.095515193807737556 -0 9.9489557931603424e-10 -0 -0.30735577635188926 -0 0.49999999978248771 0 -0.32969009305196129 0 6.2559532282884833e-10 0 0.1179781099325906 0 1.1394712188153306e-09 0 -0.076110844052634449 0 3.2933772218238002e-09 0 0.058589256364589698 0 1.0685399872922199e-08 0 -0.049264462361995748 0 5.1285309297405346e-08 0 0.043750206024388755 0 2.1072176274713254e-07 0 -0.040386939532392169 0 1.659431012398263e-07 0 0.038426414590154986 0 -1.9442425482074643e-07 0 -0.037520443601022926 0 0 0 0 0 0 0 0 0 0 0 0 0 0 0 0 0 0 0 0 0 0 0 0 0 0 0 0 0 0 0 0 0 0 0 0 0 0 0 0 0 0 0 0 0 0 0 0 0 0 0 0 0 0 0 0 0 0 0 0 0 0 0 0 0 0 0 0 0 0 0 0 0 0 0 0 0 0 0 0 0 0 0 0 0 0 0 0 0 0 0 0 0 0 0 0 0 0 0 0 0 0 0 0 0 
0.023888073576883731 -0 -8.9005710733376296e-08 -0 -0.02405937553153353 -0 2.2725639037708056e-07 -0 0.024408961206283018 -0 -3.8851967411807319e-07 -0 -0.024955050636517966 -0 2.971383461003362e-07 -0 0.025725501705631593 -0 -1.3479820541836282e-07 -0 -0.026761728323232523 -0 -1.949238993416859e-07 -0 0.028124848532003886 -0 4.5709126457985028e-07 -0 -0.029910332059266444 -0 -2.3169095396587966e-07 -0 0.032265512243666646 -0 -2.1569982057899455e-08 -0 -0.03543311027871672 -0 2.5557465906163543e-07 -0 0.039833749583853717 -0 -2.7665753859464609e-07 -0 -0.046259562994598623 -0 -3.2480483402205103e-07 -0 0.056405715854654488 -0 -9.8211512199798565e-08 -0 -0.074687218657082777 -0 -1.2198124376711591e-08 -0 0.11727565967831938 -0 8.1391065979961072e-10 -0 -0.32969009305196129 -0 0.49999999957975033 0 -0.30665332586218114 0 7.7355837355938583e-10 0 0.094091594185854152 0 -1.065096554698472e-09 0 -0.051202769205297607 0 -1.0617138474398238e-08 0 0.032455847143554303 0 -2.4904612313862307e-08 0 -0.021658080480885172 0 -1.0728533818019099e-07 0 0.014368296598406841 0 -2.3856234602935745e-07 0 -0.0088420568229014857 0 1.2004916219638707e-08 0 0.0042264033303563283 0 1.5046987731720746e-07 0 0 0 0 0 0 0 0 0 0 0 0 0 0 0 0 0 0 0 0 0 0 0 0 0 0 0 0 0 0 0 0 0 0 0 0 0 0 0 0 0 0 0 0 0 0 0 0 0 0 0 0 0 0 0 0 0 0 0 0 0 0 0 0 0 0 0 0 0 0 0 0 0 0 0 0 0 0 0 0 0 0 0 0 0 0 0 0 0 0 0 0 0 0 0 0 0 0 0 0 0 0 0 0 0 
1.6601226163082875e-07 -0 0.00084786691635818417 -0 -1.3150117999462645e-08 -0 -0.0017231712136002179 -0 -1.7409308643354602e-07 -0 0.0026493773423831241 -0 4.5935968542330802e-08 -0 -0.003657177262110393 -0 -1.9045501868411765e-07 -0 0.0047833421699867889 -0 1.6641139237394574e-07 -0 -0.0060775933459541144 -0 4.0082979874053482e-08 -0 0.0076097745372736584 -0 -3.4182212378714687e-07 -0 -0.0094788578054441006 -0 2.5210680705027247e-07 -0 0.011835580069320013 -0 -5.5124970732375486e-08 -0 -0.014920819298884478 -0 -2.2978967535311335e-07 -0 0.019150501025054185 -0 3.3172334409478565e-07 -0 -0.02531375723912432 -0 3.850443212241027e-07 -0 0.035104915417243462 -0 1.0389550325596596e-07 -0 -0.052926757731596004 -0 2.139291881479468e-09 -0 0.094941342131910092 -0 6.2559532282884833e-10 -0 -0.30665332586218114 -0 0.49999999943903473 0 -0.33053984511455847 0 3.3285195534612325e-10 0 0.11899963550265262 0 2.5984609987958128e-09 0 -0.077336323156138684 0 1.3955564093473864e-08 0 0.060061558081719854 0 -1.4352923824421328e-08 0 -0.051041373146454738 0 -7.7571374529271787e-08 0 0.045911650306019146 0 -4.1191841676860714e-08 0 -0.043044262302836041 0 7.1512580163135553e-08 0 0.04174535886940782 0 0 0 0 0 0 0 0 0 0 0 0 0 0 0 0 0 0 0 0 0 0 0 0 0 0 0 0 0 0 0 0 0 0 0 0 0 0 0 0 0 0 0 0 0 0 0 0 0 0 0 0 0 0 0 0 0 0 0 0 0 0 0 0 0 0 0 0 0 0 0 0 0 0 0 0 0 0 0 0 0 0 0 0 0 0 0 0 0 0 0 0 0 0 0 0 0 0 0 0 0 0 0 0 0 
-0.023038130954376117 -0 4.826596391123663e-08 -0 0.02318546020936554 -0 -1.6956912946356268e-07 -0 -0.023484355144805426 -0 3.597166102116202e-07 -0 0.023948726586547023 -0 -2.7023680189266278e-07 -0 -0.024599013497502095 -0 1.7230702194443875e-07 -0 0.025465369541878839 -0 7.3628848870767507e-08 -0 -0.026590959201609088 -0 -3.2641661212159632e-07 -0 0.028040641275080234 -0 3.0392148013431291e-07 -0 -0.029910297761927669 -0 -2.1570607997302024e-07 -0 0.03234999964090618 -0 2.7652402739869824e-08 -0 -0.035603994149098116 -0 3.0001034957385449e-07 -0 0.040094375674680958 -0 -4.338897652364732e-07 -0 -0.046615267030630993 -0 -3.8094539072378514e-07 -0 0.05686538026180301 -0 -4.7149264923557211e-08 -0 -0.075261057911991475 -0 -2.6115859901020801e-09 -0 0.1179781099325906 -0 7.7355837355938583e-10 -0 -0.33053984511455847 -0 0.4999999987267425 0 -0.30563180144864166 0 1.083029933814897e-09 0 0.092866092966598215 0 -4.5510333153368794e-09 0 -0.049730478184355012 0 1.0542369749292549e-08 0 0.030678991616375117 0 1.8559847399686613e-07 0 -0.01949695967800151 0 3.5494484163072383e-07 0 0.011709487783214283 0 -4.2487106842068953e-08 0 -0.0055261459352214 0 -2.1727536863780567e-07 0 0 0 0 0 0 0 0 0 0 0 0 0 0 0 0 0 0 0 0 0 0 0 0 0 0 0 0 0 0 0 0 0 0 0 0 0 0 0 0 0 0 0 0 0 0 0 0 0 0 0 0 0 0 0 0 0 0 0 0 0 0 0 0 0 0 0 0 0 0 0 0 0 0 0 0 0 0 0 0 0 0 0 0 0 0 0 0 0 0 0 0 0 0 0 0 0 0 0 0 0 0 0 0 0 
-1.5281082818087699e-07 -0 -0.00070030148856925077 -0 1.4462838974398782e-09 -0 0.0014221396667660061 -0 2.0040306258822199e-07 -0 -0.0021831700040961552 -0 -1.4670647834299565e-07 -0 0.0030063127986291517 -0 3.3199515438752229e-07 -0 -0.0039180953174825445 -0 -3.4276073833817601e-07 -0 0.0049537393074013955 -0 1.0081931292871635e-07 -0 -0.006162177018388719 -0 3.500232885316394e-07 -0 0.0076097408940160533 -0 -4.427032756112638e-07 -0 -0.0093944347622379621 -0 4.2960760486969757e-07 -0 0.011664750612821771 -0 -2.2874558629923301e-07 -0 -0.014659957088024768 -0 -2.2115849349551763e-07 -0 0.018794346070385912 -0 4.6411170524254321e-07 -0 -0.024854522410611146 -0 1.9970082502652184e-07 -0 0.034531010953325017 -0 1.9450626906390571e-08 -0 -0.052224292463138325 -0 1.1394712188153306e-09 -0 0.094091594185854152 -0 3.3285195534612325e-10 -0 -0.30563180144864166 -0 0.49999999946954998 0 -0.33176534421940812 0 7.2975991346558235e-10 0 0.1204719366357285 0 -3.1131457122091375e-11 0 -0.079113264014403495 0 -7.5390352823863508e-08 0 0.062222691899943249 0 -3.3273506237846325e-07 0 -0.053698669613962073 0 -2.288465969992493e-07 0 0.049231304113696348 0 2.3598028768209711e-07 0 -0.047268752325543215 0 0 0 0 0 0 0 0 0 0 0 0 0 0 0 0 0 0 0 0 0 0 0 0 0 0 0 0 0 0 0 0 0 0 0 0 0 0 0 0 0 0 0 0 0 0 0 0 0 0 0 0 0 0 0 0 0 0 0 0 0 0 0 0 0 0 0 0 0 0 0 0 0 0 0 0 0 0 0 0 0 0 0 0 0 0 0 0 0 0 0 0 0 0 0 0 0 0 0 0 0 0 0 0 0 
0.022335507510287369 -0 -4.307465908413405e-08 -0 -0.02246463668289676 -0 1.7955192370426033e-07 -0 0.02272513116816265 -0 -4.2529444929548814e-07 -0 -0.023127836079842992 -0 3.8187411024676229e-07 -0 0.023688041588048655 -0 -3.9166123576587627e-07 -0 -0.024428421401962729 -0 2.8221052601354923e-07 -0 0.025380764496755623 -0 -9.8491021086962677e-08 -0 -0.026590986795120095 -0 -4.1033749850597723e-08 -0 0.028124871584808989 -0 1.8333167892317267e-07 -0 -0.030080744910746849 -0 -3.0718305079262201e-07 -0 0.032610545090951536 -0 2.6051275223218483e-07 -0 -0.035960340454131184 -0 6.7517218378247412e-08 -0 0.040554092887518635 -0 -1.8915752628319541e-07 -0 -0.047189049657543683 -0 -8.3074757632829233e-08 -0 0.057567730910516944 -0 -9.5062509115451863e-09 -0 -0.076110844052634449 -0 -1.065096554698472e-09 -0 0.11899963550265262 -0 1.083029933814897e-09 -0 -0.33176534421940812 -0 0.49999999856160304 0 -0.3041595031960449 0 5.7466818978075293e-10 0 0.091089173144105626 0 9.2811932943054365e-09 0 -0.047569282986597343 0 1.1982028263905405e-07 0 0.02802102828666533 0 2.1811166847729907e-07 0 -0.016179737117837836 0 -1.686265458896493e-08 0 0.0074837678555984659 0 -1.3474809931778627e-07 0 0 0 0 0 0 0 0 0 0 0 0 0 0 0 0 0 0 0 0 0 0 0 0 0 0 0 0 0 0 0 0 0 0 0 0 0 0 0 0 0 0 0 0 0 0 0 0 0 0 0 0 0 0 0 0 0 0 0 0 0 0 0 0 0 0 0 0 0 0 0 0 0 0 0 0 0 0 0 0 0 0 0 0 0 0 0 0 0 0 0 0 0 0 0 0 0 0 0 0 0 0 0 0 0 
3.5953213384776118e-07 -0 0.00057146231859267092 -0 -2.0657655723578993e-07 -0 -0.0011598114734473919 -0 -1.694598778933977e-08 -0 0.0017784011444176785 -0 5.2516665614867525e-08 -0 -0.0024444540303803701 -0 -3.1104186053128096e-07 -0 0.0031772844639567682 -0 4.2527171196570974e-07 -0 -0.0040021255762790484 -0 -2.8658276642951272e-07 -0 0.0049537801137679045 -0 -9.4943889153082254e-08 -0 -0.00607758770301453 -0 1.7944812550025852e-07 -0 0.0074391674916623688 -0 -2.3741584240440825e-07 -0 -0.0091340800736503611 -0 2.3803447474689518e-07 -0 0.011308794646922559 -0 -5.5382858173054735e-08 -0 -0.01420041718216972 -0 -2.554464057077296e-07 -0 0.01822060524969531 -0 4.6128164480473233e-08 -0 -0.024151696376982092 -0 3.9363318236843609e-08 -0 0.033681414235185059 -0 3.2933772218238002e-09 -0 -0.051202769205297607 -0 2.5984609987958128e-09 -0 0.092866092966598215 -0 7.2975991346558235e-10 -0 -0.3041595031960449 -0 0.49999999939173684 0 -0.33354226719209701 0 6.4763498526129885e-10 0 0.12263310872122343 0 -1.7532126938850933e-08 0 -0.081771062019268065 0 -6.9713085689028256e-08 0 0.065540931672874128 0 -5.5461085128311846e-08 0 -0.057923989947745627 0 5.6741940878540786e-08 0 0.054754765289711495 0 0 0 0 0 0 0 0 0 0 0 0 0 0 0 0 0 0 0 0 0 0 0 0 0 0 0 0 0 0 0 0 0 0 0 0 0 0 0 0 0 0 0 0 0 0 0 0 0 0 0 0 0 0 0 0 0 0 0 0 0 0 0 0 0 0 0 0 0 0 0 0 0 0 0 0 0 0 0 0 0 0 0 0 0 0 0 0 0 0 0 0 0 0 0 0 0 0 0 0 0 0 0 0 0 
-0.021761100101937717 -0 -6.6254728173051874e-09 -0 0.021876456910962284 -0 -9.7133314629027499e-08 -0 -0.022107944144846597 -0 3.4609011601948233e-07 -0 0.022464196688594725 -0 -3.1065980069416253e-07 -0 -0.022956862098277752 -0 3.9408284329628067e-07 -0 0.023603500005824733 -0 -4.0880713518929964e-07 -0 -0.024428427844495493 -0 3.2876606930229598e-07 -0 0.025465371869551497 -0 -1.4278413032604793e-07 -0 -0.026761720056829984 -0 -6.2957223246755958e-08 -0 0.028385421800855123 -0 3.0165495465991053e-07 -0 -0.030436938611366812 -0 -4.3711175265661134e-07 -0 0.033070422781995276 -0 2.1756713101957591e-07 -0 -0.036534209477679366 -0 2.0877074432537138e-07 -0 0.041255691197228855 -0 -3.4376458580046875e-08 -0 -0.048039252535648079 -0 -5.0221855198095742e-09 -0 0.058589256364589698 -0 -1.0617138474398238e-08 -0 -0.077336323156138684 -0 -4.5510333153368794e-09 -0 0.1204719366357285 -0 5.7466818978075293e-10 -0 -0.33354226719209701 -0 0.4999999997628326 0 -0.30199832917943525 0 1.018055534540077e-09 0 0.088431355741144912 0 6.3562489547243527e-09 0 -0.044251314616869847 0 2.257810132187043e-08 0 0.023795659536826715 0 4.6861937557426264e-09 0 -0.010654485427824521 0 -5.8845484943712868e-09 0 0 0 0 0 0 0 0 0 0 0 0 0 0 0 0 0 0 0 0 0 0 0 0 0 0 0 0 0 0 0 0 0 0 0 0 0 0 0 0 0 0 0 0 0 0 0 0 0 0 0 0 0 0 0 0 0 0 0 0 0 0 0 0 0 0 0 0 0 0 0 0 0 0 0 0 0 0 0 0 0 0 0 0 0 0 0 0 0 0 0 0 0 0 0 0 0 0 0 0 0 0 0 0 0 
-5.6891519976692231e-07 -0 -0.00045708577259524514 -0 4.2147113222554598e-07 -0 0.00092726974523362968 -0 -1.9153474572544741e-07 -0 -0.0014206067008373264 -0 9.0126596375252365e-08 -0 0.0019499933284329585 -0 2.1705228926848469e-07 -0 -0.002529497222607324 -0 -4.1909948440121385e-07 -0 0.0031772371827817098 -0 4.0135637223786502e-07 -0 -0.0039180786685402945 -0 -1.5391468489047976e-07 -0 0.0047832753192965927 -0 1.4406766391353757e-07 -0 -0.005817399550312124 -0 -9.3606155995564732e-08 -0 0.0070834097966949233 -0 -3.7992896059031666e-08 -0 -0.0086744003996092091 -0 1.6058657299256111e-07 -0 0.010734124567101152 -0 -7.4226744801124626e-08 -0 -0.013497083656631215 -0 -3.7662480171282758e-08 -0 0.017371727653414243 -0 -1.1145375801110611e-08 -0 -0.023130226423135693 -0 1.0685399872922199e-08 -0 0.032455847143554303 -0 1.3955564093473864e-08 -0 -0.049730478184355012 -0 -3.1131457122091375e-11 -0 0.091089173144105626 -0 6.4763498526129885e-10 -0 -0.30199832917943525 -0 0.49999999884519586 0 -0.33620008293667453 0 1.3612937457915858e-09 0 0.12595111633216977 0 -4.8262994324021543e-09 0 -0.085996466246138201 0 -8.8818067794908551e-09 0 0.071065407480468856 0 -1.5534749060047703e-08 0 -0.065409115171496418 0 0 0 0 0 0 0 0 0 0 0 0 0 0 0 0 0 0 0 0 0 0 0 0 0 0 0 0 0 0 0 0 0 0 0 0 0 0 0 0 0 0 0 0 0 0 0 0 0 0 0 0 0 0 0 0 0 0 0 0 0 0 0 0 0 0 0 0 0 0 0 0 0 0 0 0 0 0 0 0 0 0 0 0 0 0 0 0 0 0 0 0 0 0 0 0 0 0 0 0 0 0 0 0 0 
0.021301186919441016 -0 9.1912945413697704e-08 -0 -0.021406203367594526 -0 -5.98466432293035e-08 -0 0.021615942304627052 -0 -1.4785819462784826e-07 -0 -0.021937438182435313 -0 8.305931453900349e-08 -0 0.022379738233586074 -0 -2.0000054472986638e-07 -0 -0.022956845484968791 -0 3.0819085417300445e-07 -0 0.023688049551066747 -0 -3.3404399112163167e-07 -0 -0.024599015855432862 -0 1.7486602102841297e-07 -0 0.025725520505722913 -0 -3.0270961473893822e-08 -0 -0.027117033449497969 -0 -1.4409997824495457e-07 -0 0.028844106815350778 -0 2.8347569140866463e-07 -0 -0.031010220558823461 -0 -1.9852883778258622e-07 -0 0.033773028406552268 -0 -1.2699486281134365e-07 -0 -0.037384984239340988 -0 4.3695417540238354e-08 -0 0.042277412537919515 -0 6.3640148961146563e-09 -0 -0.049264462361995748 -0 -2.4904612313862307e-08 -0 0.060061558081719854 -0 1.0542369749292549e-08 -0 -0.079113264014403495 -0 9.2811932943054365e-09 -0 0.12263310872122343 -0 1.018055534540077e-09 -0 -0.33620008293667453 -0 0.49999999932886824 0 -0.29868032341155282 0 2.1214613049570347e-09 0 0.084205972561997272 0 2.1461296109330114e-09 0 -0.038726610774662266 0 1.3667697201878021e-08 0 0.016311003069458267 0 6.93620388762025e-09 0 0 0 0 0 0 0 0 0 0 0 0 0 0 0 0 0 0 0 0 0 0 0 0 0 0 0 0 0 0 0 0 0 0 0 0 0 0 0 0 0 0 0 0 0 0 0 0 0 0 0 0 0 0 0 0 0 0 0 0 0 0 0 0 0 0 0 0 0 0 0 0 0 0 0 0 0 0 0 0 0 0 0 0 0 0 0 0 0 0 0 0 0 0 0 0 0 0 0 0 0 0 0 0 0 
6.6703187601498384e-07 -0 0.0003535451126560333 -0 -5.3688731200600454e-07 -0 -0.00071699672138871582 -0 3.2599199739918097e-07 -0 0.0010977878773645771 -0 -1.995631014262499e-07 -0 -0.0015054112106154891 -0 -1.0452806919137651e-07 -0 0.0019499901741910164 -0 3.3670869621630393e-07 -0 -0.0024444105296553228 -0 -3.9300402738586801e-07 -0 0.0030062913660965852 -0 2.5562631065679827e-07 -0 -0.0036571061474048464 -0 -3.0329526668482212e-07 -0 0.0044271365685022157 -0 2.8155281853556997e-07 -0 -0.0053581089156661916 -0 -1.1312791486260766e-07 -0 0.0065100316569144563 -0 -1.5152281393636574e-07 -0 -0.0079723537387588663 -0 2.1248839570641327e-07 -0 0.0098846263356789279 -0 5.2005177201520105e-08 -0 -0.012475768893863173 -0 -5.5096835907903287e-08 -0 0.016145556759988626 -0 5.1285309297405346e-08 -0 -0.021658080480885172 -0 -1.4352923824421328e-08 -0 0.030678991616375117 -0 -7.5390352823863508e-08 -0 -0.047569282986597343 -0 -1.7532126938850933e-08 -0 0.088431355741144912 -0 1.3612937457915858e-09 -0 -0.29868032341155282 -0 0.49999999824340158 0 -0.34042547068962103 0 1.0993176066115574e-09 0 0.13147578148715322 0 -4.7869012324209306e-09 0 -0.09348119236059238 0 -3.8285301942608818e-09 0 0.08171998728660515 0 0 0 0 0 0 0 0 0 0 0 0 0 0 0 0 0 0 0 0 0 0 0 0 0 0 0 0 0 0 0 0 0 0 0 0 0 0 0 0 0 0 0 0 0 0 0 0 0 0 0 0 0 0 0 0 0 0 0 0 0 0 0 0 0 0 0 0 0 0 0 0 0 0 0 0 0 0 0 0 0 0 0 0 0 0 0 0 0 0 0 0 0 0 0 0 0 0 0 0 0 0 0 0 0 
-0.020944212168284328 -0 -1.8723270761587611e-07 -0 0.021041674272123008 -0 2.4052038918346185e-07 -0 -0.021235543482635927 -0 -9.4900880320311172e-08 -0 0.021531715139231626 -0 2.0964292850484969e-07 -0 -0.021937403443381933 -0 -9.1276484552902383e-08 -0 0.022464145783628903 -0 -7.1659882249717505e-08 -0 -0.023127824000891889 -0 1.7422337606991084e-07 -0 0.023948709659608963 -0 -5.1248143316317333e-08 -0 -0.024955075336114754 -0 -8.1066231814945338e-09 -0 0.026184797558308628 -0 7.0905439022610502e-08 -0 -0.027690370132174996 -0 -1.4757008331668595e-07 -0 0.029546018734245883 -0 1.6714074727875135e-07 -0 -0.031859846079633734 -0 -3.8245674511018728e-08 -0 0.034795108870283274 -0 2.1941352181814064e-08 -0 -0.038610061639366186 -0 1.1154192728407098e-08 -0 0.043750206024388755 -0 -1.0728533818019099e-07 -0 -0.051041373146454738 -0 1.8559847399686613e-07 -0 0.062222691899943249 -0 1.1982028263905405e-07 -0 -0.081771062019268065 -0 6.3562489547243527e-09 -0 0.12595111633216977 -0 2.1214613049570347e-09 -0 -0.34042547068962103 -0 0.49999999751629992 0 -0.29315565599428678 0 2.1428065977487214e-09 0 0.076721237207085541 0 -2.1229523807300699e-09 0 -0.028072167282846911 0 3.575699332979132e-09 0 0 0 0 0 0 0 0 0 0 0 0 0 0 0 0 0 0 0 0 0 0 0 0 0 0 0 0 0 0 0 0 0 0 0 0 0 0 0 0 0 0 0 0 0 0 0 0 0 0 0 0 0 0 0 0 0 0 0 0 0 0 0 0 0 0 0 0 0 0 0 0 0 0 0 0 0 0 0 0 0 0 0 0 0 0 0 0 0 0 0 0 0 0 0 0 0 0 0 0 0 0 0 0 0 
-4.9199295553107354e-07 -0 -0.00025815655311138558 -0 3.8961636098258908e-07 -0 0.00052343592772190043 -0 -2.2066644848156082e-07 -0 -0.00080109593257006288 -0 1.0694319855642891e-07 -0 0.0010978299609879327 -0 1.4440275304364001e-07 -0 -0.0014206566900460463 -0 -3.4622269960441612e-07 -0 0.001778429571943696 -0 4.1442567199432007e-07 -0 -0.0021832220211289014 -0 -3.3000253107662555e-07 -0 0.0026493931945169402 -0 3.7634542019045977e-07 -0 -0.0031970193057481765 -0 -3.4554154070185185e-07 -0 0.0038532246465701791 -0 1.5436377474356493e-07 -0 -0.0046561747358846682 -0 1.7505252885815392e-07 -0 0.0056612165571976935 -0 -3.5194205974503532e-07 -0 -0.0069518364242368109 -0 1.4069193943425136e-07 -0 0.0086592577247739787 -0 -1.8593015663098749e-07 -0 -0.011003517641037942 -0 2.1072176274713254e-07 -0 0.014368296598406841 -0 -7.7571374529271787e-08 -0 -0.01949695967800151 -0 -3.3273506237846325e-07 -0 0.02802102828666533 -0 -6.9713085689028256e-08 -0 -0.044251314616869847 -0 -4.8262994324021543e-09 -0 0.084205972561997272 -0 1.0993176066115574e-09 -0 -0.29315565599428678 -0 0.49999999915509513 0 -0.34791020354839508 0 1.2436127221873879e-09 0 0.14213028564459454 0 -1.1776531208540497e-09 0 -0.10979212583595038 0 0 0 0 0 0 0 0 0 0 0 0 0 0 0 0 0 0 0 0 0 0 0 0 0 0 0 0 0 0 0 0 0 0 0 0 0 0 0 0 0 0 0 0 0 0 0 0 0 0 0 0 0 0 0 0 0 0 0 0 0 0 0 0 0 0 0 0 0 0 0 0 0 0 0 0 0 0 0 0 0 0 0 0 0 0 0 0 0 0 0 0 0 0 0 0 0 0 0 0 0 0 0 0 0 
0.020681886775744784 -0 2.3691232407609266e-07 -0 -0.020774102066037886 -0 -3.3246214922514804e-07 -0 0.02095696054003791 -0 2.1188909546113474e-07 -0 -0.021235581312874504 -0 -3.4072107050296754e-07 -0 0.02161593740671738 -0 1.9779486926584908e-07 -0 -0.02210791234618829 -0 3.1294358946869872e-08 -0 0.022725133509651316 -0 -2.2119674434977245e-07 -0 -0.023484334524126814 -0 1.6465622566630919e-07 -0 0.024408977200312602 -0 -2.1354340175583608e-07 -0 -0.025529656325506082 -0 2.8218084135534333e-07 -0 0.026887835150845366 -0 -2.9379453113363232e-07 -0 -0.028540472799023466 -0 1.9890101502761972e-07 -0 0.030567695496235715 -0 -1.0247729350812979e-07 -0 -0.033085259603088391 -0 7.6920712396859584e-08 -0 0.036266549306465577 -0 4.9704642525313534e-08 -0 -0.040386939532392169 -0 -2.3856234602935745e-07 -0 0.045911650306019146 -0 3.5494484163072383e-07 -0 -0.053698669613962073 -0 2.1811166847729907e-07 -0 0.065540931672874128 -0 2.257810132187043e-08 -0 -0.085996466246138201 -0 2.1461296109330114e-09 -0 0.13147578148715322 -0 2.1428065977487214e-09 -0 -0.34791020354839508 -0 0.4999999986145971 0 -0.28250116454823115 0 2.5708841167038088e-09 0 0.060410300103364817 0 -3.1248622201114629e-09 0 0 0 0 0 0 0 0 0 0 0 0 0 0 0 0 0 0 0 0 0 0 0 0 0 0 0 0 0 0 0 0 0 0 0 0 0 0 0 0 0 0 0 0 0 0 0 0 0 0 0 0 0 0 0 0 0 0 0 0 0 0 0 0 0 0 0 0 0 0 0 0 0 0 0 0 0 0 0 0 0 0 0 0 0 0 0 0 0 0 0 0 0 0 0 0 0 0 0 0 0 0 0 0 0 
5.2614992023990319e-07 -0 0.00016874954195582087 -0 -4.5430850654260441e-07 -0 -0.00034210945587675226 -0 3.335412928242551e-07 -0 0.00052344677117078706 -0 -2.435236165600442e-07 -0 -0.00071703885095697039 -0 5.6909601730976549e-08 -0 0.00092732001312605399 -0 1.0278199058089116e-07 -0 -0.0011598491425458784 -0 -1.7826373616090175e-07 -0 0.0014221932940542464 -0 1.5627082410159539e-07 -0 -0.0017231975197463214 -0 -2.2669582506578003e-07 -0 0.0020751538580623184 -0 2.4693489367897946e-07 -0 -0.0024944341772022544 -0 -1.543495169863597e-07 -0 0.0030037089960141144 -0 -3.9815115939095168e-08 -0 -0.0036351923628483336 -0 1.1390248219020314e-07 -0 0.0044362794203508032 -0 1.4359899483152393e-07 -0 -0.0054792101425082474 -0 -1.8967368925260197e-07 -0 0.0068827823989202367 -0 1.659431012398263e-07 -0 -0.0088420568229014857 -0 -4.1191841676860714e-08 -0 0.011709487783214283 -0 -2.288465969992493e-07 -0 -0.016179737117837836 -0 -5.5461085128311846e-08 -0 0.023795659536826715 -0 -8.8818067794908551e-09 -0 -0.038726610774662266 -0 -4.7869012324209306e-09 -0 0.076721237207085541 -0 1.2436127221873879e-09 -0 -0.28250116454823115 -0 0.49999999861083527 0 -0.36422114606944805 0 1.1701473678904506e-09 0 0.17020243024594933 0 0 0 0 0 0 0 0 0 0 0 0 0 0 0 0 0 0 0 0 0 0 0 0 0 0 0 0 0 0 0 0 0 0 0 0 0 0 0 0 0 0 0 0 0 0 0 0 0 0 0 0 0 0 0 0 0 0 0 0 0 0 0 0 0 0 0 0 0 0 0 0 0 0 0 0 0 0 0 0 0 0 0 0 0 0 0 0 0 0 0 0 0 0 0 0 0 0 0 0 0 0 0 0 0 
-0.020509220445936401 -0 -2.9929711428884856e-07 -0 0.020598138155064956 -0 4.5319790778220389e-07 -0 -0.02077408228260683 -0 -3.8097313381093927e-07 -0 0.021041690667233486 -0 5.5185025577286783e-07 -0 -0.021406169781614821 -0 -4.2737367010594679e-07 -0 0.021876386738053876 -0 1.9061232348179175e-07 -0 -0.022464594030719345 -0 2.1064933499731074e-08 -0 0.023185379007134698 -0 2.4177001181383234e-08 -0 -0.024059323469301317 -0 6.6998320046241433e-08 -0 0.025112717794216866 -0 -2.006117496075187e-07 -0 -0.026380618607174902 -0 2.6172627319792988e-07 -0 0.027910181196869433 -0 -1.2763786869186074e-07 -0 -0.029766130896230276 -0 -7.4706684546790685e-08 -0 0.032039194192401782 -0 -2.3121663573566834e-10 -0 -0.034860957743737313 -0 1.0620166458817464e-08 -0 0.038426414590154986 -0 1.2004916219638707e-08 -0 -0.043044262302836041 -0 -4.2487106842068953e-08 -0 0.049231304113696348 -0 -1.686265458896493e-08 -0 -0.057923989947745627 -0 4.6861937557426264e-09 -0 0.071065407480468856 -0 1.3667697201878021e-08 -0 -0.09348119236059238 -0 -2.1229523807300699e-09 -0 0.14213028564459454 -0 2.5708841167038088e-09 -0 -0.36422114606944805 -0 0.49999999616277468 0 -0.25442901634863291 0 4.7792208281161042e-09 0 0 0 0 0 0 0 0 0 0 0 0 0 0 0 0 0 0 0 0 0 0 0 0 0 0 0 0 0 0 0 0 0 0 0 0 0 0 0 0 0 0 0 0 0 0 0 0 0 0 0 0 0 0 0 0 0 0 0 0 0 0 0 0 0 0 0 0 0 0 0 0 0 0 0 0 0 0 0 0 0 0 0 0 0 0 0 0 0 0 0 0 0 0 0 0 0 0 0 0 0 0 0 0 0 
-3.3744634990971745e-07 -0 -8.3253667944588119e-05 -0 3.0063387453094226e-07 -0 0.00016877038086823018 -0 -2.3815748247980884e-07 -0 -0.00025819365673142454 -0 1.8930532890044927e-07 -0 0.00035360905312038207 -0 -9.0867266214905706e-08 -0 -0.00045716551241859068 -0 4.0098103015057118e-09 -0 0.00057154793617911377 -0 4.250901341519564e-08 -0 -0.000700407626694026 -0 -4.2078764589045803e-08 -0 0.00084797194781338343 -0 8.9723543652067694e-08 -0 -0.0010200959112244795 -0 -1.1363063575318966e-07 -0 0.0012245150124514338 -0 8.1114280120822557e-08 -0 -0.0014718424429095746 -0 2.7406353714232168e-09 -0 0.0017769797000483376 -0 -2.0239997950213806e-08 -0 -0.0021615243241021064 -0 -1.4762069111551313e-07 -0 0.0026577816833213913 -0 2.0061593863050786e-07 -0 -0.0033183396058904134 -0 -1.9442425482074643e-07 -0 0.0042264033303563283 -0 7.1512580163135553e-08 -0 -0.0055261459352214 -0 2.3598028768209711e-07 -0 0.0074837678555984659 -0 5.6741940878540786e-08 -0 -0.010654485427824521 -0 -1.5534749060047703e-08 -0 0.016311003069458267 -0 -3.8285301942608818e-09 -0 -0.028072167282846911 -0 -1.1776531208540497e-09 -0 0.060410300103364817 -0 1.1701473678904506e-09 -0 -0.25442901634863291 -0 0.49999999914110166 0 -0.42463144754268434 0 0 0 0 0 0 0 0 0 0 0 0 0 0 0 0 0 0 0 0 0 0 0 0 0 0 0 0 0 0 0 0 0 0 0 0 0 0 0 0 0 0 0 0 0 0 0 0 0 0 0 0 0 0 0 0 0 0 0 0 0 0 0 0 0 0 0 0 0 0 0 0 0 0 0 0 0 0 0 0 0 0 0 0 0 0 0 0 0 0 0 0 0 0 0 0 0 0 0 0 0 0 0 0 0 
0.020422016274527138 -0 3.3638992235819111e-07 -0 -0.02050935899945704 -0 -5.2567339067503712e-07 -0 0.020682003964412461 -0 4.843856822915567e-07 -0 -0.020944362078777215 -0 -6.8339639842073053e-07 -0 0.021301279377479054 -0 5.7625221831702494e-07 -0 -0.021761145552591475 -0 -3.4470050319166586e-07 -0 0.02233556919218746 -0 1.3164661008379785e-07 -0 -0.023038135506243358 -0 -1.8015303633635836e-07 -0 0.023888088481258618 -0 7.7037033186717657e-08 -0 -0.024909730279600958 -0 8.0465938267527959e-08 -0 0.026135180803669885 -0 -1.6019527342152242e-07 -0 -0.027607146210580493 -0 5.6727797863737875e-09 -0 0.029383460292424113 -0 2.4278947043939554e-07 -0 -0.031543880081228479 -0 -9.827989177213785e-08 -0 0.034202298671331774 -0 -2.2570781299416191e-08 -0 -0.037520443601022926 -0 1.5046987731720746e-07 -0 0.04174535886940782 -0 -2.1727536863780567e-07 -0 -0.047268752325543215 -0 -1.3474809931778627e-07 -0 0.054754765289711495 -0 -5.8845484943712868e-09 -0 -0.065409115171496418 -0 6.93620388762025e-09 -0 0.08171998728660515 -0 3.575699332979132e-09 -0 -0.10979212583595038 -0 -3.1248622201114629e-09 -0 0.17020243024594933 -0 4.7792208281161042e-09 -0 -0.42463144754268434 -0 0.49999999392068417 0 0 0 0 0 0 0 0 0 0 0 0 0 0 0 0 0 0 0 0 0 0 0 0 0 0 0 0 0 0 0 0 0 0 0 0 0 0 0 0 0 0 0 0 0 0 0 0 0 0 0 0 0 0 0 0 0 0 0 0 0 0 0 0 0 0 0 0 0 0 0 0 0 0 0 0 0 0 0 0 0 0 0 0 0 0 0 0 0 0 0 0 0 0 0 0 0 0 0 0 0 0 0 0 0 
0 -0 0 -0 0 -0 0 -0 0 -0 0 -0 0 -0 0 -0 0 -0 0 -0 0 -0 0 -0 0 -0 0 -0 0 -0 0 -0 0 -0 0 -0 0 -0 0 -0 0 -0 0 -0 0 -0 0 -0 0 -0 0 -0 0 -0 0 -0 0 -0 0 -0 0 -0 0 -0 0 -0 0 -0 0 -0 0 -0 0 -0 0 -0 0 -0 0 -0 0 -0 0 -0 0 -0 0 -0 0 -0 0 -0 0 -0 0 -0 0 0 0 0 0 0 0 0 0 0 0 0 0 0 0 0 0 0 0 0 0 0 0 0 0 0 0 0 0 0 0 0 0 0 0 0 0 0 0 0 0 0 0 0 0 0 0 0 0 0 0 0 0 0 0 0 0 0 0 0 0 0 0 0 0 0 0 0 0 0 0 0 0 0 0 0 0 0 0 0 0 0 0 0 0 0 0 0 0 0 0 0 0 0 0 0 0 0 0 0 0 0 0 0 
0 -0 0 -0 0 -0 0 -0 0 -0 0 -0 0 -0 0 -0 0 -0 0 -0 0 -0 0 -0 0 -0 0 -0 0 -0 0 -0 0 -0 0 -0 0 -0 0 -0 0 -0 0 -0 0 -0 0 -0 0 -0 0 -0 0 -0 0 -0 0 -0 0 -0 0 -0 0 -0 0 -0 0 -0 0 -0 0 -0 0 -0 0 -0 0 -0 0 -0 0 -0 0 -0 0 -0 0 -0 0 -0 0 -0 0 -0 0 -0 0 -0 0.99999999999999512 0 0 0 0 0 0 0 0 0 0 0 0 0 0 0 0 0 0 0 0 0 0 0 0 0 0 0 0 0 0 0 0 0 0 0 0 0 0 0 0 0 0 0 0 0 0 0 0 0 0 0 0 0 0 0 0 0 0 0 0 0 0 0 0 0 0 0 0 0 0 0 0 0 0 0 0 0 0 0 0 0 0 0 0 0 0 0 0 0 0 0 0 0 0 0 0 0 0 0 0 0 
0 -0 0 -0 0 -0 0 -0 0 -0 0 -0 0 -0 0 -0 0 -0 0 -0 0 -0 0 -0 0 -0 0 -0 0 -0 0 -0 0 -0 0 -0 0 -0 0 -0 0 -0 0 -0 0 -0 0 -0 0 -0 0 -0 0 -0 0 -0 0 -0 0 -0 0 -0 0 -0 0 -0 0 -0 0 -0 0 -0 0 -0 0 -0 0 -0 0 -0 0 -0 0 -0 0 -0 0 -0 0 -0 0 -0 0 -0 0 -0 0 -0 0 -0 0.99999999999999512 0 0 0 0 0 0 0 0 0 0 0 0 0 0 0 0 0 0 0 0 0 0 0 0 0 0 0 0 0 0 0 0 0 0 0 0 0 0 0 0 0 0 0 0 0 0 0 0 0 0 0 0 0 0 0 0 0 0 0 0 0 0 0 0 0 0 0 0 0 0 0 0 0 0 0 0 0 0 0 0 0 0 0 0 0 0 0 0 0 0 0 0 0 0 0 0 0 0 0 
0 -0 0 -0 0 -0 0 -0 0 -0 0 -0 0 -0 0 -0 0 -0 0 -0 0 -0 0 -0 0 -0 0 -0 0 -0 0 -0 0 -0 0 -0 0 -0 0 -0 0 -0 0 -0 0 -0 0 -0 0 -0 0 -0 0 -0 0 -0 0 -0 0 -0 0 -0 0 -0 0 -0 0 -0 0 -0 0 -0 0 -0 0 -0 0 -0 0 -0 0 -0 0 -0 0 -0 0 -0 0 -0 0 -0 0 -0 0 -0 0 -0 0 -0 0 -0 0 0 0 0 0 0 0 0 0 0 0 0 0 0 0 0 0 0 0 0 0 0 0 0 0 0 0 0 0 0 0 0 0 0 0 0 0 0 0 0 0 0 0 0 0 0 0 0 0 0 0 0 0 0 0 0 0 0 0 0 0 0 0 0 0 0 0 0 0 0 0 0 0 0 0 0 0 0 0 0 0 0 0 0 0 0 0 0 0 0 0 0 0 0 0 0 0 0 
0 -0 0 -0 0 -0 0 -0 0 -0 0 -0 0 -0 0 -0 0 -0 0 -0 0 -0 0 -0 0 -0 0 -0 0 -0 0 -0 0 -0 0 -0 0 -0 0 -0 0 -0 0 -0 0 -0 0 -0 0 -0 0 -0 0 -0 0 -0 0 -0 0 -0 0 -0 0 -0 0 -0 0 -0 0 -0 0 -0 0 -0 0 -0 0 -0 0 -0 0 -0 0 -0 0 -0 0 -0 0 -0 0 -0 0 -0 0 -0 0 -0 0 -0 0 -0 0 -0 0.50000000355219654 0 -0.42463144818140069 0 -2.9391135081269226e-09 0 0.17020243148150216 0 2.1186760038158139e-09 0 -0.10979213020464805 0 -1.6265132106348574e-09 0 0.081719995570417647 0 -7.9666325133745243e-09 0 -0.065409116776918449 0 5.812169258887645e-09 0 0.054754644231800022 0 9.9041635098354495e-08 0 -0.047268907810947322 0 2.1170928996638431e-07 0 0.041745443229813176 0 -1.145909249216928e-07 0 -0.037520437531277845 0 9.9272203959205546e-10 0 0.034202261406675191 0 1.0142007618054092e-07 0 -0.031544017073304349 0 -2.0004490155217848e-07 0 0.02938355707738213 0 -2.0180400303622697e-08 0 -0.027607194483786422 0 1.5451154367141571e-07 0 0.02613519416888942 0 -7.616906683418134e-08 0 -0.024909726367681104 0 -7.3662597292933702e-08 0 0.023888073415602486 0 1.6600288979588968e-07 0 -0.023038130820508904 0 -1.5280360746239383e-07 0 0.022335507394054654 0 3.595252423368526e-07 0 -0.021761100014093097 0 -5.6890432054257137e-07 0 0.021301186820905441 0 6.6701886203739465e-07 0 -0.020944212053631769 0 -4.9198289379163911e-07 0 0.0206818866497144 0 5.2613944869557994e-07 0 -0.020509220329615951 0 -3.3744003201906236e-07 0 0.020422016170311301 0 
0 -0 0 -0 0 -0 0 -0 0 -0 0 -0 0 -0 0 -0 0 -0 0 -0 0 -0 0 -0 0 -0 0 -0 0 -0 0 -0 0 -0 0 -0 0 -0 0 -0 0 -0 0 -0 0 -0 0 -0 0 -0 0 -0 0 -0 0 -0 0 -0 0 -0 0 -0 0 -0 0 -0 0 -0 0 -0 0 -0 0 -0 0 -0 0 -0 0 -0 0 -0 0 -0 0 -0 0 -0 0 -0 0 -0 0 -0 0 -0 0 -0 0 -0 0 -0 0 -0 -0.42463144818140069 -0 0.50000000062724936 0 -0.25442901674089069 0 -8.147915432632491e-10 0 0.060410302512155074 0 5.0714591237181388e-10 0 -0.028072168954852501 0 4.3295274502318575e-09 0 0.016310990097243728 0 1.3262709430887018e-08 0 -0.010654416380839476 0 -4.1615240246780471e-08 0 0.0074840370171626123 0 -2.0293864211574069e-07 0 -0.0055261346358728087 0 -1.0068275490917368e-07 0 0.0042263262306602694 0 1.9100882430662993e-07 0 -0.0033182871234350539 0 -1.8368693260386531e-07 0 0.0026577974483485284 0 1.2400691315647005e-07 0 -0.0021614421947337373 0 1.8491182667296475e-08 0 0.0017768632565897389 0 1.0274487598047635e-09 0 -0.0014717203111419576 0 -8.0920070149371721e-08 0 0.0012243966593420976 0 1.1213717742420143e-07 0 -0.0010199827729719649 0 -8.900457748717486e-08 0 0.00084786683910120775 0 4.8265253686602876e-08 0 -0.00070030142492112483 0 -4.3073549426834577e-08 0 0.00057146226645146908 0 -6.6265692577474493e-09 0 -0.00045708573088369155 0 9.1913669161018662e-08 0 0.00035354508049628442 0 -1.8723298490772279e-07 0 -0.00025815652972750139 0 2.3691221050734766e-07 0 0.00016874952686423233 0 -2.9929671974619229e-07 0 -8.3253660354108943e-05 0 3.363893954025732e-07 0 
0 -0 0 -0 0 -0 0 -0 0 -0 0 -0 0 -0 0 -0 0 -0 0 -0 0 -0 0 -0 0 -0 0 -0 0 -0 0 -0 0 -0 0 -0 0 -0 0 -0 0 -0 0 -0 0 -0 0 -0 0 -0 0 -0 0 -0 0 -0 0 -0 0 -0 0 -0 0 -0 0 -0 0 -0 0 -0 0 -0 0 -0 0 -0 0 -0 0 -0 0 -0 0 -0 0 -0 0 -0 0 -0 0 -0 0 -0 0 -0 0 -0 0 -0 0 -0 0 -0 -2.9391135081269226e-09 -0 -0.25442901674089069 -0 0.500000002737089 0 -0.36422114640895625 0 -2.4414251949852854e-09 0 0.14213028421796622 0 1.8459056686023624e-09 0 -0.093481183692499414 0 -1.3451867047270321e-08 0 0.071065395634080056 0 -2.8162481741210155e-09 0 -0.057924158383409086 0 1.973658483763239e-08 0 0.049231166737064611 0 4.7470018343621547e-08 0 -0.043044133044151583 0 -1.9867848554003078e-08 0 0.038426283113888335 0 -1.0150319324424737e-08 0 -0.034860839239773261 0 7.3460725638611855e-09 0 0.032039215363555765 0 3.6200724491510375e-08 0 -0.029766158592978077 0 1.4055215055438925e-07 0 0.027910207445872935 0 -2.5507738931485145e-07 0 -0.026380646827931634 0 1.9447658111691116e-07 0 0.025112757786834708 0 -6.7871733924117166e-08 0 -0.02405937632437545 0 -1.3140646977789089e-08 0 0.023185461004729169 0 1.4388911189583333e-09 0 -0.022464637474545177 0 -2.0656959826274965e-07 0 0.021876457713156622 0 4.214602709069367e-07 0 -0.021406204144297128 0 -5.3687435732214912e-07 0 0.021041675020962585 0 3.8960637115063742e-07 0 -0.020774102794744537 0 -4.5429808701434745e-07 0 0.020598138887741445 0 3.0062758380432208e-07 0 -0.020509359741332684 0 
0 -0 0 -0 0 -0 0 -0 0 -0 0 -0 0 -0 0 -0 0 -0 0 -0 0 -0 0 -0 0 -0 0 -0 0 -0 0 -0 0 -0 0 -0 0 -0 0 -0 0 -0 0 -0 0 -0 0 -0 0 -0 0 -0 0 -0 0 -0 0 -0 0 -0 0 -0 0 -0 0 -0 0 -0 0 -0 0 -0 0 -0 0 -0 0 -0 0 -0 0 -0 0 -0 0 -0 0 -0 0 -0 0 -0 0 -0 0 -0 0 -0 0 -0 0 -0 0 -0 0.17020243148150216 -0 -8.147915432632491e-10 -0 -0.36422114640895625 -0 0.50000000111398069 0 -0.28250116371442952 0 -1.1430527439578015e-09 0 0.076721234048132442 0 3.8462464353005143e-09 0 -0.03872661181690077 0 9.7770847675928861e-09 0 0.02379571663738381 0 3.3570229606109975e-08 0 -0.01617962926721012 0 1.8842379734288614e-07 0 0.01170937988345056 0 7.2488049105540622e-08 0 -0.0088420174636915944 0 -1.563913749586983e-07 0 0.0068828631956046361 0 1.6385780612558436e-07 0 -0.0054794499117548964 0 -1.0755002985910945e-07 0 0.0044363687573010391 0 -1.0304229017416776e-07 0 -0.0036352214631067063 0 2.6204649827943669e-08 0 0.0030037159600132934 0 1.5866087196365234e-07 0 -0.0024944295934231737 0 -2.4719031160466405e-07 0 0.0020751367247524408 0 2.2725629668873593e-07 0 -0.0017231716431193207 0 -1.6956978110597208e-07 0 0.0014221400232093159 0 1.7955171704705869e-07 0 -0.0011598117647390359 0 -9.7133049261678116e-08 0 0.00092726997871425503 0 -5.9846264011398559e-08 0 -0.00071699690246934656 0 2.4051921576637196e-07 0 0.00052343606028614756 0 -3.3246025200770817e-07 0 -0.00034210954298109921 0 4.5319550716611085e-07 0 0.00016877042356253514 0 -5.2567075881494217e-07 0 
0 -0 0 -0 0 -0 0 -0 0 -0 0 -0 0 -0 0 -0 0 -0 0 -0 0 -0 0 -0 0 -0 0 -0 0 -0 0 -0 0 -0 0 -0 0 -0 0 -0 0 -0 0 -0 0 -0 0 -0 0 -0 0 -0 0 -0 0 -0 0 -0 0 -0 0 -0 0 -0 0 -0 0 -0 0 -0 0 -0 0 -0 0 -0 0 -0 0 -0 0 -0 0 -0 0 -0 0 -0 0 -0 0 -0 0 -0 0 -0 0 -0 0 -0 0 -0 0 -0 2.1186760038158139e-09 -0 0.060410302512155074 -0 -2.4414251949852854e-09 -0 -0.28250116371442952 -0 0.5000000024169331 0 -0.34791020349393853 0 -2.3872932229362635e-09 0 0.13147578292815976 0 -1.1319156710906946e-09 0 -0.085996479721422311 0 -1.7971267197407293e-08 0 0.065540886268158821 0 -1.6335005013853458e-07 0 -0.053698595994701934 0 -3.6008359913406637e-07 0 0.045911742327687306 0 2.0627905509657169e-07 0 -0.04038704656972706 0 -1.9243519278489381e-08 0 0.036266594245942828 0 -9.9737101689592099e-08 0 -0.033085233116838988 0 1.3215404086333454e-07 0 0.030567645153457629 0 -2.1121457234429842e-07 0 -0.028540418157297198 0 2.8944964844436231e-07 0 0.026887782825800812 0 -2.7724118993222422e-07 0 -0.025529618980020354 0 2.1435375324898077e-07 0 0.024408960096771716 0 -1.7410336751147197e-07 0 -0.023484354061158438 0 2.004114166827678e-07 0 0.022725130104134832 0 -1.6953730672467901e-08 0 -0.022107943113508475 0 -1.91523266594369e-07 0 0.021615941266881086 0 3.259785617324704e-07 0 -0.021235542432969452 0 -2.2065614037890382e-07 0 0.020956959482774921 0 3.3353062153058596e-07 0 -0.02077408123815801 0 -2.3815105163783878e-07 0 0.020682002933933952 0 
0 -0 0 -0 0 -0 0 -0 0 -0 0 -0 0 -0 0 -0 0 -0 0 -0 0 -0 0 -0 0 -0 0 -0 0 -0 0 -0 0 -0 0 -0 0 -0 0 -0 0 -0 0 -0 0 -0 0 -0 0 -0 0 -0 0 -0 0 -0 0 -0 0 -0 0 -0 0 -0 0 -0 0 -0 0 -0 0 -0 0 -0 0 -0 0 -0 0 -0 0 -0 0 -0 0 -0 0 -0 0 -0 0 -0 0 -0 0 -0 0 -0 0 -0 0 -0 0 -0 -0.10979213020464805 -0 5.0714591237181388e-10 -0 0.14213028421796622 -0 -1.1430527439578015e-09 -0 -0.34791020349393853 -0 0.50000000118480847 0 -0.29315565534353394 0 -1.3724072902642825e-09 0 0.084205972843012913 0 6.0873065867318264e-09 0 -0.044251298577525668 0 4.5923059734022403e-08 0 0.028020994653243033 0 3.1369179657336206e-07 0 -0.019497063505524236 0 1.1858667519210714e-07 0 0.014368270292536555 0 -2.4938579533007511e-07 0 -0.011003485926877133 0 2.1682460749876539e-07 0 0.0086593719903191781 0 -1.7353866537503578e-07 0 -0.0069518307324774641 0 3.2116586694324535e-07 0 0.0056611862289204454 0 -1.3973681677078881e-07 0 -0.0046561516253068201 0 -1.7515293506621392e-07 0 0.0038532117613297315 0 3.587244315382266e-07 0 -0.0031970058206718557 0 -3.8852025142737921e-07 0 0.0026493769296484135 0 3.5971860551555673e-07 0 -0.0021831696590924117 0 -4.2529539568002082e-07 0 0.0017784008594977979 0 3.4609121890333154e-07 0 -0.0014206064713069145 0 -1.4786051864752929e-07 0 0.0010977876992744984 0 -9.4897133149503762e-08 0 -0.00080109580241273287 0 2.1188412303139831e-07 0 0.00052344668651996024 0 -3.809672770784141e-07 0 -0.00025819361447553782 0 4.8437940833578569e-07 0 
0 -0 0 -0 0 -0 0 -0 0 -0 0 -0 0 -0 0 -0 0 -0 0 -0 0 -0 0 -0 0 -0 0 -0 0 -0 0 -0 0 -0 0 -0 0 -0 0 -0 0 -0 0 -0 0 -0 0 -0 0 -0 0 -0 0 -0 0 -0 0 -0 0 -0 0 -0 0 -0 0 -0 0 -0 0 -0 0 -0 0 -0 0 -0 0 -0 0 -0 0 -0 0 -0 0 -0 0 -0 0 -0 0 -0 0 -0 0 -0 0 -0 0 -0 0 -0 0 -0 -1.6265132106348574e-09 -0 -0.028072168954852501 -0 1.8459056686023624e-09 -0 0.076721234048132442 -0 -2.3872932229362635e-09 -0 -0.29315565534353394 -0 0.50000000170307457 0 -0.3404254711416228 0 -2.248975216241755e-09 0 0.12595111453239327 0 -3.0579143967293105e-09 0 -0.081771056434558204 0 -1.0681656670276836e-07 0 0.062222741333441758 0 -2.215737599106034e-07 0 -0.051041326754982824 0 1.2231364085254974e-07 0 0.043750270062106481 0 -2.1665430365901272e-09 0 -0.038610156737501636 0 -4.5141706330225767e-08 0 0.034795004867461107 0 7.3028137533902394e-08 0 -0.031859744524138305 0 -1.9404592364246496e-07 0 0.029545936918004993 0 1.7651315503643951e-07 0 -0.027690300036439637 0 -9.4966608738305284e-08 0 0.026184746484957857 0 2.3325091074671094e-08 0 -0.024955050700735386 0 4.5944799026003439e-08 0 0.023948726696469348 0 -1.4671383040976168e-07 0 -0.02312783622067615 0 5.2523265781081964e-08 0 0.02246419686821742 0 9.0116331768713959e-08 0 -0.021937438357700342 0 -1.9955079226654827e-07 0 0.021531715302499824 0 1.069338302659805e-07 0 -0.021235581467541779 0 -2.4351357958961339e-07 0 0.021041690833829178 0 1.8929921524225846e-07 0 -0.020944362258701586 0 
0 -0 0 -0 0 -0 0 -0 0 -0 0 -0 0 -0 0 -0 0 -0 0 -0 0 -0 0 -0 0 -0 0 -0 0 -0 0 -0 0 -0 0 -0 0 -0 0 -0 0 -0 0 -0 0 -0 0 -0 0 -0 0 -0 0 -0 0 -0 0 -0 0 -0 0 -0 0 -0 0 -0 0 -0 0 -0 0 -0 0 -0 0 -0 0 -0 0 -0 0 -0 0 -0 0 -0 0 -0 0 -0 0 -0 0 -0 0 -0 0 -0 0 -0 0 -0 0 -0 0.081719995570417647 -0 4.3295274502318575e-09 -0 -0.093481183692499414 -0 3.8462464353005143e-09 -0 0.13147578292815976 -0 -1.3724072902642825e-09 -0 -0.3404254711416228 -0 0.50000000108503473 0 -0.2986803228120064 0 -9.9096771941602343e-10 0 0.088431354978118409 0 1.4228113569033796e-08 0 -0.047569293610802463 0 9.4226159988391318e-08 0 0.030678980742841769 0 3.3291980492200137e-08 0 -0.021658121341494099 0 -6.9700929151501825e-08 0 0.016145492439433841 0 6.3423001782900697e-08 0 -0.012475723410627354 0 -4.0606647393422403e-08 0 0.0098845693815309433 0 -1.745497799742929e-07 0 -0.0079723340720327957 0 1.1571001318298941e-07 0 0.0065100551358409321 0 1.2511202175841738e-07 0 -0.0053581673348786912 0 -2.7944997812315018e-07 0 0.0044272071362959067 0 2.9713813350014884e-07 0 -0.0036571771435606163 0 -2.7023852241964019e-07 0 0.0030063127004082658 0 3.818745693810641e-07 0 -0.0024444539489150386 0 -3.1066050963637368e-07 0 0.0019499932630428045 0 8.306163684972398e-08 0 -0.0015054111604063216 0 2.0963874526862048e-07 0 0.0010978299247314722 0 -3.4071527147842961e-07 0 -0.00071703882808200631 0 5.518433056734431e-07 0 0.00035360904121966576 0 -6.833889099562464e-07 0 
0 -0 0 -0 0 -0 0 -0 0 -0 0 -0 0 -0 0 -0 0 -0 0 -0 0 -0 0 -0 0 -0 0 -0 0 -0 0 -0 0 -0 0 -0 0 -0 0 -0 0 -0 0 -0 0 -0 0 -0 0 -0 0 -0 0 -0 0 -0 0 -0 0 -0 0 -0 0 -0 0 -0 0 -0 0 -0 0 -0 0 -0 0 -0 0 -0 0 -0 0 -0 0 -0 0 -0 0 -0 0 -0 0 -0 0 -0 0 -0 0 -0 0 -0 0 -0 0 -0 -7.9666325133745243e-09 -0 0.016310990097243728 -0 -1.3451867047270321e-08 -0 -0.03872661181690077 -0 -1.1319156710906946e-09 -0 0.084205972843012913 -0 -2.248975216241755e-09 -0 -0.2986803228120064 -0 0.50000000151673918 0 -0.33620008379152944 0 -1.6743459454737331e-09 0 0.12263311009627337 0 -1.3673634832346332e-08 0 -0.079113265452777359 0 -2.7440599019692453e-08 0 0.06006155199872798 0 1.5020806442369396e-08 0 -0.049264412812349299 0 -6.9521224064413192e-11 0 0.042277530324842758 0 -4.0236511043591609e-08 0 -0.037384928200519814 0 8.8017890698983234e-08 0 0.033773019578210842 0 2.0650096538962384e-07 0 -0.031010233616945868 0 -2.8158590744775908e-07 0 0.028844105704355357 0 1.3787727999677534e-07 0 -0.02711701686129294 0 4.160561632348347e-08 0 0.025725501677429121 0 -1.9046066241856633e-07 0 -0.024599013538213213 0 3.3200013671569586e-07 0 0.023688041677903615 0 -3.1104612462364616e-07 0 -0.022956862241635768 0 2.1706033201467265e-07 0 0.022379738382986427 0 -1.0453844897052018e-07 0 -0.021937403588284596 0 1.4441056118693973e-07 0 0.021615937548335448 0 5.6900581873832782e-08 0 -0.021406169938919278 0 -9.0861649546317147e-08 0 0.021301279550069056 0 
0 -0 0 -0 0 -0 0 -0 0 -0 0 -0 0 -0 0 -0 0 -0 0 -0 0 -0 0 -0 0 -0 0 -0 0 -0 0 -0 0 -0 0 -0 0 -0 0 -0 0 -0 0 -0 0 -0 0 -0 0 -0 0 -0 0 -0 0 -0 0 -0 0 -0 0 -0 0 -0 0 -0 0 -0 0 -0 0 -0 0 -0 0 -0 0 -0 0 -0 0 -0 0 -0 0 -0 0 -0 0 -0 0 -0 0 -0 0 -0 0 -0 0 -0 0 -0 0 -0 -0.065409116776918449 -0 1.3262709430887018e-08 -0 0.071065395634080056 -0 9.7770847675928861e-09 -0 -0.085996479721422311 -0 6.0873065867318264e-09 -0 0.12595111453239327 -0 -9.9096771941602343e-10 -0 -0.33620008379152944 -0 0.50000000108134757 0 -0.30199832841048219 0 -3.8147629818541706e-11 0 0.091089172797466048 0 2.9023731301674026e-09 0 -0.049730471132778842 0 -7.5227897972484893e-10 0 0.032455850579786054 0 -9.1503577093791585e-10 0 -0.023130321694899657 0 -1.8409584259621253e-10 0 0.017371599918250352 0 3.4423969929289228e-08 0 -0.013497021670784872 0 5.2046546430723623e-08 0 0.01073409334830272 0 -1.3520773906997446e-07 0 -0.0086743965599976255 0 3.4016084754441994e-08 0 0.0070834431475232688 0 8.5181925710682686e-08 0 -0.0058174557186050852 0 -1.347952761939089e-07 0 0.0047833423201979128 0 1.7230540165901157e-07 0 -0.0039180954541491644 0 -3.9165741286719835e-07 0 0.0031772845818904883 0 3.9407875563587343e-07 0 -0.0025294973215347007 0 -1.9999797058803773e-07 0 0.0019499902539191502 0 -9.127713055953841e-08 0 -0.0014206567501565785 0 1.9779376449857007e-07 0 0.00092732005405607193 0 -4.2737130654625432e-07 0 -0.00045716553196045815 0 5.7624926950496249e-07 0 
0 -0 0 -0 0 -0 0 -0 0 -0 0 -0 0 -0 0 -0 0 -0 0 -0 0 -0 0 -0 0 -0 0 -0 0 -0 0 -0 0 -0 0 -0 0 -0 0 -0 0 -0 0 -0 0 -0 0 -0 0 -0 0 -0 0 -0 0 -0 0 -0 0 -0 0 -0 0 -0 0 -0 0 -0 0 -0 0 -0 0 -0 0 -0 0 -0 0 -0 0 -0 0 -0 0 -0 0 -0 0 -0 0 -0 0 -0 0 -0 0 -0 0 -0 0 -0 0 -0 5.812169258887645e-09 -0 -0.010654416380839476 -0 -2.8162481741210155e-09 -0 0.02379571663738381 -0 -1.7971267197407293e-08 -0 -0.044251298577525668 -0 -3.0579143967293105e-09 -0 0.088431354978118409 -0 -1.6743459454737331e-09 -0 -0.30199832841048219 -0 0.50000000132898892 0 -0.33354226725714037 0 -9.5454219379015059e-10 0 0.12047193610037762 0 2.1889904924827406e-09 0 -0.077336329450928415 0 -1.1563764950089276e-09 0 0.058589281363188812 0 5.0020691343667087e-09 0 -0.048039161144821416 0 3.4321612688296157e-08 0 0.041255632250472664 0 -1.5419584392810078e-07 0 -0.036534257597032924 0 -2.2386477195500952e-07 0 0.033070514783684793 0 4.1841289399144239e-07 0 -0.030437012564274123 0 -2.7798430188629514e-07 0 0.028385457488160151 0 3.784681502887422e-08 0 -0.026761728315252011 0 1.6642619654898594e-07 0 0.025465369570029255 0 -3.4277423438095148e-07 0 -0.024428421454829704 0 4.25282813644554e-07 0 0.023603500095014433 0 -4.1911280977569766e-07 0 -0.02295684556662056 0 3.3672304722355037e-07 0 0.022464145850972599 0 -3.4623328495469798e-07 0 -0.022107912403795942 0 1.0279287004514841e-07 0 0.021876386807970796 0 4.0032584695121054e-09 0 -0.021761145636479941 0 
0 -0 0 -0 0 -0 0 -0 0 -0 0 -0 0 -0 0 -0 0 -0 0 -0 0 -0 0 -0 0 -0 0 -0 0 -0 0 -0 0 -0 0 -0 0 -0 0 -0 0 -0 0 -0 0 -0 0 -0 0 -0 0 -0 0 -0 0 -0 0 -0 0 -0 0 -0 0 -0 0 -0 0 -0 0 -0 0 -0 0 -0 0 -0 0 -0 0 -0 0 -0 0 -0 0 -0 0 -0 0 -0 0 -0 0 -0 0 -0 0 -0 0 -0 0 -0 0 -0 0.054754644231800022 -0 -4.1615240246780471e-08 -0 -0.057924158383409086 -0 3.3570229606109975e-08 -0 0.065540886268158821 -0 4.5923059734022403e-08 -0 -0.081771056434558204 -0 1.4228113569033796e-08 -0 0.12263311009627337 -0 -3.8147629818541706e-11 -0 -0.33354226725714037 -0 0.50000000074754214 0 -0.30415950330442476 0 -4.8688660803021967e-10 0 0.092866094357531265 0 9.7465092377944747e-10 0 -0.051202772616559027 0 -1.6622524822558721e-09 0 0.033681380560429457 0 -2.8094817872944465e-08 0 -0.02415164682659349 0 -5.6201869508099798e-08 0 0.018220709621547898 0 2.3685502594443414e-07 0 -0.014200473608178965 0 6.4589216136518033e-08 0 0.011308786705284738 0 -2.5736968875675746e-07 0 -0.0091340619008052834 0 2.6062078598831466e-07 0 0.0074391596873089076 0 -1.9492363966124423e-07 0 -0.0060775934873646504 0 7.3625332328970033e-08 0 0.0049537394408044732 0 2.8221308027906055e-07 0 -0.0040021256939491295 0 -4.0881048954945465e-07 0 0.0031772372832409549 0 3.0819676570736562e-07 0 -0.0024444106117706439 0 -7.1668599864873267e-08 0 0.0017784296345027854 0 3.1305494314017262e-08 0 -0.001159849185594452 0 1.9059948417165097e-07 0 0.00057154795663054143 0 -3.4468687501179937e-07 0 
0 -0 0 -0 0 -0 0 -0 0 -0 0 -0 0 -0 0 -0 0 -0 0 -0 0 -0 0 -0 0 -0 0 -0 0 -0 0 -0 0 -0 0 -0 0 -0 0 -0 0 -0 0 -0 0 -0 0 -0 0 -0 0 -0 0 -0 0 -0 0 -0 0 -0 0 -0 0 -0 0 -0 0 -0 0 -0 0 -0 0 -0 0 -0 0 -0 0 -0 0 -0 0 -0 0 -0 0 -0 0 -0 0 -0 0 -0 0 -0 0 -0 0 -0 0 -0 0 -0 9.9041635098354495e-08 -0 0.0074840370171626123 -0 1.973658483763239e-08 -0 -0.01617962926721012 -0 -1.6335005013853458e-07 -0 0.028020994653243033 -0 -1.0681656670276836e-07 -0 -0.047569293610802463 -0 -1.3673634832346332e-08 -0 0.091089172797466048 -0 -9.5454219379015059e-10 -0 -0.30415950330442476 -0 0.50000000102609465 0 -0.3317653442339531 0 -1.4520727489539784e-09 0 0.11899963460371051 0 1.3041841656725989e-09 0 -0.076110833162559607 0 4.5958675893263338e-09 0 0.057567702767125327 0 6.5501768847987876e-08 0 -0.047189140558997214 0 1.531748267771118e-07 0 0.040554093979771166 0 -5.9027788067853939e-08 0 -0.035960332195501682 0 -2.4104976198318098e-07 0 0.032610542961551692 0 2.8938504537395424e-07 0 -0.03008073098393204 0 -1.7293644645085577e-07 0 0.028124848561710072 0 4.0075326620363818e-08 0 -0.026590959256482843 0 1.0082721450791497e-07 0 0.025380764568406985 0 -2.8658859951872856e-07 0 -0.024428427947826296 0 4.0136490032340446e-07 0 0.023688049642232267 0 -3.930143282967748e-07 0 -0.023127824074284518 0 4.1443305171597031e-07 0 0.02272513357120191 0 -1.7827253093356471e-07 0 -0.022464594104027881 0 4.2514547457170315e-08 0 0.022335569279523359 0 
0 -0 0 -0 0 -0 0 -0 0 -0 0 -0 0 -0 0 -0 0 -0 0 -0 0 -0 0 -0 0 -0 0 -0 0 -0 0 -0 0 -0 0 -0 0 -0 0 -0 0 -0 0 -0 0 -0 0 -0 0 -0 0 -0 0 -0 0 -0 0 -0 0 -0 0 -0 0 -0 0 -0 0 -0 0 -0 0 -0 0 -0 0 -0 0 -0 0 -0 0 -0 0 -0 0 -0 0 -0 0 -0 0 -0 0 -0 0 -0 0 -0 0 -0 0 -0 0 -0 -0.047268907810947322 -0 -2.0293864211574069e-07 -0 0.049231166737064611 -0 1.8842379734288614e-07 -0 -0.053698595994701934 -0 3.1369179657336206e-07 -0 0.062222741333441758 -0 9.4226159988391318e-08 -0 -0.079113265452777359 -0 2.9023731301674026e-09 -0 0.12047193610037762 -0 -4.8688660803021967e-10 -0 -0.3317653442339531 -0 0.50000000050494442 0 -0.30563180140697011 0 -1.0039093560428492e-09 0 0.094091592496364798 0 6.5612369394066125e-10 0 -0.052224285530662468 0 -1.4060285205331199e-08 0 0.034531056838143941 0 -1.4566486267774828e-07 0 -0.024854517549264037 0 -4.2899244906412089e-07 0 0.018794333211574771 0 1.871863101613066e-07 0 -0.014659912204612303 0 2.5944839598326201e-07 0 0.011664716887063291 0 -4.5638807031931333e-07 0 -0.0093944356102606021 0 4.570893003369302e-07 0 0.0076097746844588443 0 -3.2641145925256291e-07 0 -0.0061621771662128426 0 -9.849532947538378e-08 0 0.0049537802493017143 0 3.2877126851286012e-07 0 -0.0039180787873798247 0 -3.3405197722546681e-07 0 0.0030062914650123788 0 1.7423442343913025e-07 0 -0.0021832220973831166 0 -2.2121044108243663e-07 0 0.0014221933469093968 0 2.1080508050155908e-08 0 -0.00070040765189919641 0 1.3163017015182187e-07 0 
0 -0 0 -0 0 -0 0 -0 0 -0 0 -0 0 -0 0 -0 0 -0 0 -0 0 -0 0 -0 0 -0 0 -0 0 -0 0 -0 0 -0 0 -0 0 -0 0 -0 0 -0 0 -0 0 -0 0 -0 0 -0 0 -0 0 -0 0 -0 0 -0 0 -0 0 -0 0 -0 0 -0 0 -0 0 -0 0 -0 0 -0 0 -0 0 -0 0 -0 0 -0 0 -0 0 -0 0 -0 0 -0 0 -0 0 -0 0 -0 0 -0 0 -0 0 -0 0 -0 2.1170928996638431e-07 -0 -0.0055261346358728087 -0 4.7470018343621547e-08 -0 0.01170937988345056 -0 -3.6008359913406637e-07 -0 -0.019497063505524236 -0 -2.215737599106034e-07 -0 0.030678980742841769 -0 -2.7440599019692453e-08 -0 -0.049730471132778842 -0 2.1889904924827406e-09 -0 0.092866094357531265 -0 -1.4520727489539784e-09 -0 -0.30563180140697011 -0 0.50000000163227798 0 -0.33053984435482159 0 -1.5557755529981736e-09 0 0.1179781085030859 0 3.0674574614214763e-09 0 -0.075261070015034529 0 2.5225617999156072e-08 0 0.0568653781183431 0 3.3361496661404981e-07 0 -0.046615226526388498 0 4.4909289292928939e-07 0 0.040094353814139193 0 -3.2159580882347506e-07 0 -0.035604033025812533 0 -2.4399463024265695e-08 0 0.032350050792479768 0 2.3421146809067391e-07 0 -0.029910332123556808 0 -3.4181806367041476e-07 0 0.028040641348930591 0 3.5001803088948132e-07 0 -0.026590986873992205 0 -9.4941067148472337e-08 0 0.025465371972741513 0 -1.539201171323158e-07 0 -0.024599015939379167 0 2.5563382238354537e-07 0 0.02394870972048382 0 -3.3000757998192499e-07 0 -0.023484334569880607 0 1.5627811447488363e-07 0 0.023185379063572324 0 -4.2083571719433999e-08 0 -0.023038135576605084 0 
0 -0 0 -0 0 -0 0 -0 0 -0 0 -0 0 -0 0 -0 0 -0 0 -0 0 -0 0 -0 0 -0 0 -0 0 -0 0 -0 0 -0 0 -0 0 -0 0 -0 0 -0 0 -0 0 -0 0 -0 0 -0 0 -0 0 -0 0 -0 0 -0 0 -0 0 -0 0 -0 0 -0 0 -0 0 -0 0 -0 0 -0 0 -0 0 -0 0 -0 0 -0 0 -0 0 -0 0 -0 0 -0 0 -0 0 -0 0 -0 0 -0 0 -0 0 -0 0 -0 0.041745443229813176 -0 -1.0068275490917368e-07 -0 -0.043044133044151583 -0 7.2488049105540622e-08 -0 0.045911742327687306 -0 1.1858667519210714e-07 -0 -0.051041326754982824 -0 3.3291980492200137e-08 -0 0.06006155199872798 -0 -7.5227897972484893e-10 -0 -0.077336329450928415 -0 9.7465092377944747e-10 -0 0.11899963460371051 -0 -1.0039093560428492e-09 -0 -0.33053984435482159 -0 0.50000000110573384 0 -0.30665332645606647 0 -1.482714554877396e-09 0 0.094941344154168883 0 1.9783843711411273e-09 0 -0.052926757343607286 0 -8.5215980224219356e-08 0 0.03510488964779522 0 -3.8737255832065498e-07 0 -0.025313799859882406 0 -3.2745749279792982e-07 0 0.019150537321179377 0 2.452657108073769e-07 0 -0.014920819086689284 0 3.584751252134213e-08 0 0.01183557145979441 0 -2.3169543246828237e-07 0 -0.0094788579563334918 0 3.0392351486426342e-07 0 0.0076097410681905519 0 -4.1036393216092181e-08 0 -0.0060775878752715338 0 -1.427823277173686e-07 0 0.0047832754774021612 0 1.7486697008390015e-07 0 -0.0036571062826341321 0 -5.1252152233519873e-08 0 0.002649393300440154 0 1.6466292195383279e-07 0 -0.0017231975936149826 0 2.416837827467328e-08 0 0.00084797198345094361 0 -1.8014353052743759e-07 0 
0 -0 0 -0 0 -0 0 -0 0 -0 0 -0 0 -0 0 -0 0 -0 0 -0 0 -0 0 -0 0 -0 0 -0 0 -0 0 -0 0 -0 0 -0 0 -0 0 -0 0 -0 0 -0 0 -0 0 -0 0 -0 0 -0 0 -0 0 -0 0 -0 0 -0 0 -0 0 -0 0 -0 0 -0 0 -0 0 -0 0 -0 0 -0 0 -0 0 -0 0 -0 0 -0 0 -0 0 -0 0 -0 0 -0 0 -0 0 -0 0 -0 0 -0 0 -0 0 -0 -1.145909249216928e-07 -0 0.0042263262306602694 -0 -1.9867848554003078e-08 -0 -0.0088420174636915944 -0 2.0627905509657169e-07 -0 0.014368270292536555 -0 1.2231364085254974e-07 -0 -0.021658121341494099 -0 1.5020806442369396e-08 -0 0.032455850579786054 -0 -1.1563764950089276e-09 -0 -0.051202772616559027 -0 1.3041841656725989e-09 -0 0.094091592496364798 -0 -1.5557755529981736e-09 -0 -0.30665332645606647 -0 0.50000000122243937 0 -0.32969009258083087 0 -1.6059103602563994e-09 0 0.11727565934603744 0 9.3654556870707364e-09 0 -0.074687213525025997 0 1.0248030247437494e-07 0 0.056405752010235614 0 3.3118100240169597e-07 0 -0.04625953434181504 0 2.738107603402409e-07 0 0.039833737089241747 0 -2.5279441925232134e-07 0 -0.03543311641120965 0 1.1740627146147765e-08 0 0.032265512408606742 0 2.5210254695252175e-07 0 -0.029910297888157973 0 -4.4269731901119892e-07 0 0.028124871667521544 0 1.7944544152440976e-07 0 -0.026761720123269207 0 1.4407245896164923e-07 0 0.025725520517658182 0 -3.0330200685287022e-07 0 -0.024955075298025511 0 3.7634964439107488e-07 0 0.024408977128647869 0 -2.2670265383467397e-07 0 -0.024059323397947266 0 8.9728156873331022e-08 0 0.023888088419456246 0 
0 -0 0 -0 0 -0 0 -0 0 -0 0 -0 0 -0 0 -0 0 -0 0 -0 0 -0 0 -0 0 -0 0 -0 0 -0 0 -0 0 -0 0 -0 0 -0 0 -0 0 -0 0 -0 0 -0 0 -0 0 -0 0 -0 0 -0 0 -0 0 -0 0 -0 0 -0 0 -0 0 -0 0 -0 0 -0 0 -0 0 -0 0 -0 0 -0 0 -0 0 -0 0 -0 0 -0 0 -0 0 -0 0 -0 0 -0 0 -0 0 -0 0 -0 0 -0 0 -0 -0.037520437531277845 -0 1.9100882430662993e-07 -0 0.038426283113888335 -0 -1.563913749586983e-07 -0 -0.04038704656972706 -0 -2.4938579533007511e-07 -0 0.043750270062106481 -0 -6.9700929151501825e-08 -0 -0.049264412812349299 -0 -9.1503577093791585e-10 -0 0.058589281363188812 -0 -1.6622524822558721e-09 -0 -0.076110833162559607 -0 6.5612369394066125e-10 -0 0.1179781085030859 -0 -1.482714554877396e-09 -0 -0.32969009258083087 -0 0.5000000008636668 0 -0.30735577669522335 0 -1.1555014627623989e-09 0 0.095515194266514294 0 -9.8010411676542497e-09 0 -0.053386285917280375 0 -8.4535521694832343e-08 0 0.03546106639608923 0 -2.820380426472032e-07 0 -0.025574018661820342 0 -1.9615814600664363e-07 0 0.01932128705334871 0 2.1646752971620512e-07 0 -0.015005427230869381 0 -2.1565339839332234e-08 0 0.011835580109083891 0 -2.157100348851762e-07 0 -0.0093944348171419827 0 1.8333591349564699e-07 0 0.0074391675498974453 0 -6.2960804758570501e-08 0 -0.0058173996079951464 0 -3.026990085014762e-08 0 0.0044271366215615426 0 -8.104790971445449e-09 0 -0.0031970193497332998 0 -2.1354781239898733e-07 0 0.002075153891037513 0 6.7004637425884927e-08 0 -0.0010200959261830165 0 7.7029844706891888e-08 0 
0 -0 0 -0 0 -0 0 -0 0 -0 0 -0 0 -0 0 -0 0 -0 0 -0 0 -0 0 -0 0 -0 0 -0 0 -0 0 -0 0 -0 0 -0 0 -0 0 -0 0 -0 0 -0 0 -0 0 -0 0 -0 0 -0 0 -0 0 -0 0 -0 0 -0 0 -0 0 -0 0 -0 0 -0 0 -0 0 -0 0 -0 0 -0 0 -0 0 -0 0 -0 0 -0 0 -0 0 -0 0 -0 0 -0 0 -0 0 -0 0 -0 0 -0 0 -0 0 -0 9.9272203959205546e-10 -0 -0.0033182871234350539 -0 -1.0150319324424737e-08 -0 0.0068828631956046361 -0 -1.9243519278489381e-08 -0 -0.011003485926877133 -0 -2.1665430365901272e-09 -0 0.016145492439433841 -0 -6.9521224064413192e-11 -0 -0.023130321694899657 -0 5.0020691343667087e-09 -0 0.033681380560429457 -0 4.5958675893263338e-09 -0 -0.052224285530662468 -0 3.0674574614214763e-09 -0 0.094941344154168883 -0 -1.6059103602563994e-09 -0 -0.30735577669522335 -0 0.50000000088346974 0 -0.32911624190394839 0 -3.6777212850984078e-10 0 0.11681612365517961 0 6.4311870129004605e-09 0 -0.074331195755438978 0 7.1680258520419743e-08 0 0.056145063520788636 0 2.2117231229119064e-07 0 -0.046089081236871228 0 1.7759061794599684e-07 0 0.039749277213380417 0 -2.0702509926531643e-07 0 -0.035433110406793242 0 -5.5116347898829446e-08 0 0.032349999742800339 0 4.2959691968558029e-07 0 -0.030080744975435149 0 -2.3740971227913909e-07 0 0.028385421854518485 0 -9.3613357366899353e-08 0 -0.027117033448963983 0 2.8156123932107751e-07 0 0.026184797507237706 0 -3.4554676090446381e-07 0 -0.025529656240957686 0 2.469424837488654e-07 0 0.025112717711518764 0 -1.1363566876539111e-07 0 -0.024909730207789606 0 
0 -0 0 -0 0 -0 0 -0 0 -0 0 -0 0 -0 0 -0 0 -0 0 -0 0 -0 0 -0 0 -0 0 -0 0 -0 0 -0 0 -0 0 -0 0 -0 0 -0 0 -0 0 -0 0 -0 0 -0 0 -0 0 -0 0 -0 0 -0 0 -0 0 -0 0 -0 0 -0 0 -0 0 -0 0 -0 0 -0 0 -0 0 -0 0 -0 0 -0 0 -0 0 -0 0 -0 0 -0 0 -0 0 -0 0 -0 0 -0 0 -0 0 -0 0 -0 0 -0 0.034202261406675191 -0 -1.8368693260386531e-07 -0 -0.034860839239773261 -0 1.6385780612558436e-07 -0 0.036266594245942828 -0 2.1682460749876539e-07 -0 -0.038610156737501636 -0 6.3423001782900697e-08 -0 0.042277530324842758 -0 -1.8409584259621253e-10 -0 -0.048039161144821416 -0 -2.8094817872944465e-08 -0 0.057567702767125327 -0 -1.4060285205331199e-08 -0 -0.075261070015034529 -0 1.9783843711411273e-09 -0 0.11727565934603744 -0 -1.1555014627623989e-09 -0 -0.32911624190394839 -0 0.50000000065253658 0 -0.30781531341645074 0 -2.3751063527082056e-10 0 0.095871231041571262 0 -6.1270711210398223e-09 0 -0.053646802212184312 0 -5.3260838556057235e-08 0 0.035631882164684436 0 -1.9836158554704306e-07 0 -0.025658374415531111 0 -1.8245155725922414e-07 0 0.019321276119031987 0 2.5556282660425062e-07 0 -0.014920819294831888 0 2.7661249175598085e-08 0 0.011664750623066034 0 -3.0718752421596402e-07 0 -0.0091340800913435449 0 3.0165623322692008e-07 0 0.0070834098208768853 0 -1.4409729606780929e-07 0 -0.0053581089430963088 0 7.0898987626820697e-08 0 0.0038532246723915566 0 2.8219041278235354e-07 0 -0.0024944341990244976 0 -2.0062358848564957e-07 0 0.0012245150216116281 0 8.047880702644289e-08 0 
0 -0 0 -0 0 -0 0 -0 0 -0 0 -0 0 -0 0 -0 0 -0 0 -0 0 -0 0 -0 0 -0 0 -0 0 -0 0 -0 0 -0 0 -0 0 -0 0 -0 0 -0 0 -0 0 -0 0 -0 0 -0 0 -0 0 -0 0 -0 0 -0 0 -0 0 -0 0 -0 0 -0 0 -0 0 -0 0 -0 0 -0 0 -0 0 -0 0 -0 0 -0 0 -0 0 -0 0 -0 0 -0 0 -0 0 -0 0 -0 0 -0 0 -0 0 -0 0 -0 1.0142007618054092e-07 -0 0.0026577974483485284 -0 7.3460725638611855e-09 -0 -0.0054794499117548964 -0 -9.9737101689592099e-08 -0 0.0086593719903191781 -0 -4.5141706330225767e-08 -0 -0.012475723410627354 -0 -4.0236511043591609e-08 -0 0.017371599918250352 -0 3.4321612688296157e-08 -0 -0.02415164682659349 -0 6.5501768847987876e-08 -0 0.034531056838143941 -0 2.5225617999156072e-08 -0 -0.052926757343607286 -0 9.3654556870707364e-09 -0 0.095515194266514294 -0 -3.6777212850984078e-10 -0 -0.30781531341645074 -0 0.50000000048317339 0 -0.32876020549241963 0 2.7785542057638356e-10 0 0.11655558152481746 0 3.1687330157481799e-09 0 -0.07416051688000766 0 4.7730850867298201e-08 0 0.056060539161115308 0 1.9908152264965947e-07 0 -0.046089090921154319 0 1.9029129714453271e-07 0 0.039833749692689685 0 -2.2979102639642289e-07 0 -0.035603994246691292 0 -2.2874386811938786e-07 0 0.032610545154525779 0 2.3803774341811822e-07 0 -0.030436938664901665 0 -3.7994184587452741e-08 0 0.028844106809707983 0 -1.1312934742250842e-07 0 -0.027690370071015328 0 1.5436353030694508e-07 0 0.02688783505324692 0 -1.543536411784974e-07 0 -0.026380618511430039 0 8.1117651599266205e-08 0 0.02613518071956987 0 
0 -0 0 -0 0 -0 0 -0 0 -0 0 -0 0 -0 0 -0 0 -0 0 -0 0 -0 0 -0 0 -0 0 -0 0 -0 0 -0 0 -0 0 -0 0 -0 0 -0 0 -0 0 -0 0 -0 0 -0 0 -0 0 -0 0 -0 0 -0 0 -0 0 -0 0 -0 0 -0 0 -0 0 -0 0 -0 0 -0 0 -0 0 -0 0 -0 0 -0 0 -0 0 -0 0 -0 0 -0 0 -0 0 -0 0 -0 0 -0 0 -0 0 -0 0 -0 0 -0 -0.031544017073304349 -0 1.2400691315647005e-07 -0 0.032039215363555765 -0 -1.0755002985910945e-07 -0 -0.033085233116838988 -0 -1.7353866537503578e-07 -0 0.034795004867461107 -0 -4.0606647393422403e-08 -0 -0.037384928200519814 -0 3.4423969929289228e-08 -0 0.041255632250472664 -0 -5.6201869508099798e-08 -0 -0.047189140558997214 -0 -1.4566486267774828e-07 -0 0.0568653781183431 -0 -8.5215980224219356e-08 -0 -0.074687213525025997 -0 -9.8010411676542497e-09 -0 0.11681612365517961 -0 -2.3751063527082056e-10 -0 -0.32876020549241963 -0 0.50000000004879341 0 -0.30807585369881402 0 2.6226970584446868e-10 0 0.096041930720870236 0 -3.0407523453141908e-09 0 -0.053731263835497242 0 -4.8547085272231368e-08 0 0.035631890722822385 0 -2.1016278953231164e-07 0 -0.025573990860568069 0 -2.7665191552687862e-07 0 0.019150500994817271 0 3.0000440724321374e-07 0 -0.014659957062684144 0 2.605137507987059e-07 0 0.011308794629530165 0 -4.3711077094504749e-07 0 -0.0086744003947237368 0 2.8347237856484612e-07 0 0.0065100316626433129 0 -1.4756442469734469e-07 0 -0.0046561747468457215 0 -2.9380223778177309e-07 0 0.0030037090091687554 0 2.6173561470702283e-07 0 -0.0014718424474774242 0 -1.6020533842146947e-07 0 
0 -0 0 -0 0 -0 0 -0 0 -0 0 -0 0 -0 0 -0 0 -0 0 -0 0 -0 0 -0 0 -0 0 -0 0 -0 0 -0 0 -0 0 -0 0 -0 0 -0 0 -0 0 -0 0 -0 0 -0 0 -0 0 -0 0 -0 0 -0 0 -0 0 -0 0 -0 0 -0 0 -0 0 -0 0 -0 0 -0 0 -0 0 -0 0 -0 0 -0 0 -0 0 -0 0 -0 0 -0 0 -0 0 -0 0 -0 0 -0 0 -0 0 -0 0 -0 0 -0 -2.0004490155217848e-07 -0 -0.0021614421947337373 -0 3.6200724491510375e-08 -0 0.0044363687573010391 -0 1.3215404086333454e-07 -0 -0.0069518307324774641 -0 7.3028137533902394e-08 -0 0.0098845693815309433 -0 8.8017890698983234e-08 -0 -0.013497021670784872 -0 -1.5419584392810078e-07 -0 0.018220709621547898 -0 1.531748267771118e-07 -0 -0.024854517549264037 -0 3.3361496661404981e-07 -0 0.03510488964779522 -0 1.0248030247437494e-07 -0 -0.053386285917280375 -0 6.4311870129004605e-09 -0 0.095871231041571262 -0 2.7785542057638356e-10 -0 -0.30807585369881402 -0 0.49999999981862037 0 -0.32858950706556145 0 7.4292212161151502e-11 0 0.11647111273316094 0 3.7138350256613393e-09 0 -0.074160517582472968 0 4.7683558770655851e-08 0 0.056145038481399644 0 2.7184800314075962e-07 0 -0.046259563087175895 0 3.3172744951393039e-07 0 0.040094375791025351 0 -2.2115825898805693e-07 0 -0.03596034054705341 0 -5.5388757951292187e-08 0 0.033070422867094044 0 1.6058962368198513e-07 0 -0.03101022057647965 0 -1.5152226804323292e-07 0 0.029546018687611437 0 1.7505334470839907e-07 0 -0.028540472710215384 0 -3.981101821480922e-08 0 0.02791018110863016 0 2.7371610117343792e-09 0 -0.027607146134308182 0 
0 -0 0 -0 0 -0 0 -0 0 -0 0 -0 0 -0 0 -0 0 -0 0 -0 0 -0 0 -0 0 -0 0 -0 0 -0 0 -0 0 -0 0 -0 0 -0 0 -0 0 -0 0 -0 0 -0 0 -0 0 -0 0 -0 0 -0 0 -0 0 -0 0 -0 0 -0 0 -0 0 -0 0 -0 0 -0 0 -0 0 -0 0 -0 0 -0 0 -0 0 -0 0 -0 0 -0 0 -0 0 -0 0 -0 0 -0 0 -0 0 -0 0 -0 0 -0 0 -0 0.02938355707738213 -0 1.8491182667296475e-08 -0 -0.029766158592978077 -0 -1.0304229017416776e-07 -0 0.030567645153457629 -0 3.2116586694324535e-07 -0 -0.031859744524138305 -0 -1.745497799742929e-07 -0 0.033773019578210842 -0 5.2046546430723623e-08 -0 -0.036534257597032924 -0 2.3685502594443414e-07 -0 0.040554093979771166 -0 -4.2899244906412089e-07 -0 -0.046615226526388498 -0 -3.8737255832065498e-07 -0 0.056405752010235614 -0 -8.4535521694832343e-08 -0 -0.074331195755438978 -0 -6.1270711210398223e-09 -0 0.11655558152481746 -0 2.6226970584446868e-10 -0 -0.32858950706556145 -0 0.49999999956891655 0 -0.30816032248293429 0 3.0668197106801663e-10 0 0.096041930012927504 0 -2.2349053935296471e-09 0 -0.05364679495664338 0 -6.4740580374633166e-08 0 0.035461095547635824 0 -3.2480583488545567e-07 0 -0.02531375721632104 0 -4.3389024164307912e-07 0 0.018794346018869118 0 6.7521988977989664e-08 0 -0.014200417126129548 0 2.1756290366729175e-07 0 0.010734124525561165 0 -1.9852441904140725e-07 0 -0.0079723537148824325 0 1.6713546480317322e-07 0 0.0056612165467530831 0 1.989073383506078e-07 0 -0.0036351923629357906 0 -1.2764530638536111e-07 0 0.0017769796976799762 0 5.6806989655344177e-09 0 
0 -0 0 -0 0 -0 0 -0 0 -0 0 -0 0 -0 0 -0 0 -0 0 -0 0 -0 0 -0 0 -0 0 -0 0 -0 0 -0 0 -0 0 -0 0 -0 0 -0 0 -0 0 -0 0 -0 0 -0 0 -0 0 -0 0 -0 0 -0 0 -0 0 -0 0 -0 0 -0 0 -0 0 -0 0 -0 0 -0 0 -0 0 -0 0 -0 0 -0 0 -0 0 -0 0 -0 0 -0 0 -0 0 -0 0 -0 0 -0 0 -0 0 -0 0 -0 0 -0 -2.0180400303622697e-08 -0 0.0017768632565897389 -0 1.4055215055438925e-07 -0 -0.0036352214631067063 -0 -2.1121457234429842e-07 -0 0.0056611862289204454 -0 -1.9404592364246496e-07 -0 -0.0079723340720327957 -0 2.0650096538962384e-07 -0 0.01073409334830272 -0 -2.2386477195500952e-07 -0 -0.014200473608178965 -0 -5.9027788067853939e-08 -0 0.018794333211574771 -0 4.4909289292928939e-07 -0 -0.025313799859882406 -0 3.3118100240169597e-07 -0 0.03546106639608923 -0 7.1680258520419743e-08 -0 -0.053646802212184312 -0 3.1687330157481799e-09 -0 0.096041930720870236 -0 7.4292212161151502e-11 -0 -0.30816032248293429 -0 0.49999999960107505 0 -0.32858950681215515 0 -2.561813423676275e-10 0 0.11655558004461762 0 4.57110270805165e-09 0 -0.074331202515019776 0 7.8959177208637098e-08 0 0.056405715851098451 0 3.8503865990444798e-07 0 -0.046615267110047043 0 4.6410979546448379e-07 0 0.040554092978511209 0 -2.5544052709776806e-07 0 -0.036534209577351116 0 -7.4227695883145085e-08 0 0.033773028434414015 0 2.1248473490975267e-07 0 -0.031859846035169566 0 -3.519400661761226e-07 0 0.030567695404229583 0 1.1389594833700561e-07 0 -0.029766130804420095 0 -2.0235133889670576e-08 0 0.029383460213568222 0 
0 -0 0 -0 0 -0 0 -0 0 -0 0 -0 0 -0 0 -0 0 -0 0 -0 0 -0 0 -0 0 -0 0 -0 0 -0 0 -0 0 -0 0 -0 0 -0 0 -0 0 -0 0 -0 0 -0 0 -0 0 -0 0 -0 0 -0 0 -0 0 -0 0 -0 0 -0 0 -0 0 -0 0 -0 0 -0 0 -0 0 -0 0 -0 0 -0 0 -0 0 -0 0 -0 0 -0 0 -0 0 -0 0 -0 0 -0 0 -0 0 -0 0 -0 0 -0 0 -0 -0.027607194483786422 -0 1.0274487598047635e-09 -0 0.027910207445872935 -0 2.6204649827943669e-08 -0 -0.028540418157297198 -0 -1.3973681677078881e-07 -0 0.029545936918004993 -0 1.1571001318298941e-07 -0 -0.031010233616945868 -0 -1.3520773906997446e-07 -0 0.033070514783684793 -0 6.4589216136518033e-08 -0 -0.035960332195501682 -0 1.871863101613066e-07 -0 0.040094353814139193 -0 -3.2745749279792982e-07 -0 -0.04625953434181504 -0 -2.820380426472032e-07 -0 0.056145063520788636 -0 -5.3260838556057235e-08 -0 -0.07416051688000766 -0 -3.0407523453141908e-09 -0 0.11647111273316094 -0 3.0668197106801663e-10 -0 -0.32858950681215515 -0 0.49999999994597966 0 -0.30807585337633953 0 -1.4662052063592725e-10 0 0.095871230901790838 0 -5.1844495227618313e-09 0 -0.053386275991423343 0 -9.8199912268346673e-08 0 0.035104915466110602 0 -3.809391124268644e-07 0 -0.024854522375893588 0 -1.8916354582122642e-07 0 0.018220605171234406 0 2.0877281706189438e-07 0 -0.013497083582673942 0 -1.2699637455533173e-07 0 0.0098846262810667312 0 -3.8242751195162986e-08 0 -0.0069518363895460953 0 -1.0248199956878307e-07 0 0.004436279404929416 0 -7.4700120560782304e-08 0 -0.0021615243132356386 0 2.427820420954855e-07 0 
0 -0 0 -0 0 -0 0 -0 0 -0 0 -0 0 -0 0 -0 0 -0 0 -0 0 -0 0 -0 0 -0 0 -0 0 -0 0 -0 0 -0 0 -0 0 -0 0 -0 0 -0 0 -0 0 -0 0 -0 0 -0 0 -0 0 -0 0 -0 0 -0 0 -0 0 -0 0 -0 0 -0 0 -0 0 -0 0 -0 0 -0 0 -0 0 -0 0 -0 0 -0 0 -0 0 -0 0 -0 0 -0 0 -0 0 -0 0 -0 0 -0 0 -0 0 -0 0 -0 1.5451154367141571e-07 -0 -0.0014717203111419576 -0 -2.5507738931485145e-07 -0 0.0030037159600132934 -0 2.8944964844436231e-07 -0 -0.0046561516253068201 -0 1.7651315503643951e-07 -0 0.0065100551358409321 -0 -2.8158590744775908e-07 -0 -0.0086743965599976255 -0 4.1841289399144239e-07 -0 0.011308786705284738 -0 -2.4104976198318098e-07 -0 -0.014659912204612303 -0 -3.2159580882347506e-07 -0 0.019150537321179377 -0 2.738107603402409e-07 -0 -0.025574018661820342 -0 2.2117231229119064e-07 -0 0.035631882164684436 -0 4.7730850867298201e-08 -0 -0.053731263835497242 -0 3.7138350256613393e-09 -0 0.096041930012927504 -0 -2.561813423676275e-10 -0 -0.30807585337633953 -0 0.50000000023018287 0 -0.32876020522356375 0 -1.2486814681628071e-10 0 0.11681612208268538 0 7.3402089754426375e-09 0 -0.07468721862528041 0 1.0388273159012668e-07 0 0.056865380246937616 0 1.9970050927317534e-07 0 -0.04718904970431758 0 4.6126951209425536e-08 0 0.041255691294878681 0 -3.7665367963115333e-08 0 -0.037384984270007172 0 5.2011584805114692e-08 0 0.03479510882525734 0 1.4068843378729098e-07 0 -0.033085259508996233 0 1.4360674029219935e-07 0 0.032039194101916808 0 -1.4762625530698181e-07 0 -0.031543880006830519 0 
0 -0 0 -0 0 -0 0 -0 0 -0 0 -0 0 -0 0 -0 0 -0 0 -0 0 -0 0 -0 0 -0 0 -0 0 -0 0 -0 0 -0 0 -0 0 -0 0 -0 0 -0 0 -0 0 -0 0 -0 0 -0 0 -0 0 -0 0 -0 0 -0 0 -0 0 -0 0 -0 0 -0 0 -0 0 -0 0 -0 0 -0 0 -0 0 -0 0 -0 0 -0 0 -0 0 -0 0 -0 0 -0 0 -0 0 -0 0 -0 0 -0 0 -0 0 -0 0 -0 0.02613519416888942 -0 -8.0920070149371721e-08 -0 -0.026380646827931634 -0 1.5866087196365234e-07 -0 0.026887782825800812 -0 -1.7515293506621392e-07 -0 -0.027690300036439637 -0 1.2511202175841738e-07 -0 0.028844105704355357 -0 3.4016084754441994e-08 -0 -0.030437012564274123 -0 -2.5736968875675746e-07 -0 0.032610542961551692 -0 2.5944839598326201e-07 -0 -0.035604033025812533 -0 2.452657108073769e-07 -0 0.039833737089241747 -0 -1.9615814600664363e-07 -0 -0.046089081236871228 -0 -1.9836158554704306e-07 -0 0.056060539161115308 -0 -4.8547085272231368e-08 -0 -0.074160517582472968 -0 -2.2349053935296471e-09 -0 0.11655558004461762 -0 -1.4662052063592725e-10 -0 -0.32876020522356375 -0 0.49999999988133581 0 -0.30781531290876718 0 6.4055448917421502e-10 0 0.095515193823547631 0 -1.2190960687953907e-08 0 -0.052926757777558925 0 -4.7133413523440863e-08 0 0.034531010986078359 0 -8.307503292065552e-08 0 -0.024151696307365331 0 -3.43772801914322e-08 0 0.017371727565598682 0 4.3696806712635244e-08 0 -0.01247576881864307 0 2.1938342465152078e-08 0 0.008659257670822363 0 7.6925323560483067e-08 0 -0.0054792101140759292 0 -2.3773430907246887e-10 0 0.0026577816646605615 0 -9.82724747084705e-08 0 
0 -0 0 -0 0 -0 0 -0 0 -0 0 -0 0 -0 0 -0 0 -0 0 -0 0 -0 0 -0 0 -0 0 -0 0 -0 0 -0 0 -0 0 -0 0 -0 0 -0 0 -0 0 -0 0 -0 0 -0 0 -0 0 -0 0 -0 0 -0 0 -0 0 -0 0 -0 0 -0 0 -0 0 -0 0 -0 0 -0 0 -0 0 -0 0 -0 0 -0 0 -0 0 -0 0 -0 0 -0 0 -0 0 -0 0 -0 0 -0 0 -0 0 -0 0 -0 0 -0 -7.616906683418134e-08 -0 0.0012243966593420976 -0 1.9447658111691116e-07 -0 -0.0024944295934231737 -0 -2.7724118993222422e-07 -0 0.0038532117613297315 -0 -9.4966608738305284e-08 -0 -0.0053581673348786912 -0 1.3787727999677534e-07 -0 0.0070834431475232688 -0 -2.7798430188629514e-07 -0 -0.0091340619008052834 -0 2.8938504537395424e-07 -0 0.011664716887063291 -0 -2.4399463024265695e-08 -0 -0.014920819086689284 -0 -2.5279441925232134e-07 -0 0.01932128705334871 -0 1.7759061794599684e-07 -0 -0.025658374415531111 -0 1.9908152264965947e-07 -0 0.035631890722822385 -0 4.7683558770655851e-08 -0 -0.05364679495664338 -0 4.57110270805165e-09 -0 0.095871230901790838 -0 -1.2486814681628071e-10 -0 -0.30781531290876718 -0 0.49999999980123555 0 -0.3291162419250746 0 9.9330545138188788e-10 0 0.11727565966944986 0 2.122514262119943e-09 0 -0.075261057888648578 0 1.943393432524551e-08 0 0.057567730870082316 0 3.9374060861458731e-08 0 -0.048039252622226386 0 -1.1143934999435809e-08 0 0.042277412565519111 0 -5.5105986093319783e-08 0 -0.038610061589332167 0 -1.8592308093854841e-07 0 0.036266549210732107 0 -1.8968490087023818e-07 0 -0.034860957661619625 0 2.0062355952053801e-07 0 0.03420229861225433 0 
0 -0 0 -0 0 -0 0 -0 0 -0 0 -0 0 -0 0 -0 0 -0 0 -0 0 -0 0 -0 0 -0 0 -0 0 -0 0 -0 0 -0 0 -0 0 -0 0 -0 0 -0 0 -0 0 -0 0 -0 0 -0 0 -0 0 -0 0 -0 0 -0 0 -0 0 -0 0 -0 0 -0 0 -0 0 -0 0 -0 0 -0 0 -0 0 -0 0 -0 0 -0 0 -0 0 -0 0 -0 0 -0 0 -0 0 -0 0 -0 0 -0 0 -0 0 -0 0 -0 -0.024909726367681104 -0 1.1213717742420143e-07 -0 0.025112757786834708 -0 -2.4719031160466405e-07 -0 -0.025529618980020354 -0 3.587244315382266e-07 -0 0.026184746484957857 -0 -2.7944997812315018e-07 -0 -0.02711701686129294 -0 8.5181925710682686e-08 -0 0.028385457488160151 -0 2.6062078598831466e-07 -0 -0.03008073098393204 -0 -4.5638807031931333e-07 -0 0.032350050792479768 -0 3.584751252134213e-08 -0 -0.03543311641120965 -0 2.1646752971620512e-07 -0 0.039749277213380417 -0 -1.8245155725922414e-07 -0 -0.046089090921154319 -0 -2.1016278953231164e-07 -0 0.056145038481399644 -0 -6.4740580374633166e-08 -0 -0.074331202515019776 -0 -5.1844495227618313e-09 -0 0.11681612208268538 -0 6.4055448917421502e-10 -0 -0.3291162419250746 -0 0.4999999993384675 0 -0.30735577637117584 0 8.2375373830709535e-10 0 0.09494134214948885 0 -2.5934669065516216e-09 0 -0.052224292486779074 0 -9.4988715169563902e-09 0 0.033681414209732662 0 -5.0354545362201605e-09 0 -0.023130226351936612 0 6.3732964732095295e-09 0 0.016145556677529128 0 1.115286548075812e-08 0 -0.01100351756899501 0 4.9698890375597039e-08 0 0.0068827823543270812 0 1.0632032973858022e-08 0 -0.0033183395762396463 0 -2.2585656595316842e-08 0 
0 -0 0 -0 0 -0 0 -0 0 -0 0 -0 0 -0 0 -0 0 -0 0 -0 0 -0 0 -0 0 -0 0 -0 0 -0 0 -0 0 -0 0 -0 0 -0 0 -0 0 -0 0 -0 0 -0 0 -0 0 -0 0 -0 0 -0 0 -0 0 -0 0 -0 0 -0 0 -0 0 -0 0 -0 0 -0 0 -0 0 -0 0 -0 0 -0 0 -0 0 -0 0 -0 0 -0 0 -0 0 -0 0 -0 0 -0 0 -0 0 -0 0 -0 0 -0 0 -0 -7.3662597292933702e-08 -0 -0.0010199827729719649 -0 -6.7871733924117166e-08 -0 0.0020751367247524408 -0 2.1435375324898077e-07 -0 -0.0031970058206718557 -0 2.3325091074671094e-08 -0 0.0044272071362959067 -0 4.160561632348347e-08 -0 -0.0058174557186050852 -0 3.784681502887422e-08 -0 0.0074391596873089076 -0 -1.7293644645085577e-07 -0 -0.0093944356102606021 -0 2.3421146809067391e-07 -0 0.01183557145979441 -0 1.1740627146147765e-08 -0 -0.015005427230869381 -0 -2.0702509926531643e-07 -0 0.019321276119031987 -0 1.9029129714453271e-07 -0 -0.025573990860568069 -0 2.7184800314075962e-07 -0 0.035461095547635824 -0 7.8959177208637098e-08 -0 -0.053386275991423343 -0 7.3402089754426375e-09 -0 0.095515193823547631 -0 9.9330545138188788e-10 -0 -0.30735577637117584 -0 0.49999999977835025 0 -0.32969009303546321 0 6.2086510874160939e-10 0 0.11797810992352054 0 1.1282131485984611e-09 0 -0.076110843974499062 0 3.2901160012842283e-09 0 0.058589256500981922 0 1.0687089896533444e-08 0 -0.049264462344902303 0 5.1286135475188322e-08 0 0.043750205910774796 0 2.1072429255654573e-07 0 -0.040386939414000837 0 1.6594686401680527e-07 0 0.038426414542005322 0 -1.9442797216315255e-07 0 -0.037520443608979305 0 
0 -0 0 -0 0 -0 0 -0 0 -0 0 -0 0 -0 0 -0 0 -0 0 -0 0 -0 0 -0 0 -0 0 -0 0 -0 0 -0 0 -0 0 -0 0 -0 0 -0 0 -0 0 -0 0 -0 0 -0 0 -0 0 -0 0 -0 0 -0 0 -0 0 -0 0 -0 0 -0 0 -0 0 -0 0 -0 0 -0 0 -0 0 -0 0 -0 0 -0 0 -0 0 -0 0 -0 0 -0 0 -0 0 -0 0 -0 0 -0 0 -0 0 -0 0 -0 0 -0 0.023888073415602486 -0 -8.900457748717486e-08 -0 -0.02405937632437545 -0 2.2725629668873593e-07 -0 0.024408960096771716 -0 -3.8852025142737921e-07 -0 -0.024955050700735386 -0 2.9713813350014884e-07 -0 0.025725501677429121 -0 -1.347952761939089e-07 -0 -0.026761728315252011 -0 -1.9492363966124423e-07 -0 0.028124848561710072 -0 4.570893003369302e-07 -0 -0.029910332123556808 -0 -2.3169543246828237e-07 -0 0.032265512408606742 -0 -2.1565339839332234e-08 -0 -0.035433110406793242 -0 2.5556282660425062e-07 -0 0.039833749692689685 -0 -2.7665191552687862e-07 -0 -0.046259563087175895 -0 -3.2480583488545567e-07 -0 0.056405715851098451 -0 -9.8199912268346673e-08 -0 -0.07468721862528041 -0 -1.2190960687953907e-08 -0 0.11727565966944986 -0 8.2375373830709535e-10 -0 -0.32969009303546321 -0 0.49999999957747482 0 -0.30665332587749639 0 7.717201106411032e-10 0 0.094091594171451812 0 -1.0583730002239989e-09 0 -0.051202769313845056 0 -1.0611871618482201e-08 0 0.032455846902324864 0 -2.4909261633753646e-08 0 -0.021658080353429029 0 -1.0728632871935742e-07 0 0.014368296600045826 0 -2.3855622886514374e-07 0 -0.0088420568835301423 0 1.1993966290415811e-08 0 0.0042264033645635166 0 1.5048321571641313e-07 0 
0 -0 0 -0 0 -0 0 -0 0 -0 0 -0 0 -0 0 -0 0 -0 0 -0 0 -0 0 -0 0 -0 0 -0 0 -0 0 -0 0 -0 0 -0 0 -0 0 -0 0 -0 0 -0 0 -0 0 -0 0 -0 0 -0 0 -0 0 -0 0 -0 0 -0 0 -0 0 -0 0 -0 0 -0 0 -0 0 -0 0 -0 0 -0 0 -0 0 -0 0 -0 0 -0 0 -0 0 -0 0 -0 0 -0 0 -0 0 -0 0 -0 0 -0 0 -0 0 -0 1.6600288979588968e-07 -0 0.00084786683910120775 -0 -1.3140646977789089e-08 -0 -0.0017231716431193207 -0 -1.7410336751147197e-07 -0 0.0026493769296484135 -0 4.5944799026003439e-08 -0 -0.0036571771435606163 -0 -1.9046066241856633e-07 -0 0.0047833423201979128 -0 1.6642619654898594e-07 -0 -0.0060775934873646504 -0 4.0075326620363818e-08 -0 0.0076097746844588443 -0 -3.4181806367041476e-07 -0 -0.0094788579563334918 -0 2.5210254695252175e-07 -0 0.011835580109083891 -0 -5.5116347898829446e-08 -0 -0.014920819294831888 -0 -2.2979102639642289e-07 -0 0.019150500994817271 -0 3.3172744951393039e-07 -0 -0.02531375721632104 -0 3.8503865990444798e-07 -0 0.035104915466110602 -0 1.0388273159012668e-07 -0 -0.052926757777558925 -0 2.122514262119943e-09 -0 0.09494134214948885 -0 6.2086510874160939e-10 -0 -0.30665332587749639 -0 0.49999999944497525 0 -0.33053984510233825 0 3.3319670281776949e-10 0 0.11899963550248382 0 2.5981421518919186e-09 0 -0.077336323052989223 0 1.3954395739948214e-08 0 0.060061558223052605 0 -1.4351943262606819e-08 0 -0.051041373153167327 0 -7.7576806011655535e-08 0 0.045911650210127122 0 -4.1193562456710706e-08 0 -0.04304426222281317 0 7.1515374965719358e-08 0 0.041745358821680179 0 
0 -0 0 -0 0 -0 0 -0 0 -0 0 -0 0 -0 0 -0 0 -0 0 -0 0 -0 0 -0 0 -0 0 -0 0 -0 0 -0 0 -0 0 -0 0 -0 0 -0 0 -0 0 -0 0 -0 0 -0 0 -0 0 -0 0 -0 0 -0 0 -0 0 -0 0 -0 0 -0 0 -0 0 -0 0 -0 0 -0 0 -0 0 -0 0 -0 0 -0 0 -0 0 -0 0 -0 0 -0 0 -0 0 -0 0 -0 0 -0 0 -0 0 -0 0 -0 0 -0 -0.023038130820508904 -0 4.8265253686602876e-08 -0 0.023185461004729169 -0 -1.6956978110597208e-07 -0 -0.023484354061158438 -0 3.5971860551555673e-07 -0 0.023948726696469348 -0 -2.7023852241964019e-07 -0 -0.024599013538213213 -0 1.7230540165901157e-07 -0 0.025465369570029255 -0 7.3625332328970033e-08 -0 -0.026590959256482843 -0 -3.2641145925256291e-07 -0 0.028040641348930591 -0 3.0392351486426342e-07 -0 -0.029910297888157973 -0 -2.157100348851762e-07 -0 0.032349999742800339 -0 2.7661249175598085e-08 -0 -0.035603994246691292 -0 3.0000440724321374e-07 -0 0.040094375791025351 -0 -4.3389024164307912e-07 -0 -0.046615267110047043 -0 -3.809391124268644e-07 -0 0.056865380246937616 -0 -4.7133413523440863e-08 -0 -0.075261057888648578 -0 -2.5934669065516216e-09 -0 0.11797810992352054 -0 7.717201106411032e-10 -0 -0.33053984510233825 -0 0.49999999872911416 0 -0.30563180144332991 0 1.07907985956046e-09 0 0.092866092966125996 0 -4.553141516590237e-09 0 -0.049730478183409588 0 1.054462660676955e-08 0 0.030678991390713492 0 1.8560038437705945e-07 0 -0.019496959614330102 0 3.5493971459166453e-07 0 0.011709487840860561 0 -4.2478695632948253e-08 0 -0.0055261459735418059 0 -2.1728544361834193e-07 0 
0 -0 0 -0 0 -0 0 -0 0 -0 0 -0 0 -0 0 -0 0 -0 0 -0 0 -0 0 -0 0 -0 0 -0 0 -0 0 -0 0 -0 0 -0 0 -0 0 -0 0 -0 0 -0 0 -0 0 -0 0 -0 0 -0 0 -0 0 -0 0 -0 0 -0 0 -0 0 -0 0 -0 0 -0 0 -0 0 -0 0 -0 0 -0 0 -0 0 -0 0 -0 0 -0 0 -0 0 -0 0 -0 0 -0 0 -0 0 -0 0 -0 0 -0 0 -0 0 -0 -1.5280360746239383e-07 -0 -0.00070030142492112483 -0 1.4388911189583333e-09 -0 0.0014221400232093159 -0 2.004114166827678e-07 -0 -0.0021831696590924117 -0 -1.4671383040976168e-07 -0 0.0030063127004082658 -0 3.3200013671569586e-07 -0 -0.0039180954541491644 -0 -3.4277423438095148e-07 -0 0.0049537394408044732 -0 1.0082721450791497e-07 -0 -0.0061621771662128426 -0 3.5001803088948132e-07 -0 0.0076097410681905519 -0 -4.4269731901119892e-07 -0 -0.0093944348171419827 -0 4.2959691968558029e-07 -0 0.011664750623066034 -0 -2.2874386811938786e-07 -0 -0.014659957062684144 -0 -2.2115825898805693e-07 -0 0.018794346018869118 -0 4.6410979546448379e-07 -0 -0.024854522375893588 -0 1.9970050927317534e-07 -0 0.034531010986078359 -0 1.943393432524551e-08 -0 -0.052224292486779074 -0 1.1282131485984611e-09 -0 0.094091594171451812 -0 3.3319670281776949e-10 -0 -0.30563180144332991 -0 0.49999999946613383 0 -0.33176534422324955 0 7.3213261409330355e-10 0 0.12047193663526173 0 -3.281335984355625e-11 0 -0.079113263983118715 0 -7.5389985375422645e-08 0 0.062222692036621931 0 -3.3273093101260801e-07 0 -0.05369866958898474 0 -2.2884355749161513e-07 0 0.049231304045242785 0 2.3597656398366418e-07 0 -0.047268752257753302 0 
0 -0 0 -0 0 -0 0 -0 0 -0 0 -0 0 -0 0 -0 0 -0 0 -0 0 -0 0 -0 0 -0 0 -0 0 -0 0 -0 0 -0 0 -0 0 -0 0 -0 0 -0 0 -0 0 -0 0 -0 0 -0 0 -0 0 -0 0 -0 0 -0 0 -0 0 -0 0 -0 0 -0 0 -0 0 -0 0 -0 0 -0 0 -0 0 -0 0 -0 0 -0 0 -0 0 -0 0 -0 0 -0 0 -0 0 -0 0 -0 0 -0 0 -0 0 -0 0 -0 0.022335507394054654 -0 -4.3073549426834577e-08 -0 -0.022464637474545177 -0 1.7955171704705869e-07 -0 0.022725130104134832 -0 -4.2529539568002082e-07 -0 -0.02312783622067615 -0 3.818745693810641e-07 -0 0.023688041677903615 -0 -3.9165741286719835e-07 -0 -0.024428421454829704 -0 2.8221308027906055e-07 -0 0.025380764568406985 -0 -9.849532947538378e-08 -0 -0.026590986873992205 -0 -4.1036393216092181e-08 -0 0.028124871667521544 -0 1.8333591349564699e-07 -0 -0.030080744975435149 -0 -3.0718752421596402e-07 -0 0.032610545154525779 -0 2.605137507987059e-07 -0 -0.03596034054705341 -0 6.7521988977989664e-08 -0 0.040554092978511209 -0 -1.8916354582122642e-07 -0 -0.04718904970431758 -0 -8.307503292065552e-08 -0 0.057567730870082316 -0 -9.4988715169563902e-09 -0 -0.076110843974499062 -0 -1.0583730002239989e-09 -0 0.11899963550248382 -0 1.07907985956046e-09 -0 -0.33176534422324955 -0 0.49999999856717287 0 -0.30415950320047219 0 5.7399550613463539e-10 0 0.091089173092750997 0 9.2830790734865534e-09 0 -0.0475692829305406 0 1.198166227912851e-07 0 0.028021028122636508 0 2.1811954799655927e-07 0 -0.016179737137218014 0 -1.6872685542029635e-08 0 0.0074837678708029945 0 -1.3473699090888868e-07 0 
0 -0 0 -0 0 -0 0 -0 0 -0 0 -0 0 -0 0 -0 0 -0 0 -0 0 -0 0 -0 0 -0 0 -0 0 -0 0 -0 0 -0 0 -0 0 -0 0 -0 0 -0 0 -0 0 -0 0 -0 0 -0 0 -0 0 -0 0 -0 0 -0 0 -0 0 -0 0 -0 0 -0 0 -0 0 -0 0 -0 0 -0 0 -0 0 -0 0 -0 0 -0 0 -0 0 -0 0 -0 0 -0 0 -0 0 -0 0 -0 0 -0 0 -0 0 -0 0 -0 3.595252423368526e-07 -0 0.00057146226645146908 -0 -2.0656959826274965e-07 -0 -0.0011598117647390359 -0 -1.6953730672467901e-08 -0 0.0017784008594977979 -0 5.2523265781081964e-08 -0 -0.0024444539489150386 -0 -3.1104612462364616e-07 -0 0.0031772845818904883 -0 4.25282813644554e-07 -0 -0.0040021256939491295 -0 -2.8658859951872856e-07 -0 0.0049537802493017143 -0 -9.4941067148472337e-08 -0 -0.0060775878752715338 -0 1.7944544152440976e-07 -0 0.0074391675498974453 -0 -2.3740971227913909e-07 -0 -0.0091340800913435449 -0 2.3803774341811822e-07 -0 0.011308794629530165 -0 -5.5388757951292187e-08 -0 -0.014200417126129548 -0 -2.5544052709776806e-07 -0 0.018220605171234406 -0 4.6126951209425536e-08 -0 -0.024151696307365331 -0 3.9374060861458731e-08 -0 0.033681414209732662 -0 3.2901160012842283e-09 -0 -0.051202769313845056 -0 2.5981421518919186e-09 -0 0.092866092966125996 -0 7.3213261409330355e-10 -0 -0.30415950320047219 -0 0.49999999939000284 0 -0.33354226718562302 0 6.4864581655411179e-10 0 0.12263310872570753 0 -1.7533245292956712e-08 0 -0.081771062028704197 0 -6.9717852539156636e-08 0 0.065540931723451282 0 -5.5464585348909286e-08 0 -0.057923989909223136 0 5.674630105395595e-08 0 0.054754765200063733 0 
0 -0 0 -0 0 -0 0 -0 0 -0 0 -0 0 -0 0 -0 0 -0 0 -0 0 -0 0 -0 0 -0 0 -0 0 -0 0 -0 0 -0 0 -0 0 -0 0 -0 0 -0 0 -0 0 -0 0 -0 0 -0 0 -0 0 -0 0 -0 0 -0 0 -0 0 -0 0 -0 0 -0 0 -0 0 -0 0 -0 0 -0 0 -0 0 -0 0 -0 0 -0 0 -0 0 -0 0 -0 0 -0 0 -0 0 -0 0 -0 0 -0 0 -0 0 -0 0 -0 -0.021761100014093097 -0 -6.6265692577474493e-09 -0 0.021876457713156622 -0 -9.7133049261678116e-08 -0 -0.022107943113508475 -0 3.4609121890333154e-07 -0 0.02246419686821742 -0 -3.1066050963637368e-07 -0 -0.022956862241635768 -0 3.9407875563587343e-07 -0 0.023603500095014433 -0 -4.0881048954945465e-07 -0 -0.024428427947826296 -0 3.2877126851286012e-07 -0 0.025465371972741513 -0 -1.427823277173686e-07 -0 -0.026761720123269207 -0 -6.2960804758570501e-08 -0 0.028385421854518485 -0 3.0165623322692008e-07 -0 -0.030436938664901665 -0 -4.3711077094504749e-07 -0 0.033070422867094044 -0 2.1756290366729175e-07 -0 -0.036534209577351116 -0 2.0877281706189438e-07 -0 0.041255691294878681 -0 -3.43772801914322e-08 -0 -0.048039252622226386 -0 -5.0354545362201605e-09 -0 0.058589256500981922 -0 -1.0611871618482201e-08 -0 -0.077336323052989223 -0 -4.553141516590237e-09 -0 0.12047193663526173 -0 5.7399550613463539e-10 -0 -0.33354226718562302 -0 0.49999999976010068 0 -0.3019983291352849 0 1.0191288327396949e-09 0 0.088431355667303646 0 6.3544243641204137e-09 0 -0.044251314525984603 0 2.2568114887543791e-08 0 0.023795659542345308 0 4.6933575630504071e-09 0 -0.010654485330121588 0 -5.8893263908742048e-09 0 
0 -0 0 -0 0 -0 0 -0 0 -0 0 -0 0 -0 0 -0 0 -0 0 -0 0 -0 0 -0 0 -0 0 -0 0 -0 0 -0 0 -0 0 -0 0 -0 0 -0 0 -0 0 -0 0 -0 0 -0 0 -0 0 -0 0 -0 0 -0 0 -0 0 -0 0 -0 0 -0 0 -0 0 -0 0 -0 0 -0 0 -0 0 -0 0 -0 0 -0 0 -0 0 -0 0 -0 0 -0 0 -0 0 -0 0 -0 0 -0 0 -0 0 -0 0 -0 0 -0 -5.6890432054257137e-07 -0 -0.00045708573088369155 -0 4.214602709069367e-07 -0 0.00092726997871425503 -0 -1.91523266594369e-07 -0 -0.0014206064713069145 -0 9.0116331768713959e-08 -0 0.0019499932630428045 -0 2.1706033201467265e-07 -0 -0.0025294973215347007 -0 -4.1911280977569766e-07 -0 0.0031772372832409549 -0 4.0136490032340446e-07 -0 -0.0039180787873798247 -0 -1.539201171323158e-07 -0 0.0047832754774021612 -0 1.4407245896164923e-07 -0 -0.0058173996079951464 -0 -9.3613357366899353e-08 -0 0.0070834098208768853 -0 -3.7994184587452741e-08 -0 -0.0086744003947237368 -0 1.6058962368198513e-07 -0 0.010734124525561165 -0 -7.4227695883145085e-08 -0 -0.013497083582673942 -0 -3.7665367963115333e-08 -0 0.017371727565598682 -0 -1.1143934999435809e-08 -0 -0.023130226351936612 -0 1.0687089896533444e-08 -0 0.032455846902324864 -0 1.3954395739948214e-08 -0 -0.049730478183409588 -0 -3.281335984355625e-11 -0 0.091089173092750997 -0 6.4864581655411179e-10 -0 -0.3019983291352849 -0 0.49999999884468249 0 -0.33620008298474535 0 1.3651510248078074e-09 0 0.12595111639039833 0 -4.8077900577815875e-09 0 -0.085996466346820191 0 -8.8686630669625801e-09 0 0.071065407362538358 0 -1.5549620219906801e-08 0 -0.065409115243797888 0 
0 -0 0 -0 0 -0 0 -0 0 -0 0 -0 0 -0 0 -0 0 -0 0 -0 0 -0 0 -0 0 -0 0 -0 0 -0 0 -0 0 -0 0 -0 0 -0 0 -0 0 -0 0 -0 0 -0 0 -0 0 -0 0 -0 0 -0 0 -0 0 -0 0 -0 0 -0 0 -0 0 -0 0 -0 0 -0 0 -0 0 -0 0 -0 0 -0 0 -0 0 -0 0 -0 0 -0 0 -0 0 -0 0 -0 0 -0 0 -0 0 -0 0 -0 0 -0 0 -0 0.021301186820905441 -0 9.1913669161018662e-08 -0 -0.021406204144297128 -0 -5.9846264011398559e-08 -0 0.021615941266881086 -0 -1.4786051864752929e-07 -0 -0.021937438357700342 -0 8.306163684972398e-08 -0 0.022379738382986427 -0 -1.9999797058803773e-07 -0 -0.02295684556662056 -0 3.0819676570736562e-07 -0 0.023688049642232267 -0 -3.3405197722546681e-07 -0 -0.024599015939379167 -0 1.7486697008390015e-07 -0 0.025725520517658182 -0 -3.026990085014762e-08 -0 -0.027117033448963983 -0 -1.4409729606780929e-07 -0 0.028844106809707983 -0 2.8347237856484612e-07 -0 -0.03101022057647965 -0 -1.9852441904140725e-07 -0 0.033773028434414015 -0 -1.2699637455533173e-07 -0 -0.037384984270007172 -0 4.3696806712635244e-08 -0 0.042277412565519111 -0 6.3732964732095295e-09 -0 -0.049264462344902303 -0 -2.4909261633753646e-08 -0 0.060061558223052605 -0 1.054462660676955e-08 -0 -0.079113263983118715 -0 9.2830790734865534e-09 -0 0.12263310872570753 -0 1.0191288327396949e-09 -0 -0.33620008298474535 -0 0.4999999993278621 0 -0.29868032333916988 0 2.111801645649043e-09 0 0.084205972487334038 0 2.135841460273699e-09 0 -0.038726610664348307 0 1.3662707519165873e-08 0 0.016311003129473693 0 6.9548811712982425e-09 0 
0 -0 0 -0 0 -0 0 -0 0 -0 0 -0 0 -0 0 -0 0 -0 0 -0 0 -0 0 -0 0 -0 0 -0 0 -0 0 -0 0 -0 0 -0 0 -0 0 -0 0 -0 0 -0 0 -0 0 -0 0 -0 0 -0 0 -0 0 -0 0 -0 0 -0 0 -0 0 -0 0 -0 0 -0 0 -0 0 -0 0 -0 0 -0 0 -0 0 -0 0 -0 0 -0 0 -0 0 -0 0 -0 0 -0 0 -0 0 -0 0 -0 0 -0 0 -0 0 -0 6.6701886203739465e-07 -0 0.00035354508049628442 -0 -5.3687435732214912e-07 -0 -0.00071699690246934656 -0 3.259785617324704e-07 -0 0.0010977876992744984 -0 -1.9955079226654827e-07 -0 -0.0015054111604063216 -0 -1.0453844897052018e-07 -0 0.0019499902539191502 -0 3.3672304722355037e-07 -0 -0.0024444106117706439 -0 -3.930143282967748e-07 -0 0.0030062914650123788 -0 2.5563382238354537e-07 -0 -0.0036571062826341321 -0 -3.0330200685287022e-07 -0 0.0044271366215615426 -0 2.8156123932107751e-07 -0 -0.0053581089430963088 -0 -1.1312934742250842e-07 -0 0.0065100316626433129 -0 -1.5152226804323292e-07 -0 -0.0079723537148824325 -0 2.1248473490975267e-07 -0 0.0098846262810667312 -0 5.2011584805114692e-08 -0 -0.01247576881864307 -0 -5.5105986093319783e-08 -0 0.016145556677529128 -0 5.1286135475188322e-08 -0 -0.021658080353429029 -0 -1.4351943262606819e-08 -0 0.030678991390713492 -0 -7.5389985375422645e-08 -0 -0.0475692829305406 -0 -1.7533245292956712e-08 -0 0.088431355667303646 -0 1.3651510248078074e-09 -0 -0.29868032333916988 -0 0.49999999824166363 0 -0.34042547076866425 0 1.0945461184515853e-09 0 0.1314757815610991 0 -4.7912446765653875e-09 0 -0.093481192387448314 0 -3.8245193609287575e-09 0 0.081719987322603327 0 
0 -0 0 -0 0 -0 0 -0 0 -0 0 -0 0 -0 0 -0 0 -0 0 -0 0 -0 0 -0 0 -0 0 -0 0 -0 0 -0 0 -0 0 -0 0 -0 0 -0 0 -0 0 -0 0 -0 0 -0 0 -0 0 -0 0 -0 0 -0 0 -0 0 -0 0 -0 0 -0 0 -0 0 -0 0 -0 0 -0 0 -0 0 -0 0 -0 0 -0 0 -0 0 -0 0 -0 0 -0 0 -0 0 -0 0 -0 0 -0 0 -0 0 -0 0 -0 0 -0 -0.020944212053631769 -0 -1.8723298490772279e-07 -0 0.021041675020962585 -0 2.4051921576637196e-07 -0 -0.021235542432969452 -0 -9.4897133149503762e-08 -0 0.021531715302499824 -0 2.0963874526862048e-07 -0 -0.021937403588284596 -0 -9.127713055953841e-08 -0 0.022464145850972599 -0 -7.1668599864873267e-08 -0 -0.023127824074284518 -0 1.7423442343913025e-07 -0 0.02394870972048382 -0 -5.1252152233519873e-08 -0 -0.024955075298025511 -0 -8.104790971445449e-09 -0 0.026184797507237706 -0 7.0898987626820697e-08 -0 -0.027690370071015328 -0 -1.4756442469734469e-07 -0 0.029546018687611437 -0 1.6713546480317322e-07 -0 -0.031859846035169566 -0 -3.8242751195162986e-08 -0 0.03479510882525734 -0 2.1938342465152078e-08 -0 -0.038610061589332167 -0 1.115286548075812e-08 -0 0.043750205910774796 -0 -1.0728632871935742e-07 -0 -0.051041373153167327 -0 1.8560038437705945e-07 -0 0.062222692036621931 -0 1.198166227912851e-07 -0 -0.081771062028704197 -0 6.3544243641204137e-09 -0 0.12595111639039833 -0 2.111801645649043e-09 -0 -0.34042547076866425 -0 0.49999999753226737 0 -0.29315565590923298 0 2.1424373195603754e-09 0 0.076721237120301142 0 -2.1102574692018206e-09 0 -0.028072167302316584 0 3.5526706097365607e-09 0 
0 -0 0 -0 0 -0 0 -0 0 -0 0 -0 0 -0 0 -0 0 -0 0 -0 0 -0 0 -0 0 -0 0 -0 0 -0 0 -0 0 -0 0 -0 0 -0 0 -0 0 -0 0 -0 0 -0 0 -0 0 -0 0 -0 0 -0 0 -0 0 -0 0 -0 0 -0 0 -0 0 -0 0 -0 0 -0 0 -0 0 -0 0 -0 0 -0 0 -0 0 -0 0 -0 0 -0 0 -0 0 -0 0 -0 0 -0 0 -0 0 -0 0 -0 0 -0 0 -0 -4.9198289379163911e-07 -0 -0.00025815652972750139 -0 3.8960637115063742e-07 -0 0.00052343606028614756 -0 -2.2065614037890382e-07 -0 -0.00080109580241273287 -0 1.069338302659805e-07 -0 0.0010978299247314722 -0 1.4441056118693973e-07 -0 -0.0014206567501565785 -0 -3.4623328495469798e-07 -0 0.0017784296345027854 -0 4.1443305171597031e-07 -0 -0.0021832220973831166 -0 -3.3000757998192499e-07 -0 0.002649393300440154 -0 3.7634964439107488e-07 -0 -0.0031970193497332998 -0 -3.4554676090446381e-07 -0 0.0038532246723915566 -0 1.5436353030694508e-07 -0 -0.0046561747468457215 -0 1.7505334470839907e-07 -0 0.0056612165467530831 -0 -3.519400661761226e-07 -0 -0.0069518363895460953 -0 1.4068843378729098e-07 -0 0.008659257670822363 -0 -1.8592308093854841e-07 -0 -0.01100351756899501 -0 2.1072429255654573e-07 -0 0.014368296600045826 -0 -7.7576806011655535e-08 -0 -0.019496959614330102 -0 -3.3273093101260801e-07 -0 0.028021028122636508 -0 -6.9717852539156636e-08 -0 -0.044251314525984603 -0 -4.8077900577815875e-09 -0 0.084205972487334038 -0 1.0945461184515853e-09 -0 -0.29315565590923298 -0 0.49999999916044419 0 -0.34791020362931091 0 1.2442092445035229e-09 0 0.14213028570092234 0 -1.1786939480007419e-09 0 -0.10979212588698674 0 
0 -0 0 -0 0 -0 0 -0 0 -0 0 -0 0 -0 0 -0 0 -0 0 -0 0 -0 0 -0 0 -0 0 -0 0 -0 0 -0 0 -0 0 -0 0 -0 0 -0 0 -0 0 -0 0 -0 0 -0 0 -0 0 -0 0 -0 0 -0 0 -0 0 -0 0 -0 0 -0 0 -0 0 -0 0 -0 0 -0 0 -0 0 -0 0 -0 0 -0 0 -0 0 -0 0 -0 0 -0 0 -0 0 -0 0 -0 0 -0 0 -0 0 -0 0 -0 0 -0 0.0206818866497144 -0 2.3691221050734766e-07 -0 -0.020774102794744537 -0 -3.3246025200770817e-07 -0 0.020956959482774921 -0 2.1188412303139831e-07 -0 -0.021235581467541779 -0 -3.4071527147842961e-07 -0 0.021615937548335448 -0 1.9779376449857007e-07 -0 -0.022107912403795942 -0 3.1305494314017262e-08 -0 0.02272513357120191 -0 -2.2121044108243663e-07 -0 -0.023484334569880607 -0 1.6466292195383279e-07 -0 0.024408977128647869 -0 -2.1354781239898733e-07 -0 -0.025529656240957686 -0 2.8219041278235354e-07 -0 0.02688783505324692 -0 -2.9380223778177309e-07 -0 -0.028540472710215384 -0 1.989073383506078e-07 -0 0.030567695404229583 -0 -1.0248199956878307e-07 -0 -0.033085259508996233 -0 7.6925323560483067e-08 -0 0.036266549210732107 -0 4.9698890375597039e-08 -0 -0.040386939414000837 -0 -2.3855622886514374e-07 -0 0.045911650210127122 -0 3.5493971459166453e-07 -0 -0.05369866958898474 -0 2.1811954799655927e-07 -0 0.065540931723451282 -0 2.2568114887543791e-08 -0 -0.085996466346820191 -0 2.135841460273699e-09 -0 0.1314757815610991 -0 2.1424373195603754e-09 -0 -0.34791020362931091 -0 0.49999999860349315 0 -0.28250116447163048 0 2.5699481423155368e-09 0 0.060410300108543112 0 -3.1146517765097415e-09 0 
0 -0 0 -0 0 -0 0 -0 0 -0 0 -0 0 -0 0 -0 0 -0 0 -0 0 -0 0 -0 0 -0 0 -0 0 -0 0 -0 0 -0 0 -0 0 -0 0 -0 0 -0 0 -0 0 -0 0 -0 0 -0 0 -0 0 -0 0 -0 0 -0 0 -0 0 -0 0 -0 0 -0 0 -0 0 -0 0 -0 0 -0 0 -0 0 -0 0 -0 0 -0 0 -0 0 -0 0 -0 0 -0 0 -0 0 -0 0 -0 0 -0 0 -0 0 -0 0 -0 5.2613944869557994e-07 -0 0.00016874952686423233 -0 -4.5429808701434745e-07 -0 -0.00034210954298109921 -0 3.3353062153058596e-07 -0 0.00052344668651996024 -0 -2.4351357958961339e-07 -0 -0.00071703882808200631 -0 5.6900581873832782e-08 -0 0.00092732005405607193 -0 1.0279287004514841e-07 -0 -0.001159849185594452 -0 -1.7827253093356471e-07 -0 0.0014221933469093968 -0 1.5627811447488363e-07 -0 -0.0017231975936149826 -0 -2.2670265383467397e-07 -0 0.002075153891037513 -0 2.469424837488654e-07 -0 -0.0024944341990244976 -0 -1.543536411784974e-07 -0 0.0030037090091687554 -0 -3.981101821480922e-08 -0 -0.0036351923629357906 -0 1.1389594833700561e-07 -0 0.004436279404929416 -0 1.4360674029219935e-07 -0 -0.0054792101140759292 -0 -1.8968490087023818e-07 -0 0.0068827823543270812 -0 1.6594686401680527e-07 -0 -0.0088420568835301423 -0 -4.1193562456710706e-08 -0 0.011709487840860561 -0 -2.2884355749161513e-07 -0 -0.016179737137218014 -0 -5.5464585348909286e-08 -0 0.023795659542345308 -0 -8.8686630669625801e-09 -0 -0.038726610664348307 -0 -4.7912446765653875e-09 -0 0.076721237120301142 -0 1.2442092445035229e-09 -0 -0.28250116447163048 -0 0.49999999860837691 0 -0.36422114612834683 0 1.1714426928488564e-09 0 0.17020243030218343 0 
0 -0 0 -0 0 -0 0 -0 0 -0 0 -0 0 -0 0 -0 0 -0 0 -0 0 -0 0 -0 0 -0 0 -0 0 -0 0 -0 0 -0 0 -0 0 -0 0 -0 0 -0 0 -0 0 -0 0 -0 0 -0 0 -0 0 -0 0 -0 0 -0 0 -0 0 -0 0 -0 0 -0 0 -0 0 -0 0 -0 0 -0 0 -0 0 -0 0 -0 0 -0 0 -0 0 -0 0 -0 0 -0 0 -0 0 -0 0 -0 0 -0 0 -0 0 -0 0 -0 -0.020509220329615951 -0 -2.9929671974619229e-07 -0 0.020598138887741445 -0 4.5319550716611085e-07 -0 -0.02077408123815801 -0 -3.809672770784141e-07 -0 0.021041690833829178 -0 5.518433056734431e-07 -0 -0.021406169938919278 -0 -4.2737130654625432e-07 -0 0.021876386807970796 -0 1.9059948417165097e-07 -0 -0.022464594104027881 -0 2.1080508050155908e-08 -0 0.023185379063572324 -0 2.416837827467328e-08 -0 -0.024059323397947266 -0 6.7004637425884927e-08 -0 0.025112717711518764 -0 -2.0062358848564957e-07 -0 -0.026380618511430039 -0 2.6173561470702283e-07 -0 0.02791018110863016 -0 -1.2764530638536111e-07 -0 -0.029766130804420095 -0 -7.4700120560782304e-08 -0 0.032039194101916808 -0 -2.3773430907246887e-10 -0 -0.034860957661619625 -0 1.0632032973858022e-08 -0 0.038426414542005322 -0 1.1993966290415811e-08 -0 -0.04304426222281317 -0 -4.2478695632948253e-08 -0 0.049231304045242785 -0 -1.6872685542029635e-08 -0 -0.057923989909223136 -0 4.6933575630504071e-09 -0 0.071065407362538358 -0 1.3662707519165873e-08 -0 -0.093481192387448314 -0 -2.1102574692018206e-09 -0 0.14213028570092234 -0 2.5699481423155368e-09 -0 -0.36422114612834683 -0 0.49999999617497226 0 -0.25442901635734572 0 4.7589255088714699e-09 0 
0 -0 0 -0 0 -0 0 -0 0 -0 0 -0 0 -0 0 -0 0 -0 0 -0 0 -0 0 -0 0 -0 0 -0 0 -0 0 -0 0 -0 0 -0 0 -0 0 -0 0 -0 0 -0 0 -0 0 -0 0 -0 0 -0 0 -0 0 -0 0 -0 0 -0 0 -0 0 -0 0 -0 0 -0 0 -0 0 -0 0 -0 0 -0 0 -0 0 -0 0 -0 0 -0 0 -0 0 -0 0 -0 0 -0 0 -0 0 -0 0 -0 0 -0 0 -0 0 -0 -3.3744003201906236e-07 -0 -8.3253660354108943e-05 -0 3.0062758380432208e-07 -0 0.00016877042356253514 -0 -2.3815105163783878e-07 -0 -0.00025819361447553782 -0 1.8929921524225846e-07 -0 0.00035360904121966576 -0 -9.0861649546317147e-08 -0 -0.00045716553196045815 -0 4.0032584695121054e-09 -0 0.00057154795663054143 -0 4.2514547457170315e-08 -0 -0.00070040765189919641 -0 -4.2083571719433999e-08 -0 0.00084797198345094361 -0 8.9728156873331022e-08 -0 -0.0010200959261830165 -0 -1.1363566876539111e-07 -0 0.0012245150216116281 -0 8.1117651599266205e-08 -0 -0.0014718424474774242 -0 2.7371610117343792e-09 -0 0.0017769796976799762 -0 -2.0235133889670576e-08 -0 -0.0021615243132356386 -0 -1.4762625530698181e-07 -0 0.0026577816646605615 -0 2.0062355952053801e-07 -0 -0.0033183395762396463 -0 -1.9442797216315255e-07 -0 0.0042264033645635166 -0 7.1515374965719358e-08 -0 -0.0055261459735418059 -0 2.3597656398366418e-07 -0 0.0074837678708029945 -0 5.674630105395595e-08 -0 -0.010654485330121588 -0 -1.5549620219906801e-08 -0 0.016311003129473693 -0 -3.8245193609287575e-09 -0 -0.028072167302316584 -0 -1.1786939480007419e-09 -0 0.060410300108543112 -0 1.1714426928488564e-09 -0 -0.25442901635734572 -0 0.49999999914047688 0 -0.42463144753466792 0 
0 -0 0 -0 0 -0 0 -0 0 -0 0 -0 0 -0 0 -0 0 -0 0 -0 0 -0 0 -0 0 -0 0 -0 0 -0 0 -0 0 -0 0 -0 0 -0 0 -0 0 -0 0 -0 0 -0 0 -0 0 -0 0 -0 0 -0 0 -0 0 -0 0 -0 0 -0 0 -0 0 -0 0 -0 0 -0 0 -0 0 -0 0 -0 0 -0 0 -0 0 -0 0 -0 0 -0 0 -0 0 -0 0 -0 0 -0 0 -0 0 -0 0 -0 0 -0 0 -0 0.020422016170311301 -0 3.363893954025732e-07 -0 -0.020509359741332684 -0 -5.2567075881494217e-07 -0 0.020682002933933952 -0 4.8437940833578569e-07 -0 -0.020944362258701586 -0 -6.833889099562464e-07 -0 0.021301279550069056 -0 5.7624926950496249e-07 -0 -0.021761145636479941 -0 -3.4468687501179937e-07 -0 0.022335569279523359 -0 1.3163017015182187e-07 -0 -0.023038135576605084 -0 -1.8014353052743759e-07 -0 0.023888088419456246 -0 7.7029844706891888e-08 -0 -0.024909730207789606 -0 8.047880702644289e-08 -0 0.02613518071956987 -0 -1.6020533842146947e-07 -0 -0.027607146134308182 -0 5.6806989655344177e-09 -0 0.029383460213568222 -0 2.427820420954855e-07 -0 -0.031543880006830519 -0 -9.82724747084705e-08 -0 0.03420229861225433 -0 -2.2585656595316842e-08 -0 -0.037520443608979305 -0 1.5048321571641313e-07 -0 0.041745358821680179 -0 -2.1728544361834193e-07 -0 -0.047268752257753302 -0 -1.3473699090888868e-07 -0 0.054754765200063733 -0 -5.8893263908742048e-09 -0 -0.065409115243797888 -0 6.9548811712982425e-09 -0 0.081719987322603327 -0 3.5526706097365607e-09 -0 -0.10979212588698674 -0 -3.1146517765097415e-09 -0 0.17020243030218343 -0 4.7589255088714699e-09 -0 -0.42463144753466792 -0 0.49999999394830863 0 
snapshot t=0.1
ni 0.50000000441238468 0.50000000061951322 0.50000000363167285 0.50000000108808773 0.50000000333663108 0.50000000114125842 0.50000000267953071 0.50000000108292952 0.50000000247962029 0.5000000010138651 0.50000000230152641 0.50000000068287476 0.50000000206322193 0.5000000004448959 0.50000000273666712 0.50000000104301157 0.50000000244486231 0.50000000089061336 0.50000000212449136 0.50000000064461902 0.50000000183269144 0.49999999995926053 0.50000000140732159 0.49999999932224154 0.50000000126938193 0.49999999962059394 0.500000002135503 0.49999999958379243 0.50000000190172966 0.4999999989578835 0.50000000215106288 0.49999999909858323 0.50000000210735152 0.49999999796594996 0.50000000275997369 0.49999999731584543 0.50000000296555935 0.49999999798249356 0.50000000273318324 0.49999999621574914 0.5000000024208987 0.49999999287437663 0.50000000349526685 0.49999999180167293 0.49999999963909786 0.49999998116032551 0.49999921741395259 0.49875212758854587 0.0013485903604273483 0.99990004909690222 0.99990005626248968 0.0013485696031301259 0.4987521539064359 0.49999922327132573 0.4999999994408007 0.50000000251426335 0.50000000282575963 0.50000000236623499 0.50000000186457627 0.50000000147290935 0.50000000129123423 0.50000000118020427 0.50000000138202971 0.50000000082573182 0.5000000009731812 0.50000000054019389 0.50000000159800251 0.50000000111163223 0.50000000120280064 0.50000000089391228 0.50000000085937157 0.50000000071038408 0.50000000047430804 0.50000000011628232 0.49999999983746563 0.49999999960527836 0.49999999961148811 0.49999999998697425 0.50000000022869628 0.49999999993003924 0.49999999981905507 0.49999999940844431 0.49999999981194565 0.49999999962196251 0.49999999948048479 0.49999999877678636 0.49999999951385093 0.49999999861569228 0.49999999943153095 0.49999999979896814 0.49999999887885521 0.4999999993476954 0.49999999825359021 0.49999999756785546 0.49999999917654619 0.49999999863544281 0.49999999861681088 0.4999999962180936 0.4999999991414375 0.49999999399745138
cc
0.50000000441238468 0 -0.42463144780181356 5.7542534105670118e-13 -3.8061477199147209e-09 -2.0277821088932058e-11 0.1702024312533981 -8.1443575841722016e-13 2.9979310872706773e-09 -1.2797658434691257e-10 -0.10979212697623844 2.1429353675660801e-12 -2.4847986039097208e-09 -2.1397043906598609e-09 0.081719996251057136 7.0863932297096022e-10 -6.9643576807986203e-09 3.9455466345285764e-09 -0.065409117095972899 7.6179507506126852e-10 4.6615240943787894e-09 -2.0962444307852478e-10 0.054754641867739338 -8.1226390008874127e-09 9.8430653184361302e-08 -1.8857457276519512e-08 -0.047268910021230841 -2.7555969766015945e-08 2.0885093068783917e-07 -1.498483462005132e-08 0.041745443817386763 -8.953063730367848e-09 -1.1287731924693368e-07 9.5317519329459711e-09 -0.037520437320590072 1.5234919284929404e-08 -1.159977622265582e-10 2.4977275035335264e-10 0.034202260481891809 -1.1402066984539309e-08 1.0320966630548869e-07 -1.549831414406317e-08 -0.03154401795848033 2.8036038873866163e-08 -1.9931749536893894e-07 1.6274449066128545e-08 0.029383559333426342 -1.3149402029836931e-09 -2.0941387421043365e-08 -9.5133870577467274e-09 -0.027607197534647025 -1.8826621582920493e-08 1.5369143918626429e-07 -7.1908519215302809e-09 0.026135196508198552 9.7926402380154953e-09 -7.4629384333016234e-08 3.8779348296609216e-09 -0.024909728229137253 -1.0196852693443151e-10 -7.5198946889631756e-08 7.008240358617161e-09 0.023888075716429414 8.090045114626394e-10 1.6792778660556059e-07 -6.595499163405648e-09 -0.023038133190605953 4.6989697324705778e-09 -1.5529936146910318e-07 8.9409969240557501e-09 0.022335509594050167 -2.5266701335217456e-08 3.599745550523312e-07 -5.098108908072695e-09 -0.021761101852644439 5.9903479132587253e-09 -5.6979675914586111e-07 2.371063991447166e-08 0.021301189156743616 2.5720737333315374e-09 6.6782258432490327e-07 -3.0901638035231407e-08 -0.020944214996761409 -1.9067180953521651e-08 -4.9387412668390457e-07 8.4480487772184794e-09 0.020681887243106385 5.1599037999070922e-09 5.2704706910619851e-07 -1.8946788649141318e-08 -0.020509214399493998 -1.5564152904580248e-08 -3.3740122746572359e-07 4.3189283362425899e-07 0.020396494364794782 2.5646875352169947e-08 2.2577887457021225e-09 -0.0010206774372490807 -6.3810748034024694e-06 6.3736010705576082e-08 0 0 0 0 0 0 0 0 0 0 0 0 0 0 0 0 0 0 0 0 0 0 0 0 0 0 0 0 0 0 0 0 0 0 0 0 0 0 0 0 0 0 0 0 0 0 0 0 0 0 0 0 0 0 0 0 0 0 0 0 0 0 0 0 0 0 0 0 0 0 0 0 0 0 0 0 0 0 0 0 0 0 0 0 0 0 0 0 0 0 0 0 0 0 0 0 0 0 0 0 
-0.42463144780181356 -5.7542534105670118e-13 0.50000000061951333 0 -0.25442901696817427 9.2514884642014295e-13 -8.1625181440336814e-10 9.4676766426715631e-12 0.060410301841452997 -5.1678662569979231e-13 4.9813831188224929e-10 1.306796055037846e-09 -0.028072171362185275 -2.3543411493333081e-10 4.2210211455927001e-09 2.8412411834927402e-10 0.01631099182503247 -1.9860443673801049e-09 1.3185685759410134e-08 -9.5229255402257731e-09 -0.010654416763774288 1.9424157049629082e-09 -4.0728935039574818e-08 1.3574546343658533e-08 0.0074840425850358442 2.0850565381208494e-08 -2.004329179516246e-07 2.2060384335426361e-08 -0.0055261351274502636 3.0010456203314697e-08 -9.9952554644490447e-08 5.9554983177618254e-09 0.0042263263899424567 -1.3772010089659753e-08 1.8993572966872665e-07 -1.5008348699274154e-08 -0.0033182875713446834 8.0566233934696011e-10 -1.8295324567620599e-07 1.620015508690233e-08 0.0026577990364607135 7.4413288009527508e-10 1.2235560387812835e-07 -5.4142135373407377e-09 -0.0021614431929401442 -2.0816854067094797e-08 1.8819283701755678e-08 -2.9700793946105229e-09 0.0017768633423643734 1.8688011114958129e-08 1.6176903085759246e-09 6.5795433379457972e-09 -0.0014717194757257327 -7.0652208984769074e-09 -8.1451713543483773e-08 -7.6157176173606379e-10 0.0012243955431900807 3.6082079840816479e-09 1.1244696052631685e-07 -1.7510093527042014e-09 -0.0010199816358953217 -4.6663689745784232e-09 -8.9285184957850136e-08 -9.9337390985101908e-10 0.00084786545937379546 3.7024403598602952e-09 4.8426541039316718e-08 2.1078065519012632e-09 -0.00070029984082268083 -3.3241871093531154e-09 -4.2845122353423309e-08 -4.0831100664851575e-09 0.00057146058735061886 1.0422205001898849e-08 -6.4967729967880037e-09 3.0717346839971992e-09 -0.00045708412190951288 -1.0621416220177165e-08 9.1653105410485577e-08 -7.3059802420272831e-09 0.00035354342500853135 9.9105210111511785e-09 -1.8681647534148067e-07 1.2536081657506777e-08 -0.00025815474262224334 -5.935285554593429e-09 2.3660892414158181e-07 -1.2387091207534139e-08 0.00016874812696466388 5.6098746199299474e-09 -2.9893823757941999e-07 1.4909256651976129e-08 -8.3252678292415069e-05 -3.4007148639596917e-09 3.355667325877283e-07 -1.1637111002851615e-08 -1.0478203308295898e-07 -1.638376450040273e-08 -9.5642965090190014e-11 1.0465205869561405e-09 0 0 0 0 0 0 0 0 0 0 0 0 0 0 0 0 0 0 0 0 0 0 0 0 0 0 0 0 0 0 0 0 0 0 0 0 0 0 0 0 0 0 0 0 0 0 0 0 0 0 0 0 0 0 0 0 0 0 0 0 0 0 0 0 0 0 0 0 0 0 0 0 0 0 0 0 0 0 0 0 0 0 0 0 0 0 0 0 0 0 0 0 0 0 0 0 0 0 0 0 
-3.8061477199147209e-09 2.0277821088932058e-11 -0.25442901696817427 -9.2514884642014295e-13 0.50000000363167285 7.1468404924581591e-21 -0.36422114620742352 -1.2783283546285995e-12 -3.3306620353975962e-09 2.6170269646014557e-11 0.14213028372495023 -3.6745432918423909e-12 2.7739908926802102e-09 -1.7634279911552726e-09 -0.093481185831487554 1.008395996071526e-09 -1.4204155458923138e-08 6.8953895573790077e-09 0.071065396410232157 1.9322661176987542e-09 -1.8808208677868221e-09 3.907204287264923e-09 -0.05792416003277559 -2.691726088217046e-09 1.8252556775754492e-08 -8.8890757196189179e-09 0.049231163497465778 -8.0730191521030149e-09 4.7790183633574658e-08 -1.4807969656733611e-09 -0.043044130300563907 -2.6663590038495902e-09 -2.059539669111109e-08 -3.0236358227835973e-09 0.038426280465625337 5.1096640628308621e-09 -9.0761500244357602e-09 5.2495268522792296e-09 -0.034860836267297281 -5.5240608598864833e-09 5.4640011979878837e-09 -6.16116049884644e-10 0.032039213429910576 -9.400292119496515e-09 3.6613255349234262e-08 9.0284974200204273e-10 -0.029766157973257962 -4.6862383442494193e-09 1.4021606427975808e-07 -4.5742695971114274e-09 0.027910207975563327 1.7117310679889755e-08 -2.5354407806185194e-07 1.7464459040283803e-08 -0.026380647226507018 -7.2808171628603966e-09 1.9242970307846571e-07 -1.3992302094948776e-08 0.025112758191429527 -2.5156270254702983e-09 -6.5903277649797398e-08 3.8060127538580558e-09 -0.024059377525509532 2.8049896297005892e-09 -1.541682592780526e-08 -3.642759746927174e-09 0.023185462649528067 -8.8666972781728017e-09 4.2279391992183353e-09 6.7211164035035869e-10 -0.022464639323198192 2.9532437597423799e-08 -2.0737428821538282e-07 -3.3830104384851719e-09 0.021876459546768763 -1.2093866741722578e-08 4.2266575676408923e-07 -1.5710311530393119e-08 -0.021406206773820588 5.0020424210513175e-09 -5.3793458994996044e-07 2.4104797444424682e-08 0.021041678542146731 1.0286454385569473e-08 3.9168087088305774e-07 -3.4492078372496954e-09 -0.020774104235232863 4.2199014019552836e-09 -4.553343678936394e-07 1.5541982460850915e-08 0.020598133972183907 5.6308196624675231e-09 3.0065425864298654e-07 -4.3204899801766606e-07 -0.020483729938113478 -1.5429077836370106e-08 -1.7976845906871004e-09 0.0010250428870905667 6.4083667985195484e-06 -6.401137068344543e-08 0 0 0 0 0 0 0 0 0 0 0 0 0 0 0 0 0 0 0 0 0 0 0 0 0 0 0 0 0 0 0 0 0 0 0 0 0 0 0 0 0 0 0 0 0 0 0 0 0 0 0 0 0 0 0 0 0 0 0 0 0 0 0 0 0 0 0 0 0 0 0 0 0 0 0 0 0 0 0 0 0 0 0 0 0 0 0 0 0 0 0 0 0 0 0 0 0 0 0 0 
0.1702024312533981 8.1443575841722016e-13 -8.1625181440336814e-10 -9.4676766426715631e-12 -0.36422114620742352 1.2783283546285995e-12 0.50000000108808751 -4.441840775401551e-18 -0.28250116373982459 1.9540341329867764e-12 -1.1269137839010236e-09 3.1571761998906795e-10 0.076721237322083261 -1.6773017017173725e-10 3.7782280634894363e-09 -1.3511895484889528e-09 -0.038726611658182836 -1.4253160605412431e-09 9.5708977310390614e-09 -7.8969509840457792e-09 0.023795714781183565 -2.8598415108282872e-09 3.2891492054532548e-08 -5.0637700067584074e-09 -0.016179626369225882 -1.5594151402109555e-08 1.865021273049385e-07 -2.05689900590217e-08 0.011709376383187101 -2.5182361968355335e-08 7.1950135385504619e-08 -3.0127701403539563e-09 -0.0088420155205202692 1.1922223261477068e-08 -1.5563423611368541e-07 1.4019137361238438e-08 0.0068828628519125752 -1.737396776789329e-09 1.6348904800048692e-07 -1.9236350068391611e-08 -0.0054794523909637034 5.8351168983688799e-09 -1.0529346238760998e-07 5.8148598330224077e-09 0.0044363710671222606 2.6395240207838343e-08 -1.0325269798765923e-07 4.722803178038658e-09 -0.0036352226620125273 -2.1851596988202472e-08 2.4952904995646593e-08 -8.3879697219457442e-09 0.0030037157082448882 5.2660737957192123e-10 1.5961930485034158e-07 -5.076173271090649e-09 -0.0024944289350237758 4.9642955560490971e-09 -2.4759829790080666e-07 1.1784445052399716e-08 0.0020751360537738417 -1.6650913275799768e-09 2.2752355175619452e-07 -7.9158751450363392e-09 -0.0017231704468639833 2.3637683000357386e-09 -1.6953880950063622e-07 6.9847575051660935e-09 0.0014221383180429102 -1.9241721206504629e-09 1.7869389760480481e-07 -4.0841601115992081e-09 -0.0011598097220256668 -1.3485279666322623e-08 -9.6951966348839656e-08 6.9159423900376439e-09 0.00092726789843433546 1.5116087113126573e-08 -5.9798608483451955e-08 9.5508517008998117e-10 -0.00071699452244287703 -1.4962222242522715e-08 2.4018183653431687e-07 -1.1020006183389949e-08 0.00052343318695275321 8.2197707305564223e-09 -3.3236882698594046e-07 1.0386430208046169e-08 -0.0003421072115742229 -8.838092998712989e-09 4.5300324187574561e-07 -1.5290252190037388e-08 0.00016876868795615113 5.6348874031163022e-09 -5.2473749336821939e-07 8.5878556058328864e-09 2.1166194563266589e-07 2.5428981790315492e-08 1.4526351309628225e-10 -2.1163124599142945e-09 0 0 0 0 0 0 0 0 0 0 0 0 0 0 0 0 0 0 0 0 0 0 0 0 0 0 0 0 0 0 0 0 0 0 0 0 0 0 0 0 0 0 0 0 0 0 0 0 0 0 0 0 0 0 0 0 0 0 0 0 0 0 0 0 0 0 0 0 0 0 0 0 0 0 0 0 0 0 0 0 0 0 0 0 0 0 0 0 0 0 0 0 0 0 0 0 0 0 0 0 
2.9979310872706773e-09 1.2797658434691257e-10 0.060410301841452997 5.1678662569979231e-13 -3.3306620353975962e-09 -2.6170269646014557e-11 -0.28250116373982459 -1.9540341329867764e-12 0.50000000333663119 -9.3249857163225924e-18 -0.34791020369290088 7.6152397833431097e-13 -3.3016813778107768e-09 1.2481458201246437e-10 0.13147578117486827 3.0396634561422781e-10 -8.8450924087327712e-11 3.0018722974770491e-09 -0.085996476652728915 1.7127714308872749e-09 -1.8411311843666334e-08 6.8583871286254911e-09 0.065540884505826763 1.2192848490007038e-08 -1.5972554670752697e-07 2.3342305842342634e-08 -0.053698592302487538 4.8065746764846777e-08 -3.5765727342901737e-07 3.5437875732329201e-08 0.045911743391492565 1.5285586576201894e-08 2.058889352880781e-07 -1.9957141063034888e-08 -0.040387048537543255 -2.7615737220447921e-08 -2.0171168041135324e-08 2.4062237072756858e-09 0.036266595489328118 2.3899846749525498e-08 -9.8191428659683447e-08 1.0113258858515214e-08 -0.033085232666691902 -1.7074271879222067e-08 1.3020797693000315e-07 -1.2307234499013863e-08 0.030567644608517144 1.0710719012503671e-08 -2.0947525566457359e-07 1.1199005495007057e-08 -0.028540418337750069 -1.1509066493814149e-08 2.8727178935867952e-07 -1.8288921394733418e-08 0.026887783127589122 3.2541867769459177e-09 -2.7490690770138528e-07 1.6778115392544764e-08 -0.025529619523340846 4.3383802629300888e-09 2.1216968855362508e-07 -1.0359217264926315e-08 0.024408961559455305 -4.9151716981565567e-09 -1.7169415932524559e-07 1.1194550523363166e-08 -0.023484356255059988 1.0774253345660175e-08 1.9752546350916482e-07 -9.0181765901365926e-09 0.022725132894982888 -3.0601028112365346e-08 -1.5834929037627116e-08 1.1334764053164223e-08 -0.022107946312870174 1.6313124670777483e-08 -1.9303303164750977e-07 6.8775487993237572e-09 0.021615945656490203 -1.1792372369617627e-08 3.2730018239299322e-07 -1.6039538363877117e-08 -0.021235548141057502 -1.3139284697260099e-09 -2.2290965359938049e-07 -2.4713914910900138e-09 0.020956963560632157 -1.4192311208660726e-08 3.3470203271927387e-07 -1.1384274235686685e-08 -0.020774079242879176 5.367468260180703e-09 -2.3824888541376436e-07 4.3363444969200166e-07 0.020656160557679069 3.8783478405982661e-09 1.3079794909899841e-09 -0.0010336716762724301 -6.4623124453908058e-06 6.4553074027922454e-08 0 0 0 0 0 0 0 0 0 0 0 0 0 0 0 0 0 0 0 0 0 0 0 0 0 0 0 0 0 0 0 0 0 0 0 0 0 0 0 0 0 0 0 0 0 0 0 0 0 0 0 0 0 0 0 0 0 0 0 0 0 0 0 0 0 0 0 0 0 0 0 0 0 0 0 0 0 0 0 0 0 0 0 0 0 0 0 0 0 0 0 0 0 0 0 0 0 0 0 0 
-0.10979212697623844 -2.1429353675660801e-12 4.9813831188224929e-10 -1.306796055037846e-09 0.14213028372495023 3.6745432918423909e-12 -1.1269137839010236e-09 -3.1571761998906795e-10 -0.34791020369290088 -7.6152397833431097e-13 0.50000000114125887 6.0986339115085122e-18 -0.29315565610148103 -1.9924136140135489e-11 -1.3859155399468095e-09 -3.7738689201860367e-10 0.084205972317954597 -4.036192044389062e-10 5.9065027918757446e-09 -2.6840685474874825e-09 -0.044251299154931013 -3.5179874714692881e-09 4.4583267425311878e-08 -1.1210409802536355e-08 0.028020993689150831 -3.0243126616495529e-08 3.0951574544190154e-07 -3.7844929943068603e-08 -0.019497068089537578 -4.7907113841254865e-08 1.1745478622541223e-07 -1.3762251565816684e-08 0.014368272070354772 2.2978232214666323e-08 -2.4751120473349135e-07 2.2277644008794732e-08 -0.011003486346381947 -1.4050149378025053e-09 2.1499406924170004e-07 -1.3539872960382195e-08 0.0086593743574753437 -2.0799811852792209e-08 -1.743534986402585e-07 1.6209535655005832e-08 -0.0069518337372481811 -5.7906178669750235e-09 3.2043022469315235e-07 -1.8769388281000698e-08 0.0056611887131837214 -1.3913012329830948e-09 -1.3770995139637284e-07 1.7599865176247531e-08 -0.0046561527445494822 2.7905473226476906e-08 -1.7639787326102168e-07 5.0597524685094549e-09 0.0038532126988356447 -3.283985398586948e-08 3.5896723948783818e-07 -1.8119341614989579e-08 -0.0031970069716697014 2.5609368841894292e-08 -3.8840861013714412e-07 1.5881765787794908e-08 0.0026493774220450492 -2.4237493875816625e-08 3.5906032901232419e-07 -1.748848603439329e-08 -0.0021831693851195998 2.1251795965900374e-08 -4.233197265267039e-07 1.5725418592823343e-08 0.0017783999523126972 4.1246849787660605e-09 3.4504498923162149e-07 -2.1995098597520081e-08 -0.0014206052908740483 -9.1046129406868175e-09 -1.4708619203855337e-07 1.1836256140678597e-08 0.0010977857657279517 1.1595910050207025e-08 -9.528555003232461e-08 2.0971343881212616e-09 -0.00080109275051699414 -4.1503966817910662e-09 2.1268341993702603e-07 -2.1066616076335428e-10 0.00052344404226501373 7.8964282447695303e-09 -3.8163652460138049e-07 7.1190034222111e-09 -0.00025819142840551582 -5.8186877755088898e-09 4.8432560115244007e-07 3.3708067487055046e-09 -3.2298572432945024e-07 -2.2963651611838431e-08 -1.226236354361933e-10 3.231488571902496e-09 0 0 0 0 0 0 0 0 0 0 0 0 0 0 0 0 0 0 0 0 0 0 0 0 0 0 0 0 0 0 0 0 0 0 0 0 0 0 0 0 0 0 0 0 0 0 0 0 0 0 0 0 0 0 0 0 0 0 0 0 0 0 0 0 0 0 0 0 0 0 0 0 0 0 0 0 0 0 0 0 0 0 0 0 0 0 0 0 0 0 0 0 0 0 0 0 0 0 0 0 
-2.4847986039097208e-09 2.1397043906598609e-09 -0.028072171362185275 2.3543411493333081e-10 2.7739908926802102e-09 1.7634279911552726e-09 0.076721237322083261 1.6773017017173725e-10 -3.3016813778107768e-09 -1.2481458201246437e-10 -0.29315565610148103 1.9924136140135489e-11 0.50000000267953049 -8.4703310881301373e-21 -0.34042546969312687 1.1130286118181583e-11 -3.1978318919311047e-09 3.5733797498273737e-10 0.12595111331411818 5.0957922574947813e-10 -1.7422501217861389e-09 2.6522237662026204e-09 -0.081771054852736016 8.2667463222671932e-09 -1.0561735208298388e-07 1.6573332047545388e-08 0.062222743471861928 3.5491847199279045e-08 -2.1768156604462687e-07 2.8379341277535982e-08 -0.051041324855957894 1.1157698294200234e-08 1.2007364874778214e-07 -9.4787569538449567e-09 0.043750269835107207 -2.05718236176177e-08 -9.8338981660386925e-10 -2.362991178127892e-09 -0.038610158036838045 2.0484776088419304e-08 -4.4923017863658437e-08 -3.3585968752921521e-09 0.034795003350414612 1.7620572201718493e-09 7.4744927149757938e-08 -3.6601461195451707e-09 -0.031859741862428639 1.2341986242803603e-08 -1.9513862544393653e-07 1.4774642855174024e-08 0.029545934560939676 -1.1651837452100787e-08 1.7699425672692575e-07 -1.6048850250728862e-08 -0.027690298096826736 4.7082421396555855e-09 -9.527906256294068e-08 1.2534519502860705e-08 0.026184744919525788 6.2102075837465303e-10 2.3642877544091706e-08 -1.0184067067436156e-08 -0.024955049954968379 -6.7360972811362134e-09 4.5255770086445765e-08 4.4023225349810038e-09 0.023948726836476218 6.6163040546487414e-09 -1.4533287241007595e-07 -1.7025115650291424e-09 -0.023127837304791857 7.758770278036179e-09 5.2296950127599716e-08 -3.6833611056417762e-09 0.022464198797387681 4.5387652876607067e-09 9.097137392575888e-08 -9.4642077590285263e-09 -0.021937441909791043 -7.1924295552611429e-09 -2.0039327993319244e-07 1.6296022695808459e-08 0.021531720705481414 1.8388010338991137e-08 1.0880967338840592e-07 2.1997759994402072e-09 -0.021235585859897911 -2.3698881664234541e-09 -2.4446438626022116e-07 1.1135677353157385e-08 0.021041689546185471 1.0192637784006705e-08 1.8929551221653381e-07 -4.3905567251898983e-07 -0.020918193106561338 -1.8801126633085605e-08 -2.1313848798019762e-09 0.0010467843338709873 6.5442905354802434e-06 -6.5366683841137115e-08 0 0 0 0 0 0 0 0 0 0 0 0 0 0 0 0 0 0 0 0 0 0 0 0 0 0 0 0 0 0 0 0 0 0 0 0 0 0 0 0 0 0 0 0 0 0 0 0 0 0 0 0 0 0 0 0 0 0 0 0 0 0 0 0 0 0 0 0 0 0 0 0 0 0 0 0 0 0 0 0 0 0 0 0 0 0 0 0 0 0 0 0 0 0 0 0 0 0 0 0 
0.081719996251057136 -7.0863932297096022e-10 4.2210211455927001e-09 -2.8412411834927402e-10 -0.093481185831487554 -1.008395996071526e-09 3.7782280634894363e-09 1.3511895484889528e-09 0.13147578117486827 -3.0396634561422781e-10 -1.3859155399468095e-09 3.7738689201860367e-10 -0.34042546969312687 -1.1130286118181583e-11 0.50000000108292986 -1.7184654064731998e-17 -0.29868032339451028 -4.2981066222674822e-11 -1.0022080795042443e-09 -3.411863037255034e-10 0.08843135576305218 -8.7663536218966164e-10 1.3625400932297202e-08 -2.965379714959969e-09 -0.047569295935127889 -1.1163849849695742e-08 9.2449796150664991e-08 -1.4778410057825331e-08 0.030678980309350252 -1.7924068388133807e-08 3.2678135026015356e-08 -6.5474152883600938e-09 -0.021658123349234115 8.4505169747457166e-09 -6.8821299115238995e-08 6.4090944702153173e-09 0.016145492268822264 -1.406310280281992e-09 6.2729116846549718e-08 -6.680313326773057e-09 -0.012475722583610519 1.8264640636823142e-09 -3.9077972132084311e-08 7.4433103644828387e-09 0.009884570666706961 1.8223704076858701e-08 -1.7497533155295708e-07 -9.2825966355796768e-10 -0.0079723365588066711 -1.8217486045512867e-08 1.1452904336866212e-07 -8.7620691516684174e-09 0.0065100572672946071 -5.6109615687046976e-09 1.2593524109436743e-07 -6.6460721520533347e-09 -0.005358170064998973 1.100584223925833e-08 -2.7962656495280836e-07 1.5332785426303937e-08 0.0044272107276488674 -5.0075617832539404e-09 2.9732503379552187e-07 -8.7709946492352934e-09 -0.0036571803323768998 7.4432135809194094e-09 -2.7007548561993227e-07 8.9411406062432439e-09 0.0030063151258001605 -8.1676026796353161e-09 3.8023548371624597e-07 -5.9100487491895312e-09 -0.0024444555541952902 -2.0805687770110448e-08 -3.1038866475957689e-07 1.4001081752630315e-08 0.0019499943486090269 2.3676582818394224e-08 8.322872168423928e-08 -7.5871357881317985e-10 -0.0015054109083546356 -2.4045581022307405e-08 2.089008904427488e-07 -1.7547421913303465e-08 0.0010978276866816039 1.1496835312002021e-08 -3.4050247105095155e-07 1.4583940072020701e-08 -0.00071703656305464403 -1.4451538049222005e-08 5.5143653628823928e-07 -2.3726831659724323e-08 0.00035360674386715246 9.7139337559432411e-09 -6.8196335813242191e-07 9.2256338482376926e-09 4.4303864105880947e-07 3.2385773571228994e-08 1.7375583512423956e-10 -4.4300827060334145e-09 0 0 0 0 0 0 0 0 0 0 0 0 0 0 0 0 0 0 0 0 0 0 0 0 0 0 0 0 0 0 0 0 0 0 0 0 0 0 0 0 0 0 0 0 0 0 0 0 0 0 0 0 0 0 0 0 0 0 0 0 0 0 0 0 0 0 0 0 0 0 0 0 0 0 0 0 0 0 0 0 0 0 0 0 0 0 0 0 0 0 0 0 0 0 0 0 0 0 0 0 
-6.9643576807986203e-09 -3.9455466345285764e-09 0.01631099182503247 1.9860443673801049e-09 -1.4204155458923138e-08 -6.8953895573790077e-09 -0.038726611658182836 1.4253160605412431e-09 -8.8450924087327712e-11 -3.0018722974770491e-09 0.084205972317954597 4.036192044389062e-10 -3.1978318919311047e-09 -3.5733797498273737e-10 -0.29868032339451028 4.2981066222674822e-11 0.50000000247962029 -2.2232920837497173e-17 -0.33620008318048106 8.8332009879614102e-12 -2.5668071596142418e-09 1.0914517970671176e-10 0.12263310983183097 1.4557172048571309e-09 -1.2212361770021228e-08 2.9799796305896186e-09 -0.079113264172946104 6.7035182882746705e-09 -2.7759594090308891e-08 5.2211495216978588e-09 0.060061552097838589 1.9922228481088844e-09 1.5801483650199413e-08 -2.1215389217707189e-09 -0.049264410656379203 -2.9844813731072069e-09 -1.1322401048399757e-09 7.4673252243657872e-09 0.042277532597943548 -7.9271501776508441e-10 -4.0391706352758677e-08 7.4705810211536304e-09 -0.037384929991991694 -2.8083869107890004e-08 8.4428802027525372e-08 -8.0792080534163519e-09 0.033773019749115875 -7.8353746511137472e-09 2.0949074602870143e-07 -4.0187170085022696e-09 -0.031010233048070782 2.2257184033090921e-08 -2.8286009863909463e-07 1.3579198344220375e-08 0.028844105047644862 -9.9331211052898772e-09 1.3851000014623205e-07 -6.1173120830068884e-09 -0.027117015734354401 -9.3821069443119929e-10 4.0974545230849478e-08 -3.2972771135530536e-09 0.025725500189060668 7.2022212829849411e-09 -1.8956704363361272e-07 1.0392396034268056e-08 -0.024599012161120461 -8.4614556565184505e-09 3.3046491474891931e-07 -1.4442730160211005e-08 0.023688040847628922 -2.9549861690607795e-09 -3.1015262588743774e-07 1.8910311032369862e-08 -0.022956862127812235 -3.0018711595775641e-09 2.15555876423226e-07 -8.0901041169452979e-09 0.022379739894812196 5.3418446759014139e-10 -1.0313733945612455e-07 -4.7842941202952225e-11 -0.021937407243459474 -7.2813109425647215e-09 1.4216031259688839e-07 -1.3984356245243837e-08 0.021615940754978774 -1.0546526112181415e-08 5.8137869557930612e-08 -2.7688934624418451e-09 -0.02140616782921918 4.84425068911863e-09 -9.1010578262316308e-08 4.4247501032957272e-07 0.021274663993279219 2.5772329433493247e-09 1.4631650651512407e-09 -0.0010646228964220244 -6.6558141095919398e-06 6.6484557938845731e-08 0 0 0 0 0 0 0 0 0 0 0 0 0 0 0 0 0 0 0 0 0 0 0 0 0 0 0 0 0 0 0 0 0 0 0 0 0 0 0 0 0 0 0 0 0 0 0 0 0 0 0 0 0 0 0 0 0 0 0 0 0 0 0 0 0 0 0 0 0 0 0 0 0 0 0 0 0 0 0 0 0 0 0 0 0 0 0 0 0 0 0 0 0 0 0 0 0 0 0 0 
-0.065409117095972899 -7.6179507506126852e-10 1.3185685759410134e-08 9.5229255402257731e-09 0.071065396410232157 -1.9322661176987542e-09 9.5708977310390614e-09 7.8969509840457792e-09 -0.085996476652728915 -1.7127714308872749e-09 5.9065027918757446e-09 2.6840685474874825e-09 0.12595111331411818 -5.0957922574947813e-10 -1.0022080795042443e-09 3.411863037255034e-10 -0.33620008318048106 -8.8332009879614102e-12 0.50000000101386466 2.8396743574343773e-17 -0.30199832921576764 -6.9357783631908008e-11 -2.2559538803416233e-11 -2.0564078301730702e-10 0.091089173674454238 -8.6668880794382267e-10 2.6798010115870808e-09 -9.2090383337091888e-10 -0.049730472352176508 -1.3115076885308118e-09 -7.1663142063458024e-10 1.0261228025410242e-09 0.032455851394144655 6.7833208895742949e-10 -8.9995326607676866e-10 -4.1744319353399403e-09 -0.023130326573361115 5.3010184653644323e-10 1.8239177609286273e-10 -1.4072572689675328e-08 0.017371598773867403 7.7918587411549362e-09 3.555177851612313e-08 -8.0219449959461562e-10 -0.013497020556842784 9.4904028154259691e-09 5.2569861023076538e-08 4.6042142338579234e-09 0.010734093373692299 1.0187278976341874e-09 -1.3518437088817105e-07 8.3752473102769465e-09 -0.0086743964946158821 7.6531883483069933e-09 3.4176309428267862e-08 -3.1245321396431946e-11 0.0070834441081890553 -8.9557348301325775e-09 8.4715071136496759e-08 -7.6895920338862813e-09 -0.005817458323779964 3.2880485844573557e-09 -1.3463684809263046e-07 3.0521398241996334e-09 0.0047833453587409662 -8.3692153589763212e-09 1.7196402116934713e-07 -7.2300293646811335e-09 -0.0039180984211062784 1.1918729051456939e-08 -3.8966620986220339e-07 7.9508373080146181e-09 0.0031772871816166202 2.1031234829999469e-08 3.9376537010005825e-07 -2.1729489894097118e-08 -0.0025294997051551948 -2.3545884360671278e-08 -2.0018431941223374e-07 8.9940547619682656e-09 0.0019499911320921424 2.4320936963165796e-08 -9.040873901261312e-08 1.1004736181496284e-08 -0.0014206550339211311 -9.4702980821144598e-09 1.9762437695561549e-07 -4.9867392204976793e-09 0.0009273180339249374 1.4780488819965401e-08 -4.2697610148758003e-07 1.5315702466453507e-08 -0.0004571630560790126 -1.0528707788395145e-08 5.7493608910293773e-07 4.0379552469326473e-09 -5.719868366848473e-07 -2.6517955281674704e-08 -1.2870425593541573e-10 5.7215113840283646e-09 0 0 0 0 0 0 0 0 0 0 0 0 0 0 0 0 0 0 0 0 0 0 0 0 0 0 0 0 0 0 0 0 0 0 0 0 0 0 0 0 0 0 0 0 0 0 0 0 0 0 0 0 0 0 0 0 0 0 0 0 0 0 0 0 0 0 0 0 0 0 0 0 0 0 0 0 0 0 0 0 0 0 0 0 0 0 0 0 0 0 0 0 0 0 0 0 0 0 0 0 
4.6615240943787894e-09 2.0962444307852478e-10 -0.010654416763774288 -1.9424157049629082e-09 -1.8808208677868221e-09 -3.907204287264923e-09 0.023795714781183565 2.8598415108282872e-09 -1.8411311843666334e-08 -6.8583871286254911e-09 -0.044251299154931013 3.5179874714692881e-09 -1.7422501217861389e-09 -2.6522237662026204e-09 0.08843135576305218 8.7663536218966164e-10 -2.5668071596142418e-09 -1.0914517970671176e-10 -0.30199832921576764 6.9357783631908008e-11 0.5000000023015273 2.5697920803469804e-17 -0.33354226664460307 1.8734269877809079e-11 -1.9475977314861878e-09 3.2610681025023897e-11 0.12047193538105803 6.5559056634644918e-11 3.1765823715792849e-09 -7.550470399260503e-10 -0.077336329170814247 -3.9128734110808447e-11 -2.2804826131786063e-09 7.9856759696966076e-10 0.058589282080474904 -1.0158501353409087e-09 5.9860096967788615e-09 1.0703352593579847e-08 -0.048039156302635673 8.3515355285737864e-10 3.3862358391599555e-08 5.9410956572097715e-09 0.041255632126471452 1.817500693830007e-08 -1.5131350086972503e-07 -8.3898835414543777e-10 -0.036534258291673234 9.2279706609240116e-09 -2.2674539896903841e-07 6.8484445888088921e-09 0.033070515585597073 -2.8170568582781924e-08 4.1919757204211461e-07 -2.3910274046949767e-08 -0.030437014210037305 8.4851828639861376e-09 -2.7812941642853759e-07 1.3749265115008474e-08 0.028385458603635959 8.535786283093746e-09 3.8304707908301865e-08 2.6466521889947644e-09 -0.026761727998927693 -1.4786416746338952e-08 1.6566213167438359e-07 -1.1012384566623193e-08 0.025465368361331231 1.8240870670841693e-08 -3.4133386907596515e-07 1.7726203396225947e-08 -0.024428420014840534 -1.1615615572280628e-08 4.23731204744364e-07 -2.281407023947344e-08 0.023603498838335978 9.9348011043925313e-09 -4.1692837046678374e-07 1.7556412755136878e-08 -0.022956845544153268 -1.4301965245533725e-09 3.3472128112242332e-07 -1.038583055372485e-08 0.022464148018900683 2.8324061480468129e-09 -3.4359501077608688e-07 2.1184744739947629e-08 -0.022107914628541229 1.6875313842306243e-08 1.0124467441592903e-07 -2.7691822214790135e-09 0.021876384046248417 -1.3748378533793724e-08 4.3217744204795095e-09 -4.4950936666650072e-07 -0.021733955266984 7.8233479468349944e-09 -1.077425083834699e-09 0.0010876068177096425 6.7995056254366483e-06 -6.7922089499236266e-08 0 0 0 0 0 0 0 0 0 0 0 0 0 0 0 0 0 0 0 0 0 0 0 0 0 0 0 0 0 0 0 0 0 0 0 0 0 0 0 0 0 0 0 0 0 0 0 0 0 0 0 0 0 0 0 0 0 0 0 0 0 0 0 0 0 0 0 0 0 0 0 0 0 0 0 0 0 0 0 0 0 0 0 0 0 0 0 0 0 0 0 0 0 0 0 0 0 0 0 0 
0.054754641867739338 8.1226390008874127e-09 -4.0728935039574818e-08 -1.3574546343658533e-08 -0.05792416003277559 2.691726088217046e-09 3.2891492054532548e-08 5.0637700067584074e-09 0.065540884505826763 -1.2192848490007038e-08 4.4583267425311878e-08 1.1210409802536355e-08 -0.081771054852736016 -8.2667463222671932e-09 1.3625400932297202e-08 2.965379714959969e-09 0.12263310983183097 -1.4557172048571309e-09 -2.2559538803416233e-11 2.0564078301730702e-10 -0.33354226664460307 -1.8734269877809079e-11 0.50000000068287487 -4.9995509252393013e-17 -0.30415950402697012 -8.1082758474380115e-12 -4.1925894613115151e-10 1.513160450600557e-10 0.092866095423145403 4.8310950748754486e-12 9.7197873119776716e-10 5.6442359520566149e-11 -0.051202773519436591 4.048330394796052e-10 -1.4421430289969916e-09 -4.3010298322648543e-09 0.033681379752336191 1.3623246795264483e-09 -2.8601808257004856e-08 -7.7253296811102841e-09 -0.024151650714737783 -1.9756277462371255e-08 -5.9445981806501626e-08 6.2877495944301192e-09 0.018220711612963597 -3.6416020828221642e-08 2.3572887085690092e-07 -1.0039727560166305e-08 -0.014200475002387719 1.1341441135873039e-08 6.6520875798408743e-08 -1.025968611350391e-08 0.011308786461826167 5.8334071072112091e-09 -2.5876995403419792e-07 1.9097608948364939e-08 -0.0091340611275912333 -8.0998985645051543e-09 2.6150919649296837e-07 -1.5695633542003839e-08 0.0074391600315386677 8.226655374803947e-09 -1.9502864152684842e-07 1.5693795585057574e-08 -0.0060775947387332512 3.4795750233275981e-09 7.3622552864972774e-08 -4.678963268595322e-09 0.0049537414441782786 -1.3775768497014875e-08 2.8048330435106011e-07 -3.28524587350427e-09 -0.0040021281246971196 -1.8591932109043184e-08 -4.089192491946116e-07 2.5477177462995704e-08 0.0031772402188614498 1.8968713274783137e-08 3.0873371114490436e-07 -1.6591885487514578e-08 -0.0024444122470854046 -1.9945774112490409e-08 -7.2903316372995401e-08 -2.4510656908676144e-09 0.0017784282994177706 3.3740789304356425e-09 3.1591874679514694e-08 -8.5792911581874598e-09 -0.0011598473897732043 -1.2265093169130686e-08 1.9009863512947948e-07 -1.9165445789597416e-09 0.00057154529122823957 9.9071275353244155e-09 -3.4354607671120765e-07 -2.3263319288399343e-08 7.1418652623056545e-07 1.4371629973953873e-08 4.3534100505148116e-11 -7.1461628321231444e-09 0 0 0 0 0 0 0 0 0 0 0 0 0 0 0 0 0 0 0 0 0 0 0 0 0 0 0 0 0 0 0 0 0 0 0 0 0 0 0 0 0 0 0 0 0 0 0 0 0 0 0 0 0 0 0 0 0 0 0 0 0 0 0 0 0 0 0 0 0 0 0 0 0 0 0 0 0 0 0 0 0 0 0 0 0 0 0 0 0 0 0 0 0 0 0 0 0 0 0 0 
9.8430653184361302e-08 1.8857457276519512e-08 0.0074840425850358442 -2.0850565381208494e-08 1.8252556775754492e-08 8.8890757196189179e-09 -0.016179626369225882 1.5594151402109555e-08 -1.5972554670752697e-07 -2.3342305842342634e-08 0.028020993689150831 3.0243126616495529e-08 -1.0561735208298388e-07 -1.6573332047545388e-08 -0.047569295935127889 1.1163849849695742e-08 -1.2212361770021228e-08 -2.9799796305896186e-09 0.091089173674454238 8.6668880794382267e-10 -1.9475977314861878e-09 -3.2610681025023897e-11 -0.30415950402697012 8.1082758474380115e-12 0.50000000206322226 4.774555291233646e-17 -0.33176534354458775 2.3966938709768114e-11 -2.5102758905687978e-09 6.0656531557702405e-11 0.11899963397807933 4.0274462647046949e-12 2.3169274761151468e-09 8.6940101670483453e-10 -0.076110832456057945 -1.2167296631951397e-09 3.3262992855101628e-09 4.666612430434588e-09 0.057567703439499324 5.9395574388656569e-09 6.853337406093636e-08 -1.2841867710811554e-09 -0.047189138957350017 2.9888778681568528e-08 1.5438236582874446e-07 -1.3012928067117982e-08 0.040554091594215996 6.1016984934816601e-09 -5.809644272146936e-08 1.7826812750642207e-08 -0.035960329964221063 5.2329970015476552e-09 -2.4148207937241544e-07 1.5083187202072766e-08 0.032610543837109561 9.5737091200110228e-09 2.9007399897636281e-07 -1.9209057513541612e-08 -0.030080733211953172 -2.2099427327858348e-08 -1.7454473078235767e-07 8.6108563611765169e-09 0.028124849693408775 2.1734624677895994e-08 4.2013447999969094e-08 -6.525915059821473e-09 -0.026590959187387558 -2.4643236185441744e-08 9.8335614799285823e-08 -2.2176419790064049e-10 0.025380763648658135 2.3159795336034488e-08 -2.8323104246055103e-07 6.0681171765540869e-09 -0.024428426538306545 -1.190201151773299e-08 3.9754594006534399e-07 -9.8978874647472539e-09 0.023688048750122093 -3.6472228653735572e-09 -3.896556577085468e-07 7.1485349484818637e-09 -0.023127825166238229 8.4570237037988007e-09 4.1087904662844971e-07 -1.7515750835244617e-08 0.02272513515915103 -2.9884205347716574e-08 -1.7605034224419392e-07 1.2361715796141739e-09 -0.022464590986484935 2.9727843077206417e-08 4.1841711747751582e-08 4.625583766787146e-07 0.022307661315173439 -2.557870638167873e-08 2.7893490817416521e-10 -0.0011163163097786498 -6.9789924414237659e-06 6.9720000236891178e-08 0 0 0 0 0 0 0 0 0 0 0 0 0 0 0 0 0 0 0 0 0 0 0 0 0 0 0 0 0 0 0 0 0 0 0 0 0 0 0 0 0 0 0 0 0 0 0 0 0 0 0 0 0 0 0 0 0 0 0 0 0 0 0 0 0 0 0 0 0 0 0 0 0 0 0 0 0 0 0 0 0 0 0 0 0 0 0 0 0 0 0 0 0 0 0 0 0 0 0 0 
-0.047268910021230841 2.7555969766015945e-08 -2.004329179516246e-07 -2.2060384335426361e-08 0.049231163497465778 8.0730191521030149e-09 1.865021273049385e-07 2.05689900590217e-08 -0.053698592302487538 -4.8065746764846777e-08 3.0951574544190154e-07 3.7844929943068603e-08 0.062222743471861928 -3.5491847199279045e-08 9.2449796150664991e-08 1.4778410057825331e-08 -0.079113264172946104 -6.7035182882746705e-09 2.6798010115870808e-09 9.2090383337091888e-10 0.12047193538105803 -6.5559056634644918e-11 -4.1925894613115151e-10 -1.513160450600557e-10 -0.33176534354458775 -2.3966938709768114e-11 0.50000000044489601 1.3885888883861556e-16 -0.30563180227316589 3.2826628091141626e-11 -9.5850566447427198e-10 -5.7209116925594926e-11 0.094091593319237415 1.8846399295807953e-10 7.4737630575646157e-10 -1.1454505904708953e-09 -0.052224286358782263 -8.0351431711892048e-11 -1.4342624798711038e-08 -2.494858682571612e-09 0.034531057309576695 -1.0778509514015451e-08 -1.4676921540688016e-07 1.0894866153959656e-08 -0.024854517377589164 4.4287742151348214e-12 -4.2843273678764085e-07 2.0660641148856641e-08 0.018794336515693389 1.1402416321267161e-08 1.8616296496288156e-07 -1.9932458769695256e-08 -0.014659915682139866 -3.3152454245592369e-08 2.5882929605956392e-07 -9.0123190520816677e-09 0.011664717696273511 2.1513434109916529e-08 -4.5481160229942172e-07 1.969292811985587e-08 -0.0093944351702467919 -2.8097606084159198e-09 4.551349300554082e-07 -2.244870006844835e-08 0.0076097743387384094 -2.1608511066726832e-08 -3.2488575625567441e-07 1.2930652808417384e-08 -0.0061621777310543772 4.214946035644817e-08 -9.7521958804522426e-08 -3.8108495264458147e-09 0.0049537818510937805 -1.3924150736039334e-08 3.289041726450962e-07 -2.1552266340480873e-08 -0.0039180817483805844 1.4301871462022831e-08 -3.3383981678373846e-07 1.4377102151974092e-08 0.0030062935987208443 -9.0778379109848344e-09 1.7422549779278776e-07 4.984882891456209e-09 -0.0021832210821133178 2.1979991598687062e-08 -2.1964609946977762e-07 1.0252640113196621e-08 0.0014221918131817485 -3.2799323656207841e-09 1.9500195558774455e-08 1.1506854923169667e-09 -0.00070040481202577698 -2.7574768640652982e-09 1.3292745263772193e-07 3.0182414031474929e-08 -8.7512189582917538e-07 -3.1850142070715791e-09 3.6880681027288222e-11 8.7558984785141704e-09 0 0 0 0 0 0 0 0 0 0 0 0 0 0 0 0 0 0 0 0 0 0 0 0 0 0 0 0 0 0 0 0 0 0 0 0 0 0 0 0 0 0 0 0 0 0 0 0 0 0 0 0 0 0 0 0 0 0 0 0 0 0 0 0 0 0 0 0 0 0 0 0 0 0 0 0 0 0 0 0 0 0 0 0 0 0 0 0 0 0 0 0 0 0 0 0 0 0 0 0 
2.0885093068783917e-07 1.498483462005132e-08 -0.0055261351274502636 -3.0010456203314697e-08 4.7790183633574658e-08 1.4807969656733611e-09 0.011709376383187101 2.5182361968355335e-08 -3.5765727342901737e-07 -3.5437875732329201e-08 -0.019497068089537578 4.7907113841254865e-08 -2.1768156604462687e-07 -2.8379341277535982e-08 0.030678980309350252 1.7924068388133807e-08 -2.7759594090308891e-08 -5.2211495216978588e-09 -0.049730472352176508 1.3115076885308118e-09 3.1765823715792849e-09 7.550470399260503e-10 0.092866095423145403 -4.8310950748754486e-12 -2.5102758905687978e-09 -6.0656531557702405e-11 -0.30563180227316589 -3.2826628091141626e-11 0.500000002736668 -6.1575907598887712e-17 -0.33053984361251804 -9.2123015352175638e-14 -2.6988490682323765e-09 4.8535946768830149e-11 0.11797810776227118 -1.987411805908133e-10 4.2487894231815658e-09 1.0578770218942068e-09 -0.075261069457093391 1.9385662846207147e-09 2.3956233603328513e-08 -7.4279857462285064e-10 0.056865376586057642 -3.4014846285438961e-09 3.3348961498516055e-07 -2.2043987476210649e-08 -0.046615228644100025 -3.2925864311118956e-08 4.4594408146661803e-07 -2.9315337342589311e-08 0.040094350687128737 -4.9787543315108173e-09 -3.18561397618335e-07 1.4013215005891047e-08 -0.03560403059916125 2.5217795411247048e-08 -2.6191690072301155e-08 3.9965010587769115e-09 0.032350051046941247 -2.2013670406762739e-08 2.3541626849311205e-07 -6.2127171781990089e-09 -0.0299103328470714 1.7889031310313262e-08 -3.420456540791559e-07 1.6059275295086059e-08 0.028040641808211291 1.789457293177486e-09 3.4999765092092692e-07 -1.2957008037945105e-08 -0.026590986636666057 -2.517313166050873e-08 -9.6592151267302092e-08 8.6157742297517825e-09 0.025465370884120729 1.9095532727508139e-08 -1.517373284470471e-07 4.7348025821222321e-09 -0.024599014564894772 -9.068325774048565e-09 2.5370147788527766e-07 -6.2297484334561953e-09 0.023948709989622532 7.3132578483243415e-09 -3.2773945946601618e-07 1.4870291840603651e-08 -0.023484335796887083 8.3669882864178988e-09 1.5485318706266253e-07 -6.4851820115324528e-10 0.023185375861643976 -7.1687303112426563e-09 -4.178780597646443e-08 -4.7793834887268279e-07 -0.023009350274729092 3.1033968039094513e-09 -1.4421117477323892e-09 0.0011514303687796684 7.1985197390542215e-06 -7.1905882739516571e-08 0 0 0 0 0 0 0 0 0 0 0 0 0 0 0 0 0 0 0 0 0 0 0 0 0 0 0 0 0 0 0 0 0 0 0 0 0 0 0 0 0 0 0 0 0 0 0 0 0 0 0 0 0 0 0 0 0 0 0 0 0 0 0 0 0 0 0 0 0 0 0 0 0 0 0 0 0 0 0 0 0 0 0 0 0 0 0 0 0 0 0 0 0 0 0 0 0 0 0 0 
0.041745443817386763 8.953063730367848e-09 -9.9952554644490447e-08 -5.9554983177618254e-09 -0.043044130300563907 2.6663590038495902e-09 7.1950135385504619e-08 3.0127701403539563e-09 0.045911743391492565 -1.5285586576201894e-08 1.1745478622541223e-07 1.3762251565816684e-08 -0.051041324855957894 -1.1157698294200234e-08 3.2678135026015356e-08 6.5474152883600938e-09 0.060061552097838589 -1.9922228481088844e-09 -7.1663142063458024e-10 -1.0261228025410242e-09 -0.077336329170814247 3.9128734110808447e-11 9.7197873119776716e-10 -5.6442359520566149e-11 0.11899963397807933 -4.0274462647046949e-12 -9.5850566447427198e-10 5.7209116925594926e-11 -0.33053984361251804 9.2123015352175638e-14 0.50000000104301245 1.1384083106428394e-17 -0.30665332714403321 2.5103140267269681e-11 -1.4830818391780304e-09 -1.2190126536773711e-10 0.09494134488238952 -1.9337908699762791e-10 2.0139451813571851e-09 -6.8666784720893938e-10 -0.05292675764297354 1.2705018506353883e-09 -8.4119776942323859e-08 5.1803588076006774e-09 0.035104892242860619 2.1885781666482502e-08 -3.8421957674351486e-07 3.2033643370648101e-08 -0.025313797334395861 4.5589932374864329e-08 -3.2542054474804473e-07 3.4148519778711004e-08 0.01915054127210691 3.0726727321878446e-09 2.4336826909052141e-07 -1.3911911093464256e-08 -0.014920822421236117 -2.49588827887963e-08 3.630688872115493e-08 -6.7596583237690987e-09 0.01183557195514069 2.1812999102113731e-08 -2.3114352405236582e-07 1.3838386788747014e-08 -0.0094788573334908654 -6.0310738043147907e-09 3.0276647383689705e-07 -1.2745306251523017e-08 0.0076097409090093117 -1.8044962704818377e-08 -4.1507303376596635e-08 7.9383839604472585e-09 -0.0060775889694021602 5.3653194952005886e-10 -1.4356130939352132e-07 1.5493332000173647e-08 0.0047832787277318767 -8.2630346353904977e-09 1.7524234535372224e-07 -9.2777172344666255e-09 -0.0036571093392177467 6.1484489041672779e-09 -5.1889831110566141e-08 -1.0377934877810029e-08 0.0026493931230395298 -2.3204599094541119e-08 1.6353450833425951e-07 -8.99298143796477e-09 -0.0017231967826057569 2.7241734883706338e-09 2.5295270486528514e-08 -3.5920641488705574e-09 0.0008479692021919875 3.6379653713140557e-09 -1.8090747213409028e-07 -3.4589180186797927e-08 1.0595941696051457e-06 4.8564917880266287e-09 -3.8399029469717108e-11 -1.0601303430076526e-08 0 0 0 0 0 0 0 0 0 0 0 0 0 0 0 0 0 0 0 0 0 0 0 0 0 0 0 0 0 0 0 0 0 0 0 0 0 0 0 0 0 0 0 0 0 0 0 0 0 0 0 0 0 0 0 0 0 0 0 0 0 0 0 0 0 0 0 0 0 0 0 0 0 0 0 0 0 0 0 0 0 0 0 0 0 0 0 0 0 0 0 0 0 0 0 0 0 0 0 0 
-1.1287731924693368e-07 -9.5317519329459711e-09 0.0042263263899424567 1.3772010089659753e-08 -2.059539669111109e-08 3.0236358227835973e-09 -0.0088420155205202692 -1.1922223261477068e-08 2.058889352880781e-07 1.9957141063034888e-08 0.014368272070354772 -2.2978232214666323e-08 1.2007364874778214e-07 9.4787569538449567e-09 -0.021658123349234115 -8.4505169747457166e-09 1.5801483650199413e-08 2.1215389217707189e-09 0.032455851394144655 -6.7833208895742949e-10 -2.2804826131786063e-09 -7.9856759696966076e-10 -0.051202773519436591 -4.048330394796052e-10 2.3169274761151468e-09 -8.6940101670483453e-10 0.094091593319237415 -1.8846399295807953e-10 -2.6988490682323765e-09 -4.8535946768830149e-11 -0.30665332714403321 -2.5103140267269681e-11 0.50000000244486287 -2.2632720376484299e-17 -0.32969009194235099 4.6341812621670023e-12 -2.8613535567661457e-09 1.07596047732441e-10 0.1172756586291082 -1.3743500205443825e-10 1.0430532576136596e-08 -2.5344979156129874e-12 -0.074687213487641735 -5.9378002347299018e-09 9.9230721963329318e-08 -9.3370272074366564e-09 0.056405749556328773 -3.0639869334361455e-08 3.2883730867029783e-07 -3.497262863483639e-08 -0.046259537386509432 -4.6657986983409244e-08 2.7106715305629651e-07 -2.5581785948193038e-08 0.039833734354335078 7.64171820913252e-09 -2.4926773785056831e-07 1.85009383929111e-08 -0.035433114017458578 2.0508541781377562e-08 8.9079023346199204e-09 -6.4405933360147282e-09 0.032265511811480435 -3.4168559886225117e-08 2.5312554749417404e-07 -1.5016333426626336e-08 -0.029910298724537307 1.5910975382769138e-08 -4.4247882586334707e-07 1.7684673457497511e-08 0.028124872574936444 2.2450824700476836e-08 1.8141671302052065e-07 -1.715948600000326e-08 -0.026761720010041245 -1.4575189863793526e-08 1.4192472546538256e-07 -5.3280775924744801e-09 0.0257255189485006 6.6464233981771832e-09 -3.0156051330779787e-07 1.0158510032468574e-08 -0.024955074564653956 -5.6075555028169754e-09 3.745207207745064e-07 -1.4922127425531774e-08 0.024408977576935088 -4.5190570329935246e-09 -2.2549686490215884e-07 2.2050302070491987e-09 -0.024059319500922664 3.1892416636940062e-09 8.951531180164259e-08 4.9549497672525634e-07 0.02385824104396397 2.1345202499213956e-10 1.7132395464241078e-09 -0.0011939107670665039 -7.464100240027362e-06 7.4557209057685936e-08 0 0 0 0 0 0 0 0 0 0 0 0 0 0 0 0 0 0 0 0 0 0 0 0 0 0 0 0 0 0 0 0 0 0 0 0 0 0 0 0 0 0 0 0 0 0 0 0 0 0 0 0 0 0 0 0 0 0 0 0 0 0 0 0 0 0 0 0 0 0 0 0 0 0 0 0 0 0 0 0 0 0 0 0 0 0 0 0 0 0 0 0 0 0 0 0 0 0 0 0 
-0.037520437320590072 -1.5234919284929404e-08 1.8993572966872665e-07 1.5008348699274154e-08 0.038426280465625337 -5.1096640628308621e-09 -1.5563423611368541e-07 -1.4019137361238438e-08 -0.040387048537543255 2.7615737220447921e-08 -2.4751120473349135e-07 -2.2277644008794732e-08 0.043750269835107207 2.05718236176177e-08 -6.8821299115238995e-08 -6.4090944702153173e-09 -0.049264410656379203 2.9844813731072069e-09 -8.9995326607676866e-10 4.1744319353399403e-09 0.058589282080474904 1.0158501353409087e-09 -1.4421430289969916e-09 4.3010298322648543e-09 -0.076110832456057945 1.2167296631951397e-09 7.4737630575646157e-10 1.1454505904708953e-09 0.11797810776227118 1.987411805908133e-10 -1.4830818391780304e-09 1.2190126536773711e-10 -0.32969009194235099 -4.6341812621670023e-12 0.50000000089061325 8.4562475497949006e-18 -0.30735577729929914 -1.4634275537077306e-11 -1.1231674893188103e-09 -7.7963569061940364e-11 0.095515195020207833 7.1288484462805916e-10 -9.4379050969993885e-09 8.0831000355957911e-10 -0.053386286284368423 7.7237894886498819e-09 -8.2303147290195734e-08 1.0250280250387795e-08 0.035461068940624105 3.1423631850190986e-08 -2.7898035666903712e-07 2.6111070163059961e-08 -0.025574017102493834 3.5265070254891359e-08 -1.9554176160022994e-07 1.1864751569668598e-08 0.019321290207851755 -1.2752122204200633e-08 2.1493319319899416e-07 -9.1733530236318045e-09 -0.015005429400580554 -9.4131194039483561e-09 -2.0214467701589236e-08 6.2234315333535824e-09 0.011835580557823244 2.1215393725161309e-08 -2.1565244944632886e-07 4.9091862498394824e-09 -0.0093944344640676681 -5.1622526235095612e-09 1.8357269323054053e-07 -8.5771398039617579e-09 0.0074391677893647602 9.6533036852306204e-09 -6.1993138071341882e-08 -7.9527777339335912e-09 -0.0058174024221718662 4.6769433209653339e-09 -3.0744912574874115e-08 3.6899996922553298e-09 0.0044271400703789696 -4.8477435658184428e-09 -7.2753089606475903e-09 1.4626890540317037e-08 -0.0031970197934262819 2.530882432876694e-08 -2.1246123944661695e-07 9.6407394277444035e-09 0.0020751537849982315 -2.7385726762345418e-09 6.5972433226275679e-08 3.8734303382681619e-09 -0.0010200932001937558 -4.243145072817406e-09 7.7797404611943295e-08 4.2298964916835214e-08 -1.2746401794567096e-06 1.154504804051517e-09 8.9931435218309896e-11 1.2752544016020214e-08 0 0 0 0 0 0 0 0 0 0 0 0 0 0 0 0 0 0 0 0 0 0 0 0 0 0 0 0 0 0 0 0 0 0 0 0 0 0 0 0 0 0 0 0 0 0 0 0 0 0 0 0 0 0 0 0 0 0 0 0 0 0 0 0 0 0 0 0 0 0 0 0 0 0 0 0 0 0 0 0 0 0 0 0 0 0 0 0 0 0 0 0 0 0 0 0 0 0 0 0 
-1.159977622265582e-10 -2.4977275035335264e-10 -0.0033182875713446834 -8.0566233934696011e-10 -9.0761500244357602e-09 -5.2495268522792296e-09 0.0068828628519125752 1.737396776789329e-09 -2.0171168041135324e-08 -2.4062237072756858e-09 -0.011003486346381947 1.4050149378025053e-09 -9.8338981660386925e-10 2.362991178127892e-09 0.016145492268822264 1.406310280281992e-09 -1.1322401048399757e-09 -7.4673252243657872e-09 -0.023130326573361115 -5.3010184653644323e-10 5.9860096967788615e-09 -1.0703352593579847e-08 0.033681379752336191 -1.3623246795264483e-09 3.3262992855101628e-09 -4.666612430434588e-09 -0.052224286358782263 8.0351431711892048e-11 4.2487894231815658e-09 -1.0578770218942068e-09 0.09494134488238952 1.9337908699762791e-10 -2.8613535567661457e-09 -1.07596047732441e-10 -0.30735577729929914 1.4634275537077306e-11 0.50000000212449225 -2.2564958903926692e-17 -0.32911624133992728 -3.397617468307975e-11 -1.7251409553275775e-09 -2.167036336973523e-11 0.11681612307756495 -7.3139254230797498e-10 7.3246496861351363e-09 -9.4575644989471641e-10 -0.074331195542787221 -7.5399716799791778e-09 6.8406185269901113e-08 -6.2232855219664054e-09 0.056145062288239025 -2.5054391814495258e-08 2.2031057519427221e-07 -1.3319098542572837e-08 -0.046089082651035701 -2.6237986705912178e-08 1.7560408116033393e-07 -1.0549100612220748e-08 0.039749274101381911 8.4940833032412095e-09 -2.0394179316183105e-07 8.2635450082289806e-09 -0.035433108076992917 2.0344027166487957e-08 -5.720200232461813e-08 9.488373716663653e-09 0.032350000234034358 -1.9015353643493655e-08 4.2990830622409211e-07 -1.4630220851563394e-08 -0.030080746972149415 -2.2570841828655062e-08 -2.4028345037129615e-07 1.8486463327129653e-08 0.02838542330711721 7.5951555773691982e-09 -9.1112566393995579e-08 1.21184102535607e-08 -0.027117032176332982 -3.8258118018005408e-10 2.7973148410441763e-07 -1.9069019381608205e-08 0.0261847958452038 -7.1654269689673983e-10 -3.4403363091395191e-07 1.7454253367009913e-08 -0.025529655738959801 3.9607631417307263e-09 2.4584624459194683e-07 -5.9153615647190857e-09 0.025112712706431731 -2.7098204263384016e-09 -1.1344048114720768e-07 -5.1577890872443428e-07 -0.0248786058594236 2.9300381042629418e-10 -1.7706004061766517e-09 0.0012449721649972394 7.7833279321328205e-06 -7.7745942569859893e-08 0 0 0 0 0 0 0 0 0 0 0 0 0 0 0 0 0 0 0 0 0 0 0 0 0 0 0 0 0 0 0 0 0 0 0 0 0 0 0 0 0 0 0 0 0 0 0 0 0 0 0 0 0 0 0 0 0 0 0 0 0 0 0 0 0 0 0 0 0 0 0 0 0 0 0 0 0 0 0 0 0 0 0 0 0 0 0 0 0 0 0 0 0 0 0 0 0 0 0 0 
0.034202260481891809 1.1402066984539309e-08 -1.8295324567620599e-07 -1.620015508690233e-08 -0.034860836267297281 5.5240608598864833e-09 1.6348904800048692e-07 1.9236350068391611e-08 0.036266595489328118 -2.3899846749525498e-08 2.1499406924170004e-07 1.3539872960382195e-08 -0.038610158036838045 -2.0484776088419304e-08 6.2729116846549718e-08 6.680313326773057e-09 0.042277532597943548 7.9271501776508441e-10 1.8239177609286273e-10 1.4072572689675328e-08 -0.048039156302635673 -8.3515355285737864e-10 -2.8601808257004856e-08 7.7253296811102841e-09 0.057567703439499324 -5.9395574388656569e-09 -1.4342624798711038e-08 2.494858682571612e-09 -0.075261069457093391 -1.9385662846207147e-09 2.0139451813571851e-09 6.8666784720893938e-10 0.1172756586291082 1.3743500205443825e-10 -1.1231674893188103e-09 7.7963569061940364e-11 -0.32911624133992728 3.397617468307975e-11 0.50000000064461914 -1.2563208555543544e-16 -0.30781531401734435 1.1676450129322048e-12 -1.0376762185772243e-10 3.6348420252147167e-11 0.095871231806705884 6.7119723814200265e-10 -5.7980428015929154e-09 5.28569828007756e-11 -0.053646803110716533 5.5078785017222014e-09 -5.1708984910977421e-08 8.1387052934114515e-10 0.035631883194500204 1.9638852242613374e-08 -1.964766132863087e-07 8.4715114879342798e-09 -0.025658373436155412 2.573969582356215e-08 -1.8193707922340435e-07 1.0744585135189752e-08 0.01932127935571076 -1.2288709339686369e-08 2.5344271083515342e-07 -1.6806326976124861e-08 -0.014920822570802832 -2.4747691686605379e-08 2.8293129521237995e-08 -6.3830881655937897e-09 0.011664751318957854 2.2950751940744111e-08 -3.0661434448279152e-07 1.7840319976738095e-08 -0.0091340792447230593 -8.416954356801934e-09 3.0051726686023801e-07 -9.2187157249990277e-09 0.0070834108738058099 -1.1190306881586486e-08 -1.4378402066721257e-07 4.7589975963248389e-09 -0.0053581114369623808 1.1460561798531455e-08 7.0231963424151578e-08 -1.5205293293714008e-08 0.0038532248291804584 -3.2753596381918335e-08 2.8080619108136078e-07 -1.7627588335701314e-08 -0.0024944343113283882 6.4353037552776318e-09 -1.9934338773620365e-07 5.3545822857501412e-09 0.0012245121148965507 2.9727117608883603e-09 7.9285751965714012e-08 -6.1804142725240556e-08 1.5295165253056028e-06 -1.0028432146336182e-08 -1.6195656504832121e-10 -1.5304067146920873e-08 0 0 0 0 0 0 0 0 0 0 0 0 0 0 0 0 0 0 0 0 0 0 0 0 0 0 0 0 0 0 0 0 0 0 0 0 0 0 0 0 0 0 0 0 0 0 0 0 0 0 0 0 0 0 0 0 0 0 0 0 0 0 0 0 0 0 0 0 0 0 0 0 0 0 0 0 0 0 0 0 0 0 0 0 0 0 0 0 0 0 0 0 0 0 0 0 0 0 0 0 
1.0320966630548869e-07 1.549831414406317e-08 0.0026577990364607135 -7.4413288009527508e-10 5.4640011979878837e-09 6.16116049884644e-10 -0.0054794523909637034 -5.8351168983688799e-09 -9.8191428659683447e-08 -1.0113258858515214e-08 0.0086593743574753437 2.0799811852792209e-08 -4.4923017863658437e-08 3.3585968752921521e-09 -0.012475722583610519 -1.8264640636823142e-09 -4.0391706352758677e-08 -7.4705810211536304e-09 0.017371598773867403 -7.7918587411549362e-09 3.3862358391599555e-08 -5.9410956572097715e-09 -0.024151650714737783 1.9756277462371255e-08 6.853337406093636e-08 1.2841867710811554e-09 0.034531057309576695 1.0778509514015451e-08 2.3956233603328513e-08 7.4279857462285064e-10 -0.05292675764297354 -1.2705018506353883e-09 1.0430532576136596e-08 2.5344979156129874e-12 0.095515195020207833 -7.1288484462805916e-10 -1.7251409553275775e-09 2.167036336973523e-11 -0.30781531401734435 -1.1676450129322048e-12 0.50000000183269178 -5.1853663792194371e-17 -0.32876020495056058 -3.6492692839730414e-11 -1.244272591258698e-09 5.598823460789036e-11 0.116555581068556 -3.4363222346815773e-10 4.3434018178118359e-09 1.0110523341935257e-09 -0.074160516099736382 -3.9900151538383087e-09 4.4925579212026881e-08 1.357095180810016e-09 0.056060538703490016 -1.8730337354726348e-08 1.9873013773186124e-07 -7.6570800966755589e-09 -0.046089092180868416 -2.563167616234255e-08 1.881012312530257e-07 -1.1477009049635155e-08 0.039833746794159824 7.0521412770227188e-09 -2.2631316110768168e-07 9.4339541199170803e-09 -0.035603992000602783 2.1740801629029671e-08 -2.3016528607910703e-07 6.4349149586043852e-09 0.032610545785241404 9.3152978714325979e-09 2.4153836470155761e-07 -2.4496055131544846e-08 -0.030436940780019239 1.0289247908708635e-08 -4.0231042876494551e-08 -6.0428131496345796e-09 0.028844105940940508 -1.0262110798235424e-08 -1.1185026761552619e-07 1.3028526685523034e-08 -0.02769036792448985 5.9929123275058097e-09 1.5380040258473921e-07 -5.2040643105643699e-09 0.026887834282561789 3.9324337098034958e-09 -1.5376850331541215e-07 -2.1168714462818078e-10 -0.026380613075127898 -7.7063383512373108e-09 8.1129317214932145e-08 5.4567027773528748e-07 0.026102525602207334 1.0051008231379839e-08 2.308355300344212e-09 -0.0013062199906869842 -8.1662398407301038e-06 8.1568171989225881e-08 0 0 0 0 0 0 0 0 0 0 0 0 0 0 0 0 0 0 0 0 0 0 0 0 0 0 0 0 0 0 0 0 0 0 0 0 0 0 0 0 0 0 0 0 0 0 0 0 0 0 0 0 0 0 0 0 0 0 0 0 0 0 0 0 0 0 0 0 0 0 0 0 0 0 0 0 0 0 0 0 0 0 0 0 0 0 0 0 0 0 0 0 0 0 0 0 0 0 0 0 
-0.03154401795848033 -2.8036038873866163e-08 1.2235560387812835e-07 5.4142135373407377e-09 0.032039213429910576 9.400292119496515e-09 -1.0529346238760998e-07 -5.8148598330224077e-09 -0.033085232666691902 1.7074271879222067e-08 -1.743534986402585e-07 -1.6209535655005832e-08 0.034795003350414612 -1.7620572201718493e-09 -3.9077972132084311e-08 -7.4433103644828387e-09 -0.037384929991991694 2.8083869107890004e-08 3.555177851612313e-08 8.0219449959461562e-10 0.041255632126471452 -1.817500693830007e-08 -5.9445981806501626e-08 -6.2877495944301192e-09 -0.047189138957350017 -2.9888778681568528e-08 -1.4676921540688016e-07 -1.0894866153959656e-08 0.056865376586057642 3.4014846285438961e-09 -8.4119776942323859e-08 -5.1803588076006774e-09 -0.074687213487641735 5.9378002347299018e-09 -9.4379050969993885e-09 -8.0831000355957911e-10 0.11681612307756495 7.3139254230797498e-10 -1.0376762185772243e-10 -3.6348420252147167e-11 -0.32876020495056058 3.6492692839730414e-11 0.49999999995926098 -1.634482420625181e-17 -0.30807585436461027 -1.1685140812493452e-11 4.3366143849207263e-10 -1.3217433524742166e-10 0.096041931389871424 1.5298312264494378e-10 -2.9118730900746308e-09 -1.3245296354969828e-09 -0.053731265005234626 3.8630565318294147e-09 -4.7116018493442983e-08 -1.77280004238864e-09 0.035631891406886905 1.8842075651151375e-08 -2.0804391288090792e-07 9.9693520609841565e-09 -0.025573989411830651 3.3760458805209458e-08 -2.7519475380526263e-07 2.5344746080541291e-08 0.019150505064610239 4.6239302142373672e-09 2.9815805717670352e-07 -7.1555214292037945e-09 -0.014659960255766978 -3.3693037883246198e-08 2.597550113221639e-07 -1.3276798535691167e-08 0.011308794400471268 5.2567862887009974e-09 -4.367511678016703e-07 2.3723613201558246e-08 -0.0086744001557458091 1.0290112330841607e-08 2.8394643061129703e-07 -1.2850519403916174e-08 0.0065100333138450976 -6.5107712226766232e-09 -1.4723950578379446e-07 1.6517156220975634e-08 -0.0046561749132473101 2.7782563121656266e-08 -2.9243463545862415e-07 2.169409396114592e-08 0.003003709721577443 -1.2369182152310654e-09 2.6080407240428169e-07 -8.6267870072329037e-09 -0.0014718395828039307 -6.2458775092929035e-09 -1.5939664457016439e-07 7.5958180047659436e-08 -1.8383653360973676e-06 1.5257373571731118e-08 2.1467494976090719e-10 1.8394466509025415e-08 0 0 0 0 0 0 0 0 0 0 0 0 0 0 0 0 0 0 0 0 0 0 0 0 0 0 0 0 0 0 0 0 0 0 0 0 0 0 0 0 0 0 0 0 0 0 0 0 0 0 0 0 0 0 0 0 0 0 0 0 0 0 0 0 0 0 0 0 0 0 0 0 0 0 0 0 0 0 0 0 0 0 0 0 0 0 0 0 0 0 0 0 0 0 0 0 0 0 0 0 
-1.9931749536893894e-07 -1.6274449066128545e-08 -0.0021614431929401442 2.0816854067094797e-08 3.6613255349234262e-08 -9.0284974200204273e-10 0.0044363710671222606 -2.6395240207838343e-08 1.3020797693000315e-07 1.2307234499013863e-08 -0.0069518337372481811 5.7906178669750235e-09 7.4744927149757938e-08 3.6601461195451707e-09 0.009884570666706961 -1.8223704076858701e-08 8.4428802027525372e-08 8.0792080534163519e-09 -0.013497020556842784 -9.4904028154259691e-09 -1.5131350086972503e-07 8.3898835414543777e-10 0.018220711612963597 3.6416020828221642e-08 1.5438236582874446e-07 1.3012928067117982e-08 -0.024854517377589164 -4.4287742151348214e-12 3.3348961498516055e-07 2.2043987476210649e-08 0.035104892242860619 -2.1885781666482502e-08 9.9230721963329318e-08 9.3370272074366564e-09 -0.053386286284368423 -7.7237894886498819e-09 7.3246496861351363e-09 9.4575644989471641e-10 0.095871231806705884 -6.7119723814200265e-10 -1.244272591258698e-09 -5.598823460789036e-11 -0.30807585436461027 1.1685140812493452e-11 0.50000000140732181 -1.0251131706286567e-16 -0.32858950647609386 6.7239003881174405e-12 -1.5602930452758627e-09 1.5098244719362535e-10 0.11647111222892406 -1.9298766257679219e-10 5.0551281828270563e-09 1.3103857890494062e-09 -0.074160516558814227 -3.7361185659467635e-09 4.4552354289743615e-08 1.1829414483067345e-09 0.056145037500580919 -2.3209259476608306e-08 2.7064513896288153e-07 -2.0667196270479814e-08 -0.046259565768565852 -4.5283498044193073e-08 3.2799866149954206e-07 -3.3211589676947174e-08 0.040094372479709255 -2.5930151249828847e-09 -2.1785516241459141e-07 1.8186974045881347e-08 -0.035960337980471616 7.7698754636516667e-09 -5.9530203386022997e-08 1.8901849789268219e-08 0.033070424149181932 -3.1788719821729486e-08 1.6265083837856842e-07 -3.0904155315809704e-09 -0.031010219734765684 2.2618548578729756e-08 -1.5251207848905295e-07 1.7610663337048216e-09 0.029546016121983779 -1.2728338967121151e-08 1.748581078007902e-07 -1.7827581078870472e-08 -0.02854047196275715 -1.2964445673401436e-08 -4.011479588047035e-08 1.3206387141142602e-08 0.027910175409731234 1.8995185315139404e-08 2.6658722971346558e-09 -5.8465866866963352e-07 -0.027572652571891138 -2.0723280804008613e-08 -2.8061745568207732e-09 0.0013797887214688481 8.6261805625796891e-06 -8.61604502151757e-08 0 0 0 0 0 0 0 0 0 0 0 0 0 0 0 0 0 0 0 0 0 0 0 0 0 0 0 0 0 0 0 0 0 0 0 0 0 0 0 0 0 0 0 0 0 0 0 0 0 0 0 0 0 0 0 0 0 0 0 0 0 0 0 0 0 0 0 0 0 0 0 0 0 0 0 0 0 0 0 0 0 0 0 0 0 0 0 0 0 0 0 0 0 0 0 0 0 0 0 0 
0.029383559333426342 1.3149402029836931e-09 1.8819283701755678e-08 2.9700793946105229e-09 -0.029766157973257962 4.6862383442494193e-09 -1.0325269798765923e-07 -4.722803178038658e-09 0.030567644608517144 -1.0710719012503671e-08 3.2043022469315235e-07 1.8769388281000698e-08 -0.031859741862428639 -1.2341986242803603e-08 -1.7497533155295708e-07 9.2825966355796768e-10 0.033773019749115875 7.8353746511137472e-09 5.2569861023076538e-08 -4.6042142338579234e-09 -0.036534258291673234 -9.2279706609240116e-09 2.3572887085690092e-07 1.0039727560166305e-08 0.040554091594215996 -6.1016984934816601e-09 -4.2843273678764085e-07 -2.0660641148856641e-08 -0.046615228644100025 3.2925864311118956e-08 -3.8421957674351486e-07 -3.2033643370648101e-08 0.056405749556328773 3.0639869334361455e-08 -8.2303147290195734e-08 -1.0250280250387795e-08 -0.074331195542787221 7.5399716799791778e-09 -5.7980428015929154e-09 -5.28569828007756e-11 0.116555581068556 3.4363222346815773e-10 4.3366143849207263e-10 1.3217433524742166e-10 -0.32858950647609386 -6.7239003881174405e-12 0.49999999932224132 -7.1124509547996345e-17 -0.30816032311093827 -1.3272348741277423e-11 6.2457759637318192e-10 -1.0285958171734895e-10 0.096041930628365538 1.2254843735291103e-10 -2.2180251829614841e-09 -1.4412919901343094e-09 -0.053646795806690434 4.7564641424841687e-09 -6.2862201553543931e-08 2.8446085483980127e-09 0.035461097499137825 2.9563395843864579e-08 -3.214750417005638e-07 2.7981990622043932e-08 -0.025313754948045247 4.3366923659095294e-08 -4.319804931624403e-07 2.4981087942850137e-08 0.018794349088980346 9.7467437833083544e-09 6.7486388082636486e-08 -2.2708328538782616e-08 -0.014200418991918777 1.1655158472083101e-08 2.1964608406671175e-07 -1.4327253969736957e-08 0.010734124239120211 4.0523616168806764e-10 -2.009524882985827e-07 6.4196122629005999e-09 -0.0079723555506178764 -1.9043396219511617e-08 1.6764070459723001e-07 -1.3507977273751851e-08 0.0056612179687570291 8.6568030885610122e-10 1.97877251892779e-07 -1.7167222278915531e-08 -0.0036351948164464491 -2.1226807877072676e-08 -1.2782446019271023e-07 -4.7136946516335108e-09 0.0017769775325864746 1.8388526409379654e-08 6.4891902209731666e-09 -7.1577708371810784e-08 2.2204976372789334e-06 -9.1014782347296778e-09 -2.009321767181978e-10 -2.2214837867814294e-08 0 0 0 0 0 0 0 0 0 0 0 0 0 0 0 0 0 0 0 0 0 0 0 0 0 0 0 0 0 0 0 0 0 0 0 0 0 0 0 0 0 0 0 0 0 0 0 0 0 0 0 0 0 0 0 0 0 0 0 0 0 0 0 0 0 0 0 0 0 0 0 0 0 0 0 0 0 0 0 0 0 0 0 0 0 0 0 0 0 0 0 0 0 0 0 0 0 0 0 0 
-2.0941387421043365e-08 9.5133870577467274e-09 0.0017768633423643734 -1.8688011114958129e-08 1.4021606427975808e-07 4.5742695971114274e-09 -0.0036352226620125273 2.1851596988202472e-08 -2.0947525566457359e-07 -1.1199005495007057e-08 0.0056611887131837214 1.3913012329830948e-09 -1.9513862544393653e-07 -1.4774642855174024e-08 -0.0079723365588066711 1.8217486045512867e-08 2.0949074602870143e-07 4.0187170085022696e-09 0.010734093373692299 -1.0187278976341874e-09 -2.2674539896903841e-07 -6.8484445888088921e-09 -0.014200475002387719 -1.1341441135873039e-08 -5.809644272146936e-08 -1.7826812750642207e-08 0.018794336515693389 -1.1402416321267161e-08 4.4594408146661803e-07 2.9315337342589311e-08 -0.025313797334395861 -4.5589932374864329e-08 3.2883730867029783e-07 3.497262863483639e-08 0.035461068940624105 -3.1423631850190986e-08 6.8406185269901113e-08 6.2232855219664054e-09 -0.053646803110716533 -5.5078785017222014e-09 4.3434018178118359e-09 -1.0110523341935257e-09 0.096041931389871424 -1.5298312264494378e-10 -1.5602930452758627e-09 -1.5098244719362535e-10 -0.30816032311093827 1.3272348741277423e-11 0.50000000126938227 -4.3544273888352135e-17 -0.32858950623397265 4.9412310486797331e-11 -2.0290972099420119e-09 1.8463000580264471e-10 0.11655557936672079 -2.2805809541523643e-10 6.2616314766587416e-09 7.3850734391892067e-10 -0.074331202177867678 -6.7441855900595161e-09 7.5124283037108618e-08 -6.1106194823897503e-09 0.056405713939077694 -2.9172838590891468e-08 3.8375863763870802e-07 -2.4431484909097362e-08 -0.046615268839805733 -3.5360231176283767e-08 4.6121086191324518e-07 -1.7535078691134369e-08 0.040554090467392306 3.5750613050033296e-09 -2.5200480366881747e-07 5.8739205076177731e-09 -0.036534210563346547 1.3494469918301607e-08 -7.6985755626825831e-08 -8.7004054418207301e-09 0.033773028194854303 -8.1640023088047076e-09 2.1534702962913732e-07 5.8090623060808397e-09 -0.031859843233971182 1.3878136496747333e-08 -3.532471732848371e-07 2.1384119607987841e-08 0.03056769422422299 1.1684133980464018e-08 1.1579837772054057e-07 -9.3883110701872884e-09 -0.029766123487134886 -6.6818362358377363e-09 -2.114329030036134e-08 6.2146791690028906e-07 0.029346746418001286 8.630416610087299e-10 1.8657747812215303e-09 -0.0014685688913402772 -9.1812215712072375e-06 9.1711519308556073e-08 0 0 0 0 0 0 0 0 0 0 0 0 0 0 0 0 0 0 0 0 0 0 0 0 0 0 0 0 0 0 0 0 0 0 0 0 0 0 0 0 0 0 0 0 0 0 0 0 0 0 0 0 0 0 0 0 0 0 0 0 0 0 0 0 0 0 0 0 0 0 0 0 0 0 0 0 0 0 0 0 0 0 0 0 0 0 0 0 0 0 0 0 0 0 0 0 0 0 0 0 
-0.027607197534647025 1.8826621582920493e-08 1.6176903085759246e-09 -6.5795433379457972e-09 0.027910207975563327 -1.7117310679889755e-08 2.4952904995646593e-08 8.3879697219457442e-09 -0.028540418337750069 1.1509066493814149e-08 -1.3770995139637284e-07 -1.7599865176247531e-08 0.029545934560939676 1.1651837452100787e-08 1.1452904336866212e-07 8.7620691516684174e-09 -0.031010233048070782 -2.2257184033090921e-08 -1.3518437088817105e-07 -8.3752473102769465e-09 0.033070515585597073 2.8170568582781924e-08 6.6520875798408743e-08 1.025968611350391e-08 -0.035960329964221063 -5.2329970015476552e-09 1.8616296496288156e-07 1.9932458769695256e-08 0.040094350687128737 4.9787543315108173e-09 -3.2542054474804473e-07 -3.4148519778711004e-08 -0.046259537386509432 4.6657986983409244e-08 -2.7898035666903712e-07 -2.6111070163059961e-08 0.056145062288239025 2.5054391814495258e-08 -5.1708984910977421e-08 -8.1387052934114515e-10 -0.074160516099736382 3.9900151538383087e-09 -2.9118730900746308e-09 1.3245296354969828e-09 0.11647111222892406 1.9298766257679219e-10 6.2457759637318192e-10 1.0285958171734895e-10 -0.32858950623397265 -4.9412310486797331e-11 0.49999999962059388 -1.2029286631197716e-16 -0.3080758539486389 1.8427359572316329e-11 1.0933069436624065e-10 -1.4669730968000407e-10 0.095871231735586301 5.346800414152616e-10 -5.3518478311691928e-09 4.9471874433606701e-12 -0.053386276307018893 6.9943556724023784e-09 -9.602618730770995e-08 5.4021110672212924e-09 0.035104917346276479 2.4461231132241418e-08 -3.7924939411676088e-07 1.8764987882795501e-08 -0.024854521954285377 8.3429951723404327e-09 -1.9099703067066542e-07 2.3049156637401498e-08 0.018220608171265393 -3.8589921937765543e-08 2.0638485575465896e-07 1.4800999189808408e-08 -0.01349708202898472 7.678725885029016e-09 -1.238072351724977e-07 3.4433377752401995e-09 0.0098846267399922676 2.1729466073784503e-08 -3.9595190038086022e-08 -8.3613140069345582e-10 -0.0069518381882999539 -1.1885381875345972e-08 -1.0115423867238851e-07 2.1435326122186998e-08 0.0044362832665197126 2.8268092473471236e-08 -7.4678599707052578e-08 9.195904734435396e-09 -0.0021615228129551836 -2.1729501688079495e-08 2.4187702898665533e-07 7.8354535291171794e-08 -2.7014583800781804e-06 -1.4267150436261262e-09 1.6631263576115322e-10 2.7025725772959547e-08 0 0 0 0 0 0 0 0 0 0 0 0 0 0 0 0 0 0 0 0 0 0 0 0 0 0 0 0 0 0 0 0 0 0 0 0 0 0 0 0 0 0 0 0 0 0 0 0 0 0 0 0 0 0 0 0 0 0 0 0 0 0 0 0 0 0 0 0 0 0 0 0 0 0 0 0 0 0 0 0 0 0 0 0 0 0 0 0 0 0 0 0 0 0 0 0 0 0 0 0 
1.5369143918626429e-07 7.1908519215302809e-09 -0.0014717194757257327 7.0652208984769074e-09 -2.5354407806185194e-07 -1.7464459040283803e-08 0.0030037157082448882 -5.2660737957192123e-10 2.8727178935867952e-07 1.8288921394733418e-08 -0.0046561527445494822 -2.7905473226476906e-08 1.7699425672692575e-07 1.6048850250728862e-08 0.0065100572672946071 5.6109615687046976e-09 -2.8286009863909463e-07 -1.3579198344220375e-08 -0.0086743964946158821 -7.6531883483069933e-09 4.1919757204211461e-07 2.3910274046949767e-08 0.011308786461826167 -5.8334071072112091e-09 -2.4148207937241544e-07 -1.5083187202072766e-08 -0.014659915682139866 3.3152454245592369e-08 -3.18561397618335e-07 -1.4013215005891047e-08 0.01915054127210691 -3.0726727321878446e-09 2.7106715305629651e-07 2.5581785948193038e-08 -0.025574017102493834 -3.5265070254891359e-08 2.2031057519427221e-07 1.3319098542572837e-08 0.035631883194500204 -1.9638852242613374e-08 4.4925579212026881e-08 -1.357095180810016e-09 -0.053731265005234626 -3.8630565318294147e-09 5.0551281828270563e-09 -1.3103857890494062e-09 0.096041930628365538 -1.2254843735291103e-10 -2.0290972099420119e-09 -1.8463000580264471e-10 -0.3080758539486389 -1.8427359572316329e-11 0.50000000213550289 -1.1275702821323915e-16 -0.32876020464950306 -2.0871645164672985e-11 -2.0825288577531021e-09 6.0285939294525898e-11 0.1168161212939602 -5.4430179262253e-10 9.3273878170776228e-09 4.4858178419060512e-11 -0.074687218521761967 -6.6459056257960328e-09 1.0034393328440853e-07 -3.6975298400937885e-09 0.056865379034488295 -1.0285416644462228e-08 2.024728002738862e-07 -1.8104360991812008e-08 -0.047189049343152475 2.5293238650355037e-08 4.7046602978946321e-08 -2.2597469021588876e-08 0.041255690760667367 2.1324030866470232e-08 -3.6176097079683447e-08 4.1718710270404783e-09 -0.037384985060441828 -3.23601885642911e-08 4.750186934438146e-08 -4.7131957919944337e-09 0.034795107185584435 1.0186754333179118e-09 1.4403173010010461e-07 -2.5284288748221355e-08 -0.033085258989044963 -1.5565453282798215e-08 1.3935108358204147e-07 -5.2572689285422641e-10 0.032039185081567681 -1.0939473766489972e-08 -1.4525186872954684e-07 -6.6263584420315696e-07 -0.031504465671970253 3.0031500199598708e-08 -6.1132559336938891e-10 0.0015765469444699858 9.8562861019910212e-06 -9.8462794816891763e-08 0 0 0 0 0 0 0 0 0 0 0 0 0 0 0 0 0 0 0 0 0 0 0 0 0 0 0 0 0 0 0 0 0 0 0 0 0 0 0 0 0 0 0 0 0 0 0 0 0 0 0 0 0 0 0 0 0 0 0 0 0 0 0 0 0 0 0 0 0 0 0 0 0 0 0 0 0 0 0 0 0 0 0 0 0 0 0 0 0 0 0 0 0 0 0 0 0 0 0 0 
0.026135196508198552 -9.7926402380154953e-09 -8.1451713543483773e-08 7.6157176173606379e-10 -0.026380647226507018 7.2808171628603966e-09 1.5961930485034158e-07 5.076173271090649e-09 0.026887783127589122 -3.2541867769459177e-09 -1.7639787326102168e-07 -5.0597524685094549e-09 -0.027690298096826736 -4.7082421396555855e-09 1.2593524109436743e-07 6.6460721520533347e-09 0.028844105047644862 9.9331211052898772e-09 3.4176309428267862e-08 3.1245321396431946e-11 -0.030437014210037305 -8.4851828639861376e-09 -2.5876995403419792e-07 -1.9097608948364939e-08 0.032610543837109561 -9.5737091200110228e-09 2.5882929605956392e-07 9.0123190520816677e-09 -0.03560403059916125 -2.5217795411247048e-08 2.4336826909052141e-07 1.3911911093464256e-08 0.039833734354335078 -7.64171820913252e-09 -1.9554176160022994e-07 -1.1864751569668598e-08 -0.046089082651035701 2.6237986705912178e-08 -1.964766132863087e-07 -8.4715114879342798e-09 0.056060538703490016 1.8730337354726348e-08 -4.7116018493442983e-08 1.77280004238864e-09 -0.074160516558814227 3.7361185659467635e-09 -2.2180251829614841e-09 1.4412919901343094e-09 0.11655557936672079 2.2805809541523643e-10 1.0933069436624065e-10 1.4669730968000407e-10 -0.32876020464950306 2.0871645164672985e-11 0.49999999958379188 -1.1882898162088491e-16 -0.30781531354980479 -1.6684846816224922e-11 9.5638483746808122e-10 -8.0845819279151156e-11 0.095515194774270784 7.3700924547524335e-10 -1.257897273813421e-08 -2.1894448667666873e-10 -0.0529267581228276 3.6573580237613827e-09 -4.6441138830931734e-08 3.7460177864874769e-09 0.034531012008299965 -6.0656770522051593e-09 -8.504325232018927e-08 1.2468127719978786e-08 -0.02415169961092645 -1.9104412728861606e-08 -3.4765424042088568e-08 -9.7632500662106462e-09 0.017371725274350817 7.0277670793651031e-09 4.4362594058961323e-08 -1.8735821144616426e-08 -0.012475767568807593 4.3225995665671991e-09 2.1740387096360912e-08 2.0586503500952644e-08 0.0086592595415536291 -1.8402979845745122e-08 7.5592516447997908e-08 -2.1912590466972742e-08 -0.005479215174188869 6.9967013864877868e-09 1.6870969326968945e-09 -1.7275632748295525e-08 0.002657780901534088 -1.0017412335416991e-10 -1.0071899939612131e-07 -8.4617321340726251e-08 3.3222654463798356e-06 -8.1200744961572413e-09 -2.6638350535018124e-10 -3.3233538625973961e-08 0 0 0 0 0 0 0 0 0 0 0 0 0 0 0 0 0 0 0 0 0 0 0 0 0 0 0 0 0 0 0 0 0 0 0 0 0 0 0 0 0 0 0 0 0 0 0 0 0 0 0 0 0 0 0 0 0 0 0 0 0 0 0 0 0 0 0 0 0 0 0 0 0 0 0 0 0 0 0 0 0 0 0 0 0 0 0 0 0 0 0 0 0 0 0 0 0 0 0 0 
-7.4629384333016234e-08 -3.8779348296609216e-09 0.0012243955431900807 -3.6082079840816479e-09 1.9242970307846571e-07 1.3992302094948776e-08 -0.0024944289350237758 -4.9642955560490971e-09 -2.7490690770138528e-07 -1.6778115392544764e-08 0.0038532126988356447 3.283985398586948e-08 -9.527906256294068e-08 -1.2534519502860705e-08 -0.005358170064998973 -1.100584223925833e-08 1.3851000014623205e-07 6.1173120830068884e-09 0.0070834441081890553 8.9557348301325775e-09 -2.7812941642853759e-07 -1.3749265115008474e-08 -0.0091340611275912333 8.0998985645051543e-09 2.9007399897636281e-07 1.9209057513541612e-08 0.011664717696273511 -2.1513434109916529e-08 -2.6191690072301155e-08 -3.9965010587769115e-09 -0.014920822421236117 2.49588827887963e-08 -2.4926773785056831e-07 -1.85009383929111e-08 0.019321290207851755 1.2752122204200633e-08 1.7560408116033393e-07 1.0549100612220748e-08 -0.025658373436155412 -2.573969582356215e-08 1.9873013773186124e-07 7.6570800966755589e-09 0.035631891406886905 -1.8842075651151375e-08 4.4552354289743615e-08 -1.1829414483067345e-09 -0.053646795806690434 -4.7564641424841687e-09 6.2616314766587416e-09 -7.3850734391892067e-10 0.095871231735586301 -5.346800414152616e-10 -2.0825288577531021e-09 -6.0285939294525898e-11 -0.30781531354980479 1.6684846816224922e-11 0.50000000190172988 -1.5445137650961997e-16 -0.32911624129781397 -2.5447818556211205e-11 -1.2223073866601688e-09 6.3758550225796886e-11 0.11727565882773382 -5.6451807276804858e-10 4.7798886794816357e-09 -2.3795081486883893e-11 -0.07526105766660407 4.1455214561182944e-10 1.708006945899379e-08 -2.2138289128080204e-09 0.057567731392675493 4.1937849479082202e-09 4.2356461790392241e-08 9.3709617613439369e-09 -0.048039247105764946 1.4216272048552836e-09 -1.4009211830745898e-08 3.1909198902084307e-08 0.042277414886038332 2.1332142887528488e-09 -5.1511652144741215e-08 2.0949597106055993e-09 -0.038610064000275515 2.02654863160833e-08 -1.8675405079365757e-07 4.5775470450957504e-09 0.036266551229992693 2.24273496728881e-08 -1.8726942996428105e-07 4.2015957988951676e-08 -0.034860946031196778 -5.3422585696173274e-09 1.9916753054778374e-07 6.9550229164523592e-07 0.034159559353843898 -1.1488588139385484e-08 1.6933375246566467e-09 -0.0017094154168642468 -1.0686964175618183e-05 1.067546779326238e-07 0 0 0 0 0 0 0 0 0 0 0 0 0 0 0 0 0 0 0 0 0 0 0 0 0 0 0 0 0 0 0 0 0 0 0 0 0 0 0 0 0 0 0 0 0 0 0 0 0 0 0 0 0 0 0 0 0 0 0 0 0 0 0 0 0 0 0 0 0 0 0 0 0 0 0 0 0 0 0 0 0 0 0 0 0 0 0 0 0 0 0 0 0 0 0 0 0 0 0 0 
-0.024909728229137253 1.0196852693443151e-10 1.1244696052631685e-07 1.7510093527042014e-09 0.025112758191429527 2.5156270254702983e-09 -2.4759829790080666e-07 -1.1784445052399716e-08 -0.025529619523340846 -4.3383802629300888e-09 3.5896723948783818e-07 1.8119341614989579e-08 0.026184744919525788 -6.2102075837465303e-10 -2.7962656495280836e-07 -1.5332785426303937e-08 -0.027117015734354401 9.3821069443119929e-10 8.4715071136496759e-08 7.6895920338862813e-09 0.028385458603635959 -8.535786283093746e-09 2.6150919649296837e-07 1.5695633542003839e-08 -0.030080733211953172 2.2099427327858348e-08 -4.5481160229942172e-07 -1.969292811985587e-08 0.032350051046941247 2.2013670406762739e-08 3.630688872115493e-08 6.7596583237690987e-09 -0.035433114017458578 -2.0508541781377562e-08 2.1493319319899416e-07 9.1733530236318045e-09 0.039749274101381911 -8.4940833032412095e-09 -1.8193707922340435e-07 -1.0744585135189752e-08 -0.046089092180868416 2.563167616234255e-08 -2.0804391288090792e-07 -9.9693520609841565e-09 0.056145037500580919 2.3209259476608306e-08 -6.2862201553543931e-08 -2.8446085483980127e-09 -0.074331202177867678 6.7441855900595161e-09 -5.3518478311691928e-09 -4.9471874433606701e-12 0.1168161212939602 5.4430179262253e-10 9.5638483746808122e-10 8.0845819279151156e-11 -0.32911624129781397 2.5447818556211205e-11 0.49999999895788227 -1.8323045831762587e-16 -0.3073557770740355 5.4748308870423002e-11 1.2257628806823344e-09 -4.267481131653688e-11 0.094941343136364112 9.8799619865340035e-12 -3.4453844775206792e-09 5.8174164420591683e-11 -0.052224293430582852 4.8873561763719005e-10 -8.6434784709441448e-09 -5.0352702310818031e-09 0.033681412816822541 2.0078440229717738e-09 -5.503822714659972e-09 -2.1609614083835108e-08 -0.023130231562676986 -1.0920621681686511e-09 6.9227925686328862e-09 -1.7901856860490426e-08 0.016145556618216674 -5.4532105529748932e-09 9.5806068369381526e-09 7.8663131002005794e-09 -0.011003516386957382 -4.3121037282089855e-09 5.0734266050425329e-08 2.9052377464079929e-09 0.0068827832811914147 -2.4092715167205205e-09 9.2067802706197015e-09 -2.1080043646487122e-10 -0.0033183363816423534 1.5659507426865827e-09 -2.0170226446993809e-08 1.4434756359702322e-07 -4.1460333599326436e-06 1.7439767207274112e-08 3.7811415509141054e-10 4.1480725571211763e-08 0 0 0 0 0 0 0 0 0 0 0 0 0 0 0 0 0 0 0 0 0 0 0 0 0 0 0 0 0 0 0 0 0 0 0 0 0 0 0 0 0 0 0 0 0 0 0 0 0 0 0 0 0 0 0 0 0 0 0 0 0 0 0 0 0 0 0 0 0 0 0 0 0 0 0 0 0 0 0 0 0 0 0 0 0 0 0 0 0 0 0 0 0 0 0 0 0 0 0 0 
-7.5198946889631756e-08 -7.008240358617161e-09 -0.0010199816358953217 4.6663689745784232e-09 -6.5903277649797398e-08 -3.8060127538580558e-09 0.0020751360537738417 1.6650913275799768e-09 2.1216968855362508e-07 1.0359217264926315e-08 -0.0031970069716697014 -2.5609368841894292e-08 2.3642877544091706e-08 1.0184067067436156e-08 0.0044272107276488674 5.0075617832539404e-09 4.0974545230849478e-08 3.2972771135530536e-09 -0.005817458323779964 -3.2880485844573557e-09 3.8304707908301865e-08 -2.6466521889947644e-09 0.0074391600315386677 -8.226655374803947e-09 -1.7454473078235767e-07 -8.6108563611765169e-09 -0.0093944351702467919 2.8097606084159198e-09 2.3541626849311205e-07 6.2127171781990089e-09 0.01183557195514069 -2.1812999102113731e-08 8.9079023346199204e-09 6.4405933360147282e-09 -0.015005429400580554 9.4131194039483561e-09 -2.0394179316183105e-07 -8.2635450082289806e-09 0.01932127935571076 1.2288709339686369e-08 1.881012312530257e-07 1.1477009049635155e-08 -0.025573989411830651 -3.3760458805209458e-08 2.7064513896288153e-07 2.0667196270479814e-08 0.035461097499137825 -2.9563395843864579e-08 7.5124283037108618e-08 6.1106194823897503e-09 -0.053386276307018893 -6.9943556724023784e-09 9.3273878170776228e-09 -4.4858178419060512e-11 0.095515194774270784 -7.3700924547524335e-10 -1.2223073866601688e-09 -6.3758550225796886e-11 -0.3073557770740355 -5.4748308870423002e-11 0.50000000215106311 -1.5645206776234795e-16 -0.32969009236116037 2.7484327316995891e-11 -1.9228358939777189e-09 4.715678457182166e-12 0.11797810920473956 -3.0453330210113161e-10 3.9835174598115949e-09 1.321501874950888e-09 -0.076110842701171008 -1.5821893166970341e-09 7.0054372392938033e-11 7.7652781636207668e-09 0.058589257707898475 -2.174175461344121e-09 1.3511878733075462e-08 1.1387632103168323e-08 -0.049264458994621244 -3.6356431737031465e-09 4.7550468964059664e-08 2.3421216257598914e-09 0.043750205621355495 -1.7628664139997017e-08 2.1190322316419014e-07 -2.6995259321489877e-08 -0.040386942755201868 -2.5255759860102038e-08 1.6294048623741621e-07 -3.4111637837091839e-08 0.038426402574240785 4.7527704224957219e-09 -1.9257220288490803e-07 -7.7255180671326898e-07 -0.037473559398691035 1.5020326469935781e-08 -1.5895749497354733e-09 0.0018752581880918957 1.1723796381583095e-05 -1.1711390830169929e-07 0 0 0 0 0 0 0 0 0 0 0 0 0 0 0 0 0 0 0 0 0 0 0 0 0 0 0 0 0 0 0 0 0 0 0 0 0 0 0 0 0 0 0 0 0 0 0 0 0 0 0 0 0 0 0 0 0 0 0 0 0 0 0 0 0 0 0 0 0 0 0 0 0 0 0 0 0 0 0 0 0 0 0 0 0 0 0 0 0 0 0 0 0 0 0 0 0 0 0 0 
0.023888075716429414 -8.090045114626394e-10 -8.9285184957850136e-08 9.9337390985101908e-10 -0.024059377525509532 -2.8049896297005892e-09 2.2752355175619452e-07 7.9158751450363392e-09 0.024408961559455305 4.9151716981565567e-09 -3.8840861013714412e-07 -1.5881765787794908e-08 -0.024955049954968379 6.7360972811362134e-09 2.9732503379552187e-07 8.7709946492352934e-09 0.025725500189060668 -7.2022212829849411e-09 -1.3463684809263046e-07 -3.0521398241996334e-09 -0.026761727998927693 1.4786416746338952e-08 -1.9502864152684842e-07 -1.5693795585057574e-08 0.028124849693408775 -2.1734624677895994e-08 4.551349300554082e-07 2.244870006844835e-08 -0.0299103328470714 -1.7889031310313262e-08 -2.3114352405236582e-07 -1.3838386788747014e-08 0.032265511811480435 3.4168559886225117e-08 -2.0214467701589236e-08 -6.2234315333535824e-09 -0.035433108076992917 -2.0344027166487957e-08 2.5344271083515342e-07 1.6806326976124861e-08 0.039833746794159824 -7.0521412770227188e-09 -2.7519475380526263e-07 -2.5344746080541291e-08 -0.046259565768565852 4.5283498044193073e-08 -3.214750417005638e-07 -2.7981990622043932e-08 0.056405713939077694 2.9172838590891468e-08 -9.602618730770995e-08 -5.4021110672212924e-09 -0.074687218521761967 6.6459056257960328e-09 -1.257897273813421e-08 2.1894448667666873e-10 0.11727565882773382 5.6451807276804858e-10 1.2257628806823344e-09 4.267481131653688e-11 -0.32969009236116037 -2.7484327316995891e-11 0.49999999909858217 -1.888685213727873e-16 -0.30665332663002104 2.0641667212093043e-11 1.4724105688042035e-09 -1.1574076801042029e-10 0.094091594849439658 2.8007867289264957e-10 -1.9070734850348539e-09 -1.5713628888520996e-09 -0.051202770613258661 1.3257448930384872e-09 -9.5140561673624769e-09 -1.9370289668041423e-09 0.032455846467598339 4.7446587588298313e-09 -2.5291704783243926e-08 -4.3584267812314858e-09 -0.021658083739742418 1.3309944363300324e-08 -1.0428327294816327e-07 -1.2474389817052419e-09 0.014368297615716723 2.4697513869744912e-08 -2.3881636807938411e-07 2.667137033539419e-08 -0.0088420558757208029 1.2340399892746556e-08 1.354578355538226e-08 4.6440348510438494e-09 0.0042263990937859829 -1.4475737002991549e-08 1.4660472674893324e-07 -1.9563904199651188e-07 5.2800054817321e-06 -2.8275949325539198e-08 -5.195065335702097e-10 -5.2827860008641672e-08 0 0 0 0 0 0 0 0 0 0 0 0 0 0 0 0 0 0 0 0 0 0 0 0 0 0 0 0 0 0 0 0 0 0 0 0 0 0 0 0 0 0 0 0 0 0 0 0 0 0 0 0 0 0 0 0 0 0 0 0 0 0 0 0 0 0 0 0 0 0 0 0 0 0 0 0 0 0 0 0 0 0 0 0 0 0 0 0 0 0 0 0 0 0 0 0 0 0 0 0 
1.6792778660556059e-07 6.595499163405648e-09 0.00084786545937379546 -3.7024403598602952e-09 -1.541682592780526e-08 3.642759746927174e-09 -0.0017231704468639833 -2.3637683000357386e-09 -1.7169415932524559e-07 -1.1194550523363166e-08 0.0026493774220450492 2.4237493875816625e-08 4.5255770086445765e-08 -4.4023225349810038e-09 -0.0036571803323768998 -7.4432135809194094e-09 -1.8956704363361272e-07 -1.0392396034268056e-08 0.0047833453587409662 8.3692153589763212e-09 1.6566213167438359e-07 1.1012384566623193e-08 -0.0060775947387332512 -3.4795750233275981e-09 4.2013447999969094e-08 6.525915059821473e-09 0.0076097743387384094 2.1608511066726832e-08 -3.420456540791559e-07 -1.6059275295086059e-08 -0.0094788573334908654 6.0310738043147907e-09 2.5312554749417404e-07 1.5016333426626336e-08 0.011835580557823244 -2.1215393725161309e-08 -5.720200232461813e-08 -9.488373716663653e-09 -0.014920822570802832 2.4747691686605379e-08 -2.2631316110768168e-07 -9.4339541199170803e-09 0.019150505064610239 -4.6239302142373672e-09 3.2799866149954206e-07 3.3211589676947174e-08 -0.025313754948045247 -4.3366923659095294e-08 3.8375863763870802e-07 2.4431484909097362e-08 0.035104917346276479 -2.4461231132241418e-08 1.0034393328440853e-07 3.6975298400937885e-09 -0.0529267581228276 -3.6573580237613827e-09 4.7798886794816357e-09 2.3795081486883893e-11 0.094941343136364112 -9.8799619865340035e-12 -1.9228358939777189e-09 -4.715678457182166e-12 -0.30665332663002104 -2.0641667212093043e-11 0.5000000021073514 -1.4989095096650645e-16 -0.33053984435062606 3.103157293521836e-12 -2.6416288108301134e-09 1.2818702924933768e-10 0.11899963484071528 -1.8203187632837702e-10 5.8735569762659495e-09 -2.9238242300560936e-10 -0.077336322227363183 -2.2722050926461191e-09 1.0354302882493358e-08 -3.3169002726428546e-10 0.060061558904369095 -5.0380428361606858e-09 -1.1501908304769374e-08 1.6039639780576907e-08 -0.051041369525266417 2.7166742334367505e-09 -7.9938798535204763e-08 2.7145972518683915e-08 0.045911652555371205 1.2652187371875555e-08 -3.7992612712769772e-08 1.3605511993340997e-08 -0.043044248972906943 -1.9561197540913068e-09 6.981616010394818e-08 8.8054492386929381e-07 0.041693196475596599 -8.6467100898603554e-09 1.8093111259319118e-09 -0.0020864232286416226 -1.3043984102849453e-05 1.3030265917158606e-07 0 0 0 0 0 0 0 0 0 0 0 0 0 0 0 0 0 0 0 0 0 0 0 0 0 0 0 0 0 0 0 0 0 0 0 0 0 0 0 0 0 0 0 0 0 0 0 0 0 0 0 0 0 0 0 0 0 0 0 0 0 0 0 0 0 0 0 0 0 0 0 0 0 0 0 0 0 0 0 0 0 0 0 0 0 0 0 0 0 0 0 0 0 0 0 0 0 0 0 0 
-0.023038133190605953 -4.6989697324705778e-09 4.8426541039316718e-08 -2.1078065519012632e-09 0.023185462649528067 8.8666972781728017e-09 -1.6953880950063622e-07 -6.9847575051660935e-09 -0.023484356255059988 -1.0774253345660175e-08 3.5906032901232419e-07 1.748848603439329e-08 0.023948726836476218 -6.6163040546487414e-09 -2.7007548561993227e-07 -8.9411406062432439e-09 -0.024599012161120461 8.4614556565184505e-09 1.7196402116934713e-07 7.2300293646811335e-09 0.025465368361331231 -1.8240870670841693e-08 7.3622552864972774e-08 4.678963268595322e-09 -0.026590959187387558 2.4643236185441744e-08 -3.2488575625567441e-07 -1.2930652808417384e-08 0.028040641808211291 -1.789457293177486e-09 3.0276647383689705e-07 1.2745306251523017e-08 -0.029910298724537307 -1.5910975382769138e-08 -2.1565244944632886e-07 -4.9091862498394824e-09 0.032350000234034358 1.9015353643493655e-08 2.8293129521237995e-08 6.3830881655937897e-09 -0.035603992000602783 -2.1740801629029671e-08 2.9815805717670352e-07 7.1555214292037945e-09 0.040094372479709255 2.5930151249828847e-09 -4.319804931624403e-07 -2.4981087942850137e-08 -0.046615268839805733 3.5360231176283767e-08 -3.7924939411676088e-07 -1.8764987882795501e-08 0.056865379034488295 1.0285416644462228e-08 -4.6441138830931734e-08 -3.7460177864874769e-09 -0.07526105766660407 -4.1455214561182944e-10 -3.4453844775206792e-09 -5.8174164420591683e-11 0.11797810920473956 3.0453330210113161e-10 1.4724105688042035e-09 1.1574076801042029e-10 -0.33053984435062606 -3.103157293521836e-12 0.49999999796594941 -9.8229749148591168e-17 -0.30563180223326714 1.090561588583798e-11 1.9422882560377486e-09 6.4273474206635045e-11 0.092866093896841459 4.3969186156545003e-10 -5.7357550298300922e-09 1.0643390729480401e-09 -0.049730478557387693 1.7645712299359848e-09 1.191359154742332e-08 -7.75561097909954e-09 0.030678990736617923 -1.0132095686405508e-08 1.8162671028444552e-07 -4.1858448839313659e-08 -0.019496965668194009 -4.4127316117402046e-08 3.5345394444639424e-07 -5.4084823937343161e-08 0.011709485428602798 -2.7729231065683925e-08 -4.4279149676181538e-08 -6.1272522421548613e-09 -0.0055261415856307739 3.1691857905533815e-08 -2.1095925270573551e-07 2.4526993295787652e-07 -6.9042899500846045e-06 3.7951061933336985e-08 6.8548299188515431e-10 6.9077218815216273e-08 0 0 0 0 0 0 0 0 0 0 0 0 0 0 0 0 0 0 0 0 0 0 0 0 0 0 0 0 0 0 0 0 0 0 0 0 0 0 0 0 0 0 0 0 0 0 0 0 0 0 0 0 0 0 0 0 0 0 0 0 0 0 0 0 0 0 0 0 0 0 0 0 0 0 0 0 0 0 0 0 0 0 0 0 0 0 0 0 0 0 0 0 0 0 0 0 0 0 0 0 
-1.5529936146910318e-07 -8.9409969240557501e-09 -0.00070029984082268083 3.3241871093531154e-09 4.2279391992183353e-09 -6.7211164035035869e-10 0.0014221383180429102 1.9241721206504629e-09 1.9752546350916482e-07 9.0181765901365926e-09 -0.0021831693851195998 -2.1251795965900374e-08 -1.4533287241007595e-07 1.7025115650291424e-09 0.0030063151258001605 8.1676026796353161e-09 3.3046491474891931e-07 1.4442730160211005e-08 -0.0039180984211062784 -1.1918729051456939e-08 -3.4133386907596515e-07 -1.7726203396225947e-08 0.0049537414441782786 1.3775768497014875e-08 9.8335614799285823e-08 2.2176419790064049e-10 -0.0061621777310543772 -4.214946035644817e-08 3.4999765092092692e-07 1.2957008037945105e-08 0.0076097409090093117 1.8044962704818377e-08 -4.4247882586334707e-07 -1.7684673457497511e-08 -0.0093944344640676681 5.1622526235095612e-09 4.2990830622409211e-07 1.4630220851563394e-08 0.011664751318957854 -2.2950751940744111e-08 -2.3016528607910703e-07 -6.4349149586043852e-09 -0.014659960255766978 3.3693037883246198e-08 -2.1785516241459141e-07 -1.8186974045881347e-08 0.018794349088980346 -9.7467437833083544e-09 4.6121086191324518e-07 1.7535078691134369e-08 -0.024854521954285377 -8.3429951723404327e-09 2.024728002738862e-07 1.8104360991812008e-08 0.034531012008299965 6.0656770522051593e-09 1.708006945899379e-08 2.2138289128080204e-09 -0.052224293430582852 -4.8873561763719005e-10 3.9835174598115949e-09 -1.321501874950888e-09 0.094091594849439658 -2.8007867289264957e-10 -2.6416288108301134e-09 -1.2818702924933768e-10 -0.30563180223326714 -1.090561588583798e-11 0.50000000275997425 -1.6581517065923063e-16 -0.33176534343833658 -3.0001146490838922e-11 -2.6104169265227047e-09 -1.9666388184968166e-10 0.12047193533234882 -4.111529437340782e-10 3.5905198455103826e-09 1.2165506821317028e-09 -0.079113264482666965 3.6636143069337191e-09 -7.7428964978773014e-08 1.9911729232871148e-08 0.06222269439777655 3.3368399939759606e-08 -3.2504356327709133e-07 5.2149967491601399e-08 -0.053698665758585978 5.3879904792902565e-08 -2.2930619554749245e-07 1.982960001349357e-08 0.049231288245907848 -7.2556686008483622e-09 2.3413497886916298e-07 -1.0304380507271018e-06 -0.047209689245686255 -3.213167300714075e-08 -3.4462320798208225e-09 0.0023624900621486439 1.4769943115368186e-05 -1.4753754155968039e-07 0 0 0 0 0 0 0 0 0 0 0 0 0 0 0 0 0 0 0 0 0 0 0 0 0 0 0 0 0 0 0 0 0 0 0 0 0 0 0 0 0 0 0 0 0 0 0 0 0 0 0 0 0 0 0 0 0 0 0 0 0 0 0 0 0 0 0 0 0 0 0 0 0 0 0 0 0 0 0 0 0 0 0 0 0 0 0 0 0 0 0 0 0 0 0 0 0 0 0 0 
0.022335509594050167 2.5266701335217456e-08 -4.2845122353423309e-08 4.0831100664851575e-09 -0.022464639323198192 -2.9532437597423799e-08 1.7869389760480481e-07 4.0841601115992081e-09 0.022725132894982888 3.0601028112365346e-08 -4.233197265267039e-07 -1.5725418592823343e-08 -0.023127837304791857 -7.758770278036179e-09 3.8023548371624597e-07 5.9100487491895312e-09 0.023688040847628922 2.9549861690607795e-09 -3.8966620986220339e-07 -7.9508373080146181e-09 -0.024428420014840534 1.1615615572280628e-08 2.8048330435106011e-07 3.28524587350427e-09 0.025380763648658135 -2.3159795336034488e-08 -9.7521958804522426e-08 3.8108495264458147e-09 -0.026590986636666057 2.517313166050873e-08 -4.1507303376596635e-08 -7.9383839604472585e-09 0.028124872574936444 -2.2450824700476836e-08 1.8357269323054053e-07 8.5771398039617579e-09 -0.030080746972149415 2.2570841828655062e-08 -3.0661434448279152e-07 -1.7840319976738095e-08 0.032610545785241404 -9.3152978714325979e-09 2.597550113221639e-07 1.3276798535691167e-08 -0.035960337980471616 -7.7698754636516667e-09 6.7486388082636486e-08 2.2708328538782616e-08 0.040554090467392306 -3.5750613050033296e-09 -1.9099703067066542e-07 -2.3049156637401498e-08 -0.047189049343152475 -2.5293238650355037e-08 -8.504325232018927e-08 -1.2468127719978786e-08 0.057567731392675493 -4.1937849479082202e-09 -8.6434784709441448e-09 5.0352702310818031e-09 -0.076110842701171008 1.5821893166970341e-09 -1.9070734850348539e-09 1.5713628888520996e-09 0.11899963484071528 1.8203187632837702e-10 1.9422882560377486e-09 -6.4273474206635045e-11 -0.33176534343833658 3.0001146490838922e-11 0.49999999731584555 -1.708032011970946e-16 -0.30415950397514252 5.0390608121480322e-11 2.0481947944803847e-09 -1.4016323601282238e-10 0.091089175021789384 -3.5957307543732189e-10 6.9705233955966863e-09 -4.0257566744333885e-09 -0.047569283493154743 -1.0608321738819081e-08 1.197528745820147e-07 -2.219020889279986e-08 0.028021026672369075 -3.5603267711629384e-08 2.1216483576567088e-07 -2.2102926177276041e-08 -0.016179735111482314 -2.1439177767523067e-08 -1.3227696160958945e-08 4.075996731092699e-08 0.0074837688992500503 2.5185594700420264e-08 -1.380061388107762e-07 -2.6733019993194036e-07 9.3533664919427458e-06 -3.0116335095367387e-08 -7.9520007052767062e-10 -9.3569310747829727e-08 0 0 0 0 0 0 0 0 0 0 0 0 0 0 0 0 0 0 0 0 0 0 0 0 0 0 0 0 0 0 0 0 0 0 0 0 0 0 0 0 0 0 0 0 0 0 0 0 0 0 0 0 0 0 0 0 0 0 0 0 0 0 0 0 0 0 0 0 0 0 0 0 0 0 0 0 0 0 0 0 0 0 0 0 0 0 0 0 0 0 0 0 0 0 0 0 0 0 0 0 
3.599745550523312e-07 5.098108908072695e-09 0.00057146058735061886 -1.0422205001898849e-08 -2.0737428821538282e-07 3.3830104384851719e-09 -0.0011598097220256668 1.3485279666322623e-08 -1.5834929037627116e-08 -1.1334764053164223e-08 0.0017783999523126972 -4.1246849787660605e-09 5.2296950127599716e-08 3.6833611056417762e-09 -0.0024444555541952902 2.0805687770110448e-08 -3.1015262588743774e-07 -1.8910311032369862e-08 0.0031772871816166202 -2.1031234829999469e-08 4.23731204744364e-07 2.281407023947344e-08 -0.0040021281246971196 1.8591932109043184e-08 -2.8323104246055103e-07 -6.0681171765540869e-09 0.0049537818510937805 1.3924150736039334e-08 -9.6592151267302092e-08 -8.6157742297517825e-09 -0.0060775889694021602 -5.3653194952005886e-10 1.8141671302052065e-07 1.715948600000326e-08 0.0074391677893647602 -9.6533036852306204e-09 -2.4028345037129615e-07 -1.8486463327129653e-08 -0.0091340792447230593 8.416954356801934e-09 2.4153836470155761e-07 2.4496055131544846e-08 0.011308794400471268 -5.2567862887009974e-09 -5.9530203386022997e-08 -1.8901849789268219e-08 -0.014200418991918777 -1.1655158472083101e-08 -2.5200480366881747e-07 -5.8739205076177731e-09 0.018220608171265393 3.8589921937765543e-08 4.7046602978946321e-08 2.2597469021588876e-08 -0.02415169961092645 1.9104412728861606e-08 4.2356461790392241e-08 -9.3709617613439369e-09 0.033681412816822541 -2.0078440229717738e-09 7.0054372392938033e-11 -7.7652781636207668e-09 -0.051202770613258661 -1.3257448930384872e-09 5.8735569762659495e-09 2.9238242300560936e-10 0.092866093896841459 -4.3969186156545003e-10 -2.6104169265227047e-09 1.9666388184968166e-10 -0.30415950397514252 -5.0390608121480322e-11 0.50000000296555969 -1.6513076774058112e-16 -0.33354226654125213 4.4063896697202596e-12 -3.0990067029806843e-09 3.5178700671028265e-10 0.12263310744884444 1.3263907799378859e-09 -1.3211372084412317e-08 4.108208918437759e-09 -0.081771060950062216 1.0408960147135563e-08 -7.1634679966138968e-08 1.0310913023065363e-08 0.065540931003439842 1.7338027141795041e-08 -5.1377732823621624e-08 -1.3251274119504072e-08 -0.057923980234415702 -2.3222697535511708e-09 5.466218146841428e-08 1.0959144691095307e-06 0.054686340266797286 -1.042266993584662e-08 1.4559872469935525e-09 -0.0027366566146906171 -1.7109238987308901e-05 1.7092046987021407e-07 0 0 0 0 0 0 0 0 0 0 0 0 0 0 0 0 0 0 0 0 0 0 0 0 0 0 0 0 0 0 0 0 0 0 0 0 0 0 0 0 0 0 0 0 0 0 0 0 0 0 0 0 0 0 0 0 0 0 0 0 0 0 0 0 0 0 0 0 0 0 0 0 0 0 0 0 0 0 0 0 0 0 0 0 0 0 0 0 0 0 0 0 0 0 0 0 0 0 0 0 
-0.021761101852644439 -5.9903479132587253e-09 -6.4967729967880037e-09 -3.0717346839971992e-09 0.021876459546768763 1.2093866741722578e-08 -9.6951966348839656e-08 -6.9159423900376439e-09 -0.022107946312870174 -1.6313124670777483e-08 3.4504498923162149e-07 2.1995098597520081e-08 0.022464198797387681 -4.5387652876607067e-09 -3.1038866475957689e-07 -1.4001081752630315e-08 -0.022956862127812235 3.0018711595775641e-09 3.9376537010005825e-07 2.1729489894097118e-08 0.023603498838335978 -9.9348011043925313e-09 -4.089192491946116e-07 -2.5477177462995704e-08 -0.024428426538306545 1.190201151773299e-08 3.289041726450962e-07 2.1552266340480873e-08 0.025465370884120729 -1.9095532727508139e-08 -1.4356130939352132e-07 -1.5493332000173647e-08 -0.026761720010041245 1.4575189863793526e-08 -6.1993138071341882e-08 7.9527777339335912e-09 0.02838542330711721 -7.5951555773691982e-09 3.0051726686023801e-07 9.2187157249990277e-09 -0.030436940780019239 -1.0289247908708635e-08 -4.367511678016703e-07 -2.3723613201558246e-08 0.033070424149181932 3.1788719821729486e-08 2.1964608406671175e-07 1.4327253969736957e-08 -0.036534210563346547 -1.3494469918301607e-08 2.0638485575465896e-07 -1.4800999189808408e-08 0.041255690760667367 -2.1324030866470232e-08 -3.4765424042088568e-08 9.7632500662106462e-09 -0.048039247105764946 -1.4216272048552836e-09 -5.503822714659972e-09 2.1609614083835108e-08 0.058589257707898475 2.174175461344121e-09 -9.5140561673624769e-09 1.9370289668041423e-09 -0.077336322227363183 2.2722050926461191e-09 -5.7357550298300922e-09 -1.0643390729480401e-09 0.12047193533234882 4.111529437340782e-10 2.0481947944803847e-09 1.4016323601282238e-10 -0.33354226654125213 -4.4063896697202596e-12 0.49999999798249345 -1.7455698652152964e-16 -0.30199832995170317 -5.1631286499008737e-11 3.3822737551377153e-09 -1.7508342541334757e-10 0.088431356382456097 -1.1729508594204912e-09 3.162353861054038e-09 -2.0526111852346081e-09 -0.044251315858776494 -5.0514307157623989e-09 2.53257518737328e-08 -4.2006957725183466e-10 0.023795660953261619 -4.2392060414127331e-09 4.93562717822707e-10 1.103476879201932e-08 -0.010654474077733293 2.4546406286067613e-09 1.6475194887891651e-09 4.5376407658251739e-07 -1.3312519147093906e-05 5.2669724139319714e-08 1.193274249215575e-09 1.331890530709038e-07 0 0 0 0 0 0 0 0 0 0 0 0 0 0 0 0 0 0 0 0 0 0 0 0 0 0 0 0 0 0 0 0 0 0 0 0 0 0 0 0 0 0 0 0 0 0 0 0 0 0 0 0 0 0 0 0 0 0 0 0 0 0 0 0 0 0 0 0 0 0 0 0 0 0 0 0 0 0 0 0 0 0 0 0 0 0 0 0 0 0 0 0 0 0 0 0 0 0 0 0 
-5.6979675914586111e-07 -2.371063991447166e-08 -0.00045708412190951288 1.0621416220177165e-08 4.2266575676408923e-07 1.5710311530393119e-08 0.00092726789843433546 -1.5116087113126573e-08 -1.9303303164750977e-07 -6.8775487993237572e-09 -0.0014206052908740483 9.1046129406868175e-09 9.097137392575888e-08 9.4642077590285263e-09 0.0019499943486090269 -2.3676582818394224e-08 2.15555876423226e-07 8.0901041169452979e-09 -0.0025294997051551948 2.3545884360671278e-08 -4.1692837046678374e-07 -1.7556412755136878e-08 0.0031772402188614498 -1.8968713274783137e-08 3.9754594006534399e-07 9.8978874647472539e-09 -0.0039180817483805844 -1.4301871462022831e-08 -1.517373284470471e-07 -4.7348025821222321e-09 0.0047832787277318767 8.2630346353904977e-09 1.4192472546538256e-07 5.3280775924744801e-09 -0.0058174024221718662 -4.6769433209653339e-09 -9.1112566393995579e-08 -1.21184102535607e-08 0.0070834108738058099 1.1190306881586486e-08 -4.0231042876494551e-08 6.0428131496345796e-09 -0.0086744001557458091 -1.0290112330841607e-08 1.6265083837856842e-07 3.0904155315809704e-09 0.010734124239120211 -4.0523616168806764e-10 -7.6985755626825831e-08 8.7004054418207301e-09 -0.01349708202898472 -7.678725885029016e-09 -3.6176097079683447e-08 -4.1718710270404783e-09 0.017371725274350817 -7.0277670793651031e-09 -1.4009211830745898e-08 -3.1909198902084307e-08 -0.023130231562676986 1.0920621681686511e-09 1.3511878733075462e-08 -1.1387632103168323e-08 0.032455846467598339 -4.7446587588298313e-09 1.0354302882493358e-08 3.3169002726428546e-10 -0.049730478557387693 -1.7645712299359848e-09 3.5905198455103826e-09 -1.2165506821317028e-09 0.091089175021789384 3.5957307543732189e-10 -3.0990067029806843e-09 -3.5178700671028265e-10 -0.30199832995170317 5.1631286499008737e-11 0.50000000273318346 -1.735425986706246e-16 -0.3362000821565867 3.1138874483782647e-11 -2.5930348582792011e-09 1.537911966246887e-10 0.12595111616449273 6.1118275493950489e-10 -9.0530825942424306e-10 1.1149528583789486e-09 -0.08599646511944059 1.8894895015276042e-09 -1.1930031537596467e-08 3.9728259656672493e-09 0.07106538962763502 2.1682640132821398e-09 -1.4480492383791094e-08 -1.3560215391036577e-06 -0.065327379698179311 4.2385866444961084e-10 -1.1077119407753504e-09 0.0032691976972566822 2.0438746884742611e-05 -2.0418897613866479e-07 0 0 0 0 0 0 0 0 0 0 0 0 0 0 0 0 0 0 0 0 0 0 0 0 0 0 0 0 0 0 0 0 0 0 0 0 0 0 0 0 0 0 0 0 0 0 0 0 0 0 0 0 0 0 0 0 0 0 0 0 0 0 0 0 0 0 0 0 0 0 0 0 0 0 0 0 0 0 0 0 0 0 0 0 0 0 0 0 0 0 0 0 0 0 0 0 0 0 0 0 
0.021301189156743616 -2.5720737333315374e-09 9.1653105410485577e-08 7.3059802420272831e-09 -0.021406206773820588 -5.0020424210513175e-09 -5.9798608483451955e-08 -9.5508517008998117e-10 0.021615945656490203 1.1792372369617627e-08 -1.4708619203855337e-07 -1.1836256140678597e-08 -0.021937441909791043 7.1924295552611429e-09 8.322872168423928e-08 7.5871357881317985e-10 0.022379739894812196 -5.3418446759014139e-10 -2.0018431941223374e-07 -8.9940547619682656e-09 -0.022956845544153268 1.4301965245533725e-09 3.0873371114490436e-07 1.6591885487514578e-08 0.023688048750122093 3.6472228653735572e-09 -3.3383981678373846e-07 -1.4377102151974092e-08 -0.024599014564894772 9.068325774048565e-09 1.7524234535372224e-07 9.2777172344666255e-09 0.0257255189485006 -6.6464233981771832e-09 -3.0744912574874115e-08 -3.6899996922553298e-09 -0.027117032176332982 3.8258118018005408e-10 -1.4378402066721257e-07 -4.7589975963248389e-09 0.028844105940940508 1.0262110798235424e-08 2.8394643061129703e-07 1.2850519403916174e-08 -0.031010219734765684 -2.2618548578729756e-08 -2.009524882985827e-07 -6.4196122629005999e-09 0.033773028194854303 8.1640023088047076e-09 -1.238072351724977e-07 -3.4433377752401995e-09 -0.037384985060441828 3.23601885642911e-08 4.4362594058961323e-08 1.8735821144616426e-08 0.042277414886038332 -2.1332142887528488e-09 6.9227925686328862e-09 1.7901856860490426e-08 -0.049264458994621244 3.6356431737031465e-09 -2.5291704783243926e-08 4.3584267812314858e-09 0.060061558904369095 5.0380428361606858e-09 1.191359154742332e-08 7.75561097909954e-09 -0.079113264482666965 -3.6636143069337191e-09 6.9705233955966863e-09 4.0257566744333885e-09 0.12263310744884444 -1.3263907799378859e-09 3.3822737551377153e-09 1.7508342541334757e-10 -0.3362000821565867 -3.1138874483782647e-11 0.49999999621574942 -1.6630496655625163e-16 -0.2986803240878993 -1.0761115953584988e-10 5.828843413337816e-09 -2.2656016837809096e-10 0.084205972756533617 -3.5957665624504626e-10 -2.3306372931350193e-09 -2.370542033228357e-09 -0.038726611641345839 -1.3907042765952744e-09 1.8889095330845013e-08 -6.9588176365673895e-09 0.016310989435119553 -1.9085014077236639e-09 -3.3369208635798055e-09 -6.8454420307658556e-07 2.038071071468759e-05 -8.0588995918331049e-08 -1.8265405963478325e-09 -2.0390297665940511e-07 0 0 0 0 0 0 0 0 0 0 0 0 0 0 0 0 0 0 0 0 0 0 0 0 0 0 0 0 0 0 0 0 0 0 0 0 0 0 0 0 0 0 0 0 0 0 0 0 0 0 0 0 0 0 0 0 0 0 0 0 0 0 0 0 0 0 0 0 0 0 0 0 0 0 0 0 0 0 0 0 0 0 0 0 0 0 0 0 0 0 0 0 0 0 0 0 0 0 0 0 
6.6782258432490327e-07 3.0901638035231407e-08 0.00035354342500853135 -9.9105210111511785e-09 -5.3793458994996044e-07 -2.4104797444424682e-08 -0.00071699452244287703 1.4962222242522715e-08 3.2730018239299322e-07 1.6039538363877117e-08 0.0010977857657279517 -1.1595910050207025e-08 -2.0039327993319244e-07 -1.6296022695808459e-08 -0.0015054109083546356 2.4045581022307405e-08 -1.0313733945612455e-07 4.7842941202952225e-11 0.0019499911320921424 -2.4320936963165796e-08 3.3472128112242332e-07 1.038583055372485e-08 -0.0024444122470854046 1.9945774112490409e-08 -3.896556577085468e-07 -7.1485349484818637e-09 0.0030062935987208443 9.0778379109848344e-09 2.5370147788527766e-07 6.2297484334561953e-09 -0.0036571093392177467 -6.1484489041672779e-09 -3.0156051330779787e-07 -1.0158510032468574e-08 0.0044271400703789696 4.8477435658184428e-09 2.7973148410441763e-07 1.9069019381608205e-08 -0.0053581114369623808 -1.1460561798531455e-08 -1.1185026761552619e-07 -1.3028526685523034e-08 0.0065100333138450976 6.5107712226766232e-09 -1.5251207848905295e-07 -1.7610663337048216e-09 -0.0079723555506178764 1.9043396219511617e-08 2.1534702962913732e-07 -5.8090623060808397e-09 0.0098846267399922676 -2.1729466073784503e-08 4.750186934438146e-08 4.7131957919944337e-09 -0.012475767568807593 -4.3225995665671991e-09 -5.1511652144741215e-08 -2.0949597106055993e-09 0.016145556618216674 5.4532105529748932e-09 4.7550468964059664e-08 -2.3421216257598914e-09 -0.021658083739742418 -1.3309944363300324e-08 -1.1501908304769374e-08 -1.6039639780576907e-08 0.030678990736617923 1.0132095686405508e-08 -7.7428964978773014e-08 -1.9911729232871148e-08 -0.047569283493154743 1.0608321738819081e-08 -1.3211372084412317e-08 -4.108208918437759e-09 0.088431356382456097 1.1729508594204912e-09 -2.5930348582792011e-09 -1.537911966246887e-10 -0.2986803240878993 1.0761115953584988e-10 0.50000000242090081 -1.6030606752735607e-16 -0.34042547030148523 -3.188285627847598e-11 -2.9111521194833469e-09 4.156890144277612e-10 0.13147578125248235 3.5553990506811138e-10 -1.0135434574368625e-09 1.5871095643219348e-09 -0.093481169899696945 9.2685418175597785e-10 -4.4875845368567835e-09 1.7028387243172718e-06 0.081617866784576415 1.3696073774397756e-09 -1.4854552890984586e-09 -0.0040845125701143691 -2.5536345176326355e-05 2.5514025998582971e-07 0 0 0 0 0 0 0 0 0 0 0 0 0 0 0 0 0 0 0 0 0 0 0 0 0 0 0 0 0 0 0 0 0 0 0 0 0 0 0 0 0 0 0 0 0 0 0 0 0 0 0 0 0 0 0 0 0 0 0 0 0 0 0 0 0 0 0 0 0 0 0 0 0 0 0 0 0 0 0 0 0 0 0 0 0 0 0 0 0 0 0 0 0 0 0 0 0 0 0 0 
-0.020944214996761409 1.9067180953521651e-08 -1.8681647534148067e-07 -1.2536081657506777e-08 0.021041678542146731 -1.0286454385569473e-08 2.4018183653431687e-07 1.1020006183389949e-08 -0.021235548141057502 1.3139284697260099e-09 -9.528555003232461e-08 -2.0971343881212616e-09 0.021531720705481414 -1.8388010338991137e-08 2.089008904427488e-07 1.7547421913303465e-08 -0.021937407243459474 7.2813109425647215e-09 -9.040873901261312e-08 -1.1004736181496284e-08 0.022464148018900683 -2.8324061480468129e-09 -7.2903316372995401e-08 2.4510656908676144e-09 -0.023127825166238229 -8.4570237037988007e-09 1.7422549779278776e-07 -4.984882891456209e-09 0.023948709989622532 -7.3132578483243415e-09 -5.1889831110566141e-08 1.0377934877810029e-08 -0.024955074564653956 5.6075555028169754e-09 -7.2753089606475903e-09 -1.4626890540317037e-08 0.0261847958452038 7.1654269689673983e-10 7.0231963424151578e-08 1.5205293293714008e-08 -0.02769036792448985 -5.9929123275058097e-09 -1.4723950578379446e-07 -1.6517156220975634e-08 0.029546016121983779 1.2728338967121151e-08 1.6764070459723001e-07 1.3507977273751851e-08 -0.031859843233971182 -1.3878136496747333e-08 -3.9595190038086022e-08 8.3613140069345582e-10 0.034795107185584435 -1.0186754333179118e-09 2.1740387096360912e-08 -2.0586503500952644e-08 -0.038610064000275515 -2.02654863160833e-08 9.5806068369381526e-09 -7.8663131002005794e-09 0.043750205621355495 1.7628664139997017e-08 -1.0428327294816327e-07 1.2474389817052419e-09 -0.051041369525266417 -2.7166742334367505e-09 1.8162671028444552e-07 4.1858448839313659e-08 0.06222269439777655 -3.3368399939759606e-08 1.197528745820147e-07 2.219020889279986e-08 -0.081771060950062216 -1.0408960147135563e-08 3.162353861054038e-09 2.0526111852346081e-09 0.12595111616449273 -6.1118275493950489e-10 5.828843413337816e-09 2.2656016837809096e-10 -0.34042547030148523 3.188285627847598e-11 0.49999999287437791 -2.1022689719789037e-16 -0.29315565615095351 1.1215230293931842e-11 7.3728109347275007e-09 -1.4634603839014001e-10 0.076721237020190777 -3.4451757719433854e-10 -9.532120919409498e-09 1.0249106747621311e-09 -0.028072144628076716 -5.1038744391881055e-10 1.8891047913846223e-08 1.1714008392320168e-06 -3.5076704350333505e-05 1.380361702266439e-07 3.1394469377614085e-09 3.5093081773530531e-07 0 0 0 0 0 0 0 0 0 0 0 0 0 0 0 0 0 0 0 0 0 0 0 0 0 0 0 0 0 0 0 0 0 0 0 0 0 0 0 0 0 0 0 0 0 0 0 0 0 0 0 0 0 0 0 0 0 0 0 0 0 0 0 0 0 0 0 0 0 0 0 0 0 0 0 0 0 0 0 0 0 0 0 0 0 0 0 0 0 0 0 0 0 0 0 0 0 0 0 0 
-4.9387412668390457e-07 -8.4480487772184794e-09 -0.00025815474262224334 5.935285554593429e-09 3.9168087088305774e-07 3.4492078372496954e-09 0.00052343318695275321 -8.2197707305564223e-09 -2.2290965359938049e-07 2.4713914910900138e-09 -0.00080109275051699414 4.1503966817910662e-09 1.0880967338840592e-07 -2.1997759994402072e-09 0.0010978276866816039 -1.1496835312002021e-08 1.4216031259688839e-07 1.3984356245243837e-08 -0.0014206550339211311 9.4702980821144598e-09 -3.4359501077608688e-07 -2.1184744739947629e-08 0.0017784282994177706 -3.3740789304356425e-09 4.1087904662844971e-07 1.7515750835244617e-08 -0.0021832210821133178 -2.1979991598687062e-08 -3.2773945946601618e-07 -1.4870291840603651e-08 0.0026493931230395298 2.3204599094541119e-08 3.745207207745064e-07 1.4922127425531774e-08 -0.0031970197934262819 -2.530882432876694e-08 -3.4403363091395191e-07 -1.7454253367009913e-08 0.0038532248291804584 3.2753596381918335e-08 1.5380040258473921e-07 5.2040643105643699e-09 -0.0046561749132473101 -2.7782563121656266e-08 1.748581078007902e-07 1.7827581078870472e-08 0.0056612179687570291 -8.6568030885610122e-10 -3.532471732848371e-07 -2.1384119607987841e-08 -0.0069518381882999539 1.1885381875345972e-08 1.4403173010010461e-07 2.5284288748221355e-08 0.0086592595415536291 1.8402979845745122e-08 -1.8675405079365757e-07 -4.5775470450957504e-09 -0.011003516386957382 4.3121037282089855e-09 2.1190322316419014e-07 2.6995259321489877e-08 0.014368297615716723 -2.4697513869744912e-08 -7.9938798535204763e-08 -2.7145972518683915e-08 -0.019496965668194009 4.4127316117402046e-08 -3.2504356327709133e-07 -5.2149967491601399e-08 0.028021026672369075 3.5603267711629384e-08 -7.1634679966138968e-08 -1.0310913023065363e-08 -0.044251315858776494 5.0514307157623989e-09 -9.0530825942424306e-10 -1.1149528583789486e-09 0.084205972756533617 3.5957665624504626e-10 -2.9111521194833469e-09 -4.156890144277612e-10 -0.29315565615095351 -1.1215230293931842e-11 0.50000000349526807 -1.6829559986989948e-16 -0.3479102034947667 1.8230754460261012e-10 -2.0322521406473217e-09 -3.4953133049660498e-10 0.14213025646650049 1.2386760893926723e-10 -1.2886776663968599e-09 -2.2877340220548802e-06 -0.10965491542835458 -1.3449839820634206e-09 1.2354249021188988e-08 0.0054879081928464572 3.4311488380367957e-05 -3.4290353544162905e-07 0 0 0 0 0 0 0 0 0 0 0 0 0 0 0 0 0 0 0 0 0 0 0 0 0 0 0 0 0 0 0 0 0 0 0 0 0 0 0 0 0 0 0 0 0 0 0 0 0 0 0 0 0 0 0 0 0 0 0 0 0 0 0 0 0 0 0 0 0 0 0 0 0 0 0 0 0 0 0 0 0 0 0 0 0 0 0 0 0 0 0 0 0 0 0 0 0 0 0 0 
0.020681887243106385 -5.1599037999070922e-09 2.3660892414158181e-07 1.2387091207534139e-08 -0.020774104235232863 -4.2199014019552836e-09 -3.3236882698594046e-07 -1.0386430208046169e-08 0.020956963560632157 1.4192311208660726e-08 2.1268341993702603e-07 2.1066616076335428e-10 -0.021235585859897911 2.3698881664234541e-09 -3.4050247105095155e-07 -1.4583940072020701e-08 0.021615940754978774 1.0546526112181415e-08 1.9762437695561549e-07 4.9867392204976793e-09 -0.022107914628541229 -1.6875313842306243e-08 3.1591874679514694e-08 8.5792911581874598e-09 0.02272513515915103 2.9884205347716574e-08 -2.1964609946977762e-07 -1.0252640113196621e-08 -0.023484335796887083 -8.3669882864178988e-09 1.6353450833425951e-07 8.99298143796477e-09 0.024408977576935088 4.5190570329935246e-09 -2.1246123944661695e-07 -9.6407394277444035e-09 -0.025529655738959801 -3.9607631417307263e-09 2.8080619108136078e-07 1.7627588335701314e-08 0.026887834282561789 -3.9324337098034958e-09 -2.9243463545862415e-07 -2.169409396114592e-08 -0.02854047196275715 1.2964445673401436e-08 1.97877251892779e-07 1.7167222278915531e-08 0.03056769422422299 -1.1684133980464018e-08 -1.0115423867238851e-07 -2.1435326122186998e-08 -0.033085258989044963 1.5565453282798215e-08 7.5592516447997908e-08 2.1912590466972742e-08 0.036266551229992693 -2.24273496728881e-08 5.0734266050425329e-08 -2.9052377464079929e-09 -0.040386942755201868 2.5255759860102038e-08 -2.3881636807938411e-07 -2.667137033539419e-08 0.045911652555371205 -1.2652187371875555e-08 3.5345394444639424e-07 5.4084823937343161e-08 -0.053698665758585978 -5.3879904792902565e-08 2.1216483576567088e-07 2.2102926177276041e-08 0.065540931003439842 -1.7338027141795041e-08 2.53257518737328e-08 4.2006957725183466e-10 -0.08599646511944059 -1.8894895015276042e-09 -2.3306372931350193e-09 2.370542033228357e-09 0.13147578125248235 -3.5553990506811138e-10 7.3728109347275007e-09 1.4634603839014001e-10 -0.3479102034947667 -1.8230754460261012e-10 0.49999999180167332 -1.847829966163382e-16 -0.28250116404825054 2.7085718591512956e-10 1.2748125647991937e-08 8.9893194632289196e-10 0.0604102519313078 2.990595560514382e-10 -2.9392994466939676e-08 -2.5170884653724196e-06 7.5484000360214026e-05 -2.9761325010598745e-07 -6.7595207175178938e-09 -7.5519170610763562e-07 0 0 0 0 0 0 0 0 0 0 0 0 0 0 0 0 0 0 0 0 0 0 0 0 0 0 0 0 0 0 0 0 0 0 0 0 0 0 0 0 0 0 0 0 0 0 0 0 0 0 0 0 0 0 0 0 0 0 0 0 0 0 0 0 0 0 0 0 0 0 0 0 0 0 0 0 0 0 0 0 0 0 0 0 0 0 0 0 0 0 0 0 0 0 0 0 0 0 0 0 
5.2704706910619851e-07 1.8946788649141318e-08 0.00016874812696466388 -5.6098746199299474e-09 -4.553343678936394e-07 -1.5541982460850915e-08 -0.0003421072115742229 8.838092998712989e-09 3.3470203271927387e-07 1.1384274235686685e-08 0.00052344404226501373 -7.8964282447695303e-09 -2.4446438626022116e-07 -1.1135677353157385e-08 -0.00071703656305464403 1.4451538049222005e-08 5.8137869557930612e-08 2.7688934624418451e-09 0.0009273180339249374 -1.4780488819965401e-08 1.0124467441592903e-07 2.7691822214790135e-09 -0.0011598473897732043 1.2265093169130686e-08 -1.7605034224419392e-07 -1.2361715796141739e-09 0.0014221918131817485 3.2799323656207841e-09 1.5485318706266253e-07 6.4851820115324528e-10 -0.0017231967826057569 -2.7241734883706338e-09 -2.2549686490215884e-07 -2.2050302070491987e-09 0.0020751537849982315 2.7385726762345418e-09 2.4584624459194683e-07 5.9153615647190857e-09 -0.0024944343113283882 -6.4353037552776318e-09 -1.5376850331541215e-07 2.1168714462818078e-10 0.003003709721577443 1.2369182152310654e-09 -4.011479588047035e-08 -1.3206387141142602e-08 -0.0036351948164464491 2.1226807877072676e-08 1.1579837772054057e-07 9.3883110701872884e-09 0.0044362832665197126 -2.8268092473471236e-08 1.3935108358204147e-07 5.2572689285422641e-10 -0.005479215174188869 -6.9967013864877868e-09 -1.8726942996428105e-07 -4.2015957988951676e-08 0.0068827832811914147 2.4092715167205205e-09 1.6294048623741621e-07 3.4111637837091839e-08 -0.0088420558757208029 -1.2340399892746556e-08 -3.7992612712769772e-08 -1.3605511993340997e-08 0.011709485428602798 2.7729231065683925e-08 -2.2930619554749245e-07 -1.982960001349357e-08 -0.016179735111482314 2.1439177767523067e-08 -5.1377732823621624e-08 1.3251274119504072e-08 0.023795660953261619 4.2392060414127331e-09 -1.1930031537596467e-08 -3.9728259656672493e-09 -0.038726611641345839 1.3907042765952744e-09 -1.0135434574368625e-09 -1.5871095643219348e-09 0.076721237020190777 3.4451757719433854e-10 -2.0322521406473217e-09 3.4953133049660498e-10 -0.28250116404825054 -2.7085718591512956e-10 0.49999999963909908 -1.7441469130212492e-16 -0.3642211019740037 -1.3581909688174972e-10 4.4922583951008105e-09 3.5456688845221564e-06 0.16998963217264201 7.8716290446350134e-09 -1.088535964861238e-07 -0.0085100941902925067 -5.3216565905446805e-05 5.3260579210262983e-07 0 0 0 0 0 0 0 0 0 0 0 0 0 0 0 0 0 0 0 0 0 0 0 0 0 0 0 0 0 0 0 0 0 0 0 0 0 0 0 0 0 0 0 0 0 0 0 0 0 0 0 0 0 0 0 0 0 0 0 0 0 0 0 0 0 0 0 0 0 0 0 0 0 0 0 0 0 0 0 0 0 0 0 0 0 0 0 0 0 0 0 0 0 0 0 0 0 0 0 0 
-0.020509214399493998 1.5564152904580248e-08 -2.9893823757941999e-07 -1.4909256651976129e-08 0.020598133972183907 -5.6308196624675231e-09 4.5300324187574561e-07 1.5290252190037388e-08 -0.020774079242879176 -5.367468260180703e-09 -3.8163652460138049e-07 -7.1190034222111e-09 0.021041689546185471 -1.0192637784006705e-08 5.5143653628823928e-07 2.3726831659724323e-08 -0.02140616782921918 -4.84425068911863e-09 -4.2697610148758003e-07 -1.5315702466453507e-08 0.021876384046248417 1.3748378533793724e-08 1.9009863512947948e-07 1.9165445789597416e-09 -0.022464590986484935 -2.9727843077206417e-08 1.9500195558774455e-08 -1.1506854923169667e-09 0.023185375861643976 7.1687303112426563e-09 2.5295270486528514e-08 3.5920641488705574e-09 -0.024059319500922664 -3.1892416636940062e-09 6.5972433226275679e-08 -3.8734303382681619e-09 0.025112712706431731 2.7098204263384016e-09 -1.9934338773620365e-07 -5.3545822857501412e-09 -0.026380613075127898 7.7063383512373108e-09 2.6080407240428169e-07 8.6267870072329037e-09 0.027910175409731234 -1.8995185315139404e-08 -1.2782446019271023e-07 4.7136946516335108e-09 -0.029766123487134886 6.6818362358377363e-09 -7.4678599707052578e-08 -9.195904734435396e-09 0.032039185081567681 1.0939473766489972e-08 1.6870969326968945e-09 1.7275632748295525e-08 -0.034860946031196778 5.3422585696173274e-09 9.2067802706197015e-09 2.1080043646487122e-10 0.038426402574240785 -4.7527704224957219e-09 1.354578355538226e-08 -4.6440348510438494e-09 -0.043044248972906943 1.9561197540913068e-09 -4.4279149676181538e-08 6.1272522421548613e-09 0.049231288245907848 7.2556686008483622e-09 -1.3227696160958945e-08 -4.075996731092699e-08 -0.057923980234415702 2.3222697535511708e-09 4.93562717822707e-10 -1.103476879201932e-08 0.07106538962763502 -2.1682640132821398e-09 1.8889095330845013e-08 6.9588176365673895e-09 -0.093481169899696945 -9.2685418175597785e-10 -9.532120919409498e-09 -1.0249106747621311e-09 0.14213025646650049 -1.2386760893926723e-10 1.2748125647991937e-08 -8.9893194632289196e-10 -0.3642211019740037 1.3581909688174972e-10 0.49999998116032607 -1.7744323805440887e-16 -0.25442892750334856 -1.5921226941416131e-08 5.3064984069529685e-07 1.0592397545227023e-05 -0.00031760251609032152 1.0301537809631944e-05 1.1899783888271785e-07 3.177052380055413e-06 0 0 0 0 0 0 0 0 0 0 0 0 0 0 0 0 0 0 0 0 0 0 0 0 0 0 0 0 0 0 0 0 0 0 0 0 0 0 0 0 0 0 0 0 0 0 0 0 0 0 0 0 0 0 0 0 0 0 0 0 0 0 0 0 0 0 0 0 0 0 0 0 0 0 0 0 0 0 0 0 0 0 0 0 0 0 0 0 0 0 0 0 0 0 0 0 0 0 0 0 
-3.3740122746572359e-07 -4.3189283362425899e-07 -8.3252678292415069e-05 3.4007148639596917e-09 3.0065425864298654e-07 4.3204899801766606e-07 0.00016876868795615113 -5.6348874031163022e-09 -2.3824888541376436e-07 -4.3363444969200166e-07 -0.00025819142840551582 5.8186877755088898e-09 1.8929551221653381e-07 4.3905567251898983e-07 0.00035360674386715246 -9.7139337559432411e-09 -9.1010578262316308e-08 -4.4247501032957272e-07 -0.0004571630560790126 1.0528707788395145e-08 4.3217744204795095e-09 4.4950936666650072e-07 0.00057154529122823957 -9.9071275353244155e-09 4.1841711747751582e-08 -4.625583766787146e-07 -0.00070040481202577698 2.7574768640652982e-09 -4.178780597646443e-08 4.7793834887268279e-07 0.0008479692021919875 -3.6379653713140557e-09 8.951531180164259e-08 -4.9549497672525634e-07 -0.0010200932001937558 4.243145072817406e-09 -1.1344048114720768e-07 5.1577890872443428e-07 0.0012245121148965507 -2.9727117608883603e-09 8.1129317214932145e-08 -5.4567027773528748e-07 -0.0014718395828039307 6.2458775092929035e-09 2.6658722971346558e-09 5.8465866866963352e-07 0.0017769775325864746 -1.8388526409379654e-08 -2.114329030036134e-08 -6.2146791690028906e-07 -0.0021615228129551836 2.1729501688079495e-08 -1.4525186872954684e-07 6.6263584420315696e-07 0.002657780901534088 1.0017412335416991e-10 1.9916753054778374e-07 -6.9550229164523592e-07 -0.0033183363816423534 -1.5659507426865827e-09 -1.9257220288490803e-07 7.7255180671326898e-07 0.0042263990937859829 1.4475737002991549e-08 6.981616010394818e-08 -8.8054492386929381e-07 -0.0055261415856307739 -3.1691857905533815e-08 2.3413497886916298e-07 1.0304380507271018e-06 0.0074837688992500503 -2.5185594700420264e-08 5.466218146841428e-08 -1.0959144691095307e-06 -0.010654474077733293 -2.4546406286067613e-09 -1.4480492383791094e-08 1.3560215391036577e-06 0.016310989435119553 1.9085014077236639e-09 -4.4875845368567835e-09 -1.7028387243172718e-06 -0.028072144628076716 5.1038744391881055e-10 -1.2886776663968599e-09 2.2877340220548802e-06 0.0604102519313078 -2.990595560514382e-10 4.4922583951008105e-09 -3.5456688845221564e-06 -0.25442892750334856 1.5921226941416131e-08 0.49999921741395359 -1.7409576384717069e-16 -0.42410108887079095 -3.1202862985950459e-05 0.00062378695426916367 0.021207971779316145 0.00013250135160261056 -7.5677297659134131e-06 0 0 0 0 0 0 0 0 0 0 0 0 0 0 0 0 0 0 0 0 0 0 0 0 0 0 0 0 0 0 0 0 0 0 0 0 0 0 0 0 0 0 0 0 0 0 0 0 0 0 0 0 0 0 0 0 0 0 0 0 0 0 0 0 0 0 0 0 0 0 0 0 0 0 0 0 0 0 0 0 0 0 0 0 0 0 0 0 0 0 0 0 0 0 0 0 0 0 0 0 
0.020396494364794782 -2.5646875352169947e-08 3.355667325877283e-07 1.1637111002851615e-08 -0.020483729938113478 1.5429077836370106e-08 -5.2473749336821939e-07 -8.5878556058328864e-09 0.020656160557679069 -3.8783478405982661e-09 4.8432560115244007e-07 -3.3708067487055046e-09 -0.020918193106561338 1.8801126633085605e-08 -6.8196335813242191e-07 -9.2256338482376926e-09 0.021274663993279219 -2.5772329433493247e-09 5.7493608910293773e-07 -4.0379552469326473e-09 -0.021733955266984 -7.8233479468349944e-09 -3.4354607671120765e-07 2.3263319288399343e-08 0.022307661315173439 2.557870638167873e-08 1.3292745263772193e-07 -3.0182414031474929e-08 -0.023009350274729092 -3.1033968039094513e-09 -1.8090747213409028e-07 3.4589180186797927e-08 0.02385824104396397 -2.1345202499213956e-10 7.7797404611943295e-08 -4.2298964916835214e-08 -0.0248786058594236 -2.9300381042629418e-10 7.9285751965714012e-08 6.1804142725240556e-08 0.026102525602207334 -1.0051008231379839e-08 -1.5939664457016439e-07 -7.5958180047659436e-08 -0.027572652571891138 2.0723280804008613e-08 6.4891902209731666e-09 7.1577708371810784e-08 0.029346746418001286 -8.630416610087299e-10 2.4187702898665533e-07 -7.8354535291171794e-08 -0.031504465671970253 -3.0031500199598708e-08 -1.0071899939612131e-07 8.4617321340726251e-08 0.034159559353843898 1.1488588139385484e-08 -2.0170226446993809e-08 -1.4434756359702322e-07 -0.037473559398691035 -1.5020326469935781e-08 1.4660472674893324e-07 1.9563904199651188e-07 0.041693196475596599 8.6467100898603554e-09 -2.1095925270573551e-07 -2.4526993295787652e-07 -0.047209689245686255 3.213167300714075e-08 -1.380061388107762e-07 2.6733019993194036e-07 0.054686340266797286 1.042266993584662e-08 1.6475194887891651e-09 -4.5376407658251739e-07 -0.065327379698179311 -4.2385866444961084e-10 -3.3369208635798055e-09 6.8454420307658556e-07 0.081617866784576415 -1.3696073774397756e-09 1.8891047913846223e-08 -1.1714008392320168e-06 -0.10965491542835458 1.3449839820634206e-09 -2.9392994466939676e-08 2.5170884653724196e-06 0.16998963217264201 -7.8716290446350134e-09 5.3064984069529685e-07 -1.0592397545227023e-05 -0.42410108887079095 3.1202862985950459e-05 0.49875212758854592 -1.7347238761285365e-16 -0.00053047549760089178 -0.024945360259627458 -0.00034337453513187075 6.24243493423863e-06 0 0 0 0 0 0 0 0 0 0 0 0 0 0 0 0 0 0 0 0 0 0 0 0 0 0 0 0 0 0 0 0 0 0 0 0 0 0 0 0 0 0 0 0 0 0 0 0 0 0 0 0 0 0 0 0 0 0 0 0 0 0 0 0 0 0 0 0 0 0 0 0 0 0 0 0 0 0 0 0 0 0 0 0 0 0 0 0 0 0 0 0 0 0 0 0 0 0 0 0 
2.2577887457021225e-09 0.0010206774372490807 -1.0478203308295898e-07 1.638376450040273e-08 -1.7976845906871004e-09 -0.0010250428870905667 2.1166194563266589e-07 -2.5428981790315492e-08 1.3079794909899841e-09 0.0010336716762724301 -3.2298572432945024e-07 2.2963651611838431e-08 -2.1313848798019762e-09 -0.0010467843338709873 4.4303864105880947e-07 -3.2385773571228994e-08 1.4631650651512407e-09 0.0010646228964220244 -5.719868366848473e-07 2.6517955281674704e-08 -1.077425083834699e-09 -0.0010876068177096425 7.1418652623056545e-07 -1.4371629973953873e-08 2.7893490817416521e-10 0.0011163163097786498 -8.7512189582917538e-07 3.1850142070715791e-09 -1.4421117477323892e-09 -0.0011514303687796684 1.0595941696051457e-06 -4.8564917880266287e-09 1.7132395464241078e-09 0.0011939107670665039 -1.2746401794567096e-06 -1.154504804051517e-09 -1.7706004061766517e-09 -0.0012449721649972394 1.5295165253056028e-06 1.0028432146336182e-08 2.308355300344212e-09 0.0013062199906869842 -1.8383653360973676e-06 -1.5257373571731118e-08 -2.8061745568207732e-09 -0.0013797887214688481 2.2204976372789334e-06 9.1014782347296778e-09 1.8657747812215303e-09 0.0014685688913402772 -2.7014583800781804e-06 1.4267150436261262e-09 -6.1132559336938891e-10 -0.0015765469444699858 3.3222654463798356e-06 8.1200744961572413e-09 1.6933375246566467e-09 0.0017094154168642468 -4.1460333599326436e-06 -1.7439767207274112e-08 -1.5895749497354733e-09 -0.0018752581880918957 5.2800054817321e-06 2.8275949325539198e-08 1.8093111259319118e-09 0.0020864232286416226 -6.9042899500846045e-06 -3.7951061933336985e-08 -3.4462320798208225e-09 -0.0023624900621486439 9.3533664919427458e-06 3.0116335095367387e-08 1.4559872469935525e-09 0.0027366566146906171 -1.3312519147093906e-05 -5.2669724139319714e-08 -1.1077119407753504e-09 -0.0032691976972566822 2.038071071468759e-05 8.0588995918331049e-08 -1.4854552890984586e-09 0.0040845125701143691 -3.5076704350333505e-05 -1.380361702266439e-07 1.2354249021188988e-08 -0.0054879081928464572 7.5484000360214026e-05 2.9761325010598745e-07 -1.088535964861238e-07 0.0085100941902925067 -0.00031760251609032152 -1.0301537809631944e-05 0.00062378695426916367 -0.021207971779316145 -0.00053047549760089178 0.024945360259627458 0.0013485903604273494 -4.6988706393288336e-19 4.9892431647577764e-05 0.0099897970497195634 0 0 0 0 0 0 0 0 0 0 0 0 0 0 0 0 0 0 0 0 0 0 0 0 0 0 0 0 0 0 0 0 0 0 0 0 0 0 0 0 0 0 0 0 0 0 0 0 0 0 0 0 0 0 0 0 0 0 0 0 0 0 0 0 0 0 0 0 0 0 0 0 0 0 0 0 0 0 0 0 0 0 0 0 0 0 0 0 0 0 0 0 0 0 0 0 0 0 0 0 
-6.3810748034024694e-06 -6.3736010705576082e-08 -9.5642965090190014e-11 -1.0465205869561405e-09 6.4083667985195484e-06 6.401137068344543e-08 1.4526351309628225e-10 2.1163124599142945e-09 -6.4623124453908058e-06 -6.4553074027922454e-08 -1.226236354361933e-10 -3.231488571902496e-09 6.5442905354802434e-06 6.5366683841137115e-08 1.7375583512423956e-10 4.4300827060334145e-09 -6.6558141095919398e-06 -6.6484557938845731e-08 -1.2870425593541573e-10 -5.7215113840283646e-09 6.7995056254366483e-06 6.7922089499236266e-08 4.3534100505148116e-11 7.1461628321231444e-09 -6.9789924414237659e-06 -6.9720000236891178e-08 3.6880681027288222e-11 -8.7558984785141704e-09 7.1985197390542215e-06 7.1905882739516571e-08 -3.8399029469717108e-11 1.0601303430076526e-08 -7.464100240027362e-06 -7.4557209057685936e-08 8.9931435218309896e-11 -1.2752544016020214e-08 7.7833279321328205e-06 7.7745942569859893e-08 -1.6195656504832121e-10 1.5304067146920873e-08 -8.1662398407301038e-06 -8.1568171989225881e-08 2.1467494976090719e-10 -1.8394466509025415e-08 8.6261805625796891e-06 8.61604502151757e-08 -2.009321767181978e-10 2.2214837867814294e-08 -9.1812215712072375e-06 -9.1711519308556073e-08 1.6631263576115322e-10 -2.7025725772959547e-08 9.8562861019910212e-06 9.8462794816891763e-08 -2.6638350535018124e-10 3.3233538625973961e-08 -1.0686964175618183e-05 -1.067546779326238e-07 3.7811415509141054e-10 -4.1480725571211763e-08 1.1723796381583095e-05 1.1711390830169929e-07 -5.195065335702097e-10 5.2827860008641672e-08 -1.3043984102849453e-05 -1.3030265917158606e-07 6.8548299188515431e-10 -6.9077218815216273e-08 1.4769943115368186e-05 1.4753754155968039e-07 -7.9520007052767062e-10 9.3569310747829727e-08 -1.7109238987308901e-05 -1.7092046987021407e-07 1.193274249215575e-09 -1.331890530709038e-07 2.0438746884742611e-05 2.0418897613866479e-07 -1.8265405963478325e-09 2.0390297665940511e-07 -2.5536345176326355e-05 -2.5514025998582971e-07 3.1394469377614085e-09 -3.5093081773530531e-07 3.4311488380367957e-05 3.4290353544162905e-07 -6.7595207175178938e-09 7.5519170610763562e-07 -5.3216565905446805e-05 -5.3260579210262983e-07 1.1899783888271785e-07 -3.177052380055413e-06 0.00013250135160261056 7.5677297659134131e-06 -0.00034337453513187075 -6.24243493423863e-06 4.9892431647577764e-05 -0.0099897970497195634 0.99990004909690411 -3.4477802493145786e-16 0 0 0 0 0 0 0 0 0 0 0 0 0 0 0 0 0 0 0 0 0 0 0 0 0 0 0 0 0 0 0 0 0 0 0 0 0 0 0 0 0 0 0 0 0 0 0 0 0 0 0 0 0 0 0 0 0 0 0 0 0 0 0 0 0 0 0 0 0 0 0 0 0 0 0 0 0 0 0 0 0 0 0 0 0 0 0 0 0 0 0 0 0 0 0 0 0 0 0 0 
0 -0 0 -0 0 -0 0 -0 0 -0 0 -0 0 -0 0 -0 0 -0 0 -0 0 -0 0 -0 0 -0 0 -0 0 -0 0 -0 0 -0 0 -0 0 -0 0 -0 0 -0 0 -0 0 -0 0 -0 0 -0 0 -0 0 -0 0 -0 0 -0 0 -0 0 -0 0 -0 0 -0 0 -0 0 -0 0 -0 0 -0 0 -0 0 -0 0 -0 0 -0 0 -0 0 -0 0 -0 0 -0 0 -0 0 -0 0 -0 0 -0 0 -0 0.99990005626249134 -3.4477804123396947e-16 4.989705760677051e-05 -0.0099887555825722875 -0.00037459302811542307 -5.6181548805643548e-06 0.00010598127036248949 8.3520975017049188e-06 1.2572321981981732e-07 -2.7130441595449148e-06 -4.2581383556406441e-05 -4.8152465972250402e-07 -8.3586345806444385e-09 6.4501991550194569e-07 2.7451075157576318e-05 3.0995270836927727e-07 3.8844086582441905e-09 -2.9973496361600228e-07 -2.0430034293866408e-05 -2.3061484133468607e-07 -2.2547022641291303e-09 1.7415666027640228e-07 1.6351627134604264e-05 1.845583800418959e-07 1.4726621716576891e-09 -1.1376049613471413e-07 -1.3687831262546908e-05 -1.5448293482662583e-07 -1.0601009709550777e-09 7.9913962126932775e-08 1.1816370925553122e-05 1.3336347739815354e-07 7.1184507422392432e-10 -5.9001144090110263e-08 -1.0435526280802215e-05 -1.1777124434510679e-07 -5.5613697175974936e-10 4.5123738909746714e-08 9.3793119749101129e-06 1.0584917128339803e-07 4.588514506237884e-10 -3.5430505435984798e-08 -8.5498080151488616e-06 -9.6487761339045653e-08 -3.9324381046038132e-10 2.8381868768787842e-08 7.8852858878300583e-06 8.8982909441658183e-08 3.4877400529523909e-10 -2.308198640509755e-08 -7.3452059985149303e-06 -8.289264024997519e-08 -2.4045875455418481e-10 1.8974584891121418e-08 6.9011465131867559e-06 7.7886237340451949e-08 1.6487412235807125e-10 -1.5712608111920029e-08 -6.5331735772075474e-06 -7.3731934565766644e-08 -1.5036903448608901e-10 1.3072406015767933e-08 6.226830184446109e-06 7.0272500045796725e-08 1.5956323566711375e-10 -1.0892083430017752e-08 -5.971437373508662e-06 -6.7390124205738939e-08 -1.5890047761406761e-10 9.0539682344201146e-09 5.7589691299947855e-06 6.499046229855137e-08 1.35308701783655e-10 -7.4789874893422986e-09 -5.58332787639378e-06 -6.300304036287778e-08 -1.6870327221307394e-10 6.1018000831453048e-09 5.4397380607200248e-06 6.1386835330931752e-08 2.0534583528762329e-10 -4.8846471146796116e-09 -5.3247695032524415e-06 -6.0090578074737459e-08 -2.1558029603207386e-10 3.7806432884254831e-09 5.2355336047615051e-06 5.9086607802455802e-08 1.5885325799959319e-10 -2.7570549437460729e-09 -5.169957448180741e-06 -5.8342538390230613e-08 -1.5488724603610617e-10 1.8049917297623403e-09 5.1267943110253737e-06 5.7857347379144714e-08 9.5810887542227313e-11 -8.8962669032557756e-10 -5.1049944161224195e-06 -5.7613444075906736e-08 
0 -0 0 -0 0 -0 0 -0 0 -0 0 -0 0 -0 0 -0 0 -0 0 -0 0 -0 0 -0 0 -0 0 -0 0 -0 0 -0 0 -0 0 -0 0 -0 0 -0 0 -0 0 -0 0 -0 0 -0 0 -0 0 -0 0 -0 0 -0 0 -0 0 -0 0 -0 0 -0 0 -0 0 -0 0 -0 0 -0 0 -0 0 -0 0 -0 0 -0 0 -0 0 -0 0 -0 0 -0 0 -0 0 -0 0 -0 0 -0 0 -0 0 -0 4.989705760677051e-05 0.0099887555825722875 0.0013485696031301276 -4.6502108804261089e-19 -0.00053048430023983962 0.024945049392245493 0.00062377811927659974 -0.021208237505701874 -0.00031760580651354073 -1.0301772108791123e-05 -1.1002689127339856e-07 0.0085102003810249762 7.5484754568540976e-05 2.9821919991400513e-07 1.3132137084026891e-08 -0.005487976881061331 -3.5077049854028535e-05 -1.3862579395180862e-07 -2.1348723685484404e-09 0.0040845639528688405 2.0380951866438404e-05 8.0093125841205101e-08 -6.8125984384649314e-10 -0.0032692385793035806 -1.3313042631683434e-05 -5.2291137413926303e-08 1.8837512394338312e-09 0.0027366847918905263 9.3525203385908128e-06 4.1830376611773946e-08 -6.8126077671251825e-10 -0.002362527298103617 -6.9043462750349193e-06 -1.6757293902036732e-08 2.1846103944543935e-09 0.0020864534766915884 5.280458268197536e-06 1.5152397499615965e-08 -2.3586806441234175e-09 -0.0018752813064927595 -4.1463340710033323e-06 -1.6324531223763084e-08 2.1166086598388073e-09 0.0017094349317223079 3.3218109386497299e-06 1.8210277575106084e-08 -2.9579187686294992e-09 -0.0015765734702595463 -2.7016257504075627e-06 -2.0583041694088982e-08 1.7336253511879038e-09 0.0014685920651713198 2.2207314098907031e-06 7.6724732850966202e-09 -6.368822105739555e-10 -0.0013798083582149409 -1.8385959079619354e-06 4.8487292077311276e-10 9.2980803596785193e-10 0.0013062369579344517 1.5297119348625297e-06 2.2377619908974855e-09 -1.3248790306491971e-09 -0.0012449874833820084 -1.2748284761214726e-06 -8.7153276345619047e-09 1.2731317946004891e-09 0.0011939248735928756 1.0597399015970058e-06 1.2496083725937251e-08 -1.55900435580897e-09 -0.0011514444472179065 -8.754687121538804e-07 -1.1132102058805495e-08 2.5595133768234397e-09 0.0011163270902639372 7.1428902650271584e-07 2.0733170831212905e-08 -1.6294787965996372e-09 -0.0010876180299107243 -5.7230572358880279e-07 -3.0648238455800222e-08 1.2852097401097367e-09 0.0010646314337591875 4.4328985501052126e-07 3.5044040712766531e-08 -5.6156274369203844e-10 -0.0010467897749063748 -3.2298196651787609e-07 -2.5885684625293419e-08 1.3048420168676499e-09 0.0010336785773898446 2.1179598956113573e-07 2.7118518367079474e-08 -8.551209919595032e-10 -0.0010250486149038249 -1.043594377688432e-07 -1.7258124579010522e-08 3.938901387615708e-10 0.0010206899818949058 
0 -0 0 -0 0 -0 0 -0 0 -0 0 -0 0 -0 0 -0 0 -0 0 -0 0 -0 0 -0 0 -0 0 -0 0 -0 0 -0 0 -0 0 -0 0 -0 0 -0 0 -0 0 -0 0 -0 0 -0 0 -0 0 -0 0 -0 0 -0 0 -0 0 -0 0 -0 0 -0 0 -0 0 -0 0 -0 0 -0 0 -0 0 -0 0 -0 0 -0 0 -0 0 -0 0 -0 0 -0 0 -0 0 -0 0 -0 0 -0 0 -0 0 -0 -0.00037459302811542307 5.6181548805643548e-06 -0.00053048430023983962 -0.024945049392245493 0.49875215390643673 -1.6653346486038048e-16 -0.42410108401552893 3.1198503471068183e-05 5.131142590750204e-07 -1.0592746229616534e-05 0.16998963104523565 -6.2523661161634214e-09 -1.4106196563888921e-08 2.5180164577944561e-06 -0.10965491855461981 -3.2653131021678372e-10 5.6466434910307472e-09 -1.1719408984565936e-06 0.081617874232518359 1.5612416314016761e-09 -1.2299664266365245e-08 6.8370165902285591e-07 -0.065327380716735994 -4.0640460135227857e-11 8.5339931664309444e-09 -4.4441695142493923e-07 0.054686221044254836 -7.3929020237754015e-09 9.5393060805565065e-08 2.9289565110371837e-07 -0.047209843213537273 -2.8088506086960653e-08 2.1091242478356726e-07 -2.4531127526691685e-07 0.041693279902702857 -8.3417523321460071e-09 -1.1481630930647449e-07 1.8578192283375594e-07 -0.037473553310619294 1.4634765332876159e-08 1.8766178155890944e-09 -1.3790647611231392e-07 0.034159522797288816 -1.0827483063523368e-08 1.0111461939379955e-07 9.4786696005033675e-08 -0.031504602090477701 2.7523420498731718e-08 -1.9712787628721478e-07 -7.35279309876954e-08 0.029346842869099381 -9.1200086427237242e-10 -2.280008360949322e-08 6.4465960783575744e-08 -0.027572700569533721 -1.9190963408157332e-08 1.5535256298895244e-07 -6.8691236187530883e-08 0.026102538678604396 1.0153815530675025e-08 -7.6397471040470341e-08 5.5271080678046544e-08 -0.024878601310534036 -4.2704082706543655e-10 -7.3238526901501136e-08 -3.5986001133836181e-08 0.023858225048645616 1.1148150269443672e-09 1.6583661554643134e-07 2.9282657036276245e-08 -0.023009344325400721 4.3764025153520651e-09 -1.5318023016294626e-07 -2.0792000563826057e-08 0.022307598284069155 -2.4912050306236928e-08 3.5760170928356755e-07 1.9231306552202345e-08 -0.02173390801372016 5.6638808305778682e-09 -5.670377543439934e-07 4.200365411635327e-09 0.021274569043587623 2.8801974687007678e-09 6.6512893013568304e-07 -1.5744722334558784e-08 -0.020918040742160745 -1.9354200176157654e-08 -4.9163810808151087e-07 -2.5904907398533341e-09 0.020656040625798511 5.4727180226146488e-09 5.2511143334394147e-07 -1.1739737121258502e-08 -0.020483588712639656 -1.583658966435707e-08 -3.3656654299291548e-07 3.1702890546344344e-09 0.020396490406185026 2.5886479228251968e-08 
0 -0 0 -0 0 -0 0 -0 0 -0 0 -0 0 -0 0 -0 0 -0 0 -0 0 -0 0 -0 0 -0 0 -0 0 -0 0 -0 0 -0 0 -0 0 -0 0 -0 0 -0 0 -0 0 -0 0 -0 0 -0 0 -0 0 -0 0 -0 0 -0 0 -0 0 -0 0 -0 0 -0 0 -0 0 -0 0 -0 0 -0 0 -0 0 -0 0 -0 0 -0 0 -0 0 -0 0 -0 0 -0 0 -0 0 -0 0 -0 0 -0 0 -0 0.00010598127036248949 -8.3520975017049188e-06 0.00062377811927659974 0.021208237505701874 -0.42410108401552893 -3.1198503471068183e-05 0.49999922327132656 -1.7000290064605526e-16 -0.25442892744062001 1.6056304216749417e-08 -2.6273573074109269e-10 -3.5458682500328319e-06 0.060410254084721213 5.0511050670478926e-10 1.3390590684290508e-09 2.2870646722597954e-06 -0.028072146004452399 -4.7709052439986828e-10 3.6430360048883328e-09 -1.7009862120704777e-06 0.016310976313524309 -1.9062228054889064e-09 1.3738336291096969e-08 1.3523268070868415e-06 -0.010654406510367132 1.8880505207693613e-09 -4.127887522912433e-08 -1.1261329960721108e-06 0.0074840352234308216 2.0813654127274554e-08 -1.999878810069084e-07 1.0063009909355424e-06 -0.0055261298584162273 2.9862197930241301e-08 -1.0031202303726483e-07 -8.6332516274583619e-07 0.0042263223253482573 -1.3704386419962504e-08 1.9026230255708965e-07 7.6613596620067087e-07 -0.0033182842533153027 8.0174775762893289e-10 -1.832668697829746e-07 -6.9589356408596382e-07 0.0026577962910588207 7.0160096595773473e-10 1.2266644772097279e-07 6.5166453715165875e-07 -0.0021614409309482449 -2.075153649735407e-08 1.8518557162798452e-08 -6.1513282115516489e-07 0.0017768614725567548 1.8633518995549694e-08 1.9094092990787265e-09 5.8175857150005855e-07 -0.0014717179281530221 -7.0176992953943333e-09 -8.1735424235118386e-08 -5.45205098610046e-07 0.0012243942517694349 3.5609734934035554e-09 1.1272505626274924e-07 5.170444883495038e-07 -0.0010199805590520254 -4.6254778923913828e-09 -8.9553910688048145e-08 -4.9838901710854286e-07 0.00084786456068495087 3.6683984140573437e-09 4.8687268478290531e-08 4.8168970027558798e-07 -0.00070029908759908287 -3.2959109992985768e-09 -4.3098711300237967e-08 -4.6893128260998389e-07 0.00057145997143273782 1.0391781881838033e-08 -6.2547087191105624e-09 4.5587163257260439e-07 -0.00045708360727088256 -1.0590718635356803e-08 9.1413593068528122e-08 -4.5045690859958554e-07 0.00035354302922912362 9.8819752969410273e-09 -1.8658017669017629e-07 4.4819733124788404e-07 -0.00025815445530617034 -5.914580850210653e-09 2.3637592341541914e-07 -4.4254478815458541e-07 0.00016874793444798 5.5921167555046088e-09 -2.9870839346836115e-07 4.4144599535566856e-07 -8.3252648257707221e-05 -3.3968013481143886e-09 3.3574003169817672e-07 -4.3983329307656921e-07 
0 -0 0 -0 0 -0 0 -0 0 -0 0 -0 0 -0 0 -0 0 -0 0 -0 0 -0 0 -0 0 -0 0 -0 0 -0 0 -0 0 -0 0 -0 0 -0 0 -0 0 -0 0 -0 0 -0 0 -0 0 -0 0 -0 0 -0 0 -0 0 -0 0 -0 0 -0 0 -0 0 -0 0 -0 0 -0 0 -0 0 -0 0 -0 0 -0 0 -0 0 -0 0 -0 0 -0 0 -0 0 -0 0 -0 0 -0 0 -0 0 -0 0 -0 1.2572321981981732e-07 2.7130441595449148e-06 -0.00031760580651354073 1.0301772108791123e-05 5.131142590750204e-07 1.0592746229616534e-05 -0.25442892744062001 -1.6056304216749417e-08 0.49999999944080176 -1.6444170583052899e-16 -0.3642211025991503 -1.0021028989254388e-09 -2.2194774624672686e-09 -6.0327564164414722e-10 0.1421302555351838 6.1624339987169951e-10 1.9313769362224622e-09 -1.6197339267858347e-09 -0.093481161808275232 5.2168642869608884e-10 -1.3074024510156825e-08 6.3760370222317029e-09 0.07106537933634538 2.2865036955960787e-09 -2.9930392843589829e-09 4.202115565136151e-09 -0.057924147265228106 -2.9210613886834478e-09 1.9255157682309996e-08 -9.4352579323269555e-09 0.049231152452757047 -7.8013322925902913e-09 4.6893547768020927e-08 -1.0489939702516728e-09 -0.043044121403764055 -2.8001721915058781e-09 -1.9619985770058009e-08 -3.2649791592852684e-09 0.038426272904900853 5.22364028627359e-09 -1.0199347186742717e-08 5.2351983462437941e-09 -0.034860829451185515 -5.659832197612613e-09 6.7401266005516063e-09 -2.4335691619043562e-10 0.032039207369140649 -9.2971528958570936e-09 3.5225507201606632e-08 5.1206150145429731e-10 -0.029766152096105496 -4.7599210508326993e-09 1.4165067221138703e-07 -4.2402504889363574e-09 0.027910202240414409 1.7217501040501177e-08 -2.5502835301460558e-07 1.7268424518508759e-08 -0.026380641515422885 -7.3999694702497365e-09 1.9398852826752221e-07 -1.3924172264664836e-08 0.025112752287850617 -2.4190919821528896e-09 -6.7522867060223562e-08 3.8262719733630237e-09 -0.024059371415633968 2.7096571745930539e-09 -1.3736846693594413e-08 -3.7330407151826032e-09 0.023185456423378943 -8.7492057337918919e-09 2.465180143007712e-09 7.9635122174356139e-10 -0.02246463279370833 2.9397796196551809e-08 -2.055803202028494e-07 -3.5238894607628177e-09 0.021876452823166113 -1.1956142020813469e-08 4.2071810214596487e-07 -1.5591261398293183e-08 -0.021406199157892904 4.8685986035470926e-09 -5.3615111168497813e-07 2.3973024283218549e-08 0.021041670786683328 1.0420660828567651e-08 3.9011580966605662e-07 -3.370332386458628e-09 -0.020774096369479248 4.0756206750115837e-09 -4.5409105008235104e-07 1.5518458215879149e-08 0.020598131332263282 5.7473652301633353e-09 3.0025906153241817e-07 -5.049406325162854e-09 -0.020509349190736589 -1.551347991238352e-08 
0 -0 0 -0 0 -0 0 -0 0 -0 0 -0 0 -0 0 -0 0 -0 0 -0 0 -0 0 -0 0 -0 0 -0 0 -0 0 -0 0 -0 0 -0 0 -0 0 -0 0 -0 0 -0 0 -0 0 -0 0 -0 0 -0 0 -0 0 -0 0 -0 0 -0 0 -0 0 -0 0 -0 0 -0 0 -0 0 -0 0 -0 0 -0 0 -0 0 -0 0 -0 0 -0 0 -0 0 -0 0 -0 0 -0 0 -0 0 -0 0 -0 0 -0 -4.2581383556406441e-05 4.8152465972250402e-07 -1.1002689127339856e-07 -0.0085102003810249762 0.16998963104523565 6.2523661161634214e-09 -2.6273573074109269e-10 3.5458682500328319e-06 -0.3642211025991503 1.0021028989254388e-09 0.50000000251426435 -1.5254385753692146e-16 -0.28250116299967892 -9.8331113314234898e-10 -2.3621048959703138e-09 5.3200621359724096e-10 0.07672123345368756 3.8319735151898321e-10 4.3592962997514683e-09 -9.1932438490793819e-10 -0.03872661326717515 -1.5798704836725915e-09 8.77161211295583e-09 -7.9307765291234841e-09 0.023795717064304955 -2.7895787053389986e-09 3.3761477420086325e-08 -4.9257536357281158e-09 -0.016179628373303945 -1.5618329170247379e-08 1.8579918012033397e-07 -2.0298307684162848e-08 0.011709378376984441 -2.5065114241360963e-08 7.2491149209044735e-08 -3.4152815768771833e-09 -0.0088420169248196283 1.1849883927749232e-08 -1.5611310549127945e-07 1.4648287628093111e-08 0.006882863634229912 -1.7023645325307198e-09 1.6394691311882523e-07 -1.9765145956364772e-08 -0.0054794527576852003 5.84242457081702e-09 -1.0575400563031843e-07 5.6796128250678516e-09 0.0044363711971022414 2.6366711958657779e-08 -1.0280129781695485e-07 5.1113158362879403e-09 -0.0036352226660369396 -2.1837877294026084e-08 2.4510785423870098e-08 -8.9181166629085232e-09 0.0030037156518927604 5.1605604171719646e-10 1.6005144738022755e-07 -4.5813568086171451e-09 -0.0024944288379882256 4.979459150439995e-09 -2.4802431590646142e-07 1.1430089751135056e-08 0.0020751359437155884 -1.6709888328532619e-09 2.2793583445082835e-07 -7.7137781182351065e-09 -0.001723170330765401 2.3617584891506518e-09 -1.6993892040764048e-07 6.9331671223374155e-09 0.0014221381889326699 -1.9204637524243222e-09 1.7908233755966073e-07 -4.1753027222688517e-09 -0.0011598096071411084 -1.3484280945270988e-08 -9.7320847260487304e-08 7.1334540579141383e-09 0.0009272677589912743 1.5114789139884519e-08 -5.9432156407876244e-08 6.2959633109865422e-10 -0.0007169944182498307 -1.496133432343497e-08 2.3981960024951311e-07 -1.0607835749864342e-08 0.00052343311289632295 8.2197938916347413e-09 -3.3201268796288887e-07 9.9097268781240884e-09 -0.00034210715386955492 -8.8381971832979722e-09 4.5265229297430068e-07 -1.4773362782689286e-08 0.00016876879063485513 5.644805012873661e-09 -5.2500841619206312e-07 1.5102663100112655e-08 
0 -0 0 -0 0 -0 0 -0 0 -0 0 -0 0 -0 0 -0 0 -0 0 -0 0 -0 0 -0 0 -0 0 -0 0 -0 0 -0 0 -0 0 -0 0 -0 0 -0 0 -0 0 -0 0 -0 0 -0 0 -0 0 -0 0 -0 0 -0 0 -0 0 -0 0 -0 0 -0 0 -0 0 -0 0 -0 0 -0 0 -0 0 -0 0 -0 0 -0 0 -0 0 -0 0 -0 0 -0 0 -0 0 -0 0 -0 0 -0 0 -0 0 -0 -8.3586345806444385e-09 -6.4501991550194569e-07 7.5484754568540976e-05 -2.9821919991400513e-07 -1.4106196563888921e-08 -2.5180164577944561e-06 0.060410254084721213 -5.0511050670478926e-10 -2.2194774624672686e-09 6.0327564164414722e-10 -0.28250116299967892 9.8331113314234898e-10 0.50000000282575996 -1.4995172496008648e-16 -0.34791020382609245 -5.7489918579301861e-10 -2.7995580943372799e-09 -1.0949123661987376e-10 0.13147578418028422 4.5945892083380109e-10 -3.6823525421056283e-10 2.7989835398368802e-09 -0.085996478726666964 1.5020100355447242e-09 -1.7857192678188037e-08 6.831585076671211e-09 0.065540886767513601 1.2328770622368453e-08 -1.6050043824687049e-07 2.2907392289127054e-08 -0.053698592761755162 4.7711891117853437e-08 -3.5692781674886932e-07 3.5446977494568743e-08 0.045911743969778866 1.5293866924478303e-08 2.0504548095176655e-07 -1.9889777002542396e-08 -0.040387049089919136 -2.7572747687186912e-08 -1.9141136895062071e-08 2.1399241547397295e-09 0.036266595912072194 2.3894699842773096e-08 -9.9411973911281427e-08 1.0325352137876304e-08 -0.033085233287259916 -1.7067792279845568e-08 1.315729067537704e-07 -1.2242816480871822e-08 0.03056764488672651 1.0715493321409552e-08 -2.1090229311134459e-07 1.0953663799914892e-08 -0.028540418310932621 -1.156463850179658e-08 2.8875858045381377e-07 -1.7947357795236333e-08 0.026887782726192504 3.3453163741777468e-09 -2.7647689261761487e-07 1.6398401099781127e-08 -0.025529618582533314 4.2558958592843505e-09 2.1380911380186898e-07 -9.9825246409880482e-09 0.024408960120569378 -4.8254394698972412e-09 -1.7339803800597159e-07 1.0854598566129792e-08 -0.023484354462661453 1.065680811224328e-08 1.9931550072509741e-07 -8.7145934774751226e-09 0.02272513060281187 -3.0462430200086993e-08 -1.7657879054201919e-08 1.1077566069387361e-08 -0.022107943665521372 1.6167051161014718e-08 -1.9105551429445877e-07 7.1094777753300358e-09 0.021615941983545876 -1.1647703716736312e-08 3.2549200190809025e-07 -1.6197513596205111e-08 -0.021235544239733749 -1.4615297531714021e-09 -2.2132445539944262e-07 -2.3282718655902722e-09 0.020956959484588672 -1.4033189775038339e-08 3.3344316442754373e-07 -1.1510629056281383e-08 -0.020774080396107099 5.2353646569497166e-09 -2.3784772295789421e-07 3.1155741555350446e-09 0.020681999268450289 3.9663759014335847e-09 
0 -0 0 -0 0 -0 0 -0 0 -0 0 -0 0 -0 0 -0 0 -0 0 -0 0 -0 0 -0 0 -0 0 -0 0 -0 0 -0 0 -0 0 -0 0 -0 0 -0 0 -0 0 -0 0 -0 0 -0 0 -0 0 -0 0 -0 0 -0 0 -0 0 -0 0 -0 0 -0 0 -0 0 -0 0 -0 0 -0 0 -0 0 -0 0 -0 0 -0 0 -0 0 -0 0 -0 0 -0 0 -0 0 -0 0 -0 0 -0 0 -0 0 -0 2.7451075157576318e-05 -3.0995270836927727e-07 1.3132137084026891e-08 0.005487976881061331 -0.10965491855461981 3.2653131021678372e-10 1.3390590684290508e-09 -2.2870646722597954e-06 0.1421302555351838 -6.1624339987169951e-10 -2.3621048959703138e-09 -5.3200621359724096e-10 -0.34791020382609245 5.7489918579301861e-10 0.5000000023662361 -1.5810379172886603e-16 -0.29315565535715882 -9.0292481360735336e-11 -2.1351603504016586e-09 -2.9624532542694167e-10 0.084205971737650764 -3.0552330925582929e-10 6.1992717480885324e-09 -2.4923319057776498e-09 -0.044251299500618013 -3.5045451279770383e-09 4.4343229962544484e-08 -1.0981135733037557e-08 0.02802099254310653 -3.0118753570432383e-08 3.097447001558831e-07 -3.7614567391830533e-08 -0.01949706789705077 -4.7576525595729462e-08 1.1737216309470724e-07 -1.3710663320619975e-08 0.014368271465218723 2.2847223097086166e-08 -2.474542471159926e-07 2.1860676900383558e-08 -0.011003485217251103 -1.4262127763901587e-09 2.1491314262149928e-07 -1.2843107866196269e-08 0.0086593728728027487 -2.072224313544574e-08 -1.7421327310861719e-07 1.6001922402561006e-08 -0.0069518320053567435 -5.8963885767987503e-09 3.2025295213068589e-07 -1.8861308970852837e-08 0.0056611869287534408 -1.2490663068213546e-09 -1.3750905952292267e-07 1.7971025523327561e-08 -0.0046561510193740526 2.7762410942725101e-08 -1.7661245636119143e-07 4.5887947289052389e-09 0.0038532110784265726 -3.2715646399842816e-08 3.5919612401376366e-07 -1.7681701249509211e-08 -0.0031970055063573607 2.5486943539861114e-08 -3.8863734178903004e-07 1.5507518094968124e-08 0.0026493761217399204 -2.411957263420317e-08 3.5928722727317806e-07 -1.7197460276700166e-08 -0.0021831682316436258 2.1147525544010073e-08 -4.2354252026068691e-07 1.5530368957736625e-08 0.0017783989788805433 4.2060202118008891e-09 3.4524919102212739e-07 -2.1895858914282722e-08 -0.0014206044299277033 -9.1701432125286328e-09 -1.4729591586414029e-07 1.1826421378577135e-08 0.0010977851019204077 1.1647439398345153e-08 -9.5075728449040504e-08 2.0301142931807088e-09 -0.00080109226703389239 -4.1893857949793256e-09 2.1247833629058202e-07 -8.3496069345200999e-11 0.00052344371123533642 7.9221549540802292e-09 -3.8143621676355451e-07 6.9543124106720395e-09 -0.00025819146518455825 -5.8398514849431832e-09 4.8467664611545481e-07 -7.2124483124229551e-09 
0 -0 0 -0 0 -0 0 -0 0 -0 0 -0 0 -0 0 -0 0 -0 0 -0 0 -0 0 -0 0 -0 0 -0 0 -0 0 -0 0 -0 0 -0 0 -0 0 -0 0 -0 0 -0 0 -0 0 -0 0 -0 0 -0 0 -0 0 -0 0 -0 0 -0 0 -0 0 -0 0 -0 0 -0 0 -0 0 -0 0 -0 0 -0 0 -0 0 -0 0 -0 0 -0 0 -0 0 -0 0 -0 0 -0 0 -0 0 -0 0 -0 0 -0 3.8844086582441905e-09 2.9973496361600228e-07 -3.5077049854028535e-05 1.3862579395180862e-07 5.6466434910307472e-09 1.1719408984565936e-06 -0.028072146004452399 4.7709052439986828e-10 1.9313769362224622e-09 1.6197339267858347e-09 0.07672123345368756 -3.8319735151898321e-10 -2.7995580943372799e-09 1.0949123661987376e-10 -0.29315565535715882 9.0292481360735336e-11 0.50000000186457683 -1.6134114173195138e-16 -0.34042547108921384 -5.2274387125867676e-11 -2.255068804973446e-09 2.4383909294304135e-10 0.12595111554347546 4.9276219105403851e-10 -2.6834951170318657e-09 2.4200001813139639e-09 -0.081771056291360791 8.2140630917962297e-09 -1.0465255768583751e-07 1.6689170456476255e-08 0.062222743384974147 3.5299731849190534e-08 -2.1847798586781165e-07 2.8162361440659415e-08 -0.051041324895551923 1.09947937789389e-08 1.2097248131202402e-07 -9.1712597175248701e-09 0.043750269975879032 -2.0328942869953974e-08 -2.0895083366987824e-09 -2.1335946751923895e-09 -0.038610158328755681 2.0254812411799068e-08 -4.3606644334062072e-08 -4.1675869361419499e-09 0.034795004300143831 1.9026860133097858e-09 7.3262574533682957e-08 -3.0986174921649442e-09 -0.031859742794643514 1.2258340427521608e-08 -1.93592435282081e-07 1.446291357037565e-08 0.029545935429975672 -1.158421519738625e-08 1.7539169826528818e-07 -1.6019930664191474e-08 -0.027690298729897006 4.6587294659039464e-09 -9.35969733475027e-08 1.2724752670523375e-08 0.026184745082981353 6.2457468106503082e-10 2.1892798062119363e-08 -1.0495975806085557e-08 -0.024955049654231488 -6.7164105444345532e-09 4.7063722401267474e-08 4.7644959801938673e-09 0.023948726202528896 6.6006658002248972e-09 -1.4722098329707551e-07 -2.0857645772649254e-09 -0.023127836174919477 7.7709741573259761e-09 5.421057503876905e-08 -3.3168377935307247e-09 0.022464197305213662 4.5235514347998993e-09 8.8910914250057163e-08 -9.8152073411800292e-09 -0.021937439373656518 -7.1678498882955848e-09 -1.9851851860119334e-07 1.6564030537879105e-08 0.02153171794513168 1.8361092099193571e-08 1.0717266681648551e-07 1.9652516020467535e-09 -0.021235582926222202 -2.3509765526352835e-09 -2.4316794500290197e-07 1.1327088204520323e-08 0.021041691910907025 1.0144417489665672e-08 1.8887772458892958e-07 -3.1079919909706544e-09 -0.020944360793486716 -1.8727868018197922e-08 
0 -0 0 -0 0 -0 0 -0 0 -0 0 -0 0 -0 0 -0 0 -0 0 -0 0 -0 0 -0 0 -0 0 -0 0 -0 0 -0 0 -0 0 -0 0 -0 0 -0 0 -0 0 -0 0 -0 0 -0 0 -0 0 -0 0 -0 0 -0 0 -0 0 -0 0 -0 0 -0 0 -0 0 -0 0 -0 0 -0 0 -0 0 -0 0 -0 0 -0 0 -0 0 -0 0 -0 0 -0 0 -0 0 -0 0 -0 0 -0 0 -0 0 -0 -2.0430034293866408e-05 2.3061484133468607e-07 -2.1348723685484404e-09 -0.0040845639528688405 0.081617874232518359 -1.5612416314016761e-09 3.6430360048883328e-09 1.7009862120704777e-06 -0.093481161808275232 -5.2168642869608884e-10 4.3592962997514683e-09 9.1932438490793819e-10 0.13147578418028422 -4.5945892083380109e-10 -2.1351603504016586e-09 2.9624532542694167e-10 -0.34042547108921384 5.2274387125867676e-11 0.50000000147291146 -1.4463264591018265e-16 -0.29868032294359792 -7.1082971766450735e-13 -1.1094477536212477e-09 -1.7190907384165618e-10 0.088431354774009124 -8.6038972641993367e-10 1.3756253842693054e-08 -3.1324606584859863e-09 -0.04756929226240262 -1.112823298138438e-08 9.2208595081089947e-08 -1.5036239800559343e-08 0.030678980397463737 -1.7742784151517733e-08 3.2493721589785964e-08 -6.4148687995916832e-09 -0.021658123375392684 8.3423314459144062e-09 -6.8586110820380187e-08 5.9678660463125136e-09 0.016145492007423934 -1.3782032414229653e-09 6.2574881106982678e-08 -6.8034351711379789e-09 -0.012475722017095812 1.8735156659588992e-09 -3.9072133930675122e-08 7.8246765627202983e-09 0.0098845695416700814 1.8157401690956675e-08 -1.7486330927626107e-07 -1.2996622841216742e-09 -0.0079723351180921893 -1.8170211673258607e-08 1.1433927710697769e-07 -8.5878217244473577e-09 0.0065100556698897399 -5.6594300709747098e-09 1.2617414105281585e-07 -6.6703037801007546e-09 -0.0053581684232990884 1.1065757643516933e-08 -2.7990700161482304e-07 1.5287172082867574e-08 0.0044272091618036725 -5.0495960343087709e-09 2.9762414204280611e-07 -8.6715578398682869e-09 -0.0036571788936774798 7.4670248460042582e-09 -2.7038538237821927e-07 8.8158818805211983e-09 0.0030063138120067718 -8.1841007037418587e-09 3.8054988399873237e-07 -5.7888367216958546e-09 -0.0024444544277879058 -2.0783831340126254e-08 -3.1068537403938966e-07 1.3903437332731468e-08 0.0019499933306663124 2.3657534292965389e-08 8.3539087213297523e-08 -6.9597857281029355e-10 -0.0015054101254595301 -2.4030804179129428e-08 2.0858733252785092e-07 -1.7571152037944182e-08 0.0010978271171316436 1.1487312291356887e-08 -3.4019370401490457e-07 1.4572210355643602e-08 -0.00071703617040397023 -1.444538041511465e-08 5.511332343718632e-07 -2.369337989717041e-08 0.00035360682452301677 9.7228077173652974e-09 -6.8243802996319358e-07 2.3943363630942367e-08 
0 -0 0 -0 0 -0 0 -0 0 -0 0 -0 0 -0 0 -0 0 -0 0 -0 0 -0 0 -0 0 -0 0 -0 0 -0 0 -0 0 -0 0 -0 0 -0 0 -0 0 -0 0 -0 0 -0 0 -0 0 -0 0 -0 0 -0 0 -0 0 -0 0 -0 0 -0 0 -0 0 -0 0 -0 0 -0 0 -0 0 -0 0 -0 0 -0 0 -0 0 -0 0 -0 0 -0 0 -0 0 -0 0 -0 0 -0 0 -0 0 -0 0 -0 -2.2547022641291303e-09 -1.7415666027640228e-07 2.0380951866438404e-05 -8.0093125841205101e-08 -1.2299664266365245e-08 -6.8370165902285591e-07 0.016310976313524309 1.9062228054889064e-09 -1.3074024510156825e-08 -6.3760370222317029e-09 -0.03872661326717515 1.5798704836725915e-09 -3.6823525421056283e-10 -2.7989835398368802e-09 0.084205971737650764 3.0552330925582929e-10 -2.255068804973446e-09 -2.4383909294304135e-10 -0.29868032294359792 7.1082971766450735e-13 0.50000000129123534 -1.480528889083364e-16 -0.33620008376689459 -4.85168108139447e-11 -1.5354884485711354e-09 1.329631732159535e-10 0.12263310926327932 1.5173263337200402e-09 -1.317141555691284e-08 3.3567573233954606e-09 -0.07911326803040139 6.6078412707786796e-09 -2.6762257969785314e-08 5.3552375554997538e-09 0.06006155336582792 2.0312247038346346e-09 1.4912852769296292e-08 -2.2167754229904921e-09 -0.04926441105341374 -3.0009789796317608e-09 -1.0606632167047232e-10 8.0578808068156144e-09 0.042277532450009467 -7.6526838214496247e-10 -4.161226901426451e-08 7.6474852074763675e-09 -0.03738493032318338 -2.8069752996144375e-08 8.584572576452562e-08 -8.3887836249633087e-09 0.033773020111217925 -7.8454864472501163e-09 2.0798660215589335e-07 -3.6450608921451964e-09 -0.03101023349510804 2.2240965739378685e-08 -2.8127898543870622e-07 1.3385054829040518e-08 0.028844105384442275 -9.9024266833707384e-09 1.3683015382269058e-07 -6.1362708635728888e-09 -0.027117015690315521 -9.5310655699916101e-10 4.2742835088782279e-08 -3.1436503007675331e-09 0.025725499745557084 7.2134569970164488e-09 -1.9140485195102811e-07 1.0156501029027947e-08 -0.024599011439835412 -8.4900007271036618e-09 3.3239343598564411e-07 -1.4145088964347133e-08 0.02368803966479166 -2.9136588914378544e-09 -3.1211355028583298e-07 1.8594072608280651e-08 -0.022956860599693606 -3.0506196397997454e-09 2.1766836960923962e-07 -7.7607946838085879e-09 0.022379737320621495 5.8070209210985803e-10 -1.050554661282263e-07 -3.0990763986473172e-10 -0.021937404470281526 -7.330991191104207e-09 1.4383327164609687e-07 -1.3745697533818646e-08 0.021615937825108317 -1.0485225361724666e-08 5.6812791233966339e-08 -2.9675467615099084e-09 -0.021406170301805045 4.8102695587361676e-09 -9.0581942498851278e-08 -8.9882674621910402e-10 0.021301277687003677 2.569990213355215e-09 
0 -0 0 -0 0 -0 0 -0 0 -0 0 -0 0 -0 0 -0 0 -0 0 -0 0 -0 0 -0 0 -0 0 -0 0 -0 0 -0 0 -0 0 -0 0 -0 0 -0 0 -0 0 -0 0 -0 0 -0 0 -0 0 -0 0 -0 0 -0 0 -0 0 -0 0 -0 0 -0 0 -0 0 -0 0 -0 0 -0 0 -0 0 -0 0 -0 0 -0 0 -0 0 -0 0 -0 0 -0 0 -0 0 -0 0 -0 0 -0 0 -0 0 -0 1.6351627134604264e-05 -1.845583800418959e-07 -6.8125984384649314e-10 0.0032692385793035806 -0.065327380716735994 4.0640460135227857e-11 1.3738336291096969e-08 -1.3523268070868415e-06 0.07106537933634538 -2.2865036955960787e-09 8.77161211295583e-09 7.9307765291234841e-09 -0.085996478726666964 -1.5020100355447242e-09 6.1992717480885324e-09 2.4923319057776498e-09 0.12595111554347546 -4.9276219105403851e-10 -1.1094477536212477e-09 1.7190907384165618e-10 -0.33620008376689459 4.85168108139447e-11 0.50000000118020549 -9.1382409249242534e-17 -0.30199832831841905 -1.2674446576503506e-10 -2.7138279004817931e-10 -3.4175586539294424e-10 0.091089174407789741 -8.4995273461802932e-10 2.9894943979814675e-09 -1.1983089441453681e-09 -0.049730470306860043 -1.3762520459424619e-09 -3.294607111556841e-10 1.1252253255992539e-09 0.032455849131920761 6.7718020935720233e-10 -1.3881200424001375e-09 -4.3329133685681413e-09 -0.023130324384348758 5.3750620040510609e-10 5.1168980121924629e-10 -1.4563412968233497e-08 0.017371597188170728 7.7447449467035262e-09 3.5472533110663918e-08 -7.5955313864339304e-10 -0.01349701873984291 9.502627006156526e-09 5.2434654005428894e-08 4.7631592322198219e-09 0.010734091415370262 1.0361403137634419e-09 -1.3491523119880674e-07 8.1624909275420206e-09 -0.0086743944186753463 7.6400761659576288e-09 3.3827353133302299e-08 1.4293778696858344e-10 0.0070834420012324721 -8.9601867207129818e-09 8.512686753366293e-08 -7.8048857838477462e-09 -0.0058174563284399119 3.2767370806535577e-09 -1.3508319841447484e-07 3.0802460780271307e-09 0.004783343536896135 -8.3413354400393924e-09 1.724298945054657e-07 -7.1796721691847893e-09 -0.0039180967609981189 1.1887766461490633e-08 -3.9014204308385152e-07 7.8466826149580713e-09 0.0031772857609509244 2.1049348859891808e-08 3.9422165596712307e-07 -2.1596629582025305e-08 -0.0025294984238171756 -2.3560173511120422e-08 -2.0066122687378407e-07 8.852144074558406e-09 0.0019499901576330672 2.4333026354045388e-08 -8.9928178522353499e-08 1.1139482423853023e-08 -0.0014206543298285049 -9.4812738573204089e-09 1.9715113641478754e-07 -5.107623444103405e-09 0.00092731754931079215 1.4787975427322997e-08 -4.2651049847411555e-07 1.5429196647158465e-08 -0.00045716317186583484 -1.0541440482692016e-08 5.7509277025697501e-07 -1.5136583441166028e-08 
0 -0 0 -0 0 -0 0 -0 0 -0 0 -0 0 -0 0 -0 0 -0 0 -0 0 -0 0 -0 0 -0 0 -0 0 -0 0 -0 0 -0 0 -0 0 -0 0 -0 0 -0 0 -0 0 -0 0 -0 0 -0 0 -0 0 -0 0 -0 0 -0 0 -0 0 -0 0 -0 0 -0 0 -0 0 -0 0 -0 0 -0 0 -0 0 -0 0 -0 0 -0 0 -0 0 -0 0 -0 0 -0 0 -0 0 -0 0 -0 0 -0 0 -0 1.4726621716576891e-09 1.1376049613471413e-07 -1.3313042631683434e-05 5.2291137413926303e-08 8.5339931664309444e-09 4.4441695142493923e-07 -0.010654406510367132 -1.8880505207693613e-09 -2.9930392843589829e-09 -4.202115565136151e-09 0.023795717064304955 2.7895787053389986e-09 -1.7857192678188037e-08 -6.831585076671211e-09 -0.044251299500618013 3.5045451279770383e-09 -2.6834951170318657e-09 -2.4200001813139639e-09 0.088431354774009124 8.6038972641993367e-10 -1.5354884485711354e-09 -1.329631732159535e-10 -0.30199832831841905 1.2674446576503506e-10 0.50000000138203071 -1.2069711310190156e-16 -0.33354226750523602 5.5856474746155604e-12 -9.3753707833094957e-10 1.523482129170581e-10 0.12047193534568036 1.445890173608637e-10 1.4550792531988502e-09 -7.2860996025874857e-10 -0.077336328937644166 5.1924911733448084e-11 -1.6652840226789878e-09 7.4000950701976907e-10 0.058589282577862521 -1.0078113746467299e-09 5.5002582766791597e-09 1.094375625669447e-08 -0.048039157139835115 7.8182875140292561e-10 3.4551625518743491e-08 6.0109066943784368e-09 0.041255633450127331 1.8196521810784566e-08 -1.5232563424696818e-07 -8.4817595089777056e-10 -0.036534259604979087 9.2233551253142562e-09 -2.2552795340678217e-07 6.641491779634399e-09 0.033070516981413618 -2.8153206395862416e-08 4.1780930483600418e-07 -2.3731982741047306e-08 -0.030437015491927649 8.4600238332247634e-09 -2.7657062511724422e-07 1.3687432666851183e-08 0.028385459486722716 8.5466144229731084e-09 3.6598335438709577e-08 2.6392109849059191e-09 -0.026761728460052189 -1.479012956221487e-08 1.6747713632320753e-07 -1.0942761090288341e-08 0.025465368530701138 1.8256553466169131e-08 -3.4327068266295682e-07 1.7580757994593027e-08 -0.024428419698344268 -1.1638496714018719e-08 4.2572205010298528e-07 -2.2623068879154262e-08 0.023603498143738175 9.9653053468204641e-09 -4.1908623220760817e-07 1.7319834136774224e-08 -0.022956843757456442 -1.457769064902465e-09 3.3668008822105895e-07 -1.0190800836131169e-08 0.022464146033846395 2.8631783736022392e-09 -3.4530404839160845e-07 2.0988569486053408e-08 -0.022107912485267663 1.6833059602837208e-08 1.0260044705924642e-07 -2.5942297660869808e-09 0.021876387424924561 -1.3733755974373351e-08 3.8818660595993077e-09 3.4493735671766142e-09 -0.021761144373930747 7.8606897877564882e-09 
0 -0 0 -0 0 -0 0 -0 0 -0 0 -0 0 -0 0 -0 0 -0 0 -0 0 -0 0 -0 0 -0 0 -0 0 -0 0 -0 0 -0 0 -0 0 -0 0 -0 0 -0 0 -0 0 -0 0 -0 0 -0 0 -0 0 -0 0 -0 0 -0 0 -0 0 -0 0 -0 0 -0 0 -0 0 -0 0 -0 0 -0 0 -0 0 -0 0 -0 0 -0 0 -0 0 -0 0 -0 0 -0 0 -0 0 -0 0 -0 0 -0 0 -0 -1.3687831262546908e-05 1.5448293482662583e-07 1.8837512394338312e-09 -0.0027366847918905263 0.054686221044254836 7.3929020237754015e-09 -4.127887522912433e-08 1.1261329960721108e-06 -0.057924147265228106 2.9210613886834478e-09 3.3761477420086325e-08 4.9257536357281158e-09 0.065540886767513601 -1.2328770622368453e-08 4.4343229962544484e-08 1.0981135733037557e-08 -0.081771056291360791 -8.2140630917962297e-09 1.3756253842693054e-08 3.1324606584859863e-09 0.12263310926327932 -1.5173263337200402e-09 -2.7138279004817931e-10 3.4175586539294424e-10 -0.33354226750523602 -5.5856474746155604e-12 0.50000000082573348 -1.7622368928137499e-16 -0.30415950321039265 -3.6220846968228545e-11 -3.6875386673543541e-10 1.1492936658956496e-10 0.092866094284590431 -9.1589250451409686e-11 1.9468853156314395e-09 1.4162403626869494e-10 -0.051202773374847133 2.7774538659422997e-10 -1.1270456169413558e-09 -4.3338630359148557e-09 0.033681379058090585 1.4180734136836296e-09 -2.9208016286478333e-08 -7.8209659651152493e-09 -0.024151650120304055 -1.9687528865888767e-08 -5.8977262881845244e-08 6.2992474342917568e-09 0.018220710331194739 -3.6434036018835186e-08 2.3553916005131185e-07 -9.9928405664242503e-09 -0.01420047334154485 1.1323695857312944e-08 6.6507134498201444e-08 -1.0143500117797667e-08 0.011308784449135367 5.8460285296188685e-09 -2.5862005666384117e-07 1.8912689093072525e-08 -0.0091340589190912862 -8.0953282375113647e-09 2.6124674294154327e-07 -1.5518750470173551e-08 0.0074391578611426434 8.241061716741084e-09 -1.9468487539306384e-07 1.5575094420229115e-08 -0.0060775927193722273 3.4436092339966041e-09 7.3225630616340776e-08 -4.6337122957979618e-09 0.004953739572128496 -1.3733619459554238e-08 2.8091662541424961e-07 -3.2607975689159491e-09 -0.0040021265085999867 -1.8621439735312484e-08 -4.0934793732145809e-07 2.5400209207515018e-08 0.0031772387477518906 1.8993930706850386e-08 3.0920467177416582e-07 -1.6479118370367832e-08 -0.0024444111445814684 -1.9967794021969614e-08 -7.3386693635288414e-08 -2.5774759776546158e-09 0.001778427509742022 3.3933844039969147e-09 3.2070361551586963e-08 -8.4514365662617555e-09 -0.001159846845615669 -1.2278386352876058e-08 1.8962671915941371e-07 -2.0480793313122393e-09 0.0005715454666670221 9.9171975143443215e-09 -3.4338110639458758e-07 6.8185429948484536e-10 
0 -0 0 -0 0 -0 0 -0 0 -0 0 -0 0 -0 0 -0 0 -0 0 -0 0 -0 0 -0 0 -0 0 -0 0 -0 0 -0 0 -0 0 -0 0 -0 0 -0 0 -0 0 -0 0 -0 0 -0 0 -0 0 -0 0 -0 0 -0 0 -0 0 -0 0 -0 0 -0 0 -0 0 -0 0 -0 0 -0 0 -0 0 -0 0 -0 0 -0 0 -0 0 -0 0 -0 0 -0 0 -0 0 -0 0 -0 0 -0 0 -0 0 -0 -1.0601009709550777e-09 -7.9913962126932775e-08 9.3525203385908128e-06 -4.1830376611773946e-08 9.5393060805565065e-08 -2.9289565110371837e-07 0.0074840352234308216 -2.0813654127274554e-08 1.9255157682309996e-08 9.4352579323269555e-09 -0.016179628373303945 1.5618329170247379e-08 -1.6050043824687049e-07 -2.2907392289127054e-08 0.02802099254310653 3.0118753570432383e-08 -1.0465255768583751e-07 -1.6689170456476255e-08 -0.04756929226240262 1.112823298138438e-08 -1.317141555691284e-08 -3.3567573233954606e-09 0.091089174407789741 8.4995273461802932e-10 -9.3753707833094957e-10 -1.523482129170581e-10 -0.30415950321039265 3.6220846968228545e-11 0.50000000097318198 -1.5615221820241751e-16 -0.33176534420274423 2.3674696402017071e-11 -1.6226617123622457e-09 4.8267444360696064e-11 0.118999634910049 1.3416614968666954e-10 2.5726409193546886e-10 7.7596595786682316e-10 -0.076110832426157779 -1.142494220327315e-09 4.1867858844135814e-09 4.7215524045990568e-09 0.057567703911177805 5.9054570146367979e-09 6.7940340555136355e-08 -1.1071989165808107e-09 -0.047189139968924647 2.9825232786256863e-08 1.5518338321231122e-07 -1.3125262030976355e-08 0.040554092713034728 6.1259996137467405e-09 -5.9131484920514879e-08 1.787918406050222e-08 -0.03596033126097687 5.2034857686243872e-09 -2.4022093084701458e-07 1.5066022629879601e-08 0.032610545126077667 9.6131085464845772e-09 2.8859159557409059e-07 -1.9234378471915169e-08 -0.030080734185001769 -2.2130160766925069e-08 -1.7286659693148412e-07 8.6174327790478221e-09 0.028124850304756806 2.17546898113194e-08 4.0191874785812582e-08 -6.5365467973052519e-09 -0.026590959558252272 -2.4666596066303524e-08 1.0030922701739441e-07 -1.5594407723124798e-10 0.025380763556148735 2.31795813092559e-08 -2.8528005673098601e-07 5.9554667005389099e-09 -0.024428426066722006 -1.1925599127688614e-08 3.9977729789039393e-07 -9.7237002746968432e-09 0.023688047157532553 -3.6312104333149329e-09 -3.9167844680768101e-07 7.0013671458550638e-09 -0.023127823396955755 8.440773232354372e-09 4.126429657140316e-07 -1.7349055171143903e-08 0.022725133243785032 -2.9858864028832756e-08 -1.7745114927272426e-07 1.0764287090565383e-09 -0.022464594751373006 2.9731892998562711e-08 4.2298985825887278e-08 -2.3661364695261931e-09 0.022335568436666856 -2.5657400692101239e-08 
0 -0 0 -0 0 -0 0 -0 0 -0 0 -0 0 -0 0 -0 0 -0 0 -0 0 -0 0 -0 0 -0 0 -0 0 -0 0 -0 0 -0 0 -0 0 -0 0 -0 0 -0 0 -0 0 -0 0 -0 0 -0 0 -0 0 -0 0 -0 0 -0 0 -0 0 -0 0 -0 0 -0 0 -0 0 -0 0 -0 0 -0 0 -0 0 -0 0 -0 0 -0 0 -0 0 -0 0 -0 0 -0 0 -0 0 -0 0 -0 0 -0 0 -0 1.1816370925553122e-05 -1.3336347739815354e-07 -6.8126077671251825e-10 0.002362527298103617 -0.047209843213537273 2.8088506086960653e-08 -1.999878810069084e-07 -1.0063009909355424e-06 0.049231152452757047 7.8013322925902913e-09 1.8579918012033397e-07 2.0298307684162848e-08 -0.053698592761755162 -4.7711891117853437e-08 3.097447001558831e-07 3.7614567391830533e-08 0.062222743384974147 -3.5299731849190534e-08 9.2208595081089947e-08 1.5036239800559343e-08 -0.07911326803040139 -6.6078412707786796e-09 2.9894943979814675e-09 1.1983089441453681e-09 0.12047193534568036 -1.445890173608637e-10 -3.6875386673543541e-10 -1.1492936658956496e-10 -0.33176534420274423 -2.3674696402017071e-11 0.50000000054019567 -5.0309733660405982e-16 -0.30563180146084984 1.107149011901626e-11 -8.2969130242684603e-10 -4.9042567325538282e-11 0.094091592312119068 1.0232966739059545e-10 1.7215120816525174e-09 -1.0585081772326694e-09 -0.052224286255750693 -2.004153960765287e-10 -1.4026043815212374e-08 -2.6251787198346937e-09 0.034531057282869634 -1.0741181058258258e-08 -1.4741795315922469e-07 1.0761416229311062e-08 -0.024854516229211296 3.3379060747425608e-11 -4.2800531426342849e-07 2.0812838745220497e-08 0.018794334774999619 1.142483343578892e-08 1.8596716728753763e-07 -2.0127353755134997e-08 -0.014659913402293182 -3.3168713986821093e-08 2.5884291252551722e-07 -8.8318821132218929e-09 0.011664715106439705 2.1503027236761037e-08 -4.546616589902244e-07 1.9565055146877542e-08 -0.009394432601338612 -2.8086321043882418e-09 4.5484548522193111e-07 -2.2363849934222425e-08 0.0076097719484771384 -2.1590954974585375e-08 -3.2449968231551632e-07 1.2893179376382845e-08 -0.0061621755067805496 4.212498929753563e-08 -9.7980975002683901e-08 -3.8333720294832629e-09 0.0049537799274204887 -1.3909706052894376e-08 3.2938219377456077e-07 -2.1475187076063733e-08 -0.0039180800006928702 1.42890447626247e-08 -3.3439121279774592e-07 1.4251685876213454e-08 0.0030062923167315752 -9.0649242066029124e-09 1.7480117690538257e-07 5.1347235502354352e-09 -0.0021832201759760602 2.1966757958484427e-08 -2.2022011970365275e-07 1.0091776659281376e-08 0.0014221911911814868 -3.2704001722119053e-09 2.0069289035988271e-08 1.3234083705816441e-09 -0.00070040505025093468 -2.7604262866484184e-09 1.3237208102604588e-07 8.2542812087797282e-10 
0 -0 0 -0 0 -0 0 -0 0 -0 0 -0 0 -0 0 -0 0 -0 0 -0 0 -0 0 -0 0 -0 0 -0 0 -0 0 -0 0 -0 0 -0 0 -0 0 -0 0 -0 0 -0 0 -0 0 -0 0 -0 0 -0 0 -0 0 -0 0 -0 0 -0 0 -0 0 -0 0 -0 0 -0 0 -0 0 -0 0 -0 0 -0 0 -0 0 -0 0 -0 0 -0 0 -0 0 -0 0 -0 0 -0 0 -0 0 -0 0 -0 0 -0 7.1184507422392432e-10 5.9001144090110263e-08 -6.9043462750349193e-06 1.6757293902036732e-08 2.1091242478356726e-07 2.4531127526691685e-07 -0.0055261298584162273 -2.9862197930241301e-08 4.6893547768020927e-08 1.0489939702516728e-09 0.011709378376984441 2.5065114241360963e-08 -3.5692781674886932e-07 -3.5446977494568743e-08 -0.01949706789705077 4.7576525595729462e-08 -2.1847798586781165e-07 -2.8162361440659415e-08 0.030678980397463737 1.7742784151517733e-08 -2.6762257969785314e-08 -5.3552375554997538e-09 -0.049730470306860043 1.3762520459424619e-09 1.4550792531988502e-09 7.2860996025874857e-10 0.092866094284590431 9.1589250451409686e-11 -1.6226617123622457e-09 -4.8267444360696064e-11 -0.30563180146084984 -1.107149011901626e-11 0.50000000159800473 -2.5272075841459917e-17 -0.33053984436208045 1.8594036536241404e-12 -1.6998662861688742e-09 6.6191618426642851e-11 0.11797810865817099 -5.5959572392910912e-11 2.0233861563282113e-09 9.4763356129217534e-10 -0.075261069475396611 2.0269944770340537e-09 2.4864025732117534e-08 -7.192426050245375e-10 0.056865376962047472 -3.4151990744624696e-09 3.3286433831509127e-07 -2.1997536471548414e-08 -0.04661522940469192 -3.2951130218172616e-08 4.4674351668034892e-07 -2.9390519944225058e-08 0.040094351848387458 -4.967422425647757e-09 -3.1961791029343978e-07 1.4097353086268867e-08 -0.035604031973111287 2.5200553641168771e-08 -2.4872526227052285e-08 3.9445188256043977e-09 0.032350052267952088 -2.1994593852110551e-08 2.3385389285228622e-07 -6.1357083810053325e-09 -0.029910333813129849 1.7872394180106193e-08 -3.4029466078285056e-07 1.5974003374967552e-08 0.028040642607269756 1.8119337448013232e-09 3.480496935314236e-07 -1.2925550521897504e-08 -0.026590986999559026 -2.5189097037746047e-08 -9.4532020290987219e-08 8.6399976488324247e-09 0.025465370861302336 1.9117888734227062e-08 -1.5401034702907975e-07 4.6290263432813204e-09 -0.024599013375407503 -9.082471336094775e-09 2.5576542867832347e-07 -6.1345804675068404e-09 0.023948708639244223 7.3275206415184984e-09 -3.2954375274192715e-07 1.4734539290433394e-08 -0.023484334305756329 8.3442791985920507e-09 1.5629202281649559e-07 -5.0382694409828591e-10 0.02318538023817154 -7.176093480132906e-09 -4.2258987486372923e-08 1.6194825289869982e-09 -0.023038135723318774 3.1596497635836857e-09 
0 -0 0 -0 0 -0 0 -0 0 -0 0 -0 0 -0 0 -0 0 -0 0 -0 0 -0 0 -0 0 -0 0 -0 0 -0 0 -0 0 -0 0 -0 0 -0 0 -0 0 -0 0 -0 0 -0 0 -0 0 -0 0 -0 0 -0 0 -0 0 -0 0 -0 0 -0 0 -0 0 -0 0 -0 0 -0 0 -0 0 -0 0 -0 0 -0 0 -0 0 -0 0 -0 0 -0 0 -0 0 -0 0 -0 0 -0 0 -0 0 -0 0 -0 -1.0435526280802215e-05 1.1777124434510679e-07 2.1846103944543935e-09 -0.0020864534766915884 0.041693279902702857 8.3417523321460071e-09 -1.0031202303726483e-07 8.6332516274583619e-07 -0.043044121403764055 2.8001721915058781e-09 7.2491149209044735e-08 3.4152815768771833e-09 0.045911743969778866 -1.5293866924478303e-08 1.1737216309470724e-07 1.3710663320619975e-08 -0.051041324895551923 -1.09947937789389e-08 3.2493721589785964e-08 6.4148687995916832e-09 0.06006155336582792 -2.0312247038346346e-09 -3.294607111556841e-10 -1.1252253255992539e-09 -0.077336328937644166 -5.1924911733448084e-11 1.9468853156314395e-09 -1.4162403626869494e-10 0.118999634910049 -1.3416614968666954e-10 -8.2969130242684603e-10 4.9042567325538282e-11 -0.33053984436208045 -1.8594036536241404e-12 0.50000000111163478 -8.1858021720096683e-17 -0.30665332643720533 -5.4529235686780167e-11 -1.3352873249420488e-09 -1.2993526842735252e-10 0.094941344001033573 -2.8405758336994697e-10 3.1371972525883584e-09 -4.4298337761426658e-10 -0.052926758708233254 1.174977162408169e-09 -8.3741761589264215e-08 5.3054526717094674e-09 0.03510489154630976 2.1897924810192074e-08 -3.8480835835485952e-07 3.1905283685100008e-08 -0.025313795640500857 4.5573777661636877e-08 -3.2500412288980365e-07 3.4289909270511366e-08 0.019150538784642984 3.1016272642352983e-09 2.431608030500108e-07 -1.4037131914402461e-08 -0.014920819476666106 -2.4966879993945967e-08 3.6311361346226411e-08 -6.7045774626182478e-09 0.011835569009258891 2.1821115961563443e-08 -2.3095396483808179e-07 1.3793162833499851e-08 -0.0094788545917545482 -6.0499071844146812e-09 3.0244073663486837e-07 -1.2700213616233178e-08 0.0076097383383008912 -1.8023560636789134e-08 -4.1071694913510357e-08 7.9284450384310391e-09 -0.0060775867353027842 5.2450113605427435e-10 -1.4404186969332507e-07 1.5455764641712102e-08 0.0047832766983521395 -8.2529218449312112e-09 1.7583392231288057e-07 -9.1803175907428982e-09 -0.0036571078931805228 6.1371610424437281e-09 -5.2516918940516149e-08 -1.0511294266318258e-08 0.0026493921194748324 -2.319199865636359e-08 1.6416095012409325e-07 -8.8361893994943078e-09 -0.0017231960972731079 2.7147750964878061e-09 2.467327233167009e-08 -3.7718405851816254e-09 0.00084796952570732279 3.6408255946583964e-09 -1.8032588544498069e-07 9.304568029550857e-10 
0 -0 0 -0 0 -0 0 -0 0 -0 0 -0 0 -0 0 -0 0 -0 0 -0 0 -0 0 -0 0 -0 0 -0 0 -0 0 -0 0 -0 0 -0 0 -0 0 -0 0 -0 0 -0 0 -0 0 -0 0 -0 0 -0 0 -0 0 -0 0 -0 0 -0 0 -0 0 -0 0 -0 0 -0 0 -0 0 -0 0 -0 0 -0 0 -0 0 -0 0 -0 0 -0 0 -0 0 -0 0 -0 0 -0 0 -0 0 -0 0 -0 0 -0 -5.5613697175974936e-10 -4.5123738909746714e-08 5.280458268197536e-06 -1.5152397499615965e-08 -1.1481630930647449e-07 -1.8578192283375594e-07 0.0042263223253482573 1.3704386419962504e-08 -1.9619985770058009e-08 3.2649791592852684e-09 -0.0088420169248196283 -1.1849883927749232e-08 2.0504548095176655e-07 1.9889777002542396e-08 0.014368271465218723 -2.2847223097086166e-08 1.2097248131202402e-07 9.1712597175248701e-09 -0.021658123375392684 -8.3423314459144062e-09 1.4912852769296292e-08 2.2167754229904921e-09 0.032455849131920761 -6.7718020935720233e-10 -1.6652840226789878e-09 -7.4000950701976907e-10 -0.051202773374847133 -2.7774538659422997e-10 2.5726409193546886e-10 -7.7596595786682316e-10 0.094091592312119068 -1.0232966739059545e-10 -1.6998662861688742e-09 -6.6191618426642851e-11 -0.30665332643720533 5.4529235686780167e-11 0.5000000012028033 -1.2502545280088497e-16 -0.32969009263458748 2.176264481141009e-11 -1.7712668679556464e-09 6.5382718307494328e-11 0.11727566005620245 -3.0884836466222646e-11 7.8708334594796954e-09 -3.6202566895617643e-10 -0.074687211517086252 -5.851816944202806e-09 1.001061370350835e-07 -9.4372854443229565e-09 0.05640574881145264 -3.0631998682475938e-08 3.2822750089623879e-07 -3.4783190557606807e-08 -0.046259537968691783 -4.6689403920534769e-08 2.7189418685130848e-07 -2.57650445700102e-08 0.039833735778634978 7.6506412564429784e-09 -2.5039732726557152e-07 1.8627626923999155e-08 -0.035433115658912571 2.0512276823654614e-08 1.0332608540135139e-08 -6.54012345131884e-09 0.032265513392019968 -3.4171461458224443e-08 2.5145315468633063e-07 -1.491347044454321e-08 -0.029910300234563519 1.5901865848368843e-08 -4.4055195428380326e-07 1.7619968161011392e-08 0.028124873667315524 2.2454167122818077e-08 1.793307283077843e-07 -1.7137723451359342e-08 -0.026761720687601825 -1.4590692223442311e-08 1.4426268116191123e-07 -5.2663160984677841e-09 0.025725518375849948 6.6546187087596292e-09 -3.0368919795960441e-07 1.0103204675785659e-08 -0.024955073820689396 -5.6167906153484283e-09 3.7638697829908526e-07 -1.4810462255977904e-08 0.024408976674140923 -4.5015767862224089e-09 -2.2699159095313298e-07 2.0711998204705368e-09 -0.024059324676483248 3.2022340446919221e-09 9.0008194484470602e-08 -1.7627236422946987e-09 0.023888089129699159 1.5491394723373883e-10 
0 -0 0 -0 0 -0 0 -0 0 -0 0 -0 0 -0 0 -0 0 -0 0 -0 0 -0 0 -0 0 -0 0 -0 0 -0 0 -0 0 -0 0 -0 0 -0 0 -0 0 -0 0 -0 0 -0 0 -0 0 -0 0 -0 0 -0 0 -0 0 -0 0 -0 0 -0 0 -0 0 -0 0 -0 0 -0 0 -0 0 -0 0 -0 0 -0 0 -0 0 -0 0 -0 0 -0 0 -0 0 -0 0 -0 0 -0 0 -0 0 -0 0 -0 9.3793119749101129e-06 -1.0584917128339803e-07 -2.3586806441234175e-09 0.0018752813064927595 -0.037473553310619294 -1.4634765332876159e-08 1.9026230255708965e-07 -7.6613596620067087e-07 0.038426272904900853 -5.22364028627359e-09 -1.5611310549127945e-07 -1.4648287628093111e-08 -0.040387049089919136 2.7572747687186912e-08 -2.474542471159926e-07 -2.1860676900383558e-08 0.043750269975879032 2.0328942869953974e-08 -6.8586110820380187e-08 -5.9678660463125136e-09 -0.04926441105341374 3.0009789796317608e-09 -1.3881200424001375e-09 4.3329133685681413e-09 0.058589282577862521 1.0078113746467299e-09 -1.1270456169413558e-09 4.3338630359148557e-09 -0.076110832426157779 1.142494220327315e-09 1.7215120816525174e-09 1.0585081772326694e-09 0.11797810865817099 5.5959572392910912e-11 -1.3352873249420488e-09 1.2993526842735252e-10 -0.32969009263458748 -2.176264481141009e-11 0.50000000089391461 -1.5731874107927156e-16 -0.30735577671849196 -4.4496722572591541e-11 -9.3534405137059469e-10 -2.5191757620155857e-12 0.095515193116107636 6.0731652866607984e-10 -7.9640122496883407e-09 1.1802597521291006e-09 -0.053386287590366323 7.633529620447739e-09 -8.2077307090293265e-08 1.0278294878919465e-08 0.035461069376995155 3.1452215607597633e-08 -2.7957432299087149e-07 2.5942691597938345e-08 -0.025574015933541777 3.5281037863007842e-08 -1.9507730129976197e-07 1.2062778657481938e-08 0.019321287894984024 -1.2768725763683183e-08 2.1469300259176565e-07 -9.2776659447180422e-09 -0.01500542669660769 -9.4153788448432976e-09 -2.0224808323381538e-08 6.2979472746272597e-09 0.011835577826187006 2.1233567135772322e-08 -2.1545827692877813e-07 4.8187177206919124e-09 -0.0093944317203744059 -5.1822211662149948e-09 1.8321593850423681e-07 -8.5072796967278682e-09 0.0074391653016882111 9.6678256492516786e-09 -6.1547299232345334e-08 -7.9830699348630756e-09 -0.0058174001047817956 4.6652901580036257e-09 -3.1362458439476169e-08 3.6489616063332615e-09 0.0044271384569444907 -4.8343676685239052e-09 -6.6014436981781213e-09 1.4714015905824369e-08 -0.0031970186876034701 2.5294025610960665e-08 -2.1313978468343674e-07 9.5165928119844485e-09 0.0020751530306542306 -2.7272779551779235e-09 6.6650381899707647e-08 4.033721953182449e-09 -0.0010200936248722504 -4.2435722714461719e-09 7.6990140984560269e-08 -3.7829246652324479e-10 
0 -0 0 -0 0 -0 0 -0 0 -0 0 -0 0 -0 0 -0 0 -0 0 -0 0 -0 0 -0 0 -0 0 -0 0 -0 0 -0 0 -0 0 -0 0 -0 0 -0 0 -0 0 -0 0 -0 0 -0 0 -0 0 -0 0 -0 0 -0 0 -0 0 -0 0 -0 0 -0 0 -0 0 -0 0 -0 0 -0 0 -0 0 -0 0 -0 0 -0 0 -0 0 -0 0 -0 0 -0 0 -0 0 -0 0 -0 0 -0 0 -0 0 -0 4.588514506237884e-10 3.5430505435984798e-08 -4.1463340710033323e-06 1.6324531223763084e-08 1.8766178155890944e-09 1.3790647611231392e-07 -0.0033182842533153027 -8.0174775762893289e-10 -1.0199347186742717e-08 -5.2351983462437941e-09 0.006882863634229912 1.7023645325307198e-09 -1.9141136895062071e-08 -2.1399241547397295e-09 -0.011003485217251103 1.4262127763901587e-09 -2.0895083366987824e-09 2.1335946751923895e-09 0.016145492007423934 1.3782032414229653e-09 -1.0606632167047232e-10 -8.0578808068156144e-09 -0.023130324384348758 -5.3750620040510609e-10 5.5002582766791597e-09 -1.094375625669447e-08 0.033681379058090585 -1.4180734136836296e-09 4.1867858844135814e-09 -4.7215524045990568e-09 -0.052224286255750693 2.004153960765287e-10 2.0233861563282113e-09 -9.4763356129217534e-10 0.094941344001033573 2.8405758336994697e-10 -1.7712668679556464e-09 -6.5382718307494328e-11 -0.30735577671849196 4.4496722572591541e-11 0.50000000085937357 -1.2495769130247797e-16 -0.32911624184245108 -1.0251830005595179e-11 -6.9953953947174536e-10 -1.168239783860159e-10 0.11681612469002697 -6.260764423313844e-10 4.5847682960185762e-09 -1.2882722436901005e-09 -0.074331193751972668 -7.4573623711969969e-09 6.9518561286283105e-08 -6.2866461741330382e-09 0.056145061330499839 -2.5059224232822548e-08 2.1953559874318802e-07 -1.3157276818412867e-08 -0.046089083091570719 -2.6272784354734881e-08 1.7659050644435301e-07 -1.0738432487916913e-08 0.039749275282304798 8.5025958212918443e-09 -2.0523142548573369e-07 8.3785882863363506e-09 -0.035433109549773321 2.0344358938291074e-08 -5.5616837596717597e-08 9.3961366818247417e-09 0.032350001882292305 -1.9002986461789105e-08 4.2801576470478893e-07 -1.4558999316682851e-08 -0.030080748355749476 -2.257546699094792e-08 -2.381833704321006e-07 1.8432834271559643e-08 0.028385424358700242 7.6150252978131748e-09 -9.3511841084163367e-08 1.2100023471653574e-08 -0.02711703196135681 -3.9311695558606218e-10 2.8192601295992425e-07 -1.9061104948558635e-08 0.026184795495470464 -7.0630435124192905e-10 -3.4596674665276252e-07 1.737481646126808e-08 -0.025529655237704604 3.9444013097413977e-09 2.4740411846583965e-07 -5.7981811055397277e-09 0.025112718554352702 -2.7254846771580483e-09 -1.139577594372064e-07 2.7561677466796798e-09 -0.024909730954707287 3.5792988010670687e-10 
0 -0 0 -0 0 -0 0 -0 0 -0 0 -0 0 -0 0 -0 0 -0 0 -0 0 -0 0 -0 0 -0 0 -0 0 -0 0 -0 0 -0 0 -0 0 -0 0 -0 0 -0 0 -0 0 -0 0 -0 0 -0 0 -0 0 -0 0 -0 0 -0 0 -0 0 -0 0 -0 0 -0 0 -0 0 -0 0 -0 0 -0 0 -0 0 -0 0 -0 0 -0 0 -0 0 -0 0 -0 0 -0 0 -0 0 -0 0 -0 0 -0 0 -0 -8.5498080151488616e-06 9.6487761339045653e-08 2.1166086598388073e-09 -0.0017094349317223079 0.034159522797288816 1.0827483063523368e-08 -1.832668697829746e-07 6.9589356408596382e-07 -0.034860829451185515 5.659832197612613e-09 1.6394691311882523e-07 1.9765145956364772e-08 0.036266595912072194 -2.3894699842773096e-08 2.1491314262149928e-07 1.2843107866196269e-08 -0.038610158328755681 -2.0254812411799068e-08 6.2574881106982678e-08 6.8034351711379789e-09 0.042277532450009467 7.6526838214496247e-10 5.1168980121924629e-10 1.4563412968233497e-08 -0.048039157139835115 -7.8182875140292561e-10 -2.9208016286478333e-08 7.8209659651152493e-09 0.057567703911177805 -5.9054570146367979e-09 -1.4026043815212374e-08 2.6251787198346937e-09 -0.075261069475396611 -2.0269944770340537e-09 3.1371972525883584e-09 4.4298337761426658e-10 0.11727566005620245 3.0884836466222646e-11 -9.3534405137059469e-10 2.5191757620155857e-12 -0.32911624184245108 1.0251830005595179e-11 0.50000000071038608 -2.2280391702268558e-16 -0.3078153134001434 -2.0330322150726099e-11 7.8345903070016509e-11 1.4182441805258076e-10 0.095871229816642894 5.6579839354358582e-10 -4.3056988063739119e-09 4.2960871487872653e-10 -0.053646804841812383 5.3839156639355672e-09 -5.1540963934469508e-08 9.0735265471988946e-10 0.035631883454496249 1.9650727431660815e-08 -1.9707089900064235e-07 8.2839050537056437e-09 -0.025658371869680792 2.5798900175812822e-08 -1.8149774558888997e-07 1.0934619672678712e-08 0.019321277043510169 -1.2305706444437761e-08 2.5329099857988588e-07 -1.6926101980348228e-08 -0.014920820010409281 -2.4763172892364751e-08 2.8217859785997539e-08 -6.2736359679194976e-09 0.011664748525264682 2.2967405486077106e-08 -3.0631931055187531e-07 1.775118474794795e-08 -0.0091340765852061939 -8.4332268761095049e-09 3.0008008868658916e-07 -9.152067779488667e-09 0.0070834083138553465 -1.1180585458821964e-08 -1.4309410076395939e-07 4.7620370597280006e-09 -0.0053581097228451204 1.1449172368352863e-08 6.9460861803630345e-08 -1.5249236183525453e-08 0.0038532236798500493 -3.2740466533478453e-08 2.8158677703392301e-07 -1.7541626800656046e-08 -0.0024944335283828179 6.4247877771170234e-09 -2.0012798339325717e-07 5.2231553401911448e-09 0.0012245126864111012 2.9678842827518971e-09 8.0445142691329408e-08 -1.0647831335143246e-08 
0 -0 0 -0 0 -0 0 -0 0 -0 0 -0 0 -0 0 -0 0 -0 0 -0 0 -0 0 -0 0 -0 0 -0 0 -0 0 -0 0 -0 0 -0 0 -0 0 -0 0 -0 0 -0 0 -0 0 -0 0 -0 0 -0 0 -0 0 -0 0 -0 0 -0 0 -0 0 -0 0 -0 0 -0 0 -0 0 -0 0 -0 0 -0 0 -0 0 -0 0 -0 0 -0 0 -0 0 -0 0 -0 0 -0 0 -0 0 -0 0 -0 0 -0 -3.9324381046038132e-10 -2.8381868768787842e-08 3.3218109386497299e-06 -1.8210277575106084e-08 1.0111461939379955e-07 -9.4786696005033675e-08 0.0026577962910588207 -7.0160096595773473e-10 6.7401266005516063e-09 2.4335691619043562e-10 -0.0054794527576852003 -5.84242457081702e-09 -9.9411973911281427e-08 -1.0325352137876304e-08 0.0086593728728027487 2.072224313544574e-08 -4.3606644334062072e-08 4.1675869361419499e-09 -0.012475722017095812 -1.8735156659588992e-09 -4.161226901426451e-08 -7.6474852074763675e-09 0.017371597188170728 -7.7447449467035262e-09 3.4551625518743491e-08 -6.0109066943784368e-09 -0.024151650120304055 1.9687528865888767e-08 6.7940340555136355e-08 1.1071989165808107e-09 0.034531057282869634 1.0741181058258258e-08 2.4864025732117534e-08 7.192426050245375e-10 -0.052926758708233254 -1.174977162408169e-09 7.8708334594796954e-09 3.6202566895617643e-10 0.095515193116107636 -6.0731652866607984e-10 -6.9953953947174536e-10 1.168239783860159e-10 -0.3078153134001434 2.0330322150726099e-11 0.50000000047431015 -1.6329440053065365e-16 -0.32876020546941986 -4.0725784230776483e-12 -1.0380009573121495e-10 -7.372408427843084e-11 0.11655558297268208 -2.2640517477379212e-10 1.4695069014195338e-09 6.0911494797634079e-10 -0.074160513445827261 -3.844995167812183e-09 4.6188106950157756e-08 1.2743480566749319e-09 0.05606053746985306 -1.8762140806526797e-08 1.9787745223988303e-07 -7.4855242639124117e-09 -0.046089092669483814 -2.5665527105213368e-08 1.8917362177143912e-07 -1.1657562301341593e-08 0.039833748099445308 7.0698012233739132e-09 -2.2773341002971225e-07 9.5602259024403004e-09 -0.035603993791194555 2.171938522172991e-08 -2.2837668826758071e-07 6.3484848340542357e-09 0.032610547517418084 9.3249612303740919e-09 2.3948305361982275e-07 -2.4424923817607268e-08 -0.030436942319331032 1.026276525349049e-08 -3.7810105542344836e-08 -6.0484842482568032e-09 0.028844106214411504 -1.0246969274934738e-08 -1.1408834125488585e-07 1.305068213707109e-08 -0.027690368093515112 5.9787280016274244e-09 1.5579118862612285e-07 -5.1417385781740447e-09 0.026887834290084345 3.9509708053974096e-09 -1.5538942227602015e-07 -3.2383785015310682e-10 -0.026380619743476916 -7.6916882484754112e-09 8.167053596786471e-08 1.6206968287897276e-09 0.026135182470653578 9.9938188679594305e-09 
0 -0 0 -0 0 -0 0 -0 0 -0 0 -0 0 -0 0 -0 0 -0 0 -0 0 -0 0 -0 0 -0 0 -0 0 -0 0 -0 0 -0 0 -0 0 -0 0 -0 0 -0 0 -0 0 -0 0 -0 0 -0 0 -0 0 -0 0 -0 0 -0 0 -0 0 -0 0 -0 0 -0 0 -0 0 -0 0 -0 0 -0 0 -0 0 -0 0 -0 0 -0 0 -0 0 -0 0 -0 0 -0 0 -0 0 -0 0 -0 0 -0 0 -0 7.8852858878300583e-06 -8.8982909441658183e-08 -2.9579187686294992e-09 0.0015765734702595463 -0.031504602090477701 -2.7523420498731718e-08 1.2266644772097279e-07 -6.5166453715165875e-07 0.032039207369140649 9.2971528958570936e-09 -1.0575400563031843e-07 -5.6796128250678516e-09 -0.033085233287259916 1.7067792279845568e-08 -1.7421327310861719e-07 -1.6001922402561006e-08 0.034795004300143831 -1.9026860133097858e-09 -3.9072133930675122e-08 -7.8246765627202983e-09 -0.03738493032318338 2.8069752996144375e-08 3.5472533110663918e-08 7.5955313864339304e-10 0.041255633450127331 -1.8196521810784566e-08 -5.8977262881845244e-08 -6.2992474342917568e-09 -0.047189139968924647 -2.9825232786256863e-08 -1.4741795315922469e-07 -1.0761416229311062e-08 0.056865376962047472 3.4151990744624696e-09 -8.3741761589264215e-08 -5.3054526717094674e-09 -0.074687211517086252 5.851816944202806e-09 -7.9640122496883407e-09 -1.1802597521291006e-09 0.11681612469002697 6.260764423313844e-10 7.8345903070016509e-11 -1.4182441805258076e-10 -0.32876020546941986 4.0725784230776483e-12 0.50000000011628476 -8.399893389022888e-17 -0.3080758537325653 -4.0684333497473447e-11 5.7846481417935425e-10 1.1109784767936702e-11 0.096041928894209067 2.6210618897537326e-11 -1.3246945910817147e-09 -9.148803740715011e-10 -0.053731267105835576 3.7225972100306207e-09 -4.7085858273053025e-08 -1.682750114304789e-09 0.035631891881324707 1.8856449436565461e-08 -2.0857990864990251e-07 9.8039684585458282e-09 -0.025573988366170069 3.3772751201824728e-08 -2.7483701248046875e-07 2.5517572555355471e-08 0.019150503272319336 4.6513527805951433e-09 2.9804520303610575e-07 -7.3007111142041329e-09 -0.014659957812846923 -3.3718797254636134e-08 2.5959486177885644e-07 -1.3171369536095564e-08 0.011308791832171575 5.2876444259546429e-09 -4.3639395557252694e-07 2.3633502134819672e-08 -0.0086743974964273839 1.0275190936935359e-08 2.8323129019607192e-07 -1.2833089063931689e-08 0.0065100316305243397 -6.4972845800829384e-09 -1.4641486779076058e-07 1.6532133873985137e-08 -0.004656173816519598 2.776917414000833e-08 -2.932718724964099e-07 2.1630494073612997e-08 0.0030037089698437798 -1.2260090603509731e-09 2.6165105375825825e-07 -8.5048441399551966e-09 -0.00147184036384997 -6.2374705233330869e-09 -1.6077867373587453e-07 1.4504796824643341e-08 
0 -0 0 -0 0 -0 0 -0 0 -0 0 -0 0 -0 0 -0 0 -0 0 -0 0 -0 0 -0 0 -0 0 -0 0 -0 0 -0 0 -0 0 -0 0 -0 0 -0 0 -0 0 -0 0 -0 0 -0 0 -0 0 -0 0 -0 0 -0 0 -0 0 -0 0 -0 0 -0 0 -0 0 -0 0 -0 0 -0 0 -0 0 -0 0 -0 0 -0 0 -0 0 -0 0 -0 0 -0 0 -0 0 -0 0 -0 0 -0 0 -0 0 -0 3.4877400529523909e-10 2.308198640509755e-08 -2.7016257504075627e-06 2.0583041694088982e-08 -1.9712787628721478e-07 7.35279309876954e-08 -0.0021614409309482449 2.075153649735407e-08 3.5225507201606632e-08 -5.1206150145429731e-10 0.0044363711971022414 -2.6366711958657779e-08 1.315729067537704e-07 1.2242816480871822e-08 -0.0069518320053567435 5.8963885767987503e-09 7.3262574533682957e-08 3.0986174921649442e-09 0.0098845695416700814 -1.8157401690956675e-08 8.584572576452562e-08 8.3887836249633087e-09 -0.01349701873984291 -9.502627006156526e-09 -1.5232563424696818e-07 8.4817595089777056e-10 0.018220710331194739 3.6434036018835186e-08 1.5518338321231122e-07 1.3125262030976355e-08 -0.024854516229211296 -3.3379060747425608e-11 3.3286433831509127e-07 2.1997536471548414e-08 0.03510489154630976 -2.1897924810192074e-08 1.001061370350835e-07 9.4372854443229565e-09 -0.053386287590366323 -7.633529620447739e-09 4.5847682960185762e-09 1.2882722436901005e-09 0.095871229816642894 -5.6579839354358582e-10 -1.0380009573121495e-10 7.372408427843084e-11 -0.3080758537325653 4.0684333497473447e-11 0.49999999983746801 -1.2487298645678889e-16 -0.32858950696737232 3.8178915450975346e-11 -3.036928036340446e-10 -1.351185647549415e-11 0.11647111445497586 -6.3767526149518541e-11 2.0571163691368182e-09 8.9112175237426588e-10 -0.074160514070152062 -3.6015625560214448e-09 4.5998357308166624e-08 1.1111695042890463e-09 0.056145036622398926 -2.3204730417719567e-08 2.6957602469907571e-07 -2.051976428028291e-08 -0.046259566340820832 -4.5321045927675159e-08 3.2933486535764872e-07 -3.3369537244415819e-08 0.04009437394499786 -2.5680721624952936e-09 -2.1958064208988556e-07 1.8300613587085155e-08 -0.03596033967798358 7.7647449427835648e-09 -5.7499367755482905e-08 1.8815125620648407e-08 0.033070425898112425 -3.1770696124038217e-08 1.6018942885485243e-07 -3.0661456201090829e-09 -0.031010220279533766 2.2612845956437429e-08 -1.5020300687936087e-07 1.713972531750061e-09 0.029546016592109627 -1.2721229078190414e-08 1.7277905217209898e-07 -1.7877697138714886e-08 -0.028540472241458292 -1.2976664908506158e-08 -3.8402844295203059e-08 1.3317951941287528e-08 0.027910182710660085 1.8975050639346036e-08 2.087351177051203e-09 -9.964628821240454e-09 -0.027607148994347502 -2.0665244742689359e-08 
0 -0 0 -0 0 -0 0 -0 0 -0 0 -0 0 -0 0 -0 0 -0 0 -0 0 -0 0 -0 0 -0 0 -0 0 -0 0 -0 0 -0 0 -0 0 -0 0 -0 0 -0 0 -0 0 -0 0 -0 0 -0 0 -0 0 -0 0 -0 0 -0 0 -0 0 -0 0 -0 0 -0 0 -0 0 -0 0 -0 0 -0 0 -0 0 -0 0 -0 0 -0 0 -0 0 -0 0 -0 0 -0 0 -0 0 -0 0 -0 0 -0 0 -0 -7.3452059985149303e-06 8.289264024997519e-08 1.7336253511879038e-09 -0.0014685920651713198 0.029346842869099381 9.1200086427237242e-10 1.8518557162798452e-08 6.1513282115516489e-07 -0.029766152096105496 4.7599210508326993e-09 -1.0280129781695485e-07 -5.1113158362879403e-09 0.03056764488672651 -1.0715493321409552e-08 3.2025295213068589e-07 1.8861308970852837e-08 -0.031859742794643514 -1.2258340427521608e-08 -1.7486330927626107e-07 1.2996622841216742e-09 0.033773020111217925 7.8454864472501163e-09 5.2434654005428894e-08 -4.7631592322198219e-09 -0.036534259604979087 -9.2233551253142562e-09 2.3553916005131185e-07 9.9928405664242503e-09 0.040554092713034728 -6.1259996137467405e-09 -4.2800531426342849e-07 -2.0812838745220497e-08 -0.04661522940469192 3.2951130218172616e-08 -3.8480835835485952e-07 -3.1905283685100008e-08 0.05640574881145264 3.0631998682475938e-08 -8.2077307090293265e-08 -1.0278294878919465e-08 -0.074331193751972668 7.4573623711969969e-09 -4.3056988063739119e-09 -4.2960871487872653e-10 0.11655558297268208 2.2640517477379212e-10 5.7846481417935425e-10 -1.1109784767936702e-11 -0.32858950696737232 -3.8178915450975346e-11 0.49999999960528091 -6.1583318671887093e-17 -0.30816032252838277 -5.0593733773856653e-11 6.3755193699122905e-10 8.4110961243023092e-11 0.096041928155720824 2.0962062581340324e-12 -5.1000446514275362e-10 -1.0498749978706611e-09 -0.053646797779877714 4.6187806911956718e-09 -6.2758523728921035e-08 2.9300145696593412e-09 0.035461098095913482 2.9581739471792328e-08 -3.2192053615674027e-07 2.7824924161534862e-08 -0.025313754172624513 4.3353538341491137e-08 -4.3173819514459466e-07 2.5159853736559249e-08 0.018794347112031234 9.7619378794668841e-09 6.7562986547874658e-08 -2.2839008547611578e-08 -0.014200416565271653 1.1615125637107157e-08 2.1932893459842736e-07 -1.4212068915151579e-08 0.010734121412088262 4.2358352556061823e-10 -2.0014594490833908e-07 6.3859573942271774e-09 -0.0079723538556328785 -1.9060019099045987e-08 1.6669551666017988e-07 -1.3493233449186997e-08 0.0056612168794245915 8.8077744966219872e-10 1.9883375934444578e-07 -1.7123757712380408e-08 -0.0036351940558624501 -2.1239922141939612e-08 -1.2879782690572562e-07 -4.8342635857667472e-09 0.0017769785466812164 1.8381791315485688e-08 7.8815780133232411e-09 2.6189329206588981e-09 
0 -0 0 -0 0 -0 0 -0 0 -0 0 -0 0 -0 0 -0 0 -0 0 -0 0 -0 0 -0 0 -0 0 -0 0 -0 0 -0 0 -0 0 -0 0 -0 0 -0 0 -0 0 -0 0 -0 0 -0 0 -0 0 -0 0 -0 0 -0 0 -0 0 -0 0 -0 0 -0 0 -0 0 -0 0 -0 0 -0 0 -0 0 -0 0 -0 0 -0 0 -0 0 -0 0 -0 0 -0 0 -0 0 -0 0 -0 0 -0 0 -0 0 -0 -2.4045875455418481e-10 -1.8974584891121418e-08 2.2207314098907031e-06 -7.6724732850966202e-09 -2.280008360949322e-08 -6.4465960783575744e-08 0.0017768614725567548 -1.8633518995549694e-08 1.4165067221138703e-07 4.2402504889363574e-09 -0.0036352226660369396 2.1837877294026084e-08 -2.1090229311134459e-07 -1.0953663799914892e-08 0.0056611869287534408 1.2490663068213546e-09 -1.93592435282081e-07 -1.446291357037565e-08 -0.0079723351180921893 1.8170211673258607e-08 2.0798660215589335e-07 3.6450608921451964e-09 0.010734091415370262 -1.0361403137634419e-09 -2.2552795340678217e-07 -6.641491779634399e-09 -0.01420047334154485 -1.1323695857312944e-08 -5.9131484920514879e-08 -1.787918406050222e-08 0.018794334774999619 -1.142483343578892e-08 4.4674351668034892e-07 2.9390519944225058e-08 -0.025313795640500857 -4.5573777661636877e-08 3.2822750089623879e-07 3.4783190557606807e-08 0.035461069376995155 -3.1452215607597633e-08 6.9518561286283105e-08 6.2866461741330382e-09 -0.053646804841812383 -5.3839156639355672e-09 1.4695069014195338e-09 -6.0911494797634079e-10 0.096041928894209067 -2.6210618897537326e-11 -3.036928036340446e-10 1.351185647549415e-11 -0.30816032252838277 5.0593733773856653e-11 0.49999999961149072 -8.850308618117405e-17 -0.32858950670329168 7.3184836806224637e-11 -6.3272208566317215e-10 1.1038062621071115e-11 0.11655558154518102 -8.6343930289845602e-11 2.8570392237009009e-09 3.3781492341393661e-10 -0.074331200304524642 -6.638609336088428e-09 7.6577371505450666e-08 -6.1806304951860824e-09 0.056405713197437653 -2.9146159733888519e-08 3.8255062007136149e-07 -2.4279752562597295e-08 -0.046615269505967158 -3.5409947978769484e-08 4.6281888482086427e-07 -1.7684172165804492e-08 0.040554091765546682 3.6017655504699919e-09 -2.5397990621410508e-07 5.984838590968805e-09 -0.036534212283228146 1.3478678350470345e-08 -7.4498216936502165e-08 -8.7498539496556773e-09 0.033773028906379406 -8.1679152958153051e-09 2.1294822235743734e-07 5.8851320164285516e-09 -0.031859843918207037 1.3879123383750379e-08 -3.510458221558621e-07 2.1418321715361633e-08 0.030567694677327294 1.1689482819725825e-08 1.1396073569615313e-07 -9.4971670778284784e-09 -0.029766131396970007 -6.6565702353547995e-09 -2.0510756462942448e-08 9.7918605900808384e-09 0.029383462596898034 7.6769912846368572e-10 
0 -0 0 -0 0 -0 0 -0 0 -0 0 -0 0 -0 0 -0 0 -0 0 -0 0 -0 0 -0 0 -0 0 -0 0 -0 0 -0 0 -0 0 -0 0 -0 0 -0 0 -0 0 -0 0 -0 0 -0 0 -0 0 -0 0 -0 0 -0 0 -0 0 -0 0 -0 0 -0 0 -0 0 -0 0 -0 0 -0 0 -0 0 -0 0 -0 0 -0 0 -0 0 -0 0 -0 0 -0 0 -0 0 -0 0 -0 0 -0 0 -0 0 -0 6.9011465131867559e-06 -7.7886237340451949e-08 -6.368822105739555e-10 0.0013798083582149409 -0.027572700569533721 1.9190963408157332e-08 1.9094092990787265e-09 -5.8175857150005855e-07 0.027910202240414409 -1.7217501040501177e-08 2.4510785423870098e-08 8.9181166629085232e-09 -0.028540418310932621 1.156463850179658e-08 -1.3750905952292267e-07 -1.7971025523327561e-08 0.029545935429975672 1.158421519738625e-08 1.1433927710697769e-07 8.5878217244473577e-09 -0.03101023349510804 -2.2240965739378685e-08 -1.3491523119880674e-07 -8.1624909275420206e-09 0.033070516981413618 2.8153206395862416e-08 6.6507134498201444e-08 1.0143500117797667e-08 -0.03596033126097687 -5.2034857686243872e-09 1.8596716728753763e-07 2.0127353755134997e-08 0.040094351848387458 4.967422425647757e-09 -3.2500412288980365e-07 -3.4289909270511366e-08 -0.046259537968691783 4.6689403920534769e-08 -2.7957432299087149e-07 -2.5942691597938345e-08 0.056145061330499839 2.5059224232822548e-08 -5.1540963934469508e-08 -9.0735265471988946e-10 -0.074160513445827261 3.844995167812183e-09 -1.3246945910817147e-09 9.148803740715011e-10 0.11647111445497586 6.3767526149518541e-11 6.3755193699122905e-10 -8.4110961243023092e-11 -0.32858950670329168 -7.3184836806224637e-11 0.49999999998697608 -1.5853799206728492e-16 -0.30807585342396265 -3.0546733068561493e-11 1.7595111868426669e-10 2.5146286685449935e-11 0.095871229654874143 4.1249960713388793e-10 -3.3377833934353494e-09 3.9368013362855368e-10 -0.053386277961298904 6.8501797644371583e-09 -9.5942826262430638e-08 5.4705155665073587e-09 0.035104917919647025 2.4492610159132776e-08 -3.7972938698527086e-07 1.8594313207203778e-08 -0.02485452055518023 8.3639284285260828e-09 -1.9085310546021013e-07 2.320526477562752e-08 0.018220605991337218 -3.8571755111478014e-08 2.0654396481916445e-07 1.466497355191493e-08 -0.013497078984556425 7.6777298418132314e-09 -1.24656863473816e-07 3.4828420416201961e-09 0.0098846250004185499 2.1740012594883513e-08 -3.8550089354171649e-08 -8.7967907793323055e-10 -0.0069518370510137494 -1.1898419589135475e-08 -1.022225220941495e-07 2.1407991896032482e-08 0.0044362824410849469 2.8283187709663621e-08 -7.3570641646895247e-08 9.3270206748592512e-09 -0.0021615240897467822 -2.1725765264097041e-08 2.4055652943431025e-07 -1.1900387048786874e-08 
0 -0 0 -0 0 -0 0 -0 0 -0 0 -0 0 -0 0 -0 0 -0 0 -0 0 -0 0 -0 0 -0 0 -0 0 -0 0 -0 0 -0 0 -0 0 -0 0 -0 0 -0 0 -0 0 -0 0 -0 0 -0 0 -0 0 -0 0 -0 0 -0 0 -0 0 -0 0 -0 0 -0 0 -0 0 -0 0 -0 0 -0 0 -0 0 -0 0 -0 0 -0 0 -0 0 -0 0 -0 0 -0 0 -0 0 -0 0 -0 0 -0 0 -0 1.6487412235807125e-10 1.5712608111920029e-08 -1.8385959079619354e-06 -4.8487292077311276e-10 1.5535256298895244e-07 6.8691236187530883e-08 -0.0014717179281530221 7.0176992953943333e-09 -2.5502835301460558e-07 -1.7268424518508759e-08 0.0030037156518927604 -5.1605604171719646e-10 2.8875858045381377e-07 1.7947357795236333e-08 -0.0046561510193740526 -2.7762410942725101e-08 1.7539169826528818e-07 1.6019930664191474e-08 0.0065100556698897399 5.6594300709747098e-09 -2.8127898543870622e-07 -1.3385054829040518e-08 -0.0086743944186753463 -7.6400761659576288e-09 4.1780930483600418e-07 2.3731982741047306e-08 0.011308784449135367 -5.8460285296188685e-09 -2.4022093084701458e-07 -1.5066022629879601e-08 -0.014659913402293182 3.3168713986821093e-08 -3.1961791029343978e-07 -1.4097353086268867e-08 0.019150538784642984 -3.1016272642352983e-09 2.7189418685130848e-07 2.57650445700102e-08 -0.025574015933541777 -3.5281037863007842e-08 2.1953559874318802e-07 1.3157276818412867e-08 0.035631883454496249 -1.9650727431660815e-08 4.6188106950157756e-08 -1.2743480566749319e-09 -0.053731267105835576 -3.7225972100306207e-09 2.0571163691368182e-09 -8.9112175237426588e-10 0.096041928155720824 -2.0962062581340324e-12 -6.3272208566317215e-10 -1.1038062621071115e-11 -0.30807585342396265 3.0546733068561493e-11 0.50000000022869895 -1.1793409131211074e-16 -0.32876020519399113 4.0160088169344027e-12 -5.0079430417484281e-10 -9.1057193422006063e-11 0.11681612323844065 -3.8503804750104389e-10 5.5608095267922111e-09 -3.4535315131549513e-10 -0.074687216639101869 -6.5373030387832711e-09 1.0208802356352652e-07 -3.7728407190165851e-09 0.056865378213886965 -1.0272545242051172e-08 2.009501117233283e-07 -1.7950176000211198e-08 -0.047189049949971737 2.5225399478956428e-08 4.889628111648764e-08 -2.2742369565685737e-08 0.041255692285237781 2.1348031328728911e-08 -3.860600691424483e-08 4.2569520403678756e-09 -0.037384986024830098 -3.2354028491513693e-08 4.9972226624150486e-08 -4.8191743258703708e-09 0.034795108206356271 1.0164089780965836e-09 1.4168850730785408e-07 -2.529914705104977e-08 -0.033085259748949457 -1.5571146977695265e-08 1.4134466482403949e-07 -4.2298814948770821e-10 0.032039193846311938 -1.0962110187700924e-08 -1.4595394773485617e-07 -5.9785364675108838e-09 -0.031543881737175788 3.0164815733287073e-08 
0 -0 0 -0 0 -0 0 -0 0 -0 0 -0 0 -0 0 -0 0 -0 0 -0 0 -0 0 -0 0 -0 0 -0 0 -0 0 -0 0 -0 0 -0 0 -0 0 -0 0 -0 0 -0 0 -0 0 -0 0 -0 0 -0 0 -0 0 -0 0 -0 0 -0 0 -0 0 -0 0 -0 0 -0 0 -0 0 -0 0 -0 0 -0 0 -0 0 -0 0 -0 0 -0 0 -0 0 -0 0 -0 0 -0 0 -0 0 -0 0 -0 0 -0 -6.5331735772075474e-06 7.3731934565766644e-08 9.2980803596785193e-10 -0.0013062369579344517 0.026102538678604396 -1.0153815530675025e-08 -8.1735424235118386e-08 5.45205098610046e-07 -0.026380641515422885 7.3999694702497365e-09 1.6005144738022755e-07 4.5813568086171451e-09 0.026887782726192504 -3.3453163741777468e-09 -1.7661245636119143e-07 -4.5887947289052389e-09 -0.027690298729897006 -4.6587294659039464e-09 1.2617414105281585e-07 6.6703037801007546e-09 0.028844105384442275 9.9024266833707384e-09 3.3827353133302299e-08 -1.4293778696858344e-10 -0.030437015491927649 -8.4600238332247634e-09 -2.5862005666384117e-07 -1.8912689093072525e-08 0.032610545126077667 -9.6131085464845772e-09 2.5884291252551722e-07 8.8318821132218929e-09 -0.035604031973111287 -2.5200553641168771e-08 2.431608030500108e-07 1.4037131914402461e-08 0.039833735778634978 -7.6506412564429784e-09 -1.9507730129976197e-07 -1.2062778657481938e-08 -0.046089083091570719 2.6272784354734881e-08 -1.9707089900064235e-07 -8.2839050537056437e-09 0.05606053746985306 1.8762140806526797e-08 -4.7085858273053025e-08 1.682750114304789e-09 -0.074160514070152062 3.6015625560214448e-09 -5.1000446514275362e-10 1.0498749978706611e-09 0.11655558154518102 8.6343930289845602e-11 1.7595111868426669e-10 -2.5146286685449935e-11 -0.32876020519399113 -4.0160088169344027e-12 0.49999999993004118 -1.7455665564928462e-16 -0.30781531293945574 -6.7170377033164815e-11 9.5058294672804898e-10 5.9148517444852086e-11 0.095515192659108267 6.0645787298571485e-10 -1.0435362097203903e-08 1.9115807187754394e-10 -0.052926760027093955 3.4812665322587498e-09 -4.6372838284640375e-08 3.8461438280235785e-09 0.034531011906783364 -6.0406205473329612e-09 -8.5323607093813591e-08 1.2313757150416222e-08 -0.024151698169293336 -1.90659954331629e-08 -3.4705944270644287e-08 -9.6013167039442166e-09 0.017371722252541365 6.9871969916901013e-09 4.5229917193550422e-08 -1.8791014529544191e-08 -0.012475765964840572 4.3174120389463852e-09 2.0587460810020452e-08 2.0680506071057878e-08 0.0086592584361772969 -1.8381105966688562e-08 7.6809803211003991e-08 -2.1913960930298719e-08 -0.005479214306366215 6.9664125399023715e-09 3.7174710836704345e-10 -1.7420107009123942e-08 0.0026577825326021638 -1.0276575684057412e-10 -9.8860985294112126e-08 2.6368119249256445e-08 
0 -0 0 -0 0 -0 0 -0 0 -0 0 -0 0 -0 0 -0 0 -0 0 -0 0 -0 0 -0 0 -0 0 -0 0 -0 0 -0 0 -0 0 -0 0 -0 0 -0 0 -0 0 -0 0 -0 0 -0 0 -0 0 -0 0 -0 0 -0 0 -0 0 -0 0 -0 0 -0 0 -0 0 -0 0 -0 0 -0 0 -0 0 -0 0 -0 0 -0 0 -0 0 -0 0 -0 0 -0 0 -0 0 -0 0 -0 0 -0 0 -0 0 -0 -1.5036903448608901e-10 -1.3072406015767933e-08 1.5297119348625297e-06 -2.2377619908974855e-09 -7.6397471040470341e-08 -5.5271080678046544e-08 0.0012243942517694349 -3.5609734934035554e-09 1.9398852826752221e-07 1.3924172264664836e-08 -0.0024944288379882256 -4.979459150439995e-09 -2.7647689261761487e-07 -1.6398401099781127e-08 0.0038532110784265726 3.2715646399842816e-08 -9.35969733475027e-08 -1.2724752670523375e-08 -0.0053581684232990884 -1.1065757643516933e-08 1.3683015382269058e-07 6.1362708635728888e-09 0.0070834420012324721 8.9601867207129818e-09 -2.7657062511724422e-07 -1.3687432666851183e-08 -0.0091340589190912862 8.0953282375113647e-09 2.8859159557409059e-07 1.9234378471915169e-08 0.011664715106439705 -2.1503027236761037e-08 -2.4872526227052285e-08 -3.9445188256043977e-09 -0.014920819476666106 2.4966879993945967e-08 -2.5039732726557152e-07 -1.8627626923999155e-08 0.019321287894984024 1.2768725763683183e-08 1.7659050644435301e-07 1.0738432487916913e-08 -0.025658371869680792 -2.5798900175812822e-08 1.9787745223988303e-07 7.4855242639124117e-09 0.035631891881324707 -1.8856449436565461e-08 4.5998357308166624e-08 -1.1111695042890463e-09 -0.053646797779877714 -4.6187806911956718e-09 2.8570392237009009e-09 -3.3781492341393661e-10 0.095871229654874143 -4.1249960713388793e-10 -5.0079430417484281e-10 9.1057193422006063e-11 -0.30781531293945574 6.7170377033164815e-11 0.49999999981905735 -1.058977532867235e-16 -0.32911624190536376 -6.9122956013494666e-12 6.0346890006465352e-10 -8.5222588270815739e-11 0.11727566094997767 -3.8184844681013203e-10 6.7028823151094046e-10 -4.4696650951608251e-10 -0.075261055072424143 5.7322788435620087e-10 1.909873087570908e-08 -2.3137510907381928e-09 0.05756773067528613 4.176028946025813e-09 4.0594930889751285e-08 9.5293089273860638e-09 -0.048039247952865571 1.3783071410073509e-09 -1.1801175290105751e-08 3.1791433892711898e-08 0.042277416122578744 2.1738535390919087e-09 -5.3963357745101217e-08 2.2271119348102954e-09 -0.038610065410205965 2.0233448300856604e-08 -1.8430159512100294e-07 4.5528377745156348e-09 0.036266552370589192 2.2446285307602079e-08 -1.8941205211210355e-07 4.1944813466740697e-08 -0.0348609558895236 -5.3158070025502209e-09 1.999351330672869e-07 -1.652070306174094e-08 0.034202297734899412 -1.1622883502275323e-08 
0 -0 0 -0 0 -0 0 -0 0 -0 0 -0 0 -0 0 -0 0 -0 0 -0 0 -0 0 -0 0 -0 0 -0 0 -0 0 -0 0 -0 0 -0 0 -0 0 -0 0 -0 0 -0 0 -0 0 -0 0 -0 0 -0 0 -0 0 -0 0 -0 0 -0 0 -0 0 -0 0 -0 0 -0 0 -0 0 -0 0 -0 0 -0 0 -0 0 -0 0 -0 0 -0 0 -0 0 -0 0 -0 0 -0 0 -0 0 -0 0 -0 0 -0 6.226830184446109e-06 -7.0272500045796725e-08 -1.3248790306491971e-09 0.0012449874833820084 -0.024878601310534036 4.2704082706543655e-10 1.1272505626274924e-07 -5.170444883495038e-07 0.025112752287850617 2.4190919821528896e-09 -2.4802431590646142e-07 -1.1430089751135056e-08 -0.025529618582533314 -4.2558958592843505e-09 3.5919612401376366e-07 1.7681701249509211e-08 0.026184745082981353 -6.2457468106503082e-10 -2.7990700161482304e-07 -1.5287172082867574e-08 -0.027117015690315521 9.5310655699916101e-10 8.512686753366293e-08 7.8048857838477462e-09 0.028385459486722716 -8.5466144229731084e-09 2.6124674294154327e-07 1.5518750470173551e-08 -0.030080734185001769 2.2130160766925069e-08 -4.546616589902244e-07 -1.9565055146877542e-08 0.032350052267952088 2.1994593852110551e-08 3.6311361346226411e-08 6.7045774626182478e-09 -0.035433115658912571 -2.0512276823654614e-08 2.1469300259176565e-07 9.2776659447180422e-09 0.039749275282304798 -8.5025958212918443e-09 -1.8149774558888997e-07 -1.0934619672678712e-08 -0.046089092669483814 2.5665527105213368e-08 -2.0857990864990251e-07 -9.8039684585458282e-09 0.056145036622398926 2.3204730417719567e-08 -6.2758523728921035e-08 -2.9300145696593412e-09 -0.074331200304524642 6.638609336088428e-09 -3.3377833934353494e-09 -3.9368013362855368e-10 0.11681612323844065 3.8503804750104389e-10 9.5058294672804898e-10 -5.9148517444852086e-11 -0.32911624190536376 6.9122956013494666e-12 0.49999999940844719 -2.3006814437023237e-16 -0.30735577638246719 3.3442650373186522e-12 1.0965162391355504e-09 1.13946249231596e-10 0.094941340621970807 -1.4552045937837554e-10 -1.2227094776247136e-09 4.6554983352269647e-10 -0.052224295170459123 3.1407881961718033e-10 -8.975149778489556e-09 -4.949163512865515e-09 0.033681413101193047 2.0676071289699048e-09 -5.634687422861062e-09 -2.1791585453296528e-08 -0.023130229482705017 -1.0783669728147577e-09 6.119350604893891e-09 -1.7831390029497242e-08 0.016145555731073631 -5.4464235850699828e-09 1.07360472999652e-08 7.7071261905382198e-09 -0.011003515608655584 -4.3184566428294527e-09 4.9437737786843502e-08 2.9572557912198261e-09 0.0068827825024369987 -2.3908077168404593e-09 1.071959977984489e-08 -7.434744879057422e-11 -0.0033183385449253675 1.586086623280289e-09 -2.2607535792203148e-08 5.8654902444939242e-09 
0 -0 0 -0 0 -0 0 -0 0 -0 0 -0 0 -0 0 -0 0 -0 0 -0 0 -0 0 -0 0 -0 0 -0 0 -0 0 -0 0 -0 0 -0 0 -0 0 -0 0 -0 0 -0 0 -0 0 -0 0 -0 0 -0 0 -0 0 -0 0 -0 0 -0 0 -0 0 -0 0 -0 0 -0 0 -0 0 -0 0 -0 0 -0 0 -0 0 -0 0 -0 0 -0 0 -0 0 -0 0 -0 0 -0 0 -0 0 -0 0 -0 0 -0 1.5956323566711375e-10 1.0892083430017752e-08 -1.2748284761214726e-06 8.7153276345619047e-09 -7.3238526901501136e-08 3.5986001133836181e-08 -0.0010199805590520254 4.6254778923913828e-09 -6.7522867060223562e-08 -3.8262719733630237e-09 0.0020751359437155884 1.6709888328532619e-09 2.1380911380186898e-07 9.9825246409880482e-09 -0.0031970055063573607 -2.5486943539861114e-08 2.1892798062119363e-08 1.0495975806085557e-08 0.0044272091618036725 5.0495960343087709e-09 4.2742835088782279e-08 3.1436503007675331e-09 -0.0058174563284399119 -3.2767370806535577e-09 3.6598335438709577e-08 -2.6392109849059191e-09 0.0074391578611426434 -8.241061716741084e-09 -1.7286659693148412e-07 -8.6174327790478221e-09 -0.009394432601338612 2.8086321043882418e-09 2.3385389285228622e-07 6.1357083810053325e-09 0.011835569009258891 -2.1821115961563443e-08 1.0332608540135139e-08 6.54012345131884e-09 -0.01500542669660769 9.4153788448432976e-09 -2.0523142548573369e-07 -8.3785882863363506e-09 0.019321277043510169 1.2305706444437761e-08 1.8917362177143912e-07 1.1657562301341593e-08 -0.025573988366170069 -3.3772751201824728e-08 2.6957602469907571e-07 2.051976428028291e-08 0.035461098095913482 -2.9581739471792328e-08 7.6577371505450666e-08 6.1806304951860824e-09 -0.053386277961298904 -6.8501797644371583e-09 5.5608095267922111e-09 3.4535315131549513e-10 0.095515192659108267 -6.0645787298571485e-10 6.0346890006465352e-10 8.5222588270815739e-11 -0.30735577638246719 -3.3442650373186522e-12 0.4999999998119482 -1.1869133897375124e-16 -0.3296900929941905 3.8434706983543138e-11 2.9097979583576197e-10 -1.5138202087124437e-10 0.11797811126464842 -1.1785822482497985e-10 -1.4625888328211876e-10 9.4859668834643137e-10 -0.076110840880644917 -1.4703293703444584e-09 2.5702743662862195e-09 7.6873325268926605e-09 0.058589257400867553 -2.1797793782119397e-09 1.1252824987219504e-08 1.1505108846952109e-08 -0.049264460055059696 -3.6568286793014472e-09 5.010211112473611e-08 2.2277042923963889e-09 0.043750206751326619 -1.7611858898335486e-08 2.0931037350443667e-07 -2.6932972776939679e-08 -0.040386943671303195 -2.5266629331386634e-08 1.6521532301968533e-07 -3.4087909557870333e-08 0.038426413247338281 4.7217224064117657e-09 -1.9337896988554221e-07 8.5853221410371901e-09 -0.037520444151661503 1.5181619314341971e-08 
0 -0 0 -0 0 -0 0 -0 0 -0 0 -0 0 -0 0 -0 0 -0 0 -0 0 -0 0 -0 0 -0 0 -0 0 -0 0 -0 0 -0 0 -0 0 -0 0 -0 0 -0 0 -0 0 -0 0 -0 0 -0 0 -0 0 -0 0 -0 0 -0 0 -0 0 -0 0 -0 0 -0 0 -0 0 -0 0 -0 0 -0 0 -0 0 -0 0 -0 0 -0 0 -0 0 -0 0 -0 0 -0 0 -0 0 -0 0 -0 0 -0 0 -0 -5.971437373508662e-06 6.7390124205738939e-08 1.2731317946004891e-09 -0.0011939248735928756 0.023858225048645616 -1.1148150269443672e-09 -8.9553910688048145e-08 4.9838901710854286e-07 -0.024059371415633968 -2.7096571745930539e-09 2.2793583445082835e-07 7.7137781182351065e-09 0.024408960120569378 4.8254394698972412e-09 -3.8863734178903004e-07 -1.5507518094968124e-08 -0.024955049654231488 6.7164105444345532e-09 2.9762414204280611e-07 8.6715578398682869e-09 0.025725499745557084 -7.2134569970164488e-09 -1.3508319841447484e-07 -3.0802460780271307e-09 -0.026761728460052189 1.479012956221487e-08 -1.9468487539306384e-07 -1.5575094420229115e-08 0.028124850304756806 -2.17546898113194e-08 4.5484548522193111e-07 2.2363849934222425e-08 -0.029910333813129849 -1.7872394180106193e-08 -2.3095396483808179e-07 -1.3793162833499851e-08 0.032265513392019968 3.4171461458224443e-08 -2.0224808323381538e-08 -6.2979472746272597e-09 -0.035433109549773321 -2.0344358938291074e-08 2.5329099857988588e-07 1.6926101980348228e-08 0.039833748099445308 -7.0698012233739132e-09 -2.7483701248046875e-07 -2.5517572555355471e-08 -0.046259566340820832 4.5321045927675159e-08 -3.2192053615674027e-07 -2.7824924161534862e-08 0.056405713197437653 2.9146159733888519e-08 -9.5942826262430638e-08 -5.4705155665073587e-09 -0.074687216639101869 6.5373030387832711e-09 -1.0435362097203903e-08 -1.9115807187754394e-10 0.11727566094997767 3.8184844681013203e-10 1.0965162391355504e-09 -1.13946249231596e-10 -0.3296900929941905 -3.8434706983543138e-11 0.49999999962196517 -9.0639738371151599e-17 -0.30665332583534788 -3.5201680703455983e-11 1.0146209573604287e-09 3.1971124935702621e-11 0.094091592580602984 1.5575691456865746e-10 2.4203519874477104e-10 -1.2433742640262181e-09 -0.051202772263843878 1.1705374059587018e-09 -9.865922115402517e-09 -1.7776067062716931e-09 0.032455845230901802 4.7310960349421922e-09 -2.4313534525988077e-08 -4.4177071930590609e-09 -0.021658083410610054 1.3305339737092269e-08 -1.0561494782753266e-07 -1.0776236167696217e-09 0.014368297240784124 2.4699935317352529e-08 -2.3732299802469554e-07 2.6606250912077537e-08 -0.0088420553703581709 1.2318455466196526e-08 1.1744472293153122e-08 4.5008482444763357e-09 0.0042264021142548788 -1.4509222865039472e-08 1.4977520311316929e-07 -1.9324026693937595e-08 
0 -0 0 -0 0 -0 0 -0 0 -0 0 -0 0 -0 0 -0 0 -0 0 -0 0 -0 0 -0 0 -0 0 -0 0 -0 0 -0 0 -0 0 -0 0 -0 0 -0 0 -0 0 -0 0 -0 0 -0 0 -0 0 -0 0 -0 0 -0 0 -0 0 -0 0 -0 0 -0 0 -0 0 -0 0 -0 0 -0 0 -0 0 -0 0 -0 0 -0 0 -0 0 -0 0 -0 0 -0 0 -0 0 -0 0 -0 0 -0 0 -0 0 -0 -1.5890047761406761e-10 -9.0539682344201146e-09 1.0597399015970058e-06 -1.2496083725937251e-08 1.6583661554643134e-07 -2.9282657036276245e-08 0.00084786456068495087 -3.6683984140573437e-09 -1.3736846693594413e-08 3.7330407151826032e-09 -0.001723170330765401 -2.3617584891506518e-09 -1.7339803800597159e-07 -1.0854598566129792e-08 0.0026493761217399204 2.411957263420317e-08 4.7063722401267474e-08 -4.7644959801938673e-09 -0.0036571788936774798 -7.4670248460042582e-09 -1.9140485195102811e-07 -1.0156501029027947e-08 0.004783343536896135 8.3413354400393924e-09 1.6747713632320753e-07 1.0942761090288341e-08 -0.0060775927193722273 -3.4436092339966041e-09 4.0191874785812582e-08 6.5365467973052519e-09 0.0076097719484771384 2.1590954974585375e-08 -3.4029466078285056e-07 -1.5974003374967552e-08 -0.0094788545917545482 6.0499071844146812e-09 2.5145315468633063e-07 1.491347044454321e-08 0.011835577826187006 -2.1233567135772322e-08 -5.5616837596717597e-08 -9.3961366818247417e-09 -0.014920820010409281 2.4763172892364751e-08 -2.2773341002971225e-07 -9.5602259024403004e-09 0.019150503272319336 -4.6513527805951433e-09 3.2933486535764872e-07 3.3369537244415819e-08 -0.025313754172624513 -4.3353538341491137e-08 3.8255062007136149e-07 2.4279752562597295e-08 0.035104917919647025 -2.4492610159132776e-08 1.0208802356352652e-07 3.7728407190165851e-09 -0.052926760027093955 -3.4812665322587498e-09 6.7028823151094046e-10 4.4696650951608251e-10 0.094941340621970807 1.4552045937837554e-10 2.9097979583576197e-10 1.5138202087124437e-10 -0.30665332583534788 3.5201680703455983e-11 0.49999999948048734 -3.9139698840317016e-17 -0.33053984504307038 8.712734848354578e-12 1.2757811869620949e-11 5.3915587024212531e-12 0.11899963706729703 -2.5663765101168959e-11 1.4381938778604137e-09 -6.2482317299231023e-10 -0.077336320372949116 -2.131946772233954e-09 1.2896586050727832e-08 -4.8264122959781021e-10 0.060061559956269418 -5.0230864705478976e-09 -1.4251856403870216e-08 1.616739787088143e-08 -0.051041370484688459 2.6974117390519575e-09 -7.7087418057325841e-08 2.7038180253602566e-08 0.04591165315994386 1.2670966171840331e-08 -4.0478297988801195e-08 1.3617919040532172e-08 -0.0430442604549654 -1.9293689125295657e-09 7.0688816231104138e-08 1.1424554080280932e-08 0.041745360419332293 -8.8302143046120538e-09 
0 -0 0 -0 0 -0 0 -0 0 -0 0 -0 0 -0 0 -0 0 -0 0 -0 0 -0 0 -0 0 -0 0 -0 0 -0 0 -0 0 -0 0 -0 0 -0 0 -0 0 -0 0 -0 0 -0 0 -0 0 -0 0 -0 0 -0 0 -0 0 -0 0 -0 0 -0 0 -0 0 -0 0 -0 0 -0 0 -0 0 -0 0 -0 0 -0 0 -0 0 -0 0 -0 0 -0 0 -0 0 -0 0 -0 0 -0 0 -0 0 -0 0 -0 5.7589691299947855e-06 -6.499046229855137e-08 -1.55900435580897e-09 0.0011514444472179065 -0.023009344325400721 -4.3764025153520651e-09 4.8687268478290531e-08 -4.8168970027558798e-07 0.023185456423378943 8.7492057337918919e-09 -1.6993892040764048e-07 -6.9331671223374155e-09 -0.023484354462661453 -1.065680811224328e-08 3.5928722727317806e-07 1.7197460276700166e-08 0.023948726202528896 -6.6006658002248972e-09 -2.7038538237821927e-07 -8.8158818805211983e-09 -0.024599011439835412 8.4900007271036618e-09 1.724298945054657e-07 7.1796721691847893e-09 0.025465368530701138 -1.8256553466169131e-08 7.3225630616340776e-08 4.6337122957979618e-09 -0.026590959558252272 2.4666596066303524e-08 -3.2449968231551632e-07 -1.2893179376382845e-08 0.028040642607269756 -1.8119337448013232e-09 3.0244073663486837e-07 1.2700213616233178e-08 -0.029910300234563519 -1.5901865848368843e-08 -2.1545827692877813e-07 -4.8187177206919124e-09 0.032350001882292305 1.9002986461789105e-08 2.8217859785997539e-08 6.2736359679194976e-09 -0.035603993791194555 -2.171938522172991e-08 2.9804520303610575e-07 7.3007111142041329e-09 0.04009437394499786 2.5680721624952936e-09 -4.3173819514459466e-07 -2.5159853736559249e-08 -0.046615269505967158 3.5409947978769484e-08 -3.7972938698527086e-07 -1.8594313207203778e-08 0.056865378213886965 1.0272545242051172e-08 -4.6372838284640375e-08 -3.8461438280235785e-09 -0.075261055072424143 -5.7322788435620087e-10 -1.2227094776247136e-09 -4.6554983352269647e-10 0.11797811126464842 1.1785822482497985e-10 1.0146209573604287e-09 -3.1971124935702621e-11 -0.33053984504307038 -8.712734848354578e-12 0.49999999877678908 -1.3270682236825857e-16 -0.30563180154280645 -3.3120650284891948e-11 1.3050010626737953e-09 1.8056348082685164e-10 0.092866091727614786 3.2153781385721027e-10 -3.486732111646123e-09 1.3189776679694768e-09 -0.049730478776213199 1.6757905309258096e-09 1.0412125694516384e-08 -7.7370536297262662e-09 0.030678991005012164 -1.0092428568621467e-08 1.8320735205218704e-07 -4.2079229908158126e-08 -0.019496965557929669 -4.4147378115718233e-08 3.5169534671847887e-07 -5.3969291651388363e-08 0.011709485070779924 -2.7698636383552601e-08 -4.2083785498488302e-08 -5.9878278854154262e-09 -0.0055261457057937105 3.1747082294342804e-08 -2.1502361222867873e-07 1.4775020290646835e-08 
0 -0 0 -0 0 -0 0 -0 0 -0 0 -0 0 -0 0 -0 0 -0 0 -0 0 -0 0 -0 0 -0 0 -0 0 -0 0 -0 0 -0 0 -0 0 -0 0 -0 0 -0 0 -0 0 -0 0 -0 0 -0 0 -0 0 -0 0 -0 0 -0 0 -0 0 -0 0 -0 0 -0 0 -0 0 -0 0 -0 0 -0 0 -0 0 -0 0 -0 0 -0 0 -0 0 -0 0 -0 0 -0 0 -0 0 -0 0 -0 0 -0 0 -0 1.35308701783655e-10 7.4789874893422986e-09 -8.754687121538804e-07 1.1132102058805495e-08 -1.5318023016294626e-07 2.0792000563826057e-08 -0.00070029908759908287 3.2959109992985768e-09 2.465180143007712e-09 -7.9635122174356139e-10 0.0014221381889326699 1.9204637524243222e-09 1.9931550072509741e-07 8.7145934774751226e-09 -0.0021831682316436258 -2.1147525544010073e-08 -1.4722098329707551e-07 2.0857645772649254e-09 0.0030063138120067718 8.1841007037418587e-09 3.3239343598564411e-07 1.4145088964347133e-08 -0.0039180967609981189 -1.1887766461490633e-08 -3.4327068266295682e-07 -1.7580757994593027e-08 0.004953739572128496 1.3733619459554238e-08 1.0030922701739441e-07 1.5594407723124798e-10 -0.0061621755067805496 -4.212498929753563e-08 3.480496935314236e-07 1.2925550521897504e-08 0.0076097383383008912 1.8023560636789134e-08 -4.4055195428380326e-07 -1.7619968161011392e-08 -0.0093944317203744059 5.1822211662149948e-09 4.2801576470478893e-07 1.4558999316682851e-08 0.011664748525264682 -2.2967405486077106e-08 -2.2837668826758071e-07 -6.3484848340542357e-09 -0.014659957812846923 3.3718797254636134e-08 -2.1958064208988556e-07 -1.8300613587085155e-08 0.018794347112031234 -9.7619378794668841e-09 4.6281888482086427e-07 1.7684172165804492e-08 -0.02485452055518023 -8.3639284285260828e-09 2.009501117233283e-07 1.7950176000211198e-08 0.034531011906783364 6.0406205473329612e-09 1.909873087570908e-08 2.3137510907381928e-09 -0.052224295170459123 -3.1407881961718033e-10 -1.4625888328211876e-10 -9.4859668834643137e-10 0.094091592580602984 -1.5575691456865746e-10 1.2757811869620949e-11 -5.3915587024212531e-12 -0.30563180154280645 3.3120650284891948e-11 0.49999999951385243 -5.0364579870921311e-17 -0.33176534412125042 -1.3239263639595377e-11 4.6380104472358596e-10 -2.6973603616763281e-10 0.12047193655588398 -3.4014941282339694e-10 -2.2181879600632164e-10 1.100218002296066e-09 -0.07911326611985757 3.6632294855746416e-09 -7.3797920322873168e-08 1.9914876312839708e-08 0.062222695064450585 3.3366867556012574e-08 -3.2853842578362994e-07 5.2291205427142156e-08 -0.053698665696731276 5.3895400975991565e-08 -2.2646804353011349e-07 1.9764214604765434e-08 0.049231300480544984 -7.3079953818528148e-09 2.3317994899128297e-07 -4.6285996575549121e-08 -0.04726875466345095 -3.1934329430535825e-08 
0 -0 0 -0 0 -0 0 -0 0 -0 0 -0 0 -0 0 -0 0 -0 0 -0 0 -0 0 -0 0 -0 0 -0 0 -0 0 -0 0 -0 0 -0 0 -0 0 -0 0 -0 0 -0 0 -0 0 -0 0 -0 0 -0 0 -0 0 -0 0 -0 0 -0 0 -0 0 -0 0 -0 0 -0 0 -0 0 -0 0 -0 0 -0 0 -0 0 -0 0 -0 0 -0 0 -0 0 -0 0 -0 0 -0 0 -0 0 -0 0 -0 0 -0 -5.58332787639378e-06 6.300304036287778e-08 2.5595133768234397e-09 -0.0011163270902639372 0.022307598284069155 2.4912050306236928e-08 -4.3098711300237967e-08 4.6893128260998389e-07 -0.02246463279370833 -2.9397796196551809e-08 1.7908233755966073e-07 4.1753027222688517e-09 0.02272513060281187 3.0462430200086993e-08 -4.2354252026068691e-07 -1.5530368957736625e-08 -0.023127836174919477 -7.7709741573259761e-09 3.8054988399873237e-07 5.7888367216958546e-09 0.02368803966479166 2.9136588914378544e-09 -3.9014204308385152e-07 -7.8466826149580713e-09 -0.024428419698344268 1.1638496714018719e-08 2.8091662541424961e-07 3.2607975689159491e-09 0.025380763556148735 -2.31795813092559e-08 -9.7980975002683901e-08 3.8333720294832629e-09 -0.026590986999559026 2.5189097037746047e-08 -4.1071694913510357e-08 -7.9284450384310391e-09 0.028124873667315524 -2.2454167122818077e-08 1.8321593850423681e-07 8.5072796967278682e-09 -0.030080748355749476 2.257546699094792e-08 -3.0631931055187531e-07 -1.775118474794795e-08 0.032610547517418084 -9.3249612303740919e-09 2.5959486177885644e-07 1.3171369536095564e-08 -0.03596033967798358 -7.7647449427835648e-09 6.7562986547874658e-08 2.2839008547611578e-08 0.040554091765546682 -3.6017655504699919e-09 -1.9085310546021013e-07 -2.320526477562752e-08 -0.047189049949971737 -2.5225399478956428e-08 -8.5323607093813591e-08 -1.2313757150416222e-08 0.05756773067528613 -4.176028946025813e-09 -8.975149778489556e-09 4.949163512865515e-09 -0.076110840880644917 1.4703293703444584e-09 2.4203519874477104e-10 1.2433742640262181e-09 0.11899963706729703 2.5663765101168959e-11 1.3050010626737953e-09 -1.8056348082685164e-10 -0.33176534412125042 1.3239263639595377e-11 0.49999999861569649 -7.8333696297583851e-17 -0.30415950313605383 3.769623715139737e-11 5.6644400467441997e-10 -1.3184698190665328e-10 0.091089174588256799 -3.7054436742017967e-10 8.8899767492382168e-09 -3.9407554255972961e-09 -0.047569282237007932 -1.061798516993929e-08 1.1750437924704996e-07 -2.199857734066409e-08 0.028021025260690391 -3.5609726320260674e-08 2.1486754805070555e-07 -2.2230318822656385e-08 -0.016179734061647678 -2.1479834554013626e-08 -1.6422017650902073e-08 4.059075350073383e-08 0.0074837742899547107 2.511035672662846e-08 -1.3285954834961564e-07 4.485964251894184e-08 
0 -0 0 -0 0 -0 0 -0 0 -0 0 -0 0 -0 0 -0 0 -0 0 -0 0 -0 0 -0 0 -0 0 -0 0 -0 0 -0 0 -0 0 -0 0 -0 0 -0 0 -0 0 -0 0 -0 0 -0 0 -0 0 -0 0 -0 0 -0 0 -0 0 -0 0 -0 0 -0 0 -0 0 -0 0 -0 0 -0 0 -0 0 -0 0 -0 0 -0 0 -0 0 -0 0 -0 0 -0 0 -0 0 -0 0 -0 0 -0 0 -0 0 -0 -1.6870327221307394e-10 -6.1018000831453048e-09 7.1428902650271584e-07 -2.0733170831212905e-08 3.5760170928356755e-07 -1.9231306552202345e-08 0.00057145997143273782 -1.0391781881838033e-08 -2.055803202028494e-07 3.5238894607628177e-09 -0.0011598096071411084 1.3484280945270988e-08 -1.7657879054201919e-08 -1.1077566069387361e-08 0.0017783989788805433 -4.2060202118008891e-09 5.421057503876905e-08 3.3168377935307247e-09 -0.0024444544277879058 2.0783831340126254e-08 -3.1211355028583298e-07 -1.8594072608280651e-08 0.0031772857609509244 -2.1049348859891808e-08 4.2572205010298528e-07 2.2623068879154262e-08 -0.0040021265085999867 1.8621439735312484e-08 -2.8528005673098601e-07 -5.9554667005389099e-09 0.0049537799274204887 1.3909706052894376e-08 -9.4532020290987219e-08 -8.6399976488324247e-09 -0.0060775867353027842 -5.2450113605427435e-10 1.793307283077843e-07 1.7137723451359342e-08 0.0074391653016882111 -9.6678256492516786e-09 -2.381833704321006e-07 -1.8432834271559643e-08 -0.0091340765852061939 8.4332268761095049e-09 2.3948305361982275e-07 2.4424923817607268e-08 0.011308791832171575 -5.2876444259546429e-09 -5.7499367755482905e-08 -1.8815125620648407e-08 -0.014200416565271653 -1.1615125637107157e-08 -2.5397990621410508e-07 -5.984838590968805e-09 0.018220605991337218 3.8571755111478014e-08 4.889628111648764e-08 2.2742369565685737e-08 -0.024151698169293336 1.90659954331629e-08 4.0594930889751285e-08 -9.5293089273860638e-09 0.033681413101193047 -2.0676071289699048e-09 2.5702743662862195e-09 -7.6873325268926605e-09 -0.051202772263843878 -1.1705374059587018e-09 1.4381938778604137e-09 6.2482317299231023e-10 0.092866091727614786 -3.2153781385721027e-10 4.6380104472358596e-10 2.6973603616763281e-10 -0.30415950313605383 -3.769623715139737e-11 0.49999999943153345 -5.8590963075942077e-17 -0.33354226744370308 8.4931604867476619e-12 6.8043213116414564e-10 3.7299231614963903e-10 0.12263310800907455 1.3408815163153423e-09 -1.6924820256897122e-08 3.9301359210860942e-09 -0.081771061595468181 1.0403665820386741e-08 -6.8008069112412318e-08 1.0013396495625158e-08 0.065540931623109575 1.7321854031149644e-08 -5.4488947060821008e-08 -1.3047224409597973e-08 -0.0579239952488469 -2.2598484667707773e-09 5.5679993330758558e-08 -4.4169497983756697e-08 0.05475476138202677 -1.0706802421341046e-08 
0 -0 0 -0 0 -0 0 -0 0 -0 0 -0 0 -0 0 -0 0 -0 0 -0 0 -0 0 -0 0 -0 0 -0 0 -0 0 -0 0 -0 0 -0 0 -0 0 -0 0 -0 0 -0 0 -0 0 -0 0 -0 0 -0 0 -0 0 -0 0 -0 0 -0 0 -0 0 -0 0 -0 0 -0 0 -0 0 -0 0 -0 0 -0 0 -0 0 -0 0 -0 0 -0 0 -0 0 -0 0 -0 0 -0 0 -0 0 -0 0 -0 0 -0 5.4397380607200248e-06 -6.1386835330931752e-08 -1.6294787965996372e-09 0.0010876180299107243 -0.02173390801372016 -5.6638808305778682e-09 -6.2547087191105624e-09 -4.5587163257260439e-07 0.021876452823166113 1.1956142020813469e-08 -9.7320847260487304e-08 -7.1334540579141383e-09 -0.022107943665521372 -1.6167051161014718e-08 3.4524919102212739e-07 2.1895858914282722e-08 0.022464197305213662 -4.5235514347998993e-09 -3.1068537403938966e-07 -1.3903437332731468e-08 -0.022956860599693606 3.0506196397997454e-09 3.9422165596712307e-07 2.1596629582025305e-08 0.023603498143738175 -9.9653053468204641e-09 -4.0934793732145809e-07 -2.5400209207515018e-08 -0.024428426066722006 1.1925599127688614e-08 3.2938219377456077e-07 2.1475187076063733e-08 0.025465370861302336 -1.9117888734227062e-08 -1.4404186969332507e-07 -1.5455764641712102e-08 -0.026761720687601825 1.4590692223442311e-08 -6.1547299232345334e-08 7.9830699348630756e-09 0.028385424358700242 -7.6150252978131748e-09 3.0008008868658916e-07 9.152067779488667e-09 -0.030436942319331032 -1.026276525349049e-08 -4.3639395557252694e-07 -2.3633502134819672e-08 0.033070425898112425 3.1770696124038217e-08 2.1932893459842736e-07 1.4212068915151579e-08 -0.036534212283228146 -1.3478678350470345e-08 2.0654396481916445e-07 -1.466497355191493e-08 0.041255692285237781 -2.1348031328728911e-08 -3.4705944270644287e-08 9.6013167039442166e-09 -0.048039247952865571 -1.3783071410073509e-09 -5.634687422861062e-09 2.1791585453296528e-08 0.058589257400867553 2.1797793782119397e-09 -9.865922115402517e-09 1.7776067062716931e-09 -0.077336320372949116 2.131946772233954e-09 -3.486732111646123e-09 -1.3189776679694768e-09 0.12047193655588398 3.4014941282339694e-10 5.6644400467441997e-10 1.3184698190665328e-10 -0.33354226744370308 -8.4931604867476619e-12 0.49999999979897225 -7.3725959487251115e-17 -0.30199832910817909 -6.5709284271873742e-11 9.2694484330915316e-10 -1.8721351681726396e-10 0.088431355778521167 -1.154506933733392e-09 5.9461956994469573e-09 -1.8562004105503028e-09 -0.044251314917884602 -5.0148045639650606e-09 2.18856711398342e-08 -1.8994145461434569e-10 0.023795660007764698 -4.1650000862462575e-09 4.705569235874872e-09 1.1086099952623164e-08 -0.01065448199712294 2.5516842767407484e-09 -5.6282876188416472e-09 9.5809346324848142e-09 
0 -0 0 -0 0 -0 0 -0 0 -0 0 -0 0 -0 0 -0 0 -0 0 -0 0 -0 0 -0 0 -0 0 -0 0 -0 0 -0 0 -0 0 -0 0 -0 0 -0 0 -0 0 -0 0 -0 0 -0 0 -0 0 -0 0 -0 0 -0 0 -0 0 -0 0 -0 0 -0 0 -0 0 -0 0 -0 0 -0 0 -0 0 -0 0 -0 0 -0 0 -0 0 -0 0 -0 0 -0 0 -0 0 -0 0 -0 0 -0 0 -0 0 -0 2.0534583528762329e-10 4.8846471146796116e-09 -5.7230572358880279e-07 3.0648238455800222e-08 -5.670377543439934e-07 -4.200365411635327e-09 -0.00045708360727088256 1.0590718635356803e-08 4.2071810214596487e-07 1.5591261398293183e-08 0.0009272677589912743 -1.5114789139884519e-08 -1.9105551429445877e-07 -7.1094777753300358e-09 -0.0014206044299277033 9.1701432125286328e-09 8.8910914250057163e-08 9.8152073411800292e-09 0.0019499933306663124 -2.3657534292965389e-08 2.1766836960923962e-07 7.7607946838085879e-09 -0.0025294984238171756 2.3560173511120422e-08 -4.1908623220760817e-07 -1.7319834136774224e-08 0.0031772387477518906 -1.8993930706850386e-08 3.9977729789039393e-07 9.7237002746968432e-09 -0.0039180800006928702 -1.42890447626247e-08 -1.5401034702907975e-07 -4.6290263432813204e-09 0.0047832766983521395 8.2529218449312112e-09 1.4426268116191123e-07 5.2663160984677841e-09 -0.0058174001047817956 -4.6652901580036257e-09 -9.3511841084163367e-08 -1.2100023471653574e-08 0.0070834083138553465 1.1180585458821964e-08 -3.7810105542344836e-08 6.0484842482568032e-09 -0.0086743974964273839 -1.0275190936935359e-08 1.6018942885485243e-07 3.0661456201090829e-09 0.010734121412088262 -4.2358352556061823e-10 -7.4498216936502165e-08 8.7498539496556773e-09 -0.013497078984556425 -7.6777298418132314e-09 -3.860600691424483e-08 -4.2569520403678756e-09 0.017371722252541365 -6.9871969916901013e-09 -1.1801175290105751e-08 -3.1791433892711898e-08 -0.023130229482705017 1.0783669728147577e-09 1.1252824987219504e-08 -1.1505108846952109e-08 0.032455845230901802 -4.7310960349421922e-09 1.2896586050727832e-08 4.8264122959781021e-10 -0.049730478776213199 -1.6757905309258096e-09 -2.2181879600632164e-10 -1.100218002296066e-09 0.091089174588256799 3.7054436742017967e-10 6.8043213116414564e-10 -3.7299231614963903e-10 -0.30199832910817909 6.5709284271873742e-11 0.49999999887885788 -5.7288226464457274e-17 -0.33620008300935772 3.5727934516948694e-12 1.3889855791159289e-09 1.6400373097860664e-10 0.12595111652499849 5.8381679164932217e-10 -4.5903057292292838e-09 1.0453619564553953e-09 -0.085996465649221587 1.8749383419296426e-09 -8.6220570519153005e-09 3.7683867154461911e-09 0.07106540767941262 2.0828117906526079e-09 -1.548571734032497e-08 5.9952823273755224e-09 -0.065409115928692113 8.0265903564971929e-10 
0 -0 0 -0 0 -0 0 -0 0 -0 0 -0 0 -0 0 -0 0 -0 0 -0 0 -0 0 -0 0 -0 0 -0 0 -0 0 -0 0 -0 0 -0 0 -0 0 -0 0 -0 0 -0 0 -0 0 -0 0 -0 0 -0 0 -0 0 -0 0 -0 0 -0 0 -0 0 -0 0 -0 0 -0 0 -0 0 -0 0 -0 0 -0 0 -0 0 -0 0 -0 0 -0 0 -0 0 -0 0 -0 0 -0 0 -0 0 -0 0 -0 0 -0 -5.3247695032524415e-06 6.0090578074737459e-08 1.2852097401097367e-09 -0.0010646314337591875 0.021274569043587623 -2.8801974687007678e-09 9.1413593068528122e-08 4.5045690859958554e-07 -0.021406199157892904 -4.8685986035470926e-09 -5.9432156407876244e-08 -6.2959633109865422e-10 0.021615941983545876 1.1647703716736312e-08 -1.4729591586414029e-07 -1.1826421378577135e-08 -0.021937439373656518 7.1678498882955848e-09 8.3539087213297523e-08 6.9597857281029355e-10 0.022379737320621495 -5.8070209210985803e-10 -2.0066122687378407e-07 -8.852144074558406e-09 -0.022956843757456442 1.457769064902465e-09 3.0920467177416582e-07 1.6479118370367832e-08 0.023688047157532553 3.6312104333149329e-09 -3.3439121279774592e-07 -1.4251685876213454e-08 -0.024599013375407503 9.082471336094775e-09 1.7583392231288057e-07 9.1803175907428982e-09 0.025725518375849948 -6.6546187087596292e-09 -3.1362458439476169e-08 -3.6489616063332615e-09 -0.02711703196135681 3.9311695558606218e-10 -1.4309410076395939e-07 -4.7620370597280006e-09 0.028844106214411504 1.0246969274934738e-08 2.8323129019607192e-07 1.2833089063931689e-08 -0.031010220279533766 -2.2612845956437429e-08 -2.0014594490833908e-07 -6.3859573942271774e-09 0.033773028906379406 8.1679152958153051e-09 -1.24656863473816e-07 -3.4828420416201961e-09 -0.037384986024830098 3.2354028491513693e-08 4.5229917193550422e-08 1.8791014529544191e-08 0.042277416122578744 -2.1738535390919087e-09 6.119350604893891e-09 1.7831390029497242e-08 -0.049264460055059696 3.6568286793014472e-09 -2.4313534525988077e-08 4.4177071930590609e-09 0.060061559956269418 5.0230864705478976e-09 1.0412125694516384e-08 7.7370536297262662e-09 -0.07911326611985757 -3.6632294855746416e-09 8.8899767492382168e-09 3.9407554255972961e-09 0.12263310800907455 -1.3408815163153423e-09 9.2694484330915316e-10 1.8721351681726396e-10 -0.33620008300935772 -3.5727934516948694e-12 0.49999999934769923 -8.1760834615566603e-17 -0.29868032330614935 -8.912006777211183e-11 2.0566582131254737e-09 -2.6749905643761528e-10 0.084205972278076135 -3.9728642738081531e-10 1.9790083204393733e-09 -2.4407185587256125e-09 -0.038726610951366883 -1.4967935089902599e-09 1.3413531376692292e-08 -7.0497193031652679e-09 0.016311002102390528 -2.0248362253211134e-09 6.9519598335388705e-09 -4.6601730152044744e-09 
0 -0 0 -0 0 -0 0 -0 0 -0 0 -0 0 -0 0 -0 0 -0 0 -0 0 -0 0 -0 0 -0 0 -0 0 -0 0 -0 0 -0 0 -0 0 -0 0 -0 0 -0 0 -0 0 -0 0 -0 0 -0 0 -0 0 -0 0 -0 0 -0 0 -0 0 -0 0 -0 0 -0 0 -0 0 -0 0 -0 0 -0 0 -0 0 -0 0 -0 0 -0 0 -0 0 -0 0 -0 0 -0 0 -0 0 -0 0 -0 0 -0 0 -0 -2.1558029603207386e-10 -3.7806432884254831e-09 4.4328985501052126e-07 -3.5044040712766531e-08 6.6512893013568304e-07 1.5744722334558784e-08 0.00035354302922912362 -9.8819752969410273e-09 -5.3615111168497813e-07 -2.3973024283218549e-08 -0.0007169944182498307 1.496133432343497e-08 3.2549200190809025e-07 1.6197513596205111e-08 0.0010977851019204077 -1.1647439398345153e-08 -1.9851851860119334e-07 -1.6564030537879105e-08 -0.0015054101254595301 2.4030804179129428e-08 -1.050554661282263e-07 3.0990763986473172e-10 0.0019499901576330672 -2.4333026354045388e-08 3.3668008822105895e-07 1.0190800836131169e-08 -0.0024444111445814684 1.9967794021969614e-08 -3.9167844680768101e-07 -7.0013671458550638e-09 0.0030062923167315752 9.0649242066029124e-09 2.5576542867832347e-07 6.1345804675068404e-09 -0.0036571078931805228 -6.1371610424437281e-09 -3.0368919795960441e-07 -1.0103204675785659e-08 0.0044271384569444907 4.8343676685239052e-09 2.8192601295992425e-07 1.9061104948558635e-08 -0.0053581097228451204 -1.1449172368352863e-08 -1.1408834125488585e-07 -1.305068213707109e-08 0.0065100316305243397 6.4972845800829384e-09 -1.5020300687936087e-07 -1.713972531750061e-09 -0.0079723538556328785 1.9060019099045987e-08 2.1294822235743734e-07 -5.8851320164285516e-09 0.0098846250004185499 -2.1740012594883513e-08 4.9972226624150486e-08 4.8191743258703708e-09 -0.012475765964840572 -4.3174120389463852e-09 -5.3963357745101217e-08 -2.2271119348102954e-09 0.016145555731073631 5.4464235850699828e-09 5.010211112473611e-08 -2.2277042923963889e-09 -0.021658083410610054 -1.3305339737092269e-08 -1.4251856403870216e-08 -1.616739787088143e-08 0.030678991005012164 1.0092428568621467e-08 -7.3797920322873168e-08 -1.9914876312839708e-08 -0.047569282237007932 1.061798516993929e-08 -1.6924820256897122e-08 -3.9301359210860942e-09 0.088431355778521167 1.154506933733392e-09 1.3889855791159289e-09 -1.6400373097860664e-10 -0.29868032330614935 8.912006777211183e-11 0.4999999982535932 -6.2524584070470248e-17 -0.34042547079884983 1.6391104721628539e-11 1.1347516662307886e-09 4.7956709236952286e-10 0.13147578118349595 4.1341295813612713e-10 -4.6016619451717569e-09 1.7639317860958194e-09 -0.093481192371863045 1.0332382514837545e-09 -3.7531413740563926e-09 1.0503852090997428e-09 0.081719988141311942 7.1937332655686433e-10 
0 -0 0 -0 0 -0 0 -0 0 -0 0 -0 0 -0 0 -0 0 -0 0 -0 0 -0 0 -0 0 -0 0 -0 0 -0 0 -0 0 -0 0 -0 0 -0 0 -0 0 -0 0 -0 0 -0 0 -0 0 -0 0 -0 0 -0 0 -0 0 -0 0 -0 0 -0 0 -0 0 -0 0 -0 0 -0 0 -0 0 -0 0 -0 0 -0 0 -0 0 -0 0 -0 0 -0 0 -0 0 -0 0 -0 0 -0 0 -0 0 -0 0 -0 5.2355336047615051e-06 -5.9086607802455802e-08 -5.6156274369203844e-10 0.0010467897749063748 -0.020918040742160745 1.9354200176157654e-08 -1.8658017669017629e-07 -4.4819733124788404e-07 0.021041670786683328 -1.0420660828567651e-08 2.3981960024951311e-07 1.0607835749864342e-08 -0.021235544239733749 1.4615297531714021e-09 -9.5075728449040504e-08 -2.0301142931807088e-09 0.02153171794513168 -1.8361092099193571e-08 2.0858733252785092e-07 1.7571152037944182e-08 -0.021937404470281526 7.330991191104207e-09 -8.9928178522353499e-08 -1.1139482423853023e-08 0.022464146033846395 -2.8631783736022392e-09 -7.3386693635288414e-08 2.5774759776546158e-09 -0.023127823396955755 -8.440773232354372e-09 1.7480117690538257e-07 -5.1347235502354352e-09 0.023948708639244223 -7.3275206415184984e-09 -5.2516918940516149e-08 1.0511294266318258e-08 -0.024955073820689396 5.6167906153484283e-09 -6.6014436981781213e-09 -1.4714015905824369e-08 0.026184795495470464 7.0630435124192905e-10 6.9460861803630345e-08 1.5249236183525453e-08 -0.027690368093515112 -5.9787280016274244e-09 -1.4641486779076058e-07 -1.6532133873985137e-08 0.029546016592109627 1.2721229078190414e-08 1.6669551666017988e-07 1.3493233449186997e-08 -0.031859843918207037 -1.3879123383750379e-08 -3.8550089354171649e-08 8.7967907793323055e-10 0.034795108206356271 -1.0164089780965836e-09 2.0587460810020452e-08 -2.0680506071057878e-08 -0.038610065410205965 -2.0233448300856604e-08 1.07360472999652e-08 -7.7071261905382198e-09 0.043750206751326619 1.7611858898335486e-08 -1.0561494782753266e-07 1.0776236167696217e-09 -0.051041370484688459 -2.6974117390519575e-09 1.8320735205218704e-07 4.2079229908158126e-08 0.062222695064450585 -3.3366867556012574e-08 1.1750437924704996e-07 2.199857734066409e-08 -0.081771061595468181 -1.0403665820386741e-08 5.9461956994469573e-09 1.8562004105503028e-09 0.12595111652499849 -5.8381679164932217e-10 2.0566582131254737e-09 2.6749905643761528e-10 -0.34042547079884983 -1.6391104721628539e-11 0.49999999756786012 -9.1506722914780678e-17 -0.29315565570868812 2.4375699260913066e-11 2.0516718029058627e-09 -1.808163338730416e-10 0.076721237632885936 -1.8752538194772457e-10 -2.1319260714145671e-09 1.2616482997321889e-09 -0.028072167112838536 -3.2200926814029802e-10 3.5019086148686124e-09 1.4905210260292747e-09 
0 -0 0 -0 0 -0 0 -0 0 -0 0 -0 0 -0 0 -0 0 -0 0 -0 0 -0 0 -0 0 -0 0 -0 0 -0 0 -0 0 -0 0 -0 0 -0 0 -0 0 -0 0 -0 0 -0 0 -0 0 -0 0 -0 0 -0 0 -0 0 -0 0 -0 0 -0 0 -0 0 -0 0 -0 0 -0 0 -0 0 -0 0 -0 0 -0 0 -0 0 -0 0 -0 0 -0 0 -0 0 -0 0 -0 0 -0 0 -0 0 -0 0 -0 1.5885325799959319e-10 2.7570549437460729e-09 -3.2298196651787609e-07 2.5885684625293419e-08 -4.9163810808151087e-07 2.5904907398533341e-09 -0.00025815445530617034 5.914580850210653e-09 3.9011580966605662e-07 3.370332386458628e-09 0.00052343311289632295 -8.2197938916347413e-09 -2.2132445539944262e-07 2.3282718655902722e-09 -0.00080109226703389239 4.1893857949793256e-09 1.0717266681648551e-07 -1.9652516020467535e-09 0.0010978271171316436 -1.1487312291356887e-08 1.4383327164609687e-07 1.3745697533818646e-08 -0.0014206543298285049 9.4812738573204089e-09 -3.4530404839160845e-07 -2.0988569486053408e-08 0.001778427509742022 -3.3933844039969147e-09 4.126429657140316e-07 1.7349055171143903e-08 -0.0021832201759760602 -2.1966757958484427e-08 -3.2954375274192715e-07 -1.4734539290433394e-08 0.0026493921194748324 2.319199865636359e-08 3.7638697829908526e-07 1.4810462255977904e-08 -0.0031970186876034701 -2.5294025610960665e-08 -3.4596674665276252e-07 -1.737481646126808e-08 0.0038532236798500493 3.2740466533478453e-08 1.5579118862612285e-07 5.1417385781740447e-09 -0.004656173816519598 -2.776917414000833e-08 1.7277905217209898e-07 1.7877697138714886e-08 0.0056612168794245915 -8.8077744966219872e-10 -3.510458221558621e-07 -2.1418321715361633e-08 -0.0069518370510137494 1.1898419589135475e-08 1.4168850730785408e-07 2.529914705104977e-08 0.0086592584361772969 1.8381105966688562e-08 -1.8430159512100294e-07 -4.5528377745156348e-09 -0.011003515608655584 4.3184566428294527e-09 2.0931037350443667e-07 2.6932972776939679e-08 0.014368297240784124 -2.4699935317352529e-08 -7.7087418057325841e-08 -2.7038180253602566e-08 -0.019496965557929669 4.4147378115718233e-08 -3.2853842578362994e-07 -5.2291205427142156e-08 0.028021025260690391 3.5609726320260674e-08 -6.8008069112412318e-08 -1.0013396495625158e-08 -0.044251314917884602 5.0148045639650606e-09 -4.5903057292292838e-09 -1.0453619564553953e-09 0.084205972278076135 3.9728642738081531e-10 1.1347516662307886e-09 -4.7956709236952286e-10 -0.29315565570868812 -2.4375699260913066e-11 0.49999999917654953 -1.0583644912732027e-16 -0.34791020380222509 1.2271421167504552e-11 1.2488216951679667e-09 -4.2677223749519657e-10 0.14213028535633726 1.7562049388824043e-11 -1.1647273770559921e-09 -1.1562941052286829e-09 -0.10979212628652221 8.0506467023528401e-11 
0 -0 0 -0 0 -0 0 -0 0 -0 0 -0 0 -0 0 -0 0 -0 0 -0 0 -0 0 -0 0 -0 0 -0 0 -0 0 -0 0 -0 0 -0 0 -0 0 -0 0 -0 0 -0 0 -0 0 -0 0 -0 0 -0 0 -0 0 -0 0 -0 0 -0 0 -0 0 -0 0 -0 0 -0 0 -0 0 -0 0 -0 0 -0 0 -0 0 -0 0 -0 0 -0 0 -0 0 -0 0 -0 0 -0 0 -0 0 -0 0 -0 0 -0 -5.169957448180741e-06 5.8342538390230613e-08 1.3048420168676499e-09 -0.0010336785773898446 0.020656040625798511 -5.4727180226146488e-09 2.3637592341541914e-07 4.4254478815458541e-07 -0.020774096369479248 -4.0756206750115837e-09 -3.3201268796288887e-07 -9.9097268781240884e-09 0.020956959484588672 1.4033189775038339e-08 2.1247833629058202e-07 8.3496069345200999e-11 -0.021235582926222202 2.3509765526352835e-09 -3.4019370401490457e-07 -1.4572210355643602e-08 0.021615937825108317 1.0485225361724666e-08 1.9715113641478754e-07 5.107623444103405e-09 -0.022107912485267663 -1.6833059602837208e-08 3.2070361551586963e-08 8.4514365662617555e-09 0.022725133243785032 2.9858864028832756e-08 -2.2022011970365275e-07 -1.0091776659281376e-08 -0.023484334305756329 -8.3442791985920507e-09 1.6416095012409325e-07 8.8361893994943078e-09 0.024408976674140923 4.5015767862224089e-09 -2.1313978468343674e-07 -9.5165928119844485e-09 -0.025529655237704604 -3.9444013097413977e-09 2.8158677703392301e-07 1.7541626800656046e-08 0.026887834290084345 -3.9509708053974096e-09 -2.932718724964099e-07 -2.1630494073612997e-08 -0.028540472241458292 1.2976664908506158e-08 1.9883375934444578e-07 1.7123757712380408e-08 0.030567694677327294 -1.1689482819725825e-08 -1.022225220941495e-07 -2.1407991896032482e-08 -0.033085259748949457 1.5571146977695265e-08 7.6809803211003991e-08 2.1913960930298719e-08 0.036266552370589192 -2.2446285307602079e-08 4.9437737786843502e-08 -2.9572557912198261e-09 -0.040386943671303195 2.5266629331386634e-08 -2.3732299802469554e-07 -2.6606250912077537e-08 0.04591165315994386 -1.2670966171840331e-08 3.5169534671847887e-07 5.3969291651388363e-08 -0.053698665696731276 -5.3895400975991565e-08 2.1486754805070555e-07 2.2230318822656385e-08 0.065540931623109575 -1.7321854031149644e-08 2.18856711398342e-08 1.8994145461434569e-10 -0.085996465649221587 -1.8749383419296426e-09 1.9790083204393733e-09 2.4407185587256125e-09 0.13147578118349595 -4.1341295813612713e-10 2.0516718029058627e-09 1.808163338730416e-10 -0.34791020380222509 -1.2271421167504552e-11 0.4999999986354472 -8.7091556134445206e-17 -0.28250116439221751 -6.1884401213060579e-11 2.53329566554554e-09 1.4146698424404309e-10 0.060410300268886719 2.4961763992118995e-11 -3.0799427201341767e-09 1.6991343773519278e-10 
0 -0 0 -0 0 -0 0 -0 0 -0 0 -0 0 -0 0 -0 0 -0 0 -0 0 -0 0 -0 0 -0 0 -0 0 -0 0 -0 0 -0 0 -0 0 -0 0 -0 0 -0 0 -0 0 -0 0 -0 0 -0 0 -0 0 -0 0 -0 0 -0 0 -0 0 -0 0 -0 0 -0 0 -0 0 -0 0 -0 0 -0 0 -0 0 -0 0 -0 0 -0 0 -0 0 -0 0 -0 0 -0 0 -0 0 -0 0 -0 0 -0 0 -0 -1.5488724603610617e-10 -1.8049917297623403e-09 2.1179598956113573e-07 -2.7118518367079474e-08 5.2511143334394147e-07 1.1739737121258502e-08 0.00016874793444798 -5.5921167555046088e-09 -4.5409105008235104e-07 -1.5518458215879149e-08 -0.00034210715386955492 8.8381971832979722e-09 3.3344316442754373e-07 1.1510629056281383e-08 0.00052344371123533642 -7.9221549540802292e-09 -2.4316794500290197e-07 -1.1327088204520323e-08 -0.00071703617040397023 1.444538041511465e-08 5.6812791233966339e-08 2.9675467615099084e-09 0.00092731754931079215 -1.4787975427322997e-08 1.0260044705924642e-07 2.5942297660869808e-09 -0.001159846845615669 1.2278386352876058e-08 -1.7745114927272426e-07 -1.0764287090565383e-09 0.0014221911911814868 3.2704001722119053e-09 1.5629202281649559e-07 5.0382694409828591e-10 -0.0017231960972731079 -2.7147750964878061e-09 -2.2699159095313298e-07 -2.0711998204705368e-09 0.0020751530306542306 2.7272779551779235e-09 2.4740411846583965e-07 5.7981811055397277e-09 -0.0024944335283828179 -6.4247877771170234e-09 -1.5538942227602015e-07 3.2383785015310682e-10 0.0030037089698437798 1.2260090603509731e-09 -3.8402844295203059e-08 -1.3317951941287528e-08 -0.0036351940558624501 2.1239922141939612e-08 1.1396073569615313e-07 9.4971670778284784e-09 0.0044362824410849469 -2.8283187709663621e-08 1.4134466482403949e-07 4.2298814948770821e-10 -0.005479214306366215 -6.9664125399023715e-09 -1.8941205211210355e-07 -4.1944813466740697e-08 0.0068827825024369987 2.3908077168404593e-09 1.6521532301968533e-07 3.4087909557870333e-08 -0.0088420553703581709 -1.2318455466196526e-08 -4.0478297988801195e-08 -1.3617919040532172e-08 0.011709485070779924 2.7698636383552601e-08 -2.2646804353011349e-07 -1.9764214604765434e-08 -0.016179734061647678 2.1479834554013626e-08 -5.4488947060821008e-08 1.3047224409597973e-08 0.023795660007764698 4.1650000862462575e-09 -8.6220570519153005e-09 -3.7683867154461911e-09 -0.038726610951366883 1.4967935089902599e-09 -4.6016619451717569e-09 -1.7639317860958194e-09 0.076721237632885936 1.8752538194772457e-10 1.2488216951679667e-09 4.2677223749519657e-10 -0.28250116439221751 6.1884401213060579e-11 0.49999999861681438 -8.4740727031542978e-17 -0.36422114616256351 -4.9043654488050981e-11 1.1677223910041293e-09 -3.4647567062385072e-11 0.17020243041354077 2.0472056616669395e-11 
0 -0 0 -0 0 -0 0 -0 0 -0 0 -0 0 -0 0 -0 0 -0 0 -0 0 -0 0 -0 0 -0 0 -0 0 -0 0 -0 0 -0 0 -0 0 -0 0 -0 0 -0 0 -0 0 -0 0 -0 0 -0 0 -0 0 -0 0 -0 0 -0 0 -0 0 -0 0 -0 0 -0 0 -0 0 -0 0 -0 0 -0 0 -0 0 -0 0 -0 0 -0 0 -0 0 -0 0 -0 0 -0 0 -0 0 -0 0 -0 0 -0 0 -0 5.1267943110253737e-06 -5.7857347379144714e-08 -8.551209919595032e-10 0.0010250486149038249 -0.020483588712639656 1.583658966435707e-08 -2.9870839346836115e-07 -4.4144599535566856e-07 0.020598131332263282 -5.7473652301633353e-09 4.5265229297430068e-07 1.4773362782689286e-08 -0.020774080396107099 -5.2353646569497166e-09 -3.8143621676355451e-07 -6.9543124106720395e-09 0.021041691910907025 -1.0144417489665672e-08 5.511332343718632e-07 2.369337989717041e-08 -0.021406170301805045 -4.8102695587361676e-09 -4.2651049847411555e-07 -1.5429196647158465e-08 0.021876387424924561 1.3733755974373351e-08 1.8962671915941371e-07 2.0480793313122393e-09 -0.022464594751373006 -2.9731892998562711e-08 2.0069289035988271e-08 -1.3234083705816441e-09 0.02318538023817154 7.176093480132906e-09 2.467327233167009e-08 3.7718405851816254e-09 -0.024059324676483248 -3.2022340446919221e-09 6.6650381899707647e-08 -4.033721953182449e-09 0.025112718554352702 2.7254846771580483e-09 -2.0012798339325717e-07 -5.2231553401911448e-09 -0.026380619743476916 7.6916882484754112e-09 2.6165105375825825e-07 8.5048441399551966e-09 0.027910182710660085 -1.8975050639346036e-08 -1.2879782690572562e-07 4.8342635857667472e-09 -0.029766131396970007 6.6565702353547995e-09 -7.3570641646895247e-08 -9.3270206748592512e-09 0.032039193846311938 1.0962110187700924e-08 3.7174710836704345e-10 1.7420107009123942e-08 -0.0348609558895236 5.3158070025502209e-09 1.071959977984489e-08 7.434744879057422e-11 0.038426413247338281 -4.7217224064117657e-09 1.1744472293153122e-08 -4.5008482444763357e-09 -0.0430442604549654 1.9293689125295657e-09 -4.2083785498488302e-08 5.9878278854154262e-09 0.049231300480544984 7.3079953818528148e-09 -1.6422017650902073e-08 -4.059075350073383e-08 -0.0579239952488469 2.2598484667707773e-09 4.705569235874872e-09 -1.1086099952623164e-08 0.07106540767941262 -2.0828117906526079e-09 1.3413531376692292e-08 7.0497193031652679e-09 -0.093481192371863045 -1.0332382514837545e-09 -2.1319260714145671e-09 -1.2616482997321889e-09 0.14213028535633726 -1.7562049388824043e-11 2.53329566554554e-09 -1.4146698424404309e-10 -0.36422114616256351 4.9043654488050981e-11 0.49999999621809832 -8.784069969436702e-17 -0.25442901634991205 -2.8561472621159761e-11 4.7138803572349675e-09 -3.6493013444724023e-11 
0 -0 0 -0 0 -0 0 -0 0 -0 0 -0 0 -0 0 -0 0 -0 0 -0 0 -0 0 -0 0 -0 0 -0 0 -0 0 -0 0 -0 0 -0 0 -0 0 -0 0 -0 0 -0 0 -0 0 -0 0 -0 0 -0 0 -0 0 -0 0 -0 0 -0 0 -0 0 -0 0 -0 0 -0 0 -0 0 -0 0 -0 0 -0 0 -0 0 -0 0 -0 0 -0 0 -0 0 -0 0 -0 0 -0 0 -0 0 -0 0 -0 0 -0 9.5810887542227313e-11 8.8962669032557756e-10 -1.043594377688432e-07 1.7258124579010522e-08 -3.3656654299291548e-07 -3.1702890546344344e-09 -8.3252648257707221e-05 3.3968013481143886e-09 3.0025906153241817e-07 5.049406325162854e-09 0.00016876879063485513 -5.644805012873661e-09 -2.3784772295789421e-07 -3.1155741555350446e-09 -0.00025819146518455825 5.8398514849431832e-09 1.8887772458892958e-07 3.1079919909706544e-09 0.00035360682452301677 -9.7228077173652974e-09 -9.0581942498851278e-08 8.9882674621910402e-10 -0.00045716317186583484 1.0541440482692016e-08 3.8818660595993077e-09 -3.4493735671766142e-09 0.0005715454666670221 -9.9171975143443215e-09 4.2298985825887278e-08 2.3661364695261931e-09 -0.00070040505025093468 2.7604262866484184e-09 -4.2258987486372923e-08 -1.6194825289869982e-09 0.00084796952570732279 -3.6408255946583964e-09 9.0008194484470602e-08 1.7627236422946987e-09 -0.0010200936248722504 4.2435722714461719e-09 -1.139577594372064e-07 -2.7561677466796798e-09 0.0012245126864111012 -2.9678842827518971e-09 8.167053596786471e-08 -1.6206968287897276e-09 -0.00147184036384997 6.2374705233330869e-09 2.087351177051203e-09 9.964628821240454e-09 0.0017769785466812164 -1.8381791315485688e-08 -2.0510756462942448e-08 -9.7918605900808384e-09 -0.0021615240897467822 2.1725765264097041e-08 -1.4595394773485617e-07 5.9785364675108838e-09 0.0026577825326021638 1.0276575684057412e-10 1.999351330672869e-07 1.652070306174094e-08 -0.0033183385449253675 -1.586086623280289e-09 -1.9337896988554221e-07 -8.5853221410371901e-09 0.0042264021142548788 1.4509222865039472e-08 7.0688816231104138e-08 -1.1424554080280932e-08 -0.0055261457057937105 -3.1747082294342804e-08 2.3317994899128297e-07 4.6285996575549121e-08 0.0074837742899547107 -2.511035672662846e-08 5.5679993330758558e-08 4.4169497983756697e-08 -0.01065448199712294 -2.5516842767407484e-09 -1.548571734032497e-08 -5.9952823273755224e-09 0.016311002102390528 2.0248362253211134e-09 -3.7531413740563926e-09 -1.0503852090997428e-09 -0.028072167112838536 3.2200926814029802e-10 -1.1647273770559921e-09 1.1562941052286829e-09 0.060410300268886719 -2.4961763992118995e-11 1.1677223910041293e-09 3.4647567062385072e-11 -0.25442901634991205 2.8561472621159761e-11 0.49999999914144111 -8.523582103977443e-17 -0.42463144760176569 -1.8270924167184335e-11 
0 -0 0 -0 0 -0 0 -0 0 -0 0 -0 0 -0 0 -0 0 -0 0 -0 0 -0 0 -0 0 -0 0 -0 0 -0 0 -0 0 -0 0 -0 0 -0 0 -0 0 -0 0 -0 0 -0 0 -0 0 -0 0 -0 0 -0 0 -0 0 -0 0 -0 0 -0 0 -0 0 -0 0 -0 0 -0 0 -0 0 -0 0 -0 0 -0 0 -0 0 -0 0 -0 0 -0 0 -0 0 -0 0 -0 0 -0 0 -0 0 -0 0 -0 -5.1049944161224195e-06 5.7613444075906736e-08 3.938901387615708e-10 -0.0010206899818949058 0.020396490406185026 -2.5886479228251968e-08 3.3574003169817672e-07 4.3983329307656921e-07 -0.020509349190736589 1.551347991238352e-08 -5.2500841619206312e-07 -1.5102663100112655e-08 0.020681999268450289 -3.9663759014335847e-09 4.8467664611545481e-07 7.2124483124229551e-09 -0.020944360793486716 1.8727868018197922e-08 -6.8243802996319358e-07 -2.3943363630942367e-08 0.021301277687003677 -2.569990213355215e-09 5.7509277025697501e-07 1.5136583441166028e-08 -0.021761144373930747 -7.8606897877564882e-09 -3.4338110639458758e-07 -6.8185429948484536e-10 0.022335568436666856 2.5657400692101239e-08 1.3237208102604588e-07 -8.2542812087797282e-10 -0.023038135723318774 -3.1596497635836857e-09 -1.8032588544498069e-07 -9.304568029550857e-10 0.023888089129699159 -1.5491394723373883e-10 7.6990140984560269e-08 3.7829246652324479e-10 -0.024909730954707287 -3.5792988010670687e-10 8.0445142691329408e-08 1.0647831335143246e-08 0.026135182470653578 -9.9938188679594305e-09 -1.6077867373587453e-07 -1.4504796824643341e-08 -0.027607148994347502 2.0665244742689359e-08 7.8815780133232411e-09 -2.6189329206588981e-09 0.029383462596898034 -7.6769912846368572e-10 2.4055652943431025e-07 1.1900387048786874e-08 -0.031543881737175788 -3.0164815733287073e-08 -9.8860985294112126e-08 -2.6368119249256445e-08 0.034202297734899412 1.1622883502275323e-08 -2.2607535792203148e-08 -5.8654902444939242e-09 -0.037520444151661503 -1.5181619314341971e-08 1.4977520311316929e-07 1.9324026693937595e-08 0.041745360419332293 8.8302143046120538e-09 -2.1502361222867873e-07 -1.4775020290646835e-08 -0.04726875466345095 3.1934329430535825e-08 -1.3285954834961564e-07 -4.485964251894184e-08 0.05475476138202677 1.0706802421341046e-08 -5.6282876188416472e-09 -9.5809346324848142e-09 -0.065409115928692113 -8.0265903564971929e-10 6.9519598335388705e-09 4.6601730152044744e-09 0.081719988141311942 -7.1937332655686433e-10 3.5019086148686124e-09 -1.4905210260292747e-09 -0.10979212628652221 -8.0506467023528401e-11 -3.0799427201341767e-09 -1.6991343773519278e-10 0.17020243041354077 -2.0472056616669395e-11 4.7138803572349675e-09 3.6493013444724023e-11 -0.42463144760176569 1.8270924167184335e-11 0.49999999399745615 -8.7839717548252171e-17 
snapshot t=5.0
ni 0.50000004272061449 0.50000000031949077 0.50000003984674901 0.5000000053816086 0.50000003407395677 0.49999999932541145 0.50000003510892532 0.50000002265351451 0.49999999264839823 0.50000006208913994 0.49999999517058014 0.50000004697406308 0.50000004391978958 0.49999999980673082 0.50000007145037662 0.49999999457081812 0.50000006655070617 0.49999998295282116 0.50000009703295278 0.49999994338582432 0.50000012568800989 0.49999993207530702 0.50000011559577606 0.4999999520776629 0.50000011188554649 0.49999994699544503 0.50000013890930517 0.49999992587036796 0.50000015178751711 0.49999993713894592 0.50000013552221068 0.499999955966271 0.50000013863727644 0.4999999339809344 0.50000014048136465 0.49999992672606502 0.50000009753524788 0.4999998757581523 0.49999886465266574 0.49998278760656417 0.4998047978401709 0.49828976438285599 0.489047930315405 0.45193525317604721 0.36997631861845348 0.32251786001562438 0.43483545811330676 0.52370555106164107 0.50894941596818999 0.90095497963499849 0.90097086515652502 0.50894670798923136 0.52369733103928795 0.43482860538123363 0.32251757021385408 0.36997777021935302 0.45193615465695225 0.48904813076723069 0.49828989241973681 0.4998048628837341 0.49998284132422838 0.49999897983129654 0.49999991592255472 0.50000009720226823 0.50000000374840947 0.50000003485215272 0.50000002486512007 0.50000003275445359 0.50000001699446084 0.50000001240307601 0.50000004140426857 0.4999999689102409 0.50000007100833799 0.49999995520243723 0.50000005743650655 0.49999997157212339 0.50000004535826736 0.49999996408941993 0.50000005938726222 0.49999994471718945 0.50000006231626704 0.49999996278235792 0.50000004042491564 0.49999998975657445 0.50000003391710979 0.4999999839046585 0.50000003876979571 0.49999999957205438 0.49999999538518641 0.50000003955057759 0.4999999497664645 0.50000003922199632 0.49999997127831358 0.49999998904301385 0.50000000279349066 0.4999999900686678 0.49999999625220448 0.49999999265110306 0.50000000037483816 0.49999999245865229
cc
0.50000004272061449 0 -0.42463143397822073 9.8353107082227442e-10 -4.2609685335648351e-08 2.0033590689139125e-09 0.17020239690745675 -1.6457401700101237e-09 4.1434183555110852e-08 4.4211647148886305e-09 -0.10979208612657483 -1.3436933081318324e-09 -3.2425813466644141e-08 -2.1136210736010442e-08 0.081719966490214138 1.1126070679534305e-08 3.3972225888229252e-08 5.3214225329679138e-08 -0.065409087402799465 2.7515303274084065e-08 -1.2686920591289733e-07 -5.1495121572341586e-08 0.054754548586400255 -1.372327559382534e-07 1.4604724679884014e-07 -6.1762378390071724e-08 -0.047268901827271628 -4.3801384417957237e-08 -2.1670007910337239e-08 -3.1521935494983964e-08 0.041745298239936023 -5.8792054097612658e-08 4.2066247797567848e-08 -6.5538970046281085e-08 -0.037520221825539969 -5.5306984714287692e-08 1.2937739555394455e-08 -1.3137052816803391e-08 0.034202074680481566 1.8212206447716448e-07 -3.4997031219836475e-08 1.2656022331726345e-07 -0.031544182093281505 -1.6459910714863641e-07 3.899445954970707e-07 -2.3909348281283572e-07 0.029383533891012305 7.5327766454845333e-08 -6.1172552824472043e-08 2.7318372597645788e-08 -0.02760723192101908 5.5222655390549472e-08 -1.0065510416641289e-07 5.1977769537801137e-08 0.02613516215229969 -8.9648035487195383e-08 2.1817189400003069e-07 -1.4708592964115632e-08 -0.024909640970730441 1.3403758419103989e-07 -2.9358676525628108e-07 -4.2025506084200081e-08 0.023888062591074535 -2.3945130260637416e-07 3.5679531579213575e-07 2.6958704464341541e-08 -0.023038187616765321 1.8701693019985136e-07 -1.8305864710525887e-08 9.022512161323366e-08 0.022335128907327455 -1.1456675118324025e-10 -6.8628083311431194e-09 -5.7909871509618037e-07 -0.021759276858020107 5.2204748292590137e-08 2.1008441157681933e-08 8.0455584155821633e-06 0.021267918470963043 -3.6482868192698031e-08 1.1045935604531709e-07 -0.00012894904667805273 -0.020502416068299081 -1.9716934633945917e-08 -1.6085591052585514e-07 0.0013387226645114386 0.017176970985870045 -6.289851314102119e-07 3.586532552372178e-06 -0.0077630053119084989 -0.0064014188635364106 1.1440741221592219e-05 -3.2793925915024593e-05 0.020297612849691608 -0.0020464837578599124 -7.7803068020220519e-05 0.00015743954405426095 -0.020153769743748724 -0.0079000783663260611 0.0013513854899106796 0 0 0 0 0 0 0 0 0 0 0 0 0 0 0 0 0 0 0 0 0 0 0 0 0 0 0 0 0 0 0 0 0 0 0 0 0 0 0 0 0 0 0 0 0 0 0 0 0 0 0 0 0 0 0 0 0 0 0 0 0 0 0 0 0 0 0 0 0 0 0 0 0 0 0 0 0 0 0 0 0 0 0 0 0 0 0 0 0 0 0 0 0 0 0 0 0 0 0 0 
-0.42463143397822073 -9.8353107082227442e-10 0.50000000031949055 0 -0.25442901907117055 -4.9872943275186543e-10 5.9668547574133306e-10 1.3623072669943781e-09 0.060410325716715965 2.8205440016222628e-09 -3.8545932431799924e-09 1.9180914297635808e-08 -0.028072201177501394 2.1866748618602589e-09 -1.7715532464363441e-08 -2.7452241324754577e-08 0.016310981625145653 -4.6743636820536792e-08 6.819226351103661e-08 -3.2407105903120019e-08 -0.010654380564136097 4.8852236268549958e-08 4.0388129484212838e-08 8.8672717243413058e-08 0.0074841020424848814 1.7656719243461261e-07 -1.5579739694178177e-07 6.6565244143794059e-08 -0.005526072186160841 -9.5814077947771808e-09 9.2332138857717904e-08 3.0077658811645012e-08 0.0042263590869878976 1.3050684955224814e-07 -9.030134999866429e-08 7.6670968918588122e-08 -0.0033184520497396776 -9.0201405368032297e-08 6.5213297792459761e-08 -8.6353607713436301e-08 0.0026581031224766558 -3.586111061205505e-08 -1.2836034592286519e-07 2.9011400097218858e-08 -0.0021615486501945541 9.7514149508363665e-08 -1.7710782723268978e-07 1.1119069484202371e-07 0.0017770711202243273 -1.3388181202848195e-07 1.6581074567561889e-07 -7.6302356519795967e-08 -0.0014719084213574206 1.0174409415818566e-07 -1.2325396428858439e-07 2.9683882932920882e-08 0.0012245825271441188 -7.3390034837151463e-08 6.6109889460405786e-08 -1.7926980015578477e-08 -0.0010201943298243569 4.8942817584548119e-08 -1.3788121351603623e-08 3.7464216741491067e-08 0.00084807461233391012 8.6527681558575103e-09 -6.713478852169156e-08 -5.8470549604322909e-08 -0.0007004554658107886 -4.6746091865849056e-08 1.0838315285239397e-08 5.8458416362751978e-08 0.00057171741564371195 2.1141124151363081e-08 1.5854104410249116e-09 -2.845746925872924e-08 -0.00045729879981460964 -3.3125449311288137e-08 -2.7328825335324356e-08 3.1360135413200081e-07 0.00035261240386504869 4.9905012990443288e-08 1.6011831572121665e-08 -3.9794616219803172e-06 -0.00024653268300468324 -7.0255195015677794e-08 -1.4340708988944973e-08 2.9965132788199106e-05 0.00010537360475842099 6.7482035352317005e-08 5.3633789555753436e-08 -0.00010717129252909095 5.1145683628437949e-05 1.9563183440162527e-07 -6.7429660265392024e-07 0.00010971825135293686 -4.0892034270607085e-05 -1.2431671927064704e-06 1.0154346408567468e-05 4.8637922335338247e-05 0 0 0 0 0 0 0 0 0 0 0 0 0 0 0 0 0 0 0 0 0 0 0 0 0 0 0 0 0 0 0 0 0 0 0 0 0 0 0 0 0 0 0 0 0 0 0 0 0 0 0 0 0 0 0 0 0 0 0 0 0 0 0 0 0 0 0 0 0 0 0 0 0 0 0 0 0 0 0 0 0 0 0 0 0 0 0 0 0 0 0 0 0 0 0 0 0 0 0 0 
-4.2609685335648351e-08 -2.0033590689139125e-09 -0.25442901907117055 4.9872943275186543e-10 0.50000003984674901 -1.0808140406964872e-18 -0.3642211460605993 7.1547687262654702e-11 -4.0962711376884919e-08 -3.2175382611336015e-08 0.14213025864161838 -5.3684553478503405e-09 5.0939493483179614e-08 9.4185112397824967e-09 -0.093481133495205773 1.1783364433701294e-08 -3.8523595828389019e-08 2.4536226566150269e-08 0.071065415657151521 2.6021366197694786e-08 -1.1293667159421322e-08 2.8947723048962495e-08 -0.057924195982692273 -5.971409364513344e-08 -2.2849279638562348e-08 -5.8458950357020243e-08 0.049231196558635323 -5.1826627942873668e-08 6.1336655423388037e-08 -9.6870693644537246e-09 -0.043044198572593673 3.3331292679801402e-08 -1.239187275667358e-07 1.2080998423584513e-08 0.038426304885849964 -4.9055133806759354e-08 9.2463032121667623e-08 -5.7781940334581045e-09 -0.03486082893405093 -1.8615780834157393e-08 -6.6700881066300049e-08 -4.4541513738760984e-08 0.032039381732936925 4.2398124527235426e-08 -1.6279193564507173e-07 1.2946604755417505e-07 -0.029766191008465653 6.2469452402619298e-09 -3.7379000123564273e-08 1.6127069765807575e-08 0.027910218565934591 -7.6932400025376603e-08 1.4091074808838555e-07 -7.6059877514439437e-08 -0.026380538344641467 7.7341461216026259e-08 -2.3225398474032385e-07 4.2299674532436914e-08 0.025112563622814117 -1.0321507771434998e-07 3.0336099414586902e-07 8.9468096422955971e-09 -0.024059222000685491 1.9526370247610705e-07 -3.6933842298497183e-07 2.8575187840344144e-09 0.023185344493177801 -1.4393782269725824e-07 5.549352365684513e-08 -1.0990831491809738e-07 -0.022464082996096542 -3.3292179790954461e-08 -2.6890020624457684e-08 5.8782373068895797e-07 0.021874418342121858 -1.692339720859029e-08 1.3574440083852425e-08 -8.0852683134055408e-06 -0.021372547945512719 2.8107586034066378e-09 -1.4064095933939422e-07 0.00012951962281380371 0.020597667173633379 4.8534824400938573e-08 1.8859995791087833e-07 -0.0013446175081785105 -0.017253497037856693 6.1168970432268263e-07 -3.6248901618606168e-06 0.007797064681386693 0.0064283620144385597 -1.1479090855348777e-05 3.2957754819474628e-05 -0.020385901546801123 0.0020563641625815049 7.8135329941928389e-05 -0.00015814153114203063 0.020239806625414903 0.0079343819697116295 -0.0013572795904587538 0 0 0 0 0 0 0 0 0 0 0 0 0 0 0 0 0 0 0 0 0 0 0 0 0 0 0 0 0 0 0 0 0 0 0 0 0 0 0 0 0 0 0 0 0 0 0 0 0 0 0 0 0 0 0 0 0 0 0 0 0 0 0 0 0 0 0 0 0 0 0 0 0 0 0 0 0 0 0 0 0 0 0 0 0 0 0 0 0 0 0 0 0 0 0 0 0 0 0 0 
0.17020239690745675 1.6457401700101237e-09 5.9668547574133306e-10 -1.3623072669943781e-09 -0.3642211460605993 -7.1547687262654702e-11 0.50000000538160883 -3.4423418976414766e-18 -0.2825011669860481 2.4170213242425027e-09 -3.052710560070362e-09 3.9050242248915958e-08 0.076721246379309188 -4.3463403253243153e-10 -1.8147892027659189e-09 -1.8698865790344778e-08 -0.038726680486432068 9.1380823854548134e-09 -2.5984421042372368e-08 -5.2273179222334418e-09 0.023795666696891645 -2.4054777721386791e-08 -2.7369781063775982e-08 -9.2511482508625234e-08 -0.016179699511279799 -8.6445502710355882e-08 7.8942527759044011e-08 -1.2911518514333416e-08 0.011709279855961522 -2.428339547386307e-08 -8.2831565542050602e-10 -6.0061411784905257e-08 -0.0088419323704028319 -1.135671306844378e-07 6.940569831026925e-08 -6.80655104161776e-08 0.0068828984699333424 1.1045866992295896e-07 -6.952877360513983e-08 9.1517674624521781e-08 -0.0054796829592540838 4.5789843720967255e-08 2.0707596365905743e-07 -1.6653575607209787e-08 0.0044362481720726975 -1.2495591519398207e-07 2.9616612204681842e-07 -2.1319022649472753e-07 -0.0036352699187047581 1.6972229557936103e-07 -2.6368060491081067e-07 1.3417727137991921e-07 0.0030037443052001738 -1.0566035790180949e-07 1.8232551913927299e-07 -3.4566374813519718e-08 -0.0024944877092721008 5.9104782474290754e-08 -7.2023654332707712e-08 2.4301897448231226e-09 0.0020752817612838537 -2.2135671669338049e-08 -3.273599673685975e-08 -3.1951929910079358e-08 -0.0017233450935287497 -8.0733993776451771e-08 1.9689584494156419e-07 6.6005060464018062e-08 0.0014222413514981471 1.4579285466683284e-07 -8.9753678601095178e-08 -6.0225968889020029e-08 -0.0011601472217715736 -8.529789841370201e-08 6.8368355956031355e-08 -3.1561200159147867e-09 0.00092755149672777738 1.0062635178589634e-07 -2.0278902475803256e-08 -5.7282371665639399e-07 -0.00071498730490690175 -1.2585490084322629e-07 4.4662309509501212e-08 8.0037522883037554e-06 0.00049978159752072726 1.5411482285826798e-07 -3.6408418520630533e-08 -6.0687906786469206e-05 -0.00021355974114827805 -1.122887975566108e-07 -9.0226211568127207e-08 0.00021722054791585322 -0.00010375227830517817 -4.8294987504487987e-07 1.381999211475489e-06 -0.00022239999264350935 8.294472002234067e-05 2.6061527786669238e-06 -2.055178583254531e-05 -9.8620785967955068e-05 0 0 0 0 0 0 0 0 0 0 0 0 0 0 0 0 0 0 0 0 0 0 0 0 0 0 0 0 0 0 0 0 0 0 0 0 0 0 0 0 0 0 0 0 0 0 0 0 0 0 0 0 0 0 0 0 0 0 0 0 0 0 0 0 0 0 0 0 0 0 0 0 0 0 0 0 0 0 0 0 0 0 0 0 0 0 0 0 0 0 0 0 0 0 0 0 0 0 0 0 
4.1434183555110852e-08 -4.4211647148886305e-09 0.060410325716715965 -2.8205440016222628e-09 -4.0962711376884919e-08 3.2175382611336015e-08 -0.2825011669860481 -2.4170213242425027e-09 0.50000003407395388 4.1631669357548862e-17 -0.34791018387500988 -2.188451038343495e-09 -3.7627128408858831e-08 -3.442584493965059e-08 0.13147577566057655 -4.7356893792472565e-09 2.9603435365217747e-08 1.0520528261900114e-09 -0.08599638609653032 -6.1052606350963189e-08 9.6696407214515516e-08 7.1587791838300382e-09 0.065541040192398925 1.42750456760907e-07 3.8297371257299967e-08 1.9943675861445129e-07 -0.053698454291459127 1.7239426463642962e-07 -1.4858261423800395e-07 2.4835844871174549e-08 0.045911857576732336 3.2943658875811379e-08 1.4419584872922835e-07 1.076813964440979e-07 -0.040387251276607847 1.2588487942371646e-07 -1.2035941016041478e-07 -2.3766167324894614e-08 0.036266782432108791 -1.532171234116553e-07 7.9966716166594195e-08 -1.3154550070112288e-08 -0.033085380451230252 7.2281913272342335e-08 -1.0202360350207787e-07 -3.1617078413257028e-08 0.030567863675116894 -7.3865172504514127e-08 6.8341071556104442e-08 1.8975124300913096e-08 -0.028540537379560742 5.9435623411516412e-08 -7.5679197879391709e-08 7.9792458438033134e-09 0.026887747701450242 -2.0867506327881537e-08 1.3176512890286187e-07 8.8867877872917205e-09 -0.02552948030557211 3.1957549412153241e-08 -2.103069946658745e-07 -3.7605724130675357e-08 0.024408823475668064 -1.1371216491612806e-07 2.9724301629530206e-07 2.0822735797738656e-08 -0.023484217365344433 7.8020245608122429e-08 -5.0008131956725096e-08 7.6871417700744922e-08 0.022724567791998575 6.8943291429210766e-08 2.7797707390643569e-08 -5.4325120878611453e-07 -0.022105823947812377 -1.5649620863020174e-08 -2.9142908142439706e-08 8.1134932227733907e-06 0.021581868518096192 2.1234569805792861e-08 1.5898244931920005e-07 -0.00013061281217349404 -0.020787498352461731 -5.9211811939529703e-08 -2.1186766773613559e-07 0.0013562931087592212 0.017405559322009396 -6.2286186765907576e-07 3.6699189148904493e-06 -0.0078646575194341317 -0.006481664409644091 1.1585322201235381e-05 -3.3238362042767127e-05 0.020561042580399185 -0.0020761188946837473 -7.8803314019639404e-05 0.00015948710320870269 -0.0204102429630818 -0.0080024234809462878 0.0013689897396068969 0 0 0 0 0 0 0 0 0 0 0 0 0 0 0 0 0 0 0 0 0 0 0 0 0 0 0 0 0 0 0 0 0 0 0 0 0 0 0 0 0 0 0 0 0 0 0 0 0 0 0 0 0 0 0 0 0 0 0 0 0 0 0 0 0 0 0 0 0 0 0 0 0 0 0 0 0 0 0 0 0 0 0 0 0 0 0 0 0 0 0 0 0 0 0 0 0 0 0 0 
-0.10979208612657483 1.3436933081318324e-09 -3.8545932431799924e-09 -1.9180914297635808e-08 0.14213025864161838 5.3684553478503405e-09 -3.052710560070362e-09 -3.9050242248915958e-08 -0.34791018387500988 2.188451038343495e-09 0.49999999932541261 -5.5511154539980277e-17 -0.29315568868121666 -7.8990524394888996e-09 1.8828883831297711e-08 2.1758527774231903e-08 0.0842060028953307 4.6034684843438173e-08 -3.4289362680323721e-08 5.4171890406153081e-08 -0.044251485397542159 6.3100496230716159e-08 -2.1479923468580321e-07 -7.2786971724545501e-08 0.028020818866547854 -2.6581766426946159e-07 8.3441208790240552e-08 -2.1262859120700335e-07 -0.019497259098627626 -6.8344572013919124e-08 -4.6960643064439085e-08 3.0369107976374577e-08 0.014368327954577806 -4.1341414855567637e-08 -1.1100116684924087e-07 -6.0496629530453635e-08 -0.011003463490395569 -6.570773564204163e-08 1.1961889722715214e-07 4.0231411543592466e-08 0.0086594314178015386 2.264756343594944e-08 -2.4676214171865346e-07 -7.973728251213474e-08 -0.0069514647632873666 2.1186795003534709e-08 -2.6723273357805785e-07 3.1704761954591765e-07 0.005660907265829445 -3.2809401755105413e-08 2.4951551198852879e-07 -2.0885493630305474e-07 -0.004655821968225774 -5.1282541555080046e-08 -1.8253573235565539e-07 6.9951947959800491e-08 0.0038529471158431591 8.9598127834597964e-08 6.1208355788538406e-08 -1.7644531432817335e-08 -0.0031968980069970927 -1.1371157744728838e-07 7.2717617177335708e-08 4.8804918698069246e-08 0.0026493452959967761 2.3757624434690419e-07 -3.0793015239394534e-07 -8.7233158998189247e-08 -0.0021830682304820061 -3.1006084402616993e-07 1.5313540319988795e-07 6.9738889896036537e-08 0.0017786806687164799 2.0160371806216019e-07 -1.2338884350110017e-07 2.8779248119967998e-08 -0.001420838285615585 -2.0813042415904219e-07 5.6457834940530888e-08 8.5046761717235342e-07 0.0010945537547718085 2.3147129096370632e-07 -9.8535476539108659e-08 -1.221902310053311e-05 -0.00076478431868830395 -2.5863362130279542e-07 8.220419137806109e-08 9.2828689581730909e-05 0.00032668153569552694 1.6606588178207936e-07 1.3769980948250471e-07 -0.00033232279287339836 0.0001587997789130617 7.8514054763103544e-07 -2.1279756721232345e-06 0.00034022844389136381 -0.0001268980625141254 -4.0322420046065607e-06 3.1422891092432574e-05 0.00015089108703152161 0 0 0 0 0 0 0 0 0 0 0 0 0 0 0 0 0 0 0 0 0 0 0 0 0 0 0 0 0 0 0 0 0 0 0 0 0 0 0 0 0 0 0 0 0 0 0 0 0 0 0 0 0 0 0 0 0 0 0 0 0 0 0 0 0 0 0 0 0 0 0 0 0 0 0 0 0 0 0 0 0 0 0 0 0 0 0 0 0 0 0 0 0 0 0 0 0 0 0 0 
-3.2425813466644141e-08 2.1136210736010442e-08 -0.028072201177501394 -2.1866748618602589e-09 5.0939493483179614e-08 -9.4185112397824967e-09 0.076721246379309188 4.3463403253243153e-10 -3.7627128408858831e-08 3.442584493965059e-08 -0.29315568868121666 7.8990524394888996e-09 0.50000003510892577 5.5517927494835861e-17 -0.34042544727571045 1.5551131933145973e-08 -7.5686330867314688e-08 -3.5482702140785173e-08 0.12595109427910903 -9.8629498709633889e-08 1.4990689586441582e-07 -8.7811375814285967e-08 -0.081770828614121618 -3.4612472093260641e-10 1.4059684768902946e-07 1.3790751532908488e-07 0.062222892959121992 2.182859657196239e-07 -2.1084954673961059e-08 7.1973429192012853e-08 -0.051041218067474976 -6.4519413603494471e-08 1.0703527175559641e-07 -6.0834196754468443e-08 0.043750180823233613 4.7704356219309598e-08 7.3151298533044928e-09 1.2617467074214997e-09 -0.038610124072189958 2.0078591110469166e-08 -1.8980937752516239e-08 2.5088709720510915e-08 0.034794792647487034 6.9216208855680772e-08 3.820350799980803e-07 3.0523307755624073e-08 -0.031859980278896999 -3.8889442477409355e-08 -9.2015037417079045e-08 -2.2197552597572396e-07 0.029546117237124542 6.7668855801240413e-08 -6.9533083406997827e-09 2.4901723330317031e-07 -0.027690406912366929 -7.4142629528530144e-08 -3.2788139567412261e-09 -2.3886252519424891e-07 0.026184819548766197 1.9562024549697788e-08 8.8950833299052529e-08 2.2570856579887792e-07 -0.024955137317309507 9.3778656852745528e-08 -2.0171316427460849e-07 -1.8912115122938659e-07 0.023948805009883209 -1.1705456091602953e-07 5.3589428994298057e-08 9.1057802936987757e-08 -0.023127546427912683 4.2410406021727412e-08 -3.6987537488812193e-08 3.7357673474327808e-07 0.022462264193850372 -1.178648153290935e-07 5.8113026482460571e-08 -8.0725118840502923e-06 -0.021903054016291022 1.3784565784263547e-07 -1.8880148468702732e-07 0.00013221335122628992 0.021077850158966023 -1.2548983324171604e-07 2.3588499037641399e-07 -0.0013740478152039644 -0.017637568036924178 8.159321720103172e-07 -3.6593356028901965e-06 0.0079676745941877486 0.0065626865646930934 -1.1816281221744927e-05 3.3453927847477527e-05 -0.020827894354087082 0.0021064201824873095 7.9801447015826485e-05 -0.0001613229947250946 0.020669624726812722 0.0081060743884593771 -0.0013869198645353521 0 0 0 0 0 0 0 0 0 0 0 0 0 0 0 0 0 0 0 0 0 0 0 0 0 0 0 0 0 0 0 0 0 0 0 0 0 0 0 0 0 0 0 0 0 0 0 0 0 0 0 0 0 0 0 0 0 0 0 0 0 0 0 0 0 0 0 0 0 0 0 0 0 0 0 0 0 0 0 0 0 0 0 0 0 0 0 0 0 0 0 0 0 0 0 0 0 0 0 0 
0.081719966490214138 -1.1126070679534305e-08 -1.7715532464363441e-08 2.7452241324754577e-08 -0.093481133495205773 -1.1783364433701294e-08 -1.8147892027659189e-09 1.8698865790344778e-08 0.13147577566057655 4.7356893792472565e-09 1.8828883831297711e-08 -2.1758527774231903e-08 -0.34042544727571045 -1.5551131933145973e-08 0.50000002265351584 2.8189269719512916e-17 -0.29868033517126591 -1.0489705895228278e-08 3.6400014945124477e-08 6.3132617851313773e-08 0.088431364125723763 1.1543106261738814e-07 -1.4326782894129643e-07 6.5590988089757042e-08 -0.047569505707186342 -3.2311288378630348e-08 -1.0750439630069213e-07 -9.8136831463902842e-08 0.03067893900749373 -7.7859052644282799e-08 1.3996058014082863e-08 7.1561183751645169e-08 -0.02165818555379103 9.2879659762098349e-08 -5.4015854211149616e-08 1.3939476277036773e-09 0.016145586904833756 -1.1899195796184741e-08 9.0966362740096108e-08 7.4391481071649662e-08 -0.012475877530285137 3.1246651848888657e-08 -6.6387378097463812e-08 -8.6710971136299501e-08 0.0098845514968509702 -1.5455889732870868e-07 2.3127619269381299e-07 -1.3764371651386814e-07 -0.0079721562866549734 1.5545195665985778e-07 -2.2713696200706682e-07 1.380437494063949e-07 0.0065097448805750014 -8.8614395459882502e-08 2.1140673421424618e-07 -7.9296972788589741e-08 -0.0053579154939902311 7.8410764717722347e-08 -1.1109999629536554e-07 8.4397237955247677e-08 0.0044271283576273685 -6.4230677174987181e-08 -4.151410381718925e-08 -1.6313847753248255e-07 -0.0036571740886784782 -9.4279661016666017e-08 3.4797948335256042e-07 2.3762415093116269e-07 0.0030062029917179438 1.9977388201375989e-07 -1.6920969477203752e-07 -2.342176218505936e-07 -0.0024448208070483517 -8.1450180768968931e-08 1.4478059726536962e-07 1.2532529489838575e-07 0.0019502783392206082 1.1683672181301655e-07 -7.4937295742496021e-08 -1.3469758180767525e-06 -0.0015009490288520509 -1.7779135168370926e-07 1.5137774499652375e-07 1.6931043186524721e-05 0.0010480680053550713 2.4866853870250865e-07 -1.4841783652419631e-07 -0.00012734746216817313 -0.00044753034549739975 -1.6502494725365945e-07 -1.3275416138937117e-07 0.00045533266926811063 -0.00021742545449452685 -1.0957482551647671e-06 2.8673112211370216e-06 -0.00046601283881603982 0.00017357222463319912 5.5474842893142627e-06 -4.3036694057315634e-05 -0.00020661774769407696 0 0 0 0 0 0 0 0 0 0 0 0 0 0 0 0 0 0 0 0 0 0 0 0 0 0 0 0 0 0 0 0 0 0 0 0 0 0 0 0 0 0 0 0 0 0 0 0 0 0 0 0 0 0 0 0 0 0 0 0 0 0 0 0 0 0 0 0 0 0 0 0 0 0 0 0 0 0 0 0 0 0 0 0 0 0 0 0 0 0 0 0 0 0 0 0 0 0 0 0 
3.3972225888229252e-08 -5.3214225329679138e-08 0.016310981625145653 4.6743636820536792e-08 -3.8523595828389019e-08 -2.4536226566150269e-08 -0.038726680486432068 -9.1380823854548134e-09 2.9603435365217747e-08 -1.0520528261900114e-09 0.0842060028953307 -4.6034684843438173e-08 -7.5686330867314688e-08 3.5482702140785173e-08 -0.29868033517126591 1.0489705895228278e-08 0.49999999264840012 1.1614515779213315e-16 -0.33620007963459209 2.1159182853197504e-09 -6.811310159885304e-08 -6.8473797627402664e-08 0.12263311198520828 -1.0773699873411345e-07 1.6988615977040448e-07 -3.7294592763343332e-08 -0.079113147891262919 3.0892078412894099e-08 -2.2863975700252435e-08 -6.1282830696268519e-10 0.060061520792273844 -2.2325602175967227e-08 3.5383765028164053e-08 -7.8227026868009538e-08 -0.04926433223162608 -3.5789851790420409e-08 -1.3871137729006502e-07 5.0952154399465365e-08 0.042277467869048936 -8.6557408390714299e-08 1.3858818974762993e-08 -1.5037023239236346e-07 -0.037384505091695719 -1.4230503154077636e-08 -4.5679349932273738e-07 1.9274237072559501e-07 0.03377317036649595 5.0536697884452967e-08 -2.8298334594754607e-08 1.3105554835595229e-07 -0.031010369635616212 -1.5192177292591884e-07 2.1979394990543289e-07 -2.0604227269305413e-07 0.028844276979308456 1.7649360721539394e-07 -2.7240963550682374e-07 1.8436729712158699e-07 -0.027117234828493181 -1.3086873750804388e-07 1.9144856061043065e-07 -1.55225275075753e-07 0.025725730570499251 3.7818139324072559e-08 -5.181361689777206e-08 1.348870697152812e-07 -0.024599204960774002 1.3175865251667622e-08 6.0040008037978975e-08 -7.8711328345059155e-08 0.023687932278673298 4.8942404473141962e-09 -6.0645600510155177e-08 -3.4273638809247232e-07 -0.022954977840251238 6.5608706854321223e-08 -1.3211320277591306e-09 8.1804854601714158e-06 0.022344709663743075 -9.4698636473025969e-08 1.515782667612896e-07 -0.00013452342974869401 -0.02147537402642288 1.057409102914262e-07 -2.3052192485918593e-07 0.001398341561286517 0.017954161770216467 -8.4632187165146117e-07 3.731501299192669e-06 -0.0081081069830278383 -0.006672751620467543 1.2062306089480045e-05 -3.4053800797840942e-05 0.021191283326012077 -0.0021479820772617752 -8.1213275839671101e-05 0.00016413056225128087 -0.021022279507614938 -0.008247213081234106 0.001411214894152326 0 0 0 0 0 0 0 0 0 0 0 0 0 0 0 0 0 0 0 0 0 0 0 0 0 0 0 0 0 0 0 0 0 0 0 0 0 0 0 0 0 0 0 0 0 0 0 0 0 0 0 0 0 0 0 0 0 0 0 0 0 0 0 0 0 0 0 0 0 0 0 0 0 0 0 0 0 0 0 0 0 0 0 0 0 0 0 0 0 0 0 0 0 0 0 0 0 0 0 0 
-0.065409087402799465 -2.7515303274084065e-08 6.819226351103661e-08 3.2407105903120019e-08 0.071065415657151521 -2.6021366197694786e-08 -2.5984421042372368e-08 5.2273179222334418e-09 -0.08599638609653032 6.1052606350963189e-08 -3.4289362680323721e-08 -5.4171890406153081e-08 0.12595109427910903 9.8629498709633889e-08 3.6400014945124477e-08 -6.3132617851313773e-08 -0.33620007963459209 -2.1159182853197504e-09 0.50000006208914138 1.0928752604697964e-16 -0.30199833651166597 1.5213756755075614e-08 7.4601662484051788e-09 5.1280483243058776e-08 0.091089189035746185 6.2430822561181881e-08 -5.540400135612562e-08 2.8060602189660856e-08 -0.049730494813958075 -6.8152468322783256e-10 1.1638823964889041e-08 5.4033110558863306e-08 0.032455854089459675 1.7943526240442226e-08 5.4026727733694381e-08 1.0759687656093987e-08 -0.023130431065181228 5.178172393511815e-09 5.8791586935573243e-08 -6.2520218938839569e-08 0.017371647591936726 9.6885678184210245e-08 1.7450795788300828e-07 1.8511667837768805e-07 -0.013497465132914414 8.5329977762338897e-08 2.5619083316484222e-07 -1.4812014499843619e-07 0.010734001232166271 -4.7185159665708442e-08 -1.1170853803592743e-07 1.5675829313487214e-08 -0.00867409084307115 4.104727705103074e-08 -8.1182184784839313e-08 3.2095699953849246e-08 0.0070831821192245265 -1.0890459972980533e-07 1.4297037620948464e-07 -9.2012462607261344e-08 -0.005817354067786995 1.4306563408334594e-07 -6.8934975269845761e-08 1.9590986710925323e-07 0.0047832967399973848 1.2131535169157065e-08 -2.4015034051224117e-07 -2.8543992207640928e-07 -0.0039179043042581099 -1.243184610248692e-07 2.4854479149034292e-08 2.8462562086329103e-07 0.0031776369466001678 -1.1558654636053721e-08 1.3596763269510505e-08 -1.6752097467950232e-07 -0.0025297281916374886 -4.2032303305516588e-08 -9.1470415910128439e-08 1.7618181408864297e-06 0.0019440958662362592 1.334754307512314e-07 -2.4283542791073422e-08 -2.193006913211959e-05 -0.0013561957087718638 -2.5410707258914721e-07 6.3275886967271657e-08 0.00016475519660046078 0.00057867723997222253 2.3066465895487545e-07 1.9250667393647616e-07 -0.00058893045774796365 0.00028133001507910527 1.2562101559915635e-06 -3.6539002640717462e-06 0.00060260255636531627 -0.00022432849924549058 -7.0124936922612916e-06 5.5728506090127223e-05 0.00026717823520310127 0 0 0 0 0 0 0 0 0 0 0 0 0 0 0 0 0 0 0 0 0 0 0 0 0 0 0 0 0 0 0 0 0 0 0 0 0 0 0 0 0 0 0 0 0 0 0 0 0 0 0 0 0 0 0 0 0 0 0 0 0 0 0 0 0 0 0 0 0 0 0 0 0 0 0 0 0 0 0 0 0 0 0 0 0 0 0 0 0 0 0 0 0 0 0 0 0 0 0 0 
-1.2686920591289733e-07 5.1495121572341586e-08 -0.010654380564136097 -4.8852236268549958e-08 -1.1293667159421322e-08 -2.8947723048962495e-08 0.023795666696891645 2.4054777721386791e-08 9.6696407214515516e-08 -7.1587791838300382e-09 -0.044251485397542159 -6.3100496230716159e-08 1.4990689586441582e-07 8.7811375814285967e-08 0.088431364125723763 -1.1543106261738814e-07 -6.811310159885304e-08 6.8473797627402664e-08 -0.30199833651166597 -1.5213756755075614e-08 0.49999999517058175 6.99310389620923e-18 -0.33354225374626995 -1.7840763650519525e-10 -6.4205775762329312e-08 -2.533846600129659e-08 0.1204718892774522 -4.0461496811711627e-08 6.8881640127345751e-08 -2.3715864762854576e-08 -0.077336324277457583 7.4659981756210996e-09 -9.0997223984981242e-08 -5.7872309550247035e-08 0.058589341866787749 -2.3962789489355196e-08 9.2856977584732193e-08 6.0884549976332034e-08 -0.048039088711247124 8.7221738927094463e-08 -6.6450800487269381e-08 4.5633512883901076e-08 0.041255364048089903 -9.652616301897458e-08 1.9586057977463865e-07 -2.3316976234841567e-07 -0.03653407765634107 -4.539535862009791e-08 -7.6107786428744255e-08 -1.3689297720330271e-09 0.033070486693739597 1.3710853275713513e-07 -7.5023463909526669e-09 7.7347302217292957e-08 -0.030437250032934963 -1.3933923911908819e-07 1.2305581812332881e-07 -5.5813219694104509e-08 0.028385874169647059 1.1159530394643081e-07 -1.1696532283454255e-07 3.3224531309908538e-08 -0.026762158326127113 -7.0964539191934221e-08 2.6499849963370362e-08 -5.1261487094946674e-08 0.025465719220695484 1.6500225375176559e-08 7.1193499425490435e-08 5.8194137509217909e-08 -0.024428550612523678 6.7364783135587874e-09 -2.9332176096857156e-08 3.0294902507947128e-07 0.023601673772071785 -4.1933086475355661e-08 9.1698311252072685e-08 -8.3194274012393267e-06 -0.02292096803804014 5.9655085343170321e-08 -2.2314535856800879e-07 0.00013750776915344686 0.021991538969083773 -8.3274805803059249e-08 3.0611639653459388e-07 -0.0014297342049645171 -0.018363716709368774 8.7162884483662531e-07 -3.8640561256045587e-06 0.0082895223466838697 0.0068143721813282137 -1.2341094634004771e-05 3.4826600986439388e-05 -0.021660346603358534 0.002202115684458376 8.2999956789698301e-05 -0.00016776050573158452 0.021476679563504953 0.0084293630776731878 -0.0014425951702713687 0 0 0 0 0 0 0 0 0 0 0 0 0 0 0 0 0 0 0 0 0 0 0 0 0 0 0 0 0 0 0 0 0 0 0 0 0 0 0 0 0 0 0 0 0 0 0 0 0 0 0 0 0 0 0 0 0 0 0 0 0 0 0 0 0 0 0 0 0 0 0 0 0 0 0 0 0 0 0 0 0 0 0 0 0 0 0 0 0 0 0 0 0 0 0 0 0 0 0 0 
0.054754548586400255 1.372327559382534e-07 4.0388129484212838e-08 -8.8672717243413058e-08 -0.057924195982692273 5.971409364513344e-08 -2.7369781063775982e-08 9.2511482508625234e-08 0.065541040192398925 -1.42750456760907e-07 -2.1479923468580321e-07 7.2786971724545501e-08 -0.081770828614121618 3.4612472093260641e-10 -1.4326782894129643e-07 -6.5590988089757042e-08 0.12263311198520828 1.0773699873411345e-07 7.4601662484051788e-09 -5.1280483243058776e-08 -0.33354225374626995 1.7840763650519525e-10 0.50000004697406497 2.8623043232735724e-17 -0.30415951929788582 1.0041071170756838e-08 -3.1148013079267887e-09 2.0866473702930532e-09 0.092866149816354673 -5.2226209909235413e-09 3.1930129626155541e-08 2.6098342427613436e-08 -0.05120280677865325 3.5735605680015374e-08 -3.5535281557818941e-08 2.2759001550026511e-08 0.033681314062249793 -7.6131132777159741e-09 -1.5246772209036426e-07 -7.0384722413013744e-08 -0.02415156622564793 -1.7785120315885326e-07 -3.4600573781592662e-07 -3.5550599449225803e-08 0.018221420930834648 1.634034382519257e-08 -4.4143172808631395e-07 2.5945265900876162e-07 -0.014200524965641219 -6.6959487033358504e-08 2.5635232124170952e-07 -5.0658591810632424e-08 0.0113086085289119 1.4968689258707086e-09 1.1454254312868969e-08 -6.7770324174215766e-08 -0.009133839406381716 1.3315982642479426e-07 -1.7909923523396362e-07 1.4133632648824131e-07 0.007438963987849048 -1.9990207701835568e-07 1.5781487633569505e-07 -2.2235045887573492e-07 -0.0060773524043929213 5.3121228322908715e-08 1.58435345384409e-07 2.9131048111820057e-07 0.0049532825202476555 6.1047482743846526e-08 3.7315611827060076e-08 -2.7623134653140083e-07 -0.0040022191185481344 8.0238598522052881e-08 -7.1470807636630446e-08 1.5733743216412958e-07 0.0031771611908248797 -1.2470218857592492e-08 1.334452184217261e-07 -2.1667574253531253e-06 -0.0024367164760890864 -1.0147034645251619e-07 4.1120125402881332e-08 2.7410432745723448e-05 0.0016975363526828026 2.5617943370817356e-07 -1.1260091468560255e-07 -0.00020609782465034665 -0.00072354530046711942 -2.3075792143638064e-07 -2.0881205230381029e-07 0.00073665991934934835 -0.00035219192537378001 -1.62698820934049e-06 4.5414484030103429e-06 -0.00075354607642085479 0.00028039215097092448 8.8234769442814543e-06 -6.968783783570824e-05 -0.00033415829781094033 0 0 0 0 0 0 0 0 0 0 0 0 0 0 0 0 0 0 0 0 0 0 0 0 0 0 0 0 0 0 0 0 0 0 0 0 0 0 0 0 0 0 0 0 0 0 0 0 0 0 0 0 0 0 0 0 0 0 0 0 0 0 0 0 0 0 0 0 0 0 0 0 0 0 0 0 0 0 0 0 0 0 0 0 0 0 0 0 0 0 0 0 0 0 0 0 0 0 0 0 
1.4604724679884014e-07 6.1762378390071724e-08 0.0074841020424848814 -1.7656719243461261e-07 -2.2849279638562348e-08 5.8458950357020243e-08 -0.016179699511279799 8.6445502710355882e-08 3.8297371257299967e-08 -1.9943675861445129e-07 0.028020818866547854 2.6581766426946159e-07 1.4059684768902946e-07 -1.3790751532908488e-07 -0.047569505707186342 3.2311288378630348e-08 1.6988615977040448e-07 3.7294592763343332e-08 0.091089189035746185 -6.2430822561181881e-08 -6.4205775762329312e-08 2.533846600129659e-08 -0.30415951929788582 -1.0041071170756838e-08 0.50000004391979036 6.2531360194703892e-17 -0.33176532568192424 1.3050172052493613e-08 -6.621901420331581e-08 3.0340562391589248e-09 0.11899959255940033 -1.4029357038037574e-09 2.8818049262433101e-08 -1.2865251191917736e-08 -0.076110792621147824 -7.3542231182336549e-08 4.8933909609057678e-08 -4.2127582164592531e-09 0.057567721183653289 4.6974149576787581e-08 4.3777828483273468e-07 2.5718563704984509e-08 -0.047189487340057235 2.2583732039323715e-07 6.275789620642095e-07 7.1306422237717281e-08 0.040553137510910608 8.6528731445105461e-08 2.3233865864111318e-07 -1.5629342056869334e-07 -0.035959874668708793 -4.264627723270766e-08 -4.2905359196445961e-07 7.7225653187773842e-08 0.032610734006128281 -3.0635520874107683e-08 2.1036712548947821e-07 -2.5541308140963219e-08 -0.030081315816421702 2.4561054532208497e-08 -2.2929268686666888e-08 -2.1283097786776655e-08 0.028125504833431302 2.4975490775647447e-08 -3.9595140817528907e-08 1.0809796515852747e-07 -0.026591531828737327 1.0917907045298712e-09 -1.2355364866738487e-07 -1.878552426497159e-07 0.025381255599738937 -4.1482626263004281e-08 6.3462600151787985e-09 -1.1665803508423101e-07 -0.024426777823616987 5.1434476123908601e-09 -6.2093770534033322e-08 8.3801620427146476e-06 0.023651238750743573 1.3523982504688035e-08 1.8111337950852572e-07 -0.00014115936662171912 -0.022642103228886608 1.2004462598592719e-08 -3.0374458123790338e-07 0.0014690275413300736 0.018877774445996046 -8.7056522246294334e-07 4.0084296258516787e-06 -0.0085168566947208084 -0.0069910444832942615 1.2717453826575444e-05 -3.5881754550593425e-05 0.022247697711008728 -0.0022705999250261749 -8.5290620056535432e-05 0.00017239453188512338 -0.022044543956471253 -0.0086574222155178428 0.0014818582987377558 0 0 0 0 0 0 0 0 0 0 0 0 0 0 0 0 0 0 0 0 0 0 0 0 0 0 0 0 0 0 0 0 0 0 0 0 0 0 0 0 0 0 0 0 0 0 0 0 0 0 0 0 0 0 0 0 0 0 0 0 0 0 0 0 0 0 0 0 0 0 0 0 0 0 0 0 0 0 0 0 0 0 0 0 0 0 0 0 0 0 0 0 0 0 0 0 0 0 0 0 
-0.047268901827271628 4.3801384417957237e-08 -1.5579739694178177e-07 -6.6565244143794059e-08 0.049231196558635323 5.1826627942873668e-08 7.8942527759044011e-08 1.2911518514333416e-08 -0.053698454291459127 -1.7239426463642962e-07 8.3441208790240552e-08 2.1262859120700335e-07 0.062222892959121992 -2.182859657196239e-07 -1.0750439630069213e-07 9.8136831463902842e-08 -0.079113147891262919 -3.0892078412894099e-08 -5.540400135612562e-08 -2.8060602189660856e-08 0.1204718892774522 4.0461496811711627e-08 -3.1148013079267887e-09 -2.0866473702930532e-09 -0.33176532568192424 -1.3050172052493613e-08 0.49999999980673226 -4.334691107573882e-19 -0.30563182384925852 -8.7005873407232286e-09 1.1797427588298816e-08 1.1941032798596663e-09 0.094091618723504675 1.532528136645326e-08 1.9384426193897085e-08 -1.0354738358335665e-08 -0.052224309087522437 8.1284823996915132e-08 -1.6828621258269694e-07 2.1687913897461296e-08 0.034531157029721496 -3.4113143394242153e-08 -5.6070946002317757e-07 3.6320554411712853e-08 -0.024854019795044334 -1.8476085903866079e-07 -5.9749162692855024e-07 -1.5845893646710136e-07 0.01879500979497771 -3.7258131109247359e-08 2.3400968208209401e-07 1.1863154079711176e-07 -0.01466073795582722 1.3251652330068863e-07 1.0672203004586853e-07 -5.8167700047234652e-08 0.011665154541771706 -1.8315330280887838e-07 -1.268306993769092e-07 -1.006045658355767e-08 -0.0093943908862924256 1.5279339337744067e-07 1.2791003126300727e-07 9.3845192906916469e-08 0.007609295679741084 4.5419489494268558e-08 -3.4977704796188266e-07 -1.9119388154848041e-07 -0.006161252823617981 -1.8721010528591915e-07 1.199336721033058e-07 2.24600300076236e-07 0.0049532516578393686 6.5606627127951828e-08 1.6056787211108765e-08 -1.8543831151388373e-07 -0.0039172837356680236 -1.2884819213704837e-07 -1.4149790178125711e-07 2.7217570820106251e-06 0.0029962252377399808 2.296604738051927e-07 -3.4427905707986932e-08 -3.3735105526327722e-05 -0.0020835179062965348 -3.7709445463213027e-07 9.6244906448208558e-08 0.00025290533740257218 0.00088684372791099592 3.0163176840094817e-07 3.2788103737604906e-07 -0.00090339877462210867 0.00043216471150707805 1.9927048653853557e-06 -5.5964851380795218e-06 0.00092366893975747799 -0.0003432849722148972 -1.0779789871087749e-05 8.542749226287412e-05 0.00040961926061568161 0 0 0 0 0 0 0 0 0 0 0 0 0 0 0 0 0 0 0 0 0 0 0 0 0 0 0 0 0 0 0 0 0 0 0 0 0 0 0 0 0 0 0 0 0 0 0 0 0 0 0 0 0 0 0 0 0 0 0 0 0 0 0 0 0 0 0 0 0 0 0 0 0 0 0 0 0 0 0 0 0 0 0 0 0 0 0 0 0 0 0 0 0 0 0 0 0 0 0 0 
-2.1670007910337239e-08 3.1521935494983964e-08 -0.005526072186160841 9.5814077947771808e-09 6.1336655423388037e-08 9.6870693644537246e-09 0.011709279855961522 2.428339547386307e-08 -1.4858261423800395e-07 -2.4835844871174549e-08 -0.019497259098627626 6.8344572013919124e-08 -2.1084954673961059e-08 -7.1973429192012853e-08 0.03067893900749373 7.7859052644282799e-08 -2.2863975700252435e-08 6.1282830696268519e-10 -0.049730494813958075 6.8152468322783256e-10 6.8881640127345751e-08 2.3715864762854576e-08 0.092866149816354673 5.2226209909235413e-09 -6.621901420331581e-08 -3.0340562391589248e-09 -0.30563182384925852 8.7005873407232286e-09 0.50000007145037806 1.3872366714233968e-16 -0.33053981580437414 1.3685850917589196e-08 -8.1141321410515813e-08 -7.3463990661590658e-09 0.11797810554781675 -1.8902260208376864e-08 5.5087997463524605e-08 4.2853558452466464e-08 -0.075261121264759187 -6.7990809874778397e-08 8.1259268433042384e-08 -6.9587656278377746e-08 0.056865194289022022 -6.8804565231266276e-08 5.8867853921757454e-07 -8.8941530974190558e-08 -0.046615618247571107 4.2784968189843256e-08 1.9767459803655977e-07 1.6221855903338879e-07 0.040094115349421609 4.8310099942363464e-10 -2.7254321367049999e-07 -1.4342192609888683e-07 -0.035603552002398384 -5.3820874563025059e-08 1.9999086802111434e-07 1.1872271044562524e-07 0.032349692514889374 1.6363264308240492e-07 -1.3052143577423097e-07 -6.9837128183070733e-08 -0.029910156392709913 -2.5770022756075896e-07 2.8134292320333404e-08 -3.3744775452287589e-08 0.028040666514252285 1.6055261298757958e-07 3.9392184102921557e-07 1.5806072624517309e-07 -0.026591439356065439 6.247028641239846e-09 -2.881597424658052e-07 9.8897215481033188e-08 0.025463812569356811 1.0245171219000774e-08 3.4620714149246891e-07 -8.6580871495437147e-06 -0.02456122917306626 1.3175311252564261e-08 -4.1032795820957474e-07 0.00014582415704387933 0.023447263753934498 -9.9043867616823782e-08 5.0144862984666998e-07 -0.0015174693637535546 -0.019510732579232082 1.033293584135258e-06 -4.195106060970019e-06 0.00879629678782534 0.0072070131390988444 -1.3176696986722912e-05 3.6890305067563205e-05 -0.022968689614037939 0.0023556383827349689 8.7990488030143237e-05 -0.00017778188265778292 0.022739900611766846 0.0089372661874594951 -0.0015302137741182403 0 0 0 0 0 0 0 0 0 0 0 0 0 0 0 0 0 0 0 0 0 0 0 0 0 0 0 0 0 0 0 0 0 0 0 0 0 0 0 0 0 0 0 0 0 0 0 0 0 0 0 0 0 0 0 0 0 0 0 0 0 0 0 0 0 0 0 0 0 0 0 0 0 0 0 0 0 0 0 0 0 0 0 0 0 0 0 0 0 0 0 0 0 0 0 0 0 0 0 0 
0.041745298239936023 5.8792054097612658e-08 9.2332138857717904e-08 -3.0077658811645012e-08 -0.043044198572593673 -3.3331292679801402e-08 -8.2831565542050602e-10 6.0061411784905257e-08 0.045911857576732336 -3.2943658875811379e-08 -4.6960643064439085e-08 -3.0369107976374577e-08 -0.051041218067474976 6.4519413603494471e-08 1.3996058014082863e-08 -7.1561183751645169e-08 0.060061520792273844 2.2325602175967227e-08 1.1638823964889041e-08 -5.4033110558863306e-08 -0.077336324277457583 -7.4659981756210996e-09 3.1930129626155541e-08 -2.6098342427613436e-08 0.11899959255940033 1.4029357038037574e-09 1.1797427588298816e-08 -1.1941032798596663e-09 -0.33053981580437414 -1.3685850917589196e-08 0.49999999457082017 2.1857515797307769e-16 -0.30665336963185175 -1.4051201348183985e-08 1.3214498757990735e-08 2.9564822934707822e-09 0.094941349648388462 4.5263393664829552e-09 2.67014716572129e-08 -7.6130334050188318e-08 -0.05292663645161113 4.3263661417996701e-08 -5.6019184791295532e-09 1.2297186268593419e-07 0.035105097176250592 2.4099605109489662e-07 -3.7018565216279498e-07 1.6301459644437717e-07 -0.025313649683703629 1.7499497816728891e-08 1.1660974688446588e-08 -1.3185320841679638e-07 0.019150808007710532 -6.4969107946256658e-08 1.3116884531916659e-07 1.335183496262962e-07 -0.014921232271955777 1.3894201661255851e-07 -3.1364136925900519e-07 -1.0076731258448721e-07 0.011835804402348337 -1.7541709384017591e-07 3.4892940562434979e-07 4.4837328513931065e-08 -0.0094787989735489204 7.4552822104888178e-08 -1.0119977162568386e-07 5.2574198042795633e-08 0.0076092938628823329 1.9339825425851724e-08 8.0817291589303584e-08 -1.2137426006669794e-07 -0.0060773361210304201 7.0011347233065038e-08 -1.1441859956593965e-07 1.8134938901674656e-07 0.0047825575080343982 1.6758592977923983e-09 1.1319622183203457e-07 -3.3166940410112484e-06 -0.0036450802874029801 -1.179836360498078e-07 2.1245570222509314e-07 4.0963989225531398e-05 0.0025286395582280394 2.9301931090872754e-07 -3.4338722060018323e-07 -0.00030671877358853176 -0.0010742993741259827 -1.5157573795941316e-07 -2.5602628950256914e-07 0.0010951265433516283 -0.00052449472238752135 -2.7415565142580094e-06 6.7236866808333801e-06 -0.0011190693830295335 0.00041543079592247083 1.339040724232965e-05 -0.00010342058608440466 -0.00049638434538461142 0 0 0 0 0 0 0 0 0 0 0 0 0 0 0 0 0 0 0 0 0 0 0 0 0 0 0 0 0 0 0 0 0 0 0 0 0 0 0 0 0 0 0 0 0 0 0 0 0 0 0 0 0 0 0 0 0 0 0 0 0 0 0 0 0 0 0 0 0 0 0 0 0 0 0 0 0 0 0 0 0 0 0 0 0 0 0 0 0 0 0 0 0 0 0 0 0 0 0 0 
4.2066247797567848e-08 6.5538970046281085e-08 0.0042263590869878976 -1.3050684955224814e-07 -1.239187275667358e-07 -1.2080998423584513e-08 -0.0088419323704028319 1.135671306844378e-07 1.4419584872922835e-07 -1.076813964440979e-07 0.014368327954577806 4.1341414855567637e-08 1.0703527175559641e-07 6.0834196754468443e-08 -0.02165818555379103 -9.2879659762098349e-08 3.5383765028164053e-08 7.8227026868009538e-08 0.032455854089459675 -1.7943526240442226e-08 -9.0997223984981242e-08 5.7872309550247035e-08 -0.05120280677865325 -3.5735605680015374e-08 2.8818049262433101e-08 1.2865251191917736e-08 0.094091618723504675 -1.532528136645326e-08 -8.1141321410515813e-08 7.3463990661590658e-09 -0.30665336963185175 1.4051201348183985e-08 0.50000006655070706 9.3729276984191246e-17 -0.3296900381293067 -4.1454143217533874e-09 -5.7045265439532292e-08 1.1724214994743284e-08 0.11727565715246337 5.4469434982415013e-08 -2.8177714984476786e-08 1.086346577071903e-07 -0.074687406679387253 -4.0547681628076129e-08 -2.1146672022941084e-07 -1.8123698657091532e-07 0.056405606102357654 -3.4345977598946668e-07 2.9863434534657852e-07 -1.811145712346169e-07 -0.046259663170779834 6.7762382346537621e-08 -1.4038149430925145e-07 1.4083420413333392e-07 0.0398334893234214 3.7145255512814027e-09 4.9554797273365373e-08 -1.6994964316317911e-07 -0.035432700510048383 -1.9573460199796319e-07 1.5283740479086902e-07 1.4148690739514649e-07 0.032265155962566683 3.6051748597819143e-07 -2.8239710139265526e-07 -6.08817465663731e-08 -0.02991014724686674 -2.4997369847148059e-07 -1.4616680546691235e-07 -6.9413363971920988e-08 0.02812539870889405 2.254169447183202e-08 -2.483518916340877e-08 -1.7038652654053818e-07 -0.026760169111451525 -7.1731571966044943e-08 -2.4024934878991577e-08 9.0980504877861811e-06 0.025686265184385212 4.7486409638515995e-08 8.7286250402424955e-08 -0.00015158723495503539 -0.024434091176754817 8.0244872742622876e-08 -2.930829958957756e-07 0.0015764197088454788 0.02028145317339676 -1.1554951595924141e-06 4.282248949170101e-06 -0.0091357791245392367 -0.0074675195525549078 1.3886567184364651e-05 -3.8398197572285498e-05 0.023843255862944616 -0.0024603388980024917 -9.1497303051673012e-05 0.00018459988921478701 -0.023580714870716724 -0.0092766424155111219 0.0015887330540331548 0 0 0 0 0 0 0 0 0 0 0 0 0 0 0 0 0 0 0 0 0 0 0 0 0 0 0 0 0 0 0 0 0 0 0 0 0 0 0 0 0 0 0 0 0 0 0 0 0 0 0 0 0 0 0 0 0 0 0 0 0 0 0 0 0 0 0 0 0 0 0 0 0 0 0 0 0 0 0 0 0 0 0 0 0 0 0 0 0 0 0 0 0 0 0 0 0 0 0 0 
-0.037520221825539969 5.5306984714287692e-08 -9.030134999866429e-08 -7.6670968918588122e-08 0.038426304885849964 4.9055133806759354e-08 6.940569831026925e-08 6.80655104161776e-08 -0.040387251276607847 -1.2588487942371646e-07 -1.1100116684924087e-07 6.0496629530453635e-08 0.043750180823233613 -4.7704356219309598e-08 -5.4015854211149616e-08 -1.3939476277036773e-09 -0.04926433223162608 3.5789851790420409e-08 5.4026727733694381e-08 -1.0759687656093987e-08 0.058589341866787749 2.3962789489355196e-08 -3.5535281557818941e-08 -2.2759001550026511e-08 -0.076110792621147824 7.3542231182336549e-08 1.9384426193897085e-08 1.0354738358335665e-08 0.11797810554781675 1.8902260208376864e-08 1.3214498757990735e-08 -2.9564822934707822e-09 -0.3296900381293067 4.1454143217533874e-09 0.49999998295282277 2.1662391169995901e-16 -0.30735584799482851 2.0193423024110645e-09 -2.2188471331075296e-08 -3.331401813597927e-08 0.09551520988384446 -1.1152251307945369e-07 1.5132222990943042e-07 -1.2046209984586044e-07 -0.053386078878462612 2.8727366886996978e-08 2.4273071373075581e-07 1.9064503699732224e-07 0.035461193765417627 3.3126185025336e-07 -2.1992346116213368e-07 1.1619364360719564e-07 -0.0255739382316344 -1.3106137385276137e-07 1.1324210654537915e-07 -1.2777292369414731e-07 0.019321518585825193 6.9626366073276207e-08 4.7043656948160744e-08 1.5308491835619789e-07 -0.015005750235170279 8.4616989139902681e-08 -1.9648922577630554e-07 -1.3273408956296394e-07 0.011835789470173023 -1.689939407264472e-07 1.7537812552370459e-07 6.2751880332844978e-08 -0.0093943799744162851 1.7472423958677643e-07 -4.1442210596799035e-08 1.4715120901485567e-08 0.0074389701604869671 -2.1225247757623228e-07 1.9184497312763319e-07 -1.8020481424184101e-07 -0.0058164814532050612 1.4596428741680906e-07 -2.3377467986626964e-07 3.9820294201309324e-06 0.0044125594849999108 -2.5532920567930537e-08 -1.1733933593024355e-07 -4.9370199191168588e-05 -0.0030514087430969961 -1.9615236119081231e-07 2.840073854274276e-07 0.00036966949153881582 0.0012931579466479571 1.1283133480898779e-07 3.6068831759568806e-07 -0.0013194559165454871 0.00063309792592367714 3.1693059459265077e-06 -8.0117258749358032e-06 0.0013473739054320453 -0.00049960982620621589 -1.5928015321316173e-05 0.00012465263888594903 0.00059784907674357039 0 0 0 0 0 0 0 0 0 0 0 0 0 0 0 0 0 0 0 0 0 0 0 0 0 0 0 0 0 0 0 0 0 0 0 0 0 0 0 0 0 0 0 0 0 0 0 0 0 0 0 0 0 0 0 0 0 0 0 0 0 0 0 0 0 0 0 0 0 0 0 0 0 0 0 0 0 0 0 0 0 0 0 0 0 0 0 0 0 0 0 0 0 0 0 0 0 0 0 0 
1.2937739555394455e-08 1.3137052816803391e-08 -0.0033184520497396776 9.0201405368032297e-08 9.2463032121667623e-08 5.7781940334581045e-09 0.0068828984699333424 -1.1045866992295896e-07 -1.2035941016041478e-07 2.3766167324894614e-08 -0.011003463490395569 6.570773564204163e-08 7.3151298533044928e-09 -1.2617467074214997e-09 0.016145586904833756 1.1899195796184741e-08 -1.3871137729006502e-07 -5.0952154399465365e-08 -0.023130431065181228 -5.178172393511815e-09 9.2856977584732193e-08 -6.0884549976332034e-08 0.033681314062249793 7.6131132777159741e-09 4.8933909609057678e-08 4.2127582164592531e-09 -0.052224309087522437 -8.1284823996915132e-08 5.5087997463524605e-08 -4.2853558452466464e-08 0.094941349648388462 -4.5263393664829552e-09 -5.7045265439532292e-08 -1.1724214994743284e-08 -0.30735584799482851 -2.0193423024110645e-09 0.50000009703295489 -9.1127192597406648e-17 -0.32911616141439159 -1.1275680879328704e-08 -1.9849602597288242e-08 4.4683672368200398e-08 0.1168161078757092 1.6221717931279197e-07 -1.2230830928823218e-07 1.2405107639907035e-07 -0.074331389422448615 -1.3034019668388589e-08 -2.9308735770336915e-07 -1.4946102866593078e-07 0.056145011365014513 -2.8939718249859099e-07 2.9741489175633199e-07 -5.2072817960694628e-08 -0.046089139427823923 1.6277827668931978e-07 -2.5006841326531145e-07 1.4082068074199302e-07 0.039749009898437736 -1.8304031780105979e-08 3.1573430180137263e-09 -1.458730685209951e-07 -0.035432708638818131 -1.8675787969183327e-07 2.2612938726404031e-07 1.0451817122409155e-07 0.032349703378947228 1.3699463256109753e-07 1.7099726983736333e-07 -2.5786222383042847e-09 -0.030081231568729026 3.528521173288815e-08 7.1685204693180891e-09 2.6988598840840376e-07 0.028383796209023468 1.0931971657940125e-07 -2.4246157608570714e-08 -9.6495391661455089e-06 -0.027075963114568311 -1.4004366430315328e-07 4.0400455275973029e-08 0.00015857656169390765 0.025640159730822922 1.2478935836737809e-08 2.3439868379162275e-07 -0.0016477573407001002 -0.021215956950857116 1.1974177780736373e-06 -4.5183615457844283e-06 0.0095462442109793943 0.0077797420101421285 -1.4625663282369073e-05 4.0321342371280912e-05 -0.024898850361324609 0.0025890130379571477 9.5657288364221467e-05 -0.00019295336380294528 0.024591689240127251 0.0096861213861819378 -0.0016593993229533101 0 0 0 0 0 0 0 0 0 0 0 0 0 0 0 0 0 0 0 0 0 0 0 0 0 0 0 0 0 0 0 0 0 0 0 0 0 0 0 0 0 0 0 0 0 0 0 0 0 0 0 0 0 0 0 0 0 0 0 0 0 0 0 0 0 0 0 0 0 0 0 0 0 0 0 0 0 0 0 0 0 0 0 0 0 0 0 0 0 0 0 0 0 0 0 0 0 0 0 0 
0.034202074680481566 -1.8212206447716448e-07 6.5213297792459761e-08 8.6353607713436301e-08 -0.03486082893405093 1.8615780834157393e-08 -6.952877360513983e-08 -9.1517674624521781e-08 0.036266782432108791 1.532171234116553e-07 1.1961889722715214e-07 -4.0231411543592466e-08 -0.038610124072189958 -2.0078591110469166e-08 9.0966362740096108e-08 -7.4391481071649662e-08 0.042277467869048936 8.6557408390714299e-08 5.8791586935573243e-08 6.2520218938839569e-08 -0.048039088711247124 -8.7221738927094463e-08 -1.5246772209036426e-07 7.0384722413013744e-08 0.057567721183653289 -4.6974149576787581e-08 -1.6828621258269694e-07 -2.1687913897461296e-08 -0.075261121264759187 6.7990809874778397e-08 2.67014716572129e-08 7.6130334050188318e-08 0.11727565715246337 -5.4469434982415013e-08 -2.2188471331075296e-08 3.331401813597927e-08 -0.32911616141439159 1.1275680879328704e-08 0.49999994338582687 -2.2204460492503131e-16 -0.30781539963682625 1.4602758913448418e-08 -5.2676780444338646e-08 -4.4014995432528265e-08 0.095871243753660587 -1.8302534070536613e-07 1.6883591279928085e-07 -1.1765659734657438e-07 -0.05364667832460545 1.4712487674947601e-08 1.8406555056227758e-07 1.1229586779528078e-07 0.035631883732997305 2.5503368789130536e-07 -2.2481083739812352e-07 1.446526092135692e-09 -0.025658316817106962 -2.1354132019081613e-07 1.9968786097070863e-07 -1.4258836876331567e-07 0.0193215143268444 5.5238644573355518e-08 1.258564896967024e-08 1.3737535836134238e-07 -0.01492120592238206 1.4101383610692894e-07 -2.4292024627840046e-07 -8.9596284983174252e-08 0.011665121712548092 -2.0026460701381612e-07 -9.3157224770627647e-08 2.0148816759591908e-08 -0.0091338499582643423 1.3256707420212893e-07 -1.7698554444604038e-07 2.4951455848911365e-07 0.0070821249583990229 -9.1924924653173774e-08 2.725550251128834e-07 -4.7893857700726527e-06 -0.0053403673446847377 1.2836125541158539e-08 7.3526400800471494e-08 5.937434086482846e-05 0.0036778346805811969 1.9765847325342781e-07 -2.3071930020879065e-07 -0.00044477511787924121 -0.0015534943881847431 -7.4087775468861574e-08 -5.7550577793727174e-07 0.0015870228414312955 -0.00076342941545284805 -3.7791154673931396e-06 9.6173013548508089e-06 -0.001619173112698986 0.0005995955706281042 1.9001675604066418e-05 -0.00014991751827336889 -0.00071881616770931198 0 0 0 0 0 0 0 0 0 0 0 0 0 0 0 0 0 0 0 0 0 0 0 0 0 0 0 0 0 0 0 0 0 0 0 0 0 0 0 0 0 0 0 0 0 0 0 0 0 0 0 0 0 0 0 0 0 0 0 0 0 0 0 0 0 0 0 0 0 0 0 0 0 0 0 0 0 0 0 0 0 0 0 0 0 0 0 0 0 0 0 0 0 0 0 0 0 0 0 0 
-3.4997031219836475e-08 -1.2656022331726345e-07 0.0026581031224766558 3.586111061205505e-08 -6.6700881066300049e-08 4.4541513738760984e-08 -0.0054796829592540838 -4.5789843720967255e-08 7.9966716166594195e-08 1.3154550070112288e-08 0.0086594314178015386 -2.264756343594944e-08 -1.8980937752516239e-08 -2.5088709720510915e-08 -0.012475877530285137 -3.1246651848888657e-08 1.3858818974762993e-08 1.5037023239236346e-07 0.017371647591936726 -9.6885678184210245e-08 -6.6450800487269381e-08 -4.5633512883901076e-08 -0.02415156622564793 1.7785120315885326e-07 4.3777828483273468e-07 -2.5718563704984509e-08 0.034531157029721496 3.4113143394242153e-08 8.1259268433042384e-08 6.9587656278377746e-08 -0.05292663645161113 -4.3263661417996701e-08 -2.8177714984476786e-08 -1.086346577071903e-07 0.09551520988384446 1.1152251307945369e-07 -1.9849602597288242e-08 -4.4683672368200398e-08 -0.30781539963682625 -1.4602758913448418e-08 0.50000012568801355 -3.5263675660091032e-17 -0.3287601216181113 -2.0604565363242246e-08 2.8799563447572417e-09 2.9768563272356664e-08 0.11655558720105225 1.7223469685451256e-07 -8.439218559945034e-08 9.4235310154907473e-08 -0.074160589443194161 -2.4762699550871333e-08 -2.1706786783411402e-07 -8.4121860823771449e-08 0.056060563879848375 -2.2418510816690497e-07 2.8234955726700296e-07 -2.4384451490791764e-10 -0.04608914182576837 1.6957937546463111e-07 -1.8577999934659514e-07 1.400655981960308e-07 0.039833490198541044 9.0972997115139404e-09 -3.4774916368073785e-08 -1.2766427297628695e-07 -0.035603578075876163 -3.4442526108526613e-08 -1.7522460185737145e-07 3.2191995115161352e-08 0.032610692530733794 -2.4841260706482567e-08 1.4051261829522746e-07 -3.3925544723904846e-07 -0.030435055375749354 -1.514585098074521e-07 -1.8108410990196012e-08 1.0223754609838985e-05 0.028800807041658251 1.9155277829768439e-07 -1.3894749072862808e-07 -0.00016692144367902789 -0.027117172883055689 -3.6268482625480381e-08 -1.880869941280958e-07 0.0017339469627378518 0.022349137866022311 -1.3388840581800923e-06 4.7812636407862843e-06 -0.010042218950069445 -0.0081528427833385264 1.5560544828634743e-05 -4.2544898191580727e-05 0.026171754543273962 -0.0027476635474949366 -0.000100666186387946 0.00020292707903159105 -0.025804971205060818 -0.010179684601529231 0.0017447382716891608 0 0 0 0 0 0 0 0 0 0 0 0 0 0 0 0 0 0 0 0 0 0 0 0 0 0 0 0 0 0 0 0 0 0 0 0 0 0 0 0 0 0 0 0 0 0 0 0 0 0 0 0 0 0 0 0 0 0 0 0 0 0 0 0 0 0 0 0 0 0 0 0 0 0 0 0 0 0 0 0 0 0 0 0 0 0 0 0 0 0 0 0 0 0 0 0 0 0 0 0 
-0.031544182093281505 1.6459910714863641e-07 -1.2836034592286519e-07 -2.9011400097218858e-08 0.032039381732936925 -4.2398124527235426e-08 2.0707596365905743e-07 1.6653575607209787e-08 -0.033085380451230252 -7.2281913272342335e-08 -2.4676214171865346e-07 7.973728251213474e-08 0.034794792647487034 -6.9216208855680772e-08 -6.6387378097463812e-08 8.6710971136299501e-08 -0.037384505091695719 1.4230503154077636e-08 1.7450795788300828e-07 -1.8511667837768805e-07 0.041255364048089903 9.652616301897458e-08 -3.4600573781592662e-07 3.5550599449225803e-08 -0.047189487340057235 -2.2583732039323715e-07 -5.6070946002317757e-07 -3.6320554411712853e-08 0.056865194289022022 6.8804565231266276e-08 -5.6019184791295532e-09 -1.2297186268593419e-07 -0.074687406679387253 4.0547681628076129e-08 1.5132222990943042e-07 1.2046209984586044e-07 0.1168161078757092 -1.6221717931279197e-07 -5.2676780444338646e-08 4.4014995432528265e-08 -0.3287601216181113 2.0604565363242246e-08 0.49999993207531035 2.2551193429461679e-17 -0.3080759322071841 3.0836808996104292e-08 -5.819452563895938e-08 -6.1536823679785892e-09 0.096041920733397443 -1.5580351183565143e-07 1.2766442141991469e-07 -7.7279315168619449e-08 -0.053731225308499088 2.5737447746487749e-08 1.5869815009283621e-07 7.8762112344325018e-08 0.035631886826510549 2.4863996436220681e-07 -2.3619411083257365e-07 4.0616778645043715e-08 -0.025573927305252049 -1.3084589448021704e-07 7.6239814443470863e-08 -1.2341828863437263e-07 0.019150793968415566 -7.7825968441428614e-08 2.9778153686034393e-07 1.2816602770945828e-07 -0.014660697097632975 1.5062933820875826e-07 2.7229065290652197e-07 -5.7678391132546426e-08 0.011308605224291829 7.4726669165027163e-10 2.949459125408295e-08 -3.4314416147017311e-07 -0.0086727992197261402 2.43878865311185e-08 -1.7815110509613329e-07 5.7723971732622725e-06 0.0064885690329318244 -1.8734499927097288e-08 -9.2444008200532291e-08 -7.1573771243544235e-05 -0.0044446104478177212 -1.5853984749219281e-07 1.6656926260581952e-07 0.00053631140401311174 0.0018692823002967398 -3.1395956474809544e-08 9.0646908672824929e-07 -0.0019127054132988871 0.00092309599362115408 4.5413362897886011e-06 -1.1572864805118959e-05 0.001949160682541861 -0.00072044458923189807 -2.2674965855995233e-05 0.00018064247751544446 0.00086586529946498716 0 0 0 0 0 0 0 0 0 0 0 0 0 0 0 0 0 0 0 0 0 0 0 0 0 0 0 0 0 0 0 0 0 0 0 0 0 0 0 0 0 0 0 0 0 0 0 0 0 0 0 0 0 0 0 0 0 0 0 0 0 0 0 0 0 0 0 0 0 0 0 0 0 0 0 0 0 0 0 0 0 0 0 0 0 0 0 0 0 0 0 0 0 0 0 0 0 0 0 0 
3.899445954970707e-07 2.3909348281283572e-07 -0.0021615486501945541 -9.7514149508363665e-08 -1.6279193564507173e-07 -1.2946604755417505e-07 0.0044362481720726975 1.2495591519398207e-07 -1.0202360350207787e-07 3.1617078413257028e-08 -0.0069514647632873666 -2.1186795003534709e-08 3.820350799980803e-07 -3.0523307755624073e-08 0.0098845514968509702 1.5455889732870868e-07 -4.5679349932273738e-07 -1.9274237072559501e-07 -0.013497465132914414 -8.5329977762338897e-08 1.9586057977463865e-07 2.3316976234841567e-07 0.018221420930834648 -1.634034382519257e-08 6.275789620642095e-07 -7.1306422237717281e-08 -0.024854019795044334 1.8476085903866079e-07 5.8867853921757454e-07 8.8941530974190558e-08 0.035105097176250592 -2.4099605109489662e-07 -2.1146672022941084e-07 1.8123698657091532e-07 -0.053386078878462612 -2.8727366886996978e-08 -1.2230830928823218e-07 -1.2405107639907035e-07 0.095871243753660587 1.8302534070536613e-07 2.8799563447572417e-09 -2.9768563272356664e-08 -0.3080759322071841 -3.0836808996104292e-08 0.50000011559577895 7.9566886933279957e-17 -0.32858943996223083 -3.1386901084696571e-08 -7.7008939046620973e-09 -1.1071195570785053e-08 0.11647113290378257 1.4601537765130369e-07 -6.1604094151952652e-08 7.4859688773404625e-08 -0.074160575684643265 -2.3018404994909108e-08 -2.518989988978645e-07 -8.8758220258924139e-08 0.056145000126548786 -2.8441218537748767e-07 2.9830933195422336e-07 -1.23055540320931e-07 -0.046259667716555361 7.6403118757349209e-08 -1.0583842099094329e-07 1.2356234556177627e-07 0.040094147453498763 -2.0851506816278308e-08 -1.0689531824525943e-07 -6.7660824378658757e-08 -0.035959890311835017 -6.8623310898038642e-08 -3.3570735682551039e-07 4.7124756069661078e-07 0.033068125290559372 1.717027129089613e-07 1.7068577529189976e-07 -1.0902161801599261e-05 -0.030964202374695111 -1.8139340374080662e-07 1.3962124736245096e-07 0.00017699337337290084 0.028938170976803131 -2.3549499081584418e-09 2.3621813696170241e-07 -0.0018385017756148495 -0.023728832350722921 1.5497323815639785e-06 -5.1504101676050238e-06 0.010643492238600859 0.0085987380689731829 -1.6671946214487612e-05 4.5203060566069745e-05 -0.027710799576114244 0.0029447523394163858 0.00010667417449548573 -0.00021496281449902635 0.027263028110668424 0.010776108451125871 -0.0018480789590166415 0 0 0 0 0 0 0 0 0 0 0 0 0 0 0 0 0 0 0 0 0 0 0 0 0 0 0 0 0 0 0 0 0 0 0 0 0 0 0 0 0 0 0 0 0 0 0 0 0 0 0 0 0 0 0 0 0 0 0 0 0 0 0 0 0 0 0 0 0 0 0 0 0 0 0 0 0 0 0 0 0 0 0 0 0 0 0 0 0 0 0 0 0 0 0 0 0 0 0 0 
0.029383533891012305 -7.5327766454845333e-08 -1.7710782723268978e-07 -1.1119069484202371e-07 -0.029766191008465653 -6.2469452402619298e-09 2.9616612204681842e-07 2.1319022649472753e-07 0.030567863675116894 7.3865172504514127e-08 -2.6723273357805785e-07 -3.1704761954591765e-07 -0.031859980278896999 3.8889442477409355e-08 2.3127619269381299e-07 1.3764371651386814e-07 0.03377317036649595 -5.0536697884452967e-08 2.5619083316484222e-07 1.4812014499843619e-07 -0.03653407765634107 4.539535862009791e-08 -4.4143172808631395e-07 -2.5945265900876162e-07 0.040553137510910608 -8.6528731445105461e-08 -5.9749162692855024e-07 1.5845893646710136e-07 -0.046615618247571107 -4.2784968189843256e-08 -3.7018565216279498e-07 -1.6301459644437717e-07 0.056405606102357654 3.4345977598946668e-07 2.4273071373075581e-07 -1.9064503699732224e-07 -0.074331389422448615 1.3034019668388589e-08 1.6883591279928085e-07 1.1765659734657438e-07 0.11655558720105225 -1.7223469685451256e-07 -5.819452563895938e-08 6.1536823679785892e-09 -0.32858943996223083 3.1386901084696571e-08 0.49999995207766634 1.5937602528947464e-16 -0.30816038580250649 3.368311189159765e-08 -5.2585532708509882e-08 1.7088515305924758e-08 0.096041914639031334 -1.5329643214326843e-07 1.3552646505090129e-07 -9.4784834959056117e-08 -0.053646699557723776 1.4680752279011327e-08 2.3143647391189585e-07 1.2906785660929519e-07 0.035461204185340989 3.1767973741351701e-07 -2.3203356661779376e-07 1.7966546328471416e-07 -0.025313664286486452 2.9982313477413485e-08 -2.1933155466514752e-07 -1.8758827604412993e-07 0.01879497622574788 -2.5044052526515123e-08 -1.0530654793331143e-07 9.8908723319089385e-08 -0.014200427472898536 -7.4338173655530212e-08 8.0470801435148644e-08 3.7627252425360618e-07 0.010732397028088314 -4.2824920923137344e-08 -1.954421460659996e-08 -6.9007094653573553e-06 -0.0079464957457288914 1.0853384550509674e-07 1.8230298090522082e-07 8.6728825306836151e-05 0.0054047866216895522 3.1623435042927386e-08 -9.8239005203715396e-08 -0.00065030453197741219 -0.0022601566230129946 2.6175484531867436e-07 -1.3983305992378129e-06 0.0023176534326824721 -0.0011232240925829686 -5.5566391287276563e-06 1.3998015852852977e-05 -0.0023580978061633817 0.00086928431001063468 2.7201415209669631e-05 -0.00021878285344669371 -0.0010483783720277274 0 0 0 0 0 0 0 0 0 0 0 0 0 0 0 0 0 0 0 0 0 0 0 0 0 0 0 0 0 0 0 0 0 0 0 0 0 0 0 0 0 0 0 0 0 0 0 0 0 0 0 0 0 0 0 0 0 0 0 0 0 0 0 0 0 0 0 0 0 0 0 0 0 0 0 0 0 0 0 0 0 0 0 0 0 0 0 0 0 0 0 0 0 0 0 0 0 0 0 0 
-6.1172552824472043e-08 -2.7318372597645788e-08 0.0017770711202243273 1.3388181202848195e-07 -3.7379000123564273e-08 -1.6127069765807575e-08 -0.0036352699187047581 -1.6972229557936103e-07 6.8341071556104442e-08 -1.8975124300913096e-08 0.005660907265829445 3.2809401755105413e-08 -9.2015037417079045e-08 2.2197552597572396e-07 -0.0079721562866549734 -1.5545195665985778e-07 -2.8298334594754607e-08 -1.3105554835595229e-07 0.010734001232166271 4.7185159665708442e-08 -7.6107786428744255e-08 1.3689297720330271e-09 -0.014200524965641219 6.6959487033358504e-08 2.3233865864111318e-07 1.5629342056869334e-07 0.01879500979497771 3.7258131109247359e-08 1.9767459803655977e-07 -1.6221855903338879e-07 -0.025313649683703629 -1.7499497816728891e-08 2.9863434534657852e-07 1.811145712346169e-07 0.035461193765417627 -3.3126185025336e-07 -2.9308735770336915e-07 1.4946102866593078e-07 -0.05364667832460545 -1.4712487674947601e-08 -8.439218559945034e-08 -9.4235310154907473e-08 0.096041920733397443 1.5580351183565143e-07 -7.7008939046620973e-09 1.1071195570785053e-08 -0.30816038580250649 -3.368311189159765e-08 0.50000011188554883 -1.4606914099683204e-16 -0.32858944446236799 -3.1600882798575531e-08 -1.3926261448532168e-08 -6.4625211354372124e-09 0.11655559677580755 1.6649056729321337e-07 -8.1339130075980926e-08 1.118450004793591e-07 -0.07433136208922278 -5.5093659618980004e-09 -3.3328821239970078e-07 -1.614792392271699e-07 0.056405605865296513 -3.5064868985010788e-07 4.4474778234656163e-07 -1.4476975751524973e-07 -0.046615609337930665 3.7630914750410821e-08 4.0244410632173119e-07 1.5131905315250205e-07 0.040553174692005631 1.1287168171550111e-07 4.1292079025636773e-07 -7.2413741147322074e-07 -0.036531535717572554 -6.8402947798411906e-08 -2.8192771415645186e-07 1.1792833145292886e-05 0.033723735449341541 7.2061042453600827e-08 -9.3282827349653424e-08 -0.00018936607592791752 -0.031209578988970966 7.9328856313791868e-08 -3.9817140586898332e-07 0.0019664136908302677 0.025422384636456311 -1.774772091620887e-06 5.7126642472707185e-06 -0.011377704687988171 -0.0091331614415123379 1.7961458608431443e-05 -4.8534199591279356e-05 0.029583492510670446 -0.0031925976211228217 -0.00011393081210581417 0.00022972139983288599 -0.029023362391130011 -0.011501293901934936 0.0019740141741075509 0 0 0 0 0 0 0 0 0 0 0 0 0 0 0 0 0 0 0 0 0 0 0 0 0 0 0 0 0 0 0 0 0 0 0 0 0 0 0 0 0 0 0 0 0 0 0 0 0 0 0 0 0 0 0 0 0 0 0 0 0 0 0 0 0 0 0 0 0 0 0 0 0 0 0 0 0 0 0 0 0 0 0 0 0 0 0 0 0 0 0 0 0 0 0 0 0 0 0 0 
-0.02760723192101908 -5.5222655390549472e-08 1.6581074567561889e-07 7.6302356519795967e-08 0.027910218565934591 7.6932400025376603e-08 -2.6368060491081067e-07 -1.3417727137991921e-07 -0.028540537379560742 -5.9435623411516412e-08 2.4951551198852879e-07 2.0885493630305474e-07 0.029546117237124542 -6.7668855801240413e-08 -2.2713696200706682e-07 -1.380437494063949e-07 -0.031010369635616212 1.5192177292591884e-07 -1.1170853803592743e-07 -1.5675829313487214e-08 0.033070486693739597 -1.3710853275713513e-07 2.5635232124170952e-07 5.0658591810632424e-08 -0.035959874668708793 4.264627723270766e-08 2.3400968208209401e-07 -1.1863154079711176e-07 0.040094115349421609 -4.8310099942363464e-10 1.1660974688446588e-08 1.3185320841679638e-07 -0.046259663170779834 -6.7762382346537621e-08 -2.1992346116213368e-07 -1.1619364360719564e-07 0.056145011365014513 2.8939718249859099e-07 1.8406555056227758e-07 -1.1229586779528078e-07 -0.074160589443194161 2.4762699550871333e-08 1.2766442141991469e-07 7.7279315168619449e-08 0.11647113290378257 -1.4601537765130369e-07 -5.2585532708509882e-08 -1.7088515305924758e-08 -0.32858944446236799 3.1600882798575531e-08 0.49999994699544736 -1.4311743962516516e-16 -0.30807592369024139 3.4539819045700249e-08 -5.7288437756798686e-08 -8.7492586165105788e-09 0.095871231376048013 -1.8409343644851803e-07 1.7149024397853464e-07 -1.212806465089164e-07 -0.053386113467155723 3.1160678601900157e-08 1.7917438568891927e-07 1.4102025188687175e-07 0.035105119841873776 2.6169495728900626e-07 -5.1601386013343617e-07 1.1915351232194705e-07 -0.024854060936632089 -2.0026112875352806e-07 -5.5222490852634153e-07 3.2011828487018739e-08 0.018221129248895195 3.8602933729745341e-09 -1.3875256891062664e-07 -2.363729687200849e-07 -0.013495450248760272 9.5615500216341863e-08 3.6787048954027054e-07 8.0648307372217357e-06 0.0098532214728025598 -1.2813521983180936e-07 -3.6057006202096932e-07 -0.00010588599663544013 -0.0066381242117686473 2.6037509364724175e-08 -2.6088574087540596e-08 0.00079561261538295749 0.0027546344020517011 -5.8124536299554001e-07 2.2663420522921458e-06 -0.0028330444606338655 0.0013806820820619857 6.9783980179976971e-06 -1.7191020638078816e-05 0.0028763136545658522 -0.0010564024635760162 -3.29337794691795e-05 0.00026718847936572129 0.0012801684529411118 0 0 0 0 0 0 0 0 0 0 0 0 0 0 0 0 0 0 0 0 0 0 0 0 0 0 0 0 0 0 0 0 0 0 0 0 0 0 0 0 0 0 0 0 0 0 0 0 0 0 0 0 0 0 0 0 0 0 0 0 0 0 0 0 0 0 0 0 0 0 0 0 0 0 0 0 0 0 0 0 0 0 0 0 0 0 0 0 0 0 0 0 0 0 0 0 0 0 0 0 
-1.0065510416641289e-07 -5.1977769537801137e-08 -0.0014719084213574206 -1.0174409415818566e-07 1.4091074808838555e-07 7.6059877514439437e-08 0.0030037443052001738 1.0566035790180949e-07 -7.5679197879391709e-08 -7.9792458438033134e-09 -0.004655821968225774 5.1282541555080046e-08 -6.9533083406997827e-09 -2.4901723330317031e-07 0.0065097448805750014 8.8614395459882502e-08 2.1979394990543289e-07 2.0604227269305413e-07 -0.00867409084307115 -4.104727705103074e-08 -7.5023463909526669e-09 -7.7347302217292957e-08 0.0113086085289119 -1.4968689258707086e-09 -4.2905359196445961e-07 -7.7225653187773842e-08 -0.01466073795582722 -1.3251652330068863e-07 -2.7254321367049999e-07 1.4342192609888683e-07 0.019150808007710532 6.4969107946256658e-08 -1.4038149430925145e-07 -1.4083420413333392e-07 -0.0255739382316344 1.3106137385276137e-07 2.9741489175633199e-07 5.2072817960694628e-08 0.035631883732997305 -2.5503368789130536e-07 -2.1706786783411402e-07 8.4121860823771449e-08 -0.053731225308499088 -2.5737447746487749e-08 -6.1604094151952652e-08 -7.4859688773404625e-08 0.096041914639031334 1.5329643214326843e-07 -1.3926261448532168e-08 6.4625211354372124e-09 -0.30807592369024139 -3.4539819045700249e-08 0.50000013890930828 1.7336392407170971e-16 -0.32876013242779628 -2.4429023060241477e-08 -2.895308678739557e-08 2.0481671897266883e-08 0.11681612729960225 1.6766598967436303e-07 -7.2769939148904157e-08 1.2855470382612215e-07 -0.074687394949444055 -5.1198258671451344e-08 -1.1441266720839457e-07 -1.0720841367805883e-07 0.056865157275776228 -9.6647588912040708e-08 6.4425036465748493e-07 -1.4381075066511704e-07 -0.047189312193535067 2.4294189128276846e-07 1.7703875560453614e-07 4.7522114484080928e-07 0.041252758161744632 -8.1005129368947654e-08 -4.3824234385772617e-08 -1.2715503055930558e-05 -0.037331240866750132 -4.2033723042672533e-08 -4.8266078897905748e-08 0.00020491573704711812 0.034091933768055624 -9.154719684930808e-08 9.3100897824463912e-07 -0.0021251012407406439 -0.027527241365753463 1.9910968065674171e-06 -6.6822113765415428e-06 0.012284673572029262 0.0097772827678355937 -1.9410878674062965e-05 5.2586540944269712e-05 -0.031885709237881407 0.003509519672446722 0.00012266155028740986 -0.00024773843569971758 0.031165734306012445 0.012391863684882128 -0.0021292669640027239 0 0 0 0 0 0 0 0 0 0 0 0 0 0 0 0 0 0 0 0 0 0 0 0 0 0 0 0 0 0 0 0 0 0 0 0 0 0 0 0 0 0 0 0 0 0 0 0 0 0 0 0 0 0 0 0 0 0 0 0 0 0 0 0 0 0 0 0 0 0 0 0 0 0 0 0 0 0 0 0 0 0 0 0 0 0 0 0 0 0 0 0 0 0 0 0 0 0 0 0 
0.02613516215229969 8.9648035487195383e-08 -1.2325396428858439e-07 -2.9683882932920882e-08 -0.026380538344641467 -7.7341461216026259e-08 1.8232551913927299e-07 3.4566374813519718e-08 0.026887747701450242 2.0867506327881537e-08 -1.8253573235565539e-07 -6.9951947959800491e-08 -0.027690406912366929 7.4142629528530144e-08 2.1140673421424618e-07 7.9296972788589741e-08 0.028844276979308456 -1.7649360721539394e-07 -8.1182184784839313e-08 -3.2095699953849246e-08 -0.030437250032934963 1.3933923911908819e-07 1.1454254312868969e-08 6.7770324174215766e-08 0.032610734006128281 3.0635520874107683e-08 1.0672203004586853e-07 5.8167700047234652e-08 -0.035603552002398384 5.3820874563025059e-08 1.3116884531916659e-07 -1.335183496262962e-07 0.0398334893234214 -3.7145255512814027e-09 1.1324210654537915e-07 1.2777292369414731e-07 -0.046089139427823923 -1.6277827668931978e-07 -2.2481083739812352e-07 -1.446526092135692e-09 0.056060563879848375 2.2418510816690497e-07 1.5869815009283621e-07 -7.8762112344325018e-08 -0.074160575684643265 2.3018404994909108e-08 1.3552646505090129e-07 9.4784834959056117e-08 0.11655559677580755 -1.6649056729321337e-07 -5.7288437756798686e-08 8.7492586165105788e-09 -0.32876013242779628 2.4429023060241477e-08 0.49999992587037068 1.8213471532123402e-17 -0.30781539110056222 1.9290371929585038e-08 -2.8159436178464575e-08 -2.5032956136569116e-08 0.095515195524398161 -1.2799102645229957e-07 9.6473793945790554e-08 -1.2274720152167642e-07 -0.052926615869965582 6.6283399000466401e-08 -1.0506484421572448e-07 8.9785132058577234e-08 0.034531173490700159 -1.8923765608463433e-08 -3.9557731251705812e-07 3.648972120412443e-08 -0.024151454205932493 -2.0570134819352444e-07 7.128614061989267e-08 5.3387302681311952e-07 0.017369244749147701 1.0857343751970995e-07 -4.8266992965541263e-08 -1.0109282109168917e-05 -0.012436963958906297 2.34548109720079e-08 1.9359286936617997e-08 0.00013128577235668103 0.0082707208512299273 -1.0987392712092218e-07 3.4861275873967104e-07 -0.00098613494304126579 -0.0033962647156161483 1.2134305372171695e-06 -3.4175414494069386e-06 0.0035070899703673821 -0.001722521220949221 -9.2694652205373412e-06 2.1234285072550927e-05 -0.0035503005437012704 0.0012978602146707554 4.0911482472264494e-05 -0.00033026969388042578 -0.0015827065838867841 0 0 0 0 0 0 0 0 0 0 0 0 0 0 0 0 0 0 0 0 0 0 0 0 0 0 0 0 0 0 0 0 0 0 0 0 0 0 0 0 0 0 0 0 0 0 0 0 0 0 0 0 0 0 0 0 0 0 0 0 0 0 0 0 0 0 0 0 0 0 0 0 0 0 0 0 0 0 0 0 0 0 0 0 0 0 0 0 0 0 0 0 0 0 0 0 0 0 0 0 
2.1817189400003069e-07 1.4708592964115632e-08 0.0012245825271441188 7.3390034837151463e-08 -2.3225398474032385e-07 -4.2299674532436914e-08 -0.0024944877092721008 -5.9104782474290754e-08 1.3176512890286187e-07 -8.8867877872917205e-09 0.0038529471158431591 -8.9598127834597964e-08 -3.2788139567412261e-09 2.3886252519424891e-07 -0.0053579154939902311 -7.8410764717722347e-08 -2.7240963550682374e-07 -1.8436729712158699e-07 0.0070831821192245265 1.0890459972980533e-07 1.2305581812332881e-07 5.5813219694104509e-08 -0.009133839406381716 -1.3315982642479426e-07 2.1036712548947821e-07 2.5541308140963219e-08 0.011665154541771706 1.8315330280887838e-07 1.9999086802111434e-07 -1.1872271044562524e-07 -0.014921232271955777 -1.3894201661255851e-07 4.9554797273365373e-08 1.6994964316317911e-07 0.019321518585825193 -6.9626366073276207e-08 -2.5006841326531145e-07 -1.4082068074199302e-07 -0.025658316817106962 2.1354132019081613e-07 2.8234955726700296e-07 2.4384451490791764e-10 0.035631886826510549 -2.4863996436220681e-07 -2.518989988978645e-07 8.8758220258924139e-08 -0.053646699557723776 -1.4680752279011327e-08 -8.1339130075980926e-08 -1.118450004793591e-07 0.095871231376048013 1.8409343644851803e-07 -2.895308678739557e-08 -2.0481671897266883e-08 -0.30781539110056222 -1.9290371929585038e-08 0.50000015178751966 -2.0979314519136348e-17 -0.32911616779183211 -8.4134135147868677e-09 -7.703061381427266e-08 2.3191873056891884e-08 0.11727565809053654 6.9339439457545533e-08 5.3429838553980807e-08 9.146034553144796e-08 -0.075261149111015571 -8.067978409520636e-08 4.533218724579058e-08 -3.2801717446841164e-08 0.057567593072315015 5.5835578631124622e-08 2.5968612385834664e-07 -5.0613301578532186e-07 -0.048036233246221673 9.2379777682963746e-08 -1.5783537662152032e-07 1.3798619385012593e-05 0.042219023806289703 -7.6794351666202632e-08 8.7422474664857812e-08 -0.00022426438189129005 -0.037840921355121196 2.5999360818760938e-07 -1.0621865391310393e-06 0.0023246484320296034 0.030189755818163033 -2.4526098454956998e-06 7.5310788911209592e-06 -0.013423012114113732 -0.010558717439796273 2.1632439008112075e-05 -5.7701817651251023e-05 0.034758347016761358 -0.0039250607590104389 -0.00013397769670984386 0.00027038519381023234 -0.033803507812435046 -0.013501735651698966 0.0023234806972017821 0 0 0 0 0 0 0 0 0 0 0 0 0 0 0 0 0 0 0 0 0 0 0 0 0 0 0 0 0 0 0 0 0 0 0 0 0 0 0 0 0 0 0 0 0 0 0 0 0 0 0 0 0 0 0 0 0 0 0 0 0 0 0 0 0 0 0 0 0 0 0 0 0 0 0 0 0 0 0 0 0 0 0 0 0 0 0 0 0 0 0 0 0 0 0 0 0 0 0 0 
-0.024909640970730441 -1.3403758419103989e-07 6.6109889460405786e-08 1.7926980015578477e-08 0.025112563622814117 1.0321507771434998e-07 -7.2023654332707712e-08 -2.4301897448231226e-09 -0.02552948030557211 -3.1957549412153241e-08 6.1208355788538406e-08 1.7644531432817335e-08 0.026184819548766197 -1.9562024549697788e-08 -1.1109999629536554e-07 -8.4397237955247677e-08 -0.027117234828493181 1.3086873750804388e-07 1.4297037620948464e-07 9.2012462607261344e-08 0.028385874169647059 -1.1159530394643081e-07 -1.7909923523396362e-07 -1.4133632648824131e-07 -0.030081315816421702 -2.4561054532208497e-08 -1.268306993769092e-07 1.006045658355767e-08 0.032349692514889374 -1.6363264308240492e-07 -3.1364136925900519e-07 1.0076731258448721e-07 -0.035432700510048383 1.9573460199796319e-07 4.7043656948160744e-08 -1.5308491835619789e-07 0.039749009898437736 1.8304031780105979e-08 1.9968786097070863e-07 1.4258836876331567e-07 -0.04608914182576837 -1.6957937546463111e-07 -2.3619411083257365e-07 -4.0616778645043715e-08 0.056145000126548786 2.8441218537748767e-07 2.3143647391189585e-07 -1.2906785660929519e-07 -0.07433136208922278 5.5093659618980004e-09 1.7149024397853464e-07 1.212806465089164e-07 0.11681612729960225 -1.6766598967436303e-07 -2.8159436178464575e-08 2.5032956136569116e-08 -0.32911616779183211 8.4134135147868677e-09 0.49999993713894952 -2.4850062024133531e-16 -0.30735584244766678 4.9787417863489555e-09 1.8032889321501368e-08 -1.2862065805244415e-08 0.094941355558197202 -2.1257977340024492e-08 6.7283615937452591e-10 -5.1412246359483856e-08 -0.052224279787359947 8.9170842543703799e-08 -7.2547123442415199e-08 2.8797373508292871e-08 0.033681174086549921 -1.5931106789267305e-08 -9.4856250840504275e-08 -8.2136832048728868e-07 -0.023127248670857824 -1.2890153741190892e-08 1.2536717955034436e-07 1.2903319385045817e-05 0.016096437717463354 -4.4512389154219365e-08 1.2319869970533147e-07 -0.00016590489570835395 -0.010512609662398777 2.6839443636413976e-07 -8.0782294382252958e-07 0.0012447813596797191 0.0042551075137086114 -2.1812953182566187e-06 5.362589970899726e-06 -0.0044191265854109903 0.0021933975631277763 1.2391196570594705e-05 -2.6818449867450542e-05 0.0044554668962223602 -0.0016180911504942842 -5.1375569547318869e-05 0.0004155108221335912 0.0019906649432510758 0 0 0 0 0 0 0 0 0 0 0 0 0 0 0 0 0 0 0 0 0 0 0 0 0 0 0 0 0 0 0 0 0 0 0 0 0 0 0 0 0 0 0 0 0 0 0 0 0 0 0 0 0 0 0 0 0 0 0 0 0 0 0 0 0 0 0 0 0 0 0 0 0 0 0 0 0 0 0 0 0 0 0 0 0 0 0 0 0 0 0 0 0 0 0 0 0 0 0 0 
-2.9358676525628108e-07 4.2025506084200081e-08 -0.0010201943298243569 -4.8942817584548119e-08 3.0336099414586902e-07 -8.9468096422955971e-09 0.0020752817612838537 2.2135671669338049e-08 -2.103069946658745e-07 3.7605724130675357e-08 -0.0031968980069970927 1.1371157744728838e-07 8.8950833299052529e-08 -2.2570856579887792e-07 0.0044271283576273685 6.4230677174987181e-08 1.9144856061043065e-07 1.55225275075753e-07 -0.005817354067786995 -1.4306563408334594e-07 -1.1696532283454255e-07 -3.3224531309908538e-08 0.007438963987849048 1.9990207701835568e-07 -2.2929268686666888e-08 2.1283097786776655e-08 -0.0093943908862924256 -1.5279339337744067e-07 -1.3052143577423097e-07 6.9837128183070733e-08 0.011835804402348337 1.7541709384017591e-07 1.5283740479086902e-07 -1.4148690739514649e-07 -0.015005750235170279 -8.4616989139902681e-08 3.1573430180137263e-09 1.458730685209951e-07 0.0193215143268444 -5.5238644573355518e-08 -1.8577999934659514e-07 -1.400655981960308e-07 -0.025573927305252049 1.3084589448021704e-07 2.9830933195422336e-07 1.23055540320931e-07 0.035461204185340989 -3.1767973741351701e-07 -3.3328821239970078e-07 1.614792392271699e-07 -0.053386113467155723 -3.1160678601900157e-08 -7.2769939148904157e-08 -1.2855470382612215e-07 0.095515195524398161 1.2799102645229957e-07 -7.703061381427266e-08 -2.3191873056891884e-08 -0.30735584244766678 -4.9787417863489555e-09 0.50000013552221478 -5.545694276407008e-17 -0.32969004239592353 3.4103424197212088e-11 -1.2708252582810086e-07 -3.5354969257214453e-10 0.1179780943996348 -1.9186053962839164e-09 9.0235730802859294e-08 -8.2868544589414179e-09 -0.076110663282845464 -8.8720236998967813e-08 -6.557393136168593e-08 6.4052230065495759e-07 0.058586135649515571 1.02745264732938e-08 6.1262320132269759e-08 -1.5154835084963757e-05 -0.049199470016132639 -5.4967555664400435e-08 -1.5662269766602261e-07 0.00024915789692091413 0.042895484654203168 -2.4504296179344469e-07 1.2433043037173266e-06 -0.0025818878729556827 -0.033642396647654497 2.9122297526693637e-06 -8.7145530379399111e-06 0.014884688405229595 0.011513150896252114 -2.4523562131287118e-05 6.4234940064961782e-05 -0.038416229325251426 0.0044889016412380158 0.00014852389328903369 -0.00029926640448227782 0.037099634942485853 0.014912440040868464 -0.0025719990556684873 0 0 0 0 0 0 0 0 0 0 0 0 0 0 0 0 0 0 0 0 0 0 0 0 0 0 0 0 0 0 0 0 0 0 0 0 0 0 0 0 0 0 0 0 0 0 0 0 0 0 0 0 0 0 0 0 0 0 0 0 0 0 0 0 0 0 0 0 0 0 0 0 0 0 0 0 0 0 0 0 0 0 0 0 0 0 0 0 0 0 0 0 0 0 0 0 0 0 0 0 
0.023888062591074535 2.3945130260637416e-07 -1.3788121351603623e-08 -3.7464216741491067e-08 -0.024059222000685491 -1.9526370247610705e-07 -3.273599673685975e-08 3.1951929910079358e-08 0.024408823475668064 1.1371216491612806e-07 7.2717617177335708e-08 -4.8804918698069246e-08 -0.024955137317309507 -9.3778656852745528e-08 -4.151410381718925e-08 1.6313847753248255e-07 0.025725730570499251 -3.7818139324072559e-08 -6.8934975269845761e-08 -1.9590986710925323e-07 -0.026762158326127113 7.0964539191934221e-08 1.5781487633569505e-07 2.2235045887573492e-07 0.028125504833431302 -2.4975490775647447e-08 1.2791003126300727e-07 -9.3845192906916469e-08 -0.029910156392709913 2.5770022756075896e-07 3.4892940562434979e-07 -4.4837328513931065e-08 0.032265155962566683 -3.6051748597819143e-07 -1.9648922577630554e-07 1.3273408956296394e-07 -0.035432708638818131 1.8675787969183327e-07 1.258564896967024e-08 -1.3737535836134238e-07 0.039833490198541044 -9.0972997115139404e-09 7.6239814443470863e-08 1.2341828863437263e-07 -0.046259667716555361 -7.6403118757349209e-08 -2.3203356661779376e-07 -1.7966546328471416e-07 0.056405605865296513 3.5064868985010788e-07 1.7917438568891927e-07 -1.4102025188687175e-07 -0.074687394949444055 5.1198258671451344e-08 9.6473793945790554e-08 1.2274720152167642e-07 0.11727565809053654 -6.9339439457545533e-08 1.8032889321501368e-08 1.2862065805244415e-08 -0.32969004239592353 -3.4103424197212088e-11 0.49999995596627389 4.3367028108236109e-18 -0.30665336476846322 -5.9120811410656674e-09 5.0933918801584777e-08 8.5370450724835971e-09 0.094091612950854567 4.5442922296476434e-09 -1.5843464868738015e-08 1.733407861952533e-09 -0.051202688473151445 3.0845121196870982e-08 8.5323471844406262e-08 9.1134195493192852e-07 0.03245173282547556 2.7575423321250821e-08 1.8428188706726259e-08 -1.6840003675052509e-05 -0.021594416140541282 2.1688099234697992e-07 -3.7579316600350889e-07 0.00021521708433546935 0.013732641185256888 -6.8519690970127248e-07 1.4462695560740281e-06 -0.0016107328030868441 -0.0054453206386621171 3.7327531480298947e-06 -8.0332604077756881e-06 0.005703746344077042 -0.0028729043379360818 -1.6753264088723322e-05 3.4509725987466057e-05 -0.0057168070544342271 0.0020563208961303539 6.6011554070266815e-05 -0.00053557675126959478 -0.0025624843052143849 0 0 0 0 0 0 0 0 0 0 0 0 0 0 0 0 0 0 0 0 0 0 0 0 0 0 0 0 0 0 0 0 0 0 0 0 0 0 0 0 0 0 0 0 0 0 0 0 0 0 0 0 0 0 0 0 0 0 0 0 0 0 0 0 0 0 0 0 0 0 0 0 0 0 0 0 0 0 0 0 0 0 0 0 0 0 0 0 0 0 0 0 0 0 0 0 0 0 0 0 
3.5679531579213575e-07 -2.6958704464341541e-08 0.00084807461233391012 -8.6527681558575103e-09 -3.6933842298497183e-07 -2.8575187840344144e-09 -0.0017233450935287497 8.0733993776451771e-08 2.9724301629530206e-07 -2.0822735797738656e-08 0.0026493452959967761 -2.3757624434690419e-07 -2.0171316427460849e-07 1.8912115122938659e-07 -0.0036571740886784782 9.4279661016666017e-08 -5.181361689777206e-08 -1.348870697152812e-07 0.0047832967399973848 -1.2131535169157065e-08 2.6499849963370362e-08 5.1261487094946674e-08 -0.0060773524043929213 -5.3121228322908715e-08 -3.9595140817528907e-08 -1.0809796515852747e-07 0.007609295679741084 -4.5419489494268558e-08 2.8134292320333404e-08 3.3744775452287589e-08 -0.0094787989735489204 -7.4552822104888178e-08 -2.8239710139265526e-07 6.08817465663731e-08 0.011835789470173023 1.689939407264472e-07 2.2612938726404031e-07 -1.0451817122409155e-07 -0.01492120592238206 -1.4101383610692894e-07 -3.4774916368073785e-08 1.2766427297628695e-07 0.019150793968415566 7.7825968441428614e-08 -1.0583842099094329e-07 -1.2356234556177627e-07 -0.025313664286486452 -2.9982313477413485e-08 4.4474778234656163e-07 1.4476975751524973e-07 0.035105119841873776 -2.6169495728900626e-07 -1.1441266720839457e-07 1.0720841367805883e-07 -0.052926615869965582 -6.6283399000466401e-08 5.3429838553980807e-08 -9.146034553144796e-08 0.094941355558197202 2.1257977340024492e-08 -1.2708252582810086e-07 3.5354969257214453e-10 -0.30665336476846322 5.9120811410656674e-09 0.50000013863728032 3.4687692532175072e-17 -0.3305398183932427 4.6704681435557313e-09 -1.3314357793416542e-07 1.2089802614988047e-08 0.118999461168747 3.0076715863080685e-08 8.3982988080292134e-08 -8.0259361495160093e-07 -0.077332540384474971 -3.4667305867686095e-08 -1.6655096080655804e-07 1.7270098397610876e-05 0.05998796842621875 -4.0242342638753283e-08 1.6188334036863179e-07 -0.00028271880870139605 -0.050072156883182686 2.028086840422428e-07 -1.1854628738321684e-06 0.002924997690627634 0.038278218373161498 -3.2453677087239265e-06 1.0114090593553272e-05 -0.01682323662119338 -0.012684242904542656 2.8073571622429458e-05 -7.2832670757614487e-05 0.04320949165156493 -0.0052908112475683819 -0.00016788419423216473 0.00033777071736078388 -0.041301754577458626 -0.016756147597898674 0.0029001473735731286 0 0 0 0 0 0 0 0 0 0 0 0 0 0 0 0 0 0 0 0 0 0 0 0 0 0 0 0 0 0 0 0 0 0 0 0 0 0 0 0 0 0 0 0 0 0 0 0 0 0 0 0 0 0 0 0 0 0 0 0 0 0 0 0 0 0 0 0 0 0 0 0 0 0 0 0 0 0 0 0 0 0 0 0 0 0 0 0 0 0 0 0 0 0 0 0 0 0 0 0 
-0.023038187616765321 -1.8701693019985136e-07 -6.713478852169156e-08 5.8470549604322909e-08 0.023185344493177801 1.4393782269725824e-07 1.9689584494156419e-07 -6.6005060464018062e-08 -0.023484217365344433 -7.8020245608122429e-08 -3.0793015239394534e-07 8.7233158998189247e-08 0.023948805009883209 1.1705456091602953e-07 3.4797948335256042e-07 -2.3762415093116269e-07 -0.024599204960774002 -1.3175865251667622e-08 -2.4015034051224117e-07 2.8543992207640928e-07 0.025465719220695484 -1.6500225375176559e-08 1.58435345384409e-07 -2.9131048111820057e-07 -0.026591531828737327 -1.0917907045298712e-09 -3.4977704796188266e-07 1.9119388154848041e-07 0.028040666514252285 -1.6055261298757958e-07 -1.0119977162568386e-07 -5.2574198042795633e-08 -0.02991014724686674 2.4997369847148059e-07 1.7537812552370459e-07 -6.2751880332844978e-08 0.032349703378947228 -1.3699463256109753e-07 -2.4292024627840046e-07 8.9596284983174252e-08 -0.035603578075876163 3.4442526108526613e-08 2.9778153686034393e-07 -1.2816602770945828e-07 0.040094147453498763 2.0851506816278308e-08 -2.1933155466514752e-07 1.8758827604412993e-07 -0.046615609337930665 -3.7630914750410821e-08 -5.1601386013343617e-07 -1.1915351232194705e-07 0.056865157275776228 9.6647588912040708e-08 -1.0506484421572448e-07 -8.9785132058577234e-08 -0.075261149111015571 8.067978409520636e-08 6.7283615937452591e-10 5.1412246359483856e-08 0.1179780943996348 1.9186053962839164e-09 5.0933918801584777e-08 -8.5370450724835971e-09 -0.3305398183932427 -4.6704681435557313e-09 0.49999993398093878 -1.1058848924462344e-16 -0.30563180765546344 -1.7570392902884834e-08 6.5761986312463498e-08 5.006885788747089e-08 0.092865941981379457 9.4208457311313105e-10 -5.1829576821153131e-08 -1.0704439804650029e-06 -0.049725170583141139 1.7068377779209827e-08 4.7289358340674635e-08 2.2639281582270102e-05 0.030593183196499372 -1.7112526063389249e-07 3.9894662847655636e-07 -0.00028895759324103985 -0.018644757234722281 7.399705470258398e-07 -1.89485316668398e-06 0.002157457196142533 0.0071663768394237531 -5.0995079776027957e-06 1.0720372963404683e-05 -0.0076120278576908406 0.003917455556073114 2.2370623371922459e-05 -4.5863458610050046e-05 0.0075596928600605868 -0.0026782188998601274 -8.8120460638382598e-05 0.00071455427954205536 0.0034054916279187288 0 0 0 0 0 0 0 0 0 0 0 0 0 0 0 0 0 0 0 0 0 0 0 0 0 0 0 0 0 0 0 0 0 0 0 0 0 0 0 0 0 0 0 0 0 0 0 0 0 0 0 0 0 0 0 0 0 0 0 0 0 0 0 0 0 0 0 0 0 0 0 0 0 0 0 0 0 0 0 0 0 0 0 0 0 0 0 0 0 0 0 0 0 0 0 0 0 0 0 0 
-1.8305864710525887e-08 -9.022512161323366e-08 -0.0007004554658107886 4.6746091865849056e-08 5.549352365684513e-08 1.0990831491809738e-07 0.0014222413514981471 -1.4579285466683284e-07 -5.0008131956725096e-08 -7.6871417700744922e-08 -0.0021830682304820061 3.1006084402616993e-07 5.3589428994298057e-08 -9.1057802936987757e-08 0.0030062029917179438 -1.9977388201375989e-07 6.0040008037978975e-08 7.8711328345059155e-08 -0.0039179043042581099 1.243184610248692e-07 7.1193499425490435e-08 -5.8194137509217909e-08 0.0049532825202476555 -6.1047482743846526e-08 -1.2355364866738487e-07 1.878552426497159e-07 -0.006161252823617981 1.8721010528591915e-07 3.9392184102921557e-07 -1.5806072624517309e-07 0.0076092938628823329 -1.9339825425851724e-08 -1.4616680546691235e-07 6.9413363971920988e-08 -0.0093943799744162851 -1.7472423958677643e-07 1.7099726983736333e-07 2.5786222383042847e-09 0.011665121712548092 2.0026460701381612e-07 -1.7522460185737145e-07 -3.2191995115161352e-08 -0.014660697097632975 -1.5062933820875826e-07 -1.0689531824525943e-07 6.7660824378658757e-08 0.01879497622574788 2.5044052526515123e-08 4.0244410632173119e-07 -1.5131905315250205e-07 -0.024854060936632089 2.0026112875352806e-07 6.4425036465748493e-07 1.4381075066511704e-07 0.034531173490700159 1.8923765608463433e-08 4.533218724579058e-08 3.2801717446841164e-08 -0.052224279787359947 -8.9170842543703799e-08 9.0235730802859294e-08 8.2868544589414179e-09 0.094091612950854567 -4.5442922296476434e-09 -1.3314357793416542e-07 -1.2089802614988047e-08 -0.30563180765546344 1.7570392902884834e-08 0.50000014048136876 2.0122114653614128e-16 -0.33176520827103817 -1.6536657344963125e-08 -1.325401806885271e-07 8.1093313148889169e-07 0.12046751773884407 8.0949792290678553e-09 1.5503596228598438e-07 -2.0333970774011043e-05 -0.079027043556455526 -1.7854218126014593e-08 -7.7479088670676482e-08 0.00033011337829460461 0.061092936609276081 2.1732137409722167e-07 5.4209511981806881e-07 -0.0034062452085076187 -0.044821829576256855 2.8116669037043011e-06 -9.9401185938149794e-06 0.0195207500801537 0.014110178245710382 -3.0376418687885491e-05 8.3017099351622966e-05 -0.049756796749849702 0.0065085178227648208 0.00019480940877564549 -0.00039259626341108488 0.046801784576990406 0.019263866681452149 -0.0033548951614874255 0 0 0 0 0 0 0 0 0 0 0 0 0 0 0 0 0 0 0 0 0 0 0 0 0 0 0 0 0 0 0 0 0 0 0 0 0 0 0 0 0 0 0 0 0 0 0 0 0 0 0 0 0 0 0 0 0 0 0 0 0 0 0 0 0 0 0 0 0 0 0 0 0 0 0 0 0 0 0 0 0 0 0 0 0 0 0 0 0 0 0 0 0 0 0 0 0 0 0 0 
0.022335128907327455 1.1456675118324025e-10 1.0838315285239397e-08 -5.8458416362751978e-08 -0.022464082996096542 3.3292179790954461e-08 -8.9753678601095178e-08 6.0225968889020029e-08 0.022724567791998575 -6.8943291429210766e-08 1.5313540319988795e-07 -6.9738889896036537e-08 -0.023127546427912683 -4.2410406021727412e-08 -1.6920969477203752e-07 2.342176218505936e-07 0.023687932278673298 -4.8942404473141962e-09 2.4854479149034292e-08 -2.8462562086329103e-07 -0.024428550612523678 -6.7364783135587874e-09 3.7315611827060076e-08 2.7623134653140083e-07 0.025381255599738937 4.1482626263004281e-08 1.199336721033058e-07 -2.24600300076236e-07 -0.026591439356065439 -6.247028641239846e-09 8.0817291589303584e-08 1.2137426006669794e-07 0.02812539870889405 -2.254169447183202e-08 -4.1442210596799035e-08 -1.4715120901485567e-08 -0.030081231568729026 -3.528521173288815e-08 -9.3157224770627647e-08 -2.0148816759591908e-08 0.032610692530733794 2.4841260706482567e-08 2.7229065290652197e-07 5.7678391132546426e-08 -0.035959890311835017 6.8623310898038642e-08 -1.0530654793331143e-07 -9.8908723319089385e-08 0.040553174692005631 -1.1287168171550111e-07 -5.5222490852634153e-07 -3.2011828487018739e-08 -0.047189312193535067 -2.4294189128276846e-07 -3.9557731251705812e-07 -3.648972120412443e-08 0.057567593072315015 -5.5835578631124622e-08 -7.2547123442415199e-08 -2.8797373508292871e-08 -0.076110663282845464 8.8720236998967813e-08 -1.5843464868738015e-08 -1.733407861952533e-09 0.118999461168747 -3.0076715863080685e-08 6.5761986312463498e-08 -5.006885788747089e-08 -0.33176520827103817 1.6536657344963125e-08 0.49999992672606858 4.8572045569113785e-17 -0.30415934282327872 -2.6593913810885471e-08 1.0272802361279572e-07 1.5910447288031585e-06 0.091081822800338039 7.7774736770268246e-08 -2.4355502725783789e-07 -3.185043573726146e-05 -0.047448570142711685 -2.431607105572364e-07 4.006737656641624e-07 0.00040805470202536517 0.026816838539578409 7.3359918386616144e-07 -1.674738861928687e-06 -0.0030427447898133948 -0.0097892694779151239 -6.7050887738793663e-07 -6.0435539022874041e-06 0.010670803346646092 -0.005679886535458231 -2.5200991710653338e-05 6.5201505084451668e-05 -0.010430456595974224 0.0035997348005985625 0.00012737420589016825 -0.0010057238319571094 -0.0047396848954647918 0 0 0 0 0 0 0 0 0 0 0 0 0 0 0 0 0 0 0 0 0 0 0 0 0 0 0 0 0 0 0 0 0 0 0 0 0 0 0 0 0 0 0 0 0 0 0 0 0 0 0 0 0 0 0 0 0 0 0 0 0 0 0 0 0 0 0 0 0 0 0 0 0 0 0 0 0 0 0 0 0 0 0 0 0 0 0 0 0 0 0 0 0 0 0 0 0 0 0 0 
-6.8628083311431194e-09 5.7909871509618037e-07 0.00057171741564371195 -2.1141124151363081e-08 -2.6890020624457684e-08 -5.8782373068895797e-07 -0.0011601472217715736 8.529789841370201e-08 2.7797707390643569e-08 5.4325120878611453e-07 0.0017786806687164799 -2.0160371806216019e-07 -3.6987537488812193e-08 -3.7357673474327808e-07 -0.0024448208070483517 8.1450180768968931e-08 -6.0645600510155177e-08 3.4273638809247232e-07 0.0031776369466001678 1.1558654636053721e-08 -2.9332176096857156e-08 -3.0294902507947128e-07 -0.0040022191185481344 -8.0238598522052881e-08 6.3462600151787985e-09 1.1665803508423101e-07 0.0049532516578393686 -6.5606627127951828e-08 -2.881597424658052e-07 -9.8897215481033188e-08 -0.0060773361210304201 -7.0011347233065038e-08 -2.483518916340877e-08 1.7038652654053818e-07 0.0074389701604869671 2.1225247757623228e-07 7.1685204693180891e-09 -2.6988598840840376e-07 -0.0091338499582643423 -1.3256707420212893e-07 1.4051261829522746e-07 3.3925544723904846e-07 0.011308605224291829 -7.4726669165027163e-10 -3.3570735682551039e-07 -4.7124756069661078e-07 -0.014200427472898536 7.4338173655530212e-08 4.1292079025636773e-07 7.2413741147322074e-07 0.018221129248895195 -3.8602933729745341e-09 1.7703875560453614e-07 -4.7522114484080928e-07 -0.024151454205932493 2.0570134819352444e-07 2.5968612385834664e-07 5.0613301578532186e-07 0.033681174086549921 1.5931106789267305e-08 -6.557393136168593e-08 -6.4052230065495759e-07 -0.051202688473151445 -3.0845121196870982e-08 8.3982988080292134e-08 8.0259361495160093e-07 0.092865941981379457 -9.4208457311313105e-10 -1.325401806885271e-07 -8.1093313148889169e-07 -0.30415934282327872 2.6593913810885471e-08 0.50000009753525143 -1.4913878506310978e-16 -0.33353746950136665 -3.2826238589797533e-08 -7.5852198668349653e-08 2.3372661780211305e-05 0.12252884688397225 2.1545225847836707e-07 -5.6716629289915307e-07 -0.00040065834151363586 -0.08039595657895017 -2.4376580205409489e-06 5.6972026275546132e-06 0.004138274213944043 0.054781629077610181 1.0082589968192776e-05 -9.410548921370265e-06 -0.023575623990317596 -0.015727361316654968 1.1453610726381624e-05 -8.4115594183752497e-05 0.059301632578033031 -0.0085496093537889319 -0.00023805937992824912 0.000482228403508346 -0.054253181075058041 -0.022893293707852549 0.0040414800103086663 0 0 0 0 0 0 0 0 0 0 0 0 0 0 0 0 0 0 0 0 0 0 0 0 0 0 0 0 0 0 0 0 0 0 0 0 0 0 0 0 0 0 0 0 0 0 0 0 0 0 0 0 0 0 0 0 0 0 0 0 0 0 0 0 0 0 0 0 0 0 0 0 0 0 0 0 0 0 0 0 0 0 0 0 0 0 0 0 0 0 0 0 0 0 0 0 0 0 0 0 
-0.021759276858020107 -5.2204748292590137e-08 1.5854104410249116e-09 2.845746925872924e-08 0.021874418342121858 1.692339720859029e-08 6.8368355956031355e-08 3.1561200159147867e-09 -0.022105823947812377 1.5649620863020174e-08 -1.2338884350110017e-07 -2.8779248119967998e-08 0.022462264193850372 1.178648153290935e-07 1.4478059726536962e-07 -1.2532529489838575e-07 -0.022954977840251238 -6.5608706854321223e-08 1.3596763269510505e-08 1.6752097467950232e-07 0.023601673772071785 4.1933086475355661e-08 -7.1470807636630446e-08 -1.5733743216412958e-07 -0.024426777823616987 -5.1434476123908601e-09 1.6056787211108765e-08 1.8543831151388373e-07 0.025463812569356811 -1.0245171219000774e-08 -1.1441859956593965e-07 -1.8134938901674656e-07 -0.026760169111451525 7.1731571966044943e-08 1.9184497312763319e-07 1.8020481424184101e-07 0.028383796209023468 -1.0931971657940125e-07 -1.7698554444604038e-07 -2.4951455848911365e-07 -0.030435055375749354 1.514585098074521e-07 2.949459125408295e-08 3.4314416147017311e-07 0.033068125290559372 -1.717027129089613e-07 8.0470801435148644e-08 -3.7627252425360618e-07 -0.036531535717572554 6.8402947798411906e-08 -1.3875256891062664e-07 2.363729687200849e-07 0.041252758161744632 8.1005129368947654e-08 7.128614061989267e-08 -5.3387302681311952e-07 -0.048036233246221673 -9.2379777682963746e-08 -9.4856250840504275e-08 8.2136832048728868e-07 0.058586135649515571 -1.02745264732938e-08 8.5323471844406262e-08 -9.1134195493192852e-07 -0.077332540384474971 3.4667305867686095e-08 -5.1829576821153131e-08 1.0704439804650029e-06 0.12046751773884407 -8.0949792290678553e-09 1.0272802361279572e-07 -1.5910447288031585e-06 -0.33353746950136665 3.2826238589797533e-08 0.49999987575815502 -2.4936635905096189e-17 -0.30199352464770352 -3.2706914300342195e-07 1.2457721339492754e-06 4.5257568454171664e-05 0.088253845336929926 3.8779596802513378e-06 -1.11723004462483e-05 -0.0006237399174928071 -0.042406679505876732 -2.7241695110935092e-05 5.6192907469254302e-05 0.004674068630108455 0.01401546682661807 8.9845751544865868e-05 -9.5804634655679199e-05 -0.016236257195804359 0.0091454305915230349 -2.908057833178471e-05 -0.00010489214147237557 0.015368636114621597 -0.0050077470168352111 -0.00022821517780594397 0.001578564041756862 0.0071010035364096752 0 0 0 0 0 0 0 0 0 0 0 0 0 0 0 0 0 0 0 0 0 0 0 0 0 0 0 0 0 0 0 0 0 0 0 0 0 0 0 0 0 0 0 0 0 0 0 0 0 0 0 0 0 0 0 0 0 0 0 0 0 0 0 0 0 0 0 0 0 0 0 0 0 0 0 0 0 0 0 0 0 0 0 0 0 0 0 0 0 0 0 0 0 0 0 0 0 0 0 0 
2.1008441157681933e-08 -8.0455584155821633e-06 -0.00045729879981460964 3.3125449311288137e-08 1.3574440083852425e-08 8.0852683134055408e-06 0.00092755149672777738 -1.0062635178589634e-07 -2.9142908142439706e-08 -8.1134932227733907e-06 -0.001420838285615585 2.0813042415904219e-07 5.8113026482460571e-08 8.0725118840502923e-06 0.0019502783392206082 -1.1683672181301655e-07 -1.3211320277591306e-09 -8.1804854601714158e-06 -0.0025297281916374886 4.2032303305516588e-08 9.1698311252072685e-08 8.3194274012393267e-06 0.0031771611908248797 1.2470218857592492e-08 -6.2093770534033322e-08 -8.3801620427146476e-06 -0.0039172837356680236 1.2884819213704837e-07 3.4620714149246891e-07 8.6580871495437147e-06 0.0047825575080343982 -1.6758592977923983e-09 -2.4024934878991577e-08 -9.0980504877861811e-06 -0.0058164814532050612 -1.4596428741680906e-07 -2.4246157608570714e-08 9.6495391661455089e-06 0.0070821249583990229 9.1924924653173774e-08 -1.8108410990196012e-08 -1.0223754609838985e-05 -0.0086727992197261402 -2.43878865311185e-08 1.7068577529189976e-07 1.0902161801599261e-05 0.010732397028088314 4.2824920923137344e-08 -2.8192771415645186e-07 -1.1792833145292886e-05 -0.013495450248760272 -9.5615500216341863e-08 -4.3824234385772617e-08 1.2715503055930558e-05 0.017369244749147701 -1.0857343751970995e-07 -1.5783537662152032e-07 -1.3798619385012593e-05 -0.023127248670857824 1.2890153741190892e-08 6.1262320132269759e-08 1.5154835084963757e-05 0.03245173282547556 -2.7575423321250821e-08 -1.6655096080655804e-07 -1.7270098397610876e-05 -0.049725170583141139 -1.7068377779209827e-08 1.5503596228598438e-07 2.0333970774011043e-05 0.091081822800338039 -7.7774736770268246e-08 -7.5852198668349653e-08 -2.3372661780211305e-05 -0.30199352464770352 3.2706914300342195e-07 0.49999886465266918 6.5933044614274738e-17 -0.33608184945528219 -4.5892432271486766e-06 1.5097097668117629e-05 0.00048354285484067123 0.12417326305581702 4.4875619469495184e-05 -0.00011292184304250045 -0.0053770636106173679 -0.071953851409894715 -0.00023507172327687963 0.00037893216858660064 0.030591058062993687 0.016803038856388564 0.00041670982794799556 -0.00017518328426157801 -0.074969840715646746 0.012583347537086495 0.00032047884085396362 -0.00075662533185707169 0.064702655461793948 0.028724084418014197 -0.0053558286069972684 0 0 0 0 0 0 0 0 0 0 0 0 0 0 0 0 0 0 0 0 0 0 0 0 0 0 0 0 0 0 0 0 0 0 0 0 0 0 0 0 0 0 0 0 0 0 0 0 0 0 0 0 0 0 0 0 0 0 0 0 0 0 0 0 0 0 0 0 0 0 0 0 0 0 0 0 0 0 0 0 0 0 0 0 0 0 0 0 0 0 0 0 0 0 0 0 0 0 0 0 
0.021267918470963043 3.6482868192698031e-08 -2.7328825335324356e-08 -3.1360135413200081e-07 -0.021372547945512719 -2.8107586034066378e-09 -2.0278902475803256e-08 5.7282371665639399e-07 0.021581868518096192 -2.1234569805792861e-08 5.6457834940530888e-08 -8.5046761717235342e-07 -0.021903054016291022 -1.3784565784263547e-07 -7.4937295742496021e-08 1.3469758180767525e-06 0.022344709663743075 9.4698636473025969e-08 -9.1470415910128439e-08 -1.7618181408864297e-06 -0.02292096803804014 -5.9655085343170321e-08 1.334452184217261e-07 2.1667574253531253e-06 0.023651238750743573 -1.3523982504688035e-08 -1.4149790178125711e-07 -2.7217570820106251e-06 -0.02456122917306626 -1.3175311252564261e-08 1.1319622183203457e-07 3.3166940410112484e-06 0.025686265184385212 -4.7486409638515995e-08 -2.3377467986626964e-07 -3.9820294201309324e-06 -0.027075963114568311 1.4004366430315328e-07 2.725550251128834e-07 4.7893857700726527e-06 0.028800807041658251 -1.9155277829768439e-07 -1.7815110509613329e-07 -5.7723971732622725e-06 -0.030964202374695111 1.8139340374080662e-07 -1.954421460659996e-08 6.9007094653573553e-06 0.033723735449341541 -7.2061042453600827e-08 3.6787048954027054e-07 -8.0648307372217357e-06 -0.037331240866750132 4.2033723042672533e-08 -4.8266992965541263e-08 1.0109282109168917e-05 0.042219023806289703 7.6794351666202632e-08 1.2536717955034436e-07 -1.2903319385045817e-05 -0.049199470016132639 5.4967555664400435e-08 1.8428188706726259e-08 1.6840003675052509e-05 0.05998796842621875 4.0242342638753283e-08 4.7289358340674635e-08 -2.2639281582270102e-05 -0.079027043556455526 1.7854218126014593e-08 -2.4355502725783789e-07 3.185043573726146e-05 0.12252884688397225 -2.1545225847836707e-07 1.2457721339492754e-06 -4.5257568454171664e-05 -0.33608184945528219 4.5892432271486766e-06 0.49998278760656728 1.457167984518314e-16 -0.29855234727870877 -5.7854818309434271e-05 0.00017106813818710214 0.00096659152268197262 0.081175232394217256 0.00043225757945500955 -0.00090475211119017999 -0.0081845379582262817 -0.021537441808725317 -0.0014865204778448065 0.0017355772245525832 0.028589355277395936 -0.017707658339362779 0.0010895076574491068 0.00021969517495697231 -0.025290133415285486 0.0069229528983195121 0.00087807091405466648 -0.0033456035312006741 -0.011831350028416987 0 0 0 0 0 0 0 0 0 0 0 0 0 0 0 0 0 0 0 0 0 0 0 0 0 0 0 0 0 0 0 0 0 0 0 0 0 0 0 0 0 0 0 0 0 0 0 0 0 0 0 0 0 0 0 0 0 0 0 0 0 0 0 0 0 0 0 0 0 0 0 0 0 0 0 0 0 0 0 0 0 0 0 0 0 0 0 0 0 0 0 0 0 0 0 0 0 0 0 0 
1.1045935604531709e-07 0.00012894904667805273 0.00035261240386504869 -4.9905012990443288e-08 -1.4064095933939422e-07 -0.00012951962281380371 -0.00071498730490690175 1.2585490084322629e-07 1.5898244931920005e-07 0.00013061281217349404 0.0010945537547718085 -2.3147129096370632e-07 -1.8880148468702732e-07 -0.00013221335122628992 -0.0015009490288520509 1.7779135168370926e-07 1.515782667612896e-07 0.00013452342974869401 0.0019440958662362592 -1.334754307512314e-07 -2.2314535856800879e-07 -0.00013750776915344686 -0.0024367164760890864 1.0147034645251619e-07 1.8111337950852572e-07 0.00014115936662171912 0.0029962252377399808 -2.296604738051927e-07 -4.1032795820957474e-07 -0.00014582415704387933 -0.0036450802874029801 1.179836360498078e-07 8.7286250402424955e-08 0.00015158723495503539 0.0044125594849999108 2.5532920567930537e-08 4.0400455275973029e-08 -0.00015857656169390765 -0.0053403673446847377 -1.2836125541158539e-08 -1.3894749072862808e-07 0.00016692144367902789 0.0064885690329318244 1.8734499927097288e-08 1.3962124736245096e-07 -0.00017699337337290084 -0.0079464957457288914 -1.0853384550509674e-07 -9.3282827349653424e-08 0.00018936607592791752 0.0098532214728025598 1.2813521983180936e-07 -4.8266078897905748e-08 -0.00020491573704711812 -0.012436963958906297 -2.34548109720079e-08 8.7422474664857812e-08 0.00022426438189129005 0.016096437717463354 4.4512389154219365e-08 -1.5662269766602261e-07 -0.00024915789692091413 -0.021594416140541282 -2.1688099234697992e-07 1.6188334036863179e-07 0.00028271880870139605 0.030593183196499372 1.7112526063389249e-07 -7.7479088670676482e-08 -0.00033011337829460461 -0.047448570142711685 2.431607105572364e-07 -5.6716629289915307e-07 0.00040065834151363586 0.088253845336929926 -3.8779596802513378e-06 1.5097097668117629e-05 -0.00048354285484067123 -0.29855234727870877 5.7854818309434271e-05 0.49980479784017429 1.3904892862126594e-17 -0.338337754499623 -0.00057779675500675026 0.001461538545437357 0.006996593538173718 0.11118121836990269 0.0030609791440256752 -0.0050340259720233977 -0.044511327117565849 -0.014303763310517404 -0.005892197124237079 0.0037475372687904101 0.10562259819680606 -0.022458565244046803 -0.00060433607146660653 0.0027274163675879634 -0.079254830235760187 -0.038801000555016743 0.0097560944699504239 0 0 0 0 0 0 0 0 0 0 0 0 0 0 0 0 0 0 0 0 0 0 0 0 0 0 0 0 0 0 0 0 0 0 0 0 0 0 0 0 0 0 0 0 0 0 0 0 0 0 0 0 0 0 0 0 0 0 0 0 0 0 0 0 0 0 0 0 0 0 0 0 0 0 0 0 0 0 0 0 0 0 0 0 0 0 0 0 0 0 0 0 0 0 0 0 0 0 0 0 
-0.020502416068299081 1.9716934633945917e-08 1.6011831572121665e-08 3.9794616219803172e-06 0.020597667173633379 -4.8534824400938573e-08 4.4662309509501212e-08 -8.0037522883037554e-06 -0.020787498352461731 5.9211811939529703e-08 -9.8535476539108659e-08 1.221902310053311e-05 0.021077850158966023 1.2548983324171604e-07 1.5137774499652375e-07 -1.6931043186524721e-05 -0.02147537402642288 -1.057409102914262e-07 -2.4283542791073422e-08 2.193006913211959e-05 0.021991538969083773 8.3274805803059249e-08 4.1120125402881332e-08 -2.7410432745723448e-05 -0.022642103228886608 -1.2004462598592719e-08 -3.4427905707986932e-08 3.3735105526327722e-05 0.023447263753934498 9.9043867616823782e-08 2.1245570222509314e-07 -4.0963989225531398e-05 -0.024434091176754817 -8.0244872742622876e-08 -1.1733933593024355e-07 4.9370199191168588e-05 0.025640159730822922 -1.2478935836737809e-08 7.3526400800471494e-08 -5.937434086482846e-05 -0.027117172883055689 3.6268482625480381e-08 -9.2444008200532291e-08 7.1573771243544235e-05 0.028938170976803131 2.3549499081584418e-09 1.8230298090522082e-07 -8.6728825306836151e-05 -0.031209578988970966 -7.9328856313791868e-08 -3.6057006202096932e-07 0.00010588599663544013 0.034091933768055624 9.154719684930808e-08 1.9359286936617997e-08 -0.00013128577235668103 -0.037840921355121196 -2.5999360818760938e-07 1.2319869970533147e-07 0.00016590489570835395 0.042895484654203168 2.4504296179344469e-07 -3.7579316600350889e-07 -0.00021521708433546935 -0.050072156883182686 -2.028086840422428e-07 3.9894662847655636e-07 0.00028895759324103985 0.061092936609276081 -2.1732137409722167e-07 4.006737656641624e-07 -0.00040805470202536517 -0.08039595657895017 2.4376580205409489e-06 -1.11723004462483e-05 0.0006237399174928071 0.12417326305581702 -4.4875619469495184e-05 0.00017106813818710214 -0.00096659152268197262 -0.338337754499623 0.00057779675500675026 0.4982897643828601 -2.9490299091605721e-17 -0.29069452511451627 -0.0043279802400549997 0.0090688000697955896 0.013979694597437461 0.044833161899485316 0.014936911664979832 -0.017568162683906242 -0.058271721240896149 0.039572250585689306 -0.01147187825458317 -0.00084690115347452362 0.048671124705118252 -0.0070626205614939229 -0.0061326481090992662 0.012234556397671625 0.019641910756496829 0 0 0 0 0 0 0 0 0 0 0 0 0 0 0 0 0 0 0 0 0 0 0 0 0 0 0 0 0 0 0 0 0 0 0 0 0 0 0 0 0 0 0 0 0 0 0 0 0 0 0 0 0 0 0 0 0 0 0 0 0 0 0 0 0 0 0 0 0 0 0 0 0 0 0 0 0 0 0 0 0 0 0 0 0 0 0 0 0 0 0 0 0 0 0 0 0 0 0 0 
-1.6085591052585514e-07 -0.0013387226645114386 -0.00024653268300468324 7.0255195015677794e-08 1.8859995791087833e-07 0.0013446175081785105 0.00049978159752072726 -1.5411482285826798e-07 -2.1186766773613559e-07 -0.0013562931087592212 -0.00076478431868830395 2.5863362130279542e-07 2.3588499037641399e-07 0.0013740478152039644 0.0010480680053550713 -2.4866853870250865e-07 -2.3052192485918593e-07 -0.001398341561286517 -0.0013561957087718638 2.5410707258914721e-07 3.0611639653459388e-07 0.0014297342049645171 0.0016975363526828026 -2.5617943370817356e-07 -3.0374458123790338e-07 -0.0014690275413300736 -0.0020835179062965348 3.7709445463213027e-07 5.0144862984666998e-07 0.0015174693637535546 0.0025286395582280394 -2.9301931090872754e-07 -2.930829958957756e-07 -0.0015764197088454788 -0.0030514087430969961 1.9615236119081231e-07 2.3439868379162275e-07 0.0016477573407001002 0.0036778346805811969 -1.9765847325342781e-07 -1.880869941280958e-07 -0.0017339469627378518 -0.0044446104478177212 1.5853984749219281e-07 2.3621813696170241e-07 0.0018385017756148495 0.0054047866216895522 -3.1623435042927386e-08 -3.9817140586898332e-07 -0.0019664136908302677 -0.0066381242117686473 -2.6037509364724175e-08 9.3100897824463912e-07 0.0021251012407406439 0.0082707208512299273 1.0987392712092218e-07 -1.0621865391310393e-06 -0.0023246484320296034 -0.010512609662398777 -2.6839443636413976e-07 1.2433043037173266e-06 0.0025818878729556827 0.013732641185256888 6.8519690970127248e-07 -1.1854628738321684e-06 -0.002924997690627634 -0.018644757234722281 -7.399705470258398e-07 5.4209511981806881e-07 0.0034062452085076187 0.026816838539578409 -7.3359918386616144e-07 5.6972026275546132e-06 -0.004138274213944043 -0.042406679505876732 2.7241695110935092e-05 -0.00011292184304250045 0.0053770636106173679 0.081175232394217256 -0.00043225757945500955 0.001461538545437357 -0.006996593538173718 -0.29069452511451627 0.0043279802400549997 0.48904793031540905 1.1797813707706676e-16 -0.3237714244526893 -0.022945797616551893 0.037780960644869355 0.061138397966202671 0.015914599861056238 0.044410588963768857 -0.02896047542039076 -0.16373079328200962 0.046476434439121042 0.0021684267295922393 -0.015403665473338886 0.095378130872929304 0.04906290068818208 -0.029841963404011275 0 0 0 0 0 0 0 0 0 0 0 0 0 0 0 0 0 0 0 0 0 0 0 0 0 0 0 0 0 0 0 0 0 0 0 0 0 0 0 0 0 0 0 0 0 0 0 0 0 0 0 0 0 0 0 0 0 0 0 0 0 0 0 0 0 0 0 0 0 0 0 0 0 0 0 0 0 0 0 0 0 0 0 0 0 0 0 0 0 0 0 0 0 0 0 0 0 0 0 0 
0.017176970985870045 6.289851314102119e-07 -1.4340708988944973e-08 -2.9965132788199106e-05 -0.017253497037856693 -6.1168970432268263e-07 -3.6408418520630533e-08 6.0687906786469206e-05 0.017405559322009396 6.2286186765907576e-07 8.220419137806109e-08 -9.2828689581730909e-05 -0.017637568036924178 -8.159321720103172e-07 -1.4841783652419631e-07 0.00012734746216817313 0.017954161770216467 8.4632187165146117e-07 6.3275886967271657e-08 -0.00016475519660046078 -0.018363716709368774 -8.7162884483662531e-07 -1.1260091468560255e-07 0.00020609782465034665 0.018877774445996046 8.7056522246294334e-07 9.6244906448208558e-08 -0.00025290533740257218 -0.019510732579232082 -1.033293584135258e-06 -3.4338722060018323e-07 0.00030671877358853176 0.02028145317339676 1.1554951595924141e-06 2.840073854274276e-07 -0.00036966949153881582 -0.021215956950857116 -1.1974177780736373e-06 -2.3071930020879065e-07 0.00044477511787924121 0.022349137866022311 1.3388840581800923e-06 1.6656926260581952e-07 -0.00053631140401311174 -0.023728832350722921 -1.5497323815639785e-06 -9.8239005203715396e-08 0.00065030453197741219 0.025422384636456311 1.774772091620887e-06 -2.6088574087540596e-08 -0.00079561261538295749 -0.027527241365753463 -1.9910968065674171e-06 3.4861275873967104e-07 0.00098613494304126579 0.030189755818163033 2.4526098454956998e-06 -8.0782294382252958e-07 -0.0012447813596797191 -0.033642396647654497 -2.9122297526693637e-06 1.4462695560740281e-06 0.0016107328030868441 0.038278218373161498 3.2453677087239265e-06 -1.89485316668398e-06 -0.002157457196142533 -0.044821829576256855 -2.8116669037043011e-06 -1.674738861928687e-06 0.0030427447898133948 0.054781629077610181 -1.0082589968192776e-05 5.6192907469254302e-05 -0.004674068630108455 -0.071953851409894715 0.00023507172327687963 -0.00090475211119017999 0.0081845379582262817 0.11118121836990269 -0.0030609791440256752 0.0090688000697955896 -0.013979694597437461 -0.3237714244526893 0.022945797616551893 0.45193525317605004 -1.2300252471024366e-16 -0.25972476463433219 -0.079105389193860509 0.092930347714504563 0.092674334419108426 -0.05108061012228915 0.06057202734377768 0.004261695662845932 -0.095447872754796589 -0.008829824677370323 0.030977950530933919 -0.048806750890123186 -0.010614566810748616 0 0 0 0 0 0 0 0 0 0 0 0 0 0 0 0 0 0 0 0 0 0 0 0 0 0 0 0 0 0 0 0 0 0 0 0 0 0 0 0 0 0 0 0 0 0 0 0 0 0 0 0 0 0 0 0 0 0 0 0 0 0 0 0 0 0 0 0 0 0 0 0 0 0 0 0 0 0 0 0 0 0 0 0 0 0 0 0 0 0 0 0 0 0 0 0 0 0 0 0 
3.586532552372178e-06 0.0077630053119084989 0.00010537360475842099 -6.7482035352317005e-08 -3.6248901618606168e-06 -0.007797064681386693 -0.00021355974114827805 1.122887975566108e-07 3.6699189148904493e-06 0.0078646575194341317 0.00032668153569552694 -1.6606588178207936e-07 -3.6593356028901965e-06 -0.0079676745941877486 -0.00044753034549739975 1.6502494725365945e-07 3.731501299192669e-06 0.0081081069830278383 0.00057867723997222253 -2.3066465895487545e-07 -3.8640561256045587e-06 -0.0082895223466838697 -0.00072354530046711942 2.3075792143638064e-07 4.0084296258516787e-06 0.0085168566947208084 0.00088684372791099592 -3.0163176840094817e-07 -4.195106060970019e-06 -0.00879629678782534 -0.0010742993741259827 1.5157573795941316e-07 4.282248949170101e-06 0.0091357791245392367 0.0012931579466479571 -1.1283133480898779e-07 -4.5183615457844283e-06 -0.0095462442109793943 -0.0015534943881847431 7.4087775468861574e-08 4.7812636407862843e-06 0.010042218950069445 0.0018692823002967398 3.1395956474809544e-08 -5.1504101676050238e-06 -0.010643492238600859 -0.0022601566230129946 -2.6175484531867436e-07 5.7126642472707185e-06 0.011377704687988171 0.0027546344020517011 5.8124536299554001e-07 -6.6822113765415428e-06 -0.012284673572029262 -0.0033962647156161483 -1.2134305372171695e-06 7.5310788911209592e-06 0.013423012114113732 0.0042551075137086114 2.1812953182566187e-06 -8.7145530379399111e-06 -0.014884688405229595 -0.0054453206386621171 -3.7327531480298947e-06 1.0114090593553272e-05 0.01682323662119338 0.0071663768394237531 5.0995079776027957e-06 -9.9401185938149794e-06 -0.0195207500801537 -0.0097892694779151239 6.7050887738793663e-07 -9.410548921370265e-06 0.023575623990317596 0.01401546682661807 -8.9845751544865868e-05 0.00037893216858660064 -0.030591058062993687 -0.021537441808725317 0.0014865204778448065 -0.0050340259720233977 0.044511327117565849 0.044833161899485316 -0.014936911664979832 0.037780960644869355 -0.061138397966202671 -0.25972476463433219 0.079105389193860509 0.36997631861845609 -4.1348757768226511e-17 -0.23312094526206656 -0.15233500915979026 0.098346978651630099 0.18551982731782307 -0.061036696259796519 -0.0088775984186378019 0.052659556440142793 -0.09552444189283496 -0.016358176989580666 0.086563414932937191 0 0 0 0 0 0 0 0 0 0 0 0 0 0 0 0 0 0 0 0 0 0 0 0 0 0 0 0 0 0 0 0 0 0 0 0 0 0 0 0 0 0 0 0 0 0 0 0 0 0 0 0 0 0 0 0 0 0 0 0 0 0 0 0 0 0 0 0 0 0 0 0 0 0 0 0 0 0 0 0 0 0 0 0 0 0 0 0 0 0 0 0 0 0 0 0 0 0 0 0 
-0.0064014188635364106 -1.1440741221592219e-05 5.3633789555753436e-08 0.00010717129252909095 0.0064283620144385597 1.1479090855348777e-05 -9.0226211568127207e-08 -0.00021722054791585322 -0.006481664409644091 -1.1585322201235381e-05 1.3769980948250471e-07 0.00033232279287339836 0.0065626865646930934 1.1816281221744927e-05 -1.3275416138937117e-07 -0.00045533266926811063 -0.006672751620467543 -1.2062306089480045e-05 1.9250667393647616e-07 0.00058893045774796365 0.0068143721813282137 1.2341094634004771e-05 -2.0881205230381029e-07 -0.00073665991934934835 -0.0069910444832942615 -1.2717453826575444e-05 3.2788103737604906e-07 0.00090339877462210867 0.0072070131390988444 1.3176696986722912e-05 -2.5602628950256914e-07 -0.0010951265433516283 -0.0074675195525549078 -1.3886567184364651e-05 3.6068831759568806e-07 0.0013194559165454871 0.0077797420101421285 1.4625663282369073e-05 -5.7550577793727174e-07 -0.0015870228414312955 -0.0081528427833385264 -1.5560544828634743e-05 9.0646908672824929e-07 0.0019127054132988871 0.0085987380689731829 1.6671946214487612e-05 -1.3983305992378129e-06 -0.0023176534326824721 -0.0091331614415123379 -1.7961458608431443e-05 2.2663420522921458e-06 0.0028330444606338655 0.0097772827678355937 1.9410878674062965e-05 -3.4175414494069386e-06 -0.0035070899703673821 -0.010558717439796273 -2.1632439008112075e-05 5.362589970899726e-06 0.0044191265854109903 0.011513150896252114 2.4523562131287118e-05 -8.0332604077756881e-06 -0.005703746344077042 -0.012684242904542656 -2.8073571622429458e-05 1.0720372963404683e-05 0.0076120278576908406 0.014110178245710382 3.0376418687885491e-05 -6.0435539022874041e-06 -0.010670803346646092 -0.015727361316654968 -1.1453610726381624e-05 -9.5804634655679199e-05 0.016236257195804359 0.016803038856388564 -0.00041670982794799556 0.0017355772245525832 -0.028589355277395936 -0.014303763310517404 0.005892197124237079 -0.017568162683906242 0.058271721240896149 0.015914599861056238 -0.044410588963768857 0.092930347714504563 -0.092674334419108426 -0.23312094526206656 0.15233500915979026 0.32251786001562721 1.3017204918343502e-17 -0.2443534926922506 -0.11226754506430278 -0.014836739559584474 0.10970448953777476 0.089665842917208666 -0.065351375298366557 0.10829388744777566 -0.072442468398970825 0 0 0 0 0 0 0 0 0 0 0 0 0 0 0 0 0 0 0 0 0 0 0 0 0 0 0 0 0 0 0 0 0 0 0 0 0 0 0 0 0 0 0 0 0 0 0 0 0 0 0 0 0 0 0 0 0 0 0 0 0 0 0 0 0 0 0 0 0 0 0 0 0 0 0 0 0 0 0 0 0 0 0 0 0 0 0 0 0 0 0 0 0 0 0 0 0 0 0 0 
-3.2793925915024593e-05 -0.020297612849691608 5.1145683628437949e-05 -1.9563183440162527e-07 3.2957754819474628e-05 0.020385901546801123 -0.00010375227830517817 4.8294987504487987e-07 -3.3238362042767127e-05 -0.020561042580399185 0.0001587997789130617 -7.8514054763103544e-07 3.3453927847477527e-05 0.020827894354087082 -0.00021742545449452685 1.0957482551647671e-06 -3.4053800797840942e-05 -0.021191283326012077 0.00028133001507910527 -1.2562101559915635e-06 3.4826600986439388e-05 0.021660346603358534 -0.00035219192537378001 1.62698820934049e-06 -3.5881754550593425e-05 -0.022247697711008728 0.00043216471150707805 -1.9927048653853557e-06 3.6890305067563205e-05 0.022968689614037939 -0.00052449472238752135 2.7415565142580094e-06 -3.8398197572285498e-05 -0.023843255862944616 0.00063309792592367714 -3.1693059459265077e-06 4.0321342371280912e-05 0.024898850361324609 -0.00076342941545284805 3.7791154673931396e-06 -4.2544898191580727e-05 -0.026171754543273962 0.00092309599362115408 -4.5413362897886011e-06 4.5203060566069745e-05 0.027710799576114244 -0.0011232240925829686 5.5566391287276563e-06 -4.8534199591279356e-05 -0.029583492510670446 0.0013806820820619857 -6.9783980179976971e-06 5.2586540944269712e-05 0.031885709237881407 -0.001722521220949221 9.2694652205373412e-06 -5.7701817651251023e-05 -0.034758347016761358 0.0021933975631277763 -1.2391196570594705e-05 6.4234940064961782e-05 0.038416229325251426 -0.0028729043379360818 1.6753264088723322e-05 -7.2832670757614487e-05 -0.04320949165156493 0.003917455556073114 -2.2370623371922459e-05 8.3017099351622966e-05 0.049756796749849702 -0.005679886535458231 2.5200991710653338e-05 -8.4115594183752497e-05 -0.059301632578033031 0.0091454305915230349 2.908057833178471e-05 -0.00017518328426157801 0.074969840715646746 -0.017707658339362779 -0.0010895076574491068 0.0037475372687904101 -0.10562259819680606 0.039572250585689306 0.01147187825458317 -0.02896047542039076 0.16373079328200962 -0.05108061012228915 -0.06057202734377768 0.098346978651630099 -0.18551982731782307 -0.2443534926922506 0.11226754506430278 0.4348354581133082 -5.5185890579512176e-17 -0.18444470595346221 0.02149527466297093 -0.054564494448661016 0.047387271493853363 -0.058198104220044039 -0.11939867863489866 0 0 0 0 0 0 0 0 0 0 0 0 0 0 0 0 0 0 0 0 0 0 0 0 0 0 0 0 0 0 0 0 0 0 0 0 0 0 0 0 0 0 0 0 0 0 0 0 0 0 0 0 0 0 0 0 0 0 0 0 0 0 0 0 0 0 0 0 0 0 0 0 0 0 0 0 0 0 0 0 0 0 0 0 0 0 0 0 0 0 0 0 0 0 0 0 0 0 0 0 
-0.0020464837578599124 7.7803068020220519e-05 -6.7429660265392024e-07 -0.00010971825135293686 0.0020563641625815049 -7.8135329941928389e-05 1.381999211475489e-06 0.00022239999264350935 -0.0020761188946837473 7.8803314019639404e-05 -2.1279756721232345e-06 -0.00034022844389136381 0.0021064201824873095 -7.9801447015826485e-05 2.8673112211370216e-06 0.00046601283881603982 -0.0021479820772617752 8.1213275839671101e-05 -3.6539002640717462e-06 -0.00060260255636531627 0.002202115684458376 -8.2999956789698301e-05 4.5414484030103429e-06 0.00075354607642085479 -0.0022705999250261749 8.5290620056535432e-05 -5.5964851380795218e-06 -0.00092366893975747799 0.0023556383827349689 -8.7990488030143237e-05 6.7236866808333801e-06 0.0011190693830295335 -0.0024603388980024917 9.1497303051673012e-05 -8.0117258749358032e-06 -0.0013473739054320453 0.0025890130379571477 -9.5657288364221467e-05 9.6173013548508089e-06 0.001619173112698986 -0.0027476635474949366 0.000100666186387946 -1.1572864805118959e-05 -0.001949160682541861 0.0029447523394163858 -0.00010667417449548573 1.3998015852852977e-05 0.0023580978061633817 -0.0031925976211228217 0.00011393081210581417 -1.7191020638078816e-05 -0.0028763136545658522 0.003509519672446722 -0.00012266155028740986 2.1234285072550927e-05 0.0035503005437012704 -0.0039250607590104389 0.00013397769670984386 -2.6818449867450542e-05 -0.0044554668962223602 0.0044889016412380158 -0.00014852389328903369 3.4509725987466057e-05 0.0057168070544342271 -0.0052908112475683819 0.00016788419423216473 -4.5863458610050046e-05 -0.0075596928600605868 0.0065085178227648208 -0.00019480940877564549 6.5201505084451668e-05 0.010430456595974224 -0.0085496093537889319 0.00023805937992824912 -0.00010489214147237557 -0.015368636114621597 0.012583347537086495 -0.00032047884085396362 0.00021969517495697231 0.025290133415285486 -0.022458565244046803 0.00060433607146660653 -0.00084690115347452362 -0.048671124705118252 0.046476434439121042 -0.0021684267295922393 0.004261695662845932 0.095447872754796589 -0.061036696259796519 0.0088775984186378019 -0.014836739559584474 -0.10970448953777476 -0.18444470595346221 -0.02149527466297093 0.52370555106164463 2.2551405187698492e-17 -0.40658728110903375 0.021987550391818753 -0.091335434029133578 0.094106507822572086 0 0 0 0 0 0 0 0 0 0 0 0 0 0 0 0 0 0 0 0 0 0 0 0 0 0 0 0 0 0 0 0 0 0 0 0 0 0 0 0 0 0 0 0 0 0 0 0 0 0 0 0 0 0 0 0 0 0 0 0 0 0 0 0 0 0 0 0 0 0 0 0 0 0 0 0 0 0 0 0 0 0 0 0 0 0 0 0 0 0 0 0 0 0 0 0 0 0 0 0 
0.00015743954405426095 0.020153769743748724 -4.0892034270607085e-05 1.2431671927064704e-06 -0.00015814153114203063 -0.020239806625414903 8.294472002234067e-05 -2.6061527786669238e-06 0.00015948710320870269 0.0204102429630818 -0.0001268980625141254 4.0322420046065607e-06 -0.0001613229947250946 -0.020669624726812722 0.00017357222463319912 -5.5474842893142627e-06 0.00016413056225128087 0.021022279507614938 -0.00022432849924549058 7.0124936922612916e-06 -0.00016776050573158452 -0.021476679563504953 0.00028039215097092448 -8.8234769442814543e-06 0.00017239453188512338 0.022044543956471253 -0.0003432849722148972 1.0779789871087749e-05 -0.00017778188265778292 -0.022739900611766846 0.00041543079592247083 -1.339040724232965e-05 0.00018459988921478701 0.023580714870716724 -0.00049960982620621589 1.5928015321316173e-05 -0.00019295336380294528 -0.024591689240127251 0.0005995955706281042 -1.9001675604066418e-05 0.00020292707903159105 0.025804971205060818 -0.00072044458923189807 2.2674965855995233e-05 -0.00021496281449902635 -0.027263028110668424 0.00086928431001063468 -2.7201415209669631e-05 0.00022972139983288599 0.029023362391130011 -0.0010564024635760162 3.29337794691795e-05 -0.00024773843569971758 -0.031165734306012445 0.0012978602146707554 -4.0911482472264494e-05 0.00027038519381023234 0.033803507812435046 -0.0016180911504942842 5.1375569547318869e-05 -0.00029926640448227782 -0.037099634942485853 0.0020563208961303539 -6.6011554070266815e-05 0.00033777071736078388 0.041301754577458626 -0.0026782188998601274 8.8120460638382598e-05 -0.00039259626341108488 -0.046801784576990406 0.0035997348005985625 -0.00012737420589016825 0.000482228403508346 0.054253181075058041 -0.0050077470168352111 0.00022821517780594397 -0.00075662533185707169 -0.064702655461793948 0.0069229528983195121 -0.00087807091405466648 0.0027274163675879634 0.079254830235760187 -0.0070626205614939229 0.0061326481090992662 -0.015403665473338886 -0.095378130872929304 -0.008829824677370323 -0.030977950530933919 0.052659556440142793 0.09552444189283496 0.089665842917208666 0.065351375298366557 -0.054564494448661016 -0.047387271493853363 -0.40658728110903375 -0.021987550391818753 0.50894941596819199 2.7755575615628914e-17 -0.087290448243741756 0.092545551215727495 0 0 0 0 0 0 0 0 0 0 0 0 0 0 0 0 0 0 0 0 0 0 0 0 0 0 0 0 0 0 0 0 0 0 0 0 0 0 0 0 0 0 0 0 0 0 0 0 0 0 0 0 0 0 0 0 0 0 0 0 0 0 0 0 0 0 0 0 0 0 0 0 0 0 0 0 0 0 0 0 0 0 0 0 0 0 0 0 0 0 0 0 0 0 0 0 0 0 0 0 
-0.0079000783663260611 -0.0013513854899106796 1.0154346408567468e-05 -4.8637922335338247e-05 0.0079343819697116295 0.0013572795904587538 -2.055178583254531e-05 9.8620785967955068e-05 -0.0080024234809462878 -0.0013689897396068969 3.1422891092432574e-05 -0.00015089108703152161 0.0081060743884593771 0.0013869198645353521 -4.3036694057315634e-05 0.00020661774769407696 -0.008247213081234106 -0.001411214894152326 5.5728506090127223e-05 -0.00026717823520310127 0.0084293630776731878 0.0014425951702713687 -6.968783783570824e-05 0.00033415829781094033 -0.0086574222155178428 -0.0014818582987377558 8.542749226287412e-05 -0.00040961926061568161 0.0089372661874594951 0.0015302137741182403 -0.00010342058608440466 0.00049638434538461142 -0.0092766424155111219 -0.0015887330540331548 0.00012465263888594903 -0.00059784907674357039 0.0096861213861819378 0.0016593993229533101 -0.00014991751827336889 0.00071881616770931198 -0.010179684601529231 -0.0017447382716891608 0.00018064247751544446 -0.00086586529946498716 0.010776108451125871 0.0018480789590166415 -0.00021878285344669371 0.0010483783720277274 -0.011501293901934936 -0.0019740141741075509 0.00026718847936572129 -0.0012801684529411118 0.012391863684882128 0.0021292669640027239 -0.00033026969388042578 0.0015827065838867841 -0.013501735651698966 -0.0023234806972017821 0.0004155108221335912 -0.0019906649432510758 0.014912440040868464 0.0025719990556684873 -0.00053557675126959478 0.0025624843052143849 -0.016756147597898674 -0.0029001473735731286 0.00071455427954205536 -0.0034054916279187288 0.019263866681452149 0.0033548951614874255 -0.0010057238319571094 0.0047396848954647918 -0.022893293707852549 -0.0040414800103086663 0.001578564041756862 -0.0071010035364096752 0.028724084418014197 0.0053558286069972684 -0.0033456035312006741 0.011831350028416987 -0.038801000555016743 -0.0097560944699504239 0.012234556397671625 -0.019641910756496829 0.04906290068818208 0.029841963404011275 -0.048806750890123186 0.010614566810748616 -0.016358176989580666 -0.086563414932937191 0.10829388744777566 0.072442468398970825 -0.058198104220044039 0.11939867863489866 -0.091335434029133578 -0.094106507822572086 -0.087290448243741756 -0.092545551215727495 0.90095497963500504 0 0 0 0 0 0 0 0 0 0 0 0 0 0 0 0 0 0 0 0 0 0 0 0 0 0 0 0 0 0 0 0 0 0 0 0 0 0 0 0 0 0 0 0 0 0 0 0 0 0 0 0 0 0 0 0 0 0 0 0 0 0 0 0 0 0 0 0 0 0 0 0 0 0 0 0 0 0 0 0 0 0 0 0 0 0 0 0 0 0 0 0 0 0 0 0 0 0 0 0 0 
0 -0 0 -0 0 -0 0 -0 0 -0 0 -0 0 -0 0 -0 0 -0 0 -0 0 -0 0 -0 0 -0 0 -0 0 -0 0 -0 0 -0 0 -0 0 -0 0 -0 0 -0 0 -0 0 -0 0 -0 0 -0 0 -0 0 -0 0 -0 0 -0 0 -0 0 -0 0 -0 0 -0 0 -0 0 -0 0 -0 0 -0 0 -0 0 -0 0 -0 0 -0 0 -0 0 -0 0 -0 0 -0 0 -0 0 -0 0 -0 0 -0 0 -0 0.90097086515653169 5.5511151231257827e-17 -0.087275491455123672 -0.092539174196557536 -0.091319242473765383 -0.094107689656410531 -0.058193332545414214 0.11938500967040218 0.10829629922250308 0.072435446402735665 -0.016351918104052319 -0.0865706425664928 -0.048814082745823981 0.010605301312272178 0.049049877987407092 0.029843347646108815 0.012234509319876338 -0.019633962238199815 -0.038793118623720084 -0.0097535663311867724 -0.003344294955794528 0.011827663234284594 0.028719352131271154 0.0053534548082226205 0.0015775368169213145 -0.0070992576964610211 -0.022889886030313653 -0.0040398195865573392 -0.0010051722830028017 0.004738613541730133 0.019261148050647381 0.0033534235167888473 0.00071413961222355053 -0.0034047013022685561 -0.016753860433838526 -0.0028988851784927387 -0.00053538983368602467 0.0025617994889564006 0.014910480924335067 0.0025708538634249432 0.00041536582190126824 -0.001990126431465952 -0.013499946090779575 -0.0023224900108525753 -0.00033005133040992277 0.0015823216500641798 0.01239025007874626 0.0021283254381646499 0.00026681591589915258 -0.0012798487894479314 -0.011499726371247741 -0.0019733431916833521 -0.00021853003482413791 0.0010481351061417882 0.010774662213123648 0.0018474082073602995 0.00018052731540809666 -0.00086566298818131901 -0.010178333676031683 -0.0017440780088759909 -0.00014991333003122064 0.00071863386470734727 0.0096848510409594663 0.0016586962608721547 0.00012472961758533128 -0.0005976851379566701 -0.0092754397734701229 -0.0015879242483951644 -0.00010362643450558478 0.00049621928480167205 0.0089361209686264348 0.0015293563500446907 8.543961248585776e-05 -0.00040950756888197851 -0.0086562775212937169 -0.0014812200737005781 -6.9678121634712576e-05 0.00033407779836694873 0.0084282419217998183 0.0014419249816632967 5.571452602371302e-05 -0.00026710833545996076 -0.008246113509662395 -0.0014105893680905581 -4.3140407030262424e-05 0.00020654344731485907 0.0081049808748861508 0.0013863089589645199 3.1512388431597047e-05 -0.00015083630285319148 -0.0080013271489100292 -0.0013685659568885848 -2.0587761585713935e-05 9.8579800377105635e-05 0.0079332735253966266 0.0013568708948895945 1.0143890319960667e-05 -4.8637919673968893e-05 -0.007898976189296858 -0.0013509728584271241 
0 -0 0 -0 0 -0 0 -0 0 -0 0 -0 0 -0 0 -0 0 -0 0 -0 0 -0 0 -0 0 -0 0 -0 0 -0 0 -0 0 -0 0 -0 0 -0 0 -0 0 -0 0 -0 0 -0 0 -0 0 -0 0 -0 0 -0 0 -0 0 -0 0 -0 0 -0 0 -0 0 -0 0 -0 0 -0 0 -0 0 -0 0 -0 0 -0 0 -0 0 -0 0 -0 0 -0 0 -0 0 -0 0 -0 0 -0 0 -0 0 -0 0 -0 -0.087275491455123672 0.092539174196557536 0.50894670798923514 -3.7296554733501353e-17 -0.40659061834479143 -0.021982790532120763 -0.054560608035973776 -0.04738292203613987 0.089669916552005818 0.065351081710534303 0.052660990905413332 0.095524248465565412 -0.0088286090722916339 -0.03097951981882191 -0.015404191506717442 -0.095380674032816887 -0.0070642556988955718 0.0061326848987958028 0.0027269079856474992 0.079256617278674071 0.0069237736096971194 -0.000877787039705386 -0.00075603038274297044 -0.064703695446909973 -0.0050083260366022894 0.00022780556371575206 0.00048209658104002024 0.05425378039441147 0.0036000462319195378 -0.00012675509838716226 -0.00039235228822646727 -0.046802409835933131 -0.002678371016819555 8.7962403631619118e-05 0.00033765487174802083 0.041302289846282952 0.0020563806311832749 -6.5750817159691244e-05 -0.00029898103786261309 -0.037100111761577362 -0.0016182277196586455 5.1288300831745881e-05 0.00026986593622558934 0.033803862333316705 0.0012980101977427278 -4.1058204119386336e-05 -0.00024732415090832907 -0.031166137586246298 -0.0010564808097046198 3.3739525702872642e-05 0.00022923382664243782 0.029023628448966606 0.00086936812700698926 -2.7523589511193029e-05 -0.00021474211933293952 -0.027263311236191069 -0.00072054276943711722 2.2657411662297922e-05 0.00020279924209818721 0.025805271801989531 0.00059968843561570759 -1.8724700651402815e-05 -0.00019295980192030919 -0.024591977024895215 -0.00049970130850240631 1.5496414070070138e-05 0.00018487936825102182 0.023580963605691257 0.00041550298643766847 -1.275954771467373e-05 -0.00017807287317623399 -0.022740124893610242 -0.00034334321405840649 1.0802993677616809e-05 0.00017226228199205269 0.022044758706020351 0.00028046294163416332 -8.8588949065422289e-06 -0.00016774876416211028 -0.021476849768953359 -0.00022436902948148144 7.1026376294650401e-06 0.00016407931807027533 0.021022448944726178 0.00017360790658497996 -5.3710292978814595e-06 -0.00016123572929469909 -0.020669756626130149 -0.00012692814811374859 3.9261578431700404e-06 0.00015895060070851146 0.020410412818525864 8.2945825483192394e-05 -2.5818501084342417e-06 -0.00015757405170300655 -0.02023992542105145 -4.0927851826664513e-05 1.3060285662275918e-06 0.00015690030453608146 0.020153893076855445 
0 -0 0 -0 0 -0 0 -0 0 -0 0 -0 0 -0 0 -0 0 -0 0 -0 0 -0 0 -0 0 -0 0 -0 0 -0 0 -0 0 -0 0 -0 0 -0 0 -0 0 -0 0 -0 0 -0 0 -0 0 -0 0 -0 0 -0 0 -0 0 -0 0 -0 0 -0 0 -0 0 -0 0 -0 0 -0 0 -0 0 -0 0 -0 0 -0 0 -0 0 -0 0 -0 0 -0 0 -0 0 -0 0 -0 0 -0 0 -0 0 -0 0 -0 -0.091319242473765383 0.094107689656410531 -0.40659061834479143 0.021982790532120763 0.52369733103929217 3.4694469519536142e-18 -0.18444635981090482 -0.021487746189471208 -0.014834176366082134 -0.10970171602863207 -0.061037177628150946 0.008878223773320551 0.0042632663192598251 0.095449344079235235 0.046479265147060134 -0.0021692014699285713 -0.00084715339725466505 -0.048672924058762626 -0.0224605630201276 0.00060410894272446773 0.00021958361451973439 0.025290937953220863 0.012584734976122391 -0.00031994915922614169 -0.00010499069048600775 -0.015368960395920081 -0.0085503910992156228 0.00023763758025400607 6.4975850017133632e-05 0.010430888811646475 0.0065091012235751877 -0.00019499078113660429 -4.5737042144578706e-05 -0.00755995333740417 -0.0052913027625552354 0.00016781177471346368 3.4132897115270266e-05 0.0057170020185341574 0.0044894473069038397 -0.00014865865647185119 -2.6487431863896358e-05 -0.0044555874830213673 -0.0039255363035561354 0.00013417115285369339 2.1175936616915e-05 0.0035504556127552351 0.0035099146424459383 -0.00012291542678412486 -1.7122747250326015e-05 -0.0028763613638014955 -0.0031929832659186954 0.00011353498621676232 1.4145769572780541e-05 0.0023581989776972324 0.00294511926529241 -0.00010621147460399425 -1.1698929397658359e-05 -0.0019492657609883975 -0.0027480001291068233 0.00010025447859649534 9.7082473314794269e-06 0.0016192559231777736 0.0025893260478855561 -9.5377054519040099e-05 -8.0550563157523306e-06 -0.0013474350112251316 -0.0024606265613538341 9.1355629675049347e-05 6.6135548525893636e-06 0.0011191206480896832 0.0023559146834448057 -8.8076900366810325e-05 -5.4104523065514037e-06 -0.00092370912816708219 -0.0022708740045235811 8.5212773095376924e-05 4.4367066350418899e-06 0.0007535710312006552 0.0022023762524509428 -8.2934558604544744e-05 -3.5226341459959956e-06 -0.00060262339053744119 -0.0021482436778853769 8.1092713435602888e-05 2.6847125332634242e-06 0.00046602912679939842 0.0021066773197209602 -7.9696809526013474e-05 -1.9285469196874239e-06 -0.0003402463438634298 -0.002076376111289727 7.8641550072971285e-05 1.26738591761847e-06 0.00022240375682139508 0.0020566160839456753 -7.796266460308037e-05 -6.3110687850915526e-07 -0.00010972607461312903 -0.0020467309835885961 7.7617436905153385e-05 
0 -0 0 -0 0 -0 0 -0 0 -0 0 -0 0 -0 0 -0 0 -0 0 -0 0 -0 0 -0 0 -0 0 -0 0 -0 0 -0 0 -0 0 -0 0 -0 0 -0 0 -0 0 -0 0 -0 0 -0 0 -0 0 -0 0 -0 0 -0 0 -0 0 -0 0 -0 0 -0 0 -0 0 -0 0 -0 0 -0 0 -0 0 -0 0 -0 0 -0 0 -0 0 -0 0 -0 0 -0 0 -0 0 -0 0 -0 0 -0 0 -0 0 -0 -0.058193332545414214 -0.11938500967040218 -0.054560608035973776 0.04738292203613987 -0.18444635981090482 0.021487746189471208 0.43482860538123741 -1.1839487723541708e-16 -0.24435512243837984 0.11227011577655054 0.098346406496725061 -0.18552063449045655 -0.051082033113677101 -0.060570679759243518 -0.02895966700649389 0.16373339055933969 0.039573949714187151 0.011471645312740662 0.003747655145273828 -0.10562437589300756 -0.017708572326250605 -0.0010897704670053726 -0.00017544401789568024 0.07497103386899355 0.0091456612128242593 2.9258311805258777e-05 -8.3638909230231986e-05 -0.059302645405395954 -0.0056801911849882741 2.5218957065824854e-05 8.2766303884022248e-05 0.049757417836147066 0.0039177237537986482 -2.2198557297394478e-05 -7.265457455551105e-05 -0.043210008848011489 -0.0028730626208256995 1.655930459593867e-05 6.4168825846053136e-05 0.038416696595342914 0.002193537937525952 -1.2225529060011772e-05 -5.7537253983166124e-05 -0.034758727666465969 -0.0017226522760505211 9.2137357382864736e-06 5.2415842927932565e-05 0.031886095992759919 0.0013807538004770191 -7.2702711142252037e-06 -4.8318367351969177e-05 -0.029583783790670434 -0.0011233009989973287 5.5945034741570459e-06 4.5124427014257826e-05 0.027711096351657159 0.00092318016702626967 -4.3735484806063073e-06 -4.2483075376355114e-05 -0.02617205321434293 -0.00076350700739462362 3.4326673775786187e-06 4.0355463605627021e-05 0.024899131192996801 0.00063317474232722055 -2.6933583335006179e-06 -3.8681336069645682e-05 -0.023843498787196934 -0.00052455518946151441 2.0662949900445559e-06 3.7207981924018398e-05 0.022968908973698406 0.0004322179044638443 -1.9067698052833547e-06 -3.5800667439359907e-05 -0.022247902594534776 -0.0003522588186447415 1.57839757636377e-06 3.4866193470420621e-05 0.021660510217279352 0.00028136865004194827 -1.2579919997733029e-06 -3.4059196916580007e-05 -0.0211914470163743 -0.00021745754521116346 8.3864874781276243e-07 3.3440872276389633e-05 0.020828021065049527 0.00015882665476037373 -6.0702083107420447e-07 -3.279219577472924e-05 -0.020561203479739183 -0.00010375084294494142 4.108762935116352e-07 3.2489339153063611e-05 0.020386011305137085 5.1181090041691656e-05 -2.3457413471461163e-07 -3.2355906933166429e-05 -0.020297726518580493 
0 -0 0 -0 0 -0 0 -0 0 -0 0 -0 0 -0 0 -0 0 -0 0 -0 0 -0 0 -0 0 -0 0 -0 0 -0 0 -0 0 -0 0 -0 0 -0 0 -0 0 -0 0 -0 0 -0 0 -0 0 -0 0 -0 0 -0 0 -0 0 -0 0 -0 0 -0 0 -0 0 -0 0 -0 0 -0 0 -0 0 -0 0 -0 0 -0 0 -0 0 -0 0 -0 0 -0 0 -0 0 -0 0 -0 0 -0 0 -0 0 -0 0 -0 0.10829629922250308 -0.072435446402735665 0.089669916552005818 -0.065351081710534303 -0.014834176366082134 0.10970171602863207 -0.24435512243837984 -0.11227011577655054 0.32251757021385569 -1.562945194273635e-17 -0.23311982837543815 0.15233386086797929 0.09292892280316925 -0.092675501630619744 0.015912757678279984 -0.044409765963822956 -0.017567748961624746 0.058272806091948237 -0.014302565001854008 0.0058921588769799372 0.0017355378738445188 -0.028589938875965979 0.016802358265351616 -0.00041678208131188939 -9.5844352512992767e-05 0.016236528154376172 -0.015726766818330986 -1.1319672002074088e-05 -6.0253644553077155e-06 -0.010670984288667126 0.014109782379912846 3.0410087305723478e-05 1.0742087322314598e-05 0.007612210528652707 -0.012683906119204441 -2.8139444190653565e-05 -7.9297445070300716e-06 -0.0057037895709815007 0.011512772571073004 2.4666612845535723e-05 5.2227758967276056e-06 0.004419084357896748 -0.010558381313005813 -2.1835691063552405e-05 -3.443694288023809e-06 -0.0035070922062467114 0.0097770236310208807 1.9693960894735555e-05 2.1589312122373961e-06 0.002832978597862273 -0.0091328918208423964 -1.7650170704391309e-05 -1.5483270757127489e-06 -0.0023176497054102174 0.008598489402877359 1.6267179686097583e-05 1.0859063812018425e-06 0.0019127105174466604 -0.0081526240386915749 -1.5219058800288741e-05 -7.85957194520814e-07 -0.0015870150107076539 0.007779538658483358 1.4396939704090294e-05 5.7915663612581164e-07 0.0013194332667755262 -0.007467326598051406 -1.3715723613443423e-05 -3.9284878527282239e-07 -0.0010951070965499958 0.0072068217019540916 1.3256830406249946e-05 1.4057910508600827e-07 0.00090337936835377939 -0.0069908519395537666 -1.2780623533245461e-05 -1.0291375427682179e-07 -0.00073662529396233134 0.006814177994405899 1.2370435981258821e-05 3.9458111683871651e-08 0.00058890994531339731 -0.0066725571878837155 -1.204500249141883e-05 -3.3992111031425237e-08 -0.00045531483192490772 0.0065624817516508147 1.1827773455204869e-05 -1.4084492370877122e-08 0.00033231508324439837 -0.0064814758806311656 -1.1717679051928267e-05 8.8611205450585126e-09 -0.00021721461290575967 0.0064281577900111402 1.1609199905421216e-05 -1.1721813678080031e-08 0.00010716000252363951 -0.0064012218259038526 -1.1542904223723091e-05 
0 -0 0 -0 0 -0 0 -0 0 -0 0 -0 0 -0 0 -0 0 -0 0 -0 0 -0 0 -0 0 -0 0 -0 0 -0 0 -0 0 -0 0 -0 0 -0 0 -0 0 -0 0 -0 0 -0 0 -0 0 -0 0 -0 0 -0 0 -0 0 -0 0 -0 0 -0 0 -0 0 -0 0 -0 0 -0 0 -0 0 -0 0 -0 0 -0 0 -0 0 -0 0 -0 0 -0 0 -0 0 -0 0 -0 0 -0 0 -0 0 -0 0 -0 -0.016351918104052319 0.0865706425664928 0.052660990905413332 -0.095524248465565412 -0.061037177628150946 -0.008878223773320551 0.098346406496725061 0.18552063449045655 -0.23311982837543815 -0.15233386086797929 0.36997777021935568 1.4311442207029057e-17 -0.25972437874253745 0.079104219310464755 0.037780304669286689 -0.061139308825530328 0.04483257921682051 -0.014936639288292027 -0.0050340055891706405 0.044512046053059619 -0.021537125455268123 0.0014865749789825472 0.00037899186407908142 -0.03059152621043729 0.01401524364766211 -8.9919302577661864e-05 -9.6411952496361083e-06 0.023575874384944545 -0.0097890211580466888 5.2492515908852325e-07 -9.7718409050399772e-06 -0.019520933167167909 0.0071661431042431998 4.9859412836595065e-06 1.0103940013074631e-05 0.016823416772183009 -0.0054452028792889027 -3.8077503010477543e-06 -8.6722639850946662e-06 -0.014884811027738976 0.0042550488993893338 2.2649605680895102e-06 7.439141786028508e-06 0.013423178090450944 -0.0033962975569003409 -1.1085943093986153e-06 -6.4042322153176112e-06 -0.012284866771972816 0.0027546038037708359 4.5396847600116659e-07 6.0507512689168704e-06 0.011377879335316816 -0.0022601920399244321 -2.2491302155903193e-08 -5.5049319317190949e-06 -0.010643656395695972 0.0018693298495312254 -1.5587884897176662e-07 5.0253769874810239e-06 0.010042383446312605 -0.0015535265437753461 2.5209196890905076e-07 -4.6283193807065235e-06 -0.0095464025777778141 0.001293170405664358 -2.9731066985241293e-07 4.3296870049091112e-06 0.0091359312471213875 -0.0010743088972526718 2.6916062428629057e-07 -3.9982915508363853e-06 -0.0087964363943307568 0.0008868475394354984 -1.1117914735384121e-07 3.8356818722933282e-06 0.0085169825191018008 -0.00072352839277348494 1.187015671170629e-07 -3.734780517241707e-06 -0.0082896377844886397 0.0005786715345267074 -8.1292205381343683e-08 3.6565999360317278e-06 0.0081082160052067739 -0.00044752397783056052 8.9354954771490327e-08 -3.5670706832567875e-06 -0.0079677658385124001 0.00032668277848419368 -3.4725570187324828e-08 3.4444853144449601e-06 0.0078647628863501694 -0.00021356100967396294 2.5429353257312849e-08 -3.4078698329230709e-06 -0.007797148582656269 0.00010536366622009022 -4.1237807321895679e-09 3.4025750420868464e-06 0.007763095132460698 
0 -0 0 -0 0 -0 0 -0 0 -0 0 -0 0 -0 0 -0 0 -0 0 -0 0 -0 0 -0 0 -0 0 -0 0 -0 0 -0 0 -0 0 -0 0 -0 0 -0 0 -0 0 -0 0 -0 0 -0 0 -0 0 -0 0 -0 0 -0 0 -0 0 -0 0 -0 0 -0 0 -0 0 -0 0 -0 0 -0 0 -0 0 -0 0 -0 0 -0 0 -0 0 -0 0 -0 0 -0 0 -0 0 -0 0 -0 0 -0 0 -0 0 -0 -0.048814082745823981 -0.010605301312272178 -0.0088286090722916339 0.03097951981882191 0.0042632663192598251 -0.095449344079235235 -0.051082033113677101 0.060570679759243518 0.09292892280316925 0.092675501630619744 -0.25972437874253745 -0.079104219310464755 0.45193615465695658 -1.3874399688950137e-17 -0.32377111794712943 0.02294531071934848 0.0090685250886295334 -0.013979898701235959 0.11118094260608857 -0.0030608928720564674 -0.00090463524960354171 0.0081846071535829294 -0.071953611276009716 0.00023489109160713928 5.6323236455738828e-05 -0.0046740649031070539 0.054781542770980976 -9.7857179210442857e-06 -1.6160185793533491e-06 0.0030428408829016791 -0.04482179468422455 -2.5966553587935751e-06 -2.1497593654595184e-06 -0.0021576161843199436 0.038278205531398261 3.4816226698097345e-06 1.6669372649268005e-06 0.001610767896739679 -0.033642406030349369 -2.8418766857747754e-06 -9.4224364133259603e-07 -0.0012448144157093713 0.030189761606133618 2.3007519868273604e-06 4.3308721938961831e-07 0.00098616110440253148 -0.027527211209884907 -1.9931973410043506e-06 -1.8446259249621607e-07 -0.00079562170591236149 0.025422347914511811 1.6140223016910046e-06 -2.2057026024135696e-08 0.00065030871460041036 -0.023728786617269744 -1.4086872008923804e-06 1.18204394812817e-07 -0.00053630299049675124 0.022349081058758678 1.2829453534323552e-06 -1.1831791974990096e-07 0.00044475426236561389 -0.021215884199206499 -1.1610721145209586e-06 6.9616955815706641e-08 -0.00036963392160412745 0.020281359142337169 1.0074987528636757e-06 -8.6295705232313267e-09 0.00030668632074904009 -0.019510623051491094 -9.8197711573536603e-07 2.0629595039895727e-07 -0.00025287078959567149 0.018877653916320809 1.018796536881287e-06 -1.9135694427449942e-07 0.00020604346740858758 -0.018363574201300043 -9.1850040540474502e-07 1.6536395357786894e-07 -0.00016472415298783829 0.017954022177807814 8.7570764638297179e-07 -3.4372154833142131e-08 0.00012732102234288203 -0.017637400185773179 -8.5484228354544731e-07 4.000686867505769e-08 -9.2811241205132842e-05 0.017405422848672799 9.9183491269108845e-07 -3.4115735309260435e-08 6.0688635405383026e-05 -0.017253318726877558 -9.8260345586848031e-07 4.1500676767491443e-08 -2.9936897098553554e-05 0.017176799371015891 9.594737246013528e-07 
0 -0 0 -0 0 -0 0 -0 0 -0 0 -0 0 -0 0 -0 0 -0 0 -0 0 -0 0 -0 0 -0 0 -0 0 -0 0 -0 0 -0 0 -0 0 -0 0 -0 0 -0 0 -0 0 -0 0 -0 0 -0 0 -0 0 -0 0 -0 0 -0 0 -0 0 -0 0 -0 0 -0 0 -0 0 -0 0 -0 0 -0 0 -0 0 -0 0 -0 0 -0 0 -0 0 -0 0 -0 0 -0 0 -0 0 -0 0 -0 0 -0 0 -0 0.049049877987407092 -0.029843347646108815 -0.015404191506717442 0.095380674032816887 0.046479265147060134 0.0021692014699285713 -0.02895966700649389 -0.16373339055933969 0.015912757678279984 0.044409765963822956 0.037780304669286689 0.061139308825530328 -0.32377111794712943 -0.02294531071934848 0.48904813076723658 2.2334565580382004e-16 -0.29069444025465713 0.0043278792343436432 0.0014615699915508115 -0.0069967093665027113 0.081175147577247864 -0.00043213715519668534 -0.00011302808329228064 0.0053772073072738498 -0.04240667661276299 2.732726693958785e-05 5.3471900209717086e-06 -0.0041383735703182222 0.026816788832641828 -1.2295000060586421e-06 7.043019584668387e-07 0.0034063901985415855 -0.018644665228626865 -8.8837935373291061e-07 -1.2868580681534005e-06 -0.0029249988451088161 0.013732585120793093 6.0752336580203417e-07 1.0126687348122745e-06 0.0025818286011758331 -0.010512519409547911 -3.8717637309328461e-07 -7.8771622015332235e-07 -0.0023246636052904677 0.0082707048182105707 1.268200008589314e-07 4.7790649634683137e-07 0.0021251539611985264 -0.0066379858556778757 3.8538489486488554e-08 -8.1590027802428237e-07 -0.0019664668908746389 0.0054047498019047912 -1.187921762021707e-07 6.8914861835228848e-07 0.0018385353256494487 -0.0044445992076254286 6.9994226707053444e-08 -5.4010244099104812e-07 -0.0017339840502490257 0.003677805906198844 -4.547565184283271e-08 3.6111100537644265e-07 0.0016477964997315003 -0.0030513617537398863 2.3992132440675577e-08 -1.9045096284254231e-07 -0.0015764732228301312 0.0025285955523170803 9.784293335615191e-08 -7.4251606698127807e-08 0.0015175168367830736 -0.0020834764220764817 -1.9795548916452188e-07 -3.4515608731435539e-08 -0.0014690622969063447 0.0016974803334850921 1.1043775557161784e-07 4.4731250115163161e-08 0.0014297782221988091 -0.0013561562649808904 -1.3054730276037504e-07 -9.3268111132074344e-08 -0.001398374660019974 0.0010480344659009866 1.4675987557002442e-07 6.5131975511437718e-08 0.0013740726335167975 -0.00076477332804288903 -1.745899816075665e-07 -6.4100830438347681e-08 -0.0013563239428236232 0.00049976200812219666 1.000122339208798e-07 6.558612627982363e-08 0.0013446416988503443 -0.00024652709863101191 -4.4345019673368575e-08 -7.9300705070599076e-08 -0.0013387563876654249 
0 -0 0 -0 0 -0 0 -0 0 -0 0 -0 0 -0 0 -0 0 -0 0 -0 0 -0 0 -0 0 -0 0 -0 0 -0 0 -0 0 -0 0 -0 0 -0 0 -0 0 -0 0 -0 0 -0 0 -0 0 -0 0 -0 0 -0 0 -0 0 -0 0 -0 0 -0 0 -0 0 -0 0 -0 0 -0 0 -0 0 -0 0 -0 0 -0 0 -0 0 -0 0 -0 0 -0 0 -0 0 -0 0 -0 0 -0 0 -0 0 -0 0 -0 0.012234509319876338 0.019633962238199815 -0.0070642556988955718 -0.0061326848987958028 -0.00084715339725466505 0.048672924058762626 0.039573949714187151 -0.011471645312740662 -0.017567748961624746 -0.058272806091948237 0.04483257921682051 0.014936639288292027 0.0090685250886295334 0.013979898701235959 -0.29069444025465713 -0.0043278792343436432 0.49828989241974175 1.0408679669362862e-16 -0.33833777084723327 0.00057773023860214188 0.00017085259001997738 -0.00096660877079707849 0.12417326941254903 -4.495774913759794e-05 -1.0801115916384519e-05 0.00062372868111148919 -0.080395965544215534 2.3327183405855401e-06 6.381041599015693e-07 -0.0004080712914902263 0.06109285189306881 3.2376487568604903e-07 3.5081601667692318e-07 0.00028885125032811253 -0.050072174747129571 -4.856251038208706e-07 -1.5110213812439473e-07 -0.00021517093219582332 0.042895512634313383 4.3097511987824996e-07 8.6724079639609823e-08 0.00016600581549459928 -0.037840981978320282 -2.8703762771993669e-07 2.1776761134737442e-08 -0.0001313562282810314 0.034091884894702121 3.0414490932986061e-07 2.7345348958743398e-07 0.00010593974997305985 -0.031209631209037744 -2.0284649793677693e-07 5.4882510624869769e-08 -8.6733364369274158e-05 0.028938209626179413 1.8517489449355247e-07 -1.7183757749283009e-07 7.1558545134140758e-05 -0.027117180474834253 -1.5755953602287757e-07 1.6741213498813511e-07 -5.9345467726663337e-05 0.025640146414114981 8.0901151335483052e-08 -8.2460892836986546e-08 4.9326427270531518e-05 -0.024434058048314122 4.9234126407205805e-08 -3.2071664799213725e-08 -4.0917160227356849e-05 0.023447217686680073 -8.6902934716552835e-08 -1.0311240741920003e-07 3.3682466887275179e-05 -0.022642047727610724 3.1217221280194914e-08 1.0409602618961723e-07 -2.733956763122812e-05 0.021991466980317995 -1.1842706535566421e-07 -6.6998552203185184e-08 2.1884997825163495e-05 -0.021475312121952878 1.4719543354617034e-07 -7.5994979766481944e-08 -1.6893666955413487e-05 0.021077758689902252 -1.7128334378993153e-07 5.5986132894491381e-08 1.219380985085404e-05 -0.020787442510020591 1.3002370803313807e-08 -2.7929322479819986e-08 -8.0038045818757109e-06 0.02059756333771353 -2.3062743696228638e-08 -1.5200475906510863e-08 3.9449225404564823e-06 -0.020502318451389463 4.7223294511855399e-08 
0 -0 0 -0 0 -0 0 -0 0 -0 0 -0 0 -0 0 -0 0 -0 0 -0 0 -0 0 -0 0 -0 0 -0 0 -0 0 -0 0 -0 0 -0 0 -0 0 -0 0 -0 0 -0 0 -0 0 -0 0 -0 0 -0 0 -0 0 -0 0 -0 0 -0 0 -0 0 -0 0 -0 0 -0 0 -0 0 -0 0 -0 0 -0 0 -0 0 -0 0 -0 0 -0 0 -0 0 -0 0 -0 0 -0 0 -0 0 -0 0 -0 0 -0 -0.038793118623720084 0.0097535663311867724 0.0027269079856474992 -0.079256617278674071 -0.0224605630201276 -0.00060410894272446773 0.003747655145273828 0.10562437589300756 -0.014302565001854008 -0.0058921588769799372 -0.0050340055891706405 -0.044512046053059619 0.11118094260608857 0.0030608928720564674 0.0014615699915508115 0.0069967093665027113 -0.33833777084723327 -0.00057773023860214188 0.49980486288373982 1.222979918214751e-16 -0.29855229216834223 5.7763454359382619e-05 1.5170334480727522e-05 -0.00048355984466094259 0.088253792990326055 -3.5795908948317133e-06 -8.7337854410157457e-07 0.00040065737275294885 -0.047448466264228495 1.3138082928192612e-07 -2.514036711709517e-07 -0.00033014098429942575 0.030593261964237835 1.0080619290034738e-07 1.8319417193569986e-07 0.00028282584952848684 -0.021594389219934208 -3.052980360718139e-08 -1.9017335480355142e-07 -0.00024922410667052033 0.016096352419380275 3.0600900244518538e-08 1.941762732423179e-07 0.00022426669321357146 -0.012436908904867552 4.0706527789596245e-08 -1.5059945412885099e-07 -0.00020491328465666435 0.0098531293217543128 -1.8941943174976568e-07 3.0103080033961456e-07 0.00018933478762244376 -0.0079464774680306164 2.0025846948939949e-07 -2.9117323779134855e-07 -0.00017694781661714359 0.0064885641426541546 -1.3491719561121822e-07 2.7167029917910525e-07 0.00016689030208839027 -0.0053403455141817794 1.2174461135040414e-07 -1.6830549193608391e-07 -0.00015855854512760085 0.0044125228262915078 -1.0387116312949838e-07 1.5240610587959462e-08 0.00015159945408793846 -0.0036450514612404203 -5.7655341660516539e-08 2.9229237059783882e-07 -0.0001458394366268876 0.0029962016175415374 1.7062209976000364e-07 -1.1598556605927818e-07 0.00014116817708884397 -0.0024366755660951492 -5.8360250825044728e-08 9.186633727830517e-08 -0.00013753947719096532 0.0019440718340851524 9.7360665161957328e-08 -2.0353506318562182e-08 0.00013454514691776836 -0.0015009270557155214 -1.4419405099885179e-07 6.1088711838651274e-08 -0.0001322304147452471 0.0010945569605103397 1.9640197258757145e-07 -4.8612991167224772e-08 0.00013063765844445409 -0.00071497045057238257 -1.0595729214173619e-07 4.8036699677244209e-08 -0.00012954081018756575 0.00035261295372491694 4.2214395303854296e-08 -3.1085494202687052e-08 0.00012898398141582691 
0 -0 0 -0 0 -0 0 -0 0 -0 0 -0 0 -0 0 -0 0 -0 0 -0 0 -0 0 -0 0 -0 0 -0 0 -0 0 -0 0 -0 0 -0 0 -0 0 -0 0 -0 0 -0 0 -0 0 -0 0 -0 0 -0 0 -0 0 -0 0 -0 0 -0 0 -0 0 -0 0 -0 0 -0 0 -0 0 -0 0 -0 0 -0 0 -0 0 -0 0 -0 0 -0 0 -0 0 -0 0 -0 0 -0 0 -0 0 -0 0 -0 0 -0 -0.003344294955794528 -0.011827663234284594 0.0069237736096971194 0.000877787039705386 0.00021958361451973439 -0.025290937953220863 -0.017708572326250605 0.0010897704670053726 0.0017355378738445188 0.028589938875965979 -0.021537125455268123 -0.0014865749789825472 -0.00090463524960354171 -0.0081846071535829294 0.081175147577247864 0.00043213715519668534 0.00017085259001997738 0.00096660877079707849 -0.29855229216834223 -5.7763454359382619e-05 0.49998284132423332 1.4573032450920786e-16 -0.33608189131501737 4.4746744234541915e-06 1.0425636013596129e-06 -4.5252055759953214e-05 0.12252888489785638 -3.1885163441789675e-07 1.0954157015891563e-07 3.1905649851302951e-05 -0.07902714249876755 -4.9415287175577203e-08 -1.9615033865690914e-08 -2.260958198623925e-05 0.059987869591064426 5.8475815215983493e-08 2.4115473229831309e-08 1.6738507665283619e-05 -0.049199450834046525 -8.9524214464812834e-08 -1.0539573512758699e-07 -1.2915596974032457e-05 0.042219126995393277 -3.5943880425269073e-08 -3.0972653965079913e-08 1.0107740283647657e-05 -0.037331216777500731 -6.0024015274748302e-08 -4.0505517028099011e-07 -8.0720507806549682e-06 0.033723882755814429 8.8252085999242021e-08 -8.7390496399299275e-08 6.8743379449746969e-06 -0.030964307992109349 -1.8238376859365144e-07 2.8454164114187664e-07 -5.7538992745268526e-06 0.028800847609499487 2.0131788531952005e-07 -3.4175158613010011e-07 4.77122953955791e-06 -0.027075967442461085 -1.5286584533196654e-07 2.6604654188038289e-07 -3.9569890089170761e-06 0.025686245547114836 5.4991043005706583e-08 -1.3093534749220221e-07 3.2820791243224002e-06 -0.024561190017813737 1.0639093285739564e-09 1.4124893036420046e-07 -2.676320548591983e-06 0.023651182013034587 1.2113205836543503e-08 -1.3927479564107665e-07 2.1049883914069473e-06 -0.022920900900435061 6.4547451671577653e-08 7.2254495796867158e-08 -1.7222888131013962e-06 0.022344653615972647 -9.6449386101945169e-08 8.1801578644319009e-08 1.3148805858986464e-06 -0.021902967386637915 1.3608661978084687e-07 -7.0839734949329665e-08 -8.3184994138016588e-07 0.021581813493541834 2.7810106853653662e-09 3.9202763467853319e-08 5.7867567649880894e-07 -0.021372443480088515 1.6945668379804827e-08 9.2915489163626035e-09 -2.8116501727316987e-07 0.021267818556593761 -4.4492936271589381e-08 
0 -0 0 -0 0 -0 0 -0 0 -0 0 -0 0 -0 0 -0 0 -0 0 -0 0 -0 0 -0 0 -0 0 -0 0 -0 0 -0 0 -0 0 -0 0 -0 0 -0 0 -0 0 -0 0 -0 0 -0 0 -0 0 -0 0 -0 0 -0 0 -0 0 -0 0 -0 0 -0 0 -0 0 -0 0 -0 0 -0 0 -0 0 -0 0 -0 0 -0 0 -0 0 -0 0 -0 0 -0 0 -0 0 -0 0 -0 0 -0 0 -0 0 -0 0.028719352131271154 -0.0053534548082226205 -0.00075603038274297044 0.064703695446909973 0.012584734976122391 0.00031994915922614169 -0.00017544401789568024 -0.07497103386899355 0.016802358265351616 0.00041678208131188939 0.00037899186407908142 0.03059152621043729 -0.071953611276009716 -0.00023489109160713928 -0.00011302808329228064 -0.0053772073072738498 0.12417326941254903 4.495774913759794e-05 1.5170334480727522e-05 0.00048355984466094259 -0.33608189131501737 -4.4746744234541915e-06 0.49999897983130237 4.2500883980109384e-17 -0.30199347995897363 2.7363803318667819e-07 -2.0767811292728757e-08 -2.3389641110345126e-05 0.09108176258035533 1.1859744138677994e-07 1.1852679980858879e-08 2.027048929536923e-05 -0.049725069543915625 -5.8364619442926308e-08 -5.2944900855432745e-08 -1.7291154654767729e-05 0.032451815345462848 4.0635287338518221e-08 1.0593095434414093e-07 1.5289679045097084e-05 -0.023127309614943404 -5.5440389389270244e-09 1.2907239297236584e-08 -1.3795977556470206e-05 0.017369172905311356 8.9886192479249571e-08 2.1636693246028052e-07 1.2722438398293529e-05 -0.0134954621489015 1.0055355559639597e-07 2.1848380684036894e-07 -1.1739815964300481e-05 0.010732354821723794 -6.3874776425475293e-08 -7.387318200277005e-08 1.0850733514603669e-05 -0.0086727213211870158 5.5531508299690023e-08 -1.1974884592580682e-07 -1.0189222147083913e-05 0.0070820343134139398 -1.195277135067391e-07 1.8132190109590615e-07 9.626808628929508e-06 -0.0058163910908089894 1.5124551071632345e-07 -1.0890073076132743e-07 -9.1074309564876787e-06 0.0047824902440124373 5.2263042771694587e-09 -1.9951641087595677e-07 8.6724027129775733e-06 -0.0039172342784757012 -1.2087634733122818e-07 -1.7217982737072271e-08 -8.3909684229694282e-06 0.0031771029236119684 -1.2676232901296581e-08 5.7038457708737224e-08 8.3611481148049364e-06 -0.00252969434095526 -4.089843482802828e-08 -1.3935973887771841e-07 -8.2109440199249356e-06 0.001950247637256289 1.0963898631097493e-07 7.4163084250712727e-08 8.0981093713710257e-06 -0.0014208399137533338 -1.9007717898408769e-07 -7.8966159266278745e-08 -8.1484185361964033e-06 0.00092752794665379456 9.3019627441112186e-08 7.1104138499382935e-08 8.1154821251827312e-06 -0.00045729879818815167 -3.2215425126285493e-08 -8.8515973594325225e-08 -8.0933662890916501e-06 
0 -0 0 -0 0 -0 0 -0 0 -0 0 -0 0 -0 0 -0 0 -0 0 -0 0 -0 0 -0 0 -0 0 -0 0 -0 0 -0 0 -0 0 -0 0 -0 0 -0 0 -0 0 -0 0 -0 0 -0 0 -0 0 -0 0 -0 0 -0 0 -0 0 -0 0 -0 0 -0 0 -0 0 -0 0 -0 0 -0 0 -0 0 -0 0 -0 0 -0 0 -0 0 -0 0 -0 0 -0 0 -0 0 -0 0 -0 0 -0 0 -0 0 -0 0.0015775368169213145 0.0070992576964610211 -0.0050083260366022894 -0.00022780556371575206 -0.00010499069048600775 0.015368960395920081 0.0091456612128242593 -2.9258311805258777e-05 -9.5844352512992767e-05 -0.016236528154376172 0.01401524364766211 8.9919302577661864e-05 5.6323236455738828e-05 0.0046740649031070539 -0.04240667661276299 -2.732726693958785e-05 -1.0801115916384519e-05 -0.00062372868111148919 0.088253792990326055 3.5795908948317133e-06 1.0425636013596129e-06 4.5252055759953214e-05 -0.30199347995897363 -2.7363803318667819e-07 0.4999999159225601 2.3243939333128426e-16 -0.33353750548089722 -6.0069520631653579e-08 -2.2790143052968004e-08 -1.5805986310374615e-06 0.12046759504231468 -8.4747987922166376e-09 3.2514295075219948e-08 1.1279309674036049e-06 -0.077332651637197519 3.9508367276828757e-09 -4.9256784675903089e-08 -9.2252794298913605e-07 0.058586110997747187 -1.6052620903750607e-08 4.7113622240508612e-08 7.1774568553405602e-07 -0.048036188588487565 7.5628695391580076e-08 -1.7046275105410134e-08 -4.7198232223825631e-07 0.041252714731248544 -7.7876681909375139e-08 1.442465778087152e-07 1.8127591353712788e-07 -0.036531622396199538 -6.5958206137850476e-08 -2.2127262726274687e-08 -3.3376494408250226e-07 0.033068187853886065 1.5625169594136965e-07 -6.4716681973551364e-08 3.4128988108218025e-07 -0.030435078538526283 -1.5620597728743752e-07 1.84317075614678e-07 -2.6189707047292094e-07 0.028383804408972844 1.2729078071179677e-07 -1.8367073972295213e-07 1.943345131181327e-07 -0.026760169017270446 -8.2133231272160556e-08 9.8786966547874204e-08 -1.7699072530806383e-07 0.025463794294836757 2.2940177381248973e-08 -4.7754374083684103e-09 1.6316705414041459e-07 -0.024426735384822072 4.8729184949982859e-09 4.5390834423111154e-08 -1.1973787714144102e-07 0.023601630070784571 -4.6797149645908418e-08 2.0896314275064452e-08 1.4488734863339823e-07 -0.022954945711841632 6.7542354396436192e-08 -1.5494100345703544e-07 -1.0776428379331088e-07 0.022462200466205229 -1.1487535314458663e-07 1.3357156611107086e-07 -3.2758842475296489e-08 -0.022105785062192188 -1.5238824016069814e-09 -8.1181478867178333e-08 -1.3606912943727238e-08 0.021874329179157159 -2.5383319793726238e-08 1.2428974862459877e-08 1.4582849634382873e-09 -0.02175918984795986 5.4323301822224037e-08 
0 -0 0 -0 0 -0 0 -0 0 -0 0 -0 0 -0 0 -0 0 -0 0 -0 0 -0 0 -0 0 -0 0 -0 0 -0 0 -0 0 -0 0 -0 0 -0 0 -0 0 -0 0 -0 0 -0 0 -0 0 -0 0 -0 0 -0 0 -0 0 -0 0 -0 0 -0 0 -0 0 -0 0 -0 0 -0 0 -0 0 -0 0 -0 0 -0 0 -0 0 -0 0 -0 0 -0 0 -0 0 -0 0 -0 0 -0 0 -0 0 -0 0 -0 -0.022889886030313653 0.0040398195865573392 0.00048209658104002024 -0.05425378039441147 -0.0085503910992156228 -0.00023763758025400607 -8.3638909230231986e-05 0.059302645405395954 -0.015726766818330986 1.1319672002074088e-05 -9.6411952496361083e-06 -0.023575874384944545 0.054781542770980976 9.7857179210442857e-06 5.3471900209717086e-06 0.0041383735703182222 -0.080395965544215534 -2.3327183405855401e-06 -8.7337854410157457e-07 -0.00040065737275294885 0.12252888489785638 3.1885163441789675e-07 -2.0767811292728757e-08 2.3389641110345126e-05 -0.33353750548089722 6.0069520631653579e-08 0.5000000972022739 1.9212067790399059e-16 -0.30415931587633499 -1.3742633105361474e-08 -5.4221115792271301e-08 -8.1245848213053562e-07 0.09286587627136221 6.711938409059829e-09 7.0809175282013858e-08 7.5677594163942377e-07 -0.051202592758308602 1.2769310268195942e-08 -6.9726488967128132e-08 -6.0801836621882955e-07 0.033681140351641263 6.3303191538356293e-09 -1.2200460877818743e-07 4.9874134864779306e-07 -0.024151417854131527 -1.7801915829368601e-07 -3.7669636895470617e-07 -5.5269695900664021e-07 0.018221288800532604 6.0322650793925627e-09 -4.1295325657423578e-07 7.3600542106781038e-07 -0.014200405285929066 -5.2291859288285328e-08 2.2695992087715713e-07 -4.9965674207238855e-07 0.011308496871126126 -1.2675695208577419e-08 4.2062550730116625e-08 3.6438932534977472e-07 -0.0091337325496818472 1.4397956928091109e-07 -2.0973266055739488e-07 -2.81572151476429e-07 0.0074388637250231773 -2.0877045796677778e-07 1.9073706357268238e-07 1.9279075347440928e-07 -0.0060772595260265494 6.0659814337849694e-08 1.2396905010730972e-07 -1.1450944962466477e-07 0.00495319951970229 5.7500302740868474e-08 7.4532976808538597e-08 1.2426043919537798e-07 -0.0040021666958572309 8.0959708210716298e-08 -1.1112904980629759e-07 -3.416620743858277e-07 0.0031776108379635432 -1.2988601317978302e-08 1.7919438142456543e-07 3.6331969172245403e-07 -0.0024447930882573782 -7.3557463473067001e-08 -6.6347763463484299e-08 -3.8454115635841732e-07 0.0017786880780558396 1.8081802733398222e-07 4.4305971315859268e-08 5.6147454789386851e-07 -0.0011601211113058897 -7.7107497167594885e-08 -1.6258003779040997e-08 -5.9735664662085965e-07 0.00057171871941588974 2.063857509208489e-08 2.8949523910199603e-08 6.0927644612803923e-07 
0 -0 0 -0 0 -0 0 -0 0 -0 0 -0 0 -0 0 -0 0 -0 0 -0 0 -0 0 -0 0 -0 0 -0 0 -0 0 -0 0 -0 0 -0 0 -0 0 -0 0 -0 0 -0 0 -0 0 -0 0 -0 0 -0 0 -0 0 -0 0 -0 0 -0 0 -0 0 -0 0 -0 0 -0 0 -0 0 -0 0 -0 0 -0 0 -0 0 -0 0 -0 0 -0 0 -0 0 -0 0 -0 0 -0 0 -0 0 -0 0 -0 0 -0 -0.0010051722830028017 -0.004738613541730133 0.0036000462319195378 0.00012675509838716226 6.4975850017133632e-05 -0.010430888811646475 -0.0056801911849882741 -2.5218957065824854e-05 -6.0253644553077155e-06 0.010670984288667126 -0.0097890211580466888 -5.2492515908852325e-07 -1.6160185793533491e-06 -0.0030428408829016791 0.026816788832641828 1.2295000060586421e-06 6.381041599015693e-07 0.0004080712914902263 -0.047448466264228495 -1.3138082928192612e-07 1.0954157015891563e-07 -3.1905649851302951e-05 0.09108176258035533 -1.1859744138677994e-07 -2.2790143052968004e-08 1.5805986310374615e-06 -0.30415931587633499 1.3742633105361474e-08 0.50000000374841391 8.3320937058908592e-17 -0.33176523800304719 1.1661007494284316e-08 -1.5151460734254959e-08 -4.7855979518693852e-08 0.11899951276492103 6.9517758755830127e-09 -1.7249347679168255e-08 2.0141249979078089e-08 -0.076110722566650441 -6.4977801295614135e-08 9.7204044042912981e-08 -3.4887432899847515e-08 0.057567658132296216 3.9943433702786345e-08 3.9000702791396618e-07 5.441987514681236e-08 -0.04718943007525396 2.2337160470000038e-07 6.7942831090315216e-07 4.8908438964058137e-08 0.040553079824518133 9.6510375997292826e-08 1.8076113903849769e-07 -1.4205978002951522e-07 -0.035959817687003959 -5.6687630269263243e-08 -3.7537798870490635e-07 7.3117668819005123e-08 0.03261067786442249 -1.5158906173616595e-08 1.5253481893645677e-07 -3.4321346890162083e-08 -0.030081258714606221 8.3811245700167781e-09 4.0605620002803637e-08 -2.7938591438241594e-09 0.028125443391642541 3.7005815775999227e-08 -1.0985114336964293e-07 8.2821273454056612e-08 -0.026591464744286673 -6.4378624655135022e-09 -4.8674761184391936e-08 -1.6661573678857029e-07 0.025381241805660561 -3.917877426983035e-08 -6.8053100336962769e-08 2.1169950137374425e-07 -0.024428536524312747 1.0796563930372456e-08 9.1389547567059677e-09 -2.3420201886615848e-07 0.023687921833922841 4.134649251204615e-09 1.1056531050303297e-07 1.9535074485661425e-07 -0.023127497306654459 3.6103701780366072e-08 -1.0214796382968359e-07 -5.4591564010223393e-08 0.022724530523178958 6.2498836058153745e-08 5.7215741830648783e-08 7.098747676868087e-08 -0.022463992235013386 -3.4358782704020262e-08 -8.8277956270829679e-10 -2.8631282601806821e-08 0.022335035994669631 7.5877774764824198e-09 
0 -0 0 -0 0 -0 0 -0 0 -0 0 -0 0 -0 0 -0 0 -0 0 -0 0 -0 0 -0 0 -0 0 -0 0 -0 0 -0 0 -0 0 -0 0 -0 0 -0 0 -0 0 -0 0 -0 0 -0 0 -0 0 -0 0 -0 0 -0 0 -0 0 -0 0 -0 0 -0 0 -0 0 -0 0 -0 0 -0 0 -0 0 -0 0 -0 0 -0 0 -0 0 -0 0 -0 0 -0 0 -0 0 -0 0 -0 0 -0 0 -0 0 -0 0.019261148050647381 -0.0033534235167888473 -0.00039235228822646727 0.046802409835933131 0.0065091012235751877 0.00019499078113660429 8.2766303884022248e-05 -0.049757417836147066 0.014109782379912846 -3.0410087305723478e-05 -9.7718409050399772e-06 0.019520933167167909 -0.04482179468422455 2.5966553587935751e-06 7.043019584668387e-07 -0.0034063901985415855 0.06109285189306881 -3.2376487568604903e-07 -2.514036711709517e-07 0.00033014098429942575 -0.07902714249876755 4.9415287175577203e-08 1.1852679980858879e-08 -2.027048929536923e-05 0.12046759504231468 8.4747987922166376e-09 -5.4221115792271301e-08 8.1245848213053562e-07 -0.33176523800304719 -1.1661007494284316e-08 0.50000003485215794 1.9602385866449761e-16 -0.30563177222017573 -3.0686519058563101e-08 -2.6440047373995092e-08 -1.0840116839183288e-08 0.094091565040578862 2.9329901449717648e-08 5.0382836481112989e-08 -1.8788339740922465e-10 -0.052224255754691223 5.923766831483601e-08 -1.9883057875608561e-07 1.3570372559548543e-08 0.034531105738048344 -2.1325446447022208e-08 -5.3403828029773805e-07 2.975384973728278e-08 -0.024853963251478171 -1.8673174773395923e-07 -6.2610385213452897e-07 -1.4613561736078319e-07 0.018794954414215592 -4.226496900248202e-08 2.616890514071527e-07 1.0835561435644983e-07 -0.014660680625968786 1.4090296980665485e-07 8.0087568176464693e-08 -5.6980360004024843e-08 0.011665091511589756 -1.9117773664779565e-07 -1.0168078434785862e-07 4.2633587115216168e-09 -0.0093943243831360983 1.615379906084587e-07 1.0078916234553208e-07 6.5539291361828506e-08 0.0076092278915859688 3.6795010240403378e-08 -3.2043546082060533e-07 -1.5415867531847196e-07 -0.0061611882080495782 -1.8248948378101784e-07 8.6508225579227511e-08 1.7707396382161122e-07 0.004953217147192498 6.4037392166998857e-08 5.3244145791299371e-08 -3.7565744829302299e-09 -0.0039178585978884078 -1.2790372397956598e-07 -1.8662390079344676e-07 3.9430930429487515e-08 0.003006148353753217 1.9695827738153059e-07 8.3397351937407344e-08 -5.9364565196149471e-08 -0.0021830547845841431 -2.9166034643506031e-07 -7.286966242779691e-08 -1.1716572554954179e-07 0.0014221929225560442 1.407922566582434e-07 4.8676859367988201e-08 1.3922072498875265e-07 -0.00070044800834236727 -4.862849325630211e-08 -6.8346769034043504e-08 -1.4461890079217593e-07 
0 -0 0 -0 0 -0 0 -0 0 -0 0 -0 0 -0 0 -0 0 -0 0 -0 0 -0 0 -0 0 -0 0 -0 0 -0 0 -0 0 -0 0 -0 0 -0 0 -0 0 -0 0 -0 0 -0 0 -0 0 -0 0 -0 0 -0 0 -0 0 -0 0 -0 0 -0 0 -0 0 -0 0 -0 0 -0 0 -0 0 -0 0 -0 0 -0 0 -0 0 -0 0 -0 0 -0 0 -0 0 -0 0 -0 0 -0 0 -0 0 -0 0 -0 0.00071413961222355053 0.0034047013022685561 -0.002678371016819555 -8.7962403631619118e-05 -4.5737042144578706e-05 0.00755995333740417 0.0039177237537986482 2.2198557297394478e-05 1.0742087322314598e-05 -0.007612210528652707 0.0071661431042431998 -4.9859412836595065e-06 -2.1497593654595184e-06 0.0021576161843199436 -0.018644665228626865 8.8837935373291061e-07 3.5081601667692318e-07 -0.00028885125032811253 0.030593261964237835 -1.0080619290034738e-07 -1.9615033865690914e-08 2.260958198623925e-05 -0.049725069543915625 5.8364619442926308e-08 3.2514295075219948e-08 -1.1279309674036049e-06 0.09286587627136221 -6.711938409059829e-09 -1.5151460734254959e-08 4.7855979518693852e-08 -0.30563177222017573 3.0686519058563101e-08 0.50000002486512463 1.5444460009094557e-16 -0.33053985552505144 6.9296250590160539e-09 -3.3959532032173101e-08 -1.4305432691790476e-08 0.11797814450062061 -2.0409575018778273e-08 1.0719992106567796e-08 5.1472103841899917e-08 -0.075261162993099567 -4.8951566387127661e-08 1.3088094021618844e-07 -7.5097220156532792e-08 0.056865230625493521 -8.1007966560262362e-08 5.3934028087268075e-07 -7.8623154867081931e-08 -0.046615652903116575 4.4925233761756196e-08 2.4974698733554448e-07 1.5188469179177289e-07 0.040094142667694538 5.0451896095580231e-09 -3.2646830648489119e-07 -1.3545867523647792e-07 -0.035603573107853503 -6.3587741449336407e-08 2.5681377926533617e-07 1.1955985387017861e-07 0.032349710340694851 1.7704984547273897e-07 -1.9146724243528555e-07 -8.0754096515398532e-08 -0.02991016971937913 -2.6870046550690206e-07 9.5690385673451371e-08 -1.3047312234050092e-08 0.028040675064266357 1.6836307912388233e-07 3.2151811987064086e-07 1.3848435495853491e-07 -0.026591503720826505 3.8410583304332038e-09 -2.1570309325482491e-07 -2.4084464972347525e-07 0.025465709196746473 3.4319407594495896e-09 2.7617284611966253e-07 2.4212925292759774e-07 -0.024599207355287776 2.5214960841845974e-08 -3.4071957084111401e-07 -2.0654849547275595e-07 0.023948777010247259 -1.2193792070904637e-07 2.892820123904419e-07 8.4308736941697759e-08 -0.023484197489607426 9.2035096513671809e-08 -1.8230255265201314e-07 -8.6758837024293746e-08 0.023185275946328611 -1.4945342558105485e-07 6.4892825657007589e-08 3.3954275893420719e-08 -0.023038115442975189 1.8622069510546493e-07 
0 -0 0 -0 0 -0 0 -0 0 -0 0 -0 0 -0 0 -0 0 -0 0 -0 0 -0 0 -0 0 -0 0 -0 0 -0 0 -0 0 -0 0 -0 0 -0 0 -0 0 -0 0 -0 0 -0 0 -0 0 -0 0 -0 0 -0 0 -0 0 -0 0 -0 0 -0 0 -0 0 -0 0 -0 0 -0 0 -0 0 -0 0 -0 0 -0 0 -0 0 -0 0 -0 0 -0 0 -0 0 -0 0 -0 0 -0 0 -0 0 -0 0 -0 -0.016753860433838526 0.0028988851784927387 0.00033765487174802083 -0.041302289846282952 -0.0052913027625552354 -0.00016781177471346368 -7.265457455551105e-05 0.043210008848011489 -0.012683906119204441 2.8139444190653565e-05 1.0103940013074631e-05 -0.016823416772183009 0.038278205531398261 -3.4816226698097345e-06 -1.2868580681534005e-06 0.0029249988451088161 -0.050072174747129571 4.856251038208706e-07 1.8319417193569986e-07 -0.00028282584952848684 0.059987869591064426 -5.8475815215983493e-08 -5.2944900855432745e-08 1.7291154654767729e-05 -0.077332651637197519 -3.9508367276828757e-09 7.0809175282013858e-08 -7.5677594163942377e-07 0.11899951276492103 -6.9517758755830127e-09 -2.6440047373995092e-08 1.0840116839183288e-08 -0.33053985552505144 -6.9296250590160539e-09 0.50000003275445881 2.4893355995650067e-16 -0.30665333029683056 -1.8007206106692313e-08 -2.1146244252511567e-08 9.4193309306485383e-09 0.094941310054914643 7.2407599476372915e-09 5.1732348759638941e-08 -8.5506994925056571e-08 -0.052926587671488133 2.7091700756598607e-08 -3.2230474551199163e-08 1.4912232576768795e-07 0.035105045733202091 2.5362455983843369e-07 -3.4344509785843186e-07 1.2892285826381186e-07 -0.025313592543734869 1.2158982658002403e-08 -1.5729230415328374e-08 -1.0009392158112196e-07 0.019150750574120589 -6.4096055054621775e-08 1.5671706918253168e-07 1.0867157202817498e-07 -0.014921171554302521 1.4059128366431964e-07 -3.3545537286801301e-07 -9.2331597462435417e-08 0.011835739629938695 -1.8196267934904849e-07 3.7056296300564537e-07 5.356480849932511e-08 -0.0094787307846280738 8.3592785789351367e-08 -1.2430437076712533e-07 3.0880326443562766e-08 0.0076092267751350353 1.2918683718384802e-08 1.0828842842480999e-07 -8.3453627103206251e-08 -0.0060773031329752073 7.3601560309513772e-08 -1.4624453113919442e-07 -2.1948082495649586e-08 0.0047832612094730817 -7.9063944968199031e-10 1.5404928955002661e-07 -8.0339133005848043e-08 -0.0036571168718824865 -8.0807744745995154e-08 9.2272401023112332e-08 1.4620003638732482e-07 0.0026493285877984152 2.1063990548062842e-07 -2.0321834977117303e-07 2.5519289172584185e-08 -0.0017232855004147673 -7.2065718249518278e-08 2.9457624475376066e-07 -3.1222525793494885e-08 0.00084806411883951922 9.5979950824657077e-09 -3.0106558526535717e-07 2.948444312272131e-08 
0 -0 0 -0 0 -0 0 -0 0 -0 0 -0 0 -0 0 -0 0 -0 0 -0 0 -0 0 -0 0 -0 0 -0 0 -0 0 -0 0 -0 0 -0 0 -0 0 -0 0 -0 0 -0 0 -0 0 -0 0 -0 0 -0 0 -0 0 -0 0 -0 0 -0 0 -0 0 -0 0 -0 0 -0 0 -0 0 -0 0 -0 0 -0 0 -0 0 -0 0 -0 0 -0 0 -0 0 -0 0 -0 0 -0 0 -0 0 -0 0 -0 0 -0 -0.00053538983368602467 -0.0025617994889564006 0.0020563806311832749 6.5750817159691244e-05 3.4132897115270266e-05 -0.0057170020185341574 -0.0028730626208256995 -1.655930459593867e-05 -7.9297445070300716e-06 0.0057037895709815007 -0.0054452028792889027 3.8077503010477543e-06 1.6669372649268005e-06 -0.001610767896739679 0.013732585120793093 -6.0752336580203417e-07 -1.5110213812439473e-07 0.00021517093219582332 -0.021594389219934208 3.052980360718139e-08 2.4115473229831309e-08 -1.6738507665283619e-05 0.032451815345462848 -4.0635287338518221e-08 -4.9256784675903089e-08 9.2252794298913605e-07 -0.051202592758308602 -1.2769310268195942e-08 -1.7249347679168255e-08 -2.0141249979078089e-08 0.094091565040578862 -2.9329901449717648e-08 -3.3959532032173101e-08 1.4305432691790476e-08 -0.30665333029683056 1.8007206106692313e-08 0.5000000169944655 2.4421655589597212e-17 -0.32969007313377569 2.0894021892121674e-10 -3.4389970134877433e-09 7.2313593900384632e-09 0.11727568921301068 4.7666649053955175e-08 -7.8304261567447308e-08 9.8272038121544649e-08 -0.074687445626505436 -2.6006033238557951e-08 -1.5952893480474085e-07 -1.9452203388543624e-07 0.056405638818460356 -3.533277496622374e-07 2.4434326419210385e-07 -1.5700449550930105e-07 -0.046259695791548316 7.1935591256156887e-08 -8.1122507523490465e-08 1.1466033303368863e-07 0.039833514111866378 4.0850942298546689e-09 -1.3648250825635659e-08 -1.4782051852623154e-07 -0.03543272124066249 -2.0086972231004786e-07 2.1858835752918211e-07 1.2929804917985449e-07 0.032265174040501381 3.6568125060979481e-07 -3.5360534996232384e-07 -6.2681295395969482e-08 -0.029910164270814284 -2.5473016837797959e-07 -7.1078890180920264e-08 -6.3488275990951585e-08 0.028125477410343408 2.2942538257845472e-08 -9.9478542124206337e-08 1.923083061118664e-07 -0.026762155276581209 -6.2370021734203214e-08 4.8334910264071601e-08 -1.5645664096235024e-07 0.025725741989561911 3.24585264450631e-08 1.2571000020326975e-08 1.3340973015619783e-07 -0.024955125608255416 8.9366944391063165e-08 -2.8933237529186862e-08 -5.2554449128966341e-08 0.024408813785858144 -1.1233766159581818e-07 -3.3734841545554407e-09 5.8490281924402038e-08 -0.024059169983277586 1.8350124933141792e-07 2.8400121625863054e-08 -1.6187103266326225e-08 0.023888004896227666 -2.2156752716801687e-07 
0 -0 0 -0 0 -0 0 -0 0 -0 0 -0 0 -0 0 -0 0 -0 0 -0 0 -0 0 -0 0 -0 0 -0 0 -0 0 -0 0 -0 0 -0 0 -0 0 -0 0 -0 0 -0 0 -0 0 -0 0 -0 0 -0 0 -0 0 -0 0 -0 0 -0 0 -0 0 -0 0 -0 0 -0 0 -0 0 -0 0 -0 0 -0 0 -0 0 -0 0 -0 0 -0 0 -0 0 -0 0 -0 0 -0 0 -0 0 -0 0 -0 0 -0 0.014910480924335067 -0.0025708538634249432 -0.00029898103786261309 0.037100111761577362 0.0044894473069038397 0.00014865865647185119 6.4168825846053136e-05 -0.038416696595342914 0.011512772571073004 -2.4666612845535723e-05 -8.6722639850946662e-06 0.014884811027738976 -0.033642406030349369 2.8418766857747754e-06 1.0126687348122745e-06 -0.0025818286011758331 0.042895512634313383 -4.3097511987824996e-07 -1.9017335480355142e-07 0.00024922410667052033 -0.049199450834046525 8.9524214464812834e-08 1.0593095434414093e-07 -1.5289679045097084e-05 0.058586110997747187 1.6052620903750607e-08 -6.9726488967128132e-08 6.0801836621882955e-07 -0.076110722566650441 6.4977801295614135e-08 5.0382836481112989e-08 1.8788339740922465e-10 0.11797814450062061 2.0409575018778273e-08 -2.1146244252511567e-08 -9.4193309306485383e-09 -0.32969007313377569 -2.0894021892121674e-10 0.50000001240308189 -3.321986986166113e-16 -0.30735581496598235 2.0759409011000618e-09 -4.9592796758121633e-08 -2.0126926695857976e-08 0.09551517586209271 -1.064543852873806e-07 1.7549294098082494e-07 -1.1628410776914673e-07 -0.053386026465282226 1.5066468592089663e-08 2.1735375486545039e-07 2.1307463550035922e-07 0.035461143117388502 3.3933599144174958e-07 -1.9669226812683942e-07 8.3852582912092697e-08 -0.025573881873236792 -1.3492339134069932e-07 8.9520234970480242e-08 -9.5538766503729002e-08 0.019321462968052077 7.2170386150991102e-08 6.760708566197591e-08 1.3146252478866109e-07 -0.015005692779110397 8.8830741571815237e-08 -2.1532817283930589e-07 -1.2590169799057268e-07 0.011835727298181279 -1.776273938956695e-07 1.9520688694459171e-07 7.0834137230354082e-08 -0.0093943159057551413 1.8255267987216461e-07 -6.6073448563726601e-08 -1.5866838100316984e-08 0.0074389437400460738 -2.1814035861656224e-07 2.2165622980172398e-07 5.304888342262335e-08 -0.0058173396075540847 1.5035692709588045e-07 -2.7451005760862952e-07 9.1334632504366594e-08 0.0044270746235011409 -6.9359409099488977e-08 1.6500188227872896e-08 -1.7804357695095097e-07 -0.0031968798445410579 -9.3333914197572327e-08 1.0568746745859318e-07 -4.8110569586773794e-09 0.0020752111077217282 -2.4197728094771054e-08 -2.0733735521385911e-07 5.6658084306769916e-09 -0.0010201808557362682 4.3790389127001161e-08 2.1270256946526926e-07 -3.3581122856209544e-09 
0 -0 0 -0 0 -0 0 -0 0 -0 0 -0 0 -0 0 -0 0 -0 0 -0 0 -0 0 -0 0 -0 0 -0 0 -0 0 -0 0 -0 0 -0 0 -0 0 -0 0 -0 0 -0 0 -0 0 -0 0 -0 0 -0 0 -0 0 -0 0 -0 0 -0 0 -0 0 -0 0 -0 0 -0 0 -0 0 -0 0 -0 0 -0 0 -0 0 -0 0 -0 0 -0 0 -0 0 -0 0 -0 0 -0 0 -0 0 -0 0 -0 0 -0 0.00041536582190126824 0.001990126431465952 -0.0016182277196586455 -5.1288300831745881e-05 -2.6487431863896358e-05 0.0044555874830213673 0.002193537937525952 1.2225529060011772e-05 5.2227758967276056e-06 -0.004419084357896748 0.0042550488993893338 -2.2649605680895102e-06 -9.4224364133259603e-07 0.0012448144157093713 -0.010512519409547911 3.8717637309328461e-07 8.6724079639609823e-08 -0.00016600581549459928 0.016096352419380275 -3.0600900244518538e-08 -1.0539573512758699e-07 1.2915596974032457e-05 -0.023127309614943404 5.5440389389270244e-09 4.7113622240508612e-08 -7.1774568553405602e-07 0.033681140351641263 -6.3303191538356293e-09 9.7204044042912981e-08 3.4887432899847515e-08 -0.052224255754691223 -5.923766831483601e-08 1.0719992106567796e-08 -5.1472103841899917e-08 0.094941310054914643 -7.2407599476372915e-09 -3.4389970134877433e-09 -7.2313593900384632e-09 -0.30735581496598235 -2.0759409011000618e-09 0.50000004140427279 4.6000666747052615e-17 -0.32911618936152931 -7.1589038662207948e-09 3.6399060585864499e-08 3.721733615069314e-08 0.11681613195050457 1.5672110303922156e-07 -1.7617589269560167e-07 1.1344183406756932e-07 -0.074331428546819581 7.1232376958255123e-10 -2.3288909428271917e-07 -1.6743909212270851e-07 0.056145045471045839 -2.9747847991439481e-07 2.3553942126707554e-07 -2.0033264536201955e-08 -0.046089171101273349 1.6580359295462929e-07 -1.812485309447161e-07 1.0485352641060598e-07 0.03974903249199277 -1.7924413750986073e-08 -6.8133333206974124e-08 -1.1369134626738753e-07 -0.035432725179296277 -1.8885488782233886e-07 3.0119667762004785e-07 8.5407198372013875e-08 0.032349720483323241 1.4181291042615889e-07 9.3898004834372848e-08 9.5784560258116081e-09 -0.030081316898242279 3.3080280906480776e-08 8.2677319040450018e-08 -1.2281659600258866e-07 0.028385880646724763 1.015277284485087e-07 -9.7476956703051063e-08 3.5578831392948252e-08 -0.02711724487499716 -1.2599308999006639e-07 1.1955918634446107e-07 -3.2645663879387358e-08 0.026184811921695774 2.5637261364847399e-08 -9.4089283785030331e-08 8.2817419938614478e-09 -0.02552946645630768 2.301171039476148e-08 1.0404701764572318e-07 -2.0428583493704724e-08 0.025112516782610814 -8.2907651386720404e-08 -8.0109990660456772e-08 -7.2505497883748155e-09 -0.024909586115324664 1.0859799415712485e-07 
0 -0 0 -0 0 -0 0 -0 0 -0 0 -0 0 -0 0 -0 0 -0 0 -0 0 -0 0 -0 0 -0 0 -0 0 -0 0 -0 0 -0 0 -0 0 -0 0 -0 0 -0 0 -0 0 -0 0 -0 0 -0 0 -0 0 -0 0 -0 0 -0 0 -0 0 -0 0 -0 0 -0 0 -0 0 -0 0 -0 0 -0 0 -0 0 -0 0 -0 0 -0 0 -0 0 -0 0 -0 0 -0 0 -0 0 -0 0 -0 0 -0 0 -0 -0.013499946090779575 0.0023224900108525753 0.00026986593622558934 -0.033803862333316705 -0.0039255363035561354 -0.00013417115285369339 -5.7537253983166124e-05 0.034758727666465969 -0.010558381313005813 2.1835691063552405e-05 7.439141786028508e-06 -0.013423178090450944 0.030189761606133618 -2.3007519868273604e-06 -7.8771622015332235e-07 0.0023246636052904677 -0.037840981978320282 2.8703762771993669e-07 1.941762732423179e-07 -0.00022426669321357146 0.042219126995393277 3.5943880425269073e-08 1.2907239297236584e-08 1.3795977556470206e-05 -0.048036188588487565 -7.5628695391580076e-08 -1.2200460877818743e-07 -4.9874134864779306e-07 0.057567658132296216 -3.9943433702786345e-08 -1.9883057875608561e-07 -1.3570372559548543e-08 -0.075261162993099567 4.8951566387127661e-08 5.1732348759638941e-08 8.5506994925056571e-08 0.11727568921301068 -4.7666649053955175e-08 -4.9592796758121633e-08 2.0126926695857976e-08 -0.32911618936152931 7.1589038662207948e-09 0.49999996891024723 -1.4831843367954338e-16 -0.30781537310657037 1.0648995617141422e-08 -7.9968940918877925e-08 -3.6104313232198241e-08 0.095871212945075737 -1.7673879679444131e-07 1.9079386100092603e-07 -1.0750457561579158e-07 -0.053646629047941007 9.1278228232210737e-10 1.5917791126400674e-07 1.3010273775704947e-07 0.035631830008327113 2.6409891025323697e-07 -2.0324074765477025e-07 -2.7557253651054092e-08 -0.025658256050737759 -2.2160711305483884e-07 1.7773138162884766e-07 -1.1598940550773255e-07 0.019321457313144105 5.6897183612307484e-08 3.2685183770066299e-08 1.1577440192218427e-07 -0.014921149087150686 1.451296125732345e-07 -2.6341287836190564e-07 -7.8857102208285854e-08 0.011665063022683587 -2.0695322589929211e-07 -6.8356882928637508e-08 3.6023343267350734e-08 -0.0091338344691190912 1.4006759977616719e-07 -2.0685338710168192e-07 -1.2914801752376515e-08 0.007083170540233834 -9.8355225138624941e-08 3.1424489190363624e-07 -1.2353949432862853e-07 -0.0053578455366148151 6.1882225412856571e-08 -6.9496916562162046e-08 1.8328369482756804e-07 0.0038529081476783608 8.793361107187415e-08 -4.6914813081616293e-08 3.9720881359992682e-08 -0.0024943918860324175 4.5903180481086552e-08 1.4496347186507887e-07 -5.7139919899946836e-08 0.0012245589205319399 -5.9646315971264101e-08 -1.4179903072454451e-07 6.6239145560871269e-08 
0 -0 0 -0 0 -0 0 -0 0 -0 0 -0 0 -0 0 -0 0 -0 0 -0 0 -0 0 -0 0 -0 0 -0 0 -0 0 -0 0 -0 0 -0 0 -0 0 -0 0 -0 0 -0 0 -0 0 -0 0 -0 0 -0 0 -0 0 -0 0 -0 0 -0 0 -0 0 -0 0 -0 0 -0 0 -0 0 -0 0 -0 0 -0 0 -0 0 -0 0 -0 0 -0 0 -0 0 -0 0 -0 0 -0 0 -0 0 -0 0 -0 0 -0 -0.00033005133040992277 -0.0015823216500641798 0.0012980101977427278 4.1058204119386336e-05 2.1175936616915e-05 -0.0035504556127552351 -0.0017226522760505211 -9.2137357382864736e-06 -3.443694288023809e-06 0.0035070922062467114 -0.0033962975569003409 1.1085943093986153e-06 4.3308721938961831e-07 -0.00098616110440253148 0.0082707048182105707 -1.268200008589314e-07 2.1776761134737442e-08 0.0001313562282810314 -0.012436908904867552 -4.0706527789596245e-08 -3.0972653965079913e-08 -1.0107740283647657e-05 0.017369172905311356 -8.9886192479249571e-08 -1.7046275105410134e-08 4.7198232223825631e-07 -0.024151417854131527 1.7801915829368601e-07 3.9000702791396618e-07 -5.441987514681236e-08 0.034531105738048344 2.1325446447022208e-08 1.3088094021618844e-07 7.5097220156532792e-08 -0.052926587671488133 -2.7091700756598607e-08 -7.8304261567447308e-08 -9.8272038121544649e-08 0.09551517586209271 1.064543852873806e-07 3.6399060585864499e-08 -3.721733615069314e-08 -0.30781537310657037 -1.0648995617141422e-08 0.50000007100834165 -3.0818444684948932e-17 -0.32876014158135447 -1.8931334084984821e-08 6.297305566667424e-08 2.2691560689071925e-08 0.116555609942441 1.6778986772154469e-07 -1.437611349984751e-07 8.1564925075287765e-08 -0.074160623027567887 -1.2758318359277604e-08 -1.5071079697354712e-07 -1.0516099501687068e-07 0.056060592943848894 -2.2943443665429807e-07 2.1248892524839179e-07 3.4090556436074308e-08 -0.046089173241502406 1.7331869825758511e-07 -1.0923579480348563e-07 1.0435029564079186e-07 0.039833511595481652 5.5576938756223745e-09 -1.1519708211061613e-07 -9.7583637978228824e-08 -0.035603597148374869 -3.4995873075508111e-08 -9.4717200580335463e-08 5.2469126587899554e-09 0.032610784587799257 -2.4513338040502824e-08 6.3717980342160596e-08 8.6476583295788521e-08 -0.030437256328695369 -1.428461871983083e-07 5.5762904087019761e-08 1.941031477003579e-08 0.028844270922216211 1.7673382193693931e-07 -2.2230952159946006e-07 2.3355877175280106e-08 -0.027690401183178233 -7.4621431866495718e-08 2.1468447604282323e-07 -6.1128212379098004e-08 0.02688773801423875 -1.9800833014110394e-08 -2.1410229229741213e-07 5.301032093568982e-08 -0.026380518095505987 7.0349391539185327e-08 1.3804780647441839e-07 -5.5514860702036422e-09 0.026135135490198802 -8.2057507689805068e-08 
0 -0 0 -0 0 -0 0 -0 0 -0 0 -0 0 -0 0 -0 0 -0 0 -0 0 -0 0 -0 0 -0 0 -0 0 -0 0 -0 0 -0 0 -0 0 -0 0 -0 0 -0 0 -0 0 -0 0 -0 0 -0 0 -0 0 -0 0 -0 0 -0 0 -0 0 -0 0 -0 0 -0 0 -0 0 -0 0 -0 0 -0 0 -0 0 -0 0 -0 0 -0 0 -0 0 -0 0 -0 0 -0 0 -0 0 -0 0 -0 0 -0 0 -0 0.01239025007874626 -0.0021283254381646499 -0.00024732415090832907 0.031166137586246298 0.0035099146424459383 0.00012291542678412486 5.2415842927932565e-05 -0.031886095992759919 0.0097770236310208807 -1.9693960894735555e-05 -6.4042322153176112e-06 0.012284866771972816 -0.027527211209884907 1.9931973410043506e-06 4.7790649634683137e-07 -0.0021251539611985264 0.034091884894702121 -3.0414490932986061e-07 -1.5059945412885099e-07 0.00020491328465666435 -0.037331216777500731 6.0024015274748302e-08 2.1636693246028052e-07 -1.2722438398293529e-05 0.041252714731248544 7.7876681909375139e-08 -3.7669636895470617e-07 5.5269695900664021e-07 -0.04718943007525396 -2.2337160470000038e-07 -5.3403828029773805e-07 -2.975384973728278e-08 0.056865230625493521 8.1007966560262362e-08 -3.2230474551199163e-08 -1.4912232576768795e-07 -0.074687445626505436 2.6006033238557951e-08 1.7549294098082494e-07 1.1628410776914673e-07 0.11681613195050457 -1.5672110303922156e-07 -7.9968940918877925e-08 3.6104313232198241e-08 -0.32876014158135447 1.8931334084984821e-08 0.49999995520244239 -7.9147182107915451e-17 -0.30807591278165769 2.6480005134454487e-08 -8.4499923968976503e-08 2.4486922473893051e-09 0.096041890788590087 -1.5016164446096806e-07 1.4961498484566441e-07 -6.051619714413831e-08 -0.053731175248703203 1.1598636925809314e-08 1.3621025271798744e-07 9.6621546935388301e-08 0.035631835811795735 2.5854792243220018e-07 -2.1856558451099168e-07 1.5875979918942583e-08 -0.025573869679199203 -1.3410771141801913e-07 5.6504162981173181e-08 -9.6202993915461542e-08 0.019150742002419462 -7.8329840105055196e-08 3.2057581017382987e-07 1.0336750428372258e-07 -0.014660646470309189 1.5583472684007886e-07 2.4538464560947939e-07 -5.9326957500263444e-08 0.011308606419638068 -8.7851962147262636e-09 6.0292013033735631e-08 -4.357298811113e-08 -0.0086740764552826546 3.3865073730546719e-08 -2.203276199969396e-07 1.6044678407358802e-07 0.006509661597190167 -7.2156749947836676e-08 5.357694676538623e-08 -1.9062153058039318e-07 -0.0046557655346594132 -5.0525344636872785e-08 -1.54735501646428e-09 -5.6667505658681281e-08 0.0030036278562633693 -9.0346282771531075e-08 -4.5735004460897434e-08 8.3905625762789671e-08 -0.0014718774531892584 8.6429000524912947e-08 9.9673560805736586e-09 -1.0378704032027138e-07 
0 -0 0 -0 0 -0 0 -0 0 -0 0 -0 0 -0 0 -0 0 -0 0 -0 0 -0 0 -0 0 -0 0 -0 0 -0 0 -0 0 -0 0 -0 0 -0 0 -0 0 -0 0 -0 0 -0 0 -0 0 -0 0 -0 0 -0 0 -0 0 -0 0 -0 0 -0 0 -0 0 -0 0 -0 0 -0 0 -0 0 -0 0 -0 0 -0 0 -0 0 -0 0 -0 0 -0 0 -0 0 -0 0 -0 0 -0 0 -0 0 -0 0 -0 0.00026681591589915258 0.0012798487894479314 -0.0010564808097046198 -3.3739525702872642e-05 -1.7122747250326015e-05 0.0028763613638014955 0.0013807538004770191 7.2702711142252037e-06 2.1589312122373961e-06 -0.002832978597862273 0.0027546038037708359 -4.5396847600116659e-07 -1.8446259249621607e-07 0.00079562170591236149 -0.0066379858556778757 -3.8538489486488554e-08 2.7345348958743398e-07 -0.00010593974997305985 0.0098531293217543128 1.8941943174976568e-07 -4.0505517028099011e-07 8.0720507806549682e-06 -0.0134954621489015 -1.0055355559639597e-07 1.442465778087152e-07 -1.8127591353712788e-07 0.018221288800532604 -6.0322650793925627e-09 6.7942831090315216e-07 -4.8908438964058137e-08 -0.024853963251478171 1.8673174773395923e-07 5.3934028087268075e-07 7.8623154867081931e-08 0.035105045733202091 -2.5362455983843369e-07 -1.5952893480474085e-07 1.9452203388543624e-07 -0.053386026465282226 -1.5066468592089663e-08 -1.7617589269560167e-07 -1.1344183406756932e-07 0.095871212945075737 1.7673879679444131e-07 6.297305566667424e-08 -2.2691560689071925e-08 -0.30807591278165769 -2.6480005134454487e-08 0.50000005743651021 2.4313234545168049e-17 -0.32858945465264588 -2.7483778851054208e-08 5.9817549845698809e-08 -2.1351264347009293e-08 0.11647115134513845 1.4091370725069916e-07 -1.3053564303893048e-07 5.9873081103711851e-08 -0.074160608251791521 -1.077815376192373e-08 -1.7321686383947928e-07 -1.1168751771045177e-07 0.056145030843076933 -2.9286418781291381e-07 2.1962090709996544e-07 -9.1869484958567264e-08 -0.046259698447185062 8.3917480919789521e-08 -2.1882460129811166e-08 9.1060413558562112e-08 0.040094170042371542 -2.6442888119820696e-08 -1.9184764881521882e-07 -2.8663347228365014e-08 -0.03595998682425891 -6.4523015000941559e-08 -2.5663701184036273e-07 6.3643774196391846e-09 0.033070461705072454 1.613254233921376e-07 9.5831584383785408e-08 -6.6153743536878234e-08 -0.031010310864970393 -1.6620537656700339e-07 2.2746295228834207e-07 -7.7990311137124472e-08 0.029546096316278008 6.8374918724706456e-08 -2.5481439534960316e-07 2.0067434357592395e-07 -0.028540532625213021 6.223656233540754e-08 2.708551456377356e-07 -1.5325898533840743e-07 0.027910245687839841 -8.1740897782430711e-08 -1.6782906207440652e-07 5.4212951192778251e-08 -0.027607260543302377 6.5764405608648394e-08 
0 -0 0 -0 0 -0 0 -0 0 -0 0 -0 0 -0 0 -0 0 -0 0 -0 0 -0 0 -0 0 -0 0 -0 0 -0 0 -0 0 -0 0 -0 0 -0 0 -0 0 -0 0 -0 0 -0 0 -0 0 -0 0 -0 0 -0 0 -0 0 -0 0 -0 0 -0 0 -0 0 -0 0 -0 0 -0 0 -0 0 -0 0 -0 0 -0 0 -0 0 -0 0 -0 0 -0 0 -0 0 -0 0 -0 0 -0 0 -0 0 -0 0 -0 -0.011499726371247741 0.0019733431916833521 0.00022923382664243782 -0.029023628448966606 -0.0031929832659186954 -0.00011353498621676232 -4.8318367351969177e-05 0.029583783790670434 -0.0091328918208423964 1.7650170704391309e-05 6.0507512689168704e-06 -0.011377879335316816 0.025422347914511811 -1.6140223016910046e-06 -8.1590027802428237e-07 0.0019664668908746389 -0.031209631209037744 2.0284649793677693e-07 3.0103080033961456e-07 -0.00018933478762244376 0.033723882755814429 -8.8252085999242021e-08 2.1848380684036894e-07 1.1739815964300481e-05 -0.036531622396199538 6.5958206137850476e-08 -4.1295325657423578e-07 -7.3600542106781038e-07 0.040553079824518133 -9.6510375997292826e-08 -6.2610385213452897e-07 1.4613561736078319e-07 -0.046615652903116575 -4.4925233761756196e-08 -3.4344509785843186e-07 -1.2892285826381186e-07 0.056405638818460356 3.533277496622374e-07 2.1735375486545039e-07 -2.1307463550035922e-07 -0.074331428546819581 -7.1232376958255123e-10 1.9079386100092603e-07 1.0750457561579158e-07 0.116555609942441 -1.6778986772154469e-07 -8.4499923968976503e-08 -2.4486922473893051e-09 -0.32858945465264588 2.7483778851054208e-08 0.49999997157212822 -5.2474749873587974e-17 -0.30816036913184602 2.9917773146445989e-08 -7.7340843855536328e-08 2.5433285577871435e-08 0.096041886401671092 -1.4758297010262797e-07 1.5281019473869589e-07 -7.774376128046921e-08 -0.053646654634060362 -1.5775725542218582e-09 2.100987399435859e-07 1.4198046428152151e-07 0.03546115383750835 3.2317480429270876e-07 -2.1374292006059251e-07 1.5567245752561993e-07 -0.025313610487249491 2.8924594443376285e-08 -2.455258954078608e-07 -1.5764166106525141e-07 0.018794929191142649 -2.7190416691151665e-08 -7.2933057672859286e-08 8.8732004400191031e-08 -0.014200448614035119 -6.5447846657328036e-08 4.6855036301764874e-08 2.9277395045408141e-08 0.010733964581699208 -5.3303674652181595e-08 2.2531919130043278e-08 -1.1058243922520624e-07 -0.0079720932646490973 1.611384540243842e-07 4.5351708050439615e-08 1.5566564834882803e-07 0.0056608810362976953 -5.5045142247530794e-08 1.1862199443227752e-08 3.5694425249945515e-08 -0.0036351781140841785 1.7102081686391649e-07 -6.4223010836733359e-08 -2.2741904904918211e-08 0.0017770580648149795 -1.2756471694780943e-07 1.5864763181350076e-07 3.2938439999072983e-08 
0 -0 0 -0 0 -0 0 -0 0 -0 0 -0 0 -0 0 -0 0 -0 0 -0 0 -0 0 -0 0 -0 0 -0 0 -0 0 -0 0 -0 0 -0 0 -0 0 -0 0 -0 0 -0 0 -0 0 -0 0 -0 0 -0 0 -0 0 -0 0 -0 0 -0 0 -0 0 -0 0 -0 0 -0 0 -0 0 -0 0 -0 0 -0 0 -0 0 -0 0 -0 0 -0 0 -0 0 -0 0 -0 0 -0 0 -0 0 -0 0 -0 0 -0 -0.00021853003482413791 -0.0010481351061417882 0.00086936812700698926 2.7523589511193029e-05 1.4145769572780541e-05 -0.0023581989776972324 -0.0011233009989973287 -5.5945034741570459e-06 -1.5483270757127489e-06 0.0023176497054102174 -0.0022601920399244321 2.2491302155903193e-08 -2.2057026024135696e-08 -0.00065030871460041036 0.0054047498019047912 1.187921762021707e-07 5.4882510624869769e-08 8.6733364369274158e-05 -0.0079464774680306164 -2.0025846948939949e-07 -8.7390496399299275e-08 -6.8743379449746969e-06 0.010732354821723794 6.3874776425475293e-08 -2.2127262726274687e-08 3.3376494408250226e-07 -0.014200405285929066 5.2291859288285328e-08 1.8076113903849769e-07 1.4205978002951522e-07 0.018794954414215592 4.226496900248202e-08 2.4974698733554448e-07 -1.5188469179177289e-07 -0.025313592543734869 -1.2158982658002403e-08 2.4434326419210385e-07 1.5700449550930105e-07 0.035461143117388502 -3.3933599144174958e-07 -2.3288909428271917e-07 1.6743909212270851e-07 -0.053646629047941007 -9.1278228232210737e-10 -1.437611349984751e-07 -8.1564925075287765e-08 0.096041890788590087 1.5016164446096806e-07 5.9817549845698809e-08 2.1351264347009293e-08 -0.30816036913184602 -2.9917773146445989e-08 0.50000004535827114 -7.6463359041720813e-17 -0.3285894563563031 -2.7768905464377596e-08 6.6257783189375726e-08 -1.5274160642191766e-08 0.11655561724692622 1.6321989153373857e-07 -1.6054569576121267e-07 1.0351193923791073e-07 -0.074331391787112608 1.2957290793946846e-08 -2.4625550440451078e-07 -1.7696410859817304e-07 0.056405637258112817 -3.6293591653878644e-07 3.6205195962375231e-07 -1.2102155825671406e-07 -0.046615640226114599 4.7829156561202455e-08 4.9288684792225827e-07 1.1168659538568666e-07 0.040553279787643406 1.0377582559631406e-07 3.2734546057749698e-07 -2.1720287367425147e-07 -0.036534036251672168 -5.571850958486687e-08 -2.0243908682827524e-07 1.8337584106068371e-07 0.033773077364780531 5.7145467407326312e-08 -1.8916200200288498e-07 1.0373911271438989e-07 -0.031859956250679757 -3.4963012504929294e-08 2.0732794239652862e-07 -3.3544281432512712e-07 0.030567863552592441 -6.8561514166983188e-08 -2.4704006516818516e-07 2.5246808081339172e-07 -0.029766263097167466 -1.7710270357998327e-10 1.4943140966387831e-07 -1.0299033701459773e-07 0.029383608974755518 7.4536303535815745e-08 
0 -0 0 -0 0 -0 0 -0 0 -0 0 -0 0 -0 0 -0 0 -0 0 -0 0 -0 0 -0 0 -0 0 -0 0 -0 0 -0 0 -0 0 -0 0 -0 0 -0 0 -0 0 -0 0 -0 0 -0 0 -0 0 -0 0 -0 0 -0 0 -0 0 -0 0 -0 0 -0 0 -0 0 -0 0 -0 0 -0 0 -0 0 -0 0 -0 0 -0 0 -0 0 -0 0 -0 0 -0 0 -0 0 -0 0 -0 0 -0 0 -0 0 -0 0.010774662213123648 -0.0018474082073602995 -0.00021474211933293952 0.027263311236191069 0.00294511926529241 0.00010621147460399425 4.5124427014257826e-05 -0.027711096351657159 0.008598489402877359 -1.6267179686097583e-05 -5.5049319317190949e-06 0.010643656395695972 -0.023728786617269744 1.4086872008923804e-06 6.8914861835228848e-07 -0.0018385353256494487 0.028938209626179413 -1.8517489449355247e-07 -2.9117323779134855e-07 0.00017694781661714359 -0.030964307992109349 1.8238376859365144e-07 -7.387318200277005e-08 -1.0850733514603669e-05 0.033068187853886065 -1.5625169594136965e-07 2.2695992087715713e-07 4.9965674207238855e-07 -0.035959817687003959 5.6687630269263243e-08 2.616890514071527e-07 -1.0835561435644983e-07 0.040094142667694538 -5.0451896095580231e-09 -1.5729230415328374e-08 1.0009392158112196e-07 -0.046259695791548316 -7.1935591256156887e-08 -1.9669226812683942e-07 -8.3852582912092697e-08 0.056145045471045839 2.9747847991439481e-07 1.5917791126400674e-07 -1.3010273775704947e-07 -0.074160623027567887 1.2758318359277604e-08 1.4961498484566441e-07 6.051619714413831e-08 0.11647115134513845 -1.4091370725069916e-07 -7.7340843855536328e-08 -2.5433285577871435e-08 -0.3285894563563031 2.7768905464377596e-08 0.49999996408942537 -4.3363851734683906e-18 -0.30807591028904863 2.9703628530505145e-08 -8.1259320733787179e-08 -3.7973380060920192e-09 0.095871202466906627 -1.7971097756272291e-07 1.9004999309850851e-07 -1.1185379862197174e-07 -0.05338607179395817 1.6708274302659954e-08 1.5231644959073609e-07 1.563323450653414e-07 0.035105070532481061 2.6666708387173158e-07 -4.9286639644638091e-07 9.1989877075757087e-08 -0.024854010366367797 -2.04217331209001e-07 -5.9137615319925207e-07 4.1990954937266931e-08 0.018221170177179509 5.7863634903505479e-10 -9.9234688838831823e-08 1.8087648100371578e-07 -0.01349738698820562 1.0280547339145005e-07 3.2530487827716601e-07 -2.3343014144987193e-07 0.0098845694399311967 -1.6883172318721846e-07 -2.5585609787302245e-07 7.5574824182066725e-08 -0.0069515477457756866 4.5405714586937847e-08 2.1565024837983538e-08 -2.9762058773568292e-08 0.0044362555380960981 -1.2848691395828136e-07 2.0520364110526124e-07 -1.462132867585387e-07 -0.0021615941600539924 9.3216985917696359e-08 -3.9714763226957159e-07 2.0047475880314332e-07 
0 -0 0 -0 0 -0 0 -0 0 -0 0 -0 0 -0 0 -0 0 -0 0 -0 0 -0 0 -0 0 -0 0 -0 0 -0 0 -0 0 -0 0 -0 0 -0 0 -0 0 -0 0 -0 0 -0 0 -0 0 -0 0 -0 0 -0 0 -0 0 -0 0 -0 0 -0 0 -0 0 -0 0 -0 0 -0 0 -0 0 -0 0 -0 0 -0 0 -0 0 -0 0 -0 0 -0 0 -0 0 -0 0 -0 0 -0 0 -0 0 -0 0 -0 0.00018052731540809666 0.00086566298818131901 -0.00072054276943711722 -2.2657411662297922e-05 -1.1698929397658359e-05 0.0019492657609883975 0.00092318016702626967 4.3735484806063073e-06 1.0859063812018425e-06 -0.0019127105174466604 0.0018693298495312254 1.5587884897176662e-07 1.18204394812817e-07 0.00053630299049675124 -0.0044445992076254286 -6.9994226707053444e-08 -1.7183757749283009e-07 -7.1558545134140758e-05 0.0064885641426541546 1.3491719561121822e-07 2.8454164114187664e-07 5.7538992745268526e-06 -0.0086727213211870158 -5.5531508299690023e-08 -6.4716681973551364e-08 -3.4128988108218025e-07 0.011308496871126126 1.2675695208577419e-08 -3.7537798870490635e-07 -7.3117668819005123e-08 -0.014660680625968786 -1.4090296980665485e-07 -3.2646830648489119e-07 1.3545867523647792e-07 0.019150750574120589 6.4096055054621775e-08 -8.1122507523490465e-08 -1.1466033303368863e-07 -0.025573881873236792 1.3492339134069932e-07 2.3553942126707554e-07 2.0033264536201955e-08 0.035631830008327113 -2.6409891025323697e-07 -1.5071079697354712e-07 1.0516099501687068e-07 -0.053731175248703203 -1.1598636925809314e-08 -1.3053564303893048e-07 -5.9873081103711851e-08 0.096041886401671092 1.4758297010262797e-07 6.6257783189375726e-08 1.5274160642191766e-08 -0.30807591028904863 -2.9703628530505145e-08 0.50000005938726633 3.2623643535524951e-16 -0.32876014241937274 -2.2033206402914438e-08 6.2258646971439748e-08 1.4063438845796809e-08 0.11681614849960691 1.616555914469251e-07 -1.6001424572188693e-07 1.1887658083485118e-07 -0.074687422531425851 -3.1489895205070398e-08 -2.0928312610774177e-08 -1.21530425773339e-07 0.056865187585932682 -1.083833392195068e-07 5.5457578454050283e-07 -1.0489610104418038e-07 -0.047189435479927322 2.5808964554477754e-07 2.7380915498363691e-07 -7.8479303084675685e-08 0.041255466649035955 -1.0111920764550659e-07 -1.340365168141796e-07 -1.4923452973748526e-07 -0.037384588906367637 -2.2664915134358915e-08 6.005300413274604e-08 8.4334077076931603e-08 0.034794874094223625 6.8660905836312244e-08 1.9889179334095418e-07 9.3749089608930338e-08 -0.033085367578179946 5.3819341524022789e-08 -1.4749676804021773e-07 -9.5139128458982226e-09 0.032039390534391796 6.3168386414816e-08 9.0484625596485494e-08 -4.0329937958741513e-08 -0.031544142033374696 -1.7528110993597185e-07 
0 -0 0 -0 0 -0 0 -0 0 -0 0 -0 0 -0 0 -0 0 -0 0 -0 0 -0 0 -0 0 -0 0 -0 0 -0 0 -0 0 -0 0 -0 0 -0 0 -0 0 -0 0 -0 0 -0 0 -0 0 -0 0 -0 0 -0 0 -0 0 -0 0 -0 0 -0 0 -0 0 -0 0 -0 0 -0 0 -0 0 -0 0 -0 0 -0 0 -0 0 -0 0 -0 0 -0 0 -0 0 -0 0 -0 0 -0 0 -0 0 -0 0 -0 -0.010178333676031683 0.0017440780088759909 0.00020279924209818721 -0.025805271801989531 -0.0027480001291068233 -0.00010025447859649534 -4.2483075376355114e-05 0.02617205321434293 -0.0081526240386915749 1.5219058800288741e-05 5.0253769874810239e-06 -0.010042383446312605 0.022349081058758678 -1.2829453534323552e-06 -5.4010244099104812e-07 0.0017339840502490257 -0.027117180474834253 1.5755953602287757e-07 2.7167029917910525e-07 -0.00016689030208839027 0.028800847609499487 -2.0131788531952005e-07 -1.1974884592580682e-07 1.0189222147083913e-05 -0.030435078538526283 1.5620597728743752e-07 4.2062550730116625e-08 -3.6438932534977472e-07 0.03261067786442249 1.5158906173616595e-08 8.0087568176464693e-08 5.6980360004024843e-08 -0.035603573107853503 6.3587741449336407e-08 1.5671706918253168e-07 -1.0867157202817498e-07 0.039833514111866378 -4.0850942298546689e-09 8.9520234970480242e-08 9.5538766503729002e-08 -0.046089171101273349 -1.6580359295462929e-07 -2.0324074765477025e-07 2.7557253651054092e-08 0.056060592943848894 2.2943443665429807e-07 1.3621025271798744e-07 -9.6621546935388301e-08 -0.074160608251791521 1.077815376192373e-08 1.5281019473869589e-07 7.774376128046921e-08 0.11655561724692622 -1.6321989153373857e-07 -8.1259320733787179e-08 3.7973380060920192e-09 -0.32876014241937274 2.2033206402914438e-08 0.49999994471719494 3.8597809098720771e-17 -0.30781537884448767 1.5229682955816154e-08 -5.6127967660447362e-08 -1.8526662954191359e-08 0.095515166679477584 -1.2486815971651044e-07 1.2364257314008393e-07 -1.1214601732532483e-07 -0.052926573754048391 5.4995562546245669e-08 -1.3432362283358297e-07 1.1035535664549806e-07 0.034531131087292569 -1.6029460980421603e-08 -3.5935828833999531e-07 3.3242614981724055e-08 -0.024151513541100764 -2.0501490890978469e-07 2.1535959730877429e-08 1.6748046333584018e-08 0.017371658516892239 1.0689412224062583e-07 1.7128797665649708e-09 1.7253811341172145e-07 -0.012475860922434728 3.4932060645963721e-08 -2.131692412047574e-08 -1.3573239483184862e-07 0.0086593844916680995 1.1133463371582756e-08 -1.4071485724379271e-08 5.4952559196024975e-08 -0.0054795762573861626 4.495622477254411e-08 -2.9193213847922746e-08 1.0066344254988304e-07 0.0026580828217072925 -3.2013421781981388e-08 1.309400866817995e-07 -1.1539185982027585e-07 
0 -0 0 -0 0 -0 0 -0 0 -0 0 -0 0 -0 0 -0 0 -0 0 -0 0 -0 0 -0 0 -0 0 -0 0 -0 0 -0 0 -0 0 -0 0 -0 0 -0 0 -0 0 -0 0 -0 0 -0 0 -0 0 -0 0 -0 0 -0 0 -0 0 -0 0 -0 0 -0 0 -0 0 -0 0 -0 0 -0 0 -0 0 -0 0 -0 0 -0 0 -0 0 -0 0 -0 0 -0 0 -0 0 -0 0 -0 0 -0 0 -0 0 -0 -0.00014991333003122064 -0.00071863386470734727 0.00059968843561570759 1.8724700651402815e-05 9.7082473314794269e-06 -0.0016192559231777736 -0.00076350700739462362 -3.4326673775786187e-06 -7.85957194520814e-07 0.0015870150107076539 -0.0015535265437753461 -2.5209196890905076e-07 -1.1831791974990096e-07 -0.00044475426236561389 0.003677805906198844 4.547565184283271e-08 1.6741213498813511e-07 5.9345467726663337e-05 -0.0053403455141817794 -1.2174461135040414e-07 -3.4175158613010011e-07 -4.77122953955791e-06 0.0070820343134139398 1.195277135067391e-07 1.84317075614678e-07 2.6189707047292094e-07 -0.0091337325496818472 -1.4397956928091109e-07 1.5253481893645677e-07 3.4321346890162083e-08 0.011665091511589756 1.9117773664779565e-07 2.5681377926533617e-07 -1.1955985387017861e-07 -0.014921171554302521 -1.4059128366431964e-07 -1.3648250825635659e-08 1.4782051852623154e-07 0.019321462968052077 -7.2170386150991102e-08 -1.812485309447161e-07 -1.0485352641060598e-07 -0.025658256050737759 2.2160711305483884e-07 2.1248892524839179e-07 -3.4090556436074308e-08 0.035631835811795735 -2.5854792243220018e-07 -1.7321686383947928e-07 1.1168751771045177e-07 -0.053646654634060362 1.5775725542218582e-09 -1.6054569576121267e-07 -1.0351193923791073e-07 0.095871202466906627 1.7971097756272291e-07 6.2258646971439748e-08 -1.4063438845796809e-08 -0.30781537884448767 -1.5229682955816154e-08 0.5000000623162717 2.0832944827027029e-16 -0.32911617748977517 -9.6595745152503387e-10 2.0704373637399785e-08 1.7138036808948764e-08 0.11727567701248215 5.7104863963547636e-08 -4.7150650783844896e-08 7.4089628948674079e-08 -0.07526117945771231 -6.0253225207685622e-08 1.4098394311341797e-07 -6.9044573728513933e-08 0.057567725662254585 3.972721893218143e-08 1.6663657521148139e-07 1.018491431349408e-07 -0.048039207188639695 1.1931578619570209e-07 -6.0083056920502442e-08 3.0671890211311602e-08 0.04227743044216957 -1.0096969032664315e-07 -4.62885319860255e-08 -6.366739846871149e-08 -0.038610101422616325 3.7787382317753666e-08 -1.4211644289169015e-07 -9.8222205638274954e-09 0.036266735788176747 -1.3944086760128455e-07 7.8317863963095737e-08 -1.0275691022168204e-07 -0.034860912127859134 -4.1847433159545452e-08 -6.4225219568494972e-08 1.0698479543434476e-07 0.034202128857003841 1.9582648841476905e-07 
0 -0 0 -0 0 -0 0 -0 0 -0 0 -0 0 -0 0 -0 0 -0 0 -0 0 -0 0 -0 0 -0 0 -0 0 -0 0 -0 0 -0 0 -0 0 -0 0 -0 0 -0 0 -0 0 -0 0 -0 0 -0 0 -0 0 -0 0 -0 0 -0 0 -0 0 -0 0 -0 0 -0 0 -0 0 -0 0 -0 0 -0 0 -0 0 -0 0 -0 0 -0 0 -0 0 -0 0 -0 0 -0 0 -0 0 -0 0 -0 0 -0 0 -0 0.0096848510409594663 -0.0016586962608721547 -0.00019295980192030919 0.024591977024895215 0.0025893260478855561 9.5377054519040099e-05 4.0355463605627021e-05 -0.024899131192996801 0.007779538658483358 -1.4396939704090294e-05 -4.6283193807065235e-06 0.0095464025777778141 -0.021215884199206499 1.1610721145209586e-06 3.6111100537644265e-07 -0.0016477964997315003 0.025640146414114981 -8.0901151335483052e-08 -1.6830549193608391e-07 0.00015855854512760085 -0.027075967442461085 1.5286584533196654e-07 1.8132190109590615e-07 -9.626808628929508e-06 0.028383804408972844 -1.2729078071179677e-07 -2.0973266055739488e-07 2.81572151476429e-07 -0.030081258714606221 -8.3811245700167781e-09 -1.0168078434785862e-07 -4.2633587115216168e-09 0.032349710340694851 -1.7704984547273897e-07 -3.3545537286801301e-07 9.2331597462435417e-08 -0.03543272124066249 2.0086972231004786e-07 6.760708566197591e-08 -1.3146252478866109e-07 0.03974903249199277 1.7924413750986073e-08 1.7773138162884766e-07 1.1598940550773255e-07 -0.046089173241502406 -1.7331869825758511e-07 -2.1856558451099168e-07 -1.5875979918942583e-08 0.056145030843076933 2.9286418781291381e-07 2.100987399435859e-07 -1.4198046428152151e-07 -0.074331391787112608 -1.2957290793946846e-08 1.9004999309850851e-07 1.1185379862197174e-07 0.11681614849960691 -1.616555914469251e-07 -5.6127967660447362e-08 1.8526662954191359e-08 -0.32911617748977517 9.6595745152503387e-10 0.49999996278236336 -2.9923132927652668e-17 -0.30735582922370847 4.5135932987301679e-09 -1.6557647360815043e-08 -4.5578986851915076e-09 0.094941328517158668 -2.1059396391762721e-08 4.1066094183227363e-08 -3.5321089067979749e-08 -0.052224244866354443 8.2440885116969423e-08 -1.1857030932454077e-07 1.4302230517674196e-08 0.033681270010902514 -2.4673157334043254e-08 -4.3893980367764807e-08 -1.6129364289473833e-07 -0.023130308383011052 -1.3998831340976499e-08 7.6785446088628908e-08 -7.9026246566755067e-08 0.016145596148508759 -6.2161855835483964e-09 4.7560136412384132e-08 1.3058605455678068e-07 -0.011003486135259208 -8.4949224425311979e-08 6.8160590799649864e-08 -2.1938342396145263e-08 0.0068829002242531204 1.3221187149735064e-07 -2.4894090391789386e-08 -6.7883967478525096e-08 -0.0033184901130844874 -1.0160466648803259e-07 -7.442304140981796e-08 3.9660451793049098e-09 
0 -0 0 -0 0 -0 0 -0 0 -0 0 -0 0 -0 0 -0 0 -0 0 -0 0 -0 0 -0 0 -0 0 -0 0 -0 0 -0 0 -0 0 -0 0 -0 0 -0 0 -0 0 -0 0 -0 0 -0 0 -0 0 -0 0 -0 0 -0 0 -0 0 -0 0 -0 0 -0 0 -0 0 -0 0 -0 0 -0 0 -0 0 -0 0 -0 0 -0 0 -0 0 -0 0 -0 0 -0 0 -0 0 -0 0 -0 0 -0 0 -0 0 -0 0.00012472961758533128 0.0005976851379566701 -0.00049970130850240631 -1.5496414070070138e-05 -8.0550563157523306e-06 0.0013474350112251316 0.00063317474232722055 2.6933583335006179e-06 5.7915663612581164e-07 -0.0013194332667755262 0.001293170405664358 2.9731066985241293e-07 6.9616955815706641e-08 0.00036963392160412745 -0.0030513617537398863 -2.3992132440675577e-08 -8.2460892836986546e-08 -4.9326427270531518e-05 0.0044125228262915078 1.0387116312949838e-07 2.6604654188038289e-07 3.9569890089170761e-06 -0.0058163910908089894 -1.5124551071632345e-07 -1.8367073972295213e-07 -1.943345131181327e-07 0.0074388637250231773 2.0877045796677778e-07 4.0605620002803637e-08 2.7938591438241594e-09 -0.0093943243831360983 -1.615379906084587e-07 -1.9146724243528555e-07 8.0754096515398532e-08 0.011835739629938695 1.8196267934904849e-07 2.1858835752918211e-07 -1.2929804917985449e-07 -0.015005692779110397 -8.8830741571815237e-08 -6.8133333206974124e-08 1.1369134626738753e-07 0.019321457313144105 -5.6897183612307484e-08 -1.0923579480348563e-07 -1.0435029564079186e-07 -0.025573869679199203 1.3410771141801913e-07 2.1962090709996544e-07 9.1869484958567264e-08 0.03546115383750835 -3.2317480429270876e-07 -2.4625550440451078e-07 1.7696410859817304e-07 -0.05338607179395817 -1.6708274302659954e-08 -1.6001424572188693e-07 -1.1887658083485118e-07 0.095515166679477584 1.2486815971651044e-07 2.0704373637399785e-08 -1.7138036808948764e-08 -0.30735582922370847 -4.5135932987301679e-09 0.50000004042491952 -8.3293830453632806e-17 -0.32969005310892718 1.7156478041025947e-08 -2.2775174642829146e-08 -6.1829362708260406e-09 0.11797811687311616 -1.8825754683223307e-08 -1.4328660560478012e-08 1.7640351593446103e-09 -0.07611081156144453 -6.0773381142654976e-08 3.4896538520678468e-08 -2.4688752150965925e-08 0.058589441068796586 -1.3821535714582495e-08 -4.057093907670061e-08 1.5216980413381643e-07 -0.04926441679100322 -3.3106137076083662e-08 1.0537460968925974e-08 -7.2998977820686239e-08 0.043750195171149968 4.2114988821685764e-08 1.2070133887343645e-07 -6.3916959556569851e-08 -0.040387197739498802 1.1855961445840031e-07 -7.0403393151905123e-08 1.6534026195243457e-07 0.038426372425227673 -3.8550052923512096e-08 8.2423062650289451e-08 -1.2433912865018347e-07 -0.037520206292576824 -5.2344103695125885e-08 
0 -0 0 -0 0 -0 0 -0 0 -0 0 -0 0 -0 0 -0 0 -0 0 -0 0 -0 0 -0 0 -0 0 -0 0 -0 0 -0 0 -0 0 -0 0 -0 0 -0 0 -0 0 -0 0 -0 0 -0 0 -0 0 -0 0 -0 0 -0 0 -0 0 -0 0 -0 0 -0 0 -0 0 -0 0 -0 0 -0 0 -0 0 -0 0 -0 0 -0 0 -0 0 -0 0 -0 0 -0 0 -0 0 -0 0 -0 0 -0 0 -0 0 -0 -0.0092754397734701229 0.0015879242483951644 0.00018487936825102182 -0.023580963605691257 -0.0024606265613538341 -9.1355629675049347e-05 -3.8681336069645682e-05 0.023843498787196934 -0.007467326598051406 1.3715723613443423e-05 4.3296870049091112e-06 -0.0091359312471213875 0.020281359142337169 -1.0074987528636757e-06 -1.9045096284254231e-07 0.0015764732228301312 -0.024434058048314122 -4.9234126407205805e-08 1.5240610587959462e-08 -0.00015159945408793846 0.025686245547114836 -5.4991043005706583e-08 -1.0890073076132743e-07 9.1074309564876787e-06 -0.026760169017270446 8.2133231272160556e-08 1.9073706357268238e-07 -1.9279075347440928e-07 0.028125443391642541 -3.7005815775999227e-08 1.0078916234553208e-07 -6.5539291361828506e-08 -0.02991016971937913 2.6870046550690206e-07 3.7056296300564537e-07 -5.356480849932511e-08 0.032265174040501381 -3.6568125060979481e-07 -2.1532817283930589e-07 1.2590169799057268e-07 -0.035432725179296277 1.8885488782233886e-07 3.2685183770066299e-08 -1.1577440192218427e-07 0.039833511595481652 -5.5576938756223745e-09 5.6504162981173181e-08 9.6202993915461542e-08 -0.046259698447185062 -8.3917480919789521e-08 -2.1374292006059251e-07 -1.5567245752561993e-07 0.056405637258112817 3.6293591653878644e-07 1.5231644959073609e-07 -1.563323450653414e-07 -0.074687422531425851 3.1489895205070398e-08 1.2364257314008393e-07 1.1214601732532483e-07 0.11727567701248215 -5.7104863963547636e-08 -1.6557647360815043e-08 4.5578986851915076e-09 -0.32969005310892718 -1.7156478041025947e-08 0.4999999897565805 -2.263809900984997e-16 -0.30665335114034303 -5.5990366210183337e-09 6.3780161998205096e-09 9.7011544067387012e-09 0.094091595636002875 4.5444497176907267e-09 4.1570339472867386e-08 5.0559709246707717e-08 -0.051202826115988052 3.2320815185810249e-08 2.7036906991585256e-08 4.5913065718207706e-08 0.032455712445756346 2.7973840941146763e-08 5.5395803867084919e-08 -1.3839428591266333e-08 -0.02165813549475373 1.0738094975589867e-07 -1.3958460334734619e-07 9.4666358705062506e-08 0.014368295720752954 -1.8941073153201758e-08 -1.1433123655892138e-07 -8.8709412634113405e-08 -0.0088419490106799951 -1.4142982934909264e-07 6.2211243409601054e-08 2.0613013113463043e-08 0.0042263858035559267 1.4146299679583813e-07 2.6607129472946576e-08 1.7600871280520001e-07 
0 -0 0 -0 0 -0 0 -0 0 -0 0 -0 0 -0 0 -0 0 -0 0 -0 0 -0 0 -0 0 -0 0 -0 0 -0 0 -0 0 -0 0 -0 0 -0 0 -0 0 -0 0 -0 0 -0 0 -0 0 -0 0 -0 0 -0 0 -0 0 -0 0 -0 0 -0 0 -0 0 -0 0 -0 0 -0 0 -0 0 -0 0 -0 0 -0 0 -0 0 -0 0 -0 0 -0 0 -0 0 -0 0 -0 0 -0 0 -0 0 -0 0 -0 -0.00010362643450558478 -0.00049621928480167205 0.00041550298643766847 1.275954771467373e-05 6.6135548525893636e-06 -0.0011191206480896832 -0.00052455518946151441 -2.0662949900445559e-06 -3.9284878527282239e-07 0.0010951070965499958 -0.0010743088972526718 -2.6916062428629057e-07 -8.6295705232313267e-09 -0.00030668632074904009 0.0025285955523170803 -9.784293335615191e-08 -3.2071664799213725e-08 4.0917160227356849e-05 -0.0036450514612404203 5.7655341660516539e-08 -1.3093534749220221e-07 -3.2820791243224002e-06 0.0047824902440124373 -5.2263042771694587e-09 9.8786966547874204e-08 1.7699072530806383e-07 -0.0060772595260265494 -6.0659814337849694e-08 -1.0985114336964293e-07 -8.2821273454056612e-08 0.0076092278915859688 -3.6795010240403378e-08 9.5690385673451371e-08 1.3047312234050092e-08 -0.0094787307846280738 -8.3592785789351367e-08 -3.5360534996232384e-07 6.2681295395969482e-08 0.011835727298181279 1.776273938956695e-07 3.0119667762004785e-07 -8.5407198372013875e-08 -0.014921149087150686 -1.451296125732345e-07 -1.1519708211061613e-07 9.7583637978228824e-08 0.019150742002419462 7.8329840105055196e-08 -2.1882460129811166e-08 -9.1060413558562112e-08 -0.025313610487249491 -2.8924594443376285e-08 3.6205195962375231e-07 1.2102155825671406e-07 0.035105070532481061 -2.6666708387173158e-07 -2.0928312610774177e-08 1.21530425773339e-07 -0.052926573754048391 -5.4995562546245669e-08 -4.7150650783844896e-08 -7.4089628948674079e-08 0.094941328517158668 2.1059396391762721e-08 -2.2775174642829146e-08 6.1829362708260406e-09 -0.30665335114034303 5.5990366210183337e-09 0.50000003391711401 -9.0300488027296144e-17 -0.33053983517095892 2.0894329832892319e-08 -2.6566860365858945e-08 -1.5428308844687801e-08 0.11899961505517888 7.077393703193995e-09 -2.7885334195264942e-08 -7.3522213039723099e-08 -0.077336290069084213 -4.4935144153305861e-09 -5.4446761939885736e-08 -9.3270635441593958e-08 0.06006167676631196 -4.3245176704004702e-08 -3.2127893124645547e-08 3.3141982837649252e-08 -0.051041238334279523 -1.0793765489074265e-07 4.9955849648847959e-08 4.7158866699543834e-08 0.045911856133555855 5.2571273272438525e-08 3.1868900385667237e-08 4.387939838502502e-08 -0.043044296330946405 3.1363690130469758e-08 -1.064989395415654e-07 -7.6118981527982707e-08 0.041745238046506233 -7.8449089385799336e-08 
0 -0 0 -0 0 -0 0 -0 0 -0 0 -0 0 -0 0 -0 0 -0 0 -0 0 -0 0 -0 0 -0 0 -0 0 -0 0 -0 0 -0 0 -0 0 -0 0 -0 0 -0 0 -0 0 -0 0 -0 0 -0 0 -0 0 -0 0 -0 0 -0 0 -0 0 -0 0 -0 0 -0 0 -0 0 -0 0 -0 0 -0 0 -0 0 -0 0 -0 0 -0 0 -0 0 -0 0 -0 0 -0 0 -0 0 -0 0 -0 0 -0 0 -0 0.0089361209686264348 -0.0015293563500446907 -0.00017807287317623399 0.022740124893610242 0.0023559146834448057 8.8076900366810325e-05 3.7207981924018398e-05 -0.022968908973698406 0.0072068217019540916 -1.3256830406249946e-05 -3.9982915508363853e-06 0.0087964363943307568 -0.019510623051491094 9.8197711573536603e-07 -7.4251606698127807e-08 -0.0015175168367830736 0.023447217686680073 8.6902934716552835e-08 2.9229237059783882e-07 0.0001458394366268876 -0.024561190017813737 -1.0639093285739564e-09 -1.9951641087595677e-07 -8.6724027129775733e-06 0.025463794294836757 -2.2940177381248973e-08 1.2396905010730972e-07 1.1450944962466477e-07 -0.026591464744286673 6.4378624655135022e-09 -3.2043546082060533e-07 1.5415867531847196e-07 0.028040675064266357 -1.6836307912388233e-07 -1.2430437076712533e-07 -3.0880326443562766e-08 -0.029910164270814284 2.5473016837797959e-07 1.9520688694459171e-07 -7.0834137230354082e-08 0.032349720483323241 -1.4181291042615889e-07 -2.6341287836190564e-07 7.8857102208285854e-08 -0.035603597148374869 3.4995873075508111e-08 3.2057581017382987e-07 -1.0336750428372258e-07 0.040094170042371542 2.6442888119820696e-08 -2.455258954078608e-07 1.5764166106525141e-07 -0.046615640226114599 -4.7829156561202455e-08 -4.9286639644638091e-07 -9.1989877075757087e-08 0.056865187585932682 1.083833392195068e-07 -1.3432362283358297e-07 -1.1035535664549806e-07 -0.07526117945771231 6.0253225207685622e-08 4.1066094183227363e-08 3.5321089067979749e-08 0.11797811687311616 1.8825754683223307e-08 6.3780161998205096e-09 -9.7011544067387012e-09 -0.33053983517095892 -2.0894329832892319e-08 0.49999998390466471 -9.7578724919287433e-18 -0.30563179610888735 -1.8526204406277238e-08 1.6485168633386838e-09 6.2048771149498342e-09 0.092866141281643402 -7.6196666454978232e-09 2.3835297370540045e-08 1.0051720150973702e-07 -0.049730526657077653 4.5347962479345103e-09 -6.8723575527817299e-10 2.294372271750776e-08 0.030678782931474281 -3.145810960225478e-08 8.8070386522508411e-08 -2.0604028600011047e-07 -0.019497235832633516 -6.6699306074316201e-08 8.4860130671261635e-08 -1.0993967402767545e-07 0.011709294867892562 -2.3909739872197247e-08 -7.0969058863408612e-09 -3.2680089525099776e-08 -0.005526016111227292 1.2692727873901862e-09 -1.8067688413317753e-08 -2.7931256797537321e-08 
0 -0 0 -0 0 -0 0 -0 0 -0 0 -0 0 -0 0 -0 0 -0 0 -0 0 -0 0 -0 0 -0 0 -0 0 -0 0 -0 0 -0 0 -0 0 -0 0 -0 0 -0 0 -0 0 -0 0 -0 0 -0 0 -0 0 -0 0 -0 0 -0 0 -0 0 -0 0 -0 0 -0 0 -0 0 -0 0 -0 0 -0 0 -0 0 -0 0 -0 0 -0 0 -0 0 -0 0 -0 0 -0 0 -0 0 -0 0 -0 0 -0 0 -0 8.543961248585776e-05 0.00040950756888197851 -0.00034334321405840649 -1.0802993677616809e-05 -5.4104523065514037e-06 0.00092370912816708219 0.0004322179044638443 1.9067698052833547e-06 1.4057910508600827e-07 -0.00090337936835377939 0.0008868475394354984 1.1117914735384121e-07 2.0629595039895727e-07 0.00025287078959567149 -0.0020834764220764817 1.9795548916452188e-07 -1.0311240741920003e-07 -3.3682466887275179e-05 0.0029962016175415374 -1.7062209976000364e-07 1.4124893036420046e-07 2.676320548591983e-06 -0.0039172342784757012 1.2087634733122818e-07 -4.7754374083684103e-09 -1.6316705414041459e-07 0.00495319951970229 -5.7500302740868474e-08 -4.8674761184391936e-08 1.6661573678857029e-07 -0.0061611882080495782 1.8248948378101784e-07 3.2151811987064086e-07 -1.3848435495853491e-07 0.0076092267751350353 -1.2918683718384802e-08 -7.1078890180920264e-08 6.3488275990951585e-08 -0.0093943159057551413 -1.8255267987216461e-07 9.3898004834372848e-08 -9.5784560258116081e-09 0.011665063022683587 2.0695322589929211e-07 -9.4717200580335463e-08 -5.2469126587899554e-09 -0.014660646470309189 -1.5583472684007886e-07 -1.9184764881521882e-07 2.8663347228365014e-08 0.018794929191142649 2.7190416691151665e-08 4.9288684792225827e-07 -1.1168659538568666e-07 -0.024854010366367797 2.04217331209001e-07 5.5457578454050283e-07 1.0489610104418038e-07 0.034531131087292569 1.6029460980421603e-08 1.4098394311341797e-07 6.9044573728513933e-08 -0.052224244866354443 -8.2440885116969423e-08 -1.4328660560478012e-08 -1.7640351593446103e-09 0.094091595636002875 -4.5444497176907267e-09 -2.6566860365858945e-08 1.5428308844687801e-08 -0.30563179610888735 1.8526204406277238e-08 0.50000003876980192 4.8348641146263346e-17 -0.33176536766807596 1.5781076623193359e-08 -2.5981971855195643e-08 -1.258922945237227e-08 0.12047188217609793 -1.7095147475067996e-08 4.3678668337293003e-08 -9.0253194140436233e-08 -0.079113113897456441 3.3390773993915086e-09 7.1181376673085462e-08 1.0597856528478086e-07 0.062223007091212285 2.2308153815176417e-07 -9.5325196961777481e-08 2.8900728689974213e-07 -0.053698466050942896 1.6814120161147164e-07 -9.3420752453434405e-08 6.40543182779991e-08 0.049231303433432773 -4.8909146784674737e-08 1.5549511264843685e-07 -6.211129757374159e-09 -0.047268857419234478 -4.2406311481485237e-08 
0 -0 0 -0 0 -0 0 -0 0 -0 0 -0 0 -0 0 -0 0 -0 0 -0 0 -0 0 -0 0 -0 0 -0 0 -0 0 -0 0 -0 0 -0 0 -0 0 -0 0 -0 0 -0 0 -0 0 -0 0 -0 0 -0 0 -0 0 -0 0 -0 0 -0 0 -0 0 -0 0 -0 0 -0 0 -0 0 -0 0 -0 0 -0 0 -0 0 -0 0 -0 0 -0 0 -0 0 -0 0 -0 0 -0 0 -0 0 -0 0 -0 0 -0 -0.0086562775212937169 0.0014812200737005781 0.00017226228199205269 -0.022044758706020351 -0.0022708740045235811 -8.5212773095376924e-05 -3.5800667439359907e-05 0.022247902594534776 -0.0069908519395537666 1.2780623533245461e-05 3.8356818722933282e-06 -0.0085169825191018008 0.018877653916320809 -1.018796536881287e-06 -3.4515608731435539e-08 0.0014690622969063447 -0.022642047727610724 -3.1217221280194914e-08 -1.1598556605927818e-07 -0.00014116817708884397 0.023651182013034587 -1.2113205836543503e-08 -1.7217982737072271e-08 8.3909684229694282e-06 -0.024426735384822072 -4.8729184949982859e-09 7.4532976808538597e-08 -1.2426043919537798e-07 0.025381241805660561 3.917877426983035e-08 8.6508225579227511e-08 -1.7707396382161122e-07 -0.026591503720826505 -3.8410583304332038e-09 1.0828842842480999e-07 8.3453627103206251e-08 0.028125477410343408 -2.2942538257845472e-08 -6.6073448563726601e-08 1.5866838100316984e-08 -0.030081316898242279 -3.3080280906480776e-08 -6.8356882928637508e-08 -3.6023343267350734e-08 0.032610784587799257 2.4513338040502824e-08 2.4538464560947939e-07 5.9326957500263444e-08 -0.03595998682425891 6.4523015000941559e-08 -7.2933057672859286e-08 -8.8732004400191031e-08 0.040553279787643406 -1.0377582559631406e-07 -5.9137615319925207e-07 -4.1990954937266931e-08 -0.047189435479927322 -2.5808964554477754e-07 -3.5935828833999531e-07 -3.3242614981724055e-08 0.057567725662254585 -3.972721893218143e-08 -1.1857030932454077e-07 -1.4302230517674196e-08 -0.07611081156144453 6.0773381142654976e-08 4.1570339472867386e-08 -5.0559709246707717e-08 0.11899961505517888 -7.077393703193995e-09 1.6485168633386838e-09 -6.2048771149498342e-09 -0.33176536766807596 -1.5781076623193359e-08 0.49999999957206176 -1.1276655505914907e-17 -0.30415946263823651 -1.4618405020510319e-08 1.305064100114592e-08 2.5464805405604087e-08 0.091089190832846348 6.5323420530466887e-08 -1.0597241799709857e-07 7.8905208200563999e-08 -0.047569524448208562 -4.6940344376488959e-08 -1.7302722970546618e-07 -1.4930276804271299e-07 0.028020766843519802 -2.8202919746719202e-07 3.2863325989635195e-08 -1.8024352931369081e-07 -0.016179740694912903 -9.8804643296383147e-08 -2.2407634290843506e-08 1.3402794841963175e-07 0.0074839330799412861 1.7483830008335526e-07 -1.200398823792922e-07 1.1545439543927797e-07 
0 -0 0 -0 0 -0 0 -0 0 -0 0 -0 0 -0 0 -0 0 -0 0 -0 0 -0 0 -0 0 -0 0 -0 0 -0 0 -0 0 -0 0 -0 0 -0 0 -0 0 -0 0 -0 0 -0 0 -0 0 -0 0 -0 0 -0 0 -0 0 -0 0 -0 0 -0 0 -0 0 -0 0 -0 0 -0 0 -0 0 -0 0 -0 0 -0 0 -0 0 -0 0 -0 0 -0 0 -0 0 -0 0 -0 0 -0 0 -0 0 -0 0 -0 -6.9678121634712576e-05 -0.00033407779836694873 0.00028046294163416332 8.8588949065422289e-06 4.4367066350418899e-06 -0.0007535710312006552 -0.0003522588186447415 -1.57839757636377e-06 -1.0291375427682179e-07 0.00073662529396233134 -0.00072352839277348494 -1.187015671170629e-07 -1.9135694427449942e-07 -0.00020604346740858758 0.0016974803334850921 -1.1043775557161784e-07 1.0409602618961723e-07 2.733956763122812e-05 -0.0024366755660951492 5.8360250825044728e-08 -1.3927479564107665e-07 -2.1049883914069473e-06 0.0031771029236119684 1.2676232901296581e-08 4.5390834423111154e-08 1.1973787714144102e-07 -0.0040021666958572309 -8.0959708210716298e-08 -6.8053100336962769e-08 -2.1169950137374425e-07 0.004953217147192498 -6.4037392166998857e-08 -2.1570309325482491e-07 2.4084464972347525e-07 -0.0060773031329752073 -7.3601560309513772e-08 -9.9478542124206337e-08 -1.923083061118664e-07 0.0074389437400460738 2.1814035861656224e-07 8.2677319040450018e-08 1.2281659600258866e-07 -0.0091338344691190912 -1.4006759977616719e-07 6.3717980342160596e-08 -8.6476583295788521e-08 0.011308606419638068 8.7851962147262636e-09 -2.5663701184036273e-07 -6.3643774196391846e-09 -0.014200448614035119 6.5447846657328036e-08 3.2734546057749698e-07 2.1720287367425147e-07 0.018221170177179509 -5.7863634903505479e-10 2.7380915498363691e-07 7.8479303084675685e-08 -0.024151513541100764 2.0501490890978469e-07 1.6663657521148139e-07 -1.018491431349408e-07 0.033681270010902514 2.4673157334043254e-08 3.4896538520678468e-08 2.4688752150965925e-08 -0.051202826115988052 -3.2320815185810249e-08 -2.7885334195264942e-08 7.3522213039723099e-08 0.092866141281643402 7.6196666454978232e-09 -2.5981971855195643e-08 1.258922945237227e-08 -0.30415946263823651 1.4618405020510319e-08 0.49999999538519257 6.2395834600025777e-17 -0.3335423145326385 -6.5042434933545101e-09 -2.7327079233928407e-08 -5.0175633623644271e-08 0.12263312719902396 -8.7639144419590186e-08 1.6063650274940176e-07 -8.5614706954842237e-08 -0.081770839786132851 1.0550608730422537e-08 2.1438304548027152e-07 8.5472218774721277e-08 0.065541034884851135 1.7824519578915427e-07 1.8500243392532602e-08 -5.3249332562624922e-08 -0.057924200494722598 -6.1276190361050997e-08 -1.5072640195545493e-08 -2.8004105557787989e-07 0.054754620182045619 -1.5069669995086901e-07 
0 -0 0 -0 0 -0 0 -0 0 -0 0 -0 0 -0 0 -0 0 -0 0 -0 0 -0 0 -0 0 -0 0 -0 0 -0 0 -0 0 -0 0 -0 0 -0 0 -0 0 -0 0 -0 0 -0 0 -0 0 -0 0 -0 0 -0 0 -0 0 -0 0 -0 0 -0 0 -0 0 -0 0 -0 0 -0 0 -0 0 -0 0 -0 0 -0 0 -0 0 -0 0 -0 0 -0 0 -0 0 -0 0 -0 0 -0 0 -0 0 -0 0 -0 0.0084282419217998183 -0.0014419249816632967 -0.00016774876416211028 0.021476849768953359 0.0022023762524509428 8.2934558604544744e-05 3.4866193470420621e-05 -0.021660510217279352 0.006814177994405899 -1.2370435981258821e-05 -3.734780517241707e-06 0.0082896377844886397 -0.018363574201300043 9.1850040540474502e-07 4.4731250115163161e-08 -0.0014297782221988091 0.021991466980317995 1.1842706535566421e-07 9.186633727830517e-08 0.00013753947719096532 -0.022920900900435061 -6.4547451671577653e-08 5.7038457708737224e-08 -8.3611481148049364e-06 0.023601630070784571 4.6797149645908418e-08 -1.1112904980629759e-07 3.416620743858277e-07 -0.024428536524312747 -1.0796563930372456e-08 5.3244145791299371e-08 3.7565744829302299e-09 0.025465709196746473 -3.4319407594495896e-09 -1.4624453113919442e-07 2.1948082495649586e-08 -0.026762155276581209 6.2370021734203214e-08 2.2165622980172398e-07 -5.304888342262335e-08 0.028385880646724763 -1.015277284485087e-07 -2.0685338710168192e-07 1.2914801752376515e-08 -0.030437256328695369 1.428461871983083e-07 6.0292013033735631e-08 4.357298811113e-08 0.033070461705072454 -1.613254233921376e-07 4.6855036301764874e-08 -2.9277395045408141e-08 -0.036534036251672168 5.571850958486687e-08 -9.9234688838831823e-08 -1.8087648100371578e-07 0.041255466649035955 1.0111920764550659e-07 2.1535959730877429e-08 -1.6748046333584018e-08 -0.048039207188639695 -1.1931578619570209e-07 -4.3893980367764807e-08 1.6129364289473833e-07 0.058589441068796586 1.3821535714582495e-08 2.7036906991585256e-08 -4.5913065718207706e-08 -0.077336290069084213 4.4935144153305861e-09 2.3835297370540045e-08 -1.0051720150973702e-07 0.12047188217609793 1.7095147475067996e-08 1.305064100114592e-08 -2.5464805405604087e-08 -0.3335423145326385 6.5042434933545101e-09 0.50000003955058414 -1.4051321035905221e-16 -0.30199828164782044 6.2551931947295922e-09 3.1235198715687577e-08 6.8533276109408987e-08 0.088431331965218546 1.1841651511627519e-07 -1.4372435242811017e-07 8.0497482060559664e-08 -0.04425144605050834 4.6162216180375616e-08 -1.4765619278905401e-07 -7.13022814599979e-09 0.023795761755435688 -3.9856267344933341e-08 4.1544152475237205e-08 1.3831610591060652e-07 -0.010654274969320008 7.6765739512699799e-08 8.3015881634663363e-08 1.4231362554623871e-07 
0 -0 0 -0 0 -0 0 -0 0 -0 0 -0 0 -0 0 -0 0 -0 0 -0 0 -0 0 -0 0 -0 0 -0 0 -0 0 -0 0 -0 0 -0 0 -0 0 -0 0 -0 0 -0 0 -0 0 -0 0 -0 0 -0 0 -0 0 -0 0 -0 0 -0 0 -0 0 -0 0 -0 0 -0 0 -0 0 -0 0 -0 0 -0 0 -0 0 -0 0 -0 0 -0 0 -0 0 -0 0 -0 0 -0 0 -0 0 -0 0 -0 0 -0 5.571452602371302e-05 0.00026710833545996076 -0.00022436902948148144 -7.1026376294650401e-06 -3.5226341459959956e-06 0.00060262339053744119 0.00028136865004194827 1.2579919997733029e-06 3.9458111683871651e-08 -0.00058890994531339731 0.0005786715345267074 8.1292205381343683e-08 1.6536395357786894e-07 0.00016472415298783829 -0.0013561562649808904 1.3054730276037504e-07 -6.6998552203185184e-08 -2.1884997825163495e-05 0.0019440718340851524 -9.7360665161957328e-08 7.2254495796867158e-08 1.7222888131013962e-06 -0.00252969434095526 4.089843482802828e-08 2.0896314275064452e-08 -1.4488734863339823e-07 0.0031776108379635432 1.2988601317978302e-08 9.1389547567059677e-09 2.3420201886615848e-07 -0.0039178585978884078 1.2790372397956598e-07 2.7617284611966253e-07 -2.4212925292759774e-07 0.0047832612094730817 7.9063944968199031e-10 4.8334910264071601e-08 1.5645664096235024e-07 -0.0058173396075540847 -1.5035692709588045e-07 -9.7476956703051063e-08 -3.5578831392948252e-08 0.007083170540233834 9.8355225138624941e-08 5.5762904087019761e-08 -1.941031477003579e-08 -0.0086740764552826546 -3.3865073730546719e-08 9.5831584383785408e-08 6.6153743536878234e-08 0.010733964581699208 5.3303674652181595e-08 -2.0243908682827524e-07 -1.8337584106068371e-07 -0.01349738698820562 -1.0280547339145005e-07 -1.340365168141796e-07 1.4923452973748526e-07 0.017371658516892239 -1.0689412224062583e-07 -6.0083056920502442e-08 -3.0671890211311602e-08 -0.023130308383011052 1.3998831340976499e-08 -4.057093907670061e-08 -1.5216980413381643e-07 0.032455712445756346 -2.7973840941146763e-08 -5.4446761939885736e-08 9.3270635441593958e-08 -0.049730526657077653 -4.5347962479345103e-09 4.3678668337293003e-08 9.0253194140436233e-08 0.091089190832846348 -6.5323420530466887e-08 -2.7327079233928407e-08 5.0175633623644271e-08 -0.30199828164782044 -6.2551931947295922e-09 0.49999994976647055 -7.6422700994963512e-17 -0.3362001252376256 -1.3481108355828941e-08 -3.9213681177718799e-08 -6.1868015205298257e-08 0.12595113680509734 -1.0027172897678977e-07 6.1503338677621937e-08 -3.8238599604842104e-08 -0.085996455756743279 -6.1125980858080912e-08 4.1039626899816906e-08 4.729528437841527e-08 0.071065284675830093 1.9425898841406205e-08 -8.1039180935257033e-08 -7.9287966863181538e-09 -0.065409195310869903 8.1871818770309505e-09 
0 -0 0 -0 0 -0 0 -0 0 -0 0 -0 0 -0 0 -0 0 -0 0 -0 0 -0 0 -0 0 -0 0 -0 0 -0 0 -0 0 -0 0 -0 0 -0 0 -0 0 -0 0 -0 0 -0 0 -0 0 -0 0 -0 0 -0 0 -0 0 -0 0 -0 0 -0 0 -0 0 -0 0 -0 0 -0 0 -0 0 -0 0 -0 0 -0 0 -0 0 -0 0 -0 0 -0 0 -0 0 -0 0 -0 0 -0 0 -0 0 -0 0 -0 -0.008246113509662395 0.0014105893680905581 0.00016407931807027533 -0.021022448944726178 -0.0021482436778853769 -8.1092713435602888e-05 -3.4059196916580007e-05 0.0211914470163743 -0.0066725571878837155 1.204500249141883e-05 3.6565999360317278e-06 -0.0081082160052067739 0.017954022177807814 -8.7570764638297179e-07 -9.3268111132074344e-08 0.001398374660019974 -0.021475312121952878 -1.4719543354617034e-07 -2.0353506318562182e-08 -0.00013454514691776836 0.022344653615972647 9.6449386101945169e-08 -1.3935973887771841e-07 8.2109440199249356e-06 -0.022954945711841632 -6.7542354396436192e-08 1.7919438142456543e-07 -3.6331969172245403e-07 0.023687921833922841 -4.134649251204615e-09 -1.8662390079344676e-07 -3.9430930429487515e-08 -0.024599207355287776 -2.5214960841845974e-08 1.5404928955002661e-07 8.0339133005848043e-08 0.025725741989561911 -3.24585264450631e-08 -2.7451005760862952e-07 -9.1334632504366594e-08 -0.02711724487499716 1.2599308999006639e-07 3.1424489190363624e-07 1.2353949432862853e-07 0.028844270922216211 -1.7673382193693931e-07 -2.203276199969396e-07 -1.6044678407358802e-07 -0.031010310864970393 1.6620537656700339e-07 2.2531919130043278e-08 1.1058243922520624e-07 0.033773077364780531 -5.7145467407326312e-08 3.2530487827716601e-07 2.3343014144987193e-07 -0.037384588906367637 2.2664915134358915e-08 1.7128797665649708e-09 -1.7253811341172145e-07 0.04227743044216957 1.0096969032664315e-07 7.6785446088628908e-08 7.9026246566755067e-08 -0.04926441679100322 3.3106137076083662e-08 5.5395803867084919e-08 1.3839428591266333e-08 0.06006167676631196 4.3245176704004702e-08 -6.8723575527817299e-10 -2.294372271750776e-08 -0.079113113897456441 -3.3390773993915086e-09 -1.0597241799709857e-07 -7.8905208200563999e-08 0.12263312719902396 8.7639144419590186e-08 3.1235198715687577e-08 -6.8533276109408987e-08 -0.3362001252376256 1.3481108355828941e-08 0.50000003922200342 5.5510913003241412e-17 -0.298680295700882 -5.4823383181589266e-09 5.4944514724229373e-08 3.9224932759428671e-08 0.084205961547215324 5.4719207963985643e-08 -1.5996905812790241e-08 -3.5785858556842293e-08 -0.038726628631139362 1.5643710664506146e-08 1.3551229194487722e-08 -1.286494557697744e-07 0.016311051293712117 -4.5509246768892205e-08 1.0746200205732914e-08 -6.2982428615003801e-08 
0 -0 0 -0 0 -0 0 -0 0 -0 0 -0 0 -0 0 -0 0 -0 0 -0 0 -0 0 -0 0 -0 0 -0 0 -0 0 -0 0 -0 0 -0 0 -0 0 -0 0 -0 0 -0 0 -0 0 -0 0 -0 0 -0 0 -0 0 -0 0 -0 0 -0 0 -0 0 -0 0 -0 0 -0 0 -0 0 -0 0 -0 0 -0 0 -0 0 -0 0 -0 0 -0 0 -0 0 -0 0 -0 0 -0 0 -0 0 -0 0 -0 0 -0 -4.3140407030262424e-05 -0.00020654344731485907 0.00017360790658497996 5.3710292978814595e-06 2.6847125332634242e-06 -0.00046602912679939842 -0.00021745754521116346 -8.3864874781276243e-07 -3.3992111031425237e-08 0.00045531483192490772 -0.00044752397783056052 -8.9354954771490327e-08 -3.4372154833142131e-08 -0.00012732102234288203 0.0010480344659009866 -1.4675987557002442e-07 -7.5994979766481944e-08 1.6893666955413487e-05 -0.0015009270557155214 1.4419405099885179e-07 8.1801578644319009e-08 -1.3148805858986464e-06 0.001950247637256289 -1.0963898631097493e-07 -1.5494100345703544e-07 1.0776428379331088e-07 -0.0024447930882573782 7.3557463473067001e-08 1.1056531050303297e-07 -1.9535074485661425e-07 0.003006148353753217 -1.9695827738153059e-07 -3.4071957084111401e-07 2.0654849547275595e-07 -0.0036571168718824865 8.0807744745995154e-08 1.2571000020326975e-08 -1.3340973015619783e-07 0.0044270746235011409 6.9359409099488977e-08 1.1955918634446107e-07 3.2645663879387358e-08 -0.0053578455366148151 -6.1882225412856571e-08 -2.2230952159946006e-07 -2.3355877175280106e-08 0.006509661597190167 7.2156749947836676e-08 2.2746295228834207e-07 7.7990311137124472e-08 -0.0079720932646490973 -1.611384540243842e-07 -1.8916200200288498e-07 -1.0373911271438989e-07 0.0098845694399311967 1.6883172318721846e-07 6.005300413274604e-08 -8.4334077076931603e-08 -0.012475860922434728 -3.4932060645963721e-08 -4.62885319860255e-08 6.366739846871149e-08 0.016145596148508759 6.2161855835483964e-09 1.0537460968925974e-08 7.2998977820686239e-08 -0.02165813549475373 -1.0738094975589867e-07 -3.2127893124645547e-08 -3.3141982837649252e-08 0.030678782931474281 3.145810960225478e-08 7.1181376673085462e-08 -1.0597856528478086e-07 -0.047569524448208562 4.6940344376488959e-08 1.6063650274940176e-07 8.5614706954842237e-08 0.088431331965218546 -1.1841651511627519e-07 -3.9213681177718799e-08 6.1868015205298257e-08 -0.298680295700882 5.4823383181589266e-09 0.49999997127831969 -9.7137738481596042e-17 -0.34042548538622969 1.3219596273162304e-08 -2.5018934862604407e-08 -2.0941558699238173e-08 0.13147582705697461 -1.0829413074922451e-08 6.7672817077183035e-10 5.3372733379275276e-08 -0.093481140428567339 1.3531782653841683e-08 1.3326378558277593e-08 1.0088965086267252e-07 0.081719982968819535 1.9450931127486976e-08 
0 -0 0 -0 0 -0 0 -0 0 -0 0 -0 0 -0 0 -0 0 -0 0 -0 0 -0 0 -0 0 -0 0 -0 0 -0 0 -0 0 -0 0 -0 0 -0 0 -0 0 -0 0 -0 0 -0 0 -0 0 -0 0 -0 0 -0 0 -0 0 -0 0 -0 0 -0 0 -0 0 -0 0 -0 0 -0 0 -0 0 -0 0 -0 0 -0 0 -0 0 -0 0 -0 0 -0 0 -0 0 -0 0 -0 0 -0 0 -0 0 -0 0 -0 0.0081049808748861508 -0.0013863089589645199 -0.00016123572929469909 0.020669756626130149 0.0021066773197209602 7.9696809526013474e-05 3.3440872276389633e-05 -0.020828021065049527 0.0065624817516508147 -1.1827773455204869e-05 -3.5670706832567875e-06 0.0079677658385124001 -0.017637400185773179 8.5484228354544731e-07 6.5131975511437718e-08 -0.0013740726335167975 0.021077758689902252 1.7128334378993153e-07 6.1088711838651274e-08 0.0001322304147452471 -0.021902967386637915 -1.3608661978084687e-07 7.4163084250712727e-08 -8.0981093713710257e-06 0.022462200466205229 1.1487535314458663e-07 -6.6347763463484299e-08 3.8454115635841732e-07 -0.023127497306654459 -3.6103701780366072e-08 8.3397351937407344e-08 5.9364565196149471e-08 0.023948777010247259 1.2193792070904637e-07 9.2272401023112332e-08 -1.4620003638732482e-07 -0.024955125608255416 -8.9366944391063165e-08 1.6500188227872896e-08 1.7804357695095097e-07 0.026184811921695774 -2.5637261364847399e-08 -6.9496916562162046e-08 -1.8328369482756804e-07 -0.027690401183178233 7.4621431866495718e-08 5.357694676538623e-08 1.9062153058039318e-07 0.029546096316278008 -6.8374918724706456e-08 4.5351708050439615e-08 -1.5566564834882803e-07 -0.031859956250679757 3.4963012504929294e-08 -2.5585609787302245e-07 -7.5574824182066725e-08 0.034794874094223625 -6.8660905836312244e-08 -2.131692412047574e-08 1.3573239483184862e-07 -0.038610101422616325 -3.7787382317753666e-08 4.7560136412384132e-08 -1.3058605455678068e-07 0.043750195171149968 -4.2114988821685764e-08 -1.3958460334734619e-07 -9.4666358705062506e-08 -0.051041238334279523 1.0793765489074265e-07 8.8070386522508411e-08 2.0604028600011047e-07 0.062223007091212285 -2.2308153815176417e-07 -1.7302722970546618e-07 1.4930276804271299e-07 -0.081770839786132851 -1.0550608730422537e-08 -1.4372435242811017e-07 -8.0497482060559664e-08 0.12595113680509734 1.0027172897678977e-07 5.4944514724229373e-08 -3.9224932759428671e-08 -0.34042548538622969 -1.3219596273162304e-08 0.49999998904302095 -5.6812266630134337e-17 -0.29315565564231022 -7.2863410360656258e-09 1.8771332482220234e-08 3.3793135823691343e-08 0.076721192522157824 -5.9787980054204271e-11 -2.3812024143527774e-08 -2.5533796283407629e-09 -0.028072216818864695 -3.0092204385730199e-09 4.2266633292278866e-10 -2.2457014705196561e-08 
0 -0 0 -0 0 -0 0 -0 0 -0 0 -0 0 -0 0 -0 0 -0 0 -0 0 -0 0 -0 0 -0 0 -0 0 -0 0 -0 0 -0 0 -0 0 -0 0 -0 0 -0 0 -0 0 -0 0 -0 0 -0 0 -0 0 -0 0 -0 0 -0 0 -0 0 -0 0 -0 0 -0 0 -0 0 -0 0 -0 0 -0 0 -0 0 -0 0 -0 0 -0 0 -0 0 -0 0 -0 0 -0 0 -0 0 -0 0 -0 0 -0 0 -0 3.1512388431597047e-05 0.00015083630285319148 -0.00012692814811374859 -3.9261578431700404e-06 -1.9285469196874239e-06 0.0003402463438634298 0.00015882665476037373 6.0702083107420447e-07 -1.4084492370877122e-08 -0.00033231508324439837 0.00032668277848419368 3.4725570187324828e-08 4.000686867505769e-08 9.2811241205132842e-05 -0.00076477332804288903 1.745899816075665e-07 5.5986132894491381e-08 -1.219380985085404e-05 0.0010945569605103397 -1.9640197258757145e-07 -7.0839734949329665e-08 8.3184994138016588e-07 -0.0014208399137533338 1.9007717898408769e-07 1.3357156611107086e-07 3.2758842475296489e-08 0.0017786880780558396 -1.8081802733398222e-07 -1.0214796382968359e-07 5.4591564010223393e-08 -0.0021830547845841431 2.9166034643506031e-07 2.892820123904419e-07 -8.4308736941697759e-08 0.0026493285877984152 -2.1063990548062842e-07 -2.8933237529186862e-08 5.2554449128966341e-08 -0.0031968798445410579 9.3333914197572327e-08 -9.4089283785030331e-08 -8.2817419938614478e-09 0.0038529081476783608 -8.793361107187415e-08 2.1468447604282323e-07 6.1128212379098004e-08 -0.0046557655346594132 5.0525344636872785e-08 -2.5481439534960316e-07 -2.0067434357592395e-07 0.0056608810362976953 5.5045142247530794e-08 2.0732794239652862e-07 3.3544281432512712e-07 -0.0069515477457756866 -4.5405714586937847e-08 1.9889179334095418e-07 -9.3749089608930338e-08 0.0086593844916680995 -1.1133463371582756e-08 -1.4211644289169015e-07 9.8222205638274954e-09 -0.011003486135259208 8.4949224425311979e-08 1.2070133887343645e-07 6.3916959556569851e-08 0.014368295720752954 1.8941073153201758e-08 4.9955849648847959e-08 -4.7158866699543834e-08 -0.019497235832633516 6.6699306074316201e-08 -9.5325196961777481e-08 -2.8900728689974213e-07 0.028020766843519802 2.8202919746719202e-07 2.1438304548027152e-07 -8.5472218774721277e-08 -0.04425144605050834 -4.6162216180375616e-08 6.1503338677621937e-08 3.8238599604842104e-08 0.084205961547215324 -5.4719207963985643e-08 -2.5018934862604407e-08 2.0941558699238173e-08 -0.29315565564231022 7.2863410360656258e-09 0.50000000279349688 -4.1651151125029233e-17 -0.34791021319112442 -3.4880648114243324e-09 1.3768558231993745e-09 -4.7039096281936855e-08 0.14213029933299054 -4.3912391827114384e-09 6.7747423536137379e-09 -2.8436967489793855e-08 -0.10979210029770106 -3.4106950794917379e-09 
0 -0 0 -0 0 -0 0 -0 0 -0 0 -0 0 -0 0 -0 0 -0 0 -0 0 -0 0 -0 0 -0 0 -0 0 -0 0 -0 0 -0 0 -0 0 -0 0 -0 0 -0 0 -0 0 -0 0 -0 0 -0 0 -0 0 -0 0 -0 0 -0 0 -0 0 -0 0 -0 0 -0 0 -0 0 -0 0 -0 0 -0 0 -0 0 -0 0 -0 0 -0 0 -0 0 -0 0 -0 0 -0 0 -0 0 -0 0 -0 0 -0 0 -0 -0.0080013271489100292 0.0013685659568885848 0.00015895060070851146 -0.020410412818525864 -0.002076376111289727 -7.8641550072971285e-05 -3.279219577472924e-05 0.020561203479739183 -0.0064814758806311656 1.1717679051928267e-05 3.4444853144449601e-06 -0.0078647628863501694 0.017405422848672799 -9.9183491269108845e-07 -6.4100830438347681e-08 0.0013563239428236232 -0.020787442510020591 -1.3002370803313807e-08 -4.8612991167224772e-08 -0.00013063765844445409 0.021581813493541834 -2.7810106853653662e-09 -7.8966159266278745e-08 8.1484185361964033e-06 -0.022105785062192188 1.5238824016069814e-09 4.4305971315859268e-08 -5.6147454789386851e-07 0.022724530523178958 -6.2498836058153745e-08 -7.286966242779691e-08 1.1716572554954179e-07 -0.023484197489607426 -9.2035096513671809e-08 -2.0321834977117303e-07 -2.5519289172584185e-08 0.024408813785858144 1.1233766159581818e-07 1.0568746745859318e-07 4.8110569586773794e-09 -0.02552946645630768 -2.301171039476148e-08 -4.6914813081616293e-08 -3.9720881359992682e-08 0.02688773801423875 1.9800833014110394e-08 -1.54735501646428e-09 5.6667505658681281e-08 -0.028540532625213021 -6.223656233540754e-08 1.1862199443227752e-08 -3.5694425249945515e-08 0.030567863552592441 6.8561514166983188e-08 2.1565024837983538e-08 2.9762058773568292e-08 -0.033085367578179946 -5.3819341524022789e-08 -1.4071485724379271e-08 -5.4952559196024975e-08 0.036266735788176747 1.3944086760128455e-07 6.8160590799649864e-08 2.1938342396145263e-08 -0.040387197739498802 -1.1855961445840031e-07 -1.1433123655892138e-07 8.8709412634113405e-08 0.045911856133555855 -5.2571273272438525e-08 8.4860130671261635e-08 1.0993967402767545e-07 -0.053698466050942896 -1.6814120161147164e-07 3.2863325989635195e-08 1.8024352931369081e-07 0.065541034884851135 -1.7824519578915427e-07 -1.4765619278905401e-07 7.13022814599979e-09 -0.085996455756743279 6.1125980858080912e-08 -1.5996905812790241e-08 3.5785858556842293e-08 0.13147582705697461 1.0829413074922451e-08 1.8771332482220234e-08 -3.3793135823691343e-08 -0.34791021319112442 3.4880648114243324e-09 0.49999999006867463 1.4467310735291045e-17 -0.28250114062693837 2.4529397229700358e-09 1.0976920888491841e-08 2.6499775200573455e-08 0.060410310343078068 4.9251755994210513e-09 -9.6886161823385442e-09 1.9625577605790712e-08 
0 -0 0 -0 0 -0 0 -0 0 -0 0 -0 0 -0 0 -0 0 -0 0 -0 0 -0 0 -0 0 -0 0 -0 0 -0 0 -0 0 -0 0 -0 0 -0 0 -0 0 -0 0 -0 0 -0 0 -0 0 -0 0 -0 0 -0 0 -0 0 -0 0 -0 0 -0 0 -0 0 -0 0 -0 0 -0 0 -0 0 -0 0 -0 0 -0 0 -0 0 -0 0 -0 0 -0 0 -0 0 -0 0 -0 0 -0 0 -0 0 -0 0 -0 -2.0587761585713935e-05 -9.8579800377105635e-05 8.2945825483192394e-05 2.5818501084342417e-06 1.26738591761847e-06 -0.00022240375682139508 -0.00010375084294494142 -4.108762935116352e-07 8.8611205450585126e-09 0.00021721461290575967 -0.00021356100967396294 -2.5429353257312849e-08 -3.4115735309260435e-08 -6.0688635405383026e-05 0.00049976200812219666 -1.000122339208798e-07 -2.7929322479819986e-08 8.0038045818757109e-06 -0.00071497045057238257 1.0595729214173619e-07 3.9202763467853319e-08 -5.7867567649880894e-07 0.00092752794665379456 -9.3019627441112186e-08 -8.1181478867178333e-08 1.3606912943727238e-08 -0.0011601211113058897 7.7107497167594885e-08 5.7215741830648783e-08 -7.098747676868087e-08 0.0014221929225560442 -1.407922566582434e-07 -1.8230255265201314e-07 8.6758837024293746e-08 -0.0017232855004147673 7.2065718249518278e-08 -3.3734841545554407e-09 -5.8490281924402038e-08 0.0020752111077217282 2.4197728094771054e-08 1.0404701764572318e-07 2.0428583493704724e-08 -0.0024943918860324175 -4.5903180481086552e-08 -2.1410229229741213e-07 -5.301032093568982e-08 0.0030036278562633693 9.0346282771531075e-08 2.708551456377356e-07 1.5325898533840743e-07 -0.0036351781140841785 -1.7102081686391649e-07 -2.4704006516818516e-07 -2.5246808081339172e-07 0.0044362555380960981 1.2848691395828136e-07 -1.4749676804021773e-07 9.5139128458982226e-09 -0.0054795762573861626 -4.495622477254411e-08 7.8317863963095737e-08 1.0275691022168204e-07 0.0068829002242531204 -1.3221187149735064e-07 -7.0403393151905123e-08 -1.6534026195243457e-07 -0.0088419490106799951 1.4142982934909264e-07 3.1868900385667237e-08 -4.387939838502502e-08 0.011709294867892562 2.3909739872197247e-08 -9.3420752453434405e-08 -6.40543182779991e-08 -0.016179740694912903 9.8804643296383147e-08 1.8500243392532602e-08 5.3249332562624922e-08 0.023795761755435688 3.9856267344933341e-08 4.1039626899816906e-08 -4.729528437841527e-08 -0.038726628631139362 -1.5643710664506146e-08 6.7672817077183035e-10 -5.3372733379275276e-08 0.076721192522157824 5.9787980054204271e-11 1.3768558231993745e-09 4.7039096281936855e-08 -0.28250114062693837 -2.4529397229700358e-09 0.49999999625221009 1.4808631925810026e-17 -0.36422116966025314 7.2039380472408039e-10 -1.569478160601943e-09 -1.7856430937278548e-09 0.17020241804357772 -1.5317741356586305e-09 
0 -0 0 -0 0 -0 0 -0 0 -0 0 -0 0 -0 0 -0 0 -0 0 -0 0 -0 0 -0 0 -0 0 -0 0 -0 0 -0 0 -0 0 -0 0 -0 0 -0 0 -0 0 -0 0 -0 0 -0 0 -0 0 -0 0 -0 0 -0 0 -0 0 -0 0 -0 0 -0 0 -0 0 -0 0 -0 0 -0 0 -0 0 -0 0 -0 0 -0 0 -0 0 -0 0 -0 0 -0 0 -0 0 -0 0 -0 0 -0 0 -0 0 -0 0.0079332735253966266 -0.0013568708948895945 -0.00015757405170300655 0.02023992542105145 0.0020566160839456753 7.796266460308037e-05 3.2489339153063611e-05 -0.020386011305137085 0.0064281577900111402 -1.1609199905421216e-05 -3.4078698329230709e-06 0.007797148582656269 -0.017253318726877558 9.8260345586848031e-07 6.558612627982363e-08 -0.0013446416988503443 0.02059756333771353 2.3062743696228638e-08 4.8036699677244209e-08 0.00012954081018756575 -0.021372443480088515 -1.6945668379804827e-08 7.1104138499382935e-08 -8.1154821251827312e-06 0.021874329179157159 2.5383319793726238e-08 -1.6258003779040997e-08 5.9735664662085965e-07 -0.022463992235013386 3.4358782704020262e-08 4.8676859367988201e-08 -1.3922072498875265e-07 0.023185275946328611 1.4945342558105485e-07 2.9457624475376066e-07 3.1222525793494885e-08 -0.024059169983277586 -1.8350124933141792e-07 -2.0733735521385911e-07 -5.6658084306769916e-09 0.025112516782610814 8.2907651386720404e-08 1.4496347186507887e-07 5.7139919899946836e-08 -0.026380518095505987 -7.0349391539185327e-08 -4.5735004460897434e-08 -8.3905625762789671e-08 0.027910245687839841 8.1740897782430711e-08 -6.4223010836733359e-08 2.2741904904918211e-08 -0.029766263097167466 1.7710270357998327e-10 2.0520364110526124e-07 1.462132867585387e-07 0.032039390534391796 -6.3168386414816e-08 -2.9193213847922746e-08 -1.0066344254988304e-07 -0.034860912127859134 4.1847433159545452e-08 -2.4894090391789386e-08 6.7883967478525096e-08 0.038426372425227673 3.8550052923512096e-08 6.2211243409601054e-08 -2.0613013113463043e-08 -0.043044296330946405 -3.1363690130469758e-08 -7.0969058863408612e-09 3.2680089525099776e-08 0.049231303433432773 4.8909146784674737e-08 -2.2407634290843506e-08 -1.3402794841963175e-07 -0.057924200494722598 6.1276190361050997e-08 4.1544152475237205e-08 -1.3831610591060652e-07 0.071065284675830093 -1.9425898841406205e-08 1.3551229194487722e-08 1.286494557697744e-07 -0.093481140428567339 -1.3531782653841683e-08 -2.3812024143527774e-08 2.5533796283407629e-09 0.14213029933299054 4.3912391827114384e-09 1.0976920888491841e-08 -2.6499775200573455e-08 -0.36422116966025314 -7.2039380472408039e-10 0.49999999265111061 2.3868185309731702e-17 -0.25442900691517695 -1.840679790693611e-09 8.4833840074266531e-09 -8.9729373397861254e-09 
0 -0 0 -0 0 -0 0 -0 0 -0 0 -0 0 -0 0 -0 0 -0 0 -0 0 -0 0 -0 0 -0 0 -0 0 -0 0 -0 0 -0 0 -0 0 -0 0 -0 0 -0 0 -0 0 -0 0 -0 0 -0 0 -0 0 -0 0 -0 0 -0 0 -0 0 -0 0 -0 0 -0 0 -0 0 -0 0 -0 0 -0 0 -0 0 -0 0 -0 0 -0 0 -0 0 -0 0 -0 0 -0 0 -0 0 -0 0 -0 0 -0 0 -0 1.0143890319960667e-05 4.8637919673968893e-05 -4.0927851826664513e-05 -1.3060285662275918e-06 -6.3110687850915526e-07 0.00010972607461312903 5.1181090041691656e-05 2.3457413471461163e-07 -1.1721813678080031e-08 -0.00010716000252363951 0.00010536366622009022 4.1237807321895679e-09 4.1500676767491443e-08 2.9936897098553554e-05 -0.00024652709863101191 4.4345019673368575e-08 -1.5200475906510863e-08 -3.9449225404564823e-06 0.00035261295372491694 -4.2214395303854296e-08 9.2915489163626035e-09 2.8116501727316987e-07 -0.00045729879818815167 3.2215425126285493e-08 1.2428974862459877e-08 -1.4582849634382873e-09 0.00057171871941588974 -2.063857509208489e-08 -8.8277956270829679e-10 2.8631282601806821e-08 -0.00070044800834236727 4.862849325630211e-08 6.4892825657007589e-08 -3.3954275893420719e-08 0.00084806411883951922 -9.5979950824657077e-09 2.8400121625863054e-08 1.6187103266326225e-08 -0.0010201808557362682 -4.3790389127001161e-08 -8.0109990660456772e-08 7.2505497883748155e-09 0.0012245589205319399 5.9646315971264101e-08 1.3804780647441839e-07 5.5514860702036422e-09 -0.0014718774531892584 -8.6429000524912947e-08 -1.6782906207440652e-07 -5.4212951192778251e-08 0.0017770580648149795 1.2756471694780943e-07 1.4943140966387831e-07 1.0299033701459773e-07 -0.0021615941600539924 -9.3216985917696359e-08 9.0484625596485494e-08 4.0329937958741513e-08 0.0026580828217072925 3.2013421781981388e-08 -6.4225219568494972e-08 -1.0698479543434476e-07 -0.0033184901130844874 1.0160466648803259e-07 8.2423062650289451e-08 1.2433912865018347e-07 0.0042263858035559267 -1.4146299679583813e-07 -1.064989395415654e-07 7.6118981527982707e-08 -0.005526016111227292 -1.2692727873901862e-09 1.5549511264843685e-07 6.211129757374159e-09 0.0074839330799412861 -1.7483830008335526e-07 -1.5072640195545493e-08 2.8004105557787989e-07 -0.010654274969320008 -7.6765739512699799e-08 -8.1039180935257033e-08 7.9287966863181538e-09 0.016311051293712117 4.5509246768892205e-08 1.3326378558277593e-08 -1.0088965086267252e-07 -0.028072216818864695 3.0092204385730199e-09 6.7747423536137379e-09 2.8436967489793855e-08 0.060410310343078068 -4.9251755994210513e-09 -1.569478160601943e-09 1.7856430937278548e-09 -0.25442900691517695 1.840679790693611e-09 0.50000000037484449 1.7174412174496895e-17 -0.42463144572372741 -5.0844745341049405e-10 
0 -0 0 -0 0 -0 0 -0 0 -0 0 -0 0 -0 0 -0 0 -0 0 -0 0 -0 0 -0 0 -0 0 -0 0 -0 0 -0 0 -0 0 -0 0 -0 0 -0 0 -0 0 -0 0 -0 0 -0 0 -0 0 -0 0 -0 0 -0 0 -0 0 -0 0 -0 0 -0 0 -0 0 -0 0 -0 0 -0 0 -0 0 -0 0 -0 0 -0 0 -0 0 -0 0 -0 0 -0 0 -0 0 -0 0 -0 0 -0 0 -0 0 -0 -0.007898976189296858 0.0013509728584271241 0.00015690030453608146 -0.020153893076855445 -0.0020467309835885961 -7.7617436905153385e-05 -3.2355906933166429e-05 0.020297726518580493 -0.0064012218259038526 1.1542904223723091e-05 3.4025750420868464e-06 -0.007763095132460698 0.017176799371015891 -9.594737246013528e-07 -7.9300705070599076e-08 0.0013387563876654249 -0.020502318451389463 -4.7223294511855399e-08 -3.1085494202687052e-08 -0.00012898398141582691 0.021267818556593761 4.4492936271589381e-08 -8.8515973594325225e-08 8.0933662890916501e-06 -0.02175918984795986 -5.4323301822224037e-08 2.8949523910199603e-08 -6.0927644612803923e-07 0.022335035994669631 -7.5877774764824198e-09 -6.8346769034043504e-08 1.4461890079217593e-07 -0.023038115442975189 -1.8622069510546493e-07 -3.0106558526535717e-07 -2.948444312272131e-08 0.023888004896227666 2.2156752716801687e-07 2.1270256946526926e-07 3.3581122856209544e-09 -0.024909586115324664 -1.0859799415712485e-07 -1.4179903072454451e-07 -6.6239145560871269e-08 0.026135135490198802 8.2057507689805068e-08 9.9673560805736586e-09 1.0378704032027138e-07 -0.027607260543302377 -6.5764405608648394e-08 1.5864763181350076e-07 -3.2938439999072983e-08 0.029383608974755518 -7.4536303535815745e-08 -3.9714763226957159e-07 -2.0047475880314332e-07 -0.031544142033374696 1.7528110993597185e-07 1.309400866817995e-07 1.1539185982027585e-07 0.034202128857003841 -1.9582648841476905e-07 -7.442304140981796e-08 -3.9660451793049098e-09 -0.037520206292576824 5.2344103695125885e-08 2.6607129472946576e-08 -1.7600871280520001e-07 0.041745238046506233 7.8449089385799336e-08 -1.8067688413317753e-08 2.7931256797537321e-08 -0.047268857419234478 4.2406311481485237e-08 -1.200398823792922e-07 -1.1545439543927797e-07 0.054754620182045619 1.5069669995086901e-07 8.3015881634663363e-08 -1.4231362554623871e-07 -0.065409195310869903 -8.1871818770309505e-09 1.0746200205732914e-08 6.2982428615003801e-08 0.081719982968819535 -1.9450931127486976e-08 4.2266633292278866e-10 2.2457014705196561e-08 -0.10979210029770106 3.4106950794917379e-09 -9.6886161823385442e-09 -1.9625577605790712e-08 0.17020241804357772 1.5317741356586305e-09 8.4833840074266531e-09 8.9729373397861254e-09 -0.42463144572372741 5.0844745341049405e-10 0.49999999245866034 2.3351435034517016e-17 
